"RF","tree_id","dataset"
4,1,"independent"
6,2,"independent"
4,3,"independent"
10,4,"independent"
4,5,"independent"
4,6,"independent"
4,7,"independent"
2,8,"independent"
4,9,"independent"
10,10,"independent"
6,11,"independent"
2,12,"independent"
8,13,"independent"
8,14,"independent"
6,15,"independent"
6,16,"independent"
6,17,"independent"
2,18,"independent"
8,19,"independent"
6,20,"independent"
6,21,"independent"
8,22,"independent"
8,23,"independent"
2,24,"independent"
2,25,"independent"
2,26,"independent"
8,27,"independent"
6,28,"independent"
4,29,"independent"
10,30,"independent"
6,31,"independent"
8,32,"independent"
0,33,"independent"
6,34,"independent"
6,35,"independent"
4,36,"independent"
6,37,"independent"
8,38,"independent"
6,39,"independent"
8,40,"independent"
8,41,"independent"
8,42,"independent"
6,43,"independent"
6,44,"independent"
6,45,"independent"
4,46,"independent"
6,47,"independent"
8,48,"independent"
2,49,"independent"
6,50,"independent"
6,51,"independent"
6,52,"independent"
6,53,"independent"
6,54,"independent"
8,55,"independent"
6,56,"independent"
10,57,"independent"
6,58,"independent"
10,59,"independent"
10,60,"independent"
4,61,"independent"
6,62,"independent"
8,63,"independent"
4,64,"independent"
4,65,"independent"
8,66,"independent"
6,67,"independent"
8,68,"independent"
6,69,"independent"
4,70,"independent"
6,71,"independent"
6,72,"independent"
4,73,"independent"
6,74,"independent"
4,75,"independent"
6,76,"independent"
6,77,"independent"
8,78,"independent"
6,79,"independent"
4,80,"independent"
8,81,"independent"
2,82,"independent"
6,83,"independent"
8,84,"independent"
6,85,"independent"
6,86,"independent"
2,87,"independent"
6,88,"independent"
8,89,"independent"
6,90,"independent"
6,91,"independent"
10,92,"independent"
6,93,"independent"
4,94,"independent"
8,95,"independent"
6,96,"independent"
6,97,"independent"
6,98,"independent"
10,99,"independent"
4,100,"independent"
6,101,"independent"
4,102,"independent"
6,103,"independent"
6,104,"independent"
6,105,"independent"
8,106,"independent"
8,107,"independent"
4,108,"independent"
6,109,"independent"
10,110,"independent"
8,111,"independent"
8,112,"independent"
6,113,"independent"
6,114,"independent"
6,115,"independent"
6,116,"independent"
6,117,"independent"
4,118,"independent"
6,119,"independent"
6,120,"independent"
6,121,"independent"
4,122,"independent"
8,123,"independent"
6,124,"independent"
6,125,"independent"
8,126,"independent"
8,127,"independent"
4,128,"independent"
6,129,"independent"
4,130,"independent"
8,131,"independent"
2,132,"independent"
4,133,"independent"
8,134,"independent"
6,135,"independent"
8,136,"independent"
6,137,"independent"
8,138,"independent"
8,139,"independent"
8,140,"independent"
8,141,"independent"
6,142,"independent"
4,143,"independent"
4,144,"independent"
6,145,"independent"
8,146,"independent"
6,147,"independent"
8,148,"independent"
2,149,"independent"
8,150,"independent"
6,151,"independent"
8,152,"independent"
6,153,"independent"
8,154,"independent"
6,155,"independent"
2,156,"independent"
8,157,"independent"
6,158,"independent"
4,159,"independent"
6,160,"independent"
4,161,"independent"
2,162,"independent"
4,163,"independent"
6,164,"independent"
6,165,"independent"
6,166,"independent"
4,167,"independent"
6,168,"independent"
6,169,"independent"
4,170,"independent"
8,171,"independent"
4,172,"independent"
6,173,"independent"
6,174,"independent"
4,175,"independent"
8,176,"independent"
6,177,"independent"
8,178,"independent"
8,179,"independent"
4,180,"independent"
8,181,"independent"
8,182,"independent"
8,183,"independent"
6,184,"independent"
8,185,"independent"
6,186,"independent"
8,187,"independent"
4,188,"independent"
8,189,"independent"
10,190,"independent"
0,191,"independent"
6,192,"independent"
6,193,"independent"
4,194,"independent"
10,195,"independent"
4,196,"independent"
4,197,"independent"
2,198,"independent"
2,199,"independent"
12,200,"independent"
4,201,"independent"
6,202,"independent"
8,203,"independent"
4,204,"independent"
8,205,"independent"
6,206,"independent"
6,207,"independent"
6,208,"independent"
4,209,"independent"
4,210,"independent"
4,211,"independent"
6,212,"independent"
6,213,"independent"
6,214,"independent"
8,215,"independent"
6,216,"independent"
6,217,"independent"
8,218,"independent"
2,219,"independent"
6,220,"independent"
6,221,"independent"
4,222,"independent"
6,223,"independent"
4,224,"independent"
6,225,"independent"
8,226,"independent"
6,227,"independent"
8,228,"independent"
10,229,"independent"
8,230,"independent"
8,231,"independent"
6,232,"independent"
8,233,"independent"
4,234,"independent"
6,235,"independent"
6,236,"independent"
10,237,"independent"
6,238,"independent"
8,239,"independent"
8,240,"independent"
4,241,"independent"
8,242,"independent"
4,243,"independent"
6,244,"independent"
8,245,"independent"
8,246,"independent"
4,247,"independent"
8,248,"independent"
4,249,"independent"
8,250,"independent"
8,251,"independent"
8,252,"independent"
8,253,"independent"
2,254,"independent"
4,255,"independent"
2,256,"independent"
2,257,"independent"
4,258,"independent"
6,259,"independent"
10,260,"independent"
4,261,"independent"
6,262,"independent"
4,263,"independent"
4,264,"independent"
6,265,"independent"
6,266,"independent"
6,267,"independent"
6,268,"independent"
4,269,"independent"
8,270,"independent"
4,271,"independent"
4,272,"independent"
8,273,"independent"
6,274,"independent"
6,275,"independent"
4,276,"independent"
8,277,"independent"
4,278,"independent"
4,279,"independent"
8,280,"independent"
2,281,"independent"
4,282,"independent"
6,283,"independent"
6,284,"independent"
6,285,"independent"
4,286,"independent"
8,287,"independent"
6,288,"independent"
6,289,"independent"
12,290,"independent"
6,291,"independent"
4,292,"independent"
10,293,"independent"
6,294,"independent"
6,295,"independent"
4,296,"independent"
8,297,"independent"
6,298,"independent"
6,299,"independent"
6,300,"independent"
6,301,"independent"
2,302,"independent"
2,303,"independent"
6,304,"independent"
6,305,"independent"
10,306,"independent"
6,307,"independent"
6,308,"independent"
4,309,"independent"
2,310,"independent"
8,311,"independent"
4,312,"independent"
8,313,"independent"
10,314,"independent"
6,315,"independent"
6,316,"independent"
6,317,"independent"
8,318,"independent"
6,319,"independent"
8,320,"independent"
2,321,"independent"
6,322,"independent"
10,323,"independent"
8,324,"independent"
2,325,"independent"
4,326,"independent"
4,327,"independent"
8,328,"independent"
4,329,"independent"
8,330,"independent"
8,331,"independent"
4,332,"independent"
8,333,"independent"
8,334,"independent"
6,335,"independent"
10,336,"independent"
6,337,"independent"
8,338,"independent"
8,339,"independent"
6,340,"independent"
6,341,"independent"
8,342,"independent"
6,343,"independent"
8,344,"independent"
8,345,"independent"
6,346,"independent"
8,347,"independent"
6,348,"independent"
4,349,"independent"
8,350,"independent"
8,351,"independent"
6,352,"independent"
4,353,"independent"
0,354,"independent"
4,355,"independent"
6,356,"independent"
4,357,"independent"
6,358,"independent"
8,359,"independent"
8,360,"independent"
8,361,"independent"
6,362,"independent"
8,363,"independent"
6,364,"independent"
6,365,"independent"
6,366,"independent"
6,367,"independent"
8,368,"independent"
10,369,"independent"
6,370,"independent"
2,371,"independent"
8,372,"independent"
6,373,"independent"
4,374,"independent"
6,375,"independent"
8,376,"independent"
8,377,"independent"
8,378,"independent"
6,379,"independent"
8,380,"independent"
8,381,"independent"
4,382,"independent"
10,383,"independent"
10,384,"independent"
8,385,"independent"
8,386,"independent"
6,387,"independent"
6,388,"independent"
10,389,"independent"
6,390,"independent"
2,391,"independent"
6,392,"independent"
8,393,"independent"
4,394,"independent"
6,395,"independent"
2,396,"independent"
0,397,"independent"
6,398,"independent"
4,399,"independent"
10,400,"independent"
4,401,"independent"
8,402,"independent"
4,403,"independent"
6,404,"independent"
6,405,"independent"
6,406,"independent"
4,407,"independent"
6,408,"independent"
6,409,"independent"
8,410,"independent"
6,411,"independent"
6,412,"independent"
8,413,"independent"
6,414,"independent"
8,415,"independent"
6,416,"independent"
2,417,"independent"
4,418,"independent"
6,419,"independent"
4,420,"independent"
4,421,"independent"
4,422,"independent"
6,423,"independent"
6,424,"independent"
6,425,"independent"
6,426,"independent"
4,427,"independent"
8,428,"independent"
8,429,"independent"
4,430,"independent"
6,431,"independent"
6,432,"independent"
8,433,"independent"
4,434,"independent"
2,435,"independent"
8,436,"independent"
12,437,"independent"
8,438,"independent"
8,439,"independent"
6,440,"independent"
8,441,"independent"
6,442,"independent"
6,443,"independent"
4,444,"independent"
6,445,"independent"
4,446,"independent"
8,447,"independent"
8,448,"independent"
6,449,"independent"
4,450,"independent"
6,451,"independent"
6,452,"independent"
8,453,"independent"
10,454,"independent"
6,455,"independent"
6,456,"independent"
6,457,"independent"
6,458,"independent"
2,459,"independent"
4,460,"independent"
6,461,"independent"
6,462,"independent"
6,463,"independent"
6,464,"independent"
8,465,"independent"
6,466,"independent"
8,467,"independent"
6,468,"independent"
6,469,"independent"
6,470,"independent"
2,471,"independent"
0,472,"independent"
8,473,"independent"
6,474,"independent"
6,475,"independent"
8,476,"independent"
6,477,"independent"
6,478,"independent"
6,479,"independent"
4,480,"independent"
8,481,"independent"
6,482,"independent"
4,483,"independent"
6,484,"independent"
10,485,"independent"
6,486,"independent"
6,487,"independent"
6,488,"independent"
4,489,"independent"
6,490,"independent"
6,491,"independent"
6,492,"independent"
6,493,"independent"
2,494,"independent"
4,495,"independent"
10,496,"independent"
6,497,"independent"
4,498,"independent"
10,499,"independent"
4,500,"independent"
6,501,"independent"
10,502,"independent"
6,503,"independent"
8,504,"independent"
4,505,"independent"
6,506,"independent"
2,507,"independent"
8,508,"independent"
6,509,"independent"
4,510,"independent"
8,511,"independent"
4,512,"independent"
4,513,"independent"
8,514,"independent"
6,515,"independent"
6,516,"independent"
6,517,"independent"
6,518,"independent"
4,519,"independent"
6,520,"independent"
10,521,"independent"
6,522,"independent"
8,523,"independent"
6,524,"independent"
4,525,"independent"
6,526,"independent"
6,527,"independent"
4,528,"independent"
2,529,"independent"
8,530,"independent"
6,531,"independent"
4,532,"independent"
6,533,"independent"
8,534,"independent"
6,535,"independent"
6,536,"independent"
6,537,"independent"
6,538,"independent"
8,539,"independent"
8,540,"independent"
4,541,"independent"
4,542,"independent"
2,543,"independent"
4,544,"independent"
6,545,"independent"
8,546,"independent"
6,547,"independent"
6,548,"independent"
6,549,"independent"
6,550,"independent"
6,551,"independent"
8,552,"independent"
6,553,"independent"
6,554,"independent"
4,555,"independent"
4,556,"independent"
4,557,"independent"
8,558,"independent"
6,559,"independent"
6,560,"independent"
8,561,"independent"
6,562,"independent"
6,563,"independent"
6,564,"independent"
2,565,"independent"
8,566,"independent"
8,567,"independent"
6,568,"independent"
6,569,"independent"
4,570,"independent"
2,571,"independent"
8,572,"independent"
10,573,"independent"
8,574,"independent"
6,575,"independent"
6,576,"independent"
6,577,"independent"
6,578,"independent"
6,579,"independent"
6,580,"independent"
8,581,"independent"
4,582,"independent"
2,583,"independent"
4,584,"independent"
6,585,"independent"
6,586,"independent"
8,587,"independent"
8,588,"independent"
6,589,"independent"
8,590,"independent"
6,591,"independent"
6,592,"independent"
4,593,"independent"
4,594,"independent"
8,595,"independent"
8,596,"independent"
6,597,"independent"
4,598,"independent"
10,599,"independent"
10,600,"independent"
8,601,"independent"
8,602,"independent"
8,603,"independent"
6,604,"independent"
6,605,"independent"
8,606,"independent"
10,607,"independent"
4,608,"independent"
6,609,"independent"
4,610,"independent"
6,611,"independent"
6,612,"independent"
6,613,"independent"
2,614,"independent"
4,615,"independent"
6,616,"independent"
4,617,"independent"
6,618,"independent"
6,619,"independent"
6,620,"independent"
8,621,"independent"
8,622,"independent"
8,623,"independent"
6,624,"independent"
8,625,"independent"
4,626,"independent"
6,627,"independent"
2,628,"independent"
8,629,"independent"
4,630,"independent"
6,631,"independent"
6,632,"independent"
8,633,"independent"
6,634,"independent"
6,635,"independent"
8,636,"independent"
4,637,"independent"
6,638,"independent"
4,639,"independent"
4,640,"independent"
8,641,"independent"
6,642,"independent"
8,643,"independent"
6,644,"independent"
4,645,"independent"
6,646,"independent"
8,647,"independent"
2,648,"independent"
8,649,"independent"
6,650,"independent"
4,651,"independent"
8,652,"independent"
6,653,"independent"
4,654,"independent"
6,655,"independent"
6,656,"independent"
6,657,"independent"
6,658,"independent"
6,659,"independent"
8,660,"independent"
8,661,"independent"
4,662,"independent"
4,663,"independent"
8,664,"independent"
6,665,"independent"
8,666,"independent"
2,667,"independent"
6,668,"independent"
6,669,"independent"
12,670,"independent"
6,671,"independent"
10,672,"independent"
6,673,"independent"
8,674,"independent"
8,675,"independent"
6,676,"independent"
2,677,"independent"
8,678,"independent"
8,679,"independent"
8,680,"independent"
4,681,"independent"
6,682,"independent"
6,683,"independent"
6,684,"independent"
6,685,"independent"
4,686,"independent"
8,687,"independent"
8,688,"independent"
10,689,"independent"
8,690,"independent"
8,691,"independent"
10,692,"independent"
8,693,"independent"
10,694,"independent"
4,695,"independent"
6,696,"independent"
6,697,"independent"
6,698,"independent"
6,699,"independent"
6,700,"independent"
6,701,"independent"
8,702,"independent"
10,703,"independent"
6,704,"independent"
4,705,"independent"
6,706,"independent"
8,707,"independent"
2,708,"independent"
8,709,"independent"
4,710,"independent"
4,711,"independent"
6,712,"independent"
4,713,"independent"
6,714,"independent"
6,715,"independent"
6,716,"independent"
4,717,"independent"
2,718,"independent"
8,719,"independent"
6,720,"independent"
6,721,"independent"
8,722,"independent"
6,723,"independent"
6,724,"independent"
8,725,"independent"
6,726,"independent"
6,727,"independent"
6,728,"independent"
4,729,"independent"
4,730,"independent"
6,731,"independent"
6,732,"independent"
8,733,"independent"
6,734,"independent"
6,735,"independent"
4,736,"independent"
4,737,"independent"
8,738,"independent"
8,739,"independent"
8,740,"independent"
6,741,"independent"
6,742,"independent"
8,743,"independent"
8,744,"independent"
6,745,"independent"
4,746,"independent"
4,747,"independent"
8,748,"independent"
6,749,"independent"
8,750,"independent"
10,751,"independent"
6,752,"independent"
6,753,"independent"
8,754,"independent"
4,755,"independent"
4,756,"independent"
6,757,"independent"
4,758,"independent"
12,759,"independent"
6,760,"independent"
4,761,"independent"
8,762,"independent"
0,763,"independent"
10,764,"independent"
8,765,"independent"
8,766,"independent"
6,767,"independent"
8,768,"independent"
4,769,"independent"
6,770,"independent"
4,771,"independent"
2,772,"independent"
6,773,"independent"
6,774,"independent"
6,775,"independent"
8,776,"independent"
6,777,"independent"
6,778,"independent"
8,779,"independent"
6,780,"independent"
4,781,"independent"
6,782,"independent"
8,783,"independent"
6,784,"independent"
4,785,"independent"
4,786,"independent"
6,787,"independent"
6,788,"independent"
6,789,"independent"
6,790,"independent"
6,791,"independent"
8,792,"independent"
2,793,"independent"
6,794,"independent"
8,795,"independent"
2,796,"independent"
8,797,"independent"
6,798,"independent"
4,799,"independent"
6,800,"independent"
6,801,"independent"
6,802,"independent"
8,803,"independent"
6,804,"independent"
4,805,"independent"
6,806,"independent"
6,807,"independent"
6,808,"independent"
4,809,"independent"
10,810,"independent"
6,811,"independent"
8,812,"independent"
8,813,"independent"
4,814,"independent"
2,815,"independent"
6,816,"independent"
6,817,"independent"
2,818,"independent"
8,819,"independent"
4,820,"independent"
6,821,"independent"
6,822,"independent"
8,823,"independent"
6,824,"independent"
0,825,"independent"
8,826,"independent"
2,827,"independent"
8,828,"independent"
6,829,"independent"
4,830,"independent"
6,831,"independent"
8,832,"independent"
6,833,"independent"
8,834,"independent"
4,835,"independent"
6,836,"independent"
6,837,"independent"
6,838,"independent"
4,839,"independent"
4,840,"independent"
6,841,"independent"
6,842,"independent"
6,843,"independent"
6,844,"independent"
6,845,"independent"
8,846,"independent"
8,847,"independent"
4,848,"independent"
8,849,"independent"
8,850,"independent"
2,851,"independent"
6,852,"independent"
6,853,"independent"
8,854,"independent"
4,855,"independent"
4,856,"independent"
2,857,"independent"
8,858,"independent"
6,859,"independent"
6,860,"independent"
6,861,"independent"
8,862,"independent"
6,863,"independent"
8,864,"independent"
4,865,"independent"
6,866,"independent"
4,867,"independent"
6,868,"independent"
4,869,"independent"
4,870,"independent"
6,871,"independent"
6,872,"independent"
6,873,"independent"
8,874,"independent"
8,875,"independent"
8,876,"independent"
6,877,"independent"
6,878,"independent"
6,879,"independent"
10,880,"independent"
6,881,"independent"
10,882,"independent"
6,883,"independent"
6,884,"independent"
6,885,"independent"
8,886,"independent"
8,887,"independent"
6,888,"independent"
6,889,"independent"
6,890,"independent"
6,891,"independent"
6,892,"independent"
6,893,"independent"
6,894,"independent"
8,895,"independent"
4,896,"independent"
4,897,"independent"
4,898,"independent"
6,899,"independent"
6,900,"independent"
8,901,"independent"
8,902,"independent"
6,903,"independent"
2,904,"independent"
8,905,"independent"
6,906,"independent"
2,907,"independent"
6,908,"independent"
8,909,"independent"
8,910,"independent"
10,911,"independent"
10,912,"independent"
8,913,"independent"
6,914,"independent"
2,915,"independent"
8,916,"independent"
4,917,"independent"
8,918,"independent"
4,919,"independent"
4,920,"independent"
8,921,"independent"
6,922,"independent"
4,923,"independent"
6,924,"independent"
2,925,"independent"
4,926,"independent"
10,927,"independent"
6,928,"independent"
10,929,"independent"
8,930,"independent"
4,931,"independent"
8,932,"independent"
6,933,"independent"
10,934,"independent"
4,935,"independent"
8,936,"independent"
4,937,"independent"
8,938,"independent"
4,939,"independent"
8,940,"independent"
6,941,"independent"
8,942,"independent"
4,943,"independent"
8,944,"independent"
6,945,"independent"
6,946,"independent"
6,947,"independent"
4,948,"independent"
8,949,"independent"
8,950,"independent"
8,951,"independent"
4,952,"independent"
6,953,"independent"
8,954,"independent"
8,955,"independent"
8,956,"independent"
6,957,"independent"
4,958,"independent"
2,959,"independent"
8,960,"independent"
4,961,"independent"
6,962,"independent"
6,963,"independent"
8,964,"independent"
4,965,"independent"
4,966,"independent"
12,967,"independent"
6,968,"independent"
10,969,"independent"
8,970,"independent"
2,971,"independent"
6,972,"independent"
10,973,"independent"
6,974,"independent"
8,975,"independent"
4,976,"independent"
10,977,"independent"
6,978,"independent"
8,979,"independent"
0,980,"independent"
8,981,"independent"
6,982,"independent"
8,983,"independent"
8,984,"independent"
6,985,"independent"
4,986,"independent"
2,987,"independent"
8,988,"independent"
6,989,"independent"
4,990,"independent"
6,991,"independent"
6,992,"independent"
8,993,"independent"
6,994,"independent"
6,995,"independent"
6,996,"independent"
6,997,"independent"
4,998,"independent"
6,999,"independent"
8,1000,"independent"
6,1001,"independent"
8,1002,"independent"
4,1003,"independent"
8,1004,"independent"
8,1005,"independent"
6,1006,"independent"
2,1007,"independent"
8,1008,"independent"
8,1009,"independent"
4,1010,"independent"
8,1011,"independent"
6,1012,"independent"
6,1013,"independent"
6,1014,"independent"
6,1015,"independent"
8,1016,"independent"
10,1017,"independent"
8,1018,"independent"
6,1019,"independent"
4,1020,"independent"
8,1021,"independent"
6,1022,"independent"
8,1023,"independent"
6,1024,"independent"
4,1025,"independent"
8,1026,"independent"
6,1027,"independent"
4,1028,"independent"
10,1029,"independent"
6,1030,"independent"
6,1031,"independent"
4,1032,"independent"
6,1033,"independent"
4,1034,"independent"
4,1035,"independent"
6,1036,"independent"
8,1037,"independent"
6,1038,"independent"
4,1039,"independent"
6,1040,"independent"
8,1041,"independent"
8,1042,"independent"
8,1043,"independent"
4,1044,"independent"
8,1045,"independent"
4,1046,"independent"
4,1047,"independent"
8,1048,"independent"
2,1049,"independent"
4,1050,"independent"
10,1051,"independent"
8,1052,"independent"
4,1053,"independent"
6,1054,"independent"
6,1055,"independent"
6,1056,"independent"
8,1057,"independent"
6,1058,"independent"
8,1059,"independent"
6,1060,"independent"
8,1061,"independent"
6,1062,"independent"
4,1063,"independent"
6,1064,"independent"
6,1065,"independent"
6,1066,"independent"
8,1067,"independent"
6,1068,"independent"
4,1069,"independent"
6,1070,"independent"
8,1071,"independent"
10,1072,"independent"
4,1073,"independent"
8,1074,"independent"
6,1075,"independent"
6,1076,"independent"
8,1077,"independent"
8,1078,"independent"
4,1079,"independent"
6,1080,"independent"
6,1081,"independent"
8,1082,"independent"
4,1083,"independent"
6,1084,"independent"
6,1085,"independent"
6,1086,"independent"
4,1087,"independent"
2,1088,"independent"
6,1089,"independent"
6,1090,"independent"
6,1091,"independent"
8,1092,"independent"
6,1093,"independent"
8,1094,"independent"
4,1095,"independent"
8,1096,"independent"
6,1097,"independent"
8,1098,"independent"
8,1099,"independent"
6,1100,"independent"
8,1101,"independent"
10,1102,"independent"
6,1103,"independent"
4,1104,"independent"
4,1105,"independent"
8,1106,"independent"
6,1107,"independent"
2,1108,"independent"
2,1109,"independent"
6,1110,"independent"
8,1111,"independent"
8,1112,"independent"
8,1113,"independent"
8,1114,"independent"
4,1115,"independent"
6,1116,"independent"
4,1117,"independent"
8,1118,"independent"
8,1119,"independent"
6,1120,"independent"
8,1121,"independent"
10,1122,"independent"
6,1123,"independent"
10,1124,"independent"
8,1125,"independent"
8,1126,"independent"
6,1127,"independent"
4,1128,"independent"
4,1129,"independent"
4,1130,"independent"
8,1131,"independent"
8,1132,"independent"
6,1133,"independent"
8,1134,"independent"
8,1135,"independent"
6,1136,"independent"
6,1137,"independent"
6,1138,"independent"
8,1139,"independent"
8,1140,"independent"
8,1141,"independent"
6,1142,"independent"
6,1143,"independent"
6,1144,"independent"
8,1145,"independent"
4,1146,"independent"
8,1147,"independent"
8,1148,"independent"
2,1149,"independent"
6,1150,"independent"
8,1151,"independent"
8,1152,"independent"
6,1153,"independent"
4,1154,"independent"
6,1155,"independent"
4,1156,"independent"
6,1157,"independent"
6,1158,"independent"
8,1159,"independent"
4,1160,"independent"
6,1161,"independent"
10,1162,"independent"
6,1163,"independent"
6,1164,"independent"
4,1165,"independent"
6,1166,"independent"
6,1167,"independent"
6,1168,"independent"
8,1169,"independent"
6,1170,"independent"
6,1171,"independent"
4,1172,"independent"
10,1173,"independent"
6,1174,"independent"
6,1175,"independent"
4,1176,"independent"
4,1177,"independent"
4,1178,"independent"
6,1179,"independent"
6,1180,"independent"
6,1181,"independent"
6,1182,"independent"
6,1183,"independent"
8,1184,"independent"
6,1185,"independent"
6,1186,"independent"
6,1187,"independent"
4,1188,"independent"
6,1189,"independent"
6,1190,"independent"
8,1191,"independent"
4,1192,"independent"
6,1193,"independent"
6,1194,"independent"
8,1195,"independent"
6,1196,"independent"
6,1197,"independent"
6,1198,"independent"
6,1199,"independent"
6,1200,"independent"
6,1201,"independent"
6,1202,"independent"
6,1203,"independent"
6,1204,"independent"
8,1205,"independent"
6,1206,"independent"
8,1207,"independent"
8,1208,"independent"
6,1209,"independent"
8,1210,"independent"
2,1211,"independent"
4,1212,"independent"
6,1213,"independent"
8,1214,"independent"
8,1215,"independent"
8,1216,"independent"
6,1217,"independent"
8,1218,"independent"
4,1219,"independent"
6,1220,"independent"
6,1221,"independent"
6,1222,"independent"
8,1223,"independent"
8,1224,"independent"
8,1225,"independent"
4,1226,"independent"
6,1227,"independent"
6,1228,"independent"
4,1229,"independent"
10,1230,"independent"
6,1231,"independent"
4,1232,"independent"
8,1233,"independent"
8,1234,"independent"
6,1235,"independent"
6,1236,"independent"
8,1237,"independent"
4,1238,"independent"
6,1239,"independent"
6,1240,"independent"
10,1241,"independent"
8,1242,"independent"
8,1243,"independent"
6,1244,"independent"
6,1245,"independent"
8,1246,"independent"
8,1247,"independent"
10,1248,"independent"
6,1249,"independent"
4,1250,"independent"
6,1251,"independent"
4,1252,"independent"
6,1253,"independent"
6,1254,"independent"
6,1255,"independent"
8,1256,"independent"
6,1257,"independent"
8,1258,"independent"
4,1259,"independent"
8,1260,"independent"
2,1261,"independent"
4,1262,"independent"
10,1263,"independent"
8,1264,"independent"
4,1265,"independent"
10,1266,"independent"
4,1267,"independent"
6,1268,"independent"
8,1269,"independent"
8,1270,"independent"
6,1271,"independent"
8,1272,"independent"
12,1273,"independent"
4,1274,"independent"
6,1275,"independent"
8,1276,"independent"
8,1277,"independent"
6,1278,"independent"
8,1279,"independent"
8,1280,"independent"
10,1281,"independent"
6,1282,"independent"
4,1283,"independent"
4,1284,"independent"
4,1285,"independent"
6,1286,"independent"
6,1287,"independent"
2,1288,"independent"
6,1289,"independent"
6,1290,"independent"
6,1291,"independent"
4,1292,"independent"
8,1293,"independent"
4,1294,"independent"
6,1295,"independent"
6,1296,"independent"
6,1297,"independent"
8,1298,"independent"
6,1299,"independent"
6,1300,"independent"
8,1301,"independent"
4,1302,"independent"
8,1303,"independent"
6,1304,"independent"
8,1305,"independent"
6,1306,"independent"
6,1307,"independent"
6,1308,"independent"
6,1309,"independent"
6,1310,"independent"
4,1311,"independent"
8,1312,"independent"
6,1313,"independent"
6,1314,"independent"
6,1315,"independent"
8,1316,"independent"
8,1317,"independent"
4,1318,"independent"
6,1319,"independent"
6,1320,"independent"
6,1321,"independent"
4,1322,"independent"
6,1323,"independent"
4,1324,"independent"
6,1325,"independent"
6,1326,"independent"
0,1327,"independent"
4,1328,"independent"
8,1329,"independent"
6,1330,"independent"
6,1331,"independent"
6,1332,"independent"
6,1333,"independent"
4,1334,"independent"
4,1335,"independent"
10,1336,"independent"
6,1337,"independent"
10,1338,"independent"
4,1339,"independent"
8,1340,"independent"
4,1341,"independent"
8,1342,"independent"
6,1343,"independent"
6,1344,"independent"
6,1345,"independent"
6,1346,"independent"
8,1347,"independent"
6,1348,"independent"
8,1349,"independent"
6,1350,"independent"
6,1351,"independent"
8,1352,"independent"
6,1353,"independent"
8,1354,"independent"
6,1355,"independent"
4,1356,"independent"
4,1357,"independent"
6,1358,"independent"
8,1359,"independent"
2,1360,"independent"
8,1361,"independent"
8,1362,"independent"
4,1363,"independent"
6,1364,"independent"
2,1365,"independent"
4,1366,"independent"
8,1367,"independent"
6,1368,"independent"
8,1369,"independent"
6,1370,"independent"
8,1371,"independent"
8,1372,"independent"
8,1373,"independent"
6,1374,"independent"
2,1375,"independent"
6,1376,"independent"
8,1377,"independent"
8,1378,"independent"
4,1379,"independent"
10,1380,"independent"
4,1381,"independent"
0,1382,"independent"
4,1383,"independent"
4,1384,"independent"
6,1385,"independent"
8,1386,"independent"
6,1387,"independent"
8,1388,"independent"
12,1389,"independent"
6,1390,"independent"
6,1391,"independent"
8,1392,"independent"
4,1393,"independent"
2,1394,"independent"
6,1395,"independent"
8,1396,"independent"
8,1397,"independent"
4,1398,"independent"
10,1399,"independent"
8,1400,"independent"
6,1401,"independent"
4,1402,"independent"
8,1403,"independent"
4,1404,"independent"
6,1405,"independent"
12,1406,"independent"
8,1407,"independent"
6,1408,"independent"
4,1409,"independent"
6,1410,"independent"
8,1411,"independent"
6,1412,"independent"
8,1413,"independent"
4,1414,"independent"
6,1415,"independent"
4,1416,"independent"
4,1417,"independent"
6,1418,"independent"
6,1419,"independent"
10,1420,"independent"
4,1421,"independent"
6,1422,"independent"
6,1423,"independent"
8,1424,"independent"
6,1425,"independent"
6,1426,"independent"
4,1427,"independent"
8,1428,"independent"
6,1429,"independent"
6,1430,"independent"
8,1431,"independent"
6,1432,"independent"
8,1433,"independent"
8,1434,"independent"
8,1435,"independent"
0,1436,"independent"
6,1437,"independent"
6,1438,"independent"
4,1439,"independent"
6,1440,"independent"
2,1441,"independent"
6,1442,"independent"
4,1443,"independent"
6,1444,"independent"
8,1445,"independent"
2,1446,"independent"
6,1447,"independent"
12,1448,"independent"
0,1449,"independent"
6,1450,"independent"
6,1451,"independent"
6,1452,"independent"
6,1453,"independent"
10,1454,"independent"
6,1455,"independent"
6,1456,"independent"
6,1457,"independent"
10,1458,"independent"
8,1459,"independent"
6,1460,"independent"
6,1461,"independent"
6,1462,"independent"
4,1463,"independent"
6,1464,"independent"
4,1465,"independent"
10,1466,"independent"
6,1467,"independent"
6,1468,"independent"
8,1469,"independent"
10,1470,"independent"
8,1471,"independent"
10,1472,"independent"
6,1473,"independent"
4,1474,"independent"
8,1475,"independent"
4,1476,"independent"
6,1477,"independent"
8,1478,"independent"
4,1479,"independent"
2,1480,"independent"
4,1481,"independent"
6,1482,"independent"
6,1483,"independent"
6,1484,"independent"
8,1485,"independent"
4,1486,"independent"
6,1487,"independent"
8,1488,"independent"
2,1489,"independent"
6,1490,"independent"
8,1491,"independent"
6,1492,"independent"
2,1493,"independent"
6,1494,"independent"
6,1495,"independent"
8,1496,"independent"
4,1497,"independent"
4,1498,"independent"
8,1499,"independent"
6,1500,"independent"
8,1501,"independent"
8,1502,"independent"
8,1503,"independent"
8,1504,"independent"
6,1505,"independent"
4,1506,"independent"
6,1507,"independent"
6,1508,"independent"
8,1509,"independent"
8,1510,"independent"
6,1511,"independent"
6,1512,"independent"
4,1513,"independent"
6,1514,"independent"
8,1515,"independent"
6,1516,"independent"
4,1517,"independent"
6,1518,"independent"
6,1519,"independent"
4,1520,"independent"
8,1521,"independent"
8,1522,"independent"
6,1523,"independent"
6,1524,"independent"
6,1525,"independent"
6,1526,"independent"
8,1527,"independent"
8,1528,"independent"
8,1529,"independent"
6,1530,"independent"
8,1531,"independent"
4,1532,"independent"
4,1533,"independent"
6,1534,"independent"
8,1535,"independent"
8,1536,"independent"
8,1537,"independent"
6,1538,"independent"
6,1539,"independent"
10,1540,"independent"
8,1541,"independent"
2,1542,"independent"
6,1543,"independent"
8,1544,"independent"
6,1545,"independent"
6,1546,"independent"
4,1547,"independent"
4,1548,"independent"
2,1549,"independent"
8,1550,"independent"
8,1551,"independent"
6,1552,"independent"
6,1553,"independent"
4,1554,"independent"
8,1555,"independent"
10,1556,"independent"
6,1557,"independent"
0,1558,"independent"
6,1559,"independent"
8,1560,"independent"
4,1561,"independent"
8,1562,"independent"
4,1563,"independent"
4,1564,"independent"
10,1565,"independent"
6,1566,"independent"
6,1567,"independent"
6,1568,"independent"
4,1569,"independent"
4,1570,"independent"
4,1571,"independent"
6,1572,"independent"
4,1573,"independent"
8,1574,"independent"
6,1575,"independent"
4,1576,"independent"
8,1577,"independent"
8,1578,"independent"
4,1579,"independent"
6,1580,"independent"
4,1581,"independent"
4,1582,"independent"
8,1583,"independent"
8,1584,"independent"
8,1585,"independent"
4,1586,"independent"
2,1587,"independent"
4,1588,"independent"
8,1589,"independent"
6,1590,"independent"
8,1591,"independent"
6,1592,"independent"
4,1593,"independent"
2,1594,"independent"
6,1595,"independent"
6,1596,"independent"
8,1597,"independent"
6,1598,"independent"
6,1599,"independent"
8,1600,"independent"
4,1601,"independent"
6,1602,"independent"
8,1603,"independent"
6,1604,"independent"
8,1605,"independent"
6,1606,"independent"
10,1607,"independent"
6,1608,"independent"
4,1609,"independent"
6,1610,"independent"
6,1611,"independent"
8,1612,"independent"
6,1613,"independent"
6,1614,"independent"
4,1615,"independent"
4,1616,"independent"
4,1617,"independent"
6,1618,"independent"
4,1619,"independent"
4,1620,"independent"
4,1621,"independent"
10,1622,"independent"
4,1623,"independent"
6,1624,"independent"
10,1625,"independent"
6,1626,"independent"
6,1627,"independent"
8,1628,"independent"
10,1629,"independent"
6,1630,"independent"
2,1631,"independent"
6,1632,"independent"
6,1633,"independent"
10,1634,"independent"
8,1635,"independent"
6,1636,"independent"
4,1637,"independent"
4,1638,"independent"
8,1639,"independent"
6,1640,"independent"
8,1641,"independent"
6,1642,"independent"
2,1643,"independent"
6,1644,"independent"
6,1645,"independent"
4,1646,"independent"
6,1647,"independent"
8,1648,"independent"
10,1649,"independent"
8,1650,"independent"
6,1651,"independent"
8,1652,"independent"
8,1653,"independent"
6,1654,"independent"
6,1655,"independent"
10,1656,"independent"
8,1657,"independent"
6,1658,"independent"
4,1659,"independent"
8,1660,"independent"
4,1661,"independent"
10,1662,"independent"
8,1663,"independent"
8,1664,"independent"
8,1665,"independent"
6,1666,"independent"
6,1667,"independent"
10,1668,"independent"
6,1669,"independent"
4,1670,"independent"
6,1671,"independent"
4,1672,"independent"
6,1673,"independent"
2,1674,"independent"
10,1675,"independent"
4,1676,"independent"
8,1677,"independent"
0,1678,"independent"
6,1679,"independent"
8,1680,"independent"
8,1681,"independent"
6,1682,"independent"
6,1683,"independent"
6,1684,"independent"
10,1685,"independent"
8,1686,"independent"
6,1687,"independent"
4,1688,"independent"
4,1689,"independent"
4,1690,"independent"
6,1691,"independent"
4,1692,"independent"
4,1693,"independent"
6,1694,"independent"
0,1695,"independent"
8,1696,"independent"
6,1697,"independent"
8,1698,"independent"
8,1699,"independent"
6,1700,"independent"
6,1701,"independent"
6,1702,"independent"
8,1703,"independent"
4,1704,"independent"
6,1705,"independent"
8,1706,"independent"
8,1707,"independent"
6,1708,"independent"
8,1709,"independent"
8,1710,"independent"
4,1711,"independent"
4,1712,"independent"
4,1713,"independent"
8,1714,"independent"
4,1715,"independent"
6,1716,"independent"
6,1717,"independent"
8,1718,"independent"
8,1719,"independent"
4,1720,"independent"
6,1721,"independent"
4,1722,"independent"
6,1723,"independent"
4,1724,"independent"
6,1725,"independent"
4,1726,"independent"
2,1727,"independent"
4,1728,"independent"
8,1729,"independent"
8,1730,"independent"
6,1731,"independent"
6,1732,"independent"
8,1733,"independent"
8,1734,"independent"
6,1735,"independent"
6,1736,"independent"
2,1737,"independent"
8,1738,"independent"
6,1739,"independent"
8,1740,"independent"
8,1741,"independent"
8,1742,"independent"
4,1743,"independent"
8,1744,"independent"
8,1745,"independent"
4,1746,"independent"
4,1747,"independent"
8,1748,"independent"
8,1749,"independent"
4,1750,"independent"
8,1751,"independent"
10,1752,"independent"
6,1753,"independent"
6,1754,"independent"
4,1755,"independent"
4,1756,"independent"
8,1757,"independent"
8,1758,"independent"
4,1759,"independent"
6,1760,"independent"
4,1761,"independent"
6,1762,"independent"
6,1763,"independent"
4,1764,"independent"
6,1765,"independent"
10,1766,"independent"
6,1767,"independent"
8,1768,"independent"
8,1769,"independent"
8,1770,"independent"
8,1771,"independent"
6,1772,"independent"
2,1773,"independent"
8,1774,"independent"
6,1775,"independent"
6,1776,"independent"
6,1777,"independent"
4,1778,"independent"
6,1779,"independent"
10,1780,"independent"
8,1781,"independent"
8,1782,"independent"
8,1783,"independent"
4,1784,"independent"
8,1785,"independent"
6,1786,"independent"
6,1787,"independent"
8,1788,"independent"
2,1789,"independent"
8,1790,"independent"
8,1791,"independent"
6,1792,"independent"
8,1793,"independent"
6,1794,"independent"
8,1795,"independent"
6,1796,"independent"
6,1797,"independent"
2,1798,"independent"
10,1799,"independent"
4,1800,"independent"
4,1801,"independent"
8,1802,"independent"
4,1803,"independent"
8,1804,"independent"
4,1805,"independent"
6,1806,"independent"
6,1807,"independent"
8,1808,"independent"
6,1809,"independent"
10,1810,"independent"
6,1811,"independent"
4,1812,"independent"
6,1813,"independent"
8,1814,"independent"
4,1815,"independent"
4,1816,"independent"
8,1817,"independent"
4,1818,"independent"
8,1819,"independent"
8,1820,"independent"
4,1821,"independent"
6,1822,"independent"
6,1823,"independent"
0,1824,"independent"
0,1825,"independent"
6,1826,"independent"
8,1827,"independent"
6,1828,"independent"
2,1829,"independent"
10,1830,"independent"
6,1831,"independent"
8,1832,"independent"
6,1833,"independent"
6,1834,"independent"
4,1835,"independent"
8,1836,"independent"
6,1837,"independent"
8,1838,"independent"
12,1839,"independent"
6,1840,"independent"
4,1841,"independent"
6,1842,"independent"
6,1843,"independent"
6,1844,"independent"
6,1845,"independent"
4,1846,"independent"
6,1847,"independent"
4,1848,"independent"
6,1849,"independent"
6,1850,"independent"
6,1851,"independent"
6,1852,"independent"
4,1853,"independent"
10,1854,"independent"
6,1855,"independent"
8,1856,"independent"
8,1857,"independent"
6,1858,"independent"
8,1859,"independent"
4,1860,"independent"
6,1861,"independent"
6,1862,"independent"
4,1863,"independent"
4,1864,"independent"
6,1865,"independent"
8,1866,"independent"
4,1867,"independent"
4,1868,"independent"
10,1869,"independent"
8,1870,"independent"
4,1871,"independent"
6,1872,"independent"
4,1873,"independent"
4,1874,"independent"
6,1875,"independent"
6,1876,"independent"
12,1877,"independent"
4,1878,"independent"
8,1879,"independent"
8,1880,"independent"
4,1881,"independent"
10,1882,"independent"
8,1883,"independent"
6,1884,"independent"
8,1885,"independent"
6,1886,"independent"
4,1887,"independent"
6,1888,"independent"
6,1889,"independent"
8,1890,"independent"
8,1891,"independent"
0,1892,"independent"
8,1893,"independent"
6,1894,"independent"
8,1895,"independent"
6,1896,"independent"
6,1897,"independent"
8,1898,"independent"
0,1899,"independent"
2,1900,"independent"
6,1901,"independent"
8,1902,"independent"
6,1903,"independent"
8,1904,"independent"
10,1905,"independent"
6,1906,"independent"
6,1907,"independent"
6,1908,"independent"
6,1909,"independent"
8,1910,"independent"
6,1911,"independent"
2,1912,"independent"
6,1913,"independent"
8,1914,"independent"
6,1915,"independent"
8,1916,"independent"
10,1917,"independent"
6,1918,"independent"
8,1919,"independent"
6,1920,"independent"
6,1921,"independent"
6,1922,"independent"
8,1923,"independent"
4,1924,"independent"
10,1925,"independent"
6,1926,"independent"
2,1927,"independent"
6,1928,"independent"
6,1929,"independent"
6,1930,"independent"
6,1931,"independent"
6,1932,"independent"
4,1933,"independent"
6,1934,"independent"
6,1935,"independent"
8,1936,"independent"
8,1937,"independent"
6,1938,"independent"
8,1939,"independent"
6,1940,"independent"
4,1941,"independent"
8,1942,"independent"
8,1943,"independent"
8,1944,"independent"
6,1945,"independent"
8,1946,"independent"
4,1947,"independent"
8,1948,"independent"
10,1949,"independent"
6,1950,"independent"
4,1951,"independent"
6,1952,"independent"
6,1953,"independent"
6,1954,"independent"
6,1955,"independent"
6,1956,"independent"
4,1957,"independent"
8,1958,"independent"
6,1959,"independent"
6,1960,"independent"
2,1961,"independent"
4,1962,"independent"
6,1963,"independent"
6,1964,"independent"
8,1965,"independent"
10,1966,"independent"
8,1967,"independent"
6,1968,"independent"
6,1969,"independent"
4,1970,"independent"
6,1971,"independent"
10,1972,"independent"
8,1973,"independent"
6,1974,"independent"
2,1975,"independent"
8,1976,"independent"
8,1977,"independent"
4,1978,"independent"
6,1979,"independent"
6,1980,"independent"
6,1981,"independent"
10,1982,"independent"
6,1983,"independent"
8,1984,"independent"
2,1985,"independent"
4,1986,"independent"
2,1987,"independent"
8,1988,"independent"
8,1989,"independent"
6,1990,"independent"
6,1991,"independent"
6,1992,"independent"
4,1993,"independent"
8,1994,"independent"
6,1995,"independent"
6,1996,"independent"
10,1997,"independent"
6,1998,"independent"
10,1999,"independent"
4,2000,"independent"
8,2001,"independent"
8,2002,"independent"
2,2003,"independent"
0,2004,"independent"
8,2005,"independent"
6,2006,"independent"
6,2007,"independent"
2,2008,"independent"
6,2009,"independent"
8,2010,"independent"
8,2011,"independent"
6,2012,"independent"
6,2013,"independent"
8,2014,"independent"
8,2015,"independent"
6,2016,"independent"
8,2017,"independent"
6,2018,"independent"
4,2019,"independent"
8,2020,"independent"
4,2021,"independent"
8,2022,"independent"
6,2023,"independent"
8,2024,"independent"
8,2025,"independent"
6,2026,"independent"
8,2027,"independent"
6,2028,"independent"
6,2029,"independent"
6,2030,"independent"
6,2031,"independent"
6,2032,"independent"
6,2033,"independent"
6,2034,"independent"
6,2035,"independent"
8,2036,"independent"
8,2037,"independent"
6,2038,"independent"
6,2039,"independent"
8,2040,"independent"
2,2041,"independent"
4,2042,"independent"
8,2043,"independent"
6,2044,"independent"
6,2045,"independent"
8,2046,"independent"
4,2047,"independent"
6,2048,"independent"
4,2049,"independent"
4,2050,"independent"
8,2051,"independent"
8,2052,"independent"
10,2053,"independent"
6,2054,"independent"
4,2055,"independent"
8,2056,"independent"
8,2057,"independent"
6,2058,"independent"
6,2059,"independent"
10,2060,"independent"
6,2061,"independent"
2,2062,"independent"
4,2063,"independent"
6,2064,"independent"
4,2065,"independent"
8,2066,"independent"
6,2067,"independent"
8,2068,"independent"
6,2069,"independent"
4,2070,"independent"
8,2071,"independent"
4,2072,"independent"
8,2073,"independent"
10,2074,"independent"
6,2075,"independent"
6,2076,"independent"
6,2077,"independent"
8,2078,"independent"
6,2079,"independent"
6,2080,"independent"
8,2081,"independent"
10,2082,"independent"
6,2083,"independent"
8,2084,"independent"
6,2085,"independent"
4,2086,"independent"
6,2087,"independent"
6,2088,"independent"
6,2089,"independent"
4,2090,"independent"
8,2091,"independent"
6,2092,"independent"
8,2093,"independent"
8,2094,"independent"
4,2095,"independent"
6,2096,"independent"
10,2097,"independent"
6,2098,"independent"
6,2099,"independent"
8,2100,"independent"
6,2101,"independent"
4,2102,"independent"
8,2103,"independent"
8,2104,"independent"
6,2105,"independent"
0,2106,"independent"
4,2107,"independent"
6,2108,"independent"
6,2109,"independent"
4,2110,"independent"
6,2111,"independent"
4,2112,"independent"
6,2113,"independent"
2,2114,"independent"
6,2115,"independent"
8,2116,"independent"
6,2117,"independent"
6,2118,"independent"
4,2119,"independent"
4,2120,"independent"
8,2121,"independent"
4,2122,"independent"
8,2123,"independent"
8,2124,"independent"
4,2125,"independent"
6,2126,"independent"
6,2127,"independent"
8,2128,"independent"
6,2129,"independent"
6,2130,"independent"
6,2131,"independent"
6,2132,"independent"
6,2133,"independent"
10,2134,"independent"
8,2135,"independent"
6,2136,"independent"
8,2137,"independent"
8,2138,"independent"
4,2139,"independent"
4,2140,"independent"
8,2141,"independent"
4,2142,"independent"
4,2143,"independent"
6,2144,"independent"
6,2145,"independent"
8,2146,"independent"
4,2147,"independent"
8,2148,"independent"
4,2149,"independent"
6,2150,"independent"
6,2151,"independent"
4,2152,"independent"
6,2153,"independent"
8,2154,"independent"
8,2155,"independent"
6,2156,"independent"
6,2157,"independent"
6,2158,"independent"
8,2159,"independent"
8,2160,"independent"
6,2161,"independent"
6,2162,"independent"
2,2163,"independent"
6,2164,"independent"
8,2165,"independent"
6,2166,"independent"
4,2167,"independent"
8,2168,"independent"
4,2169,"independent"
4,2170,"independent"
6,2171,"independent"
10,2172,"independent"
8,2173,"independent"
2,2174,"independent"
4,2175,"independent"
6,2176,"independent"
4,2177,"independent"
6,2178,"independent"
8,2179,"independent"
6,2180,"independent"
8,2181,"independent"
8,2182,"independent"
6,2183,"independent"
6,2184,"independent"
6,2185,"independent"
6,2186,"independent"
8,2187,"independent"
8,2188,"independent"
6,2189,"independent"
8,2190,"independent"
10,2191,"independent"
8,2192,"independent"
6,2193,"independent"
4,2194,"independent"
6,2195,"independent"
6,2196,"independent"
8,2197,"independent"
6,2198,"independent"
8,2199,"independent"
6,2200,"independent"
2,2201,"independent"
10,2202,"independent"
8,2203,"independent"
8,2204,"independent"
6,2205,"independent"
8,2206,"independent"
6,2207,"independent"
4,2208,"independent"
8,2209,"independent"
6,2210,"independent"
8,2211,"independent"
8,2212,"independent"
4,2213,"independent"
6,2214,"independent"
6,2215,"independent"
6,2216,"independent"
10,2217,"independent"
8,2218,"independent"
6,2219,"independent"
6,2220,"independent"
4,2221,"independent"
2,2222,"independent"
2,2223,"independent"
8,2224,"independent"
10,2225,"independent"
4,2226,"independent"
4,2227,"independent"
4,2228,"independent"
4,2229,"independent"
8,2230,"independent"
8,2231,"independent"
8,2232,"independent"
8,2233,"independent"
10,2234,"independent"
4,2235,"independent"
8,2236,"independent"
6,2237,"independent"
4,2238,"independent"
6,2239,"independent"
6,2240,"independent"
6,2241,"independent"
4,2242,"independent"
8,2243,"independent"
6,2244,"independent"
8,2245,"independent"
8,2246,"independent"
8,2247,"independent"
4,2248,"independent"
8,2249,"independent"
2,2250,"independent"
6,2251,"independent"
8,2252,"independent"
4,2253,"independent"
8,2254,"independent"
8,2255,"independent"
6,2256,"independent"
2,2257,"independent"
8,2258,"independent"
8,2259,"independent"
4,2260,"independent"
4,2261,"independent"
6,2262,"independent"
4,2263,"independent"
8,2264,"independent"
4,2265,"independent"
8,2266,"independent"
8,2267,"independent"
6,2268,"independent"
8,2269,"independent"
8,2270,"independent"
6,2271,"independent"
6,2272,"independent"
10,2273,"independent"
4,2274,"independent"
10,2275,"independent"
6,2276,"independent"
2,2277,"independent"
6,2278,"independent"
4,2279,"independent"
8,2280,"independent"
10,2281,"independent"
6,2282,"independent"
8,2283,"independent"
8,2284,"independent"
10,2285,"independent"
4,2286,"independent"
6,2287,"independent"
8,2288,"independent"
6,2289,"independent"
4,2290,"independent"
6,2291,"independent"
4,2292,"independent"
6,2293,"independent"
6,2294,"independent"
4,2295,"independent"
8,2296,"independent"
6,2297,"independent"
2,2298,"independent"
8,2299,"independent"
2,2300,"independent"
6,2301,"independent"
2,2302,"independent"
6,2303,"independent"
8,2304,"independent"
4,2305,"independent"
4,2306,"independent"
4,2307,"independent"
6,2308,"independent"
4,2309,"independent"
6,2310,"independent"
4,2311,"independent"
10,2312,"independent"
2,2313,"independent"
6,2314,"independent"
6,2315,"independent"
6,2316,"independent"
4,2317,"independent"
4,2318,"independent"
6,2319,"independent"
4,2320,"independent"
6,2321,"independent"
6,2322,"independent"
8,2323,"independent"
4,2324,"independent"
8,2325,"independent"
6,2326,"independent"
8,2327,"independent"
6,2328,"independent"
2,2329,"independent"
4,2330,"independent"
8,2331,"independent"
2,2332,"independent"
4,2333,"independent"
6,2334,"independent"
6,2335,"independent"
8,2336,"independent"
0,2337,"independent"
6,2338,"independent"
8,2339,"independent"
8,2340,"independent"
6,2341,"independent"
4,2342,"independent"
4,2343,"independent"
6,2344,"independent"
8,2345,"independent"
2,2346,"independent"
6,2347,"independent"
6,2348,"independent"
6,2349,"independent"
2,2350,"independent"
6,2351,"independent"
6,2352,"independent"
8,2353,"independent"
10,2354,"independent"
4,2355,"independent"
6,2356,"independent"
6,2357,"independent"
6,2358,"independent"
6,2359,"independent"
6,2360,"independent"
4,2361,"independent"
2,2362,"independent"
4,2363,"independent"
6,2364,"independent"
2,2365,"independent"
8,2366,"independent"
8,2367,"independent"
6,2368,"independent"
4,2369,"independent"
8,2370,"independent"
6,2371,"independent"
8,2372,"independent"
8,2373,"independent"
2,2374,"independent"
8,2375,"independent"
6,2376,"independent"
8,2377,"independent"
8,2378,"independent"
8,2379,"independent"
4,2380,"independent"
4,2381,"independent"
4,2382,"independent"
10,2383,"independent"
6,2384,"independent"
6,2385,"independent"
6,2386,"independent"
8,2387,"independent"
4,2388,"independent"
4,2389,"independent"
2,2390,"independent"
10,2391,"independent"
6,2392,"independent"
4,2393,"independent"
6,2394,"independent"
6,2395,"independent"
4,2396,"independent"
8,2397,"independent"
6,2398,"independent"
8,2399,"independent"
4,2400,"independent"
4,2401,"independent"
8,2402,"independent"
6,2403,"independent"
6,2404,"independent"
8,2405,"independent"
8,2406,"independent"
2,2407,"independent"
6,2408,"independent"
8,2409,"independent"
4,2410,"independent"
6,2411,"independent"
8,2412,"independent"
4,2413,"independent"
4,2414,"independent"
6,2415,"independent"
8,2416,"independent"
8,2417,"independent"
6,2418,"independent"
6,2419,"independent"
6,2420,"independent"
8,2421,"independent"
4,2422,"independent"
4,2423,"independent"
4,2424,"independent"
8,2425,"independent"
6,2426,"independent"
6,2427,"independent"
6,2428,"independent"
4,2429,"independent"
8,2430,"independent"
4,2431,"independent"
6,2432,"independent"
8,2433,"independent"
4,2434,"independent"
8,2435,"independent"
8,2436,"independent"
6,2437,"independent"
2,2438,"independent"
6,2439,"independent"
4,2440,"independent"
8,2441,"independent"
8,2442,"independent"
2,2443,"independent"
4,2444,"independent"
6,2445,"independent"
2,2446,"independent"
6,2447,"independent"
8,2448,"independent"
4,2449,"independent"
8,2450,"independent"
4,2451,"independent"
6,2452,"independent"
8,2453,"independent"
8,2454,"independent"
6,2455,"independent"
6,2456,"independent"
8,2457,"independent"
6,2458,"independent"
8,2459,"independent"
4,2460,"independent"
4,2461,"independent"
6,2462,"independent"
10,2463,"independent"
6,2464,"independent"
6,2465,"independent"
4,2466,"independent"
8,2467,"independent"
6,2468,"independent"
8,2469,"independent"
8,2470,"independent"
6,2471,"independent"
6,2472,"independent"
6,2473,"independent"
4,2474,"independent"
8,2475,"independent"
6,2476,"independent"
6,2477,"independent"
6,2478,"independent"
8,2479,"independent"
6,2480,"independent"
6,2481,"independent"
6,2482,"independent"
6,2483,"independent"
2,2484,"independent"
4,2485,"independent"
4,2486,"independent"
4,2487,"independent"
8,2488,"independent"
4,2489,"independent"
6,2490,"independent"
4,2491,"independent"
8,2492,"independent"
8,2493,"independent"
4,2494,"independent"
0,2495,"independent"
10,2496,"independent"
6,2497,"independent"
6,2498,"independent"
6,2499,"independent"
6,2500,"independent"
6,2501,"independent"
8,2502,"independent"
6,2503,"independent"
8,2504,"independent"
6,2505,"independent"
6,2506,"independent"
4,2507,"independent"
8,2508,"independent"
6,2509,"independent"
8,2510,"independent"
4,2511,"independent"
8,2512,"independent"
6,2513,"independent"
2,2514,"independent"
8,2515,"independent"
6,2516,"independent"
8,2517,"independent"
8,2518,"independent"
6,2519,"independent"
4,2520,"independent"
6,2521,"independent"
4,2522,"independent"
6,2523,"independent"
2,2524,"independent"
6,2525,"independent"
6,2526,"independent"
6,2527,"independent"
6,2528,"independent"
4,2529,"independent"
8,2530,"independent"
2,2531,"independent"
4,2532,"independent"
8,2533,"independent"
8,2534,"independent"
6,2535,"independent"
4,2536,"independent"
6,2537,"independent"
4,2538,"independent"
4,2539,"independent"
6,2540,"independent"
6,2541,"independent"
8,2542,"independent"
6,2543,"independent"
6,2544,"independent"
6,2545,"independent"
6,2546,"independent"
10,2547,"independent"
4,2548,"independent"
6,2549,"independent"
6,2550,"independent"
2,2551,"independent"
8,2552,"independent"
8,2553,"independent"
6,2554,"independent"
4,2555,"independent"
6,2556,"independent"
4,2557,"independent"
8,2558,"independent"
6,2559,"independent"
6,2560,"independent"
4,2561,"independent"
6,2562,"independent"
4,2563,"independent"
6,2564,"independent"
8,2565,"independent"
6,2566,"independent"
4,2567,"independent"
4,2568,"independent"
4,2569,"independent"
6,2570,"independent"
2,2571,"independent"
4,2572,"independent"
8,2573,"independent"
2,2574,"independent"
6,2575,"independent"
12,2576,"independent"
6,2577,"independent"
6,2578,"independent"
6,2579,"independent"
4,2580,"independent"
6,2581,"independent"
4,2582,"independent"
8,2583,"independent"
4,2584,"independent"
8,2585,"independent"
6,2586,"independent"
4,2587,"independent"
8,2588,"independent"
4,2589,"independent"
6,2590,"independent"
4,2591,"independent"
8,2592,"independent"
4,2593,"independent"
4,2594,"independent"
4,2595,"independent"
6,2596,"independent"
6,2597,"independent"
6,2598,"independent"
6,2599,"independent"
6,2600,"independent"
4,2601,"independent"
2,2602,"independent"
10,2603,"independent"
6,2604,"independent"
8,2605,"independent"
6,2606,"independent"
4,2607,"independent"
8,2608,"independent"
4,2609,"independent"
6,2610,"independent"
8,2611,"independent"
4,2612,"independent"
2,2613,"independent"
6,2614,"independent"
2,2615,"independent"
6,2616,"independent"
8,2617,"independent"
4,2618,"independent"
4,2619,"independent"
4,2620,"independent"
6,2621,"independent"
2,2622,"independent"
6,2623,"independent"
2,2624,"independent"
4,2625,"independent"
6,2626,"independent"
6,2627,"independent"
6,2628,"independent"
6,2629,"independent"
4,2630,"independent"
2,2631,"independent"
6,2632,"independent"
8,2633,"independent"
4,2634,"independent"
12,2635,"independent"
8,2636,"independent"
10,2637,"independent"
6,2638,"independent"
4,2639,"independent"
6,2640,"independent"
6,2641,"independent"
6,2642,"independent"
6,2643,"independent"
8,2644,"independent"
6,2645,"independent"
4,2646,"independent"
8,2647,"independent"
4,2648,"independent"
8,2649,"independent"
6,2650,"independent"
6,2651,"independent"
8,2652,"independent"
8,2653,"independent"
6,2654,"independent"
6,2655,"independent"
6,2656,"independent"
4,2657,"independent"
6,2658,"independent"
6,2659,"independent"
6,2660,"independent"
2,2661,"independent"
8,2662,"independent"
8,2663,"independent"
8,2664,"independent"
6,2665,"independent"
8,2666,"independent"
6,2667,"independent"
6,2668,"independent"
4,2669,"independent"
8,2670,"independent"
8,2671,"independent"
4,2672,"independent"
2,2673,"independent"
6,2674,"independent"
6,2675,"independent"
4,2676,"independent"
4,2677,"independent"
6,2678,"independent"
8,2679,"independent"
6,2680,"independent"
4,2681,"independent"
8,2682,"independent"
4,2683,"independent"
6,2684,"independent"
8,2685,"independent"
6,2686,"independent"
6,2687,"independent"
2,2688,"independent"
6,2689,"independent"
6,2690,"independent"
6,2691,"independent"
6,2692,"independent"
4,2693,"independent"
6,2694,"independent"
6,2695,"independent"
8,2696,"independent"
6,2697,"independent"
10,2698,"independent"
6,2699,"independent"
8,2700,"independent"
8,2701,"independent"
4,2702,"independent"
6,2703,"independent"
6,2704,"independent"
8,2705,"independent"
8,2706,"independent"
6,2707,"independent"
6,2708,"independent"
6,2709,"independent"
10,2710,"independent"
0,2711,"independent"
8,2712,"independent"
6,2713,"independent"
4,2714,"independent"
6,2715,"independent"
8,2716,"independent"
4,2717,"independent"
6,2718,"independent"
4,2719,"independent"
6,2720,"independent"
8,2721,"independent"
8,2722,"independent"
4,2723,"independent"
6,2724,"independent"
6,2725,"independent"
4,2726,"independent"
4,2727,"independent"
8,2728,"independent"
4,2729,"independent"
8,2730,"independent"
8,2731,"independent"
8,2732,"independent"
2,2733,"independent"
8,2734,"independent"
4,2735,"independent"
6,2736,"independent"
2,2737,"independent"
6,2738,"independent"
6,2739,"independent"
6,2740,"independent"
2,2741,"independent"
6,2742,"independent"
10,2743,"independent"
4,2744,"independent"
8,2745,"independent"
8,2746,"independent"
6,2747,"independent"
6,2748,"independent"
8,2749,"independent"
4,2750,"independent"
4,2751,"independent"
10,2752,"independent"
4,2753,"independent"
8,2754,"independent"
4,2755,"independent"
6,2756,"independent"
8,2757,"independent"
8,2758,"independent"
4,2759,"independent"
6,2760,"independent"
6,2761,"independent"
6,2762,"independent"
8,2763,"independent"
4,2764,"independent"
6,2765,"independent"
4,2766,"independent"
8,2767,"independent"
10,2768,"independent"
4,2769,"independent"
8,2770,"independent"
6,2771,"independent"
6,2772,"independent"
6,2773,"independent"
6,2774,"independent"
8,2775,"independent"
10,2776,"independent"
8,2777,"independent"
2,2778,"independent"
8,2779,"independent"
2,2780,"independent"
6,2781,"independent"
8,2782,"independent"
4,2783,"independent"
8,2784,"independent"
6,2785,"independent"
6,2786,"independent"
12,2787,"independent"
8,2788,"independent"
6,2789,"independent"
8,2790,"independent"
6,2791,"independent"
8,2792,"independent"
10,2793,"independent"
4,2794,"independent"
0,2795,"independent"
6,2796,"independent"
4,2797,"independent"
6,2798,"independent"
4,2799,"independent"
6,2800,"independent"
8,2801,"independent"
6,2802,"independent"
6,2803,"independent"
6,2804,"independent"
8,2805,"independent"
6,2806,"independent"
10,2807,"independent"
4,2808,"independent"
6,2809,"independent"
8,2810,"independent"
4,2811,"independent"
6,2812,"independent"
8,2813,"independent"
6,2814,"independent"
8,2815,"independent"
6,2816,"independent"
4,2817,"independent"
6,2818,"independent"
4,2819,"independent"
4,2820,"independent"
6,2821,"independent"
2,2822,"independent"
2,2823,"independent"
4,2824,"independent"
4,2825,"independent"
2,2826,"independent"
4,2827,"independent"
8,2828,"independent"
6,2829,"independent"
8,2830,"independent"
4,2831,"independent"
8,2832,"independent"
4,2833,"independent"
6,2834,"independent"
4,2835,"independent"
12,2836,"independent"
6,2837,"independent"
2,2838,"independent"
4,2839,"independent"
8,2840,"independent"
8,2841,"independent"
8,2842,"independent"
4,2843,"independent"
8,2844,"independent"
8,2845,"independent"
8,2846,"independent"
6,2847,"independent"
4,2848,"independent"
6,2849,"independent"
6,2850,"independent"
6,2851,"independent"
6,2852,"independent"
6,2853,"independent"
6,2854,"independent"
8,2855,"independent"
8,2856,"independent"
6,2857,"independent"
6,2858,"independent"
6,2859,"independent"
8,2860,"independent"
6,2861,"independent"
8,2862,"independent"
4,2863,"independent"
4,2864,"independent"
6,2865,"independent"
4,2866,"independent"
10,2867,"independent"
8,2868,"independent"
4,2869,"independent"
8,2870,"independent"
6,2871,"independent"
6,2872,"independent"
8,2873,"independent"
6,2874,"independent"
2,2875,"independent"
6,2876,"independent"
2,2877,"independent"
8,2878,"independent"
8,2879,"independent"
4,2880,"independent"
8,2881,"independent"
6,2882,"independent"
10,2883,"independent"
8,2884,"independent"
8,2885,"independent"
4,2886,"independent"
6,2887,"independent"
6,2888,"independent"
8,2889,"independent"
6,2890,"independent"
8,2891,"independent"
4,2892,"independent"
4,2893,"independent"
4,2894,"independent"
6,2895,"independent"
10,2896,"independent"
6,2897,"independent"
8,2898,"independent"
2,2899,"independent"
8,2900,"independent"
4,2901,"independent"
6,2902,"independent"
6,2903,"independent"
4,2904,"independent"
4,2905,"independent"
8,2906,"independent"
6,2907,"independent"
6,2908,"independent"
6,2909,"independent"
6,2910,"independent"
6,2911,"independent"
6,2912,"independent"
4,2913,"independent"
6,2914,"independent"
6,2915,"independent"
6,2916,"independent"
6,2917,"independent"
8,2918,"independent"
6,2919,"independent"
4,2920,"independent"
8,2921,"independent"
4,2922,"independent"
2,2923,"independent"
6,2924,"independent"
0,2925,"independent"
8,2926,"independent"
8,2927,"independent"
8,2928,"independent"
8,2929,"independent"
4,2930,"independent"
4,2931,"independent"
6,2932,"independent"
6,2933,"independent"
6,2934,"independent"
4,2935,"independent"
8,2936,"independent"
6,2937,"independent"
8,2938,"independent"
2,2939,"independent"
8,2940,"independent"
8,2941,"independent"
6,2942,"independent"
8,2943,"independent"
8,2944,"independent"
4,2945,"independent"
4,2946,"independent"
6,2947,"independent"
8,2948,"independent"
4,2949,"independent"
2,2950,"independent"
2,2951,"independent"
6,2952,"independent"
6,2953,"independent"
8,2954,"independent"
4,2955,"independent"
10,2956,"independent"
4,2957,"independent"
6,2958,"independent"
8,2959,"independent"
8,2960,"independent"
6,2961,"independent"
8,2962,"independent"
6,2963,"independent"
6,2964,"independent"
8,2965,"independent"
2,2966,"independent"
6,2967,"independent"
8,2968,"independent"
8,2969,"independent"
4,2970,"independent"
2,2971,"independent"
2,2972,"independent"
8,2973,"independent"
4,2974,"independent"
6,2975,"independent"
6,2976,"independent"
2,2977,"independent"
4,2978,"independent"
10,2979,"independent"
8,2980,"independent"
4,2981,"independent"
6,2982,"independent"
6,2983,"independent"
4,2984,"independent"
6,2985,"independent"
6,2986,"independent"
4,2987,"independent"
4,2988,"independent"
4,2989,"independent"
6,2990,"independent"
6,2991,"independent"
4,2992,"independent"
4,2993,"independent"
6,2994,"independent"
8,2995,"independent"
2,2996,"independent"
4,2997,"independent"
2,2998,"independent"
10,2999,"independent"
4,3000,"independent"
8,3001,"independent"
8,3002,"independent"
8,3003,"independent"
6,3004,"independent"
8,3005,"independent"
4,3006,"independent"
8,3007,"independent"
6,3008,"independent"
6,3009,"independent"
4,3010,"independent"
8,3011,"independent"
8,3012,"independent"
6,3013,"independent"
4,3014,"independent"
4,3015,"independent"
6,3016,"independent"
8,3017,"independent"
4,3018,"independent"
4,3019,"independent"
8,3020,"independent"
8,3021,"independent"
10,3022,"independent"
0,3023,"independent"
4,3024,"independent"
6,3025,"independent"
8,3026,"independent"
2,3027,"independent"
6,3028,"independent"
6,3029,"independent"
12,3030,"independent"
6,3031,"independent"
6,3032,"independent"
6,3033,"independent"
6,3034,"independent"
6,3035,"independent"
6,3036,"independent"
8,3037,"independent"
8,3038,"independent"
8,3039,"independent"
6,3040,"independent"
8,3041,"independent"
6,3042,"independent"
10,3043,"independent"
6,3044,"independent"
8,3045,"independent"
2,3046,"independent"
6,3047,"independent"
6,3048,"independent"
8,3049,"independent"
8,3050,"independent"
4,3051,"independent"
8,3052,"independent"
8,3053,"independent"
8,3054,"independent"
8,3055,"independent"
6,3056,"independent"
4,3057,"independent"
4,3058,"independent"
8,3059,"independent"
8,3060,"independent"
8,3061,"independent"
10,3062,"independent"
6,3063,"independent"
4,3064,"independent"
4,3065,"independent"
10,3066,"independent"
4,3067,"independent"
8,3068,"independent"
4,3069,"independent"
8,3070,"independent"
6,3071,"independent"
6,3072,"independent"
6,3073,"independent"
8,3074,"independent"
8,3075,"independent"
8,3076,"independent"
4,3077,"independent"
6,3078,"independent"
8,3079,"independent"
8,3080,"independent"
10,3081,"independent"
4,3082,"independent"
6,3083,"independent"
6,3084,"independent"
6,3085,"independent"
4,3086,"independent"
4,3087,"independent"
2,3088,"independent"
8,3089,"independent"
6,3090,"independent"
10,3091,"independent"
6,3092,"independent"
4,3093,"independent"
6,3094,"independent"
6,3095,"independent"
6,3096,"independent"
6,3097,"independent"
8,3098,"independent"
8,3099,"independent"
4,3100,"independent"
4,3101,"independent"
4,3102,"independent"
4,3103,"independent"
6,3104,"independent"
4,3105,"independent"
2,3106,"independent"
8,3107,"independent"
4,3108,"independent"
6,3109,"independent"
8,3110,"independent"
4,3111,"independent"
8,3112,"independent"
6,3113,"independent"
10,3114,"independent"
6,3115,"independent"
4,3116,"independent"
10,3117,"independent"
8,3118,"independent"
6,3119,"independent"
6,3120,"independent"
6,3121,"independent"
8,3122,"independent"
4,3123,"independent"
6,3124,"independent"
8,3125,"independent"
6,3126,"independent"
6,3127,"independent"
8,3128,"independent"
6,3129,"independent"
6,3130,"independent"
6,3131,"independent"
4,3132,"independent"
6,3133,"independent"
4,3134,"independent"
4,3135,"independent"
4,3136,"independent"
6,3137,"independent"
6,3138,"independent"
6,3139,"independent"
4,3140,"independent"
6,3141,"independent"
4,3142,"independent"
8,3143,"independent"
4,3144,"independent"
4,3145,"independent"
4,3146,"independent"
8,3147,"independent"
6,3148,"independent"
6,3149,"independent"
4,3150,"independent"
6,3151,"independent"
8,3152,"independent"
4,3153,"independent"
8,3154,"independent"
6,3155,"independent"
6,3156,"independent"
4,3157,"independent"
8,3158,"independent"
4,3159,"independent"
4,3160,"independent"
6,3161,"independent"
8,3162,"independent"
10,3163,"independent"
6,3164,"independent"
10,3165,"independent"
8,3166,"independent"
6,3167,"independent"
6,3168,"independent"
4,3169,"independent"
6,3170,"independent"
8,3171,"independent"
6,3172,"independent"
6,3173,"independent"
4,3174,"independent"
6,3175,"independent"
6,3176,"independent"
4,3177,"independent"
6,3178,"independent"
8,3179,"independent"
8,3180,"independent"
8,3181,"independent"
8,3182,"independent"
8,3183,"independent"
10,3184,"independent"
8,3185,"independent"
4,3186,"independent"
8,3187,"independent"
6,3188,"independent"
8,3189,"independent"
8,3190,"independent"
6,3191,"independent"
6,3192,"independent"
4,3193,"independent"
4,3194,"independent"
8,3195,"independent"
6,3196,"independent"
6,3197,"independent"
8,3198,"independent"
6,3199,"independent"
4,3200,"independent"
6,3201,"independent"
6,3202,"independent"
4,3203,"independent"
6,3204,"independent"
8,3205,"independent"
6,3206,"independent"
6,3207,"independent"
2,3208,"independent"
6,3209,"independent"
4,3210,"independent"
8,3211,"independent"
6,3212,"independent"
6,3213,"independent"
8,3214,"independent"
6,3215,"independent"
8,3216,"independent"
8,3217,"independent"
8,3218,"independent"
6,3219,"independent"
4,3220,"independent"
8,3221,"independent"
6,3222,"independent"
8,3223,"independent"
8,3224,"independent"
8,3225,"independent"
8,3226,"independent"
10,3227,"independent"
6,3228,"independent"
8,3229,"independent"
6,3230,"independent"
8,3231,"independent"
4,3232,"independent"
6,3233,"independent"
10,3234,"independent"
8,3235,"independent"
6,3236,"independent"
6,3237,"independent"
8,3238,"independent"
4,3239,"independent"
6,3240,"independent"
6,3241,"independent"
6,3242,"independent"
6,3243,"independent"
6,3244,"independent"
4,3245,"independent"
6,3246,"independent"
4,3247,"independent"
8,3248,"independent"
8,3249,"independent"
8,3250,"independent"
6,3251,"independent"
8,3252,"independent"
6,3253,"independent"
8,3254,"independent"
6,3255,"independent"
4,3256,"independent"
6,3257,"independent"
8,3258,"independent"
4,3259,"independent"
6,3260,"independent"
2,3261,"independent"
4,3262,"independent"
6,3263,"independent"
6,3264,"independent"
8,3265,"independent"
6,3266,"independent"
6,3267,"independent"
10,3268,"independent"
4,3269,"independent"
4,3270,"independent"
8,3271,"independent"
4,3272,"independent"
6,3273,"independent"
6,3274,"independent"
6,3275,"independent"
8,3276,"independent"
8,3277,"independent"
10,3278,"independent"
6,3279,"independent"
2,3280,"independent"
6,3281,"independent"
6,3282,"independent"
4,3283,"independent"
8,3284,"independent"
10,3285,"independent"
4,3286,"independent"
8,3287,"independent"
8,3288,"independent"
4,3289,"independent"
4,3290,"independent"
6,3291,"independent"
10,3292,"independent"
6,3293,"independent"
8,3294,"independent"
8,3295,"independent"
6,3296,"independent"
6,3297,"independent"
6,3298,"independent"
8,3299,"independent"
6,3300,"independent"
6,3301,"independent"
8,3302,"independent"
6,3303,"independent"
10,3304,"independent"
6,3305,"independent"
4,3306,"independent"
4,3307,"independent"
2,3308,"independent"
4,3309,"independent"
8,3310,"independent"
6,3311,"independent"
6,3312,"independent"
8,3313,"independent"
6,3314,"independent"
6,3315,"independent"
4,3316,"independent"
8,3317,"independent"
8,3318,"independent"
6,3319,"independent"
8,3320,"independent"
4,3321,"independent"
8,3322,"independent"
4,3323,"independent"
6,3324,"independent"
8,3325,"independent"
4,3326,"independent"
6,3327,"independent"
6,3328,"independent"
6,3329,"independent"
6,3330,"independent"
8,3331,"independent"
4,3332,"independent"
6,3333,"independent"
6,3334,"independent"
6,3335,"independent"
10,3336,"independent"
8,3337,"independent"
8,3338,"independent"
6,3339,"independent"
6,3340,"independent"
4,3341,"independent"
6,3342,"independent"
4,3343,"independent"
8,3344,"independent"
8,3345,"independent"
6,3346,"independent"
4,3347,"independent"
6,3348,"independent"
8,3349,"independent"
8,3350,"independent"
8,3351,"independent"
6,3352,"independent"
6,3353,"independent"
2,3354,"independent"
4,3355,"independent"
4,3356,"independent"
8,3357,"independent"
4,3358,"independent"
4,3359,"independent"
6,3360,"independent"
6,3361,"independent"
6,3362,"independent"
4,3363,"independent"
10,3364,"independent"
8,3365,"independent"
6,3366,"independent"
8,3367,"independent"
6,3368,"independent"
6,3369,"independent"
6,3370,"independent"
6,3371,"independent"
4,3372,"independent"
6,3373,"independent"
10,3374,"independent"
4,3375,"independent"
8,3376,"independent"
10,3377,"independent"
8,3378,"independent"
10,3379,"independent"
6,3380,"independent"
8,3381,"independent"
8,3382,"independent"
8,3383,"independent"
4,3384,"independent"
6,3385,"independent"
6,3386,"independent"
6,3387,"independent"
8,3388,"independent"
4,3389,"independent"
6,3390,"independent"
8,3391,"independent"
6,3392,"independent"
8,3393,"independent"
2,3394,"independent"
4,3395,"independent"
4,3396,"independent"
8,3397,"independent"
8,3398,"independent"
6,3399,"independent"
6,3400,"independent"
8,3401,"independent"
8,3402,"independent"
6,3403,"independent"
4,3404,"independent"
4,3405,"independent"
8,3406,"independent"
6,3407,"independent"
4,3408,"independent"
6,3409,"independent"
6,3410,"independent"
8,3411,"independent"
4,3412,"independent"
8,3413,"independent"
4,3414,"independent"
8,3415,"independent"
6,3416,"independent"
6,3417,"independent"
8,3418,"independent"
8,3419,"independent"
6,3420,"independent"
4,3421,"independent"
6,3422,"independent"
4,3423,"independent"
4,3424,"independent"
6,3425,"independent"
4,3426,"independent"
6,3427,"independent"
6,3428,"independent"
6,3429,"independent"
8,3430,"independent"
8,3431,"independent"
10,3432,"independent"
10,3433,"independent"
6,3434,"independent"
12,3435,"independent"
4,3436,"independent"
4,3437,"independent"
6,3438,"independent"
6,3439,"independent"
4,3440,"independent"
2,3441,"independent"
6,3442,"independent"
6,3443,"independent"
8,3444,"independent"
6,3445,"independent"
6,3446,"independent"
6,3447,"independent"
6,3448,"independent"
4,3449,"independent"
8,3450,"independent"
6,3451,"independent"
10,3452,"independent"
6,3453,"independent"
8,3454,"independent"
6,3455,"independent"
2,3456,"independent"
6,3457,"independent"
6,3458,"independent"
6,3459,"independent"
6,3460,"independent"
6,3461,"independent"
6,3462,"independent"
8,3463,"independent"
10,3464,"independent"
8,3465,"independent"
8,3466,"independent"
6,3467,"independent"
6,3468,"independent"
10,3469,"independent"
4,3470,"independent"
2,3471,"independent"
6,3472,"independent"
4,3473,"independent"
4,3474,"independent"
8,3475,"independent"
2,3476,"independent"
8,3477,"independent"
8,3478,"independent"
6,3479,"independent"
6,3480,"independent"
6,3481,"independent"
8,3482,"independent"
10,3483,"independent"
4,3484,"independent"
4,3485,"independent"
4,3486,"independent"
8,3487,"independent"
6,3488,"independent"
2,3489,"independent"
8,3490,"independent"
4,3491,"independent"
8,3492,"independent"
6,3493,"independent"
8,3494,"independent"
4,3495,"independent"
6,3496,"independent"
6,3497,"independent"
8,3498,"independent"
6,3499,"independent"
8,3500,"independent"
6,3501,"independent"
4,3502,"independent"
4,3503,"independent"
2,3504,"independent"
6,3505,"independent"
6,3506,"independent"
6,3507,"independent"
4,3508,"independent"
8,3509,"independent"
4,3510,"independent"
6,3511,"independent"
4,3512,"independent"
2,3513,"independent"
0,3514,"independent"
6,3515,"independent"
6,3516,"independent"
6,3517,"independent"
8,3518,"independent"
8,3519,"independent"
10,3520,"independent"
6,3521,"independent"
6,3522,"independent"
8,3523,"independent"
8,3524,"independent"
8,3525,"independent"
6,3526,"independent"
8,3527,"independent"
8,3528,"independent"
8,3529,"independent"
6,3530,"independent"
10,3531,"independent"
8,3532,"independent"
8,3533,"independent"
6,3534,"independent"
4,3535,"independent"
10,3536,"independent"
6,3537,"independent"
4,3538,"independent"
6,3539,"independent"
10,3540,"independent"
6,3541,"independent"
6,3542,"independent"
8,3543,"independent"
4,3544,"independent"
4,3545,"independent"
6,3546,"independent"
8,3547,"independent"
6,3548,"independent"
4,3549,"independent"
6,3550,"independent"
6,3551,"independent"
4,3552,"independent"
8,3553,"independent"
10,3554,"independent"
6,3555,"independent"
6,3556,"independent"
6,3557,"independent"
8,3558,"independent"
8,3559,"independent"
8,3560,"independent"
8,3561,"independent"
8,3562,"independent"
2,3563,"independent"
4,3564,"independent"
8,3565,"independent"
6,3566,"independent"
6,3567,"independent"
8,3568,"independent"
4,3569,"independent"
6,3570,"independent"
4,3571,"independent"
8,3572,"independent"
6,3573,"independent"
6,3574,"independent"
6,3575,"independent"
6,3576,"independent"
8,3577,"independent"
6,3578,"independent"
8,3579,"independent"
8,3580,"independent"
8,3581,"independent"
2,3582,"independent"
6,3583,"independent"
4,3584,"independent"
6,3585,"independent"
10,3586,"independent"
4,3587,"independent"
6,3588,"independent"
10,3589,"independent"
6,3590,"independent"
8,3591,"independent"
8,3592,"independent"
6,3593,"independent"
6,3594,"independent"
4,3595,"independent"
8,3596,"independent"
12,3597,"independent"
8,3598,"independent"
4,3599,"independent"
8,3600,"independent"
4,3601,"independent"
8,3602,"independent"
4,3603,"independent"
4,3604,"independent"
8,3605,"independent"
6,3606,"independent"
6,3607,"independent"
8,3608,"independent"
2,3609,"independent"
6,3610,"independent"
6,3611,"independent"
6,3612,"independent"
6,3613,"independent"
4,3614,"independent"
4,3615,"independent"
6,3616,"independent"
2,3617,"independent"
4,3618,"independent"
8,3619,"independent"
6,3620,"independent"
6,3621,"independent"
6,3622,"independent"
6,3623,"independent"
4,3624,"independent"
8,3625,"independent"
6,3626,"independent"
8,3627,"independent"
6,3628,"independent"
6,3629,"independent"
6,3630,"independent"
4,3631,"independent"
4,3632,"independent"
6,3633,"independent"
2,3634,"independent"
4,3635,"independent"
8,3636,"independent"
6,3637,"independent"
6,3638,"independent"
2,3639,"independent"
6,3640,"independent"
4,3641,"independent"
8,3642,"independent"
6,3643,"independent"
8,3644,"independent"
4,3645,"independent"
10,3646,"independent"
8,3647,"independent"
8,3648,"independent"
6,3649,"independent"
8,3650,"independent"
10,3651,"independent"
4,3652,"independent"
4,3653,"independent"
6,3654,"independent"
6,3655,"independent"
6,3656,"independent"
6,3657,"independent"
4,3658,"independent"
6,3659,"independent"
8,3660,"independent"
8,3661,"independent"
6,3662,"independent"
4,3663,"independent"
4,3664,"independent"
2,3665,"independent"
6,3666,"independent"
8,3667,"independent"
2,3668,"independent"
6,3669,"independent"
6,3670,"independent"
6,3671,"independent"
6,3672,"independent"
6,3673,"independent"
6,3674,"independent"
8,3675,"independent"
8,3676,"independent"
4,3677,"independent"
8,3678,"independent"
10,3679,"independent"
6,3680,"independent"
6,3681,"independent"
8,3682,"independent"
6,3683,"independent"
6,3684,"independent"
6,3685,"independent"
6,3686,"independent"
6,3687,"independent"
8,3688,"independent"
4,3689,"independent"
2,3690,"independent"
6,3691,"independent"
6,3692,"independent"
8,3693,"independent"
8,3694,"independent"
6,3695,"independent"
4,3696,"independent"
6,3697,"independent"
6,3698,"independent"
8,3699,"independent"
8,3700,"independent"
8,3701,"independent"
2,3702,"independent"
8,3703,"independent"
8,3704,"independent"
4,3705,"independent"
6,3706,"independent"
8,3707,"independent"
10,3708,"independent"
4,3709,"independent"
6,3710,"independent"
8,3711,"independent"
6,3712,"independent"
6,3713,"independent"
4,3714,"independent"
8,3715,"independent"
6,3716,"independent"
6,3717,"independent"
2,3718,"independent"
4,3719,"independent"
6,3720,"independent"
8,3721,"independent"
2,3722,"independent"
8,3723,"independent"
6,3724,"independent"
8,3725,"independent"
6,3726,"independent"
6,3727,"independent"
6,3728,"independent"
6,3729,"independent"
6,3730,"independent"
8,3731,"independent"
4,3732,"independent"
4,3733,"independent"
10,3734,"independent"
8,3735,"independent"
8,3736,"independent"
6,3737,"independent"
8,3738,"independent"
8,3739,"independent"
6,3740,"independent"
8,3741,"independent"
2,3742,"independent"
8,3743,"independent"
6,3744,"independent"
6,3745,"independent"
6,3746,"independent"
6,3747,"independent"
8,3748,"independent"
6,3749,"independent"
10,3750,"independent"
8,3751,"independent"
8,3752,"independent"
4,3753,"independent"
4,3754,"independent"
8,3755,"independent"
4,3756,"independent"
6,3757,"independent"
8,3758,"independent"
6,3759,"independent"
6,3760,"independent"
4,3761,"independent"
6,3762,"independent"
8,3763,"independent"
6,3764,"independent"
8,3765,"independent"
6,3766,"independent"
4,3767,"independent"
6,3768,"independent"
8,3769,"independent"
4,3770,"independent"
6,3771,"independent"
6,3772,"independent"
4,3773,"independent"
10,3774,"independent"
6,3775,"independent"
6,3776,"independent"
8,3777,"independent"
6,3778,"independent"
6,3779,"independent"
4,3780,"independent"
8,3781,"independent"
2,3782,"independent"
6,3783,"independent"
8,3784,"independent"
6,3785,"independent"
6,3786,"independent"
6,3787,"independent"
6,3788,"independent"
8,3789,"independent"
6,3790,"independent"
4,3791,"independent"
8,3792,"independent"
10,3793,"independent"
8,3794,"independent"
4,3795,"independent"
6,3796,"independent"
6,3797,"independent"
2,3798,"independent"
6,3799,"independent"
8,3800,"independent"
6,3801,"independent"
6,3802,"independent"
4,3803,"independent"
4,3804,"independent"
8,3805,"independent"
6,3806,"independent"
8,3807,"independent"
10,3808,"independent"
4,3809,"independent"
6,3810,"independent"
2,3811,"independent"
6,3812,"independent"
6,3813,"independent"
4,3814,"independent"
8,3815,"independent"
4,3816,"independent"
8,3817,"independent"
6,3818,"independent"
6,3819,"independent"
2,3820,"independent"
8,3821,"independent"
6,3822,"independent"
6,3823,"independent"
6,3824,"independent"
6,3825,"independent"
6,3826,"independent"
6,3827,"independent"
8,3828,"independent"
4,3829,"independent"
6,3830,"independent"
8,3831,"independent"
8,3832,"independent"
2,3833,"independent"
2,3834,"independent"
6,3835,"independent"
8,3836,"independent"
4,3837,"independent"
8,3838,"independent"
8,3839,"independent"
10,3840,"independent"
4,3841,"independent"
8,3842,"independent"
8,3843,"independent"
4,3844,"independent"
8,3845,"independent"
4,3846,"independent"
6,3847,"independent"
4,3848,"independent"
8,3849,"independent"
6,3850,"independent"
6,3851,"independent"
6,3852,"independent"
6,3853,"independent"
4,3854,"independent"
8,3855,"independent"
8,3856,"independent"
10,3857,"independent"
8,3858,"independent"
6,3859,"independent"
4,3860,"independent"
8,3861,"independent"
6,3862,"independent"
8,3863,"independent"
6,3864,"independent"
4,3865,"independent"
2,3866,"independent"
6,3867,"independent"
8,3868,"independent"
4,3869,"independent"
8,3870,"independent"
6,3871,"independent"
6,3872,"independent"
6,3873,"independent"
6,3874,"independent"
6,3875,"independent"
6,3876,"independent"
8,3877,"independent"
8,3878,"independent"
8,3879,"independent"
4,3880,"independent"
6,3881,"independent"
6,3882,"independent"
8,3883,"independent"
6,3884,"independent"
6,3885,"independent"
6,3886,"independent"
4,3887,"independent"
6,3888,"independent"
8,3889,"independent"
6,3890,"independent"
8,3891,"independent"
6,3892,"independent"
8,3893,"independent"
6,3894,"independent"
8,3895,"independent"
4,3896,"independent"
10,3897,"independent"
6,3898,"independent"
6,3899,"independent"
2,3900,"independent"
8,3901,"independent"
6,3902,"independent"
8,3903,"independent"
4,3904,"independent"
8,3905,"independent"
6,3906,"independent"
8,3907,"independent"
2,3908,"independent"
8,3909,"independent"
6,3910,"independent"
8,3911,"independent"
6,3912,"independent"
6,3913,"independent"
6,3914,"independent"
8,3915,"independent"
8,3916,"independent"
2,3917,"independent"
4,3918,"independent"
4,3919,"independent"
6,3920,"independent"
6,3921,"independent"
6,3922,"independent"
6,3923,"independent"
4,3924,"independent"
6,3925,"independent"
6,3926,"independent"
6,3927,"independent"
6,3928,"independent"
6,3929,"independent"
6,3930,"independent"
8,3931,"independent"
6,3932,"independent"
4,3933,"independent"
8,3934,"independent"
2,3935,"independent"
8,3936,"independent"
6,3937,"independent"
4,3938,"independent"
6,3939,"independent"
10,3940,"independent"
6,3941,"independent"
4,3942,"independent"
6,3943,"independent"
4,3944,"independent"
6,3945,"independent"
6,3946,"independent"
6,3947,"independent"
6,3948,"independent"
8,3949,"independent"
8,3950,"independent"
6,3951,"independent"
6,3952,"independent"
6,3953,"independent"
8,3954,"independent"
8,3955,"independent"
6,3956,"independent"
8,3957,"independent"
8,3958,"independent"
8,3959,"independent"
8,3960,"independent"
6,3961,"independent"
8,3962,"independent"
6,3963,"independent"
6,3964,"independent"
4,3965,"independent"
6,3966,"independent"
6,3967,"independent"
6,3968,"independent"
4,3969,"independent"
6,3970,"independent"
4,3971,"independent"
4,3972,"independent"
6,3973,"independent"
6,3974,"independent"
6,3975,"independent"
10,3976,"independent"
6,3977,"independent"
8,3978,"independent"
10,3979,"independent"
6,3980,"independent"
8,3981,"independent"
6,3982,"independent"
6,3983,"independent"
6,3984,"independent"
6,3985,"independent"
6,3986,"independent"
6,3987,"independent"
10,3988,"independent"
8,3989,"independent"
6,3990,"independent"
8,3991,"independent"
2,3992,"independent"
6,3993,"independent"
8,3994,"independent"
6,3995,"independent"
6,3996,"independent"
4,3997,"independent"
4,3998,"independent"
6,3999,"independent"
4,4000,"independent"
6,4001,"independent"
8,4002,"independent"
6,4003,"independent"
8,4004,"independent"
8,4005,"independent"
8,4006,"independent"
6,4007,"independent"
4,4008,"independent"
6,4009,"independent"
10,4010,"independent"
6,4011,"independent"
8,4012,"independent"
8,4013,"independent"
8,4014,"independent"
2,4015,"independent"
8,4016,"independent"
10,4017,"independent"
8,4018,"independent"
6,4019,"independent"
4,4020,"independent"
6,4021,"independent"
6,4022,"independent"
4,4023,"independent"
6,4024,"independent"
6,4025,"independent"
4,4026,"independent"
2,4027,"independent"
6,4028,"independent"
2,4029,"independent"
6,4030,"independent"
10,4031,"independent"
4,4032,"independent"
6,4033,"independent"
6,4034,"independent"
8,4035,"independent"
6,4036,"independent"
4,4037,"independent"
8,4038,"independent"
6,4039,"independent"
10,4040,"independent"
6,4041,"independent"
10,4042,"independent"
6,4043,"independent"
10,4044,"independent"
8,4045,"independent"
8,4046,"independent"
8,4047,"independent"
6,4048,"independent"
6,4049,"independent"
8,4050,"independent"
6,4051,"independent"
6,4052,"independent"
4,4053,"independent"
6,4054,"independent"
8,4055,"independent"
6,4056,"independent"
6,4057,"independent"
6,4058,"independent"
6,4059,"independent"
6,4060,"independent"
2,4061,"independent"
8,4062,"independent"
6,4063,"independent"
12,4064,"independent"
8,4065,"independent"
4,4066,"independent"
6,4067,"independent"
6,4068,"independent"
6,4069,"independent"
8,4070,"independent"
8,4071,"independent"
6,4072,"independent"
4,4073,"independent"
2,4074,"independent"
8,4075,"independent"
10,4076,"independent"
8,4077,"independent"
8,4078,"independent"
8,4079,"independent"
4,4080,"independent"
6,4081,"independent"
8,4082,"independent"
6,4083,"independent"
6,4084,"independent"
10,4085,"independent"
8,4086,"independent"
6,4087,"independent"
6,4088,"independent"
6,4089,"independent"
8,4090,"independent"
6,4091,"independent"
4,4092,"independent"
4,4093,"independent"
8,4094,"independent"
2,4095,"independent"
6,4096,"independent"
8,4097,"independent"
6,4098,"independent"
2,4099,"independent"
8,4100,"independent"
6,4101,"independent"
6,4102,"independent"
6,4103,"independent"
2,4104,"independent"
6,4105,"independent"
6,4106,"independent"
8,4107,"independent"
6,4108,"independent"
2,4109,"independent"
4,4110,"independent"
8,4111,"independent"
6,4112,"independent"
6,4113,"independent"
8,4114,"independent"
6,4115,"independent"
6,4116,"independent"
8,4117,"independent"
8,4118,"independent"
10,4119,"independent"
4,4120,"independent"
8,4121,"independent"
10,4122,"independent"
6,4123,"independent"
2,4124,"independent"
8,4125,"independent"
10,4126,"independent"
8,4127,"independent"
4,4128,"independent"
6,4129,"independent"
6,4130,"independent"
6,4131,"independent"
8,4132,"independent"
8,4133,"independent"
10,4134,"independent"
10,4135,"independent"
6,4136,"independent"
6,4137,"independent"
6,4138,"independent"
8,4139,"independent"
10,4140,"independent"
6,4141,"independent"
6,4142,"independent"
10,4143,"independent"
6,4144,"independent"
8,4145,"independent"
4,4146,"independent"
4,4147,"independent"
2,4148,"independent"
8,4149,"independent"
4,4150,"independent"
10,4151,"independent"
4,4152,"independent"
6,4153,"independent"
8,4154,"independent"
6,4155,"independent"
6,4156,"independent"
6,4157,"independent"
6,4158,"independent"
6,4159,"independent"
6,4160,"independent"
4,4161,"independent"
8,4162,"independent"
8,4163,"independent"
8,4164,"independent"
2,4165,"independent"
8,4166,"independent"
4,4167,"independent"
8,4168,"independent"
8,4169,"independent"
4,4170,"independent"
2,4171,"independent"
6,4172,"independent"
8,4173,"independent"
8,4174,"independent"
6,4175,"independent"
4,4176,"independent"
4,4177,"independent"
6,4178,"independent"
10,4179,"independent"
6,4180,"independent"
8,4181,"independent"
6,4182,"independent"
8,4183,"independent"
4,4184,"independent"
8,4185,"independent"
8,4186,"independent"
4,4187,"independent"
6,4188,"independent"
4,4189,"independent"
6,4190,"independent"
8,4191,"independent"
8,4192,"independent"
8,4193,"independent"
8,4194,"independent"
4,4195,"independent"
2,4196,"independent"
6,4197,"independent"
4,4198,"independent"
6,4199,"independent"
8,4200,"independent"
10,4201,"independent"
6,4202,"independent"
4,4203,"independent"
8,4204,"independent"
8,4205,"independent"
6,4206,"independent"
8,4207,"independent"
8,4208,"independent"
6,4209,"independent"
6,4210,"independent"
2,4211,"independent"
6,4212,"independent"
8,4213,"independent"
2,4214,"independent"
8,4215,"independent"
6,4216,"independent"
6,4217,"independent"
4,4218,"independent"
4,4219,"independent"
4,4220,"independent"
6,4221,"independent"
10,4222,"independent"
6,4223,"independent"
6,4224,"independent"
4,4225,"independent"
6,4226,"independent"
8,4227,"independent"
6,4228,"independent"
6,4229,"independent"
4,4230,"independent"
6,4231,"independent"
6,4232,"independent"
8,4233,"independent"
6,4234,"independent"
6,4235,"independent"
6,4236,"independent"
8,4237,"independent"
6,4238,"independent"
6,4239,"independent"
4,4240,"independent"
6,4241,"independent"
2,4242,"independent"
6,4243,"independent"
6,4244,"independent"
8,4245,"independent"
8,4246,"independent"
6,4247,"independent"
6,4248,"independent"
6,4249,"independent"
4,4250,"independent"
4,4251,"independent"
4,4252,"independent"
6,4253,"independent"
8,4254,"independent"
4,4255,"independent"
6,4256,"independent"
8,4257,"independent"
6,4258,"independent"
4,4259,"independent"
8,4260,"independent"
4,4261,"independent"
6,4262,"independent"
6,4263,"independent"
8,4264,"independent"
8,4265,"independent"
8,4266,"independent"
6,4267,"independent"
8,4268,"independent"
2,4269,"independent"
2,4270,"independent"
8,4271,"independent"
4,4272,"independent"
8,4273,"independent"
4,4274,"independent"
6,4275,"independent"
8,4276,"independent"
10,4277,"independent"
10,4278,"independent"
4,4279,"independent"
6,4280,"independent"
4,4281,"independent"
8,4282,"independent"
2,4283,"independent"
8,4284,"independent"
4,4285,"independent"
8,4286,"independent"
2,4287,"independent"
12,4288,"independent"
6,4289,"independent"
10,4290,"independent"
8,4291,"independent"
6,4292,"independent"
6,4293,"independent"
6,4294,"independent"
4,4295,"independent"
8,4296,"independent"
8,4297,"independent"
4,4298,"independent"
4,4299,"independent"
6,4300,"independent"
8,4301,"independent"
8,4302,"independent"
6,4303,"independent"
8,4304,"independent"
4,4305,"independent"
2,4306,"independent"
6,4307,"independent"
4,4308,"independent"
4,4309,"independent"
6,4310,"independent"
8,4311,"independent"
6,4312,"independent"
8,4313,"independent"
8,4314,"independent"
6,4315,"independent"
8,4316,"independent"
4,4317,"independent"
8,4318,"independent"
6,4319,"independent"
4,4320,"independent"
8,4321,"independent"
2,4322,"independent"
10,4323,"independent"
8,4324,"independent"
6,4325,"independent"
6,4326,"independent"
10,4327,"independent"
4,4328,"independent"
6,4329,"independent"
6,4330,"independent"
10,4331,"independent"
4,4332,"independent"
6,4333,"independent"
6,4334,"independent"
10,4335,"independent"
6,4336,"independent"
8,4337,"independent"
2,4338,"independent"
6,4339,"independent"
6,4340,"independent"
8,4341,"independent"
6,4342,"independent"
4,4343,"independent"
6,4344,"independent"
6,4345,"independent"
6,4346,"independent"
6,4347,"independent"
8,4348,"independent"
10,4349,"independent"
6,4350,"independent"
8,4351,"independent"
2,4352,"independent"
2,4353,"independent"
2,4354,"independent"
6,4355,"independent"
8,4356,"independent"
10,4357,"independent"
4,4358,"independent"
6,4359,"independent"
8,4360,"independent"
6,4361,"independent"
6,4362,"independent"
6,4363,"independent"
6,4364,"independent"
8,4365,"independent"
6,4366,"independent"
8,4367,"independent"
8,4368,"independent"
4,4369,"independent"
8,4370,"independent"
2,4371,"independent"
4,4372,"independent"
6,4373,"independent"
6,4374,"independent"
6,4375,"independent"
8,4376,"independent"
6,4377,"independent"
8,4378,"independent"
8,4379,"independent"
6,4380,"independent"
8,4381,"independent"
8,4382,"independent"
4,4383,"independent"
2,4384,"independent"
4,4385,"independent"
8,4386,"independent"
2,4387,"independent"
4,4388,"independent"
4,4389,"independent"
8,4390,"independent"
4,4391,"independent"
8,4392,"independent"
4,4393,"independent"
8,4394,"independent"
8,4395,"independent"
10,4396,"independent"
6,4397,"independent"
2,4398,"independent"
6,4399,"independent"
8,4400,"independent"
6,4401,"independent"
8,4402,"independent"
6,4403,"independent"
8,4404,"independent"
8,4405,"independent"
4,4406,"independent"
4,4407,"independent"
6,4408,"independent"
8,4409,"independent"
8,4410,"independent"
6,4411,"independent"
6,4412,"independent"
6,4413,"independent"
8,4414,"independent"
2,4415,"independent"
6,4416,"independent"
6,4417,"independent"
8,4418,"independent"
6,4419,"independent"
2,4420,"independent"
8,4421,"independent"
10,4422,"independent"
6,4423,"independent"
6,4424,"independent"
8,4425,"independent"
6,4426,"independent"
6,4427,"independent"
6,4428,"independent"
6,4429,"independent"
6,4430,"independent"
8,4431,"independent"
4,4432,"independent"
4,4433,"independent"
6,4434,"independent"
4,4435,"independent"
6,4436,"independent"
10,4437,"independent"
10,4438,"independent"
8,4439,"independent"
6,4440,"independent"
4,4441,"independent"
4,4442,"independent"
4,4443,"independent"
8,4444,"independent"
10,4445,"independent"
4,4446,"independent"
6,4447,"independent"
8,4448,"independent"
6,4449,"independent"
6,4450,"independent"
10,4451,"independent"
8,4452,"independent"
8,4453,"independent"
4,4454,"independent"
8,4455,"independent"
6,4456,"independent"
6,4457,"independent"
8,4458,"independent"
6,4459,"independent"
4,4460,"independent"
8,4461,"independent"
8,4462,"independent"
4,4463,"independent"
6,4464,"independent"
6,4465,"independent"
8,4466,"independent"
8,4467,"independent"
4,4468,"independent"
8,4469,"independent"
8,4470,"independent"
6,4471,"independent"
8,4472,"independent"
8,4473,"independent"
4,4474,"independent"
8,4475,"independent"
8,4476,"independent"
8,4477,"independent"
6,4478,"independent"
10,4479,"independent"
6,4480,"independent"
6,4481,"independent"
10,4482,"independent"
6,4483,"independent"
6,4484,"independent"
6,4485,"independent"
8,4486,"independent"
8,4487,"independent"
4,4488,"independent"
8,4489,"independent"
6,4490,"independent"
8,4491,"independent"
6,4492,"independent"
6,4493,"independent"
8,4494,"independent"
4,4495,"independent"
8,4496,"independent"
6,4497,"independent"
8,4498,"independent"
8,4499,"independent"
8,4500,"independent"
6,4501,"independent"
4,4502,"independent"
4,4503,"independent"
6,4504,"independent"
8,4505,"independent"
6,4506,"independent"
8,4507,"independent"
2,4508,"independent"
8,4509,"independent"
6,4510,"independent"
2,4511,"independent"
8,4512,"independent"
6,4513,"independent"
4,4514,"independent"
6,4515,"independent"
6,4516,"independent"
4,4517,"independent"
8,4518,"independent"
2,4519,"independent"
6,4520,"independent"
2,4521,"independent"
8,4522,"independent"
6,4523,"independent"
6,4524,"independent"
6,4525,"independent"
4,4526,"independent"
4,4527,"independent"
6,4528,"independent"
4,4529,"independent"
6,4530,"independent"
4,4531,"independent"
6,4532,"independent"
4,4533,"independent"
8,4534,"independent"
6,4535,"independent"
4,4536,"independent"
6,4537,"independent"
4,4538,"independent"
4,4539,"independent"
10,4540,"independent"
6,4541,"independent"
6,4542,"independent"
4,4543,"independent"
8,4544,"independent"
4,4545,"independent"
8,4546,"independent"
8,4547,"independent"
10,4548,"independent"
6,4549,"independent"
6,4550,"independent"
6,4551,"independent"
8,4552,"independent"
6,4553,"independent"
10,4554,"independent"
6,4555,"independent"
6,4556,"independent"
6,4557,"independent"
8,4558,"independent"
8,4559,"independent"
4,4560,"independent"
6,4561,"independent"
8,4562,"independent"
6,4563,"independent"
6,4564,"independent"
8,4565,"independent"
10,4566,"independent"
4,4567,"independent"
6,4568,"independent"
6,4569,"independent"
8,4570,"independent"
2,4571,"independent"
4,4572,"independent"
6,4573,"independent"
4,4574,"independent"
6,4575,"independent"
8,4576,"independent"
6,4577,"independent"
8,4578,"independent"
6,4579,"independent"
4,4580,"independent"
4,4581,"independent"
6,4582,"independent"
6,4583,"independent"
6,4584,"independent"
6,4585,"independent"
6,4586,"independent"
10,4587,"independent"
6,4588,"independent"
8,4589,"independent"
6,4590,"independent"
6,4591,"independent"
6,4592,"independent"
6,4593,"independent"
8,4594,"independent"
8,4595,"independent"
4,4596,"independent"
8,4597,"independent"
4,4598,"independent"
6,4599,"independent"
4,4600,"independent"
8,4601,"independent"
6,4602,"independent"
4,4603,"independent"
6,4604,"independent"
4,4605,"independent"
8,4606,"independent"
8,4607,"independent"
8,4608,"independent"
2,4609,"independent"
0,4610,"independent"
6,4611,"independent"
10,4612,"independent"
8,4613,"independent"
6,4614,"independent"
8,4615,"independent"
4,4616,"independent"
4,4617,"independent"
6,4618,"independent"
8,4619,"independent"
6,4620,"independent"
8,4621,"independent"
8,4622,"independent"
10,4623,"independent"
8,4624,"independent"
8,4625,"independent"
10,4626,"independent"
6,4627,"independent"
8,4628,"independent"
4,4629,"independent"
8,4630,"independent"
8,4631,"independent"
6,4632,"independent"
8,4633,"independent"
6,4634,"independent"
6,4635,"independent"
8,4636,"independent"
8,4637,"independent"
4,4638,"independent"
6,4639,"independent"
6,4640,"independent"
4,4641,"independent"
10,4642,"independent"
4,4643,"independent"
2,4644,"independent"
4,4645,"independent"
4,4646,"independent"
4,4647,"independent"
4,4648,"independent"
4,4649,"independent"
6,4650,"independent"
10,4651,"independent"
6,4652,"independent"
6,4653,"independent"
6,4654,"independent"
10,4655,"independent"
4,4656,"independent"
6,4657,"independent"
10,4658,"independent"
8,4659,"independent"
4,4660,"independent"
2,4661,"independent"
6,4662,"independent"
6,4663,"independent"
6,4664,"independent"
6,4665,"independent"
4,4666,"independent"
4,4667,"independent"
6,4668,"independent"
8,4669,"independent"
6,4670,"independent"
8,4671,"independent"
8,4672,"independent"
6,4673,"independent"
4,4674,"independent"
6,4675,"independent"
8,4676,"independent"
4,4677,"independent"
8,4678,"independent"
6,4679,"independent"
8,4680,"independent"
6,4681,"independent"
8,4682,"independent"
6,4683,"independent"
6,4684,"independent"
8,4685,"independent"
6,4686,"independent"
8,4687,"independent"
8,4688,"independent"
4,4689,"independent"
6,4690,"independent"
4,4691,"independent"
8,4692,"independent"
4,4693,"independent"
6,4694,"independent"
6,4695,"independent"
6,4696,"independent"
8,4697,"independent"
6,4698,"independent"
6,4699,"independent"
6,4700,"independent"
4,4701,"independent"
2,4702,"independent"
6,4703,"independent"
4,4704,"independent"
6,4705,"independent"
4,4706,"independent"
4,4707,"independent"
8,4708,"independent"
8,4709,"independent"
6,4710,"independent"
4,4711,"independent"
4,4712,"independent"
4,4713,"independent"
6,4714,"independent"
8,4715,"independent"
6,4716,"independent"
6,4717,"independent"
8,4718,"independent"
4,4719,"independent"
8,4720,"independent"
4,4721,"independent"
10,4722,"independent"
4,4723,"independent"
4,4724,"independent"
6,4725,"independent"
10,4726,"independent"
6,4727,"independent"
2,4728,"independent"
8,4729,"independent"
10,4730,"independent"
6,4731,"independent"
4,4732,"independent"
10,4733,"independent"
8,4734,"independent"
6,4735,"independent"
8,4736,"independent"
4,4737,"independent"
4,4738,"independent"
8,4739,"independent"
8,4740,"independent"
6,4741,"independent"
6,4742,"independent"
6,4743,"independent"
6,4744,"independent"
6,4745,"independent"
8,4746,"independent"
4,4747,"independent"
8,4748,"independent"
8,4749,"independent"
4,4750,"independent"
10,4751,"independent"
4,4752,"independent"
10,4753,"independent"
4,4754,"independent"
8,4755,"independent"
4,4756,"independent"
6,4757,"independent"
4,4758,"independent"
4,4759,"independent"
8,4760,"independent"
8,4761,"independent"
6,4762,"independent"
8,4763,"independent"
6,4764,"independent"
4,4765,"independent"
8,4766,"independent"
8,4767,"independent"
6,4768,"independent"
12,4769,"independent"
4,4770,"independent"
4,4771,"independent"
6,4772,"independent"
4,4773,"independent"
8,4774,"independent"
4,4775,"independent"
4,4776,"independent"
8,4777,"independent"
6,4778,"independent"
4,4779,"independent"
8,4780,"independent"
2,4781,"independent"
4,4782,"independent"
4,4783,"independent"
8,4784,"independent"
0,4785,"independent"
4,4786,"independent"
0,4787,"independent"
4,4788,"independent"
4,4789,"independent"
4,4790,"independent"
6,4791,"independent"
8,4792,"independent"
6,4793,"independent"
8,4794,"independent"
4,4795,"independent"
8,4796,"independent"
6,4797,"independent"
4,4798,"independent"
6,4799,"independent"
8,4800,"independent"
6,4801,"independent"
6,4802,"independent"
6,4803,"independent"
6,4804,"independent"
2,4805,"independent"
6,4806,"independent"
4,4807,"independent"
6,4808,"independent"
6,4809,"independent"
10,4810,"independent"
4,4811,"independent"
6,4812,"independent"
8,4813,"independent"
10,4814,"independent"
8,4815,"independent"
6,4816,"independent"
6,4817,"independent"
8,4818,"independent"
6,4819,"independent"
4,4820,"independent"
6,4821,"independent"
8,4822,"independent"
8,4823,"independent"
8,4824,"independent"
4,4825,"independent"
4,4826,"independent"
6,4827,"independent"
2,4828,"independent"
4,4829,"independent"
4,4830,"independent"
8,4831,"independent"
4,4832,"independent"
6,4833,"independent"
10,4834,"independent"
6,4835,"independent"
12,4836,"independent"
8,4837,"independent"
8,4838,"independent"
8,4839,"independent"
2,4840,"independent"
6,4841,"independent"
8,4842,"independent"
4,4843,"independent"
6,4844,"independent"
4,4845,"independent"
8,4846,"independent"
6,4847,"independent"
8,4848,"independent"
6,4849,"independent"
6,4850,"independent"
4,4851,"independent"
4,4852,"independent"
6,4853,"independent"
10,4854,"independent"
6,4855,"independent"
6,4856,"independent"
8,4857,"independent"
4,4858,"independent"
6,4859,"independent"
8,4860,"independent"
4,4861,"independent"
4,4862,"independent"
6,4863,"independent"
8,4864,"independent"
4,4865,"independent"
6,4866,"independent"
8,4867,"independent"
6,4868,"independent"
6,4869,"independent"
8,4870,"independent"
6,4871,"independent"
2,4872,"independent"
4,4873,"independent"
8,4874,"independent"
6,4875,"independent"
2,4876,"independent"
6,4877,"independent"
4,4878,"independent"
8,4879,"independent"
8,4880,"independent"
6,4881,"independent"
8,4882,"independent"
4,4883,"independent"
4,4884,"independent"
2,4885,"independent"
10,4886,"independent"
8,4887,"independent"
6,4888,"independent"
6,4889,"independent"
10,4890,"independent"
4,4891,"independent"
8,4892,"independent"
6,4893,"independent"
10,4894,"independent"
8,4895,"independent"
6,4896,"independent"
2,4897,"independent"
2,4898,"independent"
4,4899,"independent"
8,4900,"independent"
6,4901,"independent"
6,4902,"independent"
8,4903,"independent"
8,4904,"independent"
4,4905,"independent"
6,4906,"independent"
6,4907,"independent"
4,4908,"independent"
10,4909,"independent"
6,4910,"independent"
4,4911,"independent"
6,4912,"independent"
8,4913,"independent"
6,4914,"independent"
4,4915,"independent"
8,4916,"independent"
8,4917,"independent"
4,4918,"independent"
12,4919,"independent"
6,4920,"independent"
8,4921,"independent"
6,4922,"independent"
2,4923,"independent"
8,4924,"independent"
6,4925,"independent"
6,4926,"independent"
6,4927,"independent"
6,4928,"independent"
2,4929,"independent"
8,4930,"independent"
6,4931,"independent"
10,4932,"independent"
6,4933,"independent"
6,4934,"independent"
6,4935,"independent"
6,4936,"independent"
10,4937,"independent"
6,4938,"independent"
4,4939,"independent"
6,4940,"independent"
8,4941,"independent"
8,4942,"independent"
4,4943,"independent"
4,4944,"independent"
2,4945,"independent"
4,4946,"independent"
8,4947,"independent"
2,4948,"independent"
8,4949,"independent"
6,4950,"independent"
2,4951,"independent"
6,4952,"independent"
12,4953,"independent"
6,4954,"independent"
6,4955,"independent"
6,4956,"independent"
6,4957,"independent"
4,4958,"independent"
6,4959,"independent"
2,4960,"independent"
6,4961,"independent"
8,4962,"independent"
4,4963,"independent"
6,4964,"independent"
4,4965,"independent"
4,4966,"independent"
6,4967,"independent"
6,4968,"independent"
6,4969,"independent"
2,4970,"independent"
8,4971,"independent"
6,4972,"independent"
4,4973,"independent"
4,4974,"independent"
6,4975,"independent"
2,4976,"independent"
4,4977,"independent"
6,4978,"independent"
8,4979,"independent"
6,4980,"independent"
6,4981,"independent"
6,4982,"independent"
2,4983,"independent"
10,4984,"independent"
8,4985,"independent"
6,4986,"independent"
6,4987,"independent"
6,4988,"independent"
2,4989,"independent"
4,4990,"independent"
6,4991,"independent"
4,4992,"independent"
4,4993,"independent"
6,4994,"independent"
8,4995,"independent"
8,4996,"independent"
8,4997,"independent"
6,4998,"independent"
8,4999,"independent"
2,5000,"independent"
6,5001,"independent"
6,5002,"independent"
6,5003,"independent"
6,5004,"independent"
8,5005,"independent"
8,5006,"independent"
8,5007,"independent"
6,5008,"independent"
8,5009,"independent"
6,5010,"independent"
4,5011,"independent"
6,5012,"independent"
4,5013,"independent"
10,5014,"independent"
2,5015,"independent"
4,5016,"independent"
8,5017,"independent"
6,5018,"independent"
6,5019,"independent"
4,5020,"independent"
6,5021,"independent"
2,5022,"independent"
10,5023,"independent"
10,5024,"independent"
4,5025,"independent"
8,5026,"independent"
8,5027,"independent"
8,5028,"independent"
8,5029,"independent"
8,5030,"independent"
8,5031,"independent"
6,5032,"independent"
6,5033,"independent"
6,5034,"independent"
6,5035,"independent"
2,5036,"independent"
8,5037,"independent"
0,5038,"independent"
6,5039,"independent"
8,5040,"independent"
10,5041,"independent"
6,5042,"independent"
8,5043,"independent"
4,5044,"independent"
8,5045,"independent"
4,5046,"independent"
6,5047,"independent"
6,5048,"independent"
6,5049,"independent"
4,5050,"independent"
4,5051,"independent"
6,5052,"independent"
4,5053,"independent"
2,5054,"independent"
2,5055,"independent"
8,5056,"independent"
4,5057,"independent"
6,5058,"independent"
6,5059,"independent"
6,5060,"independent"
8,5061,"independent"
10,5062,"independent"
6,5063,"independent"
8,5064,"independent"
10,5065,"independent"
2,5066,"independent"
6,5067,"independent"
8,5068,"independent"
4,5069,"independent"
6,5070,"independent"
6,5071,"independent"
8,5072,"independent"
6,5073,"independent"
10,5074,"independent"
2,5075,"independent"
2,5076,"independent"
6,5077,"independent"
6,5078,"independent"
2,5079,"independent"
6,5080,"independent"
8,5081,"independent"
6,5082,"independent"
8,5083,"independent"
6,5084,"independent"
6,5085,"independent"
2,5086,"independent"
6,5087,"independent"
6,5088,"independent"
4,5089,"independent"
6,5090,"independent"
2,5091,"independent"
4,5092,"independent"
10,5093,"independent"
6,5094,"independent"
6,5095,"independent"
6,5096,"independent"
8,5097,"independent"
4,5098,"independent"
6,5099,"independent"
6,5100,"independent"
8,5101,"independent"
8,5102,"independent"
4,5103,"independent"
6,5104,"independent"
6,5105,"independent"
6,5106,"independent"
6,5107,"independent"
8,5108,"independent"
4,5109,"independent"
6,5110,"independent"
4,5111,"independent"
8,5112,"independent"
4,5113,"independent"
8,5114,"independent"
8,5115,"independent"
2,5116,"independent"
8,5117,"independent"
4,5118,"independent"
8,5119,"independent"
6,5120,"independent"
8,5121,"independent"
6,5122,"independent"
6,5123,"independent"
4,5124,"independent"
10,5125,"independent"
8,5126,"independent"
6,5127,"independent"
6,5128,"independent"
4,5129,"independent"
8,5130,"independent"
10,5131,"independent"
8,5132,"independent"
4,5133,"independent"
8,5134,"independent"
2,5135,"independent"
4,5136,"independent"
8,5137,"independent"
6,5138,"independent"
10,5139,"independent"
6,5140,"independent"
8,5141,"independent"
6,5142,"independent"
6,5143,"independent"
4,5144,"independent"
6,5145,"independent"
8,5146,"independent"
4,5147,"independent"
6,5148,"independent"
4,5149,"independent"
4,5150,"independent"
8,5151,"independent"
10,5152,"independent"
6,5153,"independent"
4,5154,"independent"
6,5155,"independent"
8,5156,"independent"
6,5157,"independent"
6,5158,"independent"
4,5159,"independent"
8,5160,"independent"
4,5161,"independent"
4,5162,"independent"
8,5163,"independent"
4,5164,"independent"
8,5165,"independent"
10,5166,"independent"
4,5167,"independent"
8,5168,"independent"
6,5169,"independent"
4,5170,"independent"
8,5171,"independent"
4,5172,"independent"
6,5173,"independent"
6,5174,"independent"
4,5175,"independent"
10,5176,"independent"
6,5177,"independent"
4,5178,"independent"
4,5179,"independent"
8,5180,"independent"
8,5181,"independent"
4,5182,"independent"
4,5183,"independent"
6,5184,"independent"
8,5185,"independent"
6,5186,"independent"
10,5187,"independent"
8,5188,"independent"
8,5189,"independent"
8,5190,"independent"
8,5191,"independent"
6,5192,"independent"
6,5193,"independent"
6,5194,"independent"
4,5195,"independent"
6,5196,"independent"
2,5197,"independent"
6,5198,"independent"
8,5199,"independent"
4,5200,"independent"
6,5201,"independent"
8,5202,"independent"
6,5203,"independent"
6,5204,"independent"
8,5205,"independent"
6,5206,"independent"
10,5207,"independent"
6,5208,"independent"
6,5209,"independent"
6,5210,"independent"
8,5211,"independent"
8,5212,"independent"
0,5213,"independent"
4,5214,"independent"
4,5215,"independent"
4,5216,"independent"
8,5217,"independent"
4,5218,"independent"
2,5219,"independent"
4,5220,"independent"
6,5221,"independent"
8,5222,"independent"
8,5223,"independent"
6,5224,"independent"
6,5225,"independent"
2,5226,"independent"
8,5227,"independent"
6,5228,"independent"
6,5229,"independent"
6,5230,"independent"
4,5231,"independent"
6,5232,"independent"
6,5233,"independent"
6,5234,"independent"
8,5235,"independent"
4,5236,"independent"
6,5237,"independent"
10,5238,"independent"
8,5239,"independent"
8,5240,"independent"
8,5241,"independent"
4,5242,"independent"
8,5243,"independent"
8,5244,"independent"
6,5245,"independent"
12,5246,"independent"
2,5247,"independent"
8,5248,"independent"
6,5249,"independent"
6,5250,"independent"
4,5251,"independent"
4,5252,"independent"
4,5253,"independent"
2,5254,"independent"
8,5255,"independent"
4,5256,"independent"
8,5257,"independent"
8,5258,"independent"
6,5259,"independent"
6,5260,"independent"
8,5261,"independent"
6,5262,"independent"
8,5263,"independent"
4,5264,"independent"
6,5265,"independent"
6,5266,"independent"
6,5267,"independent"
4,5268,"independent"
8,5269,"independent"
6,5270,"independent"
4,5271,"independent"
6,5272,"independent"
6,5273,"independent"
4,5274,"independent"
6,5275,"independent"
10,5276,"independent"
8,5277,"independent"
8,5278,"independent"
6,5279,"independent"
4,5280,"independent"
6,5281,"independent"
8,5282,"independent"
4,5283,"independent"
4,5284,"independent"
6,5285,"independent"
8,5286,"independent"
6,5287,"independent"
8,5288,"independent"
8,5289,"independent"
4,5290,"independent"
6,5291,"independent"
8,5292,"independent"
2,5293,"independent"
4,5294,"independent"
6,5295,"independent"
4,5296,"independent"
6,5297,"independent"
8,5298,"independent"
6,5299,"independent"
6,5300,"independent"
2,5301,"independent"
6,5302,"independent"
4,5303,"independent"
8,5304,"independent"
8,5305,"independent"
6,5306,"independent"
8,5307,"independent"
6,5308,"independent"
8,5309,"independent"
8,5310,"independent"
6,5311,"independent"
6,5312,"independent"
8,5313,"independent"
6,5314,"independent"
6,5315,"independent"
4,5316,"independent"
8,5317,"independent"
8,5318,"independent"
4,5319,"independent"
2,5320,"independent"
6,5321,"independent"
6,5322,"independent"
6,5323,"independent"
8,5324,"independent"
2,5325,"independent"
6,5326,"independent"
4,5327,"independent"
8,5328,"independent"
6,5329,"independent"
4,5330,"independent"
6,5331,"independent"
6,5332,"independent"
8,5333,"independent"
4,5334,"independent"
6,5335,"independent"
4,5336,"independent"
8,5337,"independent"
6,5338,"independent"
8,5339,"independent"
8,5340,"independent"
6,5341,"independent"
8,5342,"independent"
4,5343,"independent"
6,5344,"independent"
6,5345,"independent"
6,5346,"independent"
6,5347,"independent"
6,5348,"independent"
6,5349,"independent"
6,5350,"independent"
6,5351,"independent"
6,5352,"independent"
8,5353,"independent"
6,5354,"independent"
6,5355,"independent"
6,5356,"independent"
8,5357,"independent"
8,5358,"independent"
4,5359,"independent"
4,5360,"independent"
8,5361,"independent"
8,5362,"independent"
4,5363,"independent"
6,5364,"independent"
10,5365,"independent"
4,5366,"independent"
6,5367,"independent"
8,5368,"independent"
10,5369,"independent"
8,5370,"independent"
8,5371,"independent"
4,5372,"independent"
6,5373,"independent"
6,5374,"independent"
6,5375,"independent"
4,5376,"independent"
8,5377,"independent"
2,5378,"independent"
6,5379,"independent"
6,5380,"independent"
4,5381,"independent"
6,5382,"independent"
4,5383,"independent"
6,5384,"independent"
10,5385,"independent"
6,5386,"independent"
6,5387,"independent"
4,5388,"independent"
4,5389,"independent"
6,5390,"independent"
6,5391,"independent"
2,5392,"independent"
6,5393,"independent"
6,5394,"independent"
6,5395,"independent"
6,5396,"independent"
6,5397,"independent"
6,5398,"independent"
6,5399,"independent"
10,5400,"independent"
8,5401,"independent"
8,5402,"independent"
6,5403,"independent"
6,5404,"independent"
8,5405,"independent"
10,5406,"independent"
4,5407,"independent"
6,5408,"independent"
6,5409,"independent"
8,5410,"independent"
6,5411,"independent"
6,5412,"independent"
4,5413,"independent"
4,5414,"independent"
8,5415,"independent"
6,5416,"independent"
8,5417,"independent"
12,5418,"independent"
6,5419,"independent"
8,5420,"independent"
6,5421,"independent"
8,5422,"independent"
10,5423,"independent"
6,5424,"independent"
8,5425,"independent"
4,5426,"independent"
8,5427,"independent"
2,5428,"independent"
8,5429,"independent"
6,5430,"independent"
8,5431,"independent"
12,5432,"independent"
4,5433,"independent"
6,5434,"independent"
4,5435,"independent"
4,5436,"independent"
4,5437,"independent"
6,5438,"independent"
4,5439,"independent"
6,5440,"independent"
8,5441,"independent"
6,5442,"independent"
8,5443,"independent"
8,5444,"independent"
6,5445,"independent"
6,5446,"independent"
10,5447,"independent"
6,5448,"independent"
8,5449,"independent"
6,5450,"independent"
4,5451,"independent"
6,5452,"independent"
6,5453,"independent"
4,5454,"independent"
6,5455,"independent"
6,5456,"independent"
4,5457,"independent"
8,5458,"independent"
8,5459,"independent"
8,5460,"independent"
6,5461,"independent"
12,5462,"independent"
6,5463,"independent"
6,5464,"independent"
8,5465,"independent"
8,5466,"independent"
2,5467,"independent"
2,5468,"independent"
4,5469,"independent"
6,5470,"independent"
0,5471,"independent"
4,5472,"independent"
2,5473,"independent"
8,5474,"independent"
10,5475,"independent"
4,5476,"independent"
6,5477,"independent"
6,5478,"independent"
6,5479,"independent"
6,5480,"independent"
6,5481,"independent"
4,5482,"independent"
4,5483,"independent"
4,5484,"independent"
4,5485,"independent"
4,5486,"independent"
6,5487,"independent"
6,5488,"independent"
4,5489,"independent"
4,5490,"independent"
6,5491,"independent"
4,5492,"independent"
6,5493,"independent"
6,5494,"independent"
8,5495,"independent"
6,5496,"independent"
6,5497,"independent"
8,5498,"independent"
6,5499,"independent"
4,5500,"independent"
4,5501,"independent"
4,5502,"independent"
8,5503,"independent"
4,5504,"independent"
2,5505,"independent"
8,5506,"independent"
6,5507,"independent"
6,5508,"independent"
4,5509,"independent"
6,5510,"independent"
2,5511,"independent"
4,5512,"independent"
2,5513,"independent"
8,5514,"independent"
6,5515,"independent"
6,5516,"independent"
4,5517,"independent"
4,5518,"independent"
8,5519,"independent"
6,5520,"independent"
6,5521,"independent"
4,5522,"independent"
6,5523,"independent"
8,5524,"independent"
8,5525,"independent"
6,5526,"independent"
6,5527,"independent"
6,5528,"independent"
8,5529,"independent"
6,5530,"independent"
4,5531,"independent"
4,5532,"independent"
6,5533,"independent"
6,5534,"independent"
4,5535,"independent"
6,5536,"independent"
4,5537,"independent"
8,5538,"independent"
6,5539,"independent"
2,5540,"independent"
8,5541,"independent"
4,5542,"independent"
6,5543,"independent"
6,5544,"independent"
6,5545,"independent"
6,5546,"independent"
2,5547,"independent"
6,5548,"independent"
4,5549,"independent"
6,5550,"independent"
6,5551,"independent"
4,5552,"independent"
4,5553,"independent"
4,5554,"independent"
6,5555,"independent"
4,5556,"independent"
6,5557,"independent"
8,5558,"independent"
6,5559,"independent"
8,5560,"independent"
4,5561,"independent"
10,5562,"independent"
4,5563,"independent"
6,5564,"independent"
4,5565,"independent"
2,5566,"independent"
4,5567,"independent"
6,5568,"independent"
6,5569,"independent"
8,5570,"independent"
4,5571,"independent"
6,5572,"independent"
4,5573,"independent"
4,5574,"independent"
6,5575,"independent"
4,5576,"independent"
4,5577,"independent"
6,5578,"independent"
4,5579,"independent"
8,5580,"independent"
6,5581,"independent"
8,5582,"independent"
4,5583,"independent"
4,5584,"independent"
2,5585,"independent"
6,5586,"independent"
6,5587,"independent"
8,5588,"independent"
4,5589,"independent"
4,5590,"independent"
6,5591,"independent"
6,5592,"independent"
8,5593,"independent"
6,5594,"independent"
8,5595,"independent"
6,5596,"independent"
8,5597,"independent"
6,5598,"independent"
6,5599,"independent"
4,5600,"independent"
6,5601,"independent"
8,5602,"independent"
8,5603,"independent"
6,5604,"independent"
6,5605,"independent"
4,5606,"independent"
8,5607,"independent"
4,5608,"independent"
4,5609,"independent"
6,5610,"independent"
6,5611,"independent"
6,5612,"independent"
6,5613,"independent"
6,5614,"independent"
6,5615,"independent"
10,5616,"independent"
6,5617,"independent"
4,5618,"independent"
8,5619,"independent"
6,5620,"independent"
6,5621,"independent"
4,5622,"independent"
2,5623,"independent"
6,5624,"independent"
6,5625,"independent"
6,5626,"independent"
8,5627,"independent"
6,5628,"independent"
6,5629,"independent"
4,5630,"independent"
4,5631,"independent"
8,5632,"independent"
6,5633,"independent"
4,5634,"independent"
10,5635,"independent"
8,5636,"independent"
4,5637,"independent"
4,5638,"independent"
8,5639,"independent"
6,5640,"independent"
6,5641,"independent"
12,5642,"independent"
4,5643,"independent"
2,5644,"independent"
8,5645,"independent"
6,5646,"independent"
6,5647,"independent"
8,5648,"independent"
6,5649,"independent"
4,5650,"independent"
4,5651,"independent"
8,5652,"independent"
6,5653,"independent"
6,5654,"independent"
8,5655,"independent"
8,5656,"independent"
6,5657,"independent"
6,5658,"independent"
6,5659,"independent"
8,5660,"independent"
8,5661,"independent"
6,5662,"independent"
4,5663,"independent"
4,5664,"independent"
4,5665,"independent"
6,5666,"independent"
6,5667,"independent"
6,5668,"independent"
6,5669,"independent"
2,5670,"independent"
4,5671,"independent"
4,5672,"independent"
6,5673,"independent"
6,5674,"independent"
4,5675,"independent"
4,5676,"independent"
4,5677,"independent"
4,5678,"independent"
6,5679,"independent"
6,5680,"independent"
6,5681,"independent"
8,5682,"independent"
8,5683,"independent"
4,5684,"independent"
4,5685,"independent"
4,5686,"independent"
6,5687,"independent"
8,5688,"independent"
4,5689,"independent"
6,5690,"independent"
2,5691,"independent"
4,5692,"independent"
4,5693,"independent"
8,5694,"independent"
6,5695,"independent"
4,5696,"independent"
10,5697,"independent"
4,5698,"independent"
8,5699,"independent"
6,5700,"independent"
6,5701,"independent"
6,5702,"independent"
6,5703,"independent"
6,5704,"independent"
4,5705,"independent"
8,5706,"independent"
6,5707,"independent"
4,5708,"independent"
8,5709,"independent"
6,5710,"independent"
6,5711,"independent"
8,5712,"independent"
10,5713,"independent"
2,5714,"independent"
6,5715,"independent"
6,5716,"independent"
4,5717,"independent"
8,5718,"independent"
4,5719,"independent"
4,5720,"independent"
4,5721,"independent"
6,5722,"independent"
6,5723,"independent"
6,5724,"independent"
6,5725,"independent"
6,5726,"independent"
4,5727,"independent"
6,5728,"independent"
4,5729,"independent"
4,5730,"independent"
8,5731,"independent"
8,5732,"independent"
8,5733,"independent"
4,5734,"independent"
6,5735,"independent"
8,5736,"independent"
6,5737,"independent"
6,5738,"independent"
6,5739,"independent"
6,5740,"independent"
6,5741,"independent"
6,5742,"independent"
6,5743,"independent"
8,5744,"independent"
4,5745,"independent"
8,5746,"independent"
4,5747,"independent"
8,5748,"independent"
6,5749,"independent"
8,5750,"independent"
8,5751,"independent"
6,5752,"independent"
4,5753,"independent"
8,5754,"independent"
6,5755,"independent"
8,5756,"independent"
6,5757,"independent"
8,5758,"independent"
8,5759,"independent"
10,5760,"independent"
6,5761,"independent"
10,5762,"independent"
4,5763,"independent"
8,5764,"independent"
12,5765,"independent"
4,5766,"independent"
4,5767,"independent"
8,5768,"independent"
4,5769,"independent"
6,5770,"independent"
8,5771,"independent"
6,5772,"independent"
8,5773,"independent"
6,5774,"independent"
6,5775,"independent"
4,5776,"independent"
4,5777,"independent"
6,5778,"independent"
6,5779,"independent"
4,5780,"independent"
2,5781,"independent"
6,5782,"independent"
8,5783,"independent"
4,5784,"independent"
8,5785,"independent"
6,5786,"independent"
6,5787,"independent"
8,5788,"independent"
8,5789,"independent"
6,5790,"independent"
4,5791,"independent"
6,5792,"independent"
4,5793,"independent"
4,5794,"independent"
8,5795,"independent"
6,5796,"independent"
8,5797,"independent"
4,5798,"independent"
8,5799,"independent"
4,5800,"independent"
6,5801,"independent"
4,5802,"independent"
2,5803,"independent"
8,5804,"independent"
6,5805,"independent"
10,5806,"independent"
4,5807,"independent"
8,5808,"independent"
2,5809,"independent"
6,5810,"independent"
6,5811,"independent"
6,5812,"independent"
6,5813,"independent"
6,5814,"independent"
8,5815,"independent"
4,5816,"independent"
6,5817,"independent"
4,5818,"independent"
10,5819,"independent"
10,5820,"independent"
10,5821,"independent"
8,5822,"independent"
6,5823,"independent"
2,5824,"independent"
6,5825,"independent"
8,5826,"independent"
6,5827,"independent"
6,5828,"independent"
6,5829,"independent"
10,5830,"independent"
4,5831,"independent"
8,5832,"independent"
6,5833,"independent"
8,5834,"independent"
6,5835,"independent"
8,5836,"independent"
4,5837,"independent"
6,5838,"independent"
10,5839,"independent"
6,5840,"independent"
8,5841,"independent"
8,5842,"independent"
8,5843,"independent"
6,5844,"independent"
4,5845,"independent"
6,5846,"independent"
6,5847,"independent"
4,5848,"independent"
6,5849,"independent"
6,5850,"independent"
4,5851,"independent"
6,5852,"independent"
6,5853,"independent"
4,5854,"independent"
6,5855,"independent"
6,5856,"independent"
8,5857,"independent"
6,5858,"independent"
6,5859,"independent"
6,5860,"independent"
8,5861,"independent"
8,5862,"independent"
6,5863,"independent"
4,5864,"independent"
6,5865,"independent"
4,5866,"independent"
8,5867,"independent"
6,5868,"independent"
8,5869,"independent"
6,5870,"independent"
2,5871,"independent"
6,5872,"independent"
8,5873,"independent"
6,5874,"independent"
4,5875,"independent"
6,5876,"independent"
6,5877,"independent"
4,5878,"independent"
6,5879,"independent"
8,5880,"independent"
6,5881,"independent"
2,5882,"independent"
8,5883,"independent"
6,5884,"independent"
8,5885,"independent"
4,5886,"independent"
6,5887,"independent"
8,5888,"independent"
8,5889,"independent"
6,5890,"independent"
6,5891,"independent"
6,5892,"independent"
6,5893,"independent"
8,5894,"independent"
6,5895,"independent"
6,5896,"independent"
4,5897,"independent"
4,5898,"independent"
8,5899,"independent"
8,5900,"independent"
4,5901,"independent"
6,5902,"independent"
6,5903,"independent"
6,5904,"independent"
4,5905,"independent"
8,5906,"independent"
8,5907,"independent"
4,5908,"independent"
8,5909,"independent"
6,5910,"independent"
8,5911,"independent"
4,5912,"independent"
10,5913,"independent"
10,5914,"independent"
4,5915,"independent"
4,5916,"independent"
8,5917,"independent"
6,5918,"independent"
8,5919,"independent"
8,5920,"independent"
2,5921,"independent"
6,5922,"independent"
6,5923,"independent"
8,5924,"independent"
4,5925,"independent"
4,5926,"independent"
6,5927,"independent"
10,5928,"independent"
2,5929,"independent"
8,5930,"independent"
4,5931,"independent"
8,5932,"independent"
6,5933,"independent"
6,5934,"independent"
4,5935,"independent"
6,5936,"independent"
8,5937,"independent"
6,5938,"independent"
8,5939,"independent"
4,5940,"independent"
6,5941,"independent"
4,5942,"independent"
8,5943,"independent"
8,5944,"independent"
4,5945,"independent"
8,5946,"independent"
8,5947,"independent"
4,5948,"independent"
8,5949,"independent"
4,5950,"independent"
8,5951,"independent"
8,5952,"independent"
6,5953,"independent"
2,5954,"independent"
6,5955,"independent"
8,5956,"independent"
4,5957,"independent"
6,5958,"independent"
6,5959,"independent"
4,5960,"independent"
4,5961,"independent"
2,5962,"independent"
4,5963,"independent"
6,5964,"independent"
4,5965,"independent"
2,5966,"independent"
6,5967,"independent"
8,5968,"independent"
6,5969,"independent"
8,5970,"independent"
6,5971,"independent"
4,5972,"independent"
8,5973,"independent"
8,5974,"independent"
8,5975,"independent"
6,5976,"independent"
6,5977,"independent"
4,5978,"independent"
8,5979,"independent"
8,5980,"independent"
8,5981,"independent"
6,5982,"independent"
4,5983,"independent"
8,5984,"independent"
4,5985,"independent"
4,5986,"independent"
6,5987,"independent"
8,5988,"independent"
8,5989,"independent"
4,5990,"independent"
4,5991,"independent"
6,5992,"independent"
8,5993,"independent"
10,5994,"independent"
6,5995,"independent"
4,5996,"independent"
6,5997,"independent"
6,5998,"independent"
2,5999,"independent"
6,6000,"independent"
4,6001,"independent"
6,6002,"independent"
8,6003,"independent"
6,6004,"independent"
6,6005,"independent"
2,6006,"independent"
6,6007,"independent"
6,6008,"independent"
6,6009,"independent"
6,6010,"independent"
8,6011,"independent"
8,6012,"independent"
6,6013,"independent"
6,6014,"independent"
6,6015,"independent"
8,6016,"independent"
4,6017,"independent"
6,6018,"independent"
6,6019,"independent"
10,6020,"independent"
8,6021,"independent"
8,6022,"independent"
10,6023,"independent"
6,6024,"independent"
6,6025,"independent"
6,6026,"independent"
6,6027,"independent"
2,6028,"independent"
6,6029,"independent"
4,6030,"independent"
4,6031,"independent"
8,6032,"independent"
4,6033,"independent"
4,6034,"independent"
8,6035,"independent"
2,6036,"independent"
6,6037,"independent"
4,6038,"independent"
8,6039,"independent"
10,6040,"independent"
4,6041,"independent"
8,6042,"independent"
10,6043,"independent"
8,6044,"independent"
8,6045,"independent"
6,6046,"independent"
6,6047,"independent"
8,6048,"independent"
6,6049,"independent"
10,6050,"independent"
4,6051,"independent"
6,6052,"independent"
8,6053,"independent"
8,6054,"independent"
8,6055,"independent"
10,6056,"independent"
8,6057,"independent"
4,6058,"independent"
4,6059,"independent"
4,6060,"independent"
10,6061,"independent"
8,6062,"independent"
6,6063,"independent"
8,6064,"independent"
4,6065,"independent"
6,6066,"independent"
6,6067,"independent"
8,6068,"independent"
6,6069,"independent"
4,6070,"independent"
6,6071,"independent"
6,6072,"independent"
10,6073,"independent"
8,6074,"independent"
10,6075,"independent"
6,6076,"independent"
8,6077,"independent"
6,6078,"independent"
6,6079,"independent"
6,6080,"independent"
6,6081,"independent"
2,6082,"independent"
6,6083,"independent"
4,6084,"independent"
6,6085,"independent"
4,6086,"independent"
10,6087,"independent"
6,6088,"independent"
4,6089,"independent"
8,6090,"independent"
6,6091,"independent"
8,6092,"independent"
6,6093,"independent"
6,6094,"independent"
6,6095,"independent"
2,6096,"independent"
8,6097,"independent"
6,6098,"independent"
6,6099,"independent"
6,6100,"independent"
4,6101,"independent"
8,6102,"independent"
6,6103,"independent"
4,6104,"independent"
6,6105,"independent"
6,6106,"independent"
2,6107,"independent"
6,6108,"independent"
4,6109,"independent"
10,6110,"independent"
6,6111,"independent"
6,6112,"independent"
4,6113,"independent"
6,6114,"independent"
6,6115,"independent"
6,6116,"independent"
6,6117,"independent"
8,6118,"independent"
6,6119,"independent"
6,6120,"independent"
8,6121,"independent"
4,6122,"independent"
8,6123,"independent"
6,6124,"independent"
8,6125,"independent"
8,6126,"independent"
6,6127,"independent"
8,6128,"independent"
4,6129,"independent"
6,6130,"independent"
6,6131,"independent"
6,6132,"independent"
4,6133,"independent"
6,6134,"independent"
6,6135,"independent"
6,6136,"independent"
6,6137,"independent"
6,6138,"independent"
10,6139,"independent"
0,6140,"independent"
4,6141,"independent"
10,6142,"independent"
2,6143,"independent"
8,6144,"independent"
2,6145,"independent"
8,6146,"independent"
4,6147,"independent"
4,6148,"independent"
6,6149,"independent"
8,6150,"independent"
6,6151,"independent"
6,6152,"independent"
4,6153,"independent"
10,6154,"independent"
4,6155,"independent"
4,6156,"independent"
10,6157,"independent"
6,6158,"independent"
6,6159,"independent"
2,6160,"independent"
8,6161,"independent"
8,6162,"independent"
8,6163,"independent"
6,6164,"independent"
6,6165,"independent"
6,6166,"independent"
10,6167,"independent"
8,6168,"independent"
4,6169,"independent"
8,6170,"independent"
6,6171,"independent"
4,6172,"independent"
6,6173,"independent"
8,6174,"independent"
4,6175,"independent"
8,6176,"independent"
8,6177,"independent"
4,6178,"independent"
6,6179,"independent"
4,6180,"independent"
6,6181,"independent"
6,6182,"independent"
6,6183,"independent"
8,6184,"independent"
6,6185,"independent"
6,6186,"independent"
4,6187,"independent"
6,6188,"independent"
0,6189,"independent"
8,6190,"independent"
8,6191,"independent"
8,6192,"independent"
6,6193,"independent"
6,6194,"independent"
6,6195,"independent"
4,6196,"independent"
6,6197,"independent"
8,6198,"independent"
6,6199,"independent"
6,6200,"independent"
4,6201,"independent"
2,6202,"independent"
10,6203,"independent"
4,6204,"independent"
4,6205,"independent"
4,6206,"independent"
6,6207,"independent"
6,6208,"independent"
8,6209,"independent"
6,6210,"independent"
2,6211,"independent"
6,6212,"independent"
4,6213,"independent"
6,6214,"independent"
6,6215,"independent"
8,6216,"independent"
8,6217,"independent"
6,6218,"independent"
6,6219,"independent"
6,6220,"independent"
6,6221,"independent"
0,6222,"independent"
6,6223,"independent"
10,6224,"independent"
6,6225,"independent"
4,6226,"independent"
4,6227,"independent"
8,6228,"independent"
4,6229,"independent"
8,6230,"independent"
4,6231,"independent"
8,6232,"independent"
4,6233,"independent"
8,6234,"independent"
4,6235,"independent"
6,6236,"independent"
2,6237,"independent"
6,6238,"independent"
6,6239,"independent"
6,6240,"independent"
4,6241,"independent"
6,6242,"independent"
10,6243,"independent"
8,6244,"independent"
6,6245,"independent"
4,6246,"independent"
6,6247,"independent"
8,6248,"independent"
8,6249,"independent"
4,6250,"independent"
6,6251,"independent"
4,6252,"independent"
6,6253,"independent"
8,6254,"independent"
6,6255,"independent"
8,6256,"independent"
6,6257,"independent"
8,6258,"independent"
4,6259,"independent"
4,6260,"independent"
6,6261,"independent"
4,6262,"independent"
8,6263,"independent"
6,6264,"independent"
8,6265,"independent"
4,6266,"independent"
0,6267,"independent"
12,6268,"independent"
6,6269,"independent"
8,6270,"independent"
6,6271,"independent"
6,6272,"independent"
6,6273,"independent"
6,6274,"independent"
4,6275,"independent"
4,6276,"independent"
6,6277,"independent"
4,6278,"independent"
6,6279,"independent"
8,6280,"independent"
8,6281,"independent"
4,6282,"independent"
4,6283,"independent"
6,6284,"independent"
10,6285,"independent"
8,6286,"independent"
8,6287,"independent"
6,6288,"independent"
6,6289,"independent"
10,6290,"independent"
6,6291,"independent"
8,6292,"independent"
6,6293,"independent"
6,6294,"independent"
8,6295,"independent"
8,6296,"independent"
8,6297,"independent"
8,6298,"independent"
6,6299,"independent"
4,6300,"independent"
6,6301,"independent"
6,6302,"independent"
6,6303,"independent"
10,6304,"independent"
6,6305,"independent"
8,6306,"independent"
6,6307,"independent"
8,6308,"independent"
4,6309,"independent"
8,6310,"independent"
8,6311,"independent"
8,6312,"independent"
6,6313,"independent"
8,6314,"independent"
4,6315,"independent"
6,6316,"independent"
4,6317,"independent"
6,6318,"independent"
6,6319,"independent"
6,6320,"independent"
10,6321,"independent"
12,6322,"independent"
0,6323,"independent"
6,6324,"independent"
4,6325,"independent"
6,6326,"independent"
10,6327,"independent"
4,6328,"independent"
6,6329,"independent"
12,6330,"independent"
6,6331,"independent"
4,6332,"independent"
6,6333,"independent"
8,6334,"independent"
4,6335,"independent"
6,6336,"independent"
8,6337,"independent"
8,6338,"independent"
8,6339,"independent"
4,6340,"independent"
6,6341,"independent"
4,6342,"independent"
10,6343,"independent"
6,6344,"independent"
2,6345,"independent"
2,6346,"independent"
6,6347,"independent"
4,6348,"independent"
6,6349,"independent"
10,6350,"independent"
4,6351,"independent"
6,6352,"independent"
8,6353,"independent"
6,6354,"independent"
4,6355,"independent"
8,6356,"independent"
4,6357,"independent"
4,6358,"independent"
6,6359,"independent"
2,6360,"independent"
8,6361,"independent"
8,6362,"independent"
4,6363,"independent"
10,6364,"independent"
4,6365,"independent"
6,6366,"independent"
6,6367,"independent"
6,6368,"independent"
8,6369,"independent"
6,6370,"independent"
6,6371,"independent"
6,6372,"independent"
2,6373,"independent"
4,6374,"independent"
4,6375,"independent"
8,6376,"independent"
6,6377,"independent"
8,6378,"independent"
4,6379,"independent"
6,6380,"independent"
6,6381,"independent"
8,6382,"independent"
4,6383,"independent"
6,6384,"independent"
8,6385,"independent"
4,6386,"independent"
6,6387,"independent"
6,6388,"independent"
8,6389,"independent"
4,6390,"independent"
8,6391,"independent"
8,6392,"independent"
10,6393,"independent"
4,6394,"independent"
6,6395,"independent"
6,6396,"independent"
6,6397,"independent"
4,6398,"independent"
2,6399,"independent"
6,6400,"independent"
8,6401,"independent"
6,6402,"independent"
8,6403,"independent"
10,6404,"independent"
4,6405,"independent"
8,6406,"independent"
8,6407,"independent"
6,6408,"independent"
8,6409,"independent"
0,6410,"independent"
4,6411,"independent"
6,6412,"independent"
10,6413,"independent"
6,6414,"independent"
6,6415,"independent"
4,6416,"independent"
6,6417,"independent"
10,6418,"independent"
8,6419,"independent"
8,6420,"independent"
10,6421,"independent"
8,6422,"independent"
2,6423,"independent"
6,6424,"independent"
8,6425,"independent"
8,6426,"independent"
8,6427,"independent"
4,6428,"independent"
8,6429,"independent"
8,6430,"independent"
6,6431,"independent"
6,6432,"independent"
8,6433,"independent"
6,6434,"independent"
6,6435,"independent"
6,6436,"independent"
6,6437,"independent"
4,6438,"independent"
8,6439,"independent"
6,6440,"independent"
6,6441,"independent"
6,6442,"independent"
8,6443,"independent"
8,6444,"independent"
10,6445,"independent"
4,6446,"independent"
6,6447,"independent"
4,6448,"independent"
12,6449,"independent"
8,6450,"independent"
6,6451,"independent"
10,6452,"independent"
6,6453,"independent"
2,6454,"independent"
12,6455,"independent"
8,6456,"independent"
8,6457,"independent"
4,6458,"independent"
6,6459,"independent"
6,6460,"independent"
6,6461,"independent"
6,6462,"independent"
8,6463,"independent"
6,6464,"independent"
6,6465,"independent"
8,6466,"independent"
8,6467,"independent"
6,6468,"independent"
6,6469,"independent"
8,6470,"independent"
8,6471,"independent"
4,6472,"independent"
6,6473,"independent"
8,6474,"independent"
6,6475,"independent"
8,6476,"independent"
4,6477,"independent"
8,6478,"independent"
6,6479,"independent"
6,6480,"independent"
6,6481,"independent"
8,6482,"independent"
4,6483,"independent"
8,6484,"independent"
8,6485,"independent"
4,6486,"independent"
8,6487,"independent"
4,6488,"independent"
8,6489,"independent"
8,6490,"independent"
8,6491,"independent"
10,6492,"independent"
6,6493,"independent"
8,6494,"independent"
4,6495,"independent"
8,6496,"independent"
6,6497,"independent"
6,6498,"independent"
4,6499,"independent"
6,6500,"independent"
8,6501,"independent"
4,6502,"independent"
8,6503,"independent"
4,6504,"independent"
6,6505,"independent"
8,6506,"independent"
6,6507,"independent"
4,6508,"independent"
8,6509,"independent"
2,6510,"independent"
8,6511,"independent"
8,6512,"independent"
2,6513,"independent"
6,6514,"independent"
10,6515,"independent"
6,6516,"independent"
10,6517,"independent"
6,6518,"independent"
4,6519,"independent"
4,6520,"independent"
6,6521,"independent"
8,6522,"independent"
4,6523,"independent"
6,6524,"independent"
8,6525,"independent"
4,6526,"independent"
8,6527,"independent"
8,6528,"independent"
8,6529,"independent"
6,6530,"independent"
10,6531,"independent"
6,6532,"independent"
8,6533,"independent"
2,6534,"independent"
8,6535,"independent"
6,6536,"independent"
6,6537,"independent"
6,6538,"independent"
0,6539,"independent"
6,6540,"independent"
4,6541,"independent"
8,6542,"independent"
8,6543,"independent"
4,6544,"independent"
2,6545,"independent"
6,6546,"independent"
6,6547,"independent"
6,6548,"independent"
6,6549,"independent"
4,6550,"independent"
8,6551,"independent"
8,6552,"independent"
2,6553,"independent"
4,6554,"independent"
8,6555,"independent"
6,6556,"independent"
6,6557,"independent"
4,6558,"independent"
4,6559,"independent"
6,6560,"independent"
6,6561,"independent"
6,6562,"independent"
4,6563,"independent"
8,6564,"independent"
8,6565,"independent"
8,6566,"independent"
4,6567,"independent"
8,6568,"independent"
8,6569,"independent"
6,6570,"independent"
4,6571,"independent"
8,6572,"independent"
8,6573,"independent"
6,6574,"independent"
8,6575,"independent"
8,6576,"independent"
6,6577,"independent"
8,6578,"independent"
6,6579,"independent"
4,6580,"independent"
6,6581,"independent"
2,6582,"independent"
6,6583,"independent"
8,6584,"independent"
12,6585,"independent"
10,6586,"independent"
8,6587,"independent"
6,6588,"independent"
6,6589,"independent"
6,6590,"independent"
6,6591,"independent"
4,6592,"independent"
4,6593,"independent"
8,6594,"independent"
10,6595,"independent"
6,6596,"independent"
8,6597,"independent"
4,6598,"independent"
8,6599,"independent"
8,6600,"independent"
8,6601,"independent"
4,6602,"independent"
8,6603,"independent"
8,6604,"independent"
6,6605,"independent"
6,6606,"independent"
6,6607,"independent"
6,6608,"independent"
6,6609,"independent"
2,6610,"independent"
8,6611,"independent"
4,6612,"independent"
4,6613,"independent"
6,6614,"independent"
8,6615,"independent"
6,6616,"independent"
2,6617,"independent"
6,6618,"independent"
4,6619,"independent"
6,6620,"independent"
6,6621,"independent"
4,6622,"independent"
6,6623,"independent"
2,6624,"independent"
6,6625,"independent"
8,6626,"independent"
12,6627,"independent"
6,6628,"independent"
10,6629,"independent"
4,6630,"independent"
4,6631,"independent"
4,6632,"independent"
8,6633,"independent"
4,6634,"independent"
8,6635,"independent"
6,6636,"independent"
4,6637,"independent"
8,6638,"independent"
8,6639,"independent"
8,6640,"independent"
6,6641,"independent"
2,6642,"independent"
6,6643,"independent"
6,6644,"independent"
6,6645,"independent"
4,6646,"independent"
8,6647,"independent"
6,6648,"independent"
6,6649,"independent"
6,6650,"independent"
8,6651,"independent"
6,6652,"independent"
6,6653,"independent"
4,6654,"independent"
6,6655,"independent"
6,6656,"independent"
6,6657,"independent"
8,6658,"independent"
10,6659,"independent"
8,6660,"independent"
6,6661,"independent"
6,6662,"independent"
6,6663,"independent"
6,6664,"independent"
6,6665,"independent"
6,6666,"independent"
10,6667,"independent"
8,6668,"independent"
6,6669,"independent"
4,6670,"independent"
6,6671,"independent"
8,6672,"independent"
8,6673,"independent"
6,6674,"independent"
8,6675,"independent"
4,6676,"independent"
6,6677,"independent"
4,6678,"independent"
8,6679,"independent"
2,6680,"independent"
4,6681,"independent"
8,6682,"independent"
6,6683,"independent"
4,6684,"independent"
4,6685,"independent"
4,6686,"independent"
8,6687,"independent"
6,6688,"independent"
4,6689,"independent"
8,6690,"independent"
4,6691,"independent"
2,6692,"independent"
6,6693,"independent"
8,6694,"independent"
6,6695,"independent"
4,6696,"independent"
6,6697,"independent"
10,6698,"independent"
8,6699,"independent"
6,6700,"independent"
8,6701,"independent"
6,6702,"independent"
4,6703,"independent"
4,6704,"independent"
8,6705,"independent"
8,6706,"independent"
4,6707,"independent"
6,6708,"independent"
6,6709,"independent"
4,6710,"independent"
4,6711,"independent"
10,6712,"independent"
6,6713,"independent"
2,6714,"independent"
8,6715,"independent"
8,6716,"independent"
2,6717,"independent"
8,6718,"independent"
6,6719,"independent"
4,6720,"independent"
8,6721,"independent"
8,6722,"independent"
8,6723,"independent"
6,6724,"independent"
6,6725,"independent"
4,6726,"independent"
2,6727,"independent"
4,6728,"independent"
6,6729,"independent"
10,6730,"independent"
6,6731,"independent"
8,6732,"independent"
10,6733,"independent"
6,6734,"independent"
4,6735,"independent"
4,6736,"independent"
8,6737,"independent"
4,6738,"independent"
6,6739,"independent"
4,6740,"independent"
6,6741,"independent"
10,6742,"independent"
8,6743,"independent"
6,6744,"independent"
8,6745,"independent"
0,6746,"independent"
6,6747,"independent"
6,6748,"independent"
8,6749,"independent"
6,6750,"independent"
6,6751,"independent"
8,6752,"independent"
2,6753,"independent"
4,6754,"independent"
8,6755,"independent"
8,6756,"independent"
6,6757,"independent"
8,6758,"independent"
6,6759,"independent"
4,6760,"independent"
6,6761,"independent"
6,6762,"independent"
8,6763,"independent"
0,6764,"independent"
8,6765,"independent"
8,6766,"independent"
8,6767,"independent"
8,6768,"independent"
8,6769,"independent"
6,6770,"independent"
8,6771,"independent"
6,6772,"independent"
6,6773,"independent"
6,6774,"independent"
6,6775,"independent"
4,6776,"independent"
8,6777,"independent"
4,6778,"independent"
4,6779,"independent"
6,6780,"independent"
2,6781,"independent"
10,6782,"independent"
6,6783,"independent"
4,6784,"independent"
6,6785,"independent"
6,6786,"independent"
6,6787,"independent"
8,6788,"independent"
6,6789,"independent"
8,6790,"independent"
6,6791,"independent"
4,6792,"independent"
4,6793,"independent"
6,6794,"independent"
6,6795,"independent"
4,6796,"independent"
6,6797,"independent"
4,6798,"independent"
6,6799,"independent"
4,6800,"independent"
6,6801,"independent"
6,6802,"independent"
6,6803,"independent"
10,6804,"independent"
10,6805,"independent"
8,6806,"independent"
8,6807,"independent"
6,6808,"independent"
8,6809,"independent"
6,6810,"independent"
6,6811,"independent"
8,6812,"independent"
10,6813,"independent"
4,6814,"independent"
4,6815,"independent"
8,6816,"independent"
8,6817,"independent"
6,6818,"independent"
8,6819,"independent"
10,6820,"independent"
4,6821,"independent"
6,6822,"independent"
8,6823,"independent"
8,6824,"independent"
4,6825,"independent"
6,6826,"independent"
8,6827,"independent"
6,6828,"independent"
8,6829,"independent"
6,6830,"independent"
8,6831,"independent"
6,6832,"independent"
8,6833,"independent"
8,6834,"independent"
6,6835,"independent"
4,6836,"independent"
8,6837,"independent"
6,6838,"independent"
6,6839,"independent"
6,6840,"independent"
8,6841,"independent"
8,6842,"independent"
6,6843,"independent"
8,6844,"independent"
4,6845,"independent"
8,6846,"independent"
4,6847,"independent"
6,6848,"independent"
4,6849,"independent"
4,6850,"independent"
10,6851,"independent"
8,6852,"independent"
8,6853,"independent"
8,6854,"independent"
8,6855,"independent"
6,6856,"independent"
6,6857,"independent"
6,6858,"independent"
4,6859,"independent"
6,6860,"independent"
8,6861,"independent"
10,6862,"independent"
6,6863,"independent"
6,6864,"independent"
8,6865,"independent"
8,6866,"independent"
6,6867,"independent"
6,6868,"independent"
8,6869,"independent"
6,6870,"independent"
8,6871,"independent"
4,6872,"independent"
4,6873,"independent"
12,6874,"independent"
8,6875,"independent"
6,6876,"independent"
6,6877,"independent"
4,6878,"independent"
8,6879,"independent"
4,6880,"independent"
8,6881,"independent"
8,6882,"independent"
6,6883,"independent"
6,6884,"independent"
6,6885,"independent"
8,6886,"independent"
6,6887,"independent"
6,6888,"independent"
6,6889,"independent"
6,6890,"independent"
6,6891,"independent"
6,6892,"independent"
6,6893,"independent"
6,6894,"independent"
6,6895,"independent"
8,6896,"independent"
8,6897,"independent"
8,6898,"independent"
10,6899,"independent"
6,6900,"independent"
2,6901,"independent"
8,6902,"independent"
4,6903,"independent"
8,6904,"independent"
4,6905,"independent"
6,6906,"independent"
4,6907,"independent"
10,6908,"independent"
6,6909,"independent"
8,6910,"independent"
4,6911,"independent"
6,6912,"independent"
6,6913,"independent"
6,6914,"independent"
6,6915,"independent"
2,6916,"independent"
6,6917,"independent"
6,6918,"independent"
8,6919,"independent"
6,6920,"independent"
6,6921,"independent"
8,6922,"independent"
10,6923,"independent"
10,6924,"independent"
8,6925,"independent"
8,6926,"independent"
6,6927,"independent"
6,6928,"independent"
10,6929,"independent"
6,6930,"independent"
8,6931,"independent"
6,6932,"independent"
6,6933,"independent"
4,6934,"independent"
6,6935,"independent"
6,6936,"independent"
8,6937,"independent"
6,6938,"independent"
6,6939,"independent"
4,6940,"independent"
6,6941,"independent"
6,6942,"independent"
6,6943,"independent"
6,6944,"independent"
2,6945,"independent"
8,6946,"independent"
8,6947,"independent"
6,6948,"independent"
6,6949,"independent"
6,6950,"independent"
4,6951,"independent"
8,6952,"independent"
6,6953,"independent"
6,6954,"independent"
8,6955,"independent"
6,6956,"independent"
8,6957,"independent"
8,6958,"independent"
8,6959,"independent"
4,6960,"independent"
10,6961,"independent"
6,6962,"independent"
2,6963,"independent"
6,6964,"independent"
6,6965,"independent"
6,6966,"independent"
6,6967,"independent"
6,6968,"independent"
6,6969,"independent"
6,6970,"independent"
6,6971,"independent"
8,6972,"independent"
6,6973,"independent"
8,6974,"independent"
8,6975,"independent"
6,6976,"independent"
4,6977,"independent"
8,6978,"independent"
8,6979,"independent"
8,6980,"independent"
6,6981,"independent"
6,6982,"independent"
8,6983,"independent"
6,6984,"independent"
6,6985,"independent"
4,6986,"independent"
8,6987,"independent"
8,6988,"independent"
4,6989,"independent"
4,6990,"independent"
4,6991,"independent"
8,6992,"independent"
8,6993,"independent"
6,6994,"independent"
6,6995,"independent"
4,6996,"independent"
8,6997,"independent"
6,6998,"independent"
8,6999,"independent"
6,7000,"independent"
6,7001,"independent"
4,7002,"independent"
6,7003,"independent"
2,7004,"independent"
6,7005,"independent"
4,7006,"independent"
4,7007,"independent"
6,7008,"independent"
6,7009,"independent"
6,7010,"independent"
10,7011,"independent"
6,7012,"independent"
10,7013,"independent"
4,7014,"independent"
6,7015,"independent"
4,7016,"independent"
6,7017,"independent"
6,7018,"independent"
4,7019,"independent"
4,7020,"independent"
8,7021,"independent"
8,7022,"independent"
8,7023,"independent"
6,7024,"independent"
6,7025,"independent"
8,7026,"independent"
8,7027,"independent"
4,7028,"independent"
6,7029,"independent"
10,7030,"independent"
6,7031,"independent"
6,7032,"independent"
8,7033,"independent"
8,7034,"independent"
6,7035,"independent"
2,7036,"independent"
6,7037,"independent"
6,7038,"independent"
10,7039,"independent"
8,7040,"independent"
4,7041,"independent"
6,7042,"independent"
6,7043,"independent"
8,7044,"independent"
6,7045,"independent"
8,7046,"independent"
6,7047,"independent"
8,7048,"independent"
6,7049,"independent"
8,7050,"independent"
8,7051,"independent"
4,7052,"independent"
6,7053,"independent"
6,7054,"independent"
8,7055,"independent"
2,7056,"independent"
6,7057,"independent"
6,7058,"independent"
4,7059,"independent"
8,7060,"independent"
6,7061,"independent"
6,7062,"independent"
6,7063,"independent"
10,7064,"independent"
10,7065,"independent"
4,7066,"independent"
4,7067,"independent"
10,7068,"independent"
6,7069,"independent"
6,7070,"independent"
6,7071,"independent"
6,7072,"independent"
6,7073,"independent"
6,7074,"independent"
6,7075,"independent"
6,7076,"independent"
6,7077,"independent"
10,7078,"independent"
6,7079,"independent"
4,7080,"independent"
6,7081,"independent"
4,7082,"independent"
6,7083,"independent"
2,7084,"independent"
8,7085,"independent"
6,7086,"independent"
8,7087,"independent"
10,7088,"independent"
6,7089,"independent"
6,7090,"independent"
8,7091,"independent"
6,7092,"independent"
4,7093,"independent"
10,7094,"independent"
6,7095,"independent"
6,7096,"independent"
4,7097,"independent"
6,7098,"independent"
4,7099,"independent"
6,7100,"independent"
8,7101,"independent"
0,7102,"independent"
6,7103,"independent"
6,7104,"independent"
10,7105,"independent"
2,7106,"independent"
8,7107,"independent"
4,7108,"independent"
6,7109,"independent"
6,7110,"independent"
4,7111,"independent"
2,7112,"independent"
6,7113,"independent"
10,7114,"independent"
4,7115,"independent"
10,7116,"independent"
4,7117,"independent"
6,7118,"independent"
6,7119,"independent"
6,7120,"independent"
6,7121,"independent"
6,7122,"independent"
6,7123,"independent"
6,7124,"independent"
6,7125,"independent"
6,7126,"independent"
4,7127,"independent"
6,7128,"independent"
2,7129,"independent"
8,7130,"independent"
6,7131,"independent"
4,7132,"independent"
6,7133,"independent"
2,7134,"independent"
6,7135,"independent"
6,7136,"independent"
4,7137,"independent"
2,7138,"independent"
6,7139,"independent"
8,7140,"independent"
8,7141,"independent"
2,7142,"independent"
6,7143,"independent"
6,7144,"independent"
8,7145,"independent"
6,7146,"independent"
6,7147,"independent"
2,7148,"independent"
6,7149,"independent"
2,7150,"independent"
6,7151,"independent"
8,7152,"independent"
4,7153,"independent"
0,7154,"independent"
4,7155,"independent"
6,7156,"independent"
6,7157,"independent"
10,7158,"independent"
10,7159,"independent"
8,7160,"independent"
6,7161,"independent"
4,7162,"independent"
4,7163,"independent"
8,7164,"independent"
8,7165,"independent"
6,7166,"independent"
8,7167,"independent"
10,7168,"independent"
8,7169,"independent"
6,7170,"independent"
4,7171,"independent"
8,7172,"independent"
6,7173,"independent"
6,7174,"independent"
6,7175,"independent"
4,7176,"independent"
6,7177,"independent"
2,7178,"independent"
4,7179,"independent"
10,7180,"independent"
4,7181,"independent"
8,7182,"independent"
6,7183,"independent"
8,7184,"independent"
8,7185,"independent"
6,7186,"independent"
12,7187,"independent"
6,7188,"independent"
8,7189,"independent"
6,7190,"independent"
4,7191,"independent"
4,7192,"independent"
4,7193,"independent"
4,7194,"independent"
6,7195,"independent"
6,7196,"independent"
6,7197,"independent"
6,7198,"independent"
6,7199,"independent"
8,7200,"independent"
10,7201,"independent"
4,7202,"independent"
6,7203,"independent"
4,7204,"independent"
2,7205,"independent"
2,7206,"independent"
6,7207,"independent"
8,7208,"independent"
0,7209,"independent"
8,7210,"independent"
6,7211,"independent"
4,7212,"independent"
4,7213,"independent"
4,7214,"independent"
8,7215,"independent"
4,7216,"independent"
6,7217,"independent"
6,7218,"independent"
10,7219,"independent"
6,7220,"independent"
4,7221,"independent"
6,7222,"independent"
10,7223,"independent"
4,7224,"independent"
4,7225,"independent"
8,7226,"independent"
10,7227,"independent"
6,7228,"independent"
8,7229,"independent"
6,7230,"independent"
8,7231,"independent"
8,7232,"independent"
6,7233,"independent"
6,7234,"independent"
4,7235,"independent"
4,7236,"independent"
10,7237,"independent"
6,7238,"independent"
6,7239,"independent"
8,7240,"independent"
4,7241,"independent"
6,7242,"independent"
6,7243,"independent"
8,7244,"independent"
6,7245,"independent"
10,7246,"independent"
6,7247,"independent"
6,7248,"independent"
8,7249,"independent"
6,7250,"independent"
4,7251,"independent"
6,7252,"independent"
6,7253,"independent"
10,7254,"independent"
8,7255,"independent"
6,7256,"independent"
6,7257,"independent"
8,7258,"independent"
6,7259,"independent"
6,7260,"independent"
6,7261,"independent"
8,7262,"independent"
6,7263,"independent"
8,7264,"independent"
8,7265,"independent"
8,7266,"independent"
6,7267,"independent"
6,7268,"independent"
4,7269,"independent"
6,7270,"independent"
6,7271,"independent"
6,7272,"independent"
6,7273,"independent"
4,7274,"independent"
8,7275,"independent"
6,7276,"independent"
2,7277,"independent"
8,7278,"independent"
6,7279,"independent"
6,7280,"independent"
6,7281,"independent"
6,7282,"independent"
8,7283,"independent"
6,7284,"independent"
8,7285,"independent"
6,7286,"independent"
6,7287,"independent"
8,7288,"independent"
6,7289,"independent"
6,7290,"independent"
8,7291,"independent"
6,7292,"independent"
2,7293,"independent"
8,7294,"independent"
6,7295,"independent"
6,7296,"independent"
12,7297,"independent"
4,7298,"independent"
2,7299,"independent"
8,7300,"independent"
6,7301,"independent"
6,7302,"independent"
6,7303,"independent"
2,7304,"independent"
4,7305,"independent"
8,7306,"independent"
6,7307,"independent"
4,7308,"independent"
8,7309,"independent"
6,7310,"independent"
8,7311,"independent"
8,7312,"independent"
6,7313,"independent"
6,7314,"independent"
8,7315,"independent"
4,7316,"independent"
4,7317,"independent"
2,7318,"independent"
8,7319,"independent"
8,7320,"independent"
8,7321,"independent"
2,7322,"independent"
8,7323,"independent"
4,7324,"independent"
6,7325,"independent"
2,7326,"independent"
8,7327,"independent"
6,7328,"independent"
4,7329,"independent"
4,7330,"independent"
8,7331,"independent"
8,7332,"independent"
6,7333,"independent"
6,7334,"independent"
6,7335,"independent"
8,7336,"independent"
6,7337,"independent"
8,7338,"independent"
4,7339,"independent"
4,7340,"independent"
4,7341,"independent"
6,7342,"independent"
6,7343,"independent"
8,7344,"independent"
12,7345,"independent"
8,7346,"independent"
6,7347,"independent"
8,7348,"independent"
8,7349,"independent"
8,7350,"independent"
2,7351,"independent"
6,7352,"independent"
2,7353,"independent"
4,7354,"independent"
6,7355,"independent"
4,7356,"independent"
6,7357,"independent"
4,7358,"independent"
10,7359,"independent"
6,7360,"independent"
8,7361,"independent"
8,7362,"independent"
8,7363,"independent"
4,7364,"independent"
4,7365,"independent"
6,7366,"independent"
8,7367,"independent"
4,7368,"independent"
6,7369,"independent"
6,7370,"independent"
8,7371,"independent"
4,7372,"independent"
4,7373,"independent"
8,7374,"independent"
6,7375,"independent"
4,7376,"independent"
10,7377,"independent"
8,7378,"independent"
4,7379,"independent"
8,7380,"independent"
8,7381,"independent"
6,7382,"independent"
6,7383,"independent"
8,7384,"independent"
8,7385,"independent"
6,7386,"independent"
4,7387,"independent"
6,7388,"independent"
8,7389,"independent"
6,7390,"independent"
8,7391,"independent"
4,7392,"independent"
4,7393,"independent"
6,7394,"independent"
6,7395,"independent"
4,7396,"independent"
4,7397,"independent"
6,7398,"independent"
4,7399,"independent"
6,7400,"independent"
6,7401,"independent"
8,7402,"independent"
2,7403,"independent"
4,7404,"independent"
6,7405,"independent"
6,7406,"independent"
10,7407,"independent"
8,7408,"independent"
6,7409,"independent"
8,7410,"independent"
6,7411,"independent"
6,7412,"independent"
6,7413,"independent"
4,7414,"independent"
6,7415,"independent"
6,7416,"independent"
8,7417,"independent"
8,7418,"independent"
8,7419,"independent"
6,7420,"independent"
6,7421,"independent"
4,7422,"independent"
4,7423,"independent"
8,7424,"independent"
10,7425,"independent"
8,7426,"independent"
8,7427,"independent"
8,7428,"independent"
8,7429,"independent"
8,7430,"independent"
8,7431,"independent"
6,7432,"independent"
4,7433,"independent"
10,7434,"independent"
8,7435,"independent"
6,7436,"independent"
8,7437,"independent"
6,7438,"independent"
0,7439,"independent"
8,7440,"independent"
8,7441,"independent"
4,7442,"independent"
6,7443,"independent"
8,7444,"independent"
6,7445,"independent"
6,7446,"independent"
6,7447,"independent"
6,7448,"independent"
6,7449,"independent"
4,7450,"independent"
6,7451,"independent"
6,7452,"independent"
8,7453,"independent"
8,7454,"independent"
8,7455,"independent"
8,7456,"independent"
6,7457,"independent"
6,7458,"independent"
4,7459,"independent"
6,7460,"independent"
2,7461,"independent"
10,7462,"independent"
8,7463,"independent"
2,7464,"independent"
4,7465,"independent"
8,7466,"independent"
4,7467,"independent"
4,7468,"independent"
2,7469,"independent"
4,7470,"independent"
8,7471,"independent"
6,7472,"independent"
8,7473,"independent"
4,7474,"independent"
8,7475,"independent"
6,7476,"independent"
6,7477,"independent"
6,7478,"independent"
6,7479,"independent"
6,7480,"independent"
6,7481,"independent"
8,7482,"independent"
4,7483,"independent"
6,7484,"independent"
10,7485,"independent"
2,7486,"independent"
4,7487,"independent"
6,7488,"independent"
4,7489,"independent"
6,7490,"independent"
2,7491,"independent"
6,7492,"independent"
6,7493,"independent"
6,7494,"independent"
6,7495,"independent"
8,7496,"independent"
8,7497,"independent"
8,7498,"independent"
6,7499,"independent"
2,7500,"independent"
6,7501,"independent"
8,7502,"independent"
10,7503,"independent"
8,7504,"independent"
6,7505,"independent"
6,7506,"independent"
6,7507,"independent"
8,7508,"independent"
8,7509,"independent"
6,7510,"independent"
6,7511,"independent"
6,7512,"independent"
4,7513,"independent"
8,7514,"independent"
6,7515,"independent"
6,7516,"independent"
2,7517,"independent"
8,7518,"independent"
6,7519,"independent"
6,7520,"independent"
8,7521,"independent"
10,7522,"independent"
2,7523,"independent"
6,7524,"independent"
6,7525,"independent"
4,7526,"independent"
4,7527,"independent"
2,7528,"independent"
8,7529,"independent"
8,7530,"independent"
4,7531,"independent"
8,7532,"independent"
2,7533,"independent"
4,7534,"independent"
6,7535,"independent"
8,7536,"independent"
6,7537,"independent"
8,7538,"independent"
8,7539,"independent"
8,7540,"independent"
8,7541,"independent"
8,7542,"independent"
4,7543,"independent"
4,7544,"independent"
10,7545,"independent"
4,7546,"independent"
6,7547,"independent"
8,7548,"independent"
2,7549,"independent"
6,7550,"independent"
6,7551,"independent"
4,7552,"independent"
8,7553,"independent"
4,7554,"independent"
6,7555,"independent"
6,7556,"independent"
8,7557,"independent"
8,7558,"independent"
8,7559,"independent"
8,7560,"independent"
6,7561,"independent"
6,7562,"independent"
6,7563,"independent"
6,7564,"independent"
6,7565,"independent"
4,7566,"independent"
4,7567,"independent"
6,7568,"independent"
4,7569,"independent"
6,7570,"independent"
6,7571,"independent"
0,7572,"independent"
6,7573,"independent"
6,7574,"independent"
6,7575,"independent"
8,7576,"independent"
6,7577,"independent"
6,7578,"independent"
4,7579,"independent"
6,7580,"independent"
8,7581,"independent"
8,7582,"independent"
4,7583,"independent"
8,7584,"independent"
6,7585,"independent"
8,7586,"independent"
6,7587,"independent"
8,7588,"independent"
6,7589,"independent"
8,7590,"independent"
8,7591,"independent"
6,7592,"independent"
6,7593,"independent"
4,7594,"independent"
4,7595,"independent"
6,7596,"independent"
4,7597,"independent"
4,7598,"independent"
6,7599,"independent"
4,7600,"independent"
10,7601,"independent"
6,7602,"independent"
10,7603,"independent"
4,7604,"independent"
10,7605,"independent"
8,7606,"independent"
10,7607,"independent"
8,7608,"independent"
6,7609,"independent"
6,7610,"independent"
6,7611,"independent"
6,7612,"independent"
6,7613,"independent"
4,7614,"independent"
2,7615,"independent"
4,7616,"independent"
6,7617,"independent"
4,7618,"independent"
6,7619,"independent"
4,7620,"independent"
6,7621,"independent"
8,7622,"independent"
6,7623,"independent"
4,7624,"independent"
6,7625,"independent"
6,7626,"independent"
6,7627,"independent"
6,7628,"independent"
4,7629,"independent"
6,7630,"independent"
6,7631,"independent"
8,7632,"independent"
8,7633,"independent"
6,7634,"independent"
6,7635,"independent"
8,7636,"independent"
8,7637,"independent"
8,7638,"independent"
6,7639,"independent"
8,7640,"independent"
8,7641,"independent"
8,7642,"independent"
6,7643,"independent"
4,7644,"independent"
6,7645,"independent"
0,7646,"independent"
6,7647,"independent"
10,7648,"independent"
6,7649,"independent"
4,7650,"independent"
8,7651,"independent"
4,7652,"independent"
6,7653,"independent"
4,7654,"independent"
6,7655,"independent"
8,7656,"independent"
4,7657,"independent"
6,7658,"independent"
6,7659,"independent"
6,7660,"independent"
6,7661,"independent"
8,7662,"independent"
6,7663,"independent"
6,7664,"independent"
6,7665,"independent"
8,7666,"independent"
6,7667,"independent"
6,7668,"independent"
4,7669,"independent"
2,7670,"independent"
4,7671,"independent"
6,7672,"independent"
6,7673,"independent"
8,7674,"independent"
8,7675,"independent"
6,7676,"independent"
2,7677,"independent"
10,7678,"independent"
4,7679,"independent"
2,7680,"independent"
4,7681,"independent"
8,7682,"independent"
8,7683,"independent"
6,7684,"independent"
10,7685,"independent"
6,7686,"independent"
6,7687,"independent"
6,7688,"independent"
6,7689,"independent"
4,7690,"independent"
6,7691,"independent"
8,7692,"independent"
6,7693,"independent"
6,7694,"independent"
6,7695,"independent"
4,7696,"independent"
4,7697,"independent"
4,7698,"independent"
6,7699,"independent"
6,7700,"independent"
8,7701,"independent"
4,7702,"independent"
6,7703,"independent"
6,7704,"independent"
10,7705,"independent"
6,7706,"independent"
6,7707,"independent"
0,7708,"independent"
10,7709,"independent"
6,7710,"independent"
8,7711,"independent"
8,7712,"independent"
8,7713,"independent"
6,7714,"independent"
4,7715,"independent"
2,7716,"independent"
8,7717,"independent"
6,7718,"independent"
4,7719,"independent"
8,7720,"independent"
6,7721,"independent"
8,7722,"independent"
6,7723,"independent"
6,7724,"independent"
8,7725,"independent"
4,7726,"independent"
8,7727,"independent"
4,7728,"independent"
6,7729,"independent"
8,7730,"independent"
8,7731,"independent"
4,7732,"independent"
6,7733,"independent"
4,7734,"independent"
2,7735,"independent"
4,7736,"independent"
8,7737,"independent"
8,7738,"independent"
6,7739,"independent"
8,7740,"independent"
6,7741,"independent"
2,7742,"independent"
6,7743,"independent"
10,7744,"independent"
6,7745,"independent"
6,7746,"independent"
2,7747,"independent"
8,7748,"independent"
8,7749,"independent"
6,7750,"independent"
6,7751,"independent"
6,7752,"independent"
6,7753,"independent"
8,7754,"independent"
6,7755,"independent"
8,7756,"independent"
4,7757,"independent"
4,7758,"independent"
6,7759,"independent"
8,7760,"independent"
8,7761,"independent"
2,7762,"independent"
6,7763,"independent"
2,7764,"independent"
6,7765,"independent"
6,7766,"independent"
10,7767,"independent"
8,7768,"independent"
4,7769,"independent"
6,7770,"independent"
8,7771,"independent"
6,7772,"independent"
4,7773,"independent"
8,7774,"independent"
8,7775,"independent"
4,7776,"independent"
2,7777,"independent"
8,7778,"independent"
2,7779,"independent"
6,7780,"independent"
8,7781,"independent"
8,7782,"independent"
8,7783,"independent"
6,7784,"independent"
2,7785,"independent"
6,7786,"independent"
10,7787,"independent"
4,7788,"independent"
6,7789,"independent"
8,7790,"independent"
4,7791,"independent"
6,7792,"independent"
8,7793,"independent"
4,7794,"independent"
6,7795,"independent"
8,7796,"independent"
6,7797,"independent"
8,7798,"independent"
4,7799,"independent"
4,7800,"independent"
4,7801,"independent"
6,7802,"independent"
4,7803,"independent"
6,7804,"independent"
6,7805,"independent"
6,7806,"independent"
4,7807,"independent"
6,7808,"independent"
8,7809,"independent"
2,7810,"independent"
6,7811,"independent"
6,7812,"independent"
6,7813,"independent"
8,7814,"independent"
6,7815,"independent"
4,7816,"independent"
6,7817,"independent"
6,7818,"independent"
6,7819,"independent"
6,7820,"independent"
8,7821,"independent"
6,7822,"independent"
6,7823,"independent"
8,7824,"independent"
10,7825,"independent"
6,7826,"independent"
6,7827,"independent"
2,7828,"independent"
8,7829,"independent"
8,7830,"independent"
6,7831,"independent"
6,7832,"independent"
4,7833,"independent"
2,7834,"independent"
6,7835,"independent"
8,7836,"independent"
8,7837,"independent"
8,7838,"independent"
8,7839,"independent"
6,7840,"independent"
6,7841,"independent"
4,7842,"independent"
6,7843,"independent"
4,7844,"independent"
6,7845,"independent"
6,7846,"independent"
8,7847,"independent"
8,7848,"independent"
8,7849,"independent"
8,7850,"independent"
4,7851,"independent"
2,7852,"independent"
8,7853,"independent"
4,7854,"independent"
10,7855,"independent"
4,7856,"independent"
6,7857,"independent"
6,7858,"independent"
6,7859,"independent"
4,7860,"independent"
6,7861,"independent"
6,7862,"independent"
6,7863,"independent"
8,7864,"independent"
4,7865,"independent"
6,7866,"independent"
6,7867,"independent"
4,7868,"independent"
6,7869,"independent"
4,7870,"independent"
4,7871,"independent"
4,7872,"independent"
8,7873,"independent"
8,7874,"independent"
6,7875,"independent"
4,7876,"independent"
6,7877,"independent"
6,7878,"independent"
6,7879,"independent"
2,7880,"independent"
8,7881,"independent"
8,7882,"independent"
8,7883,"independent"
6,7884,"independent"
4,7885,"independent"
6,7886,"independent"
6,7887,"independent"
6,7888,"independent"
2,7889,"independent"
6,7890,"independent"
6,7891,"independent"
6,7892,"independent"
4,7893,"independent"
6,7894,"independent"
4,7895,"independent"
4,7896,"independent"
8,7897,"independent"
6,7898,"independent"
6,7899,"independent"
4,7900,"independent"
4,7901,"independent"
8,7902,"independent"
6,7903,"independent"
10,7904,"independent"
6,7905,"independent"
2,7906,"independent"
8,7907,"independent"
8,7908,"independent"
4,7909,"independent"
4,7910,"independent"
4,7911,"independent"
8,7912,"independent"
8,7913,"independent"
10,7914,"independent"
8,7915,"independent"
8,7916,"independent"
12,7917,"independent"
6,7918,"independent"
2,7919,"independent"
10,7920,"independent"
8,7921,"independent"
6,7922,"independent"
6,7923,"independent"
8,7924,"independent"
6,7925,"independent"
8,7926,"independent"
8,7927,"independent"
6,7928,"independent"
8,7929,"independent"
4,7930,"independent"
6,7931,"independent"
8,7932,"independent"
8,7933,"independent"
6,7934,"independent"
6,7935,"independent"
8,7936,"independent"
10,7937,"independent"
6,7938,"independent"
10,7939,"independent"
8,7940,"independent"
6,7941,"independent"
6,7942,"independent"
6,7943,"independent"
6,7944,"independent"
8,7945,"independent"
6,7946,"independent"
4,7947,"independent"
8,7948,"independent"
2,7949,"independent"
8,7950,"independent"
4,7951,"independent"
8,7952,"independent"
6,7953,"independent"
8,7954,"independent"
2,7955,"independent"
8,7956,"independent"
6,7957,"independent"
6,7958,"independent"
8,7959,"independent"
4,7960,"independent"
6,7961,"independent"
4,7962,"independent"
8,7963,"independent"
4,7964,"independent"
6,7965,"independent"
6,7966,"independent"
8,7967,"independent"
8,7968,"independent"
6,7969,"independent"
2,7970,"independent"
6,7971,"independent"
2,7972,"independent"
6,7973,"independent"
6,7974,"independent"
6,7975,"independent"
6,7976,"independent"
4,7977,"independent"
8,7978,"independent"
6,7979,"independent"
4,7980,"independent"
6,7981,"independent"
10,7982,"independent"
8,7983,"independent"
10,7984,"independent"
6,7985,"independent"
6,7986,"independent"
4,7987,"independent"
6,7988,"independent"
6,7989,"independent"
4,7990,"independent"
4,7991,"independent"
8,7992,"independent"
6,7993,"independent"
6,7994,"independent"
4,7995,"independent"
8,7996,"independent"
6,7997,"independent"
2,7998,"independent"
4,7999,"independent"
10,8000,"independent"
8,8001,"independent"
4,8002,"independent"
6,8003,"independent"
6,8004,"independent"
10,8005,"independent"
10,8006,"independent"
6,8007,"independent"
4,8008,"independent"
4,8009,"independent"
6,8010,"independent"
6,8011,"independent"
6,8012,"independent"
4,8013,"independent"
8,8014,"independent"
10,8015,"independent"
4,8016,"independent"
6,8017,"independent"
8,8018,"independent"
8,8019,"independent"
4,8020,"independent"
6,8021,"independent"
6,8022,"independent"
6,8023,"independent"
6,8024,"independent"
10,8025,"independent"
6,8026,"independent"
8,8027,"independent"
6,8028,"independent"
6,8029,"independent"
6,8030,"independent"
8,8031,"independent"
4,8032,"independent"
6,8033,"independent"
2,8034,"independent"
6,8035,"independent"
4,8036,"independent"
6,8037,"independent"
8,8038,"independent"
8,8039,"independent"
4,8040,"independent"
8,8041,"independent"
6,8042,"independent"
8,8043,"independent"
8,8044,"independent"
6,8045,"independent"
6,8046,"independent"
6,8047,"independent"
4,8048,"independent"
8,8049,"independent"
6,8050,"independent"
2,8051,"independent"
6,8052,"independent"
8,8053,"independent"
8,8054,"independent"
8,8055,"independent"
6,8056,"independent"
4,8057,"independent"
6,8058,"independent"
6,8059,"independent"
8,8060,"independent"
8,8061,"independent"
8,8062,"independent"
6,8063,"independent"
6,8064,"independent"
6,8065,"independent"
8,8066,"independent"
6,8067,"independent"
4,8068,"independent"
6,8069,"independent"
8,8070,"independent"
6,8071,"independent"
8,8072,"independent"
6,8073,"independent"
6,8074,"independent"
6,8075,"independent"
0,8076,"independent"
2,8077,"independent"
6,8078,"independent"
8,8079,"independent"
6,8080,"independent"
6,8081,"independent"
6,8082,"independent"
4,8083,"independent"
8,8084,"independent"
6,8085,"independent"
4,8086,"independent"
8,8087,"independent"
8,8088,"independent"
4,8089,"independent"
2,8090,"independent"
8,8091,"independent"
4,8092,"independent"
8,8093,"independent"
6,8094,"independent"
6,8095,"independent"
6,8096,"independent"
8,8097,"independent"
6,8098,"independent"
2,8099,"independent"
8,8100,"independent"
6,8101,"independent"
6,8102,"independent"
4,8103,"independent"
8,8104,"independent"
6,8105,"independent"
4,8106,"independent"
6,8107,"independent"
8,8108,"independent"
10,8109,"independent"
10,8110,"independent"
6,8111,"independent"
4,8112,"independent"
4,8113,"independent"
8,8114,"independent"
8,8115,"independent"
8,8116,"independent"
4,8117,"independent"
6,8118,"independent"
6,8119,"independent"
6,8120,"independent"
6,8121,"independent"
10,8122,"independent"
6,8123,"independent"
2,8124,"independent"
6,8125,"independent"
8,8126,"independent"
4,8127,"independent"
10,8128,"independent"
6,8129,"independent"
8,8130,"independent"
10,8131,"independent"
8,8132,"independent"
6,8133,"independent"
2,8134,"independent"
8,8135,"independent"
8,8136,"independent"
8,8137,"independent"
8,8138,"independent"
4,8139,"independent"
4,8140,"independent"
4,8141,"independent"
6,8142,"independent"
4,8143,"independent"
8,8144,"independent"
8,8145,"independent"
8,8146,"independent"
4,8147,"independent"
4,8148,"independent"
6,8149,"independent"
8,8150,"independent"
6,8151,"independent"
6,8152,"independent"
10,8153,"independent"
8,8154,"independent"
2,8155,"independent"
2,8156,"independent"
6,8157,"independent"
6,8158,"independent"
8,8159,"independent"
8,8160,"independent"
8,8161,"independent"
6,8162,"independent"
4,8163,"independent"
4,8164,"independent"
6,8165,"independent"
8,8166,"independent"
6,8167,"independent"
6,8168,"independent"
4,8169,"independent"
10,8170,"independent"
6,8171,"independent"
10,8172,"independent"
6,8173,"independent"
6,8174,"independent"
6,8175,"independent"
6,8176,"independent"
8,8177,"independent"
6,8178,"independent"
6,8179,"independent"
6,8180,"independent"
6,8181,"independent"
6,8182,"independent"
6,8183,"independent"
10,8184,"independent"
8,8185,"independent"
8,8186,"independent"
8,8187,"independent"
4,8188,"independent"
4,8189,"independent"
8,8190,"independent"
6,8191,"independent"
4,8192,"independent"
10,8193,"independent"
6,8194,"independent"
6,8195,"independent"
10,8196,"independent"
6,8197,"independent"
8,8198,"independent"
6,8199,"independent"
8,8200,"independent"
8,8201,"independent"
10,8202,"independent"
6,8203,"independent"
8,8204,"independent"
4,8205,"independent"
4,8206,"independent"
4,8207,"independent"
8,8208,"independent"
6,8209,"independent"
4,8210,"independent"
6,8211,"independent"
6,8212,"independent"
6,8213,"independent"
4,8214,"independent"
2,8215,"independent"
8,8216,"independent"
6,8217,"independent"
6,8218,"independent"
0,8219,"independent"
8,8220,"independent"
2,8221,"independent"
6,8222,"independent"
8,8223,"independent"
6,8224,"independent"
4,8225,"independent"
6,8226,"independent"
10,8227,"independent"
8,8228,"independent"
6,8229,"independent"
4,8230,"independent"
4,8231,"independent"
10,8232,"independent"
10,8233,"independent"
6,8234,"independent"
6,8235,"independent"
6,8236,"independent"
6,8237,"independent"
4,8238,"independent"
6,8239,"independent"
4,8240,"independent"
8,8241,"independent"
10,8242,"independent"
6,8243,"independent"
6,8244,"independent"
8,8245,"independent"
6,8246,"independent"
6,8247,"independent"
2,8248,"independent"
6,8249,"independent"
6,8250,"independent"
8,8251,"independent"
6,8252,"independent"
4,8253,"independent"
8,8254,"independent"
8,8255,"independent"
12,8256,"independent"
6,8257,"independent"
4,8258,"independent"
8,8259,"independent"
6,8260,"independent"
6,8261,"independent"
6,8262,"independent"
6,8263,"independent"
2,8264,"independent"
8,8265,"independent"
8,8266,"independent"
10,8267,"independent"
4,8268,"independent"
6,8269,"independent"
6,8270,"independent"
2,8271,"independent"
8,8272,"independent"
4,8273,"independent"
4,8274,"independent"
6,8275,"independent"
8,8276,"independent"
6,8277,"independent"
10,8278,"independent"
6,8279,"independent"
8,8280,"independent"
6,8281,"independent"
4,8282,"independent"
8,8283,"independent"
4,8284,"independent"
6,8285,"independent"
10,8286,"independent"
8,8287,"independent"
2,8288,"independent"
4,8289,"independent"
6,8290,"independent"
8,8291,"independent"
4,8292,"independent"
6,8293,"independent"
8,8294,"independent"
8,8295,"independent"
2,8296,"independent"
8,8297,"independent"
8,8298,"independent"
10,8299,"independent"
10,8300,"independent"
8,8301,"independent"
4,8302,"independent"
6,8303,"independent"
6,8304,"independent"
4,8305,"independent"
4,8306,"independent"
8,8307,"independent"
4,8308,"independent"
4,8309,"independent"
8,8310,"independent"
4,8311,"independent"
8,8312,"independent"
8,8313,"independent"
6,8314,"independent"
4,8315,"independent"
8,8316,"independent"
6,8317,"independent"
6,8318,"independent"
6,8319,"independent"
6,8320,"independent"
4,8321,"independent"
6,8322,"independent"
8,8323,"independent"
6,8324,"independent"
6,8325,"independent"
4,8326,"independent"
10,8327,"independent"
6,8328,"independent"
8,8329,"independent"
4,8330,"independent"
4,8331,"independent"
4,8332,"independent"
4,8333,"independent"
6,8334,"independent"
4,8335,"independent"
6,8336,"independent"
6,8337,"independent"
6,8338,"independent"
6,8339,"independent"
6,8340,"independent"
6,8341,"independent"
8,8342,"independent"
4,8343,"independent"
6,8344,"independent"
4,8345,"independent"
8,8346,"independent"
10,8347,"independent"
6,8348,"independent"
6,8349,"independent"
8,8350,"independent"
4,8351,"independent"
4,8352,"independent"
6,8353,"independent"
8,8354,"independent"
4,8355,"independent"
8,8356,"independent"
10,8357,"independent"
6,8358,"independent"
4,8359,"independent"
8,8360,"independent"
4,8361,"independent"
6,8362,"independent"
10,8363,"independent"
6,8364,"independent"
2,8365,"independent"
2,8366,"independent"
8,8367,"independent"
4,8368,"independent"
6,8369,"independent"
6,8370,"independent"
8,8371,"independent"
8,8372,"independent"
4,8373,"independent"
6,8374,"independent"
6,8375,"independent"
6,8376,"independent"
6,8377,"independent"
6,8378,"independent"
6,8379,"independent"
8,8380,"independent"
6,8381,"independent"
6,8382,"independent"
2,8383,"independent"
6,8384,"independent"
8,8385,"independent"
6,8386,"independent"
2,8387,"independent"
8,8388,"independent"
10,8389,"independent"
4,8390,"independent"
6,8391,"independent"
6,8392,"independent"
4,8393,"independent"
8,8394,"independent"
6,8395,"independent"
6,8396,"independent"
8,8397,"independent"
10,8398,"independent"
4,8399,"independent"
2,8400,"independent"
6,8401,"independent"
6,8402,"independent"
6,8403,"independent"
6,8404,"independent"
6,8405,"independent"
6,8406,"independent"
6,8407,"independent"
6,8408,"independent"
8,8409,"independent"
8,8410,"independent"
8,8411,"independent"
6,8412,"independent"
6,8413,"independent"
4,8414,"independent"
8,8415,"independent"
8,8416,"independent"
4,8417,"independent"
6,8418,"independent"
6,8419,"independent"
6,8420,"independent"
10,8421,"independent"
4,8422,"independent"
8,8423,"independent"
6,8424,"independent"
8,8425,"independent"
4,8426,"independent"
10,8427,"independent"
6,8428,"independent"
10,8429,"independent"
6,8430,"independent"
4,8431,"independent"
6,8432,"independent"
10,8433,"independent"
4,8434,"independent"
8,8435,"independent"
6,8436,"independent"
4,8437,"independent"
6,8438,"independent"
8,8439,"independent"
6,8440,"independent"
6,8441,"independent"
8,8442,"independent"
6,8443,"independent"
8,8444,"independent"
6,8445,"independent"
8,8446,"independent"
4,8447,"independent"
4,8448,"independent"
6,8449,"independent"
10,8450,"independent"
6,8451,"independent"
8,8452,"independent"
6,8453,"independent"
6,8454,"independent"
6,8455,"independent"
8,8456,"independent"
6,8457,"independent"
4,8458,"independent"
8,8459,"independent"
8,8460,"independent"
2,8461,"independent"
6,8462,"independent"
6,8463,"independent"
6,8464,"independent"
4,8465,"independent"
6,8466,"independent"
4,8467,"independent"
4,8468,"independent"
6,8469,"independent"
6,8470,"independent"
8,8471,"independent"
6,8472,"independent"
4,8473,"independent"
6,8474,"independent"
8,8475,"independent"
8,8476,"independent"
4,8477,"independent"
2,8478,"independent"
6,8479,"independent"
6,8480,"independent"
6,8481,"independent"
6,8482,"independent"
6,8483,"independent"
6,8484,"independent"
4,8485,"independent"
10,8486,"independent"
6,8487,"independent"
6,8488,"independent"
8,8489,"independent"
8,8490,"independent"
6,8491,"independent"
10,8492,"independent"
6,8493,"independent"
4,8494,"independent"
4,8495,"independent"
8,8496,"independent"
8,8497,"independent"
6,8498,"independent"
8,8499,"independent"
4,8500,"independent"
4,8501,"independent"
6,8502,"independent"
8,8503,"independent"
6,8504,"independent"
8,8505,"independent"
8,8506,"independent"
4,8507,"independent"
4,8508,"independent"
6,8509,"independent"
6,8510,"independent"
6,8511,"independent"
6,8512,"independent"
6,8513,"independent"
6,8514,"independent"
6,8515,"independent"
6,8516,"independent"
6,8517,"independent"
8,8518,"independent"
8,8519,"independent"
4,8520,"independent"
8,8521,"independent"
8,8522,"independent"
6,8523,"independent"
6,8524,"independent"
10,8525,"independent"
4,8526,"independent"
6,8527,"independent"
2,8528,"independent"
8,8529,"independent"
2,8530,"independent"
6,8531,"independent"
4,8532,"independent"
6,8533,"independent"
4,8534,"independent"
8,8535,"independent"
6,8536,"independent"
6,8537,"independent"
4,8538,"independent"
6,8539,"independent"
6,8540,"independent"
4,8541,"independent"
4,8542,"independent"
6,8543,"independent"
4,8544,"independent"
6,8545,"independent"
6,8546,"independent"
8,8547,"independent"
8,8548,"independent"
4,8549,"independent"
10,8550,"independent"
6,8551,"independent"
8,8552,"independent"
6,8553,"independent"
4,8554,"independent"
6,8555,"independent"
8,8556,"independent"
10,8557,"independent"
10,8558,"independent"
8,8559,"independent"
6,8560,"independent"
6,8561,"independent"
6,8562,"independent"
8,8563,"independent"
8,8564,"independent"
4,8565,"independent"
8,8566,"independent"
4,8567,"independent"
6,8568,"independent"
4,8569,"independent"
4,8570,"independent"
2,8571,"independent"
6,8572,"independent"
6,8573,"independent"
8,8574,"independent"
8,8575,"independent"
6,8576,"independent"
6,8577,"independent"
6,8578,"independent"
8,8579,"independent"
8,8580,"independent"
2,8581,"independent"
2,8582,"independent"
6,8583,"independent"
8,8584,"independent"
6,8585,"independent"
12,8586,"independent"
2,8587,"independent"
4,8588,"independent"
4,8589,"independent"
4,8590,"independent"
2,8591,"independent"
8,8592,"independent"
10,8593,"independent"
6,8594,"independent"
2,8595,"independent"
6,8596,"independent"
4,8597,"independent"
4,8598,"independent"
8,8599,"independent"
8,8600,"independent"
2,8601,"independent"
6,8602,"independent"
8,8603,"independent"
6,8604,"independent"
8,8605,"independent"
4,8606,"independent"
4,8607,"independent"
10,8608,"independent"
4,8609,"independent"
8,8610,"independent"
4,8611,"independent"
6,8612,"independent"
8,8613,"independent"
8,8614,"independent"
2,8615,"independent"
8,8616,"independent"
8,8617,"independent"
8,8618,"independent"
4,8619,"independent"
6,8620,"independent"
4,8621,"independent"
6,8622,"independent"
10,8623,"independent"
6,8624,"independent"
8,8625,"independent"
4,8626,"independent"
4,8627,"independent"
8,8628,"independent"
8,8629,"independent"
8,8630,"independent"
6,8631,"independent"
2,8632,"independent"
8,8633,"independent"
6,8634,"independent"
4,8635,"independent"
6,8636,"independent"
6,8637,"independent"
6,8638,"independent"
6,8639,"independent"
10,8640,"independent"
6,8641,"independent"
0,8642,"independent"
6,8643,"independent"
6,8644,"independent"
8,8645,"independent"
6,8646,"independent"
6,8647,"independent"
6,8648,"independent"
4,8649,"independent"
4,8650,"independent"
6,8651,"independent"
8,8652,"independent"
6,8653,"independent"
8,8654,"independent"
4,8655,"independent"
6,8656,"independent"
4,8657,"independent"
8,8658,"independent"
6,8659,"independent"
6,8660,"independent"
8,8661,"independent"
4,8662,"independent"
6,8663,"independent"
4,8664,"independent"
0,8665,"independent"
6,8666,"independent"
4,8667,"independent"
4,8668,"independent"
8,8669,"independent"
8,8670,"independent"
6,8671,"independent"
4,8672,"independent"
8,8673,"independent"
8,8674,"independent"
4,8675,"independent"
8,8676,"independent"
4,8677,"independent"
6,8678,"independent"
2,8679,"independent"
8,8680,"independent"
6,8681,"independent"
6,8682,"independent"
4,8683,"independent"
6,8684,"independent"
8,8685,"independent"
8,8686,"independent"
8,8687,"independent"
8,8688,"independent"
8,8689,"independent"
8,8690,"independent"
4,8691,"independent"
4,8692,"independent"
6,8693,"independent"
2,8694,"independent"
8,8695,"independent"
6,8696,"independent"
8,8697,"independent"
8,8698,"independent"
6,8699,"independent"
4,8700,"independent"
8,8701,"independent"
8,8702,"independent"
6,8703,"independent"
6,8704,"independent"
4,8705,"independent"
8,8706,"independent"
2,8707,"independent"
4,8708,"independent"
8,8709,"independent"
8,8710,"independent"
4,8711,"independent"
4,8712,"independent"
10,8713,"independent"
4,8714,"independent"
6,8715,"independent"
6,8716,"independent"
4,8717,"independent"
4,8718,"independent"
6,8719,"independent"
8,8720,"independent"
6,8721,"independent"
6,8722,"independent"
6,8723,"independent"
8,8724,"independent"
6,8725,"independent"
10,8726,"independent"
4,8727,"independent"
10,8728,"independent"
12,8729,"independent"
4,8730,"independent"
8,8731,"independent"
10,8732,"independent"
6,8733,"independent"
10,8734,"independent"
10,8735,"independent"
6,8736,"independent"
10,8737,"independent"
4,8738,"independent"
6,8739,"independent"
4,8740,"independent"
6,8741,"independent"
4,8742,"independent"
6,8743,"independent"
8,8744,"independent"
8,8745,"independent"
4,8746,"independent"
8,8747,"independent"
8,8748,"independent"
2,8749,"independent"
8,8750,"independent"
4,8751,"independent"
8,8752,"independent"
8,8753,"independent"
6,8754,"independent"
10,8755,"independent"
6,8756,"independent"
6,8757,"independent"
6,8758,"independent"
6,8759,"independent"
6,8760,"independent"
2,8761,"independent"
4,8762,"independent"
8,8763,"independent"
8,8764,"independent"
4,8765,"independent"
6,8766,"independent"
4,8767,"independent"
8,8768,"independent"
6,8769,"independent"
8,8770,"independent"
4,8771,"independent"
10,8772,"independent"
4,8773,"independent"
6,8774,"independent"
6,8775,"independent"
6,8776,"independent"
6,8777,"independent"
8,8778,"independent"
8,8779,"independent"
10,8780,"independent"
6,8781,"independent"
4,8782,"independent"
6,8783,"independent"
8,8784,"independent"
4,8785,"independent"
8,8786,"independent"
6,8787,"independent"
6,8788,"independent"
8,8789,"independent"
10,8790,"independent"
4,8791,"independent"
10,8792,"independent"
6,8793,"independent"
8,8794,"independent"
6,8795,"independent"
8,8796,"independent"
8,8797,"independent"
4,8798,"independent"
6,8799,"independent"
2,8800,"independent"
8,8801,"independent"
8,8802,"independent"
6,8803,"independent"
4,8804,"independent"
4,8805,"independent"
6,8806,"independent"
8,8807,"independent"
6,8808,"independent"
6,8809,"independent"
8,8810,"independent"
6,8811,"independent"
8,8812,"independent"
6,8813,"independent"
10,8814,"independent"
8,8815,"independent"
4,8816,"independent"
2,8817,"independent"
10,8818,"independent"
4,8819,"independent"
8,8820,"independent"
6,8821,"independent"
6,8822,"independent"
8,8823,"independent"
4,8824,"independent"
8,8825,"independent"
10,8826,"independent"
4,8827,"independent"
6,8828,"independent"
8,8829,"independent"
6,8830,"independent"
6,8831,"independent"
6,8832,"independent"
8,8833,"independent"
8,8834,"independent"
6,8835,"independent"
4,8836,"independent"
2,8837,"independent"
6,8838,"independent"
6,8839,"independent"
8,8840,"independent"
10,8841,"independent"
2,8842,"independent"
6,8843,"independent"
8,8844,"independent"
6,8845,"independent"
6,8846,"independent"
8,8847,"independent"
6,8848,"independent"
6,8849,"independent"
8,8850,"independent"
6,8851,"independent"
8,8852,"independent"
6,8853,"independent"
10,8854,"independent"
4,8855,"independent"
2,8856,"independent"
8,8857,"independent"
8,8858,"independent"
8,8859,"independent"
4,8860,"independent"
6,8861,"independent"
6,8862,"independent"
6,8863,"independent"
4,8864,"independent"
6,8865,"independent"
6,8866,"independent"
6,8867,"independent"
10,8868,"independent"
6,8869,"independent"
6,8870,"independent"
2,8871,"independent"
6,8872,"independent"
4,8873,"independent"
8,8874,"independent"
8,8875,"independent"
6,8876,"independent"
8,8877,"independent"
4,8878,"independent"
6,8879,"independent"
4,8880,"independent"
6,8881,"independent"
6,8882,"independent"
4,8883,"independent"
8,8884,"independent"
6,8885,"independent"
6,8886,"independent"
8,8887,"independent"
6,8888,"independent"
6,8889,"independent"
10,8890,"independent"
8,8891,"independent"
6,8892,"independent"
4,8893,"independent"
8,8894,"independent"
12,8895,"independent"
4,8896,"independent"
4,8897,"independent"
10,8898,"independent"
4,8899,"independent"
6,8900,"independent"
6,8901,"independent"
6,8902,"independent"
10,8903,"independent"
8,8904,"independent"
6,8905,"independent"
4,8906,"independent"
6,8907,"independent"
8,8908,"independent"
8,8909,"independent"
2,8910,"independent"
8,8911,"independent"
6,8912,"independent"
8,8913,"independent"
10,8914,"independent"
4,8915,"independent"
6,8916,"independent"
8,8917,"independent"
8,8918,"independent"
6,8919,"independent"
6,8920,"independent"
8,8921,"independent"
6,8922,"independent"
6,8923,"independent"
6,8924,"independent"
6,8925,"independent"
6,8926,"independent"
6,8927,"independent"
6,8928,"independent"
8,8929,"independent"
2,8930,"independent"
10,8931,"independent"
6,8932,"independent"
8,8933,"independent"
4,8934,"independent"
6,8935,"independent"
4,8936,"independent"
8,8937,"independent"
4,8938,"independent"
4,8939,"independent"
6,8940,"independent"
4,8941,"independent"
8,8942,"independent"
6,8943,"independent"
6,8944,"independent"
6,8945,"independent"
6,8946,"independent"
6,8947,"independent"
6,8948,"independent"
4,8949,"independent"
6,8950,"independent"
6,8951,"independent"
8,8952,"independent"
8,8953,"independent"
8,8954,"independent"
6,8955,"independent"
4,8956,"independent"
4,8957,"independent"
6,8958,"independent"
4,8959,"independent"
4,8960,"independent"
8,8961,"independent"
6,8962,"independent"
6,8963,"independent"
8,8964,"independent"
8,8965,"independent"
2,8966,"independent"
6,8967,"independent"
6,8968,"independent"
4,8969,"independent"
6,8970,"independent"
4,8971,"independent"
6,8972,"independent"
6,8973,"independent"
6,8974,"independent"
6,8975,"independent"
10,8976,"independent"
4,8977,"independent"
4,8978,"independent"
10,8979,"independent"
6,8980,"independent"
4,8981,"independent"
8,8982,"independent"
8,8983,"independent"
8,8984,"independent"
8,8985,"independent"
6,8986,"independent"
6,8987,"independent"
6,8988,"independent"
2,8989,"independent"
8,8990,"independent"
8,8991,"independent"
6,8992,"independent"
8,8993,"independent"
4,8994,"independent"
6,8995,"independent"
6,8996,"independent"
4,8997,"independent"
6,8998,"independent"
6,8999,"independent"
6,9000,"independent"
2,9001,"independent"
