"RF","tree_id","dataset"
8,1,"independent"
4,2,"independent"
10,3,"independent"
6,4,"independent"
8,5,"independent"
6,6,"independent"
6,7,"independent"
8,8,"independent"
6,9,"independent"
2,10,"independent"
6,11,"independent"
6,12,"independent"
6,13,"independent"
8,14,"independent"
4,15,"independent"
8,16,"independent"
8,17,"independent"
8,18,"independent"
6,19,"independent"
8,20,"independent"
10,21,"independent"
8,22,"independent"
8,23,"independent"
8,24,"independent"
6,25,"independent"
6,26,"independent"
10,27,"independent"
4,28,"independent"
10,29,"independent"
8,30,"independent"
6,31,"independent"
8,32,"independent"
8,33,"independent"
8,34,"independent"
8,35,"independent"
6,36,"independent"
6,37,"independent"
4,38,"independent"
4,39,"independent"
8,40,"independent"
6,41,"independent"
8,42,"independent"
2,43,"independent"
10,44,"independent"
6,45,"independent"
8,46,"independent"
6,47,"independent"
4,48,"independent"
8,49,"independent"
6,50,"independent"
4,51,"independent"
10,52,"independent"
6,53,"independent"
10,54,"independent"
4,55,"independent"
6,56,"independent"
8,57,"independent"
8,58,"independent"
8,59,"independent"
10,60,"independent"
6,61,"independent"
8,62,"independent"
8,63,"independent"
8,64,"independent"
10,65,"independent"
6,66,"independent"
4,67,"independent"
6,68,"independent"
4,69,"independent"
4,70,"independent"
8,71,"independent"
4,72,"independent"
10,73,"independent"
4,74,"independent"
8,75,"independent"
10,76,"independent"
12,77,"independent"
4,78,"independent"
8,79,"independent"
8,80,"independent"
10,81,"independent"
6,82,"independent"
4,83,"independent"
8,84,"independent"
6,85,"independent"
8,86,"independent"
6,87,"independent"
4,88,"independent"
10,89,"independent"
4,90,"independent"
6,91,"independent"
8,92,"independent"
4,93,"independent"
4,94,"independent"
6,95,"independent"
6,96,"independent"
4,97,"independent"
4,98,"independent"
6,99,"independent"
4,100,"independent"
6,101,"independent"
8,102,"independent"
8,103,"independent"
6,104,"independent"
2,105,"independent"
6,106,"independent"
6,107,"independent"
8,108,"independent"
6,109,"independent"
4,110,"independent"
10,111,"independent"
8,112,"independent"
6,113,"independent"
8,114,"independent"
10,115,"independent"
8,116,"independent"
6,117,"independent"
8,118,"independent"
8,119,"independent"
8,120,"independent"
4,121,"independent"
8,122,"independent"
12,123,"independent"
8,124,"independent"
6,125,"independent"
2,126,"independent"
8,127,"independent"
10,128,"independent"
4,129,"independent"
6,130,"independent"
4,131,"independent"
8,132,"independent"
6,133,"independent"
4,134,"independent"
4,135,"independent"
6,136,"independent"
10,137,"independent"
6,138,"independent"
4,139,"independent"
10,140,"independent"
8,141,"independent"
8,142,"independent"
6,143,"independent"
8,144,"independent"
10,145,"independent"
8,146,"independent"
6,147,"independent"
6,148,"independent"
8,149,"independent"
8,150,"independent"
8,151,"independent"
4,152,"independent"
8,153,"independent"
8,154,"independent"
10,155,"independent"
4,156,"independent"
8,157,"independent"
6,158,"independent"
10,159,"independent"
8,160,"independent"
6,161,"independent"
6,162,"independent"
6,163,"independent"
4,164,"independent"
10,165,"independent"
4,166,"independent"
8,167,"independent"
10,168,"independent"
6,169,"independent"
4,170,"independent"
6,171,"independent"
6,172,"independent"
12,173,"independent"
10,174,"independent"
8,175,"independent"
6,176,"independent"
6,177,"independent"
4,178,"independent"
4,179,"independent"
4,180,"independent"
6,181,"independent"
6,182,"independent"
8,183,"independent"
8,184,"independent"
8,185,"independent"
6,186,"independent"
6,187,"independent"
8,188,"independent"
4,189,"independent"
12,190,"independent"
6,191,"independent"
6,192,"independent"
6,193,"independent"
6,194,"independent"
8,195,"independent"
8,196,"independent"
8,197,"independent"
10,198,"independent"
8,199,"independent"
8,200,"independent"
6,201,"independent"
8,202,"independent"
4,203,"independent"
6,204,"independent"
6,205,"independent"
6,206,"independent"
6,207,"independent"
4,208,"independent"
6,209,"independent"
12,210,"independent"
8,211,"independent"
6,212,"independent"
4,213,"independent"
6,214,"independent"
8,215,"independent"
8,216,"independent"
6,217,"independent"
4,218,"independent"
6,219,"independent"
8,220,"independent"
8,221,"independent"
6,222,"independent"
6,223,"independent"
10,224,"independent"
6,225,"independent"
8,226,"independent"
12,227,"independent"
4,228,"independent"
6,229,"independent"
8,230,"independent"
6,231,"independent"
6,232,"independent"
8,233,"independent"
8,234,"independent"
8,235,"independent"
4,236,"independent"
4,237,"independent"
6,238,"independent"
6,239,"independent"
4,240,"independent"
10,241,"independent"
8,242,"independent"
4,243,"independent"
6,244,"independent"
8,245,"independent"
10,246,"independent"
8,247,"independent"
8,248,"independent"
10,249,"independent"
6,250,"independent"
2,251,"independent"
6,252,"independent"
8,253,"independent"
8,254,"independent"
6,255,"independent"
6,256,"independent"
6,257,"independent"
10,258,"independent"
4,259,"independent"
6,260,"independent"
6,261,"independent"
6,262,"independent"
8,263,"independent"
8,264,"independent"
8,265,"independent"
4,266,"independent"
10,267,"independent"
8,268,"independent"
6,269,"independent"
8,270,"independent"
6,271,"independent"
6,272,"independent"
8,273,"independent"
8,274,"independent"
8,275,"independent"
8,276,"independent"
6,277,"independent"
8,278,"independent"
6,279,"independent"
8,280,"independent"
10,281,"independent"
4,282,"independent"
4,283,"independent"
4,284,"independent"
8,285,"independent"
10,286,"independent"
4,287,"independent"
8,288,"independent"
6,289,"independent"
4,290,"independent"
6,291,"independent"
6,292,"independent"
8,293,"independent"
8,294,"independent"
8,295,"independent"
6,296,"independent"
6,297,"independent"
8,298,"independent"
4,299,"independent"
8,300,"independent"
6,301,"independent"
6,302,"independent"
8,303,"independent"
10,304,"independent"
8,305,"independent"
8,306,"independent"
6,307,"independent"
10,308,"independent"
6,309,"independent"
10,310,"independent"
8,311,"independent"
6,312,"independent"
4,313,"independent"
12,314,"independent"
6,315,"independent"
4,316,"independent"
8,317,"independent"
4,318,"independent"
12,319,"independent"
10,320,"independent"
8,321,"independent"
4,322,"independent"
6,323,"independent"
8,324,"independent"
8,325,"independent"
6,326,"independent"
6,327,"independent"
6,328,"independent"
6,329,"independent"
8,330,"independent"
10,331,"independent"
8,332,"independent"
8,333,"independent"
6,334,"independent"
8,335,"independent"
10,336,"independent"
8,337,"independent"
6,338,"independent"
6,339,"independent"
4,340,"independent"
8,341,"independent"
4,342,"independent"
8,343,"independent"
6,344,"independent"
6,345,"independent"
10,346,"independent"
8,347,"independent"
8,348,"independent"
8,349,"independent"
6,350,"independent"
6,351,"independent"
6,352,"independent"
6,353,"independent"
6,354,"independent"
4,355,"independent"
6,356,"independent"
6,357,"independent"
6,358,"independent"
6,359,"independent"
8,360,"independent"
6,361,"independent"
8,362,"independent"
4,363,"independent"
8,364,"independent"
8,365,"independent"
6,366,"independent"
4,367,"independent"
8,368,"independent"
8,369,"independent"
4,370,"independent"
6,371,"independent"
10,372,"independent"
6,373,"independent"
8,374,"independent"
8,375,"independent"
6,376,"independent"
8,377,"independent"
6,378,"independent"
4,379,"independent"
6,380,"independent"
8,381,"independent"
8,382,"independent"
6,383,"independent"
8,384,"independent"
10,385,"independent"
6,386,"independent"
6,387,"independent"
10,388,"independent"
8,389,"independent"
10,390,"independent"
8,391,"independent"
6,392,"independent"
4,393,"independent"
6,394,"independent"
10,395,"independent"
4,396,"independent"
8,397,"independent"
8,398,"independent"
6,399,"independent"
8,400,"independent"
8,401,"independent"
6,402,"independent"
4,403,"independent"
6,404,"independent"
6,405,"independent"
6,406,"independent"
6,407,"independent"
6,408,"independent"
6,409,"independent"
6,410,"independent"
8,411,"independent"
4,412,"independent"
8,413,"independent"
2,414,"independent"
6,415,"independent"
4,416,"independent"
8,417,"independent"
6,418,"independent"
6,419,"independent"
8,420,"independent"
8,421,"independent"
6,422,"independent"
12,423,"independent"
6,424,"independent"
10,425,"independent"
4,426,"independent"
4,427,"independent"
4,428,"independent"
8,429,"independent"
8,430,"independent"
8,431,"independent"
8,432,"independent"
8,433,"independent"
6,434,"independent"
8,435,"independent"
6,436,"independent"
8,437,"independent"
4,438,"independent"
4,439,"independent"
8,440,"independent"
4,441,"independent"
10,442,"independent"
8,443,"independent"
8,444,"independent"
6,445,"independent"
8,446,"independent"
6,447,"independent"
6,448,"independent"
6,449,"independent"
8,450,"independent"
8,451,"independent"
6,452,"independent"
6,453,"independent"
2,454,"independent"
4,455,"independent"
6,456,"independent"
12,457,"independent"
10,458,"independent"
4,459,"independent"
8,460,"independent"
6,461,"independent"
10,462,"independent"
8,463,"independent"
10,464,"independent"
8,465,"independent"
8,466,"independent"
2,467,"independent"
8,468,"independent"
6,469,"independent"
4,470,"independent"
8,471,"independent"
8,472,"independent"
12,473,"independent"
12,474,"independent"
4,475,"independent"
6,476,"independent"
10,477,"independent"
6,478,"independent"
6,479,"independent"
10,480,"independent"
6,481,"independent"
8,482,"independent"
8,483,"independent"
10,484,"independent"
8,485,"independent"
12,486,"independent"
6,487,"independent"
8,488,"independent"
6,489,"independent"
8,490,"independent"
6,491,"independent"
10,492,"independent"
8,493,"independent"
6,494,"independent"
8,495,"independent"
4,496,"independent"
6,497,"independent"
8,498,"independent"
8,499,"independent"
4,500,"independent"
6,501,"independent"
8,502,"independent"
8,503,"independent"
4,504,"independent"
6,505,"independent"
10,506,"independent"
8,507,"independent"
4,508,"independent"
4,509,"independent"
8,510,"independent"
6,511,"independent"
8,512,"independent"
4,513,"independent"
6,514,"independent"
6,515,"independent"
6,516,"independent"
8,517,"independent"
8,518,"independent"
10,519,"independent"
8,520,"independent"
10,521,"independent"
4,522,"independent"
4,523,"independent"
8,524,"independent"
10,525,"independent"
4,526,"independent"
8,527,"independent"
8,528,"independent"
6,529,"independent"
8,530,"independent"
4,531,"independent"
8,532,"independent"
6,533,"independent"
4,534,"independent"
8,535,"independent"
8,536,"independent"
8,537,"independent"
8,538,"independent"
4,539,"independent"
12,540,"independent"
4,541,"independent"
8,542,"independent"
8,543,"independent"
8,544,"independent"
8,545,"independent"
4,546,"independent"
8,547,"independent"
6,548,"independent"
6,549,"independent"
8,550,"independent"
4,551,"independent"
4,552,"independent"
10,553,"independent"
6,554,"independent"
4,555,"independent"
6,556,"independent"
6,557,"independent"
8,558,"independent"
8,559,"independent"
8,560,"independent"
8,561,"independent"
6,562,"independent"
4,563,"independent"
10,564,"independent"
4,565,"independent"
6,566,"independent"
6,567,"independent"
6,568,"independent"
14,569,"independent"
4,570,"independent"
8,571,"independent"
8,572,"independent"
6,573,"independent"
10,574,"independent"
6,575,"independent"
6,576,"independent"
4,577,"independent"
6,578,"independent"
6,579,"independent"
6,580,"independent"
8,581,"independent"
10,582,"independent"
4,583,"independent"
10,584,"independent"
12,585,"independent"
6,586,"independent"
6,587,"independent"
6,588,"independent"
4,589,"independent"
12,590,"independent"
8,591,"independent"
6,592,"independent"
8,593,"independent"
8,594,"independent"
6,595,"independent"
8,596,"independent"
6,597,"independent"
10,598,"independent"
6,599,"independent"
6,600,"independent"
4,601,"independent"
6,602,"independent"
4,603,"independent"
6,604,"independent"
6,605,"independent"
8,606,"independent"
8,607,"independent"
8,608,"independent"
6,609,"independent"
8,610,"independent"
4,611,"independent"
6,612,"independent"
4,613,"independent"
8,614,"independent"
6,615,"independent"
10,616,"independent"
6,617,"independent"
10,618,"independent"
8,619,"independent"
8,620,"independent"
6,621,"independent"
6,622,"independent"
6,623,"independent"
6,624,"independent"
8,625,"independent"
10,626,"independent"
6,627,"independent"
8,628,"independent"
6,629,"independent"
8,630,"independent"
8,631,"independent"
6,632,"independent"
4,633,"independent"
8,634,"independent"
4,635,"independent"
6,636,"independent"
6,637,"independent"
8,638,"independent"
8,639,"independent"
6,640,"independent"
10,641,"independent"
10,642,"independent"
4,643,"independent"
6,644,"independent"
4,645,"independent"
4,646,"independent"
12,647,"independent"
8,648,"independent"
8,649,"independent"
6,650,"independent"
8,651,"independent"
6,652,"independent"
6,653,"independent"
6,654,"independent"
6,655,"independent"
8,656,"independent"
8,657,"independent"
8,658,"independent"
6,659,"independent"
8,660,"independent"
8,661,"independent"
6,662,"independent"
6,663,"independent"
6,664,"independent"
6,665,"independent"
8,666,"independent"
8,667,"independent"
8,668,"independent"
4,669,"independent"
8,670,"independent"
4,671,"independent"
6,672,"independent"
8,673,"independent"
6,674,"independent"
10,675,"independent"
4,676,"independent"
8,677,"independent"
6,678,"independent"
8,679,"independent"
6,680,"independent"
8,681,"independent"
8,682,"independent"
12,683,"independent"
6,684,"independent"
4,685,"independent"
8,686,"independent"
8,687,"independent"
8,688,"independent"
8,689,"independent"
4,690,"independent"
8,691,"independent"
4,692,"independent"
12,693,"independent"
6,694,"independent"
6,695,"independent"
8,696,"independent"
12,697,"independent"
6,698,"independent"
4,699,"independent"
6,700,"independent"
4,701,"independent"
8,702,"independent"
8,703,"independent"
6,704,"independent"
6,705,"independent"
6,706,"independent"
10,707,"independent"
6,708,"independent"
10,709,"independent"
2,710,"independent"
4,711,"independent"
8,712,"independent"
6,713,"independent"
14,714,"independent"
8,715,"independent"
8,716,"independent"
4,717,"independent"
6,718,"independent"
6,719,"independent"
6,720,"independent"
6,721,"independent"
8,722,"independent"
8,723,"independent"
4,724,"independent"
8,725,"independent"
6,726,"independent"
8,727,"independent"
4,728,"independent"
6,729,"independent"
4,730,"independent"
6,731,"independent"
4,732,"independent"
8,733,"independent"
8,734,"independent"
8,735,"independent"
6,736,"independent"
6,737,"independent"
6,738,"independent"
6,739,"independent"
6,740,"independent"
8,741,"independent"
6,742,"independent"
8,743,"independent"
6,744,"independent"
6,745,"independent"
12,746,"independent"
10,747,"independent"
6,748,"independent"
6,749,"independent"
6,750,"independent"
8,751,"independent"
8,752,"independent"
12,753,"independent"
6,754,"independent"
4,755,"independent"
8,756,"independent"
8,757,"independent"
6,758,"independent"
4,759,"independent"
4,760,"independent"
8,761,"independent"
10,762,"independent"
6,763,"independent"
4,764,"independent"
8,765,"independent"
6,766,"independent"
6,767,"independent"
4,768,"independent"
4,769,"independent"
4,770,"independent"
8,771,"independent"
8,772,"independent"
6,773,"independent"
4,774,"independent"
4,775,"independent"
8,776,"independent"
8,777,"independent"
8,778,"independent"
6,779,"independent"
4,780,"independent"
6,781,"independent"
6,782,"independent"
4,783,"independent"
8,784,"independent"
8,785,"independent"
4,786,"independent"
4,787,"independent"
8,788,"independent"
12,789,"independent"
10,790,"independent"
6,791,"independent"
4,792,"independent"
8,793,"independent"
6,794,"independent"
6,795,"independent"
4,796,"independent"
6,797,"independent"
6,798,"independent"
10,799,"independent"
12,800,"independent"
6,801,"independent"
8,802,"independent"
10,803,"independent"
4,804,"independent"
4,805,"independent"
12,806,"independent"
8,807,"independent"
8,808,"independent"
8,809,"independent"
10,810,"independent"
8,811,"independent"
8,812,"independent"
10,813,"independent"
6,814,"independent"
10,815,"independent"
6,816,"independent"
6,817,"independent"
4,818,"independent"
6,819,"independent"
8,820,"independent"
6,821,"independent"
8,822,"independent"
8,823,"independent"
6,824,"independent"
8,825,"independent"
6,826,"independent"
6,827,"independent"
4,828,"independent"
4,829,"independent"
6,830,"independent"
6,831,"independent"
6,832,"independent"
8,833,"independent"
10,834,"independent"
6,835,"independent"
6,836,"independent"
12,837,"independent"
8,838,"independent"
2,839,"independent"
6,840,"independent"
6,841,"independent"
10,842,"independent"
6,843,"independent"
6,844,"independent"
8,845,"independent"
4,846,"independent"
8,847,"independent"
4,848,"independent"
8,849,"independent"
8,850,"independent"
6,851,"independent"
10,852,"independent"
8,853,"independent"
6,854,"independent"
8,855,"independent"
4,856,"independent"
8,857,"independent"
8,858,"independent"
8,859,"independent"
8,860,"independent"
6,861,"independent"
8,862,"independent"
6,863,"independent"
8,864,"independent"
6,865,"independent"
8,866,"independent"
8,867,"independent"
8,868,"independent"
6,869,"independent"
8,870,"independent"
6,871,"independent"
4,872,"independent"
8,873,"independent"
6,874,"independent"
8,875,"independent"
6,876,"independent"
6,877,"independent"
6,878,"independent"
6,879,"independent"
6,880,"independent"
4,881,"independent"
6,882,"independent"
4,883,"independent"
8,884,"independent"
8,885,"independent"
4,886,"independent"
10,887,"independent"
4,888,"independent"
8,889,"independent"
4,890,"independent"
6,891,"independent"
4,892,"independent"
6,893,"independent"
4,894,"independent"
4,895,"independent"
6,896,"independent"
4,897,"independent"
6,898,"independent"
8,899,"independent"
8,900,"independent"
4,901,"independent"
6,902,"independent"
10,903,"independent"
8,904,"independent"
10,905,"independent"
6,906,"independent"
6,907,"independent"
8,908,"independent"
10,909,"independent"
8,910,"independent"
6,911,"independent"
6,912,"independent"
2,913,"independent"
6,914,"independent"
8,915,"independent"
8,916,"independent"
6,917,"independent"
6,918,"independent"
4,919,"independent"
8,920,"independent"
6,921,"independent"
6,922,"independent"
4,923,"independent"
6,924,"independent"
6,925,"independent"
6,926,"independent"
10,927,"independent"
8,928,"independent"
10,929,"independent"
8,930,"independent"
10,931,"independent"
6,932,"independent"
6,933,"independent"
6,934,"independent"
6,935,"independent"
6,936,"independent"
8,937,"independent"
6,938,"independent"
8,939,"independent"
12,940,"independent"
4,941,"independent"
6,942,"independent"
8,943,"independent"
4,944,"independent"
8,945,"independent"
10,946,"independent"
4,947,"independent"
8,948,"independent"
10,949,"independent"
8,950,"independent"
6,951,"independent"
4,952,"independent"
8,953,"independent"
10,954,"independent"
6,955,"independent"
4,956,"independent"
6,957,"independent"
6,958,"independent"
6,959,"independent"
6,960,"independent"
8,961,"independent"
10,962,"independent"
8,963,"independent"
10,964,"independent"
8,965,"independent"
8,966,"independent"
6,967,"independent"
6,968,"independent"
6,969,"independent"
4,970,"independent"
10,971,"independent"
8,972,"independent"
8,973,"independent"
4,974,"independent"
8,975,"independent"
8,976,"independent"
8,977,"independent"
8,978,"independent"
8,979,"independent"
4,980,"independent"
6,981,"independent"
8,982,"independent"
10,983,"independent"
8,984,"independent"
4,985,"independent"
4,986,"independent"
6,987,"independent"
6,988,"independent"
8,989,"independent"
10,990,"independent"
8,991,"independent"
4,992,"independent"
6,993,"independent"
10,994,"independent"
12,995,"independent"
4,996,"independent"
4,997,"independent"
8,998,"independent"
6,999,"independent"
2,1000,"independent"
4,1001,"independent"
4,1002,"independent"
10,1003,"independent"
6,1004,"independent"
4,1005,"independent"
6,1006,"independent"
4,1007,"independent"
6,1008,"independent"
8,1009,"independent"
8,1010,"independent"
8,1011,"independent"
6,1012,"independent"
6,1013,"independent"
2,1014,"independent"
6,1015,"independent"
6,1016,"independent"
6,1017,"independent"
12,1018,"independent"
8,1019,"independent"
6,1020,"independent"
6,1021,"independent"
6,1022,"independent"
4,1023,"independent"
8,1024,"independent"
8,1025,"independent"
8,1026,"independent"
4,1027,"independent"
8,1028,"independent"
8,1029,"independent"
10,1030,"independent"
10,1031,"independent"
8,1032,"independent"
10,1033,"independent"
8,1034,"independent"
4,1035,"independent"
10,1036,"independent"
10,1037,"independent"
6,1038,"independent"
4,1039,"independent"
8,1040,"independent"
10,1041,"independent"
6,1042,"independent"
4,1043,"independent"
10,1044,"independent"
4,1045,"independent"
4,1046,"independent"
6,1047,"independent"
4,1048,"independent"
8,1049,"independent"
10,1050,"independent"
12,1051,"independent"
4,1052,"independent"
10,1053,"independent"
12,1054,"independent"
8,1055,"independent"
6,1056,"independent"
4,1057,"independent"
8,1058,"independent"
10,1059,"independent"
10,1060,"independent"
8,1061,"independent"
8,1062,"independent"
6,1063,"independent"
8,1064,"independent"
6,1065,"independent"
8,1066,"independent"
6,1067,"independent"
8,1068,"independent"
8,1069,"independent"
6,1070,"independent"
10,1071,"independent"
4,1072,"independent"
8,1073,"independent"
6,1074,"independent"
6,1075,"independent"
10,1076,"independent"
2,1077,"independent"
8,1078,"independent"
10,1079,"independent"
8,1080,"independent"
8,1081,"independent"
8,1082,"independent"
8,1083,"independent"
6,1084,"independent"
10,1085,"independent"
6,1086,"independent"
6,1087,"independent"
6,1088,"independent"
8,1089,"independent"
8,1090,"independent"
6,1091,"independent"
10,1092,"independent"
6,1093,"independent"
8,1094,"independent"
6,1095,"independent"
6,1096,"independent"
8,1097,"independent"
4,1098,"independent"
4,1099,"independent"
8,1100,"independent"
8,1101,"independent"
10,1102,"independent"
8,1103,"independent"
10,1104,"independent"
6,1105,"independent"
6,1106,"independent"
4,1107,"independent"
8,1108,"independent"
4,1109,"independent"
6,1110,"independent"
8,1111,"independent"
8,1112,"independent"
8,1113,"independent"
12,1114,"independent"
8,1115,"independent"
10,1116,"independent"
6,1117,"independent"
10,1118,"independent"
8,1119,"independent"
8,1120,"independent"
6,1121,"independent"
10,1122,"independent"
6,1123,"independent"
6,1124,"independent"
6,1125,"independent"
10,1126,"independent"
6,1127,"independent"
8,1128,"independent"
6,1129,"independent"
6,1130,"independent"
10,1131,"independent"
6,1132,"independent"
6,1133,"independent"
6,1134,"independent"
6,1135,"independent"
4,1136,"independent"
4,1137,"independent"
8,1138,"independent"
6,1139,"independent"
8,1140,"independent"
8,1141,"independent"
8,1142,"independent"
8,1143,"independent"
6,1144,"independent"
10,1145,"independent"
8,1146,"independent"
4,1147,"independent"
8,1148,"independent"
8,1149,"independent"
6,1150,"independent"
8,1151,"independent"
8,1152,"independent"
10,1153,"independent"
4,1154,"independent"
10,1155,"independent"
6,1156,"independent"
8,1157,"independent"
8,1158,"independent"
8,1159,"independent"
6,1160,"independent"
4,1161,"independent"
6,1162,"independent"
6,1163,"independent"
8,1164,"independent"
4,1165,"independent"
8,1166,"independent"
6,1167,"independent"
4,1168,"independent"
8,1169,"independent"
8,1170,"independent"
8,1171,"independent"
10,1172,"independent"
8,1173,"independent"
4,1174,"independent"
0,1175,"independent"
10,1176,"independent"
4,1177,"independent"
6,1178,"independent"
4,1179,"independent"
10,1180,"independent"
8,1181,"independent"
8,1182,"independent"
8,1183,"independent"
4,1184,"independent"
6,1185,"independent"
8,1186,"independent"
6,1187,"independent"
8,1188,"independent"
6,1189,"independent"
4,1190,"independent"
6,1191,"independent"
8,1192,"independent"
12,1193,"independent"
4,1194,"independent"
4,1195,"independent"
6,1196,"independent"
10,1197,"independent"
4,1198,"independent"
6,1199,"independent"
6,1200,"independent"
10,1201,"independent"
6,1202,"independent"
6,1203,"independent"
4,1204,"independent"
4,1205,"independent"
8,1206,"independent"
10,1207,"independent"
6,1208,"independent"
10,1209,"independent"
8,1210,"independent"
6,1211,"independent"
6,1212,"independent"
6,1213,"independent"
8,1214,"independent"
4,1215,"independent"
8,1216,"independent"
4,1217,"independent"
8,1218,"independent"
8,1219,"independent"
6,1220,"independent"
6,1221,"independent"
10,1222,"independent"
4,1223,"independent"
8,1224,"independent"
10,1225,"independent"
6,1226,"independent"
8,1227,"independent"
6,1228,"independent"
6,1229,"independent"
8,1230,"independent"
6,1231,"independent"
4,1232,"independent"
6,1233,"independent"
6,1234,"independent"
6,1235,"independent"
8,1236,"independent"
10,1237,"independent"
6,1238,"independent"
8,1239,"independent"
4,1240,"independent"
6,1241,"independent"
4,1242,"independent"
4,1243,"independent"
6,1244,"independent"
10,1245,"independent"
8,1246,"independent"
8,1247,"independent"
8,1248,"independent"
6,1249,"independent"
4,1250,"independent"
6,1251,"independent"
8,1252,"independent"
8,1253,"independent"
8,1254,"independent"
6,1255,"independent"
10,1256,"independent"
4,1257,"independent"
8,1258,"independent"
6,1259,"independent"
6,1260,"independent"
6,1261,"independent"
10,1262,"independent"
8,1263,"independent"
10,1264,"independent"
6,1265,"independent"
6,1266,"independent"
6,1267,"independent"
8,1268,"independent"
10,1269,"independent"
6,1270,"independent"
8,1271,"independent"
10,1272,"independent"
10,1273,"independent"
6,1274,"independent"
8,1275,"independent"
6,1276,"independent"
6,1277,"independent"
8,1278,"independent"
10,1279,"independent"
8,1280,"independent"
6,1281,"independent"
8,1282,"independent"
4,1283,"independent"
6,1284,"independent"
8,1285,"independent"
10,1286,"independent"
6,1287,"independent"
6,1288,"independent"
6,1289,"independent"
4,1290,"independent"
8,1291,"independent"
6,1292,"independent"
8,1293,"independent"
8,1294,"independent"
6,1295,"independent"
6,1296,"independent"
10,1297,"independent"
4,1298,"independent"
8,1299,"independent"
6,1300,"independent"
10,1301,"independent"
10,1302,"independent"
8,1303,"independent"
10,1304,"independent"
10,1305,"independent"
6,1306,"independent"
10,1307,"independent"
8,1308,"independent"
8,1309,"independent"
6,1310,"independent"
4,1311,"independent"
6,1312,"independent"
8,1313,"independent"
6,1314,"independent"
6,1315,"independent"
4,1316,"independent"
8,1317,"independent"
6,1318,"independent"
4,1319,"independent"
6,1320,"independent"
6,1321,"independent"
8,1322,"independent"
6,1323,"independent"
6,1324,"independent"
6,1325,"independent"
6,1326,"independent"
10,1327,"independent"
10,1328,"independent"
4,1329,"independent"
6,1330,"independent"
8,1331,"independent"
6,1332,"independent"
8,1333,"independent"
6,1334,"independent"
10,1335,"independent"
6,1336,"independent"
8,1337,"independent"
4,1338,"independent"
10,1339,"independent"
8,1340,"independent"
10,1341,"independent"
10,1342,"independent"
6,1343,"independent"
10,1344,"independent"
8,1345,"independent"
10,1346,"independent"
10,1347,"independent"
8,1348,"independent"
4,1349,"independent"
10,1350,"independent"
10,1351,"independent"
8,1352,"independent"
4,1353,"independent"
8,1354,"independent"
10,1355,"independent"
6,1356,"independent"
8,1357,"independent"
6,1358,"independent"
8,1359,"independent"
8,1360,"independent"
8,1361,"independent"
10,1362,"independent"
6,1363,"independent"
6,1364,"independent"
4,1365,"independent"
6,1366,"independent"
6,1367,"independent"
4,1368,"independent"
10,1369,"independent"
8,1370,"independent"
6,1371,"independent"
12,1372,"independent"
6,1373,"independent"
8,1374,"independent"
6,1375,"independent"
8,1376,"independent"
4,1377,"independent"
8,1378,"independent"
6,1379,"independent"
4,1380,"independent"
8,1381,"independent"
4,1382,"independent"
4,1383,"independent"
8,1384,"independent"
8,1385,"independent"
6,1386,"independent"
6,1387,"independent"
4,1388,"independent"
10,1389,"independent"
8,1390,"independent"
4,1391,"independent"
6,1392,"independent"
4,1393,"independent"
8,1394,"independent"
8,1395,"independent"
8,1396,"independent"
4,1397,"independent"
4,1398,"independent"
8,1399,"independent"
6,1400,"independent"
4,1401,"independent"
4,1402,"independent"
4,1403,"independent"
8,1404,"independent"
6,1405,"independent"
6,1406,"independent"
6,1407,"independent"
4,1408,"independent"
8,1409,"independent"
6,1410,"independent"
8,1411,"independent"
8,1412,"independent"
4,1413,"independent"
8,1414,"independent"
6,1415,"independent"
8,1416,"independent"
6,1417,"independent"
6,1418,"independent"
8,1419,"independent"
4,1420,"independent"
6,1421,"independent"
8,1422,"independent"
10,1423,"independent"
8,1424,"independent"
8,1425,"independent"
6,1426,"independent"
8,1427,"independent"
8,1428,"independent"
8,1429,"independent"
6,1430,"independent"
6,1431,"independent"
6,1432,"independent"
10,1433,"independent"
6,1434,"independent"
4,1435,"independent"
10,1436,"independent"
8,1437,"independent"
6,1438,"independent"
10,1439,"independent"
6,1440,"independent"
6,1441,"independent"
12,1442,"independent"
10,1443,"independent"
6,1444,"independent"
6,1445,"independent"
8,1446,"independent"
6,1447,"independent"
6,1448,"independent"
6,1449,"independent"
6,1450,"independent"
6,1451,"independent"
8,1452,"independent"
8,1453,"independent"
6,1454,"independent"
6,1455,"independent"
6,1456,"independent"
8,1457,"independent"
8,1458,"independent"
4,1459,"independent"
6,1460,"independent"
8,1461,"independent"
4,1462,"independent"
8,1463,"independent"
6,1464,"independent"
6,1465,"independent"
6,1466,"independent"
10,1467,"independent"
6,1468,"independent"
6,1469,"independent"
6,1470,"independent"
8,1471,"independent"
6,1472,"independent"
6,1473,"independent"
4,1474,"independent"
6,1475,"independent"
10,1476,"independent"
10,1477,"independent"
10,1478,"independent"
4,1479,"independent"
10,1480,"independent"
8,1481,"independent"
4,1482,"independent"
2,1483,"independent"
4,1484,"independent"
6,1485,"independent"
12,1486,"independent"
6,1487,"independent"
10,1488,"independent"
12,1489,"independent"
10,1490,"independent"
6,1491,"independent"
6,1492,"independent"
12,1493,"independent"
6,1494,"independent"
8,1495,"independent"
8,1496,"independent"
6,1497,"independent"
6,1498,"independent"
8,1499,"independent"
6,1500,"independent"
10,1501,"independent"
6,1502,"independent"
10,1503,"independent"
10,1504,"independent"
8,1505,"independent"
4,1506,"independent"
8,1507,"independent"
4,1508,"independent"
8,1509,"independent"
6,1510,"independent"
4,1511,"independent"
6,1512,"independent"
6,1513,"independent"
8,1514,"independent"
8,1515,"independent"
8,1516,"independent"
6,1517,"independent"
4,1518,"independent"
8,1519,"independent"
4,1520,"independent"
6,1521,"independent"
8,1522,"independent"
10,1523,"independent"
6,1524,"independent"
8,1525,"independent"
6,1526,"independent"
6,1527,"independent"
8,1528,"independent"
6,1529,"independent"
2,1530,"independent"
6,1531,"independent"
6,1532,"independent"
4,1533,"independent"
8,1534,"independent"
6,1535,"independent"
6,1536,"independent"
10,1537,"independent"
6,1538,"independent"
6,1539,"independent"
4,1540,"independent"
10,1541,"independent"
4,1542,"independent"
10,1543,"independent"
6,1544,"independent"
10,1545,"independent"
8,1546,"independent"
6,1547,"independent"
10,1548,"independent"
8,1549,"independent"
6,1550,"independent"
8,1551,"independent"
8,1552,"independent"
6,1553,"independent"
4,1554,"independent"
8,1555,"independent"
4,1556,"independent"
10,1557,"independent"
10,1558,"independent"
6,1559,"independent"
6,1560,"independent"
6,1561,"independent"
8,1562,"independent"
8,1563,"independent"
10,1564,"independent"
6,1565,"independent"
8,1566,"independent"
6,1567,"independent"
8,1568,"independent"
10,1569,"independent"
10,1570,"independent"
8,1571,"independent"
6,1572,"independent"
6,1573,"independent"
6,1574,"independent"
6,1575,"independent"
8,1576,"independent"
10,1577,"independent"
6,1578,"independent"
6,1579,"independent"
8,1580,"independent"
8,1581,"independent"
10,1582,"independent"
8,1583,"independent"
10,1584,"independent"
10,1585,"independent"
8,1586,"independent"
4,1587,"independent"
10,1588,"independent"
12,1589,"independent"
8,1590,"independent"
6,1591,"independent"
6,1592,"independent"
6,1593,"independent"
6,1594,"independent"
8,1595,"independent"
8,1596,"independent"
6,1597,"independent"
8,1598,"independent"
8,1599,"independent"
6,1600,"independent"
8,1601,"independent"
10,1602,"independent"
6,1603,"independent"
4,1604,"independent"
10,1605,"independent"
6,1606,"independent"
6,1607,"independent"
10,1608,"independent"
6,1609,"independent"
4,1610,"independent"
4,1611,"independent"
6,1612,"independent"
4,1613,"independent"
6,1614,"independent"
10,1615,"independent"
10,1616,"independent"
10,1617,"independent"
8,1618,"independent"
6,1619,"independent"
10,1620,"independent"
10,1621,"independent"
6,1622,"independent"
8,1623,"independent"
6,1624,"independent"
4,1625,"independent"
6,1626,"independent"
4,1627,"independent"
6,1628,"independent"
8,1629,"independent"
6,1630,"independent"
4,1631,"independent"
6,1632,"independent"
6,1633,"independent"
6,1634,"independent"
6,1635,"independent"
10,1636,"independent"
8,1637,"independent"
8,1638,"independent"
8,1639,"independent"
8,1640,"independent"
4,1641,"independent"
10,1642,"independent"
10,1643,"independent"
6,1644,"independent"
4,1645,"independent"
8,1646,"independent"
6,1647,"independent"
6,1648,"independent"
8,1649,"independent"
4,1650,"independent"
4,1651,"independent"
8,1652,"independent"
10,1653,"independent"
4,1654,"independent"
6,1655,"independent"
6,1656,"independent"
10,1657,"independent"
4,1658,"independent"
8,1659,"independent"
6,1660,"independent"
4,1661,"independent"
8,1662,"independent"
8,1663,"independent"
8,1664,"independent"
8,1665,"independent"
8,1666,"independent"
6,1667,"independent"
8,1668,"independent"
10,1669,"independent"
8,1670,"independent"
6,1671,"independent"
8,1672,"independent"
10,1673,"independent"
6,1674,"independent"
6,1675,"independent"
10,1676,"independent"
12,1677,"independent"
8,1678,"independent"
8,1679,"independent"
6,1680,"independent"
6,1681,"independent"
10,1682,"independent"
6,1683,"independent"
6,1684,"independent"
6,1685,"independent"
8,1686,"independent"
14,1687,"independent"
6,1688,"independent"
8,1689,"independent"
6,1690,"independent"
10,1691,"independent"
8,1692,"independent"
10,1693,"independent"
6,1694,"independent"
10,1695,"independent"
6,1696,"independent"
6,1697,"independent"
4,1698,"independent"
10,1699,"independent"
4,1700,"independent"
10,1701,"independent"
10,1702,"independent"
6,1703,"independent"
4,1704,"independent"
6,1705,"independent"
8,1706,"independent"
10,1707,"independent"
6,1708,"independent"
8,1709,"independent"
6,1710,"independent"
8,1711,"independent"
6,1712,"independent"
8,1713,"independent"
8,1714,"independent"
4,1715,"independent"
12,1716,"independent"
8,1717,"independent"
6,1718,"independent"
4,1719,"independent"
8,1720,"independent"
4,1721,"independent"
8,1722,"independent"
6,1723,"independent"
8,1724,"independent"
10,1725,"independent"
6,1726,"independent"
8,1727,"independent"
4,1728,"independent"
8,1729,"independent"
4,1730,"independent"
6,1731,"independent"
8,1732,"independent"
6,1733,"independent"
8,1734,"independent"
12,1735,"independent"
6,1736,"independent"
10,1737,"independent"
10,1738,"independent"
8,1739,"independent"
4,1740,"independent"
6,1741,"independent"
4,1742,"independent"
4,1743,"independent"
8,1744,"independent"
8,1745,"independent"
12,1746,"independent"
4,1747,"independent"
6,1748,"independent"
8,1749,"independent"
10,1750,"independent"
6,1751,"independent"
8,1752,"independent"
8,1753,"independent"
6,1754,"independent"
6,1755,"independent"
8,1756,"independent"
6,1757,"independent"
6,1758,"independent"
2,1759,"independent"
6,1760,"independent"
4,1761,"independent"
6,1762,"independent"
6,1763,"independent"
8,1764,"independent"
8,1765,"independent"
4,1766,"independent"
12,1767,"independent"
8,1768,"independent"
6,1769,"independent"
4,1770,"independent"
6,1771,"independent"
6,1772,"independent"
8,1773,"independent"
6,1774,"independent"
6,1775,"independent"
8,1776,"independent"
4,1777,"independent"
6,1778,"independent"
6,1779,"independent"
8,1780,"independent"
6,1781,"independent"
6,1782,"independent"
8,1783,"independent"
8,1784,"independent"
8,1785,"independent"
6,1786,"independent"
8,1787,"independent"
6,1788,"independent"
6,1789,"independent"
8,1790,"independent"
8,1791,"independent"
10,1792,"independent"
6,1793,"independent"
6,1794,"independent"
6,1795,"independent"
6,1796,"independent"
6,1797,"independent"
4,1798,"independent"
8,1799,"independent"
6,1800,"independent"
4,1801,"independent"
6,1802,"independent"
10,1803,"independent"
8,1804,"independent"
8,1805,"independent"
6,1806,"independent"
4,1807,"independent"
6,1808,"independent"
6,1809,"independent"
12,1810,"independent"
8,1811,"independent"
8,1812,"independent"
4,1813,"independent"
12,1814,"independent"
4,1815,"independent"
8,1816,"independent"
10,1817,"independent"
8,1818,"independent"
6,1819,"independent"
8,1820,"independent"
4,1821,"independent"
6,1822,"independent"
8,1823,"independent"
4,1824,"independent"
8,1825,"independent"
4,1826,"independent"
6,1827,"independent"
8,1828,"independent"
8,1829,"independent"
8,1830,"independent"
6,1831,"independent"
4,1832,"independent"
6,1833,"independent"
12,1834,"independent"
6,1835,"independent"
6,1836,"independent"
10,1837,"independent"
4,1838,"independent"
6,1839,"independent"
8,1840,"independent"
6,1841,"independent"
6,1842,"independent"
8,1843,"independent"
8,1844,"independent"
10,1845,"independent"
6,1846,"independent"
12,1847,"independent"
8,1848,"independent"
6,1849,"independent"
10,1850,"independent"
8,1851,"independent"
4,1852,"independent"
6,1853,"independent"
6,1854,"independent"
2,1855,"independent"
10,1856,"independent"
10,1857,"independent"
6,1858,"independent"
8,1859,"independent"
8,1860,"independent"
8,1861,"independent"
8,1862,"independent"
6,1863,"independent"
6,1864,"independent"
6,1865,"independent"
8,1866,"independent"
8,1867,"independent"
4,1868,"independent"
4,1869,"independent"
8,1870,"independent"
4,1871,"independent"
8,1872,"independent"
8,1873,"independent"
8,1874,"independent"
4,1875,"independent"
4,1876,"independent"
8,1877,"independent"
8,1878,"independent"
6,1879,"independent"
4,1880,"independent"
6,1881,"independent"
6,1882,"independent"
4,1883,"independent"
4,1884,"independent"
8,1885,"independent"
8,1886,"independent"
4,1887,"independent"
6,1888,"independent"
6,1889,"independent"
8,1890,"independent"
8,1891,"independent"
6,1892,"independent"
4,1893,"independent"
6,1894,"independent"
10,1895,"independent"
6,1896,"independent"
4,1897,"independent"
6,1898,"independent"
8,1899,"independent"
8,1900,"independent"
4,1901,"independent"
8,1902,"independent"
8,1903,"independent"
6,1904,"independent"
6,1905,"independent"
4,1906,"independent"
6,1907,"independent"
2,1908,"independent"
4,1909,"independent"
8,1910,"independent"
4,1911,"independent"
8,1912,"independent"
6,1913,"independent"
6,1914,"independent"
8,1915,"independent"
8,1916,"independent"
10,1917,"independent"
6,1918,"independent"
6,1919,"independent"
8,1920,"independent"
6,1921,"independent"
6,1922,"independent"
4,1923,"independent"
6,1924,"independent"
12,1925,"independent"
8,1926,"independent"
4,1927,"independent"
10,1928,"independent"
10,1929,"independent"
8,1930,"independent"
4,1931,"independent"
8,1932,"independent"
8,1933,"independent"
8,1934,"independent"
4,1935,"independent"
8,1936,"independent"
8,1937,"independent"
8,1938,"independent"
6,1939,"independent"
8,1940,"independent"
8,1941,"independent"
10,1942,"independent"
6,1943,"independent"
8,1944,"independent"
4,1945,"independent"
10,1946,"independent"
6,1947,"independent"
4,1948,"independent"
6,1949,"independent"
6,1950,"independent"
8,1951,"independent"
6,1952,"independent"
6,1953,"independent"
10,1954,"independent"
10,1955,"independent"
8,1956,"independent"
6,1957,"independent"
6,1958,"independent"
6,1959,"independent"
6,1960,"independent"
4,1961,"independent"
8,1962,"independent"
8,1963,"independent"
8,1964,"independent"
10,1965,"independent"
10,1966,"independent"
4,1967,"independent"
8,1968,"independent"
8,1969,"independent"
6,1970,"independent"
6,1971,"independent"
8,1972,"independent"
10,1973,"independent"
4,1974,"independent"
6,1975,"independent"
6,1976,"independent"
8,1977,"independent"
4,1978,"independent"
6,1979,"independent"
8,1980,"independent"
8,1981,"independent"
4,1982,"independent"
4,1983,"independent"
8,1984,"independent"
10,1985,"independent"
6,1986,"independent"
6,1987,"independent"
6,1988,"independent"
6,1989,"independent"
4,1990,"independent"
10,1991,"independent"
6,1992,"independent"
8,1993,"independent"
4,1994,"independent"
10,1995,"independent"
10,1996,"independent"
6,1997,"independent"
6,1998,"independent"
4,1999,"independent"
8,2000,"independent"
6,2001,"independent"
8,2002,"independent"
8,2003,"independent"
8,2004,"independent"
2,2005,"independent"
4,2006,"independent"
10,2007,"independent"
6,2008,"independent"
6,2009,"independent"
10,2010,"independent"
8,2011,"independent"
6,2012,"independent"
4,2013,"independent"
6,2014,"independent"
8,2015,"independent"
8,2016,"independent"
6,2017,"independent"
10,2018,"independent"
8,2019,"independent"
6,2020,"independent"
6,2021,"independent"
4,2022,"independent"
8,2023,"independent"
8,2024,"independent"
8,2025,"independent"
6,2026,"independent"
6,2027,"independent"
12,2028,"independent"
8,2029,"independent"
8,2030,"independent"
6,2031,"independent"
6,2032,"independent"
10,2033,"independent"
8,2034,"independent"
4,2035,"independent"
6,2036,"independent"
6,2037,"independent"
6,2038,"independent"
8,2039,"independent"
8,2040,"independent"
6,2041,"independent"
6,2042,"independent"
4,2043,"independent"
6,2044,"independent"
8,2045,"independent"
6,2046,"independent"
8,2047,"independent"
8,2048,"independent"
8,2049,"independent"
8,2050,"independent"
4,2051,"independent"
8,2052,"independent"
4,2053,"independent"
2,2054,"independent"
10,2055,"independent"
4,2056,"independent"
4,2057,"independent"
4,2058,"independent"
6,2059,"independent"
6,2060,"independent"
4,2061,"independent"
6,2062,"independent"
6,2063,"independent"
6,2064,"independent"
4,2065,"independent"
10,2066,"independent"
6,2067,"independent"
6,2068,"independent"
6,2069,"independent"
6,2070,"independent"
6,2071,"independent"
4,2072,"independent"
8,2073,"independent"
6,2074,"independent"
6,2075,"independent"
8,2076,"independent"
6,2077,"independent"
6,2078,"independent"
8,2079,"independent"
8,2080,"independent"
8,2081,"independent"
6,2082,"independent"
6,2083,"independent"
8,2084,"independent"
8,2085,"independent"
8,2086,"independent"
10,2087,"independent"
8,2088,"independent"
10,2089,"independent"
8,2090,"independent"
6,2091,"independent"
8,2092,"independent"
4,2093,"independent"
4,2094,"independent"
4,2095,"independent"
8,2096,"independent"
8,2097,"independent"
6,2098,"independent"
6,2099,"independent"
6,2100,"independent"
8,2101,"independent"
6,2102,"independent"
6,2103,"independent"
4,2104,"independent"
8,2105,"independent"
6,2106,"independent"
6,2107,"independent"
8,2108,"independent"
4,2109,"independent"
8,2110,"independent"
12,2111,"independent"
6,2112,"independent"
10,2113,"independent"
8,2114,"independent"
6,2115,"independent"
8,2116,"independent"
6,2117,"independent"
6,2118,"independent"
8,2119,"independent"
8,2120,"independent"
10,2121,"independent"
8,2122,"independent"
6,2123,"independent"
6,2124,"independent"
8,2125,"independent"
4,2126,"independent"
6,2127,"independent"
10,2128,"independent"
8,2129,"independent"
8,2130,"independent"
4,2131,"independent"
2,2132,"independent"
4,2133,"independent"
6,2134,"independent"
6,2135,"independent"
8,2136,"independent"
10,2137,"independent"
12,2138,"independent"
10,2139,"independent"
4,2140,"independent"
6,2141,"independent"
8,2142,"independent"
10,2143,"independent"
6,2144,"independent"
6,2145,"independent"
4,2146,"independent"
10,2147,"independent"
6,2148,"independent"
10,2149,"independent"
8,2150,"independent"
8,2151,"independent"
6,2152,"independent"
6,2153,"independent"
8,2154,"independent"
8,2155,"independent"
6,2156,"independent"
6,2157,"independent"
10,2158,"independent"
8,2159,"independent"
4,2160,"independent"
8,2161,"independent"
6,2162,"independent"
10,2163,"independent"
4,2164,"independent"
4,2165,"independent"
10,2166,"independent"
8,2167,"independent"
6,2168,"independent"
12,2169,"independent"
8,2170,"independent"
8,2171,"independent"
8,2172,"independent"
8,2173,"independent"
6,2174,"independent"
10,2175,"independent"
4,2176,"independent"
6,2177,"independent"
6,2178,"independent"
6,2179,"independent"
8,2180,"independent"
8,2181,"independent"
6,2182,"independent"
10,2183,"independent"
8,2184,"independent"
6,2185,"independent"
4,2186,"independent"
8,2187,"independent"
8,2188,"independent"
10,2189,"independent"
6,2190,"independent"
8,2191,"independent"
8,2192,"independent"
8,2193,"independent"
4,2194,"independent"
6,2195,"independent"
8,2196,"independent"
8,2197,"independent"
8,2198,"independent"
6,2199,"independent"
6,2200,"independent"
8,2201,"independent"
6,2202,"independent"
4,2203,"independent"
6,2204,"independent"
6,2205,"independent"
8,2206,"independent"
8,2207,"independent"
8,2208,"independent"
8,2209,"independent"
10,2210,"independent"
6,2211,"independent"
10,2212,"independent"
6,2213,"independent"
8,2214,"independent"
6,2215,"independent"
4,2216,"independent"
10,2217,"independent"
6,2218,"independent"
10,2219,"independent"
6,2220,"independent"
4,2221,"independent"
6,2222,"independent"
10,2223,"independent"
4,2224,"independent"
8,2225,"independent"
8,2226,"independent"
6,2227,"independent"
14,2228,"independent"
8,2229,"independent"
8,2230,"independent"
4,2231,"independent"
6,2232,"independent"
14,2233,"independent"
6,2234,"independent"
6,2235,"independent"
8,2236,"independent"
6,2237,"independent"
8,2238,"independent"
8,2239,"independent"
6,2240,"independent"
6,2241,"independent"
10,2242,"independent"
6,2243,"independent"
4,2244,"independent"
6,2245,"independent"
8,2246,"independent"
6,2247,"independent"
6,2248,"independent"
8,2249,"independent"
8,2250,"independent"
6,2251,"independent"
14,2252,"independent"
10,2253,"independent"
4,2254,"independent"
10,2255,"independent"
8,2256,"independent"
8,2257,"independent"
6,2258,"independent"
6,2259,"independent"
6,2260,"independent"
8,2261,"independent"
8,2262,"independent"
6,2263,"independent"
8,2264,"independent"
6,2265,"independent"
6,2266,"independent"
6,2267,"independent"
6,2268,"independent"
4,2269,"independent"
4,2270,"independent"
10,2271,"independent"
4,2272,"independent"
8,2273,"independent"
10,2274,"independent"
6,2275,"independent"
10,2276,"independent"
8,2277,"independent"
6,2278,"independent"
8,2279,"independent"
4,2280,"independent"
8,2281,"independent"
8,2282,"independent"
6,2283,"independent"
4,2284,"independent"
8,2285,"independent"
8,2286,"independent"
6,2287,"independent"
8,2288,"independent"
6,2289,"independent"
12,2290,"independent"
6,2291,"independent"
6,2292,"independent"
10,2293,"independent"
6,2294,"independent"
6,2295,"independent"
4,2296,"independent"
4,2297,"independent"
8,2298,"independent"
8,2299,"independent"
4,2300,"independent"
4,2301,"independent"
8,2302,"independent"
4,2303,"independent"
6,2304,"independent"
8,2305,"independent"
8,2306,"independent"
4,2307,"independent"
6,2308,"independent"
8,2309,"independent"
8,2310,"independent"
10,2311,"independent"
4,2312,"independent"
6,2313,"independent"
4,2314,"independent"
6,2315,"independent"
12,2316,"independent"
6,2317,"independent"
10,2318,"independent"
8,2319,"independent"
4,2320,"independent"
4,2321,"independent"
8,2322,"independent"
10,2323,"independent"
6,2324,"independent"
6,2325,"independent"
8,2326,"independent"
6,2327,"independent"
4,2328,"independent"
4,2329,"independent"
4,2330,"independent"
4,2331,"independent"
8,2332,"independent"
10,2333,"independent"
8,2334,"independent"
4,2335,"independent"
4,2336,"independent"
6,2337,"independent"
8,2338,"independent"
6,2339,"independent"
6,2340,"independent"
10,2341,"independent"
8,2342,"independent"
10,2343,"independent"
8,2344,"independent"
6,2345,"independent"
10,2346,"independent"
8,2347,"independent"
6,2348,"independent"
8,2349,"independent"
6,2350,"independent"
6,2351,"independent"
10,2352,"independent"
8,2353,"independent"
8,2354,"independent"
8,2355,"independent"
8,2356,"independent"
6,2357,"independent"
6,2358,"independent"
8,2359,"independent"
6,2360,"independent"
8,2361,"independent"
4,2362,"independent"
4,2363,"independent"
8,2364,"independent"
8,2365,"independent"
6,2366,"independent"
8,2367,"independent"
2,2368,"independent"
6,2369,"independent"
6,2370,"independent"
8,2371,"independent"
8,2372,"independent"
6,2373,"independent"
8,2374,"independent"
4,2375,"independent"
2,2376,"independent"
6,2377,"independent"
8,2378,"independent"
6,2379,"independent"
4,2380,"independent"
6,2381,"independent"
8,2382,"independent"
8,2383,"independent"
6,2384,"independent"
8,2385,"independent"
8,2386,"independent"
6,2387,"independent"
6,2388,"independent"
6,2389,"independent"
4,2390,"independent"
6,2391,"independent"
10,2392,"independent"
6,2393,"independent"
6,2394,"independent"
8,2395,"independent"
6,2396,"independent"
8,2397,"independent"
10,2398,"independent"
4,2399,"independent"
10,2400,"independent"
8,2401,"independent"
8,2402,"independent"
4,2403,"independent"
6,2404,"independent"
8,2405,"independent"
6,2406,"independent"
4,2407,"independent"
4,2408,"independent"
4,2409,"independent"
10,2410,"independent"
8,2411,"independent"
8,2412,"independent"
10,2413,"independent"
4,2414,"independent"
8,2415,"independent"
8,2416,"independent"
10,2417,"independent"
10,2418,"independent"
6,2419,"independent"
12,2420,"independent"
6,2421,"independent"
6,2422,"independent"
10,2423,"independent"
10,2424,"independent"
8,2425,"independent"
6,2426,"independent"
10,2427,"independent"
4,2428,"independent"
6,2429,"independent"
8,2430,"independent"
10,2431,"independent"
8,2432,"independent"
6,2433,"independent"
4,2434,"independent"
6,2435,"independent"
6,2436,"independent"
8,2437,"independent"
8,2438,"independent"
6,2439,"independent"
10,2440,"independent"
6,2441,"independent"
6,2442,"independent"
8,2443,"independent"
6,2444,"independent"
4,2445,"independent"
8,2446,"independent"
8,2447,"independent"
8,2448,"independent"
10,2449,"independent"
8,2450,"independent"
6,2451,"independent"
4,2452,"independent"
12,2453,"independent"
4,2454,"independent"
4,2455,"independent"
6,2456,"independent"
4,2457,"independent"
6,2458,"independent"
10,2459,"independent"
6,2460,"independent"
6,2461,"independent"
10,2462,"independent"
8,2463,"independent"
10,2464,"independent"
8,2465,"independent"
6,2466,"independent"
6,2467,"independent"
6,2468,"independent"
12,2469,"independent"
12,2470,"independent"
8,2471,"independent"
10,2472,"independent"
8,2473,"independent"
4,2474,"independent"
8,2475,"independent"
6,2476,"independent"
6,2477,"independent"
10,2478,"independent"
6,2479,"independent"
4,2480,"independent"
8,2481,"independent"
8,2482,"independent"
6,2483,"independent"
10,2484,"independent"
8,2485,"independent"
10,2486,"independent"
6,2487,"independent"
8,2488,"independent"
10,2489,"independent"
6,2490,"independent"
12,2491,"independent"
6,2492,"independent"
12,2493,"independent"
10,2494,"independent"
6,2495,"independent"
6,2496,"independent"
4,2497,"independent"
8,2498,"independent"
8,2499,"independent"
6,2500,"independent"
4,2501,"independent"
10,2502,"independent"
6,2503,"independent"
8,2504,"independent"
6,2505,"independent"
6,2506,"independent"
6,2507,"independent"
6,2508,"independent"
10,2509,"independent"
4,2510,"independent"
6,2511,"independent"
6,2512,"independent"
8,2513,"independent"
8,2514,"independent"
6,2515,"independent"
10,2516,"independent"
8,2517,"independent"
6,2518,"independent"
6,2519,"independent"
8,2520,"independent"
4,2521,"independent"
6,2522,"independent"
6,2523,"independent"
6,2524,"independent"
6,2525,"independent"
6,2526,"independent"
10,2527,"independent"
8,2528,"independent"
8,2529,"independent"
8,2530,"independent"
4,2531,"independent"
8,2532,"independent"
6,2533,"independent"
8,2534,"independent"
8,2535,"independent"
8,2536,"independent"
4,2537,"independent"
6,2538,"independent"
4,2539,"independent"
8,2540,"independent"
8,2541,"independent"
8,2542,"independent"
6,2543,"independent"
4,2544,"independent"
8,2545,"independent"
10,2546,"independent"
8,2547,"independent"
6,2548,"independent"
8,2549,"independent"
8,2550,"independent"
6,2551,"independent"
8,2552,"independent"
8,2553,"independent"
6,2554,"independent"
12,2555,"independent"
6,2556,"independent"
8,2557,"independent"
10,2558,"independent"
6,2559,"independent"
8,2560,"independent"
6,2561,"independent"
6,2562,"independent"
4,2563,"independent"
6,2564,"independent"
6,2565,"independent"
8,2566,"independent"
8,2567,"independent"
10,2568,"independent"
6,2569,"independent"
8,2570,"independent"
6,2571,"independent"
6,2572,"independent"
8,2573,"independent"
6,2574,"independent"
8,2575,"independent"
10,2576,"independent"
10,2577,"independent"
8,2578,"independent"
6,2579,"independent"
8,2580,"independent"
8,2581,"independent"
6,2582,"independent"
6,2583,"independent"
8,2584,"independent"
6,2585,"independent"
4,2586,"independent"
10,2587,"independent"
10,2588,"independent"
8,2589,"independent"
10,2590,"independent"
4,2591,"independent"
6,2592,"independent"
6,2593,"independent"
6,2594,"independent"
4,2595,"independent"
10,2596,"independent"
6,2597,"independent"
6,2598,"independent"
6,2599,"independent"
2,2600,"independent"
4,2601,"independent"
6,2602,"independent"
4,2603,"independent"
10,2604,"independent"
10,2605,"independent"
6,2606,"independent"
6,2607,"independent"
8,2608,"independent"
4,2609,"independent"
8,2610,"independent"
4,2611,"independent"
4,2612,"independent"
4,2613,"independent"
8,2614,"independent"
8,2615,"independent"
6,2616,"independent"
4,2617,"independent"
8,2618,"independent"
8,2619,"independent"
6,2620,"independent"
6,2621,"independent"
6,2622,"independent"
6,2623,"independent"
8,2624,"independent"
4,2625,"independent"
6,2626,"independent"
6,2627,"independent"
10,2628,"independent"
6,2629,"independent"
6,2630,"independent"
10,2631,"independent"
6,2632,"independent"
6,2633,"independent"
2,2634,"independent"
10,2635,"independent"
4,2636,"independent"
6,2637,"independent"
6,2638,"independent"
8,2639,"independent"
8,2640,"independent"
6,2641,"independent"
10,2642,"independent"
8,2643,"independent"
8,2644,"independent"
6,2645,"independent"
8,2646,"independent"
8,2647,"independent"
6,2648,"independent"
6,2649,"independent"
8,2650,"independent"
10,2651,"independent"
6,2652,"independent"
10,2653,"independent"
6,2654,"independent"
6,2655,"independent"
6,2656,"independent"
4,2657,"independent"
10,2658,"independent"
12,2659,"independent"
6,2660,"independent"
6,2661,"independent"
6,2662,"independent"
6,2663,"independent"
6,2664,"independent"
6,2665,"independent"
8,2666,"independent"
6,2667,"independent"
6,2668,"independent"
4,2669,"independent"
6,2670,"independent"
4,2671,"independent"
6,2672,"independent"
8,2673,"independent"
6,2674,"independent"
10,2675,"independent"
6,2676,"independent"
8,2677,"independent"
6,2678,"independent"
4,2679,"independent"
8,2680,"independent"
4,2681,"independent"
6,2682,"independent"
6,2683,"independent"
12,2684,"independent"
8,2685,"independent"
8,2686,"independent"
6,2687,"independent"
6,2688,"independent"
2,2689,"independent"
6,2690,"independent"
4,2691,"independent"
6,2692,"independent"
6,2693,"independent"
4,2694,"independent"
8,2695,"independent"
8,2696,"independent"
8,2697,"independent"
6,2698,"independent"
6,2699,"independent"
8,2700,"independent"
10,2701,"independent"
8,2702,"independent"
6,2703,"independent"
4,2704,"independent"
8,2705,"independent"
6,2706,"independent"
4,2707,"independent"
6,2708,"independent"
8,2709,"independent"
8,2710,"independent"
4,2711,"independent"
8,2712,"independent"
6,2713,"independent"
6,2714,"independent"
4,2715,"independent"
10,2716,"independent"
6,2717,"independent"
10,2718,"independent"
6,2719,"independent"
6,2720,"independent"
6,2721,"independent"
8,2722,"independent"
6,2723,"independent"
6,2724,"independent"
6,2725,"independent"
10,2726,"independent"
8,2727,"independent"
8,2728,"independent"
10,2729,"independent"
6,2730,"independent"
4,2731,"independent"
10,2732,"independent"
10,2733,"independent"
10,2734,"independent"
6,2735,"independent"
8,2736,"independent"
10,2737,"independent"
10,2738,"independent"
10,2739,"independent"
6,2740,"independent"
6,2741,"independent"
10,2742,"independent"
12,2743,"independent"
8,2744,"independent"
8,2745,"independent"
8,2746,"independent"
4,2747,"independent"
4,2748,"independent"
8,2749,"independent"
6,2750,"independent"
6,2751,"independent"
6,2752,"independent"
8,2753,"independent"
4,2754,"independent"
8,2755,"independent"
6,2756,"independent"
6,2757,"independent"
6,2758,"independent"
6,2759,"independent"
6,2760,"independent"
6,2761,"independent"
6,2762,"independent"
8,2763,"independent"
8,2764,"independent"
4,2765,"independent"
4,2766,"independent"
8,2767,"independent"
6,2768,"independent"
6,2769,"independent"
6,2770,"independent"
6,2771,"independent"
6,2772,"independent"
6,2773,"independent"
8,2774,"independent"
6,2775,"independent"
6,2776,"independent"
8,2777,"independent"
8,2778,"independent"
8,2779,"independent"
8,2780,"independent"
6,2781,"independent"
6,2782,"independent"
6,2783,"independent"
6,2784,"independent"
8,2785,"independent"
6,2786,"independent"
10,2787,"independent"
8,2788,"independent"
12,2789,"independent"
6,2790,"independent"
4,2791,"independent"
10,2792,"independent"
10,2793,"independent"
6,2794,"independent"
8,2795,"independent"
4,2796,"independent"
6,2797,"independent"
6,2798,"independent"
6,2799,"independent"
6,2800,"independent"
6,2801,"independent"
10,2802,"independent"
6,2803,"independent"
6,2804,"independent"
6,2805,"independent"
8,2806,"independent"
6,2807,"independent"
8,2808,"independent"
10,2809,"independent"
8,2810,"independent"
8,2811,"independent"
8,2812,"independent"
10,2813,"independent"
6,2814,"independent"
8,2815,"independent"
6,2816,"independent"
4,2817,"independent"
6,2818,"independent"
10,2819,"independent"
6,2820,"independent"
6,2821,"independent"
6,2822,"independent"
10,2823,"independent"
6,2824,"independent"
4,2825,"independent"
8,2826,"independent"
8,2827,"independent"
6,2828,"independent"
4,2829,"independent"
4,2830,"independent"
6,2831,"independent"
10,2832,"independent"
10,2833,"independent"
12,2834,"independent"
8,2835,"independent"
10,2836,"independent"
4,2837,"independent"
6,2838,"independent"
8,2839,"independent"
6,2840,"independent"
8,2841,"independent"
4,2842,"independent"
8,2843,"independent"
6,2844,"independent"
6,2845,"independent"
10,2846,"independent"
6,2847,"independent"
8,2848,"independent"
8,2849,"independent"
6,2850,"independent"
6,2851,"independent"
6,2852,"independent"
8,2853,"independent"
6,2854,"independent"
8,2855,"independent"
6,2856,"independent"
8,2857,"independent"
4,2858,"independent"
6,2859,"independent"
10,2860,"independent"
12,2861,"independent"
8,2862,"independent"
8,2863,"independent"
4,2864,"independent"
12,2865,"independent"
6,2866,"independent"
8,2867,"independent"
6,2868,"independent"
6,2869,"independent"
10,2870,"independent"
6,2871,"independent"
4,2872,"independent"
8,2873,"independent"
6,2874,"independent"
10,2875,"independent"
8,2876,"independent"
6,2877,"independent"
10,2878,"independent"
6,2879,"independent"
10,2880,"independent"
4,2881,"independent"
10,2882,"independent"
6,2883,"independent"
6,2884,"independent"
10,2885,"independent"
8,2886,"independent"
10,2887,"independent"
6,2888,"independent"
6,2889,"independent"
8,2890,"independent"
8,2891,"independent"
4,2892,"independent"
6,2893,"independent"
8,2894,"independent"
10,2895,"independent"
4,2896,"independent"
8,2897,"independent"
6,2898,"independent"
6,2899,"independent"
8,2900,"independent"
6,2901,"independent"
6,2902,"independent"
4,2903,"independent"
8,2904,"independent"
8,2905,"independent"
4,2906,"independent"
8,2907,"independent"
6,2908,"independent"
8,2909,"independent"
6,2910,"independent"
8,2911,"independent"
8,2912,"independent"
2,2913,"independent"
6,2914,"independent"
6,2915,"independent"
4,2916,"independent"
4,2917,"independent"
8,2918,"independent"
8,2919,"independent"
4,2920,"independent"
8,2921,"independent"
10,2922,"independent"
6,2923,"independent"
6,2924,"independent"
8,2925,"independent"
8,2926,"independent"
10,2927,"independent"
10,2928,"independent"
6,2929,"independent"
10,2930,"independent"
6,2931,"independent"
8,2932,"independent"
10,2933,"independent"
4,2934,"independent"
8,2935,"independent"
8,2936,"independent"
4,2937,"independent"
6,2938,"independent"
8,2939,"independent"
8,2940,"independent"
6,2941,"independent"
8,2942,"independent"
8,2943,"independent"
4,2944,"independent"
6,2945,"independent"
10,2946,"independent"
6,2947,"independent"
6,2948,"independent"
8,2949,"independent"
6,2950,"independent"
6,2951,"independent"
8,2952,"independent"
6,2953,"independent"
10,2954,"independent"
6,2955,"independent"
4,2956,"independent"
6,2957,"independent"
8,2958,"independent"
6,2959,"independent"
6,2960,"independent"
10,2961,"independent"
8,2962,"independent"
6,2963,"independent"
6,2964,"independent"
4,2965,"independent"
8,2966,"independent"
6,2967,"independent"
6,2968,"independent"
8,2969,"independent"
8,2970,"independent"
6,2971,"independent"
10,2972,"independent"
4,2973,"independent"
6,2974,"independent"
8,2975,"independent"
6,2976,"independent"
8,2977,"independent"
6,2978,"independent"
6,2979,"independent"
8,2980,"independent"
4,2981,"independent"
6,2982,"independent"
8,2983,"independent"
6,2984,"independent"
6,2985,"independent"
8,2986,"independent"
6,2987,"independent"
14,2988,"independent"
10,2989,"independent"
8,2990,"independent"
6,2991,"independent"
6,2992,"independent"
10,2993,"independent"
6,2994,"independent"
6,2995,"independent"
6,2996,"independent"
6,2997,"independent"
6,2998,"independent"
6,2999,"independent"
8,3000,"independent"
4,3001,"independent"
8,3002,"independent"
8,3003,"independent"
6,3004,"independent"
8,3005,"independent"
6,3006,"independent"
6,3007,"independent"
8,3008,"independent"
10,3009,"independent"
8,3010,"independent"
12,3011,"independent"
6,3012,"independent"
4,3013,"independent"
6,3014,"independent"
4,3015,"independent"
8,3016,"independent"
8,3017,"independent"
6,3018,"independent"
6,3019,"independent"
8,3020,"independent"
10,3021,"independent"
4,3022,"independent"
6,3023,"independent"
10,3024,"independent"
6,3025,"independent"
4,3026,"independent"
10,3027,"independent"
10,3028,"independent"
4,3029,"independent"
12,3030,"independent"
6,3031,"independent"
8,3032,"independent"
6,3033,"independent"
10,3034,"independent"
2,3035,"independent"
6,3036,"independent"
8,3037,"independent"
4,3038,"independent"
8,3039,"independent"
10,3040,"independent"
4,3041,"independent"
8,3042,"independent"
8,3043,"independent"
6,3044,"independent"
4,3045,"independent"
6,3046,"independent"
8,3047,"independent"
12,3048,"independent"
4,3049,"independent"
10,3050,"independent"
4,3051,"independent"
10,3052,"independent"
4,3053,"independent"
10,3054,"independent"
4,3055,"independent"
10,3056,"independent"
8,3057,"independent"
4,3058,"independent"
6,3059,"independent"
6,3060,"independent"
8,3061,"independent"
8,3062,"independent"
8,3063,"independent"
6,3064,"independent"
4,3065,"independent"
6,3066,"independent"
8,3067,"independent"
6,3068,"independent"
6,3069,"independent"
8,3070,"independent"
6,3071,"independent"
10,3072,"independent"
10,3073,"independent"
6,3074,"independent"
8,3075,"independent"
8,3076,"independent"
8,3077,"independent"
10,3078,"independent"
6,3079,"independent"
10,3080,"independent"
10,3081,"independent"
8,3082,"independent"
10,3083,"independent"
8,3084,"independent"
8,3085,"independent"
8,3086,"independent"
8,3087,"independent"
6,3088,"independent"
10,3089,"independent"
8,3090,"independent"
8,3091,"independent"
12,3092,"independent"
4,3093,"independent"
8,3094,"independent"
8,3095,"independent"
6,3096,"independent"
4,3097,"independent"
10,3098,"independent"
10,3099,"independent"
4,3100,"independent"
8,3101,"independent"
8,3102,"independent"
8,3103,"independent"
8,3104,"independent"
10,3105,"independent"
6,3106,"independent"
6,3107,"independent"
10,3108,"independent"
10,3109,"independent"
10,3110,"independent"
4,3111,"independent"
6,3112,"independent"
6,3113,"independent"
4,3114,"independent"
6,3115,"independent"
4,3116,"independent"
6,3117,"independent"
6,3118,"independent"
8,3119,"independent"
10,3120,"independent"
4,3121,"independent"
6,3122,"independent"
12,3123,"independent"
6,3124,"independent"
6,3125,"independent"
6,3126,"independent"
6,3127,"independent"
10,3128,"independent"
8,3129,"independent"
6,3130,"independent"
8,3131,"independent"
8,3132,"independent"
8,3133,"independent"
8,3134,"independent"
8,3135,"independent"
8,3136,"independent"
2,3137,"independent"
8,3138,"independent"
6,3139,"independent"
6,3140,"independent"
8,3141,"independent"
8,3142,"independent"
4,3143,"independent"
6,3144,"independent"
10,3145,"independent"
8,3146,"independent"
10,3147,"independent"
8,3148,"independent"
6,3149,"independent"
6,3150,"independent"
4,3151,"independent"
4,3152,"independent"
10,3153,"independent"
6,3154,"independent"
10,3155,"independent"
10,3156,"independent"
10,3157,"independent"
6,3158,"independent"
6,3159,"independent"
4,3160,"independent"
6,3161,"independent"
8,3162,"independent"
10,3163,"independent"
8,3164,"independent"
6,3165,"independent"
6,3166,"independent"
8,3167,"independent"
6,3168,"independent"
8,3169,"independent"
10,3170,"independent"
6,3171,"independent"
10,3172,"independent"
8,3173,"independent"
4,3174,"independent"
10,3175,"independent"
12,3176,"independent"
4,3177,"independent"
4,3178,"independent"
6,3179,"independent"
10,3180,"independent"
6,3181,"independent"
8,3182,"independent"
6,3183,"independent"
6,3184,"independent"
6,3185,"independent"
6,3186,"independent"
6,3187,"independent"
10,3188,"independent"
6,3189,"independent"
10,3190,"independent"
4,3191,"independent"
8,3192,"independent"
6,3193,"independent"
10,3194,"independent"
4,3195,"independent"
8,3196,"independent"
6,3197,"independent"
6,3198,"independent"
10,3199,"independent"
12,3200,"independent"
8,3201,"independent"
6,3202,"independent"
4,3203,"independent"
4,3204,"independent"
10,3205,"independent"
6,3206,"independent"
12,3207,"independent"
8,3208,"independent"
8,3209,"independent"
6,3210,"independent"
8,3211,"independent"
8,3212,"independent"
4,3213,"independent"
6,3214,"independent"
6,3215,"independent"
6,3216,"independent"
6,3217,"independent"
6,3218,"independent"
12,3219,"independent"
4,3220,"independent"
6,3221,"independent"
10,3222,"independent"
12,3223,"independent"
6,3224,"independent"
6,3225,"independent"
8,3226,"independent"
8,3227,"independent"
4,3228,"independent"
4,3229,"independent"
8,3230,"independent"
10,3231,"independent"
4,3232,"independent"
2,3233,"independent"
12,3234,"independent"
6,3235,"independent"
6,3236,"independent"
4,3237,"independent"
10,3238,"independent"
8,3239,"independent"
4,3240,"independent"
8,3241,"independent"
12,3242,"independent"
6,3243,"independent"
8,3244,"independent"
6,3245,"independent"
10,3246,"independent"
10,3247,"independent"
8,3248,"independent"
8,3249,"independent"
8,3250,"independent"
8,3251,"independent"
8,3252,"independent"
8,3253,"independent"
6,3254,"independent"
10,3255,"independent"
6,3256,"independent"
4,3257,"independent"
6,3258,"independent"
6,3259,"independent"
6,3260,"independent"
6,3261,"independent"
6,3262,"independent"
8,3263,"independent"
6,3264,"independent"
10,3265,"independent"
8,3266,"independent"
6,3267,"independent"
6,3268,"independent"
6,3269,"independent"
6,3270,"independent"
4,3271,"independent"
6,3272,"independent"
8,3273,"independent"
14,3274,"independent"
6,3275,"independent"
8,3276,"independent"
8,3277,"independent"
6,3278,"independent"
12,3279,"independent"
8,3280,"independent"
4,3281,"independent"
6,3282,"independent"
6,3283,"independent"
10,3284,"independent"
6,3285,"independent"
10,3286,"independent"
6,3287,"independent"
4,3288,"independent"
6,3289,"independent"
8,3290,"independent"
8,3291,"independent"
8,3292,"independent"
8,3293,"independent"
6,3294,"independent"
6,3295,"independent"
4,3296,"independent"
8,3297,"independent"
6,3298,"independent"
6,3299,"independent"
6,3300,"independent"
6,3301,"independent"
6,3302,"independent"
6,3303,"independent"
10,3304,"independent"
8,3305,"independent"
8,3306,"independent"
8,3307,"independent"
4,3308,"independent"
8,3309,"independent"
8,3310,"independent"
8,3311,"independent"
8,3312,"independent"
6,3313,"independent"
4,3314,"independent"
8,3315,"independent"
6,3316,"independent"
10,3317,"independent"
10,3318,"independent"
10,3319,"independent"
10,3320,"independent"
8,3321,"independent"
8,3322,"independent"
6,3323,"independent"
4,3324,"independent"
4,3325,"independent"
6,3326,"independent"
4,3327,"independent"
6,3328,"independent"
10,3329,"independent"
4,3330,"independent"
6,3331,"independent"
8,3332,"independent"
4,3333,"independent"
6,3334,"independent"
8,3335,"independent"
6,3336,"independent"
6,3337,"independent"
6,3338,"independent"
8,3339,"independent"
8,3340,"independent"
6,3341,"independent"
4,3342,"independent"
4,3343,"independent"
6,3344,"independent"
4,3345,"independent"
6,3346,"independent"
6,3347,"independent"
8,3348,"independent"
4,3349,"independent"
8,3350,"independent"
6,3351,"independent"
8,3352,"independent"
8,3353,"independent"
6,3354,"independent"
6,3355,"independent"
4,3356,"independent"
6,3357,"independent"
4,3358,"independent"
6,3359,"independent"
4,3360,"independent"
8,3361,"independent"
8,3362,"independent"
8,3363,"independent"
10,3364,"independent"
8,3365,"independent"
12,3366,"independent"
6,3367,"independent"
4,3368,"independent"
8,3369,"independent"
8,3370,"independent"
8,3371,"independent"
8,3372,"independent"
8,3373,"independent"
8,3374,"independent"
8,3375,"independent"
6,3376,"independent"
6,3377,"independent"
4,3378,"independent"
4,3379,"independent"
8,3380,"independent"
6,3381,"independent"
10,3382,"independent"
8,3383,"independent"
6,3384,"independent"
10,3385,"independent"
10,3386,"independent"
8,3387,"independent"
8,3388,"independent"
6,3389,"independent"
6,3390,"independent"
8,3391,"independent"
6,3392,"independent"
4,3393,"independent"
4,3394,"independent"
10,3395,"independent"
6,3396,"independent"
10,3397,"independent"
8,3398,"independent"
6,3399,"independent"
8,3400,"independent"
4,3401,"independent"
8,3402,"independent"
8,3403,"independent"
6,3404,"independent"
12,3405,"independent"
8,3406,"independent"
6,3407,"independent"
10,3408,"independent"
8,3409,"independent"
6,3410,"independent"
6,3411,"independent"
6,3412,"independent"
8,3413,"independent"
6,3414,"independent"
6,3415,"independent"
8,3416,"independent"
8,3417,"independent"
6,3418,"independent"
8,3419,"independent"
8,3420,"independent"
8,3421,"independent"
4,3422,"independent"
8,3423,"independent"
4,3424,"independent"
6,3425,"independent"
8,3426,"independent"
8,3427,"independent"
8,3428,"independent"
4,3429,"independent"
4,3430,"independent"
6,3431,"independent"
4,3432,"independent"
10,3433,"independent"
8,3434,"independent"
6,3435,"independent"
6,3436,"independent"
8,3437,"independent"
4,3438,"independent"
4,3439,"independent"
6,3440,"independent"
8,3441,"independent"
10,3442,"independent"
6,3443,"independent"
4,3444,"independent"
8,3445,"independent"
8,3446,"independent"
10,3447,"independent"
6,3448,"independent"
8,3449,"independent"
6,3450,"independent"
8,3451,"independent"
6,3452,"independent"
8,3453,"independent"
4,3454,"independent"
8,3455,"independent"
8,3456,"independent"
6,3457,"independent"
10,3458,"independent"
6,3459,"independent"
8,3460,"independent"
6,3461,"independent"
8,3462,"independent"
10,3463,"independent"
8,3464,"independent"
6,3465,"independent"
6,3466,"independent"
12,3467,"independent"
8,3468,"independent"
4,3469,"independent"
8,3470,"independent"
12,3471,"independent"
8,3472,"independent"
10,3473,"independent"
8,3474,"independent"
8,3475,"independent"
4,3476,"independent"
10,3477,"independent"
12,3478,"independent"
6,3479,"independent"
8,3480,"independent"
8,3481,"independent"
6,3482,"independent"
8,3483,"independent"
6,3484,"independent"
8,3485,"independent"
8,3486,"independent"
6,3487,"independent"
8,3488,"independent"
6,3489,"independent"
6,3490,"independent"
8,3491,"independent"
12,3492,"independent"
8,3493,"independent"
6,3494,"independent"
8,3495,"independent"
8,3496,"independent"
8,3497,"independent"
8,3498,"independent"
8,3499,"independent"
4,3500,"independent"
8,3501,"independent"
10,3502,"independent"
4,3503,"independent"
10,3504,"independent"
10,3505,"independent"
10,3506,"independent"
6,3507,"independent"
2,3508,"independent"
6,3509,"independent"
8,3510,"independent"
10,3511,"independent"
4,3512,"independent"
4,3513,"independent"
8,3514,"independent"
8,3515,"independent"
6,3516,"independent"
4,3517,"independent"
4,3518,"independent"
4,3519,"independent"
6,3520,"independent"
10,3521,"independent"
6,3522,"independent"
4,3523,"independent"
8,3524,"independent"
6,3525,"independent"
6,3526,"independent"
2,3527,"independent"
6,3528,"independent"
6,3529,"independent"
4,3530,"independent"
6,3531,"independent"
8,3532,"independent"
8,3533,"independent"
6,3534,"independent"
8,3535,"independent"
6,3536,"independent"
8,3537,"independent"
6,3538,"independent"
8,3539,"independent"
6,3540,"independent"
8,3541,"independent"
6,3542,"independent"
6,3543,"independent"
8,3544,"independent"
4,3545,"independent"
8,3546,"independent"
8,3547,"independent"
6,3548,"independent"
6,3549,"independent"
6,3550,"independent"
6,3551,"independent"
8,3552,"independent"
4,3553,"independent"
4,3554,"independent"
6,3555,"independent"
10,3556,"independent"
4,3557,"independent"
8,3558,"independent"
8,3559,"independent"
12,3560,"independent"
8,3561,"independent"
8,3562,"independent"
6,3563,"independent"
4,3564,"independent"
6,3565,"independent"
6,3566,"independent"
6,3567,"independent"
6,3568,"independent"
8,3569,"independent"
6,3570,"independent"
6,3571,"independent"
4,3572,"independent"
12,3573,"independent"
12,3574,"independent"
8,3575,"independent"
12,3576,"independent"
8,3577,"independent"
8,3578,"independent"
10,3579,"independent"
8,3580,"independent"
8,3581,"independent"
8,3582,"independent"
10,3583,"independent"
10,3584,"independent"
10,3585,"independent"
4,3586,"independent"
6,3587,"independent"
4,3588,"independent"
6,3589,"independent"
8,3590,"independent"
10,3591,"independent"
4,3592,"independent"
12,3593,"independent"
8,3594,"independent"
4,3595,"independent"
6,3596,"independent"
10,3597,"independent"
6,3598,"independent"
10,3599,"independent"
8,3600,"independent"
6,3601,"independent"
6,3602,"independent"
8,3603,"independent"
6,3604,"independent"
6,3605,"independent"
10,3606,"independent"
6,3607,"independent"
8,3608,"independent"
4,3609,"independent"
6,3610,"independent"
8,3611,"independent"
4,3612,"independent"
8,3613,"independent"
8,3614,"independent"
4,3615,"independent"
8,3616,"independent"
6,3617,"independent"
8,3618,"independent"
8,3619,"independent"
8,3620,"independent"
8,3621,"independent"
6,3622,"independent"
4,3623,"independent"
6,3624,"independent"
6,3625,"independent"
6,3626,"independent"
8,3627,"independent"
10,3628,"independent"
8,3629,"independent"
6,3630,"independent"
6,3631,"independent"
8,3632,"independent"
8,3633,"independent"
6,3634,"independent"
12,3635,"independent"
6,3636,"independent"
6,3637,"independent"
6,3638,"independent"
6,3639,"independent"
4,3640,"independent"
8,3641,"independent"
8,3642,"independent"
8,3643,"independent"
6,3644,"independent"
10,3645,"independent"
8,3646,"independent"
4,3647,"independent"
6,3648,"independent"
4,3649,"independent"
8,3650,"independent"
6,3651,"independent"
6,3652,"independent"
6,3653,"independent"
4,3654,"independent"
6,3655,"independent"
6,3656,"independent"
6,3657,"independent"
10,3658,"independent"
6,3659,"independent"
6,3660,"independent"
2,3661,"independent"
8,3662,"independent"
10,3663,"independent"
4,3664,"independent"
4,3665,"independent"
6,3666,"independent"
6,3667,"independent"
6,3668,"independent"
6,3669,"independent"
6,3670,"independent"
6,3671,"independent"
10,3672,"independent"
8,3673,"independent"
6,3674,"independent"
8,3675,"independent"
10,3676,"independent"
6,3677,"independent"
8,3678,"independent"
10,3679,"independent"
10,3680,"independent"
4,3681,"independent"
6,3682,"independent"
4,3683,"independent"
4,3684,"independent"
8,3685,"independent"
10,3686,"independent"
8,3687,"independent"
8,3688,"independent"
6,3689,"independent"
6,3690,"independent"
6,3691,"independent"
6,3692,"independent"
8,3693,"independent"
6,3694,"independent"
10,3695,"independent"
8,3696,"independent"
8,3697,"independent"
6,3698,"independent"
8,3699,"independent"
6,3700,"independent"
8,3701,"independent"
4,3702,"independent"
10,3703,"independent"
8,3704,"independent"
10,3705,"independent"
8,3706,"independent"
6,3707,"independent"
4,3708,"independent"
4,3709,"independent"
6,3710,"independent"
8,3711,"independent"
6,3712,"independent"
8,3713,"independent"
8,3714,"independent"
8,3715,"independent"
8,3716,"independent"
6,3717,"independent"
8,3718,"independent"
4,3719,"independent"
10,3720,"independent"
6,3721,"independent"
8,3722,"independent"
8,3723,"independent"
6,3724,"independent"
6,3725,"independent"
10,3726,"independent"
6,3727,"independent"
6,3728,"independent"
4,3729,"independent"
4,3730,"independent"
4,3731,"independent"
6,3732,"independent"
4,3733,"independent"
6,3734,"independent"
8,3735,"independent"
4,3736,"independent"
6,3737,"independent"
6,3738,"independent"
8,3739,"independent"
6,3740,"independent"
6,3741,"independent"
8,3742,"independent"
6,3743,"independent"
12,3744,"independent"
6,3745,"independent"
8,3746,"independent"
8,3747,"independent"
8,3748,"independent"
8,3749,"independent"
6,3750,"independent"
10,3751,"independent"
8,3752,"independent"
10,3753,"independent"
8,3754,"independent"
8,3755,"independent"
10,3756,"independent"
8,3757,"independent"
10,3758,"independent"
4,3759,"independent"
8,3760,"independent"
6,3761,"independent"
6,3762,"independent"
8,3763,"independent"
4,3764,"independent"
8,3765,"independent"
4,3766,"independent"
10,3767,"independent"
6,3768,"independent"
4,3769,"independent"
6,3770,"independent"
8,3771,"independent"
6,3772,"independent"
6,3773,"independent"
10,3774,"independent"
8,3775,"independent"
6,3776,"independent"
10,3777,"independent"
6,3778,"independent"
4,3779,"independent"
10,3780,"independent"
8,3781,"independent"
8,3782,"independent"
8,3783,"independent"
10,3784,"independent"
8,3785,"independent"
8,3786,"independent"
8,3787,"independent"
10,3788,"independent"
8,3789,"independent"
8,3790,"independent"
6,3791,"independent"
4,3792,"independent"
6,3793,"independent"
4,3794,"independent"
8,3795,"independent"
4,3796,"independent"
8,3797,"independent"
6,3798,"independent"
6,3799,"independent"
6,3800,"independent"
4,3801,"independent"
6,3802,"independent"
10,3803,"independent"
8,3804,"independent"
8,3805,"independent"
12,3806,"independent"
8,3807,"independent"
8,3808,"independent"
10,3809,"independent"
6,3810,"independent"
4,3811,"independent"
4,3812,"independent"
8,3813,"independent"
8,3814,"independent"
10,3815,"independent"
8,3816,"independent"
6,3817,"independent"
10,3818,"independent"
8,3819,"independent"
6,3820,"independent"
8,3821,"independent"
8,3822,"independent"
8,3823,"independent"
6,3824,"independent"
4,3825,"independent"
10,3826,"independent"
6,3827,"independent"
8,3828,"independent"
4,3829,"independent"
6,3830,"independent"
10,3831,"independent"
6,3832,"independent"
6,3833,"independent"
8,3834,"independent"
6,3835,"independent"
8,3836,"independent"
4,3837,"independent"
8,3838,"independent"
10,3839,"independent"
6,3840,"independent"
6,3841,"independent"
10,3842,"independent"
4,3843,"independent"
6,3844,"independent"
6,3845,"independent"
6,3846,"independent"
6,3847,"independent"
8,3848,"independent"
10,3849,"independent"
10,3850,"independent"
8,3851,"independent"
6,3852,"independent"
8,3853,"independent"
12,3854,"independent"
10,3855,"independent"
8,3856,"independent"
6,3857,"independent"
8,3858,"independent"
6,3859,"independent"
10,3860,"independent"
10,3861,"independent"
12,3862,"independent"
6,3863,"independent"
6,3864,"independent"
4,3865,"independent"
8,3866,"independent"
8,3867,"independent"
6,3868,"independent"
8,3869,"independent"
6,3870,"independent"
6,3871,"independent"
8,3872,"independent"
6,3873,"independent"
8,3874,"independent"
8,3875,"independent"
4,3876,"independent"
8,3877,"independent"
8,3878,"independent"
8,3879,"independent"
8,3880,"independent"
6,3881,"independent"
4,3882,"independent"
6,3883,"independent"
6,3884,"independent"
8,3885,"independent"
6,3886,"independent"
6,3887,"independent"
8,3888,"independent"
6,3889,"independent"
6,3890,"independent"
6,3891,"independent"
6,3892,"independent"
8,3893,"independent"
4,3894,"independent"
6,3895,"independent"
6,3896,"independent"
8,3897,"independent"
8,3898,"independent"
6,3899,"independent"
8,3900,"independent"
6,3901,"independent"
6,3902,"independent"
12,3903,"independent"
6,3904,"independent"
8,3905,"independent"
10,3906,"independent"
6,3907,"independent"
10,3908,"independent"
8,3909,"independent"
6,3910,"independent"
6,3911,"independent"
4,3912,"independent"
6,3913,"independent"
8,3914,"independent"
4,3915,"independent"
6,3916,"independent"
6,3917,"independent"
6,3918,"independent"
6,3919,"independent"
10,3920,"independent"
8,3921,"independent"
4,3922,"independent"
6,3923,"independent"
6,3924,"independent"
8,3925,"independent"
6,3926,"independent"
6,3927,"independent"
6,3928,"independent"
8,3929,"independent"
4,3930,"independent"
6,3931,"independent"
8,3932,"independent"
8,3933,"independent"
8,3934,"independent"
10,3935,"independent"
6,3936,"independent"
8,3937,"independent"
6,3938,"independent"
4,3939,"independent"
6,3940,"independent"
6,3941,"independent"
8,3942,"independent"
8,3943,"independent"
10,3944,"independent"
6,3945,"independent"
4,3946,"independent"
8,3947,"independent"
6,3948,"independent"
6,3949,"independent"
6,3950,"independent"
8,3951,"independent"
8,3952,"independent"
8,3953,"independent"
6,3954,"independent"
8,3955,"independent"
6,3956,"independent"
6,3957,"independent"
6,3958,"independent"
8,3959,"independent"
10,3960,"independent"
4,3961,"independent"
8,3962,"independent"
6,3963,"independent"
8,3964,"independent"
8,3965,"independent"
8,3966,"independent"
10,3967,"independent"
6,3968,"independent"
6,3969,"independent"
8,3970,"independent"
4,3971,"independent"
4,3972,"independent"
6,3973,"independent"
6,3974,"independent"
8,3975,"independent"
8,3976,"independent"
8,3977,"independent"
12,3978,"independent"
8,3979,"independent"
8,3980,"independent"
6,3981,"independent"
8,3982,"independent"
6,3983,"independent"
4,3984,"independent"
8,3985,"independent"
6,3986,"independent"
6,3987,"independent"
6,3988,"independent"
4,3989,"independent"
6,3990,"independent"
6,3991,"independent"
6,3992,"independent"
4,3993,"independent"
10,3994,"independent"
8,3995,"independent"
10,3996,"independent"
8,3997,"independent"
8,3998,"independent"
8,3999,"independent"
10,4000,"independent"
8,4001,"independent"
8,4002,"independent"
8,4003,"independent"
8,4004,"independent"
10,4005,"independent"
8,4006,"independent"
6,4007,"independent"
4,4008,"independent"
8,4009,"independent"
8,4010,"independent"
12,4011,"independent"
6,4012,"independent"
8,4013,"independent"
10,4014,"independent"
4,4015,"independent"
6,4016,"independent"
6,4017,"independent"
6,4018,"independent"
10,4019,"independent"
2,4020,"independent"
10,4021,"independent"
6,4022,"independent"
6,4023,"independent"
10,4024,"independent"
8,4025,"independent"
8,4026,"independent"
4,4027,"independent"
6,4028,"independent"
12,4029,"independent"
8,4030,"independent"
10,4031,"independent"
6,4032,"independent"
6,4033,"independent"
4,4034,"independent"
4,4035,"independent"
6,4036,"independent"
8,4037,"independent"
4,4038,"independent"
10,4039,"independent"
6,4040,"independent"
6,4041,"independent"
10,4042,"independent"
4,4043,"independent"
6,4044,"independent"
6,4045,"independent"
6,4046,"independent"
8,4047,"independent"
8,4048,"independent"
8,4049,"independent"
8,4050,"independent"
6,4051,"independent"
4,4052,"independent"
6,4053,"independent"
6,4054,"independent"
8,4055,"independent"
6,4056,"independent"
10,4057,"independent"
12,4058,"independent"
4,4059,"independent"
4,4060,"independent"
12,4061,"independent"
6,4062,"independent"
10,4063,"independent"
8,4064,"independent"
10,4065,"independent"
6,4066,"independent"
6,4067,"independent"
4,4068,"independent"
10,4069,"independent"
6,4070,"independent"
6,4071,"independent"
12,4072,"independent"
6,4073,"independent"
8,4074,"independent"
8,4075,"independent"
8,4076,"independent"
8,4077,"independent"
10,4078,"independent"
6,4079,"independent"
4,4080,"independent"
4,4081,"independent"
6,4082,"independent"
8,4083,"independent"
8,4084,"independent"
6,4085,"independent"
6,4086,"independent"
4,4087,"independent"
2,4088,"independent"
6,4089,"independent"
4,4090,"independent"
10,4091,"independent"
6,4092,"independent"
6,4093,"independent"
4,4094,"independent"
10,4095,"independent"
6,4096,"independent"
6,4097,"independent"
6,4098,"independent"
8,4099,"independent"
8,4100,"independent"
6,4101,"independent"
4,4102,"independent"
6,4103,"independent"
10,4104,"independent"
4,4105,"independent"
6,4106,"independent"
6,4107,"independent"
4,4108,"independent"
8,4109,"independent"
6,4110,"independent"
8,4111,"independent"
8,4112,"independent"
6,4113,"independent"
6,4114,"independent"
4,4115,"independent"
6,4116,"independent"
8,4117,"independent"
10,4118,"independent"
8,4119,"independent"
10,4120,"independent"
6,4121,"independent"
8,4122,"independent"
4,4123,"independent"
4,4124,"independent"
8,4125,"independent"
4,4126,"independent"
8,4127,"independent"
6,4128,"independent"
8,4129,"independent"
4,4130,"independent"
4,4131,"independent"
6,4132,"independent"
6,4133,"independent"
6,4134,"independent"
6,4135,"independent"
6,4136,"independent"
6,4137,"independent"
8,4138,"independent"
6,4139,"independent"
8,4140,"independent"
6,4141,"independent"
4,4142,"independent"
10,4143,"independent"
4,4144,"independent"
4,4145,"independent"
8,4146,"independent"
12,4147,"independent"
8,4148,"independent"
2,4149,"independent"
6,4150,"independent"
10,4151,"independent"
6,4152,"independent"
6,4153,"independent"
6,4154,"independent"
4,4155,"independent"
6,4156,"independent"
6,4157,"independent"
8,4158,"independent"
10,4159,"independent"
6,4160,"independent"
8,4161,"independent"
8,4162,"independent"
6,4163,"independent"
6,4164,"independent"
8,4165,"independent"
8,4166,"independent"
8,4167,"independent"
8,4168,"independent"
10,4169,"independent"
6,4170,"independent"
8,4171,"independent"
4,4172,"independent"
8,4173,"independent"
8,4174,"independent"
6,4175,"independent"
8,4176,"independent"
6,4177,"independent"
10,4178,"independent"
6,4179,"independent"
4,4180,"independent"
8,4181,"independent"
6,4182,"independent"
6,4183,"independent"
8,4184,"independent"
6,4185,"independent"
6,4186,"independent"
6,4187,"independent"
8,4188,"independent"
8,4189,"independent"
6,4190,"independent"
6,4191,"independent"
4,4192,"independent"
6,4193,"independent"
4,4194,"independent"
8,4195,"independent"
6,4196,"independent"
10,4197,"independent"
6,4198,"independent"
4,4199,"independent"
8,4200,"independent"
6,4201,"independent"
10,4202,"independent"
6,4203,"independent"
6,4204,"independent"
12,4205,"independent"
8,4206,"independent"
4,4207,"independent"
10,4208,"independent"
6,4209,"independent"
6,4210,"independent"
10,4211,"independent"
6,4212,"independent"
6,4213,"independent"
4,4214,"independent"
8,4215,"independent"
8,4216,"independent"
8,4217,"independent"
6,4218,"independent"
4,4219,"independent"
6,4220,"independent"
6,4221,"independent"
6,4222,"independent"
8,4223,"independent"
10,4224,"independent"
8,4225,"independent"
6,4226,"independent"
10,4227,"independent"
8,4228,"independent"
6,4229,"independent"
4,4230,"independent"
4,4231,"independent"
8,4232,"independent"
4,4233,"independent"
6,4234,"independent"
10,4235,"independent"
10,4236,"independent"
8,4237,"independent"
4,4238,"independent"
8,4239,"independent"
8,4240,"independent"
4,4241,"independent"
6,4242,"independent"
6,4243,"independent"
10,4244,"independent"
8,4245,"independent"
6,4246,"independent"
8,4247,"independent"
6,4248,"independent"
6,4249,"independent"
6,4250,"independent"
8,4251,"independent"
12,4252,"independent"
8,4253,"independent"
8,4254,"independent"
6,4255,"independent"
10,4256,"independent"
10,4257,"independent"
8,4258,"independent"
6,4259,"independent"
8,4260,"independent"
10,4261,"independent"
8,4262,"independent"
12,4263,"independent"
6,4264,"independent"
6,4265,"independent"
6,4266,"independent"
8,4267,"independent"
10,4268,"independent"
8,4269,"independent"
10,4270,"independent"
8,4271,"independent"
6,4272,"independent"
6,4273,"independent"
6,4274,"independent"
10,4275,"independent"
8,4276,"independent"
6,4277,"independent"
10,4278,"independent"
8,4279,"independent"
4,4280,"independent"
6,4281,"independent"
8,4282,"independent"
6,4283,"independent"
8,4284,"independent"
6,4285,"independent"
12,4286,"independent"
8,4287,"independent"
6,4288,"independent"
12,4289,"independent"
4,4290,"independent"
6,4291,"independent"
6,4292,"independent"
8,4293,"independent"
6,4294,"independent"
4,4295,"independent"
4,4296,"independent"
10,4297,"independent"
8,4298,"independent"
6,4299,"independent"
6,4300,"independent"
6,4301,"independent"
4,4302,"independent"
8,4303,"independent"
8,4304,"independent"
4,4305,"independent"
6,4306,"independent"
10,4307,"independent"
8,4308,"independent"
6,4309,"independent"
4,4310,"independent"
10,4311,"independent"
8,4312,"independent"
6,4313,"independent"
8,4314,"independent"
6,4315,"independent"
4,4316,"independent"
10,4317,"independent"
8,4318,"independent"
4,4319,"independent"
6,4320,"independent"
6,4321,"independent"
8,4322,"independent"
6,4323,"independent"
4,4324,"independent"
4,4325,"independent"
6,4326,"independent"
6,4327,"independent"
8,4328,"independent"
10,4329,"independent"
8,4330,"independent"
6,4331,"independent"
8,4332,"independent"
6,4333,"independent"
12,4334,"independent"
6,4335,"independent"
6,4336,"independent"
10,4337,"independent"
6,4338,"independent"
6,4339,"independent"
6,4340,"independent"
6,4341,"independent"
10,4342,"independent"
6,4343,"independent"
6,4344,"independent"
8,4345,"independent"
8,4346,"independent"
6,4347,"independent"
6,4348,"independent"
10,4349,"independent"
8,4350,"independent"
10,4351,"independent"
10,4352,"independent"
4,4353,"independent"
6,4354,"independent"
10,4355,"independent"
10,4356,"independent"
4,4357,"independent"
10,4358,"independent"
6,4359,"independent"
6,4360,"independent"
8,4361,"independent"
8,4362,"independent"
10,4363,"independent"
6,4364,"independent"
8,4365,"independent"
10,4366,"independent"
10,4367,"independent"
6,4368,"independent"
6,4369,"independent"
8,4370,"independent"
6,4371,"independent"
8,4372,"independent"
10,4373,"independent"
10,4374,"independent"
6,4375,"independent"
8,4376,"independent"
8,4377,"independent"
8,4378,"independent"
6,4379,"independent"
14,4380,"independent"
10,4381,"independent"
8,4382,"independent"
8,4383,"independent"
6,4384,"independent"
8,4385,"independent"
6,4386,"independent"
8,4387,"independent"
8,4388,"independent"
6,4389,"independent"
6,4390,"independent"
4,4391,"independent"
6,4392,"independent"
4,4393,"independent"
4,4394,"independent"
4,4395,"independent"
4,4396,"independent"
8,4397,"independent"
10,4398,"independent"
8,4399,"independent"
8,4400,"independent"
8,4401,"independent"
8,4402,"independent"
8,4403,"independent"
6,4404,"independent"
6,4405,"independent"
8,4406,"independent"
8,4407,"independent"
4,4408,"independent"
8,4409,"independent"
12,4410,"independent"
4,4411,"independent"
6,4412,"independent"
6,4413,"independent"
12,4414,"independent"
10,4415,"independent"
6,4416,"independent"
6,4417,"independent"
8,4418,"independent"
10,4419,"independent"
8,4420,"independent"
4,4421,"independent"
8,4422,"independent"
10,4423,"independent"
8,4424,"independent"
8,4425,"independent"
8,4426,"independent"
6,4427,"independent"
6,4428,"independent"
6,4429,"independent"
8,4430,"independent"
8,4431,"independent"
10,4432,"independent"
6,4433,"independent"
10,4434,"independent"
10,4435,"independent"
8,4436,"independent"
12,4437,"independent"
8,4438,"independent"
6,4439,"independent"
6,4440,"independent"
10,4441,"independent"
10,4442,"independent"
8,4443,"independent"
8,4444,"independent"
4,4445,"independent"
6,4446,"independent"
6,4447,"independent"
4,4448,"independent"
6,4449,"independent"
6,4450,"independent"
6,4451,"independent"
8,4452,"independent"
6,4453,"independent"
6,4454,"independent"
8,4455,"independent"
8,4456,"independent"
8,4457,"independent"
8,4458,"independent"
8,4459,"independent"
6,4460,"independent"
10,4461,"independent"
8,4462,"independent"
4,4463,"independent"
6,4464,"independent"
4,4465,"independent"
6,4466,"independent"
6,4467,"independent"
4,4468,"independent"
4,4469,"independent"
6,4470,"independent"
8,4471,"independent"
8,4472,"independent"
8,4473,"independent"
6,4474,"independent"
6,4475,"independent"
6,4476,"independent"
8,4477,"independent"
6,4478,"independent"
6,4479,"independent"
4,4480,"independent"
4,4481,"independent"
12,4482,"independent"
6,4483,"independent"
8,4484,"independent"
8,4485,"independent"
6,4486,"independent"
8,4487,"independent"
6,4488,"independent"
8,4489,"independent"
8,4490,"independent"
4,4491,"independent"
8,4492,"independent"
4,4493,"independent"
12,4494,"independent"
8,4495,"independent"
6,4496,"independent"
6,4497,"independent"
6,4498,"independent"
6,4499,"independent"
8,4500,"independent"
8,4501,"independent"
10,4502,"independent"
4,4503,"independent"
4,4504,"independent"
6,4505,"independent"
6,4506,"independent"
6,4507,"independent"
10,4508,"independent"
4,4509,"independent"
10,4510,"independent"
4,4511,"independent"
8,4512,"independent"
8,4513,"independent"
8,4514,"independent"
6,4515,"independent"
8,4516,"independent"
4,4517,"independent"
4,4518,"independent"
6,4519,"independent"
6,4520,"independent"
8,4521,"independent"
4,4522,"independent"
6,4523,"independent"
4,4524,"independent"
8,4525,"independent"
4,4526,"independent"
6,4527,"independent"
10,4528,"independent"
4,4529,"independent"
8,4530,"independent"
8,4531,"independent"
6,4532,"independent"
6,4533,"independent"
8,4534,"independent"
4,4535,"independent"
10,4536,"independent"
8,4537,"independent"
4,4538,"independent"
6,4539,"independent"
10,4540,"independent"
8,4541,"independent"
4,4542,"independent"
6,4543,"independent"
6,4544,"independent"
6,4545,"independent"
8,4546,"independent"
8,4547,"independent"
8,4548,"independent"
8,4549,"independent"
8,4550,"independent"
8,4551,"independent"
8,4552,"independent"
8,4553,"independent"
4,4554,"independent"
8,4555,"independent"
10,4556,"independent"
10,4557,"independent"
10,4558,"independent"
8,4559,"independent"
6,4560,"independent"
4,4561,"independent"
4,4562,"independent"
4,4563,"independent"
4,4564,"independent"
8,4565,"independent"
8,4566,"independent"
8,4567,"independent"
8,4568,"independent"
4,4569,"independent"
10,4570,"independent"
6,4571,"independent"
4,4572,"independent"
8,4573,"independent"
6,4574,"independent"
8,4575,"independent"
8,4576,"independent"
6,4577,"independent"
10,4578,"independent"
10,4579,"independent"
8,4580,"independent"
4,4581,"independent"
10,4582,"independent"
12,4583,"independent"
10,4584,"independent"
8,4585,"independent"
6,4586,"independent"
8,4587,"independent"
10,4588,"independent"
8,4589,"independent"
4,4590,"independent"
4,4591,"independent"
10,4592,"independent"
8,4593,"independent"
6,4594,"independent"
6,4595,"independent"
10,4596,"independent"
6,4597,"independent"
10,4598,"independent"
4,4599,"independent"
6,4600,"independent"
8,4601,"independent"
6,4602,"independent"
6,4603,"independent"
8,4604,"independent"
6,4605,"independent"
6,4606,"independent"
8,4607,"independent"
8,4608,"independent"
4,4609,"independent"
10,4610,"independent"
6,4611,"independent"
8,4612,"independent"
8,4613,"independent"
6,4614,"independent"
8,4615,"independent"
6,4616,"independent"
4,4617,"independent"
8,4618,"independent"
6,4619,"independent"
6,4620,"independent"
8,4621,"independent"
10,4622,"independent"
8,4623,"independent"
4,4624,"independent"
6,4625,"independent"
4,4626,"independent"
8,4627,"independent"
8,4628,"independent"
8,4629,"independent"
4,4630,"independent"
6,4631,"independent"
8,4632,"independent"
8,4633,"independent"
8,4634,"independent"
14,4635,"independent"
8,4636,"independent"
8,4637,"independent"
8,4638,"independent"
4,4639,"independent"
10,4640,"independent"
4,4641,"independent"
6,4642,"independent"
6,4643,"independent"
8,4644,"independent"
8,4645,"independent"
6,4646,"independent"
6,4647,"independent"
4,4648,"independent"
10,4649,"independent"
6,4650,"independent"
6,4651,"independent"
8,4652,"independent"
10,4653,"independent"
6,4654,"independent"
8,4655,"independent"
8,4656,"independent"
6,4657,"independent"
10,4658,"independent"
8,4659,"independent"
6,4660,"independent"
10,4661,"independent"
6,4662,"independent"
10,4663,"independent"
12,4664,"independent"
6,4665,"independent"
8,4666,"independent"
8,4667,"independent"
6,4668,"independent"
6,4669,"independent"
4,4670,"independent"
8,4671,"independent"
8,4672,"independent"
10,4673,"independent"
6,4674,"independent"
4,4675,"independent"
6,4676,"independent"
6,4677,"independent"
8,4678,"independent"
6,4679,"independent"
10,4680,"independent"
6,4681,"independent"
12,4682,"independent"
8,4683,"independent"
8,4684,"independent"
4,4685,"independent"
4,4686,"independent"
6,4687,"independent"
4,4688,"independent"
8,4689,"independent"
8,4690,"independent"
12,4691,"independent"
6,4692,"independent"
6,4693,"independent"
8,4694,"independent"
8,4695,"independent"
8,4696,"independent"
6,4697,"independent"
8,4698,"independent"
8,4699,"independent"
2,4700,"independent"
6,4701,"independent"
8,4702,"independent"
8,4703,"independent"
8,4704,"independent"
8,4705,"independent"
4,4706,"independent"
4,4707,"independent"
8,4708,"independent"
4,4709,"independent"
8,4710,"independent"
4,4711,"independent"
8,4712,"independent"
6,4713,"independent"
10,4714,"independent"
8,4715,"independent"
4,4716,"independent"
8,4717,"independent"
10,4718,"independent"
8,4719,"independent"
8,4720,"independent"
6,4721,"independent"
6,4722,"independent"
6,4723,"independent"
10,4724,"independent"
8,4725,"independent"
6,4726,"independent"
4,4727,"independent"
8,4728,"independent"
6,4729,"independent"
4,4730,"independent"
6,4731,"independent"
8,4732,"independent"
8,4733,"independent"
6,4734,"independent"
8,4735,"independent"
2,4736,"independent"
8,4737,"independent"
10,4738,"independent"
4,4739,"independent"
4,4740,"independent"
8,4741,"independent"
4,4742,"independent"
6,4743,"independent"
8,4744,"independent"
6,4745,"independent"
12,4746,"independent"
10,4747,"independent"
8,4748,"independent"
10,4749,"independent"
6,4750,"independent"
6,4751,"independent"
6,4752,"independent"
12,4753,"independent"
6,4754,"independent"
8,4755,"independent"
4,4756,"independent"
4,4757,"independent"
6,4758,"independent"
8,4759,"independent"
6,4760,"independent"
12,4761,"independent"
6,4762,"independent"
6,4763,"independent"
8,4764,"independent"
6,4765,"independent"
6,4766,"independent"
10,4767,"independent"
8,4768,"independent"
8,4769,"independent"
6,4770,"independent"
4,4771,"independent"
8,4772,"independent"
6,4773,"independent"
8,4774,"independent"
6,4775,"independent"
4,4776,"independent"
10,4777,"independent"
6,4778,"independent"
8,4779,"independent"
10,4780,"independent"
6,4781,"independent"
4,4782,"independent"
8,4783,"independent"
8,4784,"independent"
4,4785,"independent"
8,4786,"independent"
4,4787,"independent"
6,4788,"independent"
8,4789,"independent"
8,4790,"independent"
10,4791,"independent"
8,4792,"independent"
8,4793,"independent"
6,4794,"independent"
6,4795,"independent"
10,4796,"independent"
8,4797,"independent"
6,4798,"independent"
4,4799,"independent"
4,4800,"independent"
6,4801,"independent"
6,4802,"independent"
4,4803,"independent"
6,4804,"independent"
8,4805,"independent"
6,4806,"independent"
6,4807,"independent"
10,4808,"independent"
8,4809,"independent"
6,4810,"independent"
6,4811,"independent"
8,4812,"independent"
8,4813,"independent"
10,4814,"independent"
8,4815,"independent"
10,4816,"independent"
6,4817,"independent"
10,4818,"independent"
8,4819,"independent"
8,4820,"independent"
4,4821,"independent"
4,4822,"independent"
10,4823,"independent"
4,4824,"independent"
4,4825,"independent"
6,4826,"independent"
4,4827,"independent"
8,4828,"independent"
8,4829,"independent"
6,4830,"independent"
6,4831,"independent"
4,4832,"independent"
6,4833,"independent"
12,4834,"independent"
8,4835,"independent"
6,4836,"independent"
6,4837,"independent"
8,4838,"independent"
6,4839,"independent"
6,4840,"independent"
10,4841,"independent"
12,4842,"independent"
8,4843,"independent"
8,4844,"independent"
6,4845,"independent"
6,4846,"independent"
8,4847,"independent"
6,4848,"independent"
8,4849,"independent"
8,4850,"independent"
8,4851,"independent"
8,4852,"independent"
8,4853,"independent"
6,4854,"independent"
4,4855,"independent"
10,4856,"independent"
4,4857,"independent"
6,4858,"independent"
8,4859,"independent"
10,4860,"independent"
10,4861,"independent"
8,4862,"independent"
8,4863,"independent"
6,4864,"independent"
8,4865,"independent"
6,4866,"independent"
6,4867,"independent"
6,4868,"independent"
6,4869,"independent"
8,4870,"independent"
8,4871,"independent"
8,4872,"independent"
4,4873,"independent"
8,4874,"independent"
6,4875,"independent"
4,4876,"independent"
4,4877,"independent"
8,4878,"independent"
8,4879,"independent"
6,4880,"independent"
4,4881,"independent"
6,4882,"independent"
6,4883,"independent"
8,4884,"independent"
8,4885,"independent"
8,4886,"independent"
4,4887,"independent"
8,4888,"independent"
8,4889,"independent"
4,4890,"independent"
8,4891,"independent"
6,4892,"independent"
4,4893,"independent"
6,4894,"independent"
6,4895,"independent"
4,4896,"independent"
10,4897,"independent"
4,4898,"independent"
10,4899,"independent"
6,4900,"independent"
8,4901,"independent"
6,4902,"independent"
8,4903,"independent"
4,4904,"independent"
6,4905,"independent"
8,4906,"independent"
8,4907,"independent"
6,4908,"independent"
10,4909,"independent"
4,4910,"independent"
6,4911,"independent"
8,4912,"independent"
4,4913,"independent"
8,4914,"independent"
8,4915,"independent"
6,4916,"independent"
4,4917,"independent"
6,4918,"independent"
8,4919,"independent"
8,4920,"independent"
6,4921,"independent"
10,4922,"independent"
6,4923,"independent"
12,4924,"independent"
8,4925,"independent"
6,4926,"independent"
2,4927,"independent"
8,4928,"independent"
4,4929,"independent"
6,4930,"independent"
8,4931,"independent"
6,4932,"independent"
8,4933,"independent"
10,4934,"independent"
10,4935,"independent"
8,4936,"independent"
6,4937,"independent"
10,4938,"independent"
10,4939,"independent"
8,4940,"independent"
6,4941,"independent"
6,4942,"independent"
6,4943,"independent"
8,4944,"independent"
8,4945,"independent"
12,4946,"independent"
8,4947,"independent"
8,4948,"independent"
10,4949,"independent"
10,4950,"independent"
8,4951,"independent"
6,4952,"independent"
6,4953,"independent"
10,4954,"independent"
12,4955,"independent"
8,4956,"independent"
6,4957,"independent"
6,4958,"independent"
6,4959,"independent"
8,4960,"independent"
8,4961,"independent"
6,4962,"independent"
4,4963,"independent"
8,4964,"independent"
6,4965,"independent"
8,4966,"independent"
4,4967,"independent"
6,4968,"independent"
8,4969,"independent"
8,4970,"independent"
6,4971,"independent"
10,4972,"independent"
4,4973,"independent"
10,4974,"independent"
8,4975,"independent"
4,4976,"independent"
6,4977,"independent"
4,4978,"independent"
6,4979,"independent"
8,4980,"independent"
8,4981,"independent"
6,4982,"independent"
8,4983,"independent"
8,4984,"independent"
6,4985,"independent"
6,4986,"independent"
6,4987,"independent"
8,4988,"independent"
8,4989,"independent"
10,4990,"independent"
6,4991,"independent"
10,4992,"independent"
8,4993,"independent"
6,4994,"independent"
6,4995,"independent"
8,4996,"independent"
6,4997,"independent"
4,4998,"independent"
4,4999,"independent"
8,5000,"independent"
4,5001,"independent"
10,5002,"independent"
8,5003,"independent"
6,5004,"independent"
4,5005,"independent"
10,5006,"independent"
6,5007,"independent"
8,5008,"independent"
8,5009,"independent"
10,5010,"independent"
8,5011,"independent"
6,5012,"independent"
4,5013,"independent"
4,5014,"independent"
6,5015,"independent"
10,5016,"independent"
6,5017,"independent"
6,5018,"independent"
4,5019,"independent"
4,5020,"independent"
8,5021,"independent"
6,5022,"independent"
8,5023,"independent"
8,5024,"independent"
4,5025,"independent"
6,5026,"independent"
10,5027,"independent"
6,5028,"independent"
8,5029,"independent"
6,5030,"independent"
10,5031,"independent"
6,5032,"independent"
4,5033,"independent"
6,5034,"independent"
6,5035,"independent"
6,5036,"independent"
10,5037,"independent"
8,5038,"independent"
6,5039,"independent"
4,5040,"independent"
4,5041,"independent"
8,5042,"independent"
6,5043,"independent"
6,5044,"independent"
6,5045,"independent"
6,5046,"independent"
4,5047,"independent"
6,5048,"independent"
8,5049,"independent"
10,5050,"independent"
6,5051,"independent"
4,5052,"independent"
6,5053,"independent"
10,5054,"independent"
6,5055,"independent"
8,5056,"independent"
6,5057,"independent"
2,5058,"independent"
10,5059,"independent"
6,5060,"independent"
8,5061,"independent"
8,5062,"independent"
4,5063,"independent"
6,5064,"independent"
6,5065,"independent"
6,5066,"independent"
10,5067,"independent"
6,5068,"independent"
10,5069,"independent"
12,5070,"independent"
10,5071,"independent"
8,5072,"independent"
10,5073,"independent"
4,5074,"independent"
4,5075,"independent"
4,5076,"independent"
8,5077,"independent"
6,5078,"independent"
6,5079,"independent"
8,5080,"independent"
8,5081,"independent"
4,5082,"independent"
6,5083,"independent"
8,5084,"independent"
6,5085,"independent"
6,5086,"independent"
8,5087,"independent"
8,5088,"independent"
6,5089,"independent"
8,5090,"independent"
8,5091,"independent"
10,5092,"independent"
4,5093,"independent"
10,5094,"independent"
8,5095,"independent"
8,5096,"independent"
6,5097,"independent"
6,5098,"independent"
8,5099,"independent"
8,5100,"independent"
4,5101,"independent"
6,5102,"independent"
4,5103,"independent"
4,5104,"independent"
6,5105,"independent"
10,5106,"independent"
4,5107,"independent"
8,5108,"independent"
4,5109,"independent"
6,5110,"independent"
10,5111,"independent"
6,5112,"independent"
8,5113,"independent"
8,5114,"independent"
4,5115,"independent"
8,5116,"independent"
8,5117,"independent"
8,5118,"independent"
6,5119,"independent"
6,5120,"independent"
10,5121,"independent"
6,5122,"independent"
10,5123,"independent"
10,5124,"independent"
4,5125,"independent"
8,5126,"independent"
10,5127,"independent"
8,5128,"independent"
6,5129,"independent"
8,5130,"independent"
12,5131,"independent"
8,5132,"independent"
8,5133,"independent"
6,5134,"independent"
4,5135,"independent"
8,5136,"independent"
10,5137,"independent"
8,5138,"independent"
6,5139,"independent"
8,5140,"independent"
8,5141,"independent"
4,5142,"independent"
6,5143,"independent"
8,5144,"independent"
8,5145,"independent"
4,5146,"independent"
6,5147,"independent"
4,5148,"independent"
8,5149,"independent"
8,5150,"independent"
6,5151,"independent"
8,5152,"independent"
6,5153,"independent"
8,5154,"independent"
4,5155,"independent"
10,5156,"independent"
8,5157,"independent"
8,5158,"independent"
6,5159,"independent"
10,5160,"independent"
6,5161,"independent"
12,5162,"independent"
6,5163,"independent"
8,5164,"independent"
6,5165,"independent"
8,5166,"independent"
8,5167,"independent"
8,5168,"independent"
8,5169,"independent"
8,5170,"independent"
6,5171,"independent"
8,5172,"independent"
6,5173,"independent"
10,5174,"independent"
6,5175,"independent"
8,5176,"independent"
4,5177,"independent"
8,5178,"independent"
6,5179,"independent"
6,5180,"independent"
8,5181,"independent"
10,5182,"independent"
8,5183,"independent"
6,5184,"independent"
6,5185,"independent"
8,5186,"independent"
8,5187,"independent"
6,5188,"independent"
6,5189,"independent"
6,5190,"independent"
4,5191,"independent"
6,5192,"independent"
8,5193,"independent"
6,5194,"independent"
8,5195,"independent"
6,5196,"independent"
8,5197,"independent"
8,5198,"independent"
6,5199,"independent"
6,5200,"independent"
6,5201,"independent"
6,5202,"independent"
6,5203,"independent"
10,5204,"independent"
6,5205,"independent"
8,5206,"independent"
6,5207,"independent"
10,5208,"independent"
8,5209,"independent"
6,5210,"independent"
6,5211,"independent"
6,5212,"independent"
6,5213,"independent"
8,5214,"independent"
6,5215,"independent"
6,5216,"independent"
6,5217,"independent"
6,5218,"independent"
4,5219,"independent"
8,5220,"independent"
6,5221,"independent"
6,5222,"independent"
4,5223,"independent"
10,5224,"independent"
10,5225,"independent"
6,5226,"independent"
6,5227,"independent"
4,5228,"independent"
8,5229,"independent"
8,5230,"independent"
10,5231,"independent"
8,5232,"independent"
10,5233,"independent"
6,5234,"independent"
6,5235,"independent"
6,5236,"independent"
12,5237,"independent"
10,5238,"independent"
6,5239,"independent"
6,5240,"independent"
10,5241,"independent"
8,5242,"independent"
6,5243,"independent"
10,5244,"independent"
8,5245,"independent"
8,5246,"independent"
10,5247,"independent"
6,5248,"independent"
8,5249,"independent"
4,5250,"independent"
4,5251,"independent"
8,5252,"independent"
8,5253,"independent"
6,5254,"independent"
4,5255,"independent"
10,5256,"independent"
6,5257,"independent"
6,5258,"independent"
6,5259,"independent"
6,5260,"independent"
4,5261,"independent"
6,5262,"independent"
10,5263,"independent"
10,5264,"independent"
4,5265,"independent"
10,5266,"independent"
8,5267,"independent"
4,5268,"independent"
8,5269,"independent"
6,5270,"independent"
6,5271,"independent"
6,5272,"independent"
8,5273,"independent"
10,5274,"independent"
8,5275,"independent"
6,5276,"independent"
6,5277,"independent"
4,5278,"independent"
4,5279,"independent"
8,5280,"independent"
8,5281,"independent"
12,5282,"independent"
6,5283,"independent"
10,5284,"independent"
8,5285,"independent"
6,5286,"independent"
4,5287,"independent"
6,5288,"independent"
10,5289,"independent"
8,5290,"independent"
6,5291,"independent"
10,5292,"independent"
8,5293,"independent"
6,5294,"independent"
6,5295,"independent"
6,5296,"independent"
6,5297,"independent"
10,5298,"independent"
8,5299,"independent"
6,5300,"independent"
8,5301,"independent"
10,5302,"independent"
8,5303,"independent"
6,5304,"independent"
6,5305,"independent"
4,5306,"independent"
4,5307,"independent"
6,5308,"independent"
10,5309,"independent"
2,5310,"independent"
8,5311,"independent"
12,5312,"independent"
8,5313,"independent"
8,5314,"independent"
6,5315,"independent"
4,5316,"independent"
10,5317,"independent"
6,5318,"independent"
12,5319,"independent"
4,5320,"independent"
8,5321,"independent"
4,5322,"independent"
4,5323,"independent"
8,5324,"independent"
6,5325,"independent"
8,5326,"independent"
8,5327,"independent"
10,5328,"independent"
6,5329,"independent"
6,5330,"independent"
6,5331,"independent"
8,5332,"independent"
6,5333,"independent"
6,5334,"independent"
6,5335,"independent"
4,5336,"independent"
10,5337,"independent"
6,5338,"independent"
8,5339,"independent"
6,5340,"independent"
6,5341,"independent"
10,5342,"independent"
8,5343,"independent"
6,5344,"independent"
8,5345,"independent"
8,5346,"independent"
8,5347,"independent"
6,5348,"independent"
10,5349,"independent"
6,5350,"independent"
10,5351,"independent"
6,5352,"independent"
10,5353,"independent"
8,5354,"independent"
6,5355,"independent"
6,5356,"independent"
8,5357,"independent"
4,5358,"independent"
4,5359,"independent"
6,5360,"independent"
6,5361,"independent"
10,5362,"independent"
4,5363,"independent"
8,5364,"independent"
4,5365,"independent"
6,5366,"independent"
6,5367,"independent"
10,5368,"independent"
8,5369,"independent"
8,5370,"independent"
6,5371,"independent"
6,5372,"independent"
6,5373,"independent"
8,5374,"independent"
8,5375,"independent"
6,5376,"independent"
8,5377,"independent"
6,5378,"independent"
6,5379,"independent"
8,5380,"independent"
6,5381,"independent"
8,5382,"independent"
4,5383,"independent"
10,5384,"independent"
4,5385,"independent"
6,5386,"independent"
6,5387,"independent"
10,5388,"independent"
6,5389,"independent"
6,5390,"independent"
6,5391,"independent"
6,5392,"independent"
8,5393,"independent"
8,5394,"independent"
8,5395,"independent"
6,5396,"independent"
6,5397,"independent"
12,5398,"independent"
6,5399,"independent"
8,5400,"independent"
4,5401,"independent"
4,5402,"independent"
10,5403,"independent"
8,5404,"independent"
8,5405,"independent"
8,5406,"independent"
6,5407,"independent"
4,5408,"independent"
4,5409,"independent"
6,5410,"independent"
8,5411,"independent"
8,5412,"independent"
8,5413,"independent"
10,5414,"independent"
8,5415,"independent"
6,5416,"independent"
8,5417,"independent"
6,5418,"independent"
8,5419,"independent"
10,5420,"independent"
6,5421,"independent"
6,5422,"independent"
6,5423,"independent"
4,5424,"independent"
10,5425,"independent"
12,5426,"independent"
8,5427,"independent"
8,5428,"independent"
8,5429,"independent"
4,5430,"independent"
6,5431,"independent"
10,5432,"independent"
6,5433,"independent"
4,5434,"independent"
4,5435,"independent"
6,5436,"independent"
4,5437,"independent"
6,5438,"independent"
8,5439,"independent"
8,5440,"independent"
8,5441,"independent"
6,5442,"independent"
6,5443,"independent"
6,5444,"independent"
10,5445,"independent"
12,5446,"independent"
8,5447,"independent"
6,5448,"independent"
8,5449,"independent"
6,5450,"independent"
6,5451,"independent"
6,5452,"independent"
8,5453,"independent"
6,5454,"independent"
8,5455,"independent"
8,5456,"independent"
6,5457,"independent"
8,5458,"independent"
14,5459,"independent"
8,5460,"independent"
6,5461,"independent"
12,5462,"independent"
8,5463,"independent"
10,5464,"independent"
6,5465,"independent"
4,5466,"independent"
6,5467,"independent"
6,5468,"independent"
6,5469,"independent"
4,5470,"independent"
6,5471,"independent"
8,5472,"independent"
8,5473,"independent"
10,5474,"independent"
4,5475,"independent"
6,5476,"independent"
6,5477,"independent"
8,5478,"independent"
4,5479,"independent"
6,5480,"independent"
8,5481,"independent"
10,5482,"independent"
6,5483,"independent"
10,5484,"independent"
6,5485,"independent"
6,5486,"independent"
6,5487,"independent"
6,5488,"independent"
8,5489,"independent"
10,5490,"independent"
10,5491,"independent"
8,5492,"independent"
10,5493,"independent"
6,5494,"independent"
8,5495,"independent"
6,5496,"independent"
8,5497,"independent"
10,5498,"independent"
8,5499,"independent"
10,5500,"independent"
6,5501,"independent"
8,5502,"independent"
8,5503,"independent"
8,5504,"independent"
6,5505,"independent"
8,5506,"independent"
8,5507,"independent"
6,5508,"independent"
6,5509,"independent"
8,5510,"independent"
10,5511,"independent"
8,5512,"independent"
8,5513,"independent"
8,5514,"independent"
6,5515,"independent"
8,5516,"independent"
10,5517,"independent"
8,5518,"independent"
6,5519,"independent"
4,5520,"independent"
14,5521,"independent"
12,5522,"independent"
8,5523,"independent"
8,5524,"independent"
8,5525,"independent"
10,5526,"independent"
8,5527,"independent"
4,5528,"independent"
10,5529,"independent"
8,5530,"independent"
8,5531,"independent"
12,5532,"independent"
10,5533,"independent"
8,5534,"independent"
6,5535,"independent"
2,5536,"independent"
6,5537,"independent"
4,5538,"independent"
10,5539,"independent"
12,5540,"independent"
12,5541,"independent"
6,5542,"independent"
10,5543,"independent"
0,5544,"independent"
10,5545,"independent"
6,5546,"independent"
6,5547,"independent"
6,5548,"independent"
4,5549,"independent"
4,5550,"independent"
8,5551,"independent"
10,5552,"independent"
6,5553,"independent"
10,5554,"independent"
10,5555,"independent"
8,5556,"independent"
8,5557,"independent"
6,5558,"independent"
8,5559,"independent"
4,5560,"independent"
4,5561,"independent"
4,5562,"independent"
12,5563,"independent"
8,5564,"independent"
6,5565,"independent"
8,5566,"independent"
10,5567,"independent"
12,5568,"independent"
8,5569,"independent"
6,5570,"independent"
8,5571,"independent"
8,5572,"independent"
6,5573,"independent"
6,5574,"independent"
8,5575,"independent"
8,5576,"independent"
6,5577,"independent"
8,5578,"independent"
10,5579,"independent"
10,5580,"independent"
6,5581,"independent"
6,5582,"independent"
8,5583,"independent"
6,5584,"independent"
8,5585,"independent"
6,5586,"independent"
12,5587,"independent"
10,5588,"independent"
10,5589,"independent"
8,5590,"independent"
8,5591,"independent"
6,5592,"independent"
8,5593,"independent"
4,5594,"independent"
6,5595,"independent"
8,5596,"independent"
6,5597,"independent"
10,5598,"independent"
10,5599,"independent"
8,5600,"independent"
6,5601,"independent"
8,5602,"independent"
4,5603,"independent"
8,5604,"independent"
8,5605,"independent"
4,5606,"independent"
8,5607,"independent"
8,5608,"independent"
8,5609,"independent"
8,5610,"independent"
8,5611,"independent"
6,5612,"independent"
8,5613,"independent"
8,5614,"independent"
6,5615,"independent"
8,5616,"independent"
8,5617,"independent"
8,5618,"independent"
6,5619,"independent"
6,5620,"independent"
8,5621,"independent"
8,5622,"independent"
6,5623,"independent"
4,5624,"independent"
8,5625,"independent"
6,5626,"independent"
8,5627,"independent"
10,5628,"independent"
8,5629,"independent"
8,5630,"independent"
6,5631,"independent"
8,5632,"independent"
6,5633,"independent"
8,5634,"independent"
8,5635,"independent"
10,5636,"independent"
8,5637,"independent"
6,5638,"independent"
8,5639,"independent"
10,5640,"independent"
4,5641,"independent"
6,5642,"independent"
4,5643,"independent"
8,5644,"independent"
8,5645,"independent"
6,5646,"independent"
8,5647,"independent"
8,5648,"independent"
6,5649,"independent"
8,5650,"independent"
4,5651,"independent"
8,5652,"independent"
8,5653,"independent"
8,5654,"independent"
8,5655,"independent"
8,5656,"independent"
6,5657,"independent"
8,5658,"independent"
8,5659,"independent"
12,5660,"independent"
8,5661,"independent"
4,5662,"independent"
8,5663,"independent"
8,5664,"independent"
6,5665,"independent"
10,5666,"independent"
4,5667,"independent"
8,5668,"independent"
10,5669,"independent"
4,5670,"independent"
10,5671,"independent"
8,5672,"independent"
8,5673,"independent"
4,5674,"independent"
6,5675,"independent"
10,5676,"independent"
8,5677,"independent"
8,5678,"independent"
6,5679,"independent"
6,5680,"independent"
4,5681,"independent"
4,5682,"independent"
4,5683,"independent"
8,5684,"independent"
4,5685,"independent"
8,5686,"independent"
6,5687,"independent"
6,5688,"independent"
6,5689,"independent"
8,5690,"independent"
6,5691,"independent"
8,5692,"independent"
8,5693,"independent"
8,5694,"independent"
8,5695,"independent"
10,5696,"independent"
8,5697,"independent"
10,5698,"independent"
4,5699,"independent"
6,5700,"independent"
10,5701,"independent"
8,5702,"independent"
8,5703,"independent"
10,5704,"independent"
10,5705,"independent"
10,5706,"independent"
10,5707,"independent"
6,5708,"independent"
8,5709,"independent"
6,5710,"independent"
4,5711,"independent"
6,5712,"independent"
12,5713,"independent"
8,5714,"independent"
4,5715,"independent"
10,5716,"independent"
8,5717,"independent"
8,5718,"independent"
6,5719,"independent"
8,5720,"independent"
8,5721,"independent"
8,5722,"independent"
8,5723,"independent"
8,5724,"independent"
6,5725,"independent"
8,5726,"independent"
4,5727,"independent"
8,5728,"independent"
8,5729,"independent"
6,5730,"independent"
8,5731,"independent"
4,5732,"independent"
4,5733,"independent"
6,5734,"independent"
8,5735,"independent"
8,5736,"independent"
6,5737,"independent"
6,5738,"independent"
8,5739,"independent"
10,5740,"independent"
8,5741,"independent"
8,5742,"independent"
6,5743,"independent"
6,5744,"independent"
8,5745,"independent"
10,5746,"independent"
8,5747,"independent"
4,5748,"independent"
8,5749,"independent"
8,5750,"independent"
8,5751,"independent"
10,5752,"independent"
4,5753,"independent"
10,5754,"independent"
8,5755,"independent"
8,5756,"independent"
6,5757,"independent"
8,5758,"independent"
8,5759,"independent"
8,5760,"independent"
8,5761,"independent"
4,5762,"independent"
6,5763,"independent"
4,5764,"independent"
10,5765,"independent"
8,5766,"independent"
8,5767,"independent"
4,5768,"independent"
6,5769,"independent"
2,5770,"independent"
8,5771,"independent"
6,5772,"independent"
6,5773,"independent"
6,5774,"independent"
12,5775,"independent"
8,5776,"independent"
6,5777,"independent"
8,5778,"independent"
8,5779,"independent"
8,5780,"independent"
8,5781,"independent"
6,5782,"independent"
8,5783,"independent"
6,5784,"independent"
6,5785,"independent"
6,5786,"independent"
8,5787,"independent"
4,5788,"independent"
10,5789,"independent"
6,5790,"independent"
10,5791,"independent"
6,5792,"independent"
10,5793,"independent"
8,5794,"independent"
8,5795,"independent"
8,5796,"independent"
10,5797,"independent"
6,5798,"independent"
8,5799,"independent"
6,5800,"independent"
6,5801,"independent"
8,5802,"independent"
8,5803,"independent"
4,5804,"independent"
4,5805,"independent"
8,5806,"independent"
6,5807,"independent"
10,5808,"independent"
8,5809,"independent"
8,5810,"independent"
10,5811,"independent"
12,5812,"independent"
8,5813,"independent"
6,5814,"independent"
10,5815,"independent"
8,5816,"independent"
6,5817,"independent"
10,5818,"independent"
6,5819,"independent"
6,5820,"independent"
6,5821,"independent"
6,5822,"independent"
6,5823,"independent"
6,5824,"independent"
4,5825,"independent"
10,5826,"independent"
6,5827,"independent"
6,5828,"independent"
8,5829,"independent"
8,5830,"independent"
8,5831,"independent"
8,5832,"independent"
6,5833,"independent"
6,5834,"independent"
6,5835,"independent"
6,5836,"independent"
2,5837,"independent"
4,5838,"independent"
12,5839,"independent"
6,5840,"independent"
10,5841,"independent"
8,5842,"independent"
8,5843,"independent"
10,5844,"independent"
8,5845,"independent"
6,5846,"independent"
4,5847,"independent"
6,5848,"independent"
6,5849,"independent"
6,5850,"independent"
6,5851,"independent"
10,5852,"independent"
8,5853,"independent"
8,5854,"independent"
4,5855,"independent"
4,5856,"independent"
4,5857,"independent"
6,5858,"independent"
12,5859,"independent"
8,5860,"independent"
6,5861,"independent"
8,5862,"independent"
10,5863,"independent"
8,5864,"independent"
8,5865,"independent"
4,5866,"independent"
6,5867,"independent"
10,5868,"independent"
6,5869,"independent"
4,5870,"independent"
6,5871,"independent"
8,5872,"independent"
6,5873,"independent"
6,5874,"independent"
6,5875,"independent"
8,5876,"independent"
8,5877,"independent"
6,5878,"independent"
8,5879,"independent"
8,5880,"independent"
6,5881,"independent"
6,5882,"independent"
6,5883,"independent"
8,5884,"independent"
10,5885,"independent"
8,5886,"independent"
10,5887,"independent"
10,5888,"independent"
6,5889,"independent"
6,5890,"independent"
8,5891,"independent"
8,5892,"independent"
6,5893,"independent"
10,5894,"independent"
6,5895,"independent"
6,5896,"independent"
6,5897,"independent"
10,5898,"independent"
8,5899,"independent"
8,5900,"independent"
8,5901,"independent"
6,5902,"independent"
6,5903,"independent"
8,5904,"independent"
6,5905,"independent"
6,5906,"independent"
6,5907,"independent"
8,5908,"independent"
6,5909,"independent"
6,5910,"independent"
6,5911,"independent"
6,5912,"independent"
4,5913,"independent"
8,5914,"independent"
8,5915,"independent"
8,5916,"independent"
6,5917,"independent"
6,5918,"independent"
4,5919,"independent"
8,5920,"independent"
6,5921,"independent"
6,5922,"independent"
6,5923,"independent"
6,5924,"independent"
8,5925,"independent"
2,5926,"independent"
6,5927,"independent"
6,5928,"independent"
6,5929,"independent"
6,5930,"independent"
8,5931,"independent"
12,5932,"independent"
8,5933,"independent"
10,5934,"independent"
8,5935,"independent"
8,5936,"independent"
4,5937,"independent"
6,5938,"independent"
8,5939,"independent"
6,5940,"independent"
6,5941,"independent"
4,5942,"independent"
4,5943,"independent"
8,5944,"independent"
12,5945,"independent"
6,5946,"independent"
4,5947,"independent"
6,5948,"independent"
6,5949,"independent"
10,5950,"independent"
8,5951,"independent"
8,5952,"independent"
6,5953,"independent"
4,5954,"independent"
8,5955,"independent"
8,5956,"independent"
6,5957,"independent"
8,5958,"independent"
8,5959,"independent"
4,5960,"independent"
8,5961,"independent"
8,5962,"independent"
8,5963,"independent"
10,5964,"independent"
8,5965,"independent"
6,5966,"independent"
6,5967,"independent"
6,5968,"independent"
4,5969,"independent"
2,5970,"independent"
4,5971,"independent"
8,5972,"independent"
4,5973,"independent"
12,5974,"independent"
6,5975,"independent"
6,5976,"independent"
4,5977,"independent"
6,5978,"independent"
8,5979,"independent"
10,5980,"independent"
8,5981,"independent"
8,5982,"independent"
4,5983,"independent"
8,5984,"independent"
8,5985,"independent"
10,5986,"independent"
10,5987,"independent"
4,5988,"independent"
8,5989,"independent"
6,5990,"independent"
8,5991,"independent"
4,5992,"independent"
12,5993,"independent"
8,5994,"independent"
6,5995,"independent"
8,5996,"independent"
6,5997,"independent"
8,5998,"independent"
10,5999,"independent"
2,6000,"independent"
6,6001,"independent"
8,6002,"independent"
4,6003,"independent"
4,6004,"independent"
8,6005,"independent"
6,6006,"independent"
6,6007,"independent"
8,6008,"independent"
8,6009,"independent"
6,6010,"independent"
4,6011,"independent"
10,6012,"independent"
8,6013,"independent"
8,6014,"independent"
8,6015,"independent"
6,6016,"independent"
10,6017,"independent"
6,6018,"independent"
8,6019,"independent"
8,6020,"independent"
6,6021,"independent"
6,6022,"independent"
4,6023,"independent"
10,6024,"independent"
6,6025,"independent"
8,6026,"independent"
6,6027,"independent"
10,6028,"independent"
6,6029,"independent"
8,6030,"independent"
6,6031,"independent"
6,6032,"independent"
8,6033,"independent"
6,6034,"independent"
10,6035,"independent"
6,6036,"independent"
4,6037,"independent"
4,6038,"independent"
10,6039,"independent"
6,6040,"independent"
4,6041,"independent"
4,6042,"independent"
2,6043,"independent"
6,6044,"independent"
6,6045,"independent"
6,6046,"independent"
2,6047,"independent"
4,6048,"independent"
6,6049,"independent"
8,6050,"independent"
4,6051,"independent"
8,6052,"independent"
12,6053,"independent"
6,6054,"independent"
4,6055,"independent"
6,6056,"independent"
6,6057,"independent"
6,6058,"independent"
8,6059,"independent"
6,6060,"independent"
8,6061,"independent"
4,6062,"independent"
8,6063,"independent"
6,6064,"independent"
6,6065,"independent"
10,6066,"independent"
6,6067,"independent"
8,6068,"independent"
4,6069,"independent"
10,6070,"independent"
6,6071,"independent"
4,6072,"independent"
8,6073,"independent"
8,6074,"independent"
10,6075,"independent"
6,6076,"independent"
8,6077,"independent"
6,6078,"independent"
8,6079,"independent"
4,6080,"independent"
10,6081,"independent"
6,6082,"independent"
4,6083,"independent"
10,6084,"independent"
8,6085,"independent"
10,6086,"independent"
8,6087,"independent"
8,6088,"independent"
4,6089,"independent"
6,6090,"independent"
6,6091,"independent"
10,6092,"independent"
10,6093,"independent"
8,6094,"independent"
10,6095,"independent"
10,6096,"independent"
6,6097,"independent"
6,6098,"independent"
6,6099,"independent"
6,6100,"independent"
4,6101,"independent"
6,6102,"independent"
6,6103,"independent"
8,6104,"independent"
6,6105,"independent"
4,6106,"independent"
6,6107,"independent"
8,6108,"independent"
4,6109,"independent"
4,6110,"independent"
6,6111,"independent"
8,6112,"independent"
12,6113,"independent"
8,6114,"independent"
8,6115,"independent"
8,6116,"independent"
2,6117,"independent"
8,6118,"independent"
4,6119,"independent"
8,6120,"independent"
8,6121,"independent"
8,6122,"independent"
4,6123,"independent"
8,6124,"independent"
4,6125,"independent"
6,6126,"independent"
6,6127,"independent"
6,6128,"independent"
6,6129,"independent"
10,6130,"independent"
10,6131,"independent"
8,6132,"independent"
6,6133,"independent"
6,6134,"independent"
6,6135,"independent"
6,6136,"independent"
6,6137,"independent"
12,6138,"independent"
8,6139,"independent"
8,6140,"independent"
4,6141,"independent"
4,6142,"independent"
8,6143,"independent"
10,6144,"independent"
6,6145,"independent"
6,6146,"independent"
10,6147,"independent"
4,6148,"independent"
4,6149,"independent"
8,6150,"independent"
6,6151,"independent"
8,6152,"independent"
12,6153,"independent"
4,6154,"independent"
6,6155,"independent"
6,6156,"independent"
4,6157,"independent"
4,6158,"independent"
10,6159,"independent"
6,6160,"independent"
6,6161,"independent"
6,6162,"independent"
10,6163,"independent"
6,6164,"independent"
8,6165,"independent"
8,6166,"independent"
4,6167,"independent"
8,6168,"independent"
6,6169,"independent"
6,6170,"independent"
6,6171,"independent"
6,6172,"independent"
8,6173,"independent"
6,6174,"independent"
8,6175,"independent"
4,6176,"independent"
4,6177,"independent"
6,6178,"independent"
6,6179,"independent"
4,6180,"independent"
8,6181,"independent"
10,6182,"independent"
4,6183,"independent"
8,6184,"independent"
8,6185,"independent"
8,6186,"independent"
6,6187,"independent"
6,6188,"independent"
8,6189,"independent"
10,6190,"independent"
6,6191,"independent"
8,6192,"independent"
8,6193,"independent"
6,6194,"independent"
10,6195,"independent"
6,6196,"independent"
10,6197,"independent"
8,6198,"independent"
10,6199,"independent"
12,6200,"independent"
4,6201,"independent"
12,6202,"independent"
4,6203,"independent"
10,6204,"independent"
6,6205,"independent"
6,6206,"independent"
6,6207,"independent"
4,6208,"independent"
6,6209,"independent"
4,6210,"independent"
6,6211,"independent"
6,6212,"independent"
8,6213,"independent"
8,6214,"independent"
8,6215,"independent"
4,6216,"independent"
8,6217,"independent"
10,6218,"independent"
4,6219,"independent"
10,6220,"independent"
6,6221,"independent"
8,6222,"independent"
6,6223,"independent"
8,6224,"independent"
4,6225,"independent"
8,6226,"independent"
8,6227,"independent"
6,6228,"independent"
4,6229,"independent"
8,6230,"independent"
6,6231,"independent"
8,6232,"independent"
8,6233,"independent"
6,6234,"independent"
6,6235,"independent"
6,6236,"independent"
6,6237,"independent"
4,6238,"independent"
6,6239,"independent"
8,6240,"independent"
10,6241,"independent"
6,6242,"independent"
6,6243,"independent"
6,6244,"independent"
6,6245,"independent"
6,6246,"independent"
6,6247,"independent"
8,6248,"independent"
6,6249,"independent"
4,6250,"independent"
6,6251,"independent"
8,6252,"independent"
10,6253,"independent"
6,6254,"independent"
6,6255,"independent"
8,6256,"independent"
6,6257,"independent"
8,6258,"independent"
8,6259,"independent"
6,6260,"independent"
10,6261,"independent"
6,6262,"independent"
6,6263,"independent"
8,6264,"independent"
10,6265,"independent"
6,6266,"independent"
8,6267,"independent"
8,6268,"independent"
6,6269,"independent"
6,6270,"independent"
4,6271,"independent"
8,6272,"independent"
10,6273,"independent"
12,6274,"independent"
4,6275,"independent"
8,6276,"independent"
10,6277,"independent"
6,6278,"independent"
6,6279,"independent"
8,6280,"independent"
6,6281,"independent"
6,6282,"independent"
4,6283,"independent"
6,6284,"independent"
8,6285,"independent"
6,6286,"independent"
4,6287,"independent"
6,6288,"independent"
6,6289,"independent"
8,6290,"independent"
6,6291,"independent"
6,6292,"independent"
10,6293,"independent"
8,6294,"independent"
4,6295,"independent"
8,6296,"independent"
8,6297,"independent"
8,6298,"independent"
10,6299,"independent"
6,6300,"independent"
6,6301,"independent"
10,6302,"independent"
6,6303,"independent"
6,6304,"independent"
6,6305,"independent"
8,6306,"independent"
10,6307,"independent"
6,6308,"independent"
8,6309,"independent"
6,6310,"independent"
6,6311,"independent"
10,6312,"independent"
8,6313,"independent"
4,6314,"independent"
10,6315,"independent"
14,6316,"independent"
6,6317,"independent"
4,6318,"independent"
6,6319,"independent"
8,6320,"independent"
6,6321,"independent"
8,6322,"independent"
10,6323,"independent"
8,6324,"independent"
8,6325,"independent"
6,6326,"independent"
8,6327,"independent"
6,6328,"independent"
8,6329,"independent"
6,6330,"independent"
8,6331,"independent"
8,6332,"independent"
8,6333,"independent"
10,6334,"independent"
10,6335,"independent"
6,6336,"independent"
8,6337,"independent"
8,6338,"independent"
6,6339,"independent"
12,6340,"independent"
8,6341,"independent"
8,6342,"independent"
8,6343,"independent"
8,6344,"independent"
8,6345,"independent"
10,6346,"independent"
6,6347,"independent"
8,6348,"independent"
8,6349,"independent"
6,6350,"independent"
8,6351,"independent"
8,6352,"independent"
4,6353,"independent"
10,6354,"independent"
10,6355,"independent"
8,6356,"independent"
10,6357,"independent"
10,6358,"independent"
8,6359,"independent"
6,6360,"independent"
6,6361,"independent"
8,6362,"independent"
4,6363,"independent"
8,6364,"independent"
6,6365,"independent"
10,6366,"independent"
10,6367,"independent"
6,6368,"independent"
10,6369,"independent"
6,6370,"independent"
4,6371,"independent"
8,6372,"independent"
8,6373,"independent"
8,6374,"independent"
6,6375,"independent"
4,6376,"independent"
6,6377,"independent"
6,6378,"independent"
6,6379,"independent"
8,6380,"independent"
8,6381,"independent"
6,6382,"independent"
6,6383,"independent"
6,6384,"independent"
6,6385,"independent"
6,6386,"independent"
8,6387,"independent"
6,6388,"independent"
6,6389,"independent"
4,6390,"independent"
6,6391,"independent"
4,6392,"independent"
10,6393,"independent"
4,6394,"independent"
4,6395,"independent"
10,6396,"independent"
8,6397,"independent"
8,6398,"independent"
8,6399,"independent"
8,6400,"independent"
6,6401,"independent"
10,6402,"independent"
6,6403,"independent"
4,6404,"independent"
4,6405,"independent"
6,6406,"independent"
10,6407,"independent"
6,6408,"independent"
8,6409,"independent"
4,6410,"independent"
12,6411,"independent"
10,6412,"independent"
10,6413,"independent"
10,6414,"independent"
8,6415,"independent"
4,6416,"independent"
6,6417,"independent"
6,6418,"independent"
6,6419,"independent"
6,6420,"independent"
4,6421,"independent"
6,6422,"independent"
8,6423,"independent"
12,6424,"independent"
8,6425,"independent"
8,6426,"independent"
8,6427,"independent"
8,6428,"independent"
8,6429,"independent"
10,6430,"independent"
10,6431,"independent"
8,6432,"independent"
8,6433,"independent"
6,6434,"independent"
6,6435,"independent"
8,6436,"independent"
6,6437,"independent"
8,6438,"independent"
6,6439,"independent"
8,6440,"independent"
4,6441,"independent"
8,6442,"independent"
8,6443,"independent"
8,6444,"independent"
8,6445,"independent"
4,6446,"independent"
6,6447,"independent"
8,6448,"independent"
12,6449,"independent"
6,6450,"independent"
4,6451,"independent"
6,6452,"independent"
6,6453,"independent"
6,6454,"independent"
6,6455,"independent"
8,6456,"independent"
12,6457,"independent"
10,6458,"independent"
6,6459,"independent"
4,6460,"independent"
6,6461,"independent"
8,6462,"independent"
10,6463,"independent"
10,6464,"independent"
8,6465,"independent"
6,6466,"independent"
10,6467,"independent"
10,6468,"independent"
8,6469,"independent"
6,6470,"independent"
4,6471,"independent"
6,6472,"independent"
10,6473,"independent"
6,6474,"independent"
10,6475,"independent"
6,6476,"independent"
8,6477,"independent"
8,6478,"independent"
10,6479,"independent"
6,6480,"independent"
8,6481,"independent"
12,6482,"independent"
4,6483,"independent"
6,6484,"independent"
8,6485,"independent"
10,6486,"independent"
6,6487,"independent"
4,6488,"independent"
6,6489,"independent"
6,6490,"independent"
8,6491,"independent"
6,6492,"independent"
4,6493,"independent"
8,6494,"independent"
8,6495,"independent"
6,6496,"independent"
4,6497,"independent"
8,6498,"independent"
8,6499,"independent"
8,6500,"independent"
8,6501,"independent"
8,6502,"independent"
8,6503,"independent"
6,6504,"independent"
10,6505,"independent"
6,6506,"independent"
6,6507,"independent"
6,6508,"independent"
6,6509,"independent"
10,6510,"independent"
4,6511,"independent"
12,6512,"independent"
6,6513,"independent"
10,6514,"independent"
6,6515,"independent"
8,6516,"independent"
4,6517,"independent"
6,6518,"independent"
8,6519,"independent"
8,6520,"independent"
2,6521,"independent"
8,6522,"independent"
6,6523,"independent"
8,6524,"independent"
10,6525,"independent"
6,6526,"independent"
8,6527,"independent"
8,6528,"independent"
8,6529,"independent"
8,6530,"independent"
6,6531,"independent"
6,6532,"independent"
6,6533,"independent"
6,6534,"independent"
6,6535,"independent"
6,6536,"independent"
8,6537,"independent"
10,6538,"independent"
6,6539,"independent"
4,6540,"independent"
8,6541,"independent"
8,6542,"independent"
6,6543,"independent"
8,6544,"independent"
6,6545,"independent"
8,6546,"independent"
8,6547,"independent"
4,6548,"independent"
8,6549,"independent"
6,6550,"independent"
8,6551,"independent"
6,6552,"independent"
6,6553,"independent"
10,6554,"independent"
4,6555,"independent"
10,6556,"independent"
8,6557,"independent"
8,6558,"independent"
8,6559,"independent"
4,6560,"independent"
6,6561,"independent"
8,6562,"independent"
6,6563,"independent"
6,6564,"independent"
10,6565,"independent"
6,6566,"independent"
6,6567,"independent"
10,6568,"independent"
8,6569,"independent"
4,6570,"independent"
8,6571,"independent"
4,6572,"independent"
8,6573,"independent"
6,6574,"independent"
4,6575,"independent"
6,6576,"independent"
8,6577,"independent"
4,6578,"independent"
10,6579,"independent"
8,6580,"independent"
6,6581,"independent"
6,6582,"independent"
6,6583,"independent"
10,6584,"independent"
8,6585,"independent"
8,6586,"independent"
4,6587,"independent"
8,6588,"independent"
6,6589,"independent"
10,6590,"independent"
4,6591,"independent"
4,6592,"independent"
8,6593,"independent"
8,6594,"independent"
6,6595,"independent"
4,6596,"independent"
8,6597,"independent"
4,6598,"independent"
8,6599,"independent"
8,6600,"independent"
6,6601,"independent"
10,6602,"independent"
6,6603,"independent"
6,6604,"independent"
6,6605,"independent"
6,6606,"independent"
4,6607,"independent"
8,6608,"independent"
6,6609,"independent"
8,6610,"independent"
10,6611,"independent"
6,6612,"independent"
6,6613,"independent"
6,6614,"independent"
6,6615,"independent"
6,6616,"independent"
8,6617,"independent"
4,6618,"independent"
10,6619,"independent"
10,6620,"independent"
8,6621,"independent"
8,6622,"independent"
4,6623,"independent"
8,6624,"independent"
6,6625,"independent"
8,6626,"independent"
8,6627,"independent"
6,6628,"independent"
8,6629,"independent"
6,6630,"independent"
6,6631,"independent"
8,6632,"independent"
10,6633,"independent"
10,6634,"independent"
6,6635,"independent"
10,6636,"independent"
6,6637,"independent"
2,6638,"independent"
8,6639,"independent"
6,6640,"independent"
6,6641,"independent"
10,6642,"independent"
6,6643,"independent"
4,6644,"independent"
4,6645,"independent"
6,6646,"independent"
10,6647,"independent"
6,6648,"independent"
8,6649,"independent"
6,6650,"independent"
4,6651,"independent"
8,6652,"independent"
8,6653,"independent"
10,6654,"independent"
6,6655,"independent"
8,6656,"independent"
10,6657,"independent"
6,6658,"independent"
12,6659,"independent"
10,6660,"independent"
8,6661,"independent"
8,6662,"independent"
6,6663,"independent"
6,6664,"independent"
8,6665,"independent"
10,6666,"independent"
6,6667,"independent"
6,6668,"independent"
4,6669,"independent"
6,6670,"independent"
6,6671,"independent"
6,6672,"independent"
8,6673,"independent"
6,6674,"independent"
10,6675,"independent"
6,6676,"independent"
6,6677,"independent"
2,6678,"independent"
8,6679,"independent"
4,6680,"independent"
8,6681,"independent"
2,6682,"independent"
4,6683,"independent"
4,6684,"independent"
6,6685,"independent"
8,6686,"independent"
6,6687,"independent"
8,6688,"independent"
10,6689,"independent"
6,6690,"independent"
6,6691,"independent"
6,6692,"independent"
4,6693,"independent"
4,6694,"independent"
6,6695,"independent"
8,6696,"independent"
10,6697,"independent"
10,6698,"independent"
6,6699,"independent"
8,6700,"independent"
8,6701,"independent"
8,6702,"independent"
8,6703,"independent"
6,6704,"independent"
6,6705,"independent"
6,6706,"independent"
6,6707,"independent"
6,6708,"independent"
8,6709,"independent"
8,6710,"independent"
8,6711,"independent"
4,6712,"independent"
8,6713,"independent"
6,6714,"independent"
8,6715,"independent"
6,6716,"independent"
8,6717,"independent"
6,6718,"independent"
8,6719,"independent"
4,6720,"independent"
10,6721,"independent"
4,6722,"independent"
10,6723,"independent"
6,6724,"independent"
12,6725,"independent"
8,6726,"independent"
6,6727,"independent"
8,6728,"independent"
6,6729,"independent"
8,6730,"independent"
8,6731,"independent"
10,6732,"independent"
8,6733,"independent"
10,6734,"independent"
12,6735,"independent"
8,6736,"independent"
6,6737,"independent"
10,6738,"independent"
10,6739,"independent"
6,6740,"independent"
8,6741,"independent"
8,6742,"independent"
6,6743,"independent"
6,6744,"independent"
8,6745,"independent"
6,6746,"independent"
6,6747,"independent"
10,6748,"independent"
8,6749,"independent"
6,6750,"independent"
8,6751,"independent"
8,6752,"independent"
8,6753,"independent"
10,6754,"independent"
8,6755,"independent"
6,6756,"independent"
6,6757,"independent"
8,6758,"independent"
6,6759,"independent"
6,6760,"independent"
6,6761,"independent"
8,6762,"independent"
6,6763,"independent"
6,6764,"independent"
8,6765,"independent"
6,6766,"independent"
4,6767,"independent"
8,6768,"independent"
8,6769,"independent"
8,6770,"independent"
6,6771,"independent"
8,6772,"independent"
10,6773,"independent"
8,6774,"independent"
6,6775,"independent"
6,6776,"independent"
8,6777,"independent"
8,6778,"independent"
8,6779,"independent"
6,6780,"independent"
4,6781,"independent"
6,6782,"independent"
4,6783,"independent"
8,6784,"independent"
4,6785,"independent"
6,6786,"independent"
8,6787,"independent"
6,6788,"independent"
4,6789,"independent"
6,6790,"independent"
8,6791,"independent"
6,6792,"independent"
8,6793,"independent"
4,6794,"independent"
4,6795,"independent"
6,6796,"independent"
8,6797,"independent"
6,6798,"independent"
10,6799,"independent"
8,6800,"independent"
8,6801,"independent"
4,6802,"independent"
8,6803,"independent"
6,6804,"independent"
6,6805,"independent"
6,6806,"independent"
8,6807,"independent"
8,6808,"independent"
10,6809,"independent"
6,6810,"independent"
8,6811,"independent"
8,6812,"independent"
8,6813,"independent"
6,6814,"independent"
6,6815,"independent"
4,6816,"independent"
8,6817,"independent"
8,6818,"independent"
6,6819,"independent"
6,6820,"independent"
8,6821,"independent"
4,6822,"independent"
8,6823,"independent"
8,6824,"independent"
4,6825,"independent"
12,6826,"independent"
6,6827,"independent"
12,6828,"independent"
6,6829,"independent"
6,6830,"independent"
8,6831,"independent"
6,6832,"independent"
8,6833,"independent"
8,6834,"independent"
10,6835,"independent"
4,6836,"independent"
8,6837,"independent"
8,6838,"independent"
6,6839,"independent"
8,6840,"independent"
6,6841,"independent"
8,6842,"independent"
8,6843,"independent"
6,6844,"independent"
6,6845,"independent"
6,6846,"independent"
6,6847,"independent"
6,6848,"independent"
6,6849,"independent"
8,6850,"independent"
6,6851,"independent"
10,6852,"independent"
8,6853,"independent"
4,6854,"independent"
10,6855,"independent"
8,6856,"independent"
10,6857,"independent"
8,6858,"independent"
8,6859,"independent"
12,6860,"independent"
4,6861,"independent"
8,6862,"independent"
10,6863,"independent"
8,6864,"independent"
8,6865,"independent"
6,6866,"independent"
8,6867,"independent"
6,6868,"independent"
8,6869,"independent"
6,6870,"independent"
6,6871,"independent"
8,6872,"independent"
4,6873,"independent"
4,6874,"independent"
8,6875,"independent"
6,6876,"independent"
2,6877,"independent"
6,6878,"independent"
10,6879,"independent"
8,6880,"independent"
6,6881,"independent"
10,6882,"independent"
6,6883,"independent"
8,6884,"independent"
8,6885,"independent"
8,6886,"independent"
8,6887,"independent"
8,6888,"independent"
4,6889,"independent"
6,6890,"independent"
8,6891,"independent"
8,6892,"independent"
4,6893,"independent"
12,6894,"independent"
8,6895,"independent"
8,6896,"independent"
10,6897,"independent"
10,6898,"independent"
12,6899,"independent"
4,6900,"independent"
10,6901,"independent"
10,6902,"independent"
8,6903,"independent"
8,6904,"independent"
6,6905,"independent"
4,6906,"independent"
6,6907,"independent"
8,6908,"independent"
4,6909,"independent"
8,6910,"independent"
8,6911,"independent"
6,6912,"independent"
4,6913,"independent"
4,6914,"independent"
10,6915,"independent"
8,6916,"independent"
8,6917,"independent"
6,6918,"independent"
8,6919,"independent"
8,6920,"independent"
10,6921,"independent"
4,6922,"independent"
6,6923,"independent"
4,6924,"independent"
6,6925,"independent"
6,6926,"independent"
8,6927,"independent"
8,6928,"independent"
10,6929,"independent"
4,6930,"independent"
14,6931,"independent"
4,6932,"independent"
10,6933,"independent"
8,6934,"independent"
12,6935,"independent"
6,6936,"independent"
6,6937,"independent"
8,6938,"independent"
6,6939,"independent"
6,6940,"independent"
8,6941,"independent"
6,6942,"independent"
12,6943,"independent"
2,6944,"independent"
6,6945,"independent"
8,6946,"independent"
6,6947,"independent"
8,6948,"independent"
6,6949,"independent"
6,6950,"independent"
6,6951,"independent"
8,6952,"independent"
8,6953,"independent"
6,6954,"independent"
10,6955,"independent"
8,6956,"independent"
6,6957,"independent"
6,6958,"independent"
6,6959,"independent"
8,6960,"independent"
8,6961,"independent"
10,6962,"independent"
6,6963,"independent"
8,6964,"independent"
8,6965,"independent"
4,6966,"independent"
6,6967,"independent"
6,6968,"independent"
8,6969,"independent"
8,6970,"independent"
4,6971,"independent"
8,6972,"independent"
6,6973,"independent"
8,6974,"independent"
6,6975,"independent"
4,6976,"independent"
6,6977,"independent"
6,6978,"independent"
8,6979,"independent"
10,6980,"independent"
8,6981,"independent"
10,6982,"independent"
8,6983,"independent"
8,6984,"independent"
4,6985,"independent"
12,6986,"independent"
6,6987,"independent"
12,6988,"independent"
8,6989,"independent"
4,6990,"independent"
6,6991,"independent"
4,6992,"independent"
6,6993,"independent"
10,6994,"independent"
10,6995,"independent"
4,6996,"independent"
6,6997,"independent"
8,6998,"independent"
4,6999,"independent"
10,7000,"independent"
6,7001,"independent"
8,7002,"independent"
8,7003,"independent"
4,7004,"independent"
2,7005,"independent"
6,7006,"independent"
8,7007,"independent"
6,7008,"independent"
8,7009,"independent"
6,7010,"independent"
12,7011,"independent"
6,7012,"independent"
6,7013,"independent"
6,7014,"independent"
8,7015,"independent"
8,7016,"independent"
10,7017,"independent"
10,7018,"independent"
6,7019,"independent"
8,7020,"independent"
8,7021,"independent"
10,7022,"independent"
6,7023,"independent"
8,7024,"independent"
4,7025,"independent"
6,7026,"independent"
8,7027,"independent"
8,7028,"independent"
8,7029,"independent"
8,7030,"independent"
6,7031,"independent"
10,7032,"independent"
8,7033,"independent"
8,7034,"independent"
10,7035,"independent"
6,7036,"independent"
6,7037,"independent"
6,7038,"independent"
8,7039,"independent"
6,7040,"independent"
2,7041,"independent"
6,7042,"independent"
6,7043,"independent"
10,7044,"independent"
6,7045,"independent"
12,7046,"independent"
6,7047,"independent"
6,7048,"independent"
10,7049,"independent"
8,7050,"independent"
10,7051,"independent"
4,7052,"independent"
8,7053,"independent"
6,7054,"independent"
6,7055,"independent"
10,7056,"independent"
6,7057,"independent"
8,7058,"independent"
6,7059,"independent"
6,7060,"independent"
6,7061,"independent"
8,7062,"independent"
6,7063,"independent"
8,7064,"independent"
6,7065,"independent"
6,7066,"independent"
6,7067,"independent"
10,7068,"independent"
6,7069,"independent"
8,7070,"independent"
8,7071,"independent"
6,7072,"independent"
6,7073,"independent"
8,7074,"independent"
10,7075,"independent"
12,7076,"independent"
4,7077,"independent"
8,7078,"independent"
10,7079,"independent"
6,7080,"independent"
6,7081,"independent"
8,7082,"independent"
10,7083,"independent"
8,7084,"independent"
12,7085,"independent"
10,7086,"independent"
8,7087,"independent"
4,7088,"independent"
10,7089,"independent"
6,7090,"independent"
6,7091,"independent"
6,7092,"independent"
8,7093,"independent"
8,7094,"independent"
4,7095,"independent"
8,7096,"independent"
10,7097,"independent"
6,7098,"independent"
4,7099,"independent"
6,7100,"independent"
8,7101,"independent"
4,7102,"independent"
8,7103,"independent"
10,7104,"independent"
6,7105,"independent"
10,7106,"independent"
10,7107,"independent"
6,7108,"independent"
4,7109,"independent"
8,7110,"independent"
8,7111,"independent"
8,7112,"independent"
4,7113,"independent"
6,7114,"independent"
6,7115,"independent"
6,7116,"independent"
8,7117,"independent"
6,7118,"independent"
4,7119,"independent"
10,7120,"independent"
6,7121,"independent"
10,7122,"independent"
6,7123,"independent"
8,7124,"independent"
6,7125,"independent"
4,7126,"independent"
10,7127,"independent"
6,7128,"independent"
6,7129,"independent"
12,7130,"independent"
8,7131,"independent"
8,7132,"independent"
10,7133,"independent"
6,7134,"independent"
6,7135,"independent"
6,7136,"independent"
6,7137,"independent"
6,7138,"independent"
4,7139,"independent"
8,7140,"independent"
4,7141,"independent"
10,7142,"independent"
8,7143,"independent"
6,7144,"independent"
4,7145,"independent"
10,7146,"independent"
6,7147,"independent"
4,7148,"independent"
10,7149,"independent"
10,7150,"independent"
6,7151,"independent"
8,7152,"independent"
4,7153,"independent"
6,7154,"independent"
10,7155,"independent"
8,7156,"independent"
8,7157,"independent"
8,7158,"independent"
10,7159,"independent"
6,7160,"independent"
8,7161,"independent"
4,7162,"independent"
6,7163,"independent"
2,7164,"independent"
8,7165,"independent"
8,7166,"independent"
12,7167,"independent"
6,7168,"independent"
8,7169,"independent"
8,7170,"independent"
8,7171,"independent"
10,7172,"independent"
12,7173,"independent"
8,7174,"independent"
10,7175,"independent"
8,7176,"independent"
10,7177,"independent"
6,7178,"independent"
8,7179,"independent"
6,7180,"independent"
4,7181,"independent"
8,7182,"independent"
10,7183,"independent"
10,7184,"independent"
8,7185,"independent"
6,7186,"independent"
6,7187,"independent"
6,7188,"independent"
6,7189,"independent"
8,7190,"independent"
4,7191,"independent"
6,7192,"independent"
12,7193,"independent"
6,7194,"independent"
6,7195,"independent"
4,7196,"independent"
4,7197,"independent"
8,7198,"independent"
6,7199,"independent"
8,7200,"independent"
6,7201,"independent"
8,7202,"independent"
6,7203,"independent"
6,7204,"independent"
10,7205,"independent"
8,7206,"independent"
6,7207,"independent"
10,7208,"independent"
4,7209,"independent"
10,7210,"independent"
8,7211,"independent"
8,7212,"independent"
8,7213,"independent"
6,7214,"independent"
8,7215,"independent"
10,7216,"independent"
8,7217,"independent"
4,7218,"independent"
8,7219,"independent"
4,7220,"independent"
8,7221,"independent"
12,7222,"independent"
10,7223,"independent"
8,7224,"independent"
6,7225,"independent"
8,7226,"independent"
8,7227,"independent"
4,7228,"independent"
10,7229,"independent"
4,7230,"independent"
6,7231,"independent"
6,7232,"independent"
12,7233,"independent"
6,7234,"independent"
10,7235,"independent"
8,7236,"independent"
8,7237,"independent"
6,7238,"independent"
6,7239,"independent"
4,7240,"independent"
6,7241,"independent"
8,7242,"independent"
6,7243,"independent"
6,7244,"independent"
6,7245,"independent"
8,7246,"independent"
4,7247,"independent"
10,7248,"independent"
6,7249,"independent"
6,7250,"independent"
8,7251,"independent"
8,7252,"independent"
8,7253,"independent"
10,7254,"independent"
6,7255,"independent"
4,7256,"independent"
6,7257,"independent"
6,7258,"independent"
8,7259,"independent"
8,7260,"independent"
6,7261,"independent"
6,7262,"independent"
8,7263,"independent"
6,7264,"independent"
6,7265,"independent"
8,7266,"independent"
4,7267,"independent"
8,7268,"independent"
4,7269,"independent"
8,7270,"independent"
10,7271,"independent"
8,7272,"independent"
6,7273,"independent"
2,7274,"independent"
8,7275,"independent"
10,7276,"independent"
4,7277,"independent"
6,7278,"independent"
6,7279,"independent"
8,7280,"independent"
8,7281,"independent"
6,7282,"independent"
10,7283,"independent"
8,7284,"independent"
12,7285,"independent"
6,7286,"independent"
10,7287,"independent"
4,7288,"independent"
10,7289,"independent"
8,7290,"independent"
8,7291,"independent"
6,7292,"independent"
8,7293,"independent"
8,7294,"independent"
8,7295,"independent"
8,7296,"independent"
8,7297,"independent"
4,7298,"independent"
4,7299,"independent"
8,7300,"independent"
6,7301,"independent"
6,7302,"independent"
4,7303,"independent"
10,7304,"independent"
8,7305,"independent"
8,7306,"independent"
8,7307,"independent"
8,7308,"independent"
6,7309,"independent"
8,7310,"independent"
6,7311,"independent"
6,7312,"independent"
8,7313,"independent"
4,7314,"independent"
8,7315,"independent"
10,7316,"independent"
8,7317,"independent"
4,7318,"independent"
8,7319,"independent"
10,7320,"independent"
6,7321,"independent"
6,7322,"independent"
4,7323,"independent"
6,7324,"independent"
8,7325,"independent"
8,7326,"independent"
8,7327,"independent"
12,7328,"independent"
4,7329,"independent"
8,7330,"independent"
6,7331,"independent"
8,7332,"independent"
6,7333,"independent"
6,7334,"independent"
10,7335,"independent"
6,7336,"independent"
4,7337,"independent"
6,7338,"independent"
6,7339,"independent"
8,7340,"independent"
4,7341,"independent"
6,7342,"independent"
8,7343,"independent"
6,7344,"independent"
10,7345,"independent"
6,7346,"independent"
6,7347,"independent"
6,7348,"independent"
6,7349,"independent"
4,7350,"independent"
12,7351,"independent"
10,7352,"independent"
8,7353,"independent"
10,7354,"independent"
8,7355,"independent"
8,7356,"independent"
4,7357,"independent"
8,7358,"independent"
4,7359,"independent"
6,7360,"independent"
8,7361,"independent"
6,7362,"independent"
4,7363,"independent"
6,7364,"independent"
6,7365,"independent"
6,7366,"independent"
8,7367,"independent"
8,7368,"independent"
4,7369,"independent"
6,7370,"independent"
8,7371,"independent"
6,7372,"independent"
4,7373,"independent"
6,7374,"independent"
6,7375,"independent"
6,7376,"independent"
8,7377,"independent"
6,7378,"independent"
4,7379,"independent"
4,7380,"independent"
8,7381,"independent"
4,7382,"independent"
6,7383,"independent"
8,7384,"independent"
6,7385,"independent"
6,7386,"independent"
8,7387,"independent"
6,7388,"independent"
8,7389,"independent"
6,7390,"independent"
12,7391,"independent"
10,7392,"independent"
8,7393,"independent"
4,7394,"independent"
6,7395,"independent"
4,7396,"independent"
6,7397,"independent"
8,7398,"independent"
4,7399,"independent"
4,7400,"independent"
10,7401,"independent"
6,7402,"independent"
8,7403,"independent"
6,7404,"independent"
8,7405,"independent"
8,7406,"independent"
8,7407,"independent"
10,7408,"independent"
6,7409,"independent"
4,7410,"independent"
6,7411,"independent"
6,7412,"independent"
4,7413,"independent"
8,7414,"independent"
6,7415,"independent"
6,7416,"independent"
6,7417,"independent"
6,7418,"independent"
10,7419,"independent"
8,7420,"independent"
10,7421,"independent"
10,7422,"independent"
6,7423,"independent"
8,7424,"independent"
6,7425,"independent"
6,7426,"independent"
10,7427,"independent"
8,7428,"independent"
6,7429,"independent"
8,7430,"independent"
6,7431,"independent"
6,7432,"independent"
4,7433,"independent"
4,7434,"independent"
6,7435,"independent"
6,7436,"independent"
8,7437,"independent"
8,7438,"independent"
8,7439,"independent"
8,7440,"independent"
10,7441,"independent"
10,7442,"independent"
6,7443,"independent"
10,7444,"independent"
6,7445,"independent"
10,7446,"independent"
8,7447,"independent"
6,7448,"independent"
6,7449,"independent"
6,7450,"independent"
10,7451,"independent"
10,7452,"independent"
10,7453,"independent"
6,7454,"independent"
8,7455,"independent"
6,7456,"independent"
8,7457,"independent"
4,7458,"independent"
8,7459,"independent"
8,7460,"independent"
8,7461,"independent"
4,7462,"independent"
6,7463,"independent"
6,7464,"independent"
12,7465,"independent"
6,7466,"independent"
8,7467,"independent"
10,7468,"independent"
6,7469,"independent"
6,7470,"independent"
8,7471,"independent"
8,7472,"independent"
6,7473,"independent"
10,7474,"independent"
4,7475,"independent"
8,7476,"independent"
4,7477,"independent"
6,7478,"independent"
8,7479,"independent"
6,7480,"independent"
6,7481,"independent"
4,7482,"independent"
10,7483,"independent"
10,7484,"independent"
8,7485,"independent"
10,7486,"independent"
8,7487,"independent"
12,7488,"independent"
6,7489,"independent"
6,7490,"independent"
8,7491,"independent"
6,7492,"independent"
8,7493,"independent"
6,7494,"independent"
4,7495,"independent"
6,7496,"independent"
8,7497,"independent"
8,7498,"independent"
6,7499,"independent"
8,7500,"independent"
4,7501,"independent"
8,7502,"independent"
6,7503,"independent"
10,7504,"independent"
6,7505,"independent"
8,7506,"independent"
8,7507,"independent"
8,7508,"independent"
8,7509,"independent"
6,7510,"independent"
4,7511,"independent"
4,7512,"independent"
8,7513,"independent"
4,7514,"independent"
6,7515,"independent"
8,7516,"independent"
10,7517,"independent"
12,7518,"independent"
6,7519,"independent"
6,7520,"independent"
8,7521,"independent"
12,7522,"independent"
6,7523,"independent"
6,7524,"independent"
6,7525,"independent"
6,7526,"independent"
8,7527,"independent"
4,7528,"independent"
10,7529,"independent"
8,7530,"independent"
4,7531,"independent"
8,7532,"independent"
8,7533,"independent"
6,7534,"independent"
8,7535,"independent"
6,7536,"independent"
8,7537,"independent"
8,7538,"independent"
6,7539,"independent"
8,7540,"independent"
6,7541,"independent"
6,7542,"independent"
8,7543,"independent"
6,7544,"independent"
6,7545,"independent"
6,7546,"independent"
4,7547,"independent"
4,7548,"independent"
4,7549,"independent"
10,7550,"independent"
8,7551,"independent"
6,7552,"independent"
6,7553,"independent"
6,7554,"independent"
8,7555,"independent"
8,7556,"independent"
10,7557,"independent"
8,7558,"independent"
2,7559,"independent"
10,7560,"independent"
6,7561,"independent"
4,7562,"independent"
6,7563,"independent"
4,7564,"independent"
4,7565,"independent"
8,7566,"independent"
8,7567,"independent"
6,7568,"independent"
6,7569,"independent"
10,7570,"independent"
8,7571,"independent"
4,7572,"independent"
4,7573,"independent"
4,7574,"independent"
6,7575,"independent"
8,7576,"independent"
8,7577,"independent"
8,7578,"independent"
8,7579,"independent"
10,7580,"independent"
8,7581,"independent"
8,7582,"independent"
8,7583,"independent"
6,7584,"independent"
4,7585,"independent"
6,7586,"independent"
6,7587,"independent"
6,7588,"independent"
6,7589,"independent"
6,7590,"independent"
6,7591,"independent"
6,7592,"independent"
8,7593,"independent"
8,7594,"independent"
6,7595,"independent"
10,7596,"independent"
8,7597,"independent"
6,7598,"independent"
8,7599,"independent"
10,7600,"independent"
8,7601,"independent"
8,7602,"independent"
6,7603,"independent"
8,7604,"independent"
6,7605,"independent"
8,7606,"independent"
4,7607,"independent"
6,7608,"independent"
8,7609,"independent"
4,7610,"independent"
4,7611,"independent"
6,7612,"independent"
8,7613,"independent"
6,7614,"independent"
6,7615,"independent"
10,7616,"independent"
6,7617,"independent"
6,7618,"independent"
6,7619,"independent"
10,7620,"independent"
10,7621,"independent"
6,7622,"independent"
8,7623,"independent"
8,7624,"independent"
8,7625,"independent"
8,7626,"independent"
10,7627,"independent"
8,7628,"independent"
6,7629,"independent"
6,7630,"independent"
6,7631,"independent"
8,7632,"independent"
8,7633,"independent"
6,7634,"independent"
8,7635,"independent"
8,7636,"independent"
8,7637,"independent"
4,7638,"independent"
6,7639,"independent"
6,7640,"independent"
8,7641,"independent"
8,7642,"independent"
8,7643,"independent"
8,7644,"independent"
8,7645,"independent"
8,7646,"independent"
6,7647,"independent"
6,7648,"independent"
6,7649,"independent"
10,7650,"independent"
10,7651,"independent"
8,7652,"independent"
10,7653,"independent"
6,7654,"independent"
6,7655,"independent"
6,7656,"independent"
6,7657,"independent"
6,7658,"independent"
10,7659,"independent"
8,7660,"independent"
10,7661,"independent"
8,7662,"independent"
4,7663,"independent"
6,7664,"independent"
6,7665,"independent"
8,7666,"independent"
8,7667,"independent"
10,7668,"independent"
6,7669,"independent"
6,7670,"independent"
10,7671,"independent"
8,7672,"independent"
6,7673,"independent"
8,7674,"independent"
8,7675,"independent"
8,7676,"independent"
8,7677,"independent"
8,7678,"independent"
4,7679,"independent"
10,7680,"independent"
6,7681,"independent"
8,7682,"independent"
6,7683,"independent"
4,7684,"independent"
8,7685,"independent"
8,7686,"independent"
6,7687,"independent"
6,7688,"independent"
4,7689,"independent"
8,7690,"independent"
6,7691,"independent"
4,7692,"independent"
10,7693,"independent"
6,7694,"independent"
10,7695,"independent"
4,7696,"independent"
8,7697,"independent"
4,7698,"independent"
8,7699,"independent"
8,7700,"independent"
8,7701,"independent"
4,7702,"independent"
6,7703,"independent"
6,7704,"independent"
10,7705,"independent"
8,7706,"independent"
8,7707,"independent"
6,7708,"independent"
8,7709,"independent"
8,7710,"independent"
6,7711,"independent"
8,7712,"independent"
6,7713,"independent"
4,7714,"independent"
6,7715,"independent"
8,7716,"independent"
8,7717,"independent"
10,7718,"independent"
8,7719,"independent"
2,7720,"independent"
6,7721,"independent"
8,7722,"independent"
2,7723,"independent"
10,7724,"independent"
4,7725,"independent"
4,7726,"independent"
2,7727,"independent"
6,7728,"independent"
6,7729,"independent"
6,7730,"independent"
10,7731,"independent"
6,7732,"independent"
10,7733,"independent"
8,7734,"independent"
4,7735,"independent"
6,7736,"independent"
10,7737,"independent"
6,7738,"independent"
6,7739,"independent"
6,7740,"independent"
8,7741,"independent"
8,7742,"independent"
6,7743,"independent"
6,7744,"independent"
6,7745,"independent"
4,7746,"independent"
8,7747,"independent"
4,7748,"independent"
8,7749,"independent"
6,7750,"independent"
4,7751,"independent"
10,7752,"independent"
10,7753,"independent"
6,7754,"independent"
8,7755,"independent"
10,7756,"independent"
6,7757,"independent"
6,7758,"independent"
6,7759,"independent"
8,7760,"independent"
6,7761,"independent"
8,7762,"independent"
8,7763,"independent"
6,7764,"independent"
6,7765,"independent"
6,7766,"independent"
4,7767,"independent"
8,7768,"independent"
8,7769,"independent"
8,7770,"independent"
8,7771,"independent"
4,7772,"independent"
6,7773,"independent"
6,7774,"independent"
6,7775,"independent"
6,7776,"independent"
6,7777,"independent"
8,7778,"independent"
2,7779,"independent"
8,7780,"independent"
8,7781,"independent"
4,7782,"independent"
8,7783,"independent"
6,7784,"independent"
8,7785,"independent"
10,7786,"independent"
4,7787,"independent"
6,7788,"independent"
4,7789,"independent"
8,7790,"independent"
8,7791,"independent"
6,7792,"independent"
10,7793,"independent"
10,7794,"independent"
4,7795,"independent"
6,7796,"independent"
6,7797,"independent"
4,7798,"independent"
8,7799,"independent"
12,7800,"independent"
10,7801,"independent"
6,7802,"independent"
6,7803,"independent"
6,7804,"independent"
6,7805,"independent"
6,7806,"independent"
8,7807,"independent"
6,7808,"independent"
10,7809,"independent"
6,7810,"independent"
6,7811,"independent"
6,7812,"independent"
8,7813,"independent"
8,7814,"independent"
6,7815,"independent"
10,7816,"independent"
8,7817,"independent"
6,7818,"independent"
6,7819,"independent"
8,7820,"independent"
6,7821,"independent"
8,7822,"independent"
6,7823,"independent"
8,7824,"independent"
8,7825,"independent"
10,7826,"independent"
6,7827,"independent"
6,7828,"independent"
8,7829,"independent"
8,7830,"independent"
12,7831,"independent"
6,7832,"independent"
6,7833,"independent"
4,7834,"independent"
4,7835,"independent"
6,7836,"independent"
6,7837,"independent"
6,7838,"independent"
6,7839,"independent"
10,7840,"independent"
6,7841,"independent"
6,7842,"independent"
8,7843,"independent"
6,7844,"independent"
6,7845,"independent"
6,7846,"independent"
4,7847,"independent"
10,7848,"independent"
4,7849,"independent"
6,7850,"independent"
6,7851,"independent"
6,7852,"independent"
6,7853,"independent"
6,7854,"independent"
4,7855,"independent"
4,7856,"independent"
10,7857,"independent"
8,7858,"independent"
10,7859,"independent"
6,7860,"independent"
8,7861,"independent"
10,7862,"independent"
10,7863,"independent"
6,7864,"independent"
6,7865,"independent"
8,7866,"independent"
6,7867,"independent"
8,7868,"independent"
10,7869,"independent"
6,7870,"independent"
8,7871,"independent"
6,7872,"independent"
6,7873,"independent"
6,7874,"independent"
6,7875,"independent"
8,7876,"independent"
8,7877,"independent"
6,7878,"independent"
10,7879,"independent"
8,7880,"independent"
4,7881,"independent"
8,7882,"independent"
6,7883,"independent"
6,7884,"independent"
8,7885,"independent"
10,7886,"independent"
4,7887,"independent"
8,7888,"independent"
6,7889,"independent"
10,7890,"independent"
6,7891,"independent"
6,7892,"independent"
8,7893,"independent"
8,7894,"independent"
4,7895,"independent"
8,7896,"independent"
8,7897,"independent"
8,7898,"independent"
10,7899,"independent"
8,7900,"independent"
4,7901,"independent"
6,7902,"independent"
6,7903,"independent"
6,7904,"independent"
4,7905,"independent"
8,7906,"independent"
6,7907,"independent"
10,7908,"independent"
6,7909,"independent"
8,7910,"independent"
4,7911,"independent"
4,7912,"independent"
10,7913,"independent"
8,7914,"independent"
4,7915,"independent"
6,7916,"independent"
8,7917,"independent"
4,7918,"independent"
10,7919,"independent"
6,7920,"independent"
6,7921,"independent"
6,7922,"independent"
6,7923,"independent"
6,7924,"independent"
6,7925,"independent"
8,7926,"independent"
4,7927,"independent"
6,7928,"independent"
8,7929,"independent"
6,7930,"independent"
8,7931,"independent"
8,7932,"independent"
4,7933,"independent"
8,7934,"independent"
4,7935,"independent"
6,7936,"independent"
8,7937,"independent"
6,7938,"independent"
8,7939,"independent"
6,7940,"independent"
4,7941,"independent"
6,7942,"independent"
8,7943,"independent"
10,7944,"independent"
4,7945,"independent"
8,7946,"independent"
4,7947,"independent"
10,7948,"independent"
8,7949,"independent"
6,7950,"independent"
6,7951,"independent"
6,7952,"independent"
6,7953,"independent"
6,7954,"independent"
8,7955,"independent"
6,7956,"independent"
10,7957,"independent"
8,7958,"independent"
12,7959,"independent"
6,7960,"independent"
2,7961,"independent"
10,7962,"independent"
8,7963,"independent"
10,7964,"independent"
4,7965,"independent"
2,7966,"independent"
6,7967,"independent"
10,7968,"independent"
8,7969,"independent"
4,7970,"independent"
6,7971,"independent"
8,7972,"independent"
6,7973,"independent"
8,7974,"independent"
4,7975,"independent"
6,7976,"independent"
10,7977,"independent"
8,7978,"independent"
6,7979,"independent"
8,7980,"independent"
8,7981,"independent"
6,7982,"independent"
6,7983,"independent"
8,7984,"independent"
8,7985,"independent"
8,7986,"independent"
8,7987,"independent"
8,7988,"independent"
6,7989,"independent"
6,7990,"independent"
8,7991,"independent"
6,7992,"independent"
8,7993,"independent"
12,7994,"independent"
8,7995,"independent"
8,7996,"independent"
10,7997,"independent"
8,7998,"independent"
8,7999,"independent"
10,8000,"independent"
8,8001,"independent"
6,8002,"independent"
6,8003,"independent"
2,8004,"independent"
8,8005,"independent"
8,8006,"independent"
6,8007,"independent"
4,8008,"independent"
10,8009,"independent"
8,8010,"independent"
6,8011,"independent"
4,8012,"independent"
6,8013,"independent"
8,8014,"independent"
8,8015,"independent"
6,8016,"independent"
6,8017,"independent"
8,8018,"independent"
6,8019,"independent"
4,8020,"independent"
8,8021,"independent"
8,8022,"independent"
4,8023,"independent"
8,8024,"independent"
10,8025,"independent"
8,8026,"independent"
4,8027,"independent"
10,8028,"independent"
6,8029,"independent"
4,8030,"independent"
8,8031,"independent"
10,8032,"independent"
6,8033,"independent"
8,8034,"independent"
6,8035,"independent"
4,8036,"independent"
6,8037,"independent"
10,8038,"independent"
8,8039,"independent"
8,8040,"independent"
6,8041,"independent"
8,8042,"independent"
10,8043,"independent"
8,8044,"independent"
6,8045,"independent"
6,8046,"independent"
8,8047,"independent"
6,8048,"independent"
4,8049,"independent"
6,8050,"independent"
6,8051,"independent"
6,8052,"independent"
10,8053,"independent"
8,8054,"independent"
6,8055,"independent"
12,8056,"independent"
6,8057,"independent"
10,8058,"independent"
4,8059,"independent"
10,8060,"independent"
6,8061,"independent"
8,8062,"independent"
6,8063,"independent"
8,8064,"independent"
6,8065,"independent"
6,8066,"independent"
8,8067,"independent"
8,8068,"independent"
4,8069,"independent"
6,8070,"independent"
8,8071,"independent"
8,8072,"independent"
4,8073,"independent"
6,8074,"independent"
6,8075,"independent"
4,8076,"independent"
10,8077,"independent"
4,8078,"independent"
6,8079,"independent"
6,8080,"independent"
6,8081,"independent"
6,8082,"independent"
10,8083,"independent"
4,8084,"independent"
6,8085,"independent"
8,8086,"independent"
8,8087,"independent"
10,8088,"independent"
8,8089,"independent"
6,8090,"independent"
4,8091,"independent"
10,8092,"independent"
10,8093,"independent"
8,8094,"independent"
8,8095,"independent"
8,8096,"independent"
10,8097,"independent"
8,8098,"independent"
10,8099,"independent"
6,8100,"independent"
6,8101,"independent"
6,8102,"independent"
8,8103,"independent"
8,8104,"independent"
8,8105,"independent"
8,8106,"independent"
8,8107,"independent"
10,8108,"independent"
6,8109,"independent"
10,8110,"independent"
6,8111,"independent"
10,8112,"independent"
8,8113,"independent"
10,8114,"independent"
10,8115,"independent"
8,8116,"independent"
10,8117,"independent"
10,8118,"independent"
8,8119,"independent"
6,8120,"independent"
4,8121,"independent"
6,8122,"independent"
8,8123,"independent"
4,8124,"independent"
8,8125,"independent"
8,8126,"independent"
6,8127,"independent"
6,8128,"independent"
8,8129,"independent"
10,8130,"independent"
8,8131,"independent"
4,8132,"independent"
8,8133,"independent"
8,8134,"independent"
4,8135,"independent"
4,8136,"independent"
6,8137,"independent"
8,8138,"independent"
8,8139,"independent"
6,8140,"independent"
8,8141,"independent"
6,8142,"independent"
6,8143,"independent"
8,8144,"independent"
4,8145,"independent"
10,8146,"independent"
4,8147,"independent"
8,8148,"independent"
8,8149,"independent"
6,8150,"independent"
6,8151,"independent"
6,8152,"independent"
8,8153,"independent"
10,8154,"independent"
6,8155,"independent"
6,8156,"independent"
8,8157,"independent"
6,8158,"independent"
8,8159,"independent"
8,8160,"independent"
8,8161,"independent"
6,8162,"independent"
6,8163,"independent"
6,8164,"independent"
8,8165,"independent"
8,8166,"independent"
6,8167,"independent"
12,8168,"independent"
8,8169,"independent"
8,8170,"independent"
6,8171,"independent"
12,8172,"independent"
6,8173,"independent"
8,8174,"independent"
8,8175,"independent"
8,8176,"independent"
6,8177,"independent"
6,8178,"independent"
6,8179,"independent"
10,8180,"independent"
6,8181,"independent"
6,8182,"independent"
6,8183,"independent"
10,8184,"independent"
6,8185,"independent"
6,8186,"independent"
6,8187,"independent"
6,8188,"independent"
8,8189,"independent"
4,8190,"independent"
4,8191,"independent"
8,8192,"independent"
10,8193,"independent"
6,8194,"independent"
6,8195,"independent"
6,8196,"independent"
8,8197,"independent"
6,8198,"independent"
6,8199,"independent"
4,8200,"independent"
10,8201,"independent"
4,8202,"independent"
4,8203,"independent"
6,8204,"independent"
8,8205,"independent"
10,8206,"independent"
8,8207,"independent"
6,8208,"independent"
4,8209,"independent"
8,8210,"independent"
8,8211,"independent"
8,8212,"independent"
12,8213,"independent"
12,8214,"independent"
8,8215,"independent"
4,8216,"independent"
4,8217,"independent"
6,8218,"independent"
4,8219,"independent"
6,8220,"independent"
4,8221,"independent"
6,8222,"independent"
8,8223,"independent"
4,8224,"independent"
4,8225,"independent"
6,8226,"independent"
6,8227,"independent"
4,8228,"independent"
10,8229,"independent"
8,8230,"independent"
6,8231,"independent"
8,8232,"independent"
12,8233,"independent"
8,8234,"independent"
10,8235,"independent"
6,8236,"independent"
6,8237,"independent"
8,8238,"independent"
6,8239,"independent"
4,8240,"independent"
8,8241,"independent"
4,8242,"independent"
8,8243,"independent"
8,8244,"independent"
6,8245,"independent"
10,8246,"independent"
8,8247,"independent"
8,8248,"independent"
8,8249,"independent"
8,8250,"independent"
6,8251,"independent"
12,8252,"independent"
8,8253,"independent"
6,8254,"independent"
6,8255,"independent"
6,8256,"independent"
12,8257,"independent"
8,8258,"independent"
10,8259,"independent"
4,8260,"independent"
8,8261,"independent"
10,8262,"independent"
4,8263,"independent"
10,8264,"independent"
6,8265,"independent"
2,8266,"independent"
4,8267,"independent"
8,8268,"independent"
8,8269,"independent"
6,8270,"independent"
6,8271,"independent"
8,8272,"independent"
4,8273,"independent"
6,8274,"independent"
8,8275,"independent"
4,8276,"independent"
4,8277,"independent"
10,8278,"independent"
8,8279,"independent"
6,8280,"independent"
6,8281,"independent"
12,8282,"independent"
8,8283,"independent"
6,8284,"independent"
6,8285,"independent"
6,8286,"independent"
6,8287,"independent"
12,8288,"independent"
8,8289,"independent"
4,8290,"independent"
6,8291,"independent"
6,8292,"independent"
8,8293,"independent"
6,8294,"independent"
8,8295,"independent"
6,8296,"independent"
4,8297,"independent"
2,8298,"independent"
6,8299,"independent"
8,8300,"independent"
10,8301,"independent"
6,8302,"independent"
4,8303,"independent"
6,8304,"independent"
4,8305,"independent"
6,8306,"independent"
6,8307,"independent"
4,8308,"independent"
6,8309,"independent"
6,8310,"independent"
8,8311,"independent"
6,8312,"independent"
10,8313,"independent"
6,8314,"independent"
6,8315,"independent"
10,8316,"independent"
8,8317,"independent"
8,8318,"independent"
6,8319,"independent"
6,8320,"independent"
8,8321,"independent"
6,8322,"independent"
8,8323,"independent"
10,8324,"independent"
10,8325,"independent"
6,8326,"independent"
4,8327,"independent"
4,8328,"independent"
4,8329,"independent"
6,8330,"independent"
10,8331,"independent"
2,8332,"independent"
10,8333,"independent"
10,8334,"independent"
6,8335,"independent"
10,8336,"independent"
4,8337,"independent"
6,8338,"independent"
6,8339,"independent"
6,8340,"independent"
8,8341,"independent"
10,8342,"independent"
4,8343,"independent"
6,8344,"independent"
6,8345,"independent"
6,8346,"independent"
6,8347,"independent"
6,8348,"independent"
8,8349,"independent"
8,8350,"independent"
6,8351,"independent"
4,8352,"independent"
4,8353,"independent"
8,8354,"independent"
8,8355,"independent"
6,8356,"independent"
6,8357,"independent"
8,8358,"independent"
6,8359,"independent"
10,8360,"independent"
8,8361,"independent"
8,8362,"independent"
4,8363,"independent"
10,8364,"independent"
6,8365,"independent"
8,8366,"independent"
8,8367,"independent"
10,8368,"independent"
8,8369,"independent"
4,8370,"independent"
6,8371,"independent"
4,8372,"independent"
4,8373,"independent"
6,8374,"independent"
10,8375,"independent"
8,8376,"independent"
6,8377,"independent"
10,8378,"independent"
8,8379,"independent"
6,8380,"independent"
6,8381,"independent"
4,8382,"independent"
10,8383,"independent"
8,8384,"independent"
6,8385,"independent"
8,8386,"independent"
10,8387,"independent"
10,8388,"independent"
8,8389,"independent"
12,8390,"independent"
10,8391,"independent"
6,8392,"independent"
4,8393,"independent"
6,8394,"independent"
6,8395,"independent"
6,8396,"independent"
8,8397,"independent"
4,8398,"independent"
8,8399,"independent"
8,8400,"independent"
10,8401,"independent"
4,8402,"independent"
6,8403,"independent"
6,8404,"independent"
6,8405,"independent"
10,8406,"independent"
4,8407,"independent"
6,8408,"independent"
6,8409,"independent"
4,8410,"independent"
12,8411,"independent"
6,8412,"independent"
4,8413,"independent"
6,8414,"independent"
6,8415,"independent"
10,8416,"independent"
6,8417,"independent"
4,8418,"independent"
10,8419,"independent"
10,8420,"independent"
8,8421,"independent"
10,8422,"independent"
6,8423,"independent"
6,8424,"independent"
6,8425,"independent"
4,8426,"independent"
6,8427,"independent"
6,8428,"independent"
8,8429,"independent"
8,8430,"independent"
8,8431,"independent"
4,8432,"independent"
8,8433,"independent"
10,8434,"independent"
4,8435,"independent"
10,8436,"independent"
2,8437,"independent"
8,8438,"independent"
4,8439,"independent"
8,8440,"independent"
8,8441,"independent"
12,8442,"independent"
6,8443,"independent"
6,8444,"independent"
4,8445,"independent"
8,8446,"independent"
8,8447,"independent"
8,8448,"independent"
8,8449,"independent"
6,8450,"independent"
6,8451,"independent"
8,8452,"independent"
4,8453,"independent"
4,8454,"independent"
10,8455,"independent"
8,8456,"independent"
6,8457,"independent"
8,8458,"independent"
8,8459,"independent"
8,8460,"independent"
10,8461,"independent"
6,8462,"independent"
8,8463,"independent"
4,8464,"independent"
6,8465,"independent"
10,8466,"independent"
4,8467,"independent"
8,8468,"independent"
6,8469,"independent"
12,8470,"independent"
8,8471,"independent"
4,8472,"independent"
8,8473,"independent"
8,8474,"independent"
10,8475,"independent"
8,8476,"independent"
8,8477,"independent"
10,8478,"independent"
6,8479,"independent"
6,8480,"independent"
10,8481,"independent"
6,8482,"independent"
6,8483,"independent"
6,8484,"independent"
6,8485,"independent"
10,8486,"independent"
6,8487,"independent"
2,8488,"independent"
4,8489,"independent"
8,8490,"independent"
4,8491,"independent"
6,8492,"independent"
6,8493,"independent"
6,8494,"independent"
8,8495,"independent"
8,8496,"independent"
6,8497,"independent"
8,8498,"independent"
12,8499,"independent"
6,8500,"independent"
4,8501,"independent"
8,8502,"independent"
6,8503,"independent"
8,8504,"independent"
6,8505,"independent"
6,8506,"independent"
10,8507,"independent"
12,8508,"independent"
8,8509,"independent"
4,8510,"independent"
6,8511,"independent"
8,8512,"independent"
10,8513,"independent"
6,8514,"independent"
10,8515,"independent"
8,8516,"independent"
6,8517,"independent"
8,8518,"independent"
6,8519,"independent"
6,8520,"independent"
6,8521,"independent"
4,8522,"independent"
4,8523,"independent"
6,8524,"independent"
8,8525,"independent"
6,8526,"independent"
6,8527,"independent"
6,8528,"independent"
12,8529,"independent"
6,8530,"independent"
12,8531,"independent"
8,8532,"independent"
4,8533,"independent"
6,8534,"independent"
6,8535,"independent"
8,8536,"independent"
10,8537,"independent"
4,8538,"independent"
6,8539,"independent"
6,8540,"independent"
10,8541,"independent"
8,8542,"independent"
4,8543,"independent"
8,8544,"independent"
4,8545,"independent"
8,8546,"independent"
8,8547,"independent"
8,8548,"independent"
10,8549,"independent"
8,8550,"independent"
4,8551,"independent"
6,8552,"independent"
8,8553,"independent"
6,8554,"independent"
6,8555,"independent"
8,8556,"independent"
6,8557,"independent"
6,8558,"independent"
8,8559,"independent"
6,8560,"independent"
6,8561,"independent"
12,8562,"independent"
6,8563,"independent"
10,8564,"independent"
8,8565,"independent"
8,8566,"independent"
8,8567,"independent"
6,8568,"independent"
10,8569,"independent"
8,8570,"independent"
10,8571,"independent"
6,8572,"independent"
8,8573,"independent"
10,8574,"independent"
8,8575,"independent"
8,8576,"independent"
4,8577,"independent"
6,8578,"independent"
6,8579,"independent"
6,8580,"independent"
6,8581,"independent"
6,8582,"independent"
8,8583,"independent"
8,8584,"independent"
8,8585,"independent"
8,8586,"independent"
6,8587,"independent"
8,8588,"independent"
12,8589,"independent"
6,8590,"independent"
10,8591,"independent"
4,8592,"independent"
6,8593,"independent"
6,8594,"independent"
8,8595,"independent"
8,8596,"independent"
6,8597,"independent"
8,8598,"independent"
6,8599,"independent"
8,8600,"independent"
8,8601,"independent"
12,8602,"independent"
8,8603,"independent"
8,8604,"independent"
6,8605,"independent"
4,8606,"independent"
8,8607,"independent"
10,8608,"independent"
10,8609,"independent"
8,8610,"independent"
8,8611,"independent"
8,8612,"independent"
10,8613,"independent"
8,8614,"independent"
6,8615,"independent"
4,8616,"independent"
8,8617,"independent"
4,8618,"independent"
10,8619,"independent"
6,8620,"independent"
6,8621,"independent"
10,8622,"independent"
10,8623,"independent"
6,8624,"independent"
8,8625,"independent"
10,8626,"independent"
6,8627,"independent"
8,8628,"independent"
10,8629,"independent"
6,8630,"independent"
6,8631,"independent"
8,8632,"independent"
6,8633,"independent"
6,8634,"independent"
4,8635,"independent"
8,8636,"independent"
8,8637,"independent"
8,8638,"independent"
4,8639,"independent"
6,8640,"independent"
8,8641,"independent"
4,8642,"independent"
10,8643,"independent"
6,8644,"independent"
6,8645,"independent"
8,8646,"independent"
14,8647,"independent"
4,8648,"independent"
8,8649,"independent"
6,8650,"independent"
10,8651,"independent"
8,8652,"independent"
8,8653,"independent"
10,8654,"independent"
6,8655,"independent"
8,8656,"independent"
8,8657,"independent"
6,8658,"independent"
8,8659,"independent"
4,8660,"independent"
6,8661,"independent"
2,8662,"independent"
4,8663,"independent"
4,8664,"independent"
6,8665,"independent"
10,8666,"independent"
6,8667,"independent"
6,8668,"independent"
4,8669,"independent"
8,8670,"independent"
4,8671,"independent"
12,8672,"independent"
6,8673,"independent"
8,8674,"independent"
6,8675,"independent"
8,8676,"independent"
12,8677,"independent"
8,8678,"independent"
6,8679,"independent"
6,8680,"independent"
4,8681,"independent"
12,8682,"independent"
8,8683,"independent"
6,8684,"independent"
6,8685,"independent"
8,8686,"independent"
6,8687,"independent"
10,8688,"independent"
8,8689,"independent"
6,8690,"independent"
8,8691,"independent"
8,8692,"independent"
10,8693,"independent"
6,8694,"independent"
6,8695,"independent"
12,8696,"independent"
10,8697,"independent"
6,8698,"independent"
8,8699,"independent"
8,8700,"independent"
6,8701,"independent"
12,8702,"independent"
8,8703,"independent"
4,8704,"independent"
10,8705,"independent"
8,8706,"independent"
10,8707,"independent"
6,8708,"independent"
8,8709,"independent"
6,8710,"independent"
8,8711,"independent"
6,8712,"independent"
6,8713,"independent"
6,8714,"independent"
6,8715,"independent"
6,8716,"independent"
8,8717,"independent"
10,8718,"independent"
8,8719,"independent"
8,8720,"independent"
6,8721,"independent"
8,8722,"independent"
8,8723,"independent"
8,8724,"independent"
4,8725,"independent"
8,8726,"independent"
10,8727,"independent"
6,8728,"independent"
10,8729,"independent"
8,8730,"independent"
6,8731,"independent"
8,8732,"independent"
4,8733,"independent"
8,8734,"independent"
6,8735,"independent"
6,8736,"independent"
6,8737,"independent"
8,8738,"independent"
8,8739,"independent"
10,8740,"independent"
4,8741,"independent"
10,8742,"independent"
10,8743,"independent"
8,8744,"independent"
6,8745,"independent"
6,8746,"independent"
6,8747,"independent"
8,8748,"independent"
8,8749,"independent"
4,8750,"independent"
10,8751,"independent"
12,8752,"independent"
4,8753,"independent"
4,8754,"independent"
4,8755,"independent"
6,8756,"independent"
6,8757,"independent"
8,8758,"independent"
6,8759,"independent"
6,8760,"independent"
8,8761,"independent"
8,8762,"independent"
4,8763,"independent"
6,8764,"independent"
4,8765,"independent"
8,8766,"independent"
4,8767,"independent"
6,8768,"independent"
8,8769,"independent"
4,8770,"independent"
4,8771,"independent"
6,8772,"independent"
10,8773,"independent"
4,8774,"independent"
6,8775,"independent"
6,8776,"independent"
8,8777,"independent"
8,8778,"independent"
10,8779,"independent"
6,8780,"independent"
6,8781,"independent"
6,8782,"independent"
8,8783,"independent"
8,8784,"independent"
8,8785,"independent"
4,8786,"independent"
8,8787,"independent"
4,8788,"independent"
6,8789,"independent"
10,8790,"independent"
8,8791,"independent"
8,8792,"independent"
8,8793,"independent"
10,8794,"independent"
8,8795,"independent"
8,8796,"independent"
8,8797,"independent"
6,8798,"independent"
8,8799,"independent"
4,8800,"independent"
6,8801,"independent"
6,8802,"independent"
4,8803,"independent"
6,8804,"independent"
4,8805,"independent"
6,8806,"independent"
8,8807,"independent"
8,8808,"independent"
6,8809,"independent"
8,8810,"independent"
6,8811,"independent"
4,8812,"independent"
6,8813,"independent"
6,8814,"independent"
6,8815,"independent"
8,8816,"independent"
2,8817,"independent"
6,8818,"independent"
4,8819,"independent"
8,8820,"independent"
10,8821,"independent"
6,8822,"independent"
6,8823,"independent"
8,8824,"independent"
6,8825,"independent"
8,8826,"independent"
8,8827,"independent"
8,8828,"independent"
6,8829,"independent"
6,8830,"independent"
6,8831,"independent"
8,8832,"independent"
10,8833,"independent"
4,8834,"independent"
4,8835,"independent"
6,8836,"independent"
8,8837,"independent"
10,8838,"independent"
6,8839,"independent"
4,8840,"independent"
6,8841,"independent"
8,8842,"independent"
4,8843,"independent"
6,8844,"independent"
4,8845,"independent"
8,8846,"independent"
8,8847,"independent"
6,8848,"independent"
8,8849,"independent"
4,8850,"independent"
8,8851,"independent"
6,8852,"independent"
12,8853,"independent"
10,8854,"independent"
6,8855,"independent"
8,8856,"independent"
8,8857,"independent"
4,8858,"independent"
8,8859,"independent"
4,8860,"independent"
8,8861,"independent"
8,8862,"independent"
10,8863,"independent"
4,8864,"independent"
10,8865,"independent"
10,8866,"independent"
6,8867,"independent"
8,8868,"independent"
8,8869,"independent"
8,8870,"independent"
4,8871,"independent"
4,8872,"independent"
8,8873,"independent"
8,8874,"independent"
6,8875,"independent"
6,8876,"independent"
4,8877,"independent"
4,8878,"independent"
6,8879,"independent"
8,8880,"independent"
8,8881,"independent"
10,8882,"independent"
14,8883,"independent"
4,8884,"independent"
10,8885,"independent"
8,8886,"independent"
8,8887,"independent"
6,8888,"independent"
6,8889,"independent"
4,8890,"independent"
6,8891,"independent"
4,8892,"independent"
6,8893,"independent"
6,8894,"independent"
8,8895,"independent"
6,8896,"independent"
8,8897,"independent"
8,8898,"independent"
8,8899,"independent"
8,8900,"independent"
4,8901,"independent"
12,8902,"independent"
8,8903,"independent"
8,8904,"independent"
8,8905,"independent"
8,8906,"independent"
8,8907,"independent"
8,8908,"independent"
6,8909,"independent"
8,8910,"independent"
4,8911,"independent"
8,8912,"independent"
8,8913,"independent"
10,8914,"independent"
2,8915,"independent"
8,8916,"independent"
4,8917,"independent"
8,8918,"independent"
8,8919,"independent"
6,8920,"independent"
12,8921,"independent"
8,8922,"independent"
8,8923,"independent"
6,8924,"independent"
4,8925,"independent"
6,8926,"independent"
8,8927,"independent"
6,8928,"independent"
10,8929,"independent"
6,8930,"independent"
4,8931,"independent"
4,8932,"independent"
8,8933,"independent"
8,8934,"independent"
8,8935,"independent"
6,8936,"independent"
8,8937,"independent"
6,8938,"independent"
8,8939,"independent"
6,8940,"independent"
6,8941,"independent"
6,8942,"independent"
4,8943,"independent"
8,8944,"independent"
10,8945,"independent"
4,8946,"independent"
10,8947,"independent"
6,8948,"independent"
8,8949,"independent"
8,8950,"independent"
8,8951,"independent"
6,8952,"independent"
6,8953,"independent"
10,8954,"independent"
6,8955,"independent"
10,8956,"independent"
8,8957,"independent"
6,8958,"independent"
8,8959,"independent"
4,8960,"independent"
8,8961,"independent"
8,8962,"independent"
10,8963,"independent"
4,8964,"independent"
4,8965,"independent"
6,8966,"independent"
8,8967,"independent"
4,8968,"independent"
6,8969,"independent"
6,8970,"independent"
6,8971,"independent"
8,8972,"independent"
6,8973,"independent"
8,8974,"independent"
6,8975,"independent"
10,8976,"independent"
6,8977,"independent"
6,8978,"independent"
8,8979,"independent"
8,8980,"independent"
4,8981,"independent"
4,8982,"independent"
6,8983,"independent"
4,8984,"independent"
8,8985,"independent"
10,8986,"independent"
6,8987,"independent"
6,8988,"independent"
8,8989,"independent"
8,8990,"independent"
4,8991,"independent"
8,8992,"independent"
8,8993,"independent"
6,8994,"independent"
4,8995,"independent"
8,8996,"independent"
4,8997,"independent"
6,8998,"independent"
4,8999,"independent"
4,9000,"independent"
10,9001,"independent"
4,1,"dependent"
10,2,"dependent"
6,3,"dependent"
6,4,"dependent"
6,5,"dependent"
6,6,"dependent"
10,7,"dependent"
6,8,"dependent"
6,9,"dependent"
6,10,"dependent"
6,11,"dependent"
4,12,"dependent"
6,13,"dependent"
8,14,"dependent"
6,15,"dependent"
4,16,"dependent"
6,17,"dependent"
6,18,"dependent"
8,19,"dependent"
8,20,"dependent"
6,21,"dependent"
4,22,"dependent"
8,23,"dependent"
8,24,"dependent"
6,25,"dependent"
4,26,"dependent"
6,27,"dependent"
8,28,"dependent"
6,29,"dependent"
10,30,"dependent"
8,31,"dependent"
8,32,"dependent"
6,33,"dependent"
4,34,"dependent"
8,35,"dependent"
8,36,"dependent"
8,37,"dependent"
6,38,"dependent"
6,39,"dependent"
6,40,"dependent"
6,41,"dependent"
6,42,"dependent"
6,43,"dependent"
6,44,"dependent"
4,45,"dependent"
6,46,"dependent"
2,47,"dependent"
6,48,"dependent"
4,49,"dependent"
8,50,"dependent"
8,51,"dependent"
6,52,"dependent"
8,53,"dependent"
6,54,"dependent"
8,55,"dependent"
8,56,"dependent"
8,57,"dependent"
6,58,"dependent"
8,59,"dependent"
4,60,"dependent"
8,61,"dependent"
8,62,"dependent"
6,63,"dependent"
6,64,"dependent"
8,65,"dependent"
2,66,"dependent"
6,67,"dependent"
2,68,"dependent"
2,69,"dependent"
6,70,"dependent"
4,71,"dependent"
8,72,"dependent"
8,73,"dependent"
6,74,"dependent"
6,75,"dependent"
10,76,"dependent"
4,77,"dependent"
6,78,"dependent"
4,79,"dependent"
6,80,"dependent"
6,81,"dependent"
6,82,"dependent"
6,83,"dependent"
6,84,"dependent"
6,85,"dependent"
6,86,"dependent"
4,87,"dependent"
6,88,"dependent"
4,89,"dependent"
6,90,"dependent"
8,91,"dependent"
4,92,"dependent"
8,93,"dependent"
8,94,"dependent"
8,95,"dependent"
6,96,"dependent"
4,97,"dependent"
8,98,"dependent"
8,99,"dependent"
8,100,"dependent"
6,101,"dependent"
4,102,"dependent"
6,103,"dependent"
8,104,"dependent"
8,105,"dependent"
8,106,"dependent"
6,107,"dependent"
6,108,"dependent"
6,109,"dependent"
6,110,"dependent"
8,111,"dependent"
4,112,"dependent"
6,113,"dependent"
6,114,"dependent"
6,115,"dependent"
8,116,"dependent"
8,117,"dependent"
8,118,"dependent"
6,119,"dependent"
6,120,"dependent"
6,121,"dependent"
6,122,"dependent"
4,123,"dependent"
6,124,"dependent"
2,125,"dependent"
8,126,"dependent"
8,127,"dependent"
8,128,"dependent"
4,129,"dependent"
4,130,"dependent"
6,131,"dependent"
4,132,"dependent"
8,133,"dependent"
4,134,"dependent"
6,135,"dependent"
6,136,"dependent"
4,137,"dependent"
6,138,"dependent"
4,139,"dependent"
8,140,"dependent"
6,141,"dependent"
6,142,"dependent"
8,143,"dependent"
8,144,"dependent"
8,145,"dependent"
6,146,"dependent"
6,147,"dependent"
8,148,"dependent"
6,149,"dependent"
4,150,"dependent"
4,151,"dependent"
6,152,"dependent"
8,153,"dependent"
6,154,"dependent"
8,155,"dependent"
6,156,"dependent"
4,157,"dependent"
6,158,"dependent"
6,159,"dependent"
4,160,"dependent"
6,161,"dependent"
8,162,"dependent"
8,163,"dependent"
8,164,"dependent"
6,165,"dependent"
6,166,"dependent"
4,167,"dependent"
6,168,"dependent"
8,169,"dependent"
6,170,"dependent"
6,171,"dependent"
6,172,"dependent"
6,173,"dependent"
4,174,"dependent"
4,175,"dependent"
6,176,"dependent"
4,177,"dependent"
2,178,"dependent"
8,179,"dependent"
8,180,"dependent"
4,181,"dependent"
6,182,"dependent"
4,183,"dependent"
4,184,"dependent"
8,185,"dependent"
10,186,"dependent"
4,187,"dependent"
4,188,"dependent"
6,189,"dependent"
6,190,"dependent"
6,191,"dependent"
6,192,"dependent"
8,193,"dependent"
6,194,"dependent"
6,195,"dependent"
8,196,"dependent"
6,197,"dependent"
8,198,"dependent"
6,199,"dependent"
8,200,"dependent"
4,201,"dependent"
2,202,"dependent"
6,203,"dependent"
2,204,"dependent"
4,205,"dependent"
10,206,"dependent"
8,207,"dependent"
6,208,"dependent"
4,209,"dependent"
6,210,"dependent"
6,211,"dependent"
6,212,"dependent"
2,213,"dependent"
6,214,"dependent"
6,215,"dependent"
6,216,"dependent"
4,217,"dependent"
8,218,"dependent"
4,219,"dependent"
6,220,"dependent"
4,221,"dependent"
6,222,"dependent"
8,223,"dependent"
8,224,"dependent"
6,225,"dependent"
8,226,"dependent"
6,227,"dependent"
4,228,"dependent"
6,229,"dependent"
8,230,"dependent"
4,231,"dependent"
6,232,"dependent"
6,233,"dependent"
6,234,"dependent"
10,235,"dependent"
8,236,"dependent"
6,237,"dependent"
6,238,"dependent"
8,239,"dependent"
6,240,"dependent"
8,241,"dependent"
4,242,"dependent"
8,243,"dependent"
8,244,"dependent"
8,245,"dependent"
8,246,"dependent"
4,247,"dependent"
8,248,"dependent"
6,249,"dependent"
8,250,"dependent"
8,251,"dependent"
10,252,"dependent"
8,253,"dependent"
8,254,"dependent"
2,255,"dependent"
4,256,"dependent"
4,257,"dependent"
6,258,"dependent"
6,259,"dependent"
4,260,"dependent"
6,261,"dependent"
4,262,"dependent"
6,263,"dependent"
8,264,"dependent"
8,265,"dependent"
4,266,"dependent"
4,267,"dependent"
2,268,"dependent"
6,269,"dependent"
8,270,"dependent"
4,271,"dependent"
2,272,"dependent"
4,273,"dependent"
6,274,"dependent"
6,275,"dependent"
4,276,"dependent"
6,277,"dependent"
8,278,"dependent"
4,279,"dependent"
6,280,"dependent"
10,281,"dependent"
6,282,"dependent"
4,283,"dependent"
4,284,"dependent"
6,285,"dependent"
2,286,"dependent"
8,287,"dependent"
8,288,"dependent"
6,289,"dependent"
6,290,"dependent"
8,291,"dependent"
4,292,"dependent"
6,293,"dependent"
6,294,"dependent"
8,295,"dependent"
4,296,"dependent"
2,297,"dependent"
8,298,"dependent"
8,299,"dependent"
2,300,"dependent"
8,301,"dependent"
4,302,"dependent"
4,303,"dependent"
6,304,"dependent"
6,305,"dependent"
8,306,"dependent"
6,307,"dependent"
6,308,"dependent"
4,309,"dependent"
8,310,"dependent"
4,311,"dependent"
6,312,"dependent"
6,313,"dependent"
6,314,"dependent"
6,315,"dependent"
4,316,"dependent"
6,317,"dependent"
6,318,"dependent"
4,319,"dependent"
6,320,"dependent"
6,321,"dependent"
6,322,"dependent"
6,323,"dependent"
6,324,"dependent"
6,325,"dependent"
4,326,"dependent"
4,327,"dependent"
6,328,"dependent"
6,329,"dependent"
10,330,"dependent"
4,331,"dependent"
6,332,"dependent"
4,333,"dependent"
8,334,"dependent"
8,335,"dependent"
8,336,"dependent"
8,337,"dependent"
8,338,"dependent"
6,339,"dependent"
8,340,"dependent"
6,341,"dependent"
6,342,"dependent"
8,343,"dependent"
6,344,"dependent"
4,345,"dependent"
6,346,"dependent"
6,347,"dependent"
4,348,"dependent"
6,349,"dependent"
6,350,"dependent"
4,351,"dependent"
4,352,"dependent"
6,353,"dependent"
8,354,"dependent"
6,355,"dependent"
6,356,"dependent"
8,357,"dependent"
6,358,"dependent"
8,359,"dependent"
8,360,"dependent"
6,361,"dependent"
6,362,"dependent"
8,363,"dependent"
8,364,"dependent"
8,365,"dependent"
8,366,"dependent"
6,367,"dependent"
6,368,"dependent"
8,369,"dependent"
8,370,"dependent"
10,371,"dependent"
6,372,"dependent"
8,373,"dependent"
6,374,"dependent"
8,375,"dependent"
4,376,"dependent"
8,377,"dependent"
8,378,"dependent"
6,379,"dependent"
6,380,"dependent"
6,381,"dependent"
4,382,"dependent"
8,383,"dependent"
6,384,"dependent"
4,385,"dependent"
6,386,"dependent"
8,387,"dependent"
6,388,"dependent"
6,389,"dependent"
8,390,"dependent"
6,391,"dependent"
6,392,"dependent"
6,393,"dependent"
4,394,"dependent"
4,395,"dependent"
8,396,"dependent"
8,397,"dependent"
2,398,"dependent"
6,399,"dependent"
6,400,"dependent"
8,401,"dependent"
6,402,"dependent"
8,403,"dependent"
6,404,"dependent"
8,405,"dependent"
8,406,"dependent"
8,407,"dependent"
8,408,"dependent"
8,409,"dependent"
6,410,"dependent"
8,411,"dependent"
4,412,"dependent"
8,413,"dependent"
6,414,"dependent"
4,415,"dependent"
4,416,"dependent"
8,417,"dependent"
6,418,"dependent"
4,419,"dependent"
6,420,"dependent"
6,421,"dependent"
6,422,"dependent"
6,423,"dependent"
4,424,"dependent"
6,425,"dependent"
8,426,"dependent"
2,427,"dependent"
6,428,"dependent"
6,429,"dependent"
6,430,"dependent"
4,431,"dependent"
4,432,"dependent"
6,433,"dependent"
4,434,"dependent"
4,435,"dependent"
6,436,"dependent"
8,437,"dependent"
8,438,"dependent"
8,439,"dependent"
8,440,"dependent"
6,441,"dependent"
4,442,"dependent"
6,443,"dependent"
4,444,"dependent"
8,445,"dependent"
4,446,"dependent"
8,447,"dependent"
4,448,"dependent"
6,449,"dependent"
8,450,"dependent"
10,451,"dependent"
8,452,"dependent"
4,453,"dependent"
8,454,"dependent"
4,455,"dependent"
6,456,"dependent"
10,457,"dependent"
10,458,"dependent"
8,459,"dependent"
6,460,"dependent"
8,461,"dependent"
6,462,"dependent"
6,463,"dependent"
6,464,"dependent"
4,465,"dependent"
6,466,"dependent"
10,467,"dependent"
10,468,"dependent"
8,469,"dependent"
6,470,"dependent"
6,471,"dependent"
8,472,"dependent"
6,473,"dependent"
6,474,"dependent"
4,475,"dependent"
6,476,"dependent"
8,477,"dependent"
4,478,"dependent"
6,479,"dependent"
6,480,"dependent"
6,481,"dependent"
8,482,"dependent"
4,483,"dependent"
2,484,"dependent"
6,485,"dependent"
6,486,"dependent"
6,487,"dependent"
8,488,"dependent"
8,489,"dependent"
4,490,"dependent"
4,491,"dependent"
8,492,"dependent"
6,493,"dependent"
6,494,"dependent"
6,495,"dependent"
4,496,"dependent"
8,497,"dependent"
6,498,"dependent"
8,499,"dependent"
6,500,"dependent"
6,501,"dependent"
4,502,"dependent"
6,503,"dependent"
6,504,"dependent"
4,505,"dependent"
6,506,"dependent"
6,507,"dependent"
6,508,"dependent"
4,509,"dependent"
4,510,"dependent"
8,511,"dependent"
6,512,"dependent"
6,513,"dependent"
6,514,"dependent"
4,515,"dependent"
6,516,"dependent"
2,517,"dependent"
0,518,"dependent"
6,519,"dependent"
8,520,"dependent"
4,521,"dependent"
4,522,"dependent"
10,523,"dependent"
4,524,"dependent"
6,525,"dependent"
4,526,"dependent"
4,527,"dependent"
6,528,"dependent"
8,529,"dependent"
8,530,"dependent"
8,531,"dependent"
6,532,"dependent"
8,533,"dependent"
4,534,"dependent"
6,535,"dependent"
8,536,"dependent"
6,537,"dependent"
4,538,"dependent"
6,539,"dependent"
6,540,"dependent"
4,541,"dependent"
4,542,"dependent"
6,543,"dependent"
4,544,"dependent"
6,545,"dependent"
6,546,"dependent"
6,547,"dependent"
8,548,"dependent"
8,549,"dependent"
6,550,"dependent"
6,551,"dependent"
4,552,"dependent"
8,553,"dependent"
8,554,"dependent"
6,555,"dependent"
4,556,"dependent"
8,557,"dependent"
8,558,"dependent"
8,559,"dependent"
10,560,"dependent"
8,561,"dependent"
4,562,"dependent"
4,563,"dependent"
4,564,"dependent"
8,565,"dependent"
8,566,"dependent"
10,567,"dependent"
10,568,"dependent"
6,569,"dependent"
4,570,"dependent"
6,571,"dependent"
10,572,"dependent"
4,573,"dependent"
4,574,"dependent"
6,575,"dependent"
6,576,"dependent"
8,577,"dependent"
8,578,"dependent"
6,579,"dependent"
4,580,"dependent"
6,581,"dependent"
4,582,"dependent"
6,583,"dependent"
4,584,"dependent"
4,585,"dependent"
6,586,"dependent"
6,587,"dependent"
4,588,"dependent"
6,589,"dependent"
4,590,"dependent"
6,591,"dependent"
8,592,"dependent"
4,593,"dependent"
4,594,"dependent"
6,595,"dependent"
6,596,"dependent"
4,597,"dependent"
8,598,"dependent"
4,599,"dependent"
8,600,"dependent"
8,601,"dependent"
6,602,"dependent"
4,603,"dependent"
10,604,"dependent"
4,605,"dependent"
4,606,"dependent"
6,607,"dependent"
6,608,"dependent"
4,609,"dependent"
4,610,"dependent"
6,611,"dependent"
4,612,"dependent"
6,613,"dependent"
4,614,"dependent"
4,615,"dependent"
6,616,"dependent"
8,617,"dependent"
2,618,"dependent"
8,619,"dependent"
8,620,"dependent"
6,621,"dependent"
8,622,"dependent"
6,623,"dependent"
6,624,"dependent"
6,625,"dependent"
6,626,"dependent"
6,627,"dependent"
6,628,"dependent"
2,629,"dependent"
6,630,"dependent"
6,631,"dependent"
6,632,"dependent"
8,633,"dependent"
6,634,"dependent"
8,635,"dependent"
6,636,"dependent"
6,637,"dependent"
10,638,"dependent"
8,639,"dependent"
4,640,"dependent"
4,641,"dependent"
2,642,"dependent"
6,643,"dependent"
6,644,"dependent"
6,645,"dependent"
4,646,"dependent"
6,647,"dependent"
4,648,"dependent"
6,649,"dependent"
4,650,"dependent"
6,651,"dependent"
6,652,"dependent"
6,653,"dependent"
6,654,"dependent"
4,655,"dependent"
6,656,"dependent"
8,657,"dependent"
6,658,"dependent"
8,659,"dependent"
4,660,"dependent"
6,661,"dependent"
4,662,"dependent"
6,663,"dependent"
8,664,"dependent"
4,665,"dependent"
2,666,"dependent"
4,667,"dependent"
6,668,"dependent"
6,669,"dependent"
10,670,"dependent"
6,671,"dependent"
6,672,"dependent"
8,673,"dependent"
6,674,"dependent"
4,675,"dependent"
6,676,"dependent"
6,677,"dependent"
6,678,"dependent"
6,679,"dependent"
4,680,"dependent"
4,681,"dependent"
4,682,"dependent"
6,683,"dependent"
4,684,"dependent"
8,685,"dependent"
10,686,"dependent"
8,687,"dependent"
6,688,"dependent"
6,689,"dependent"
8,690,"dependent"
4,691,"dependent"
8,692,"dependent"
4,693,"dependent"
4,694,"dependent"
6,695,"dependent"
6,696,"dependent"
4,697,"dependent"
6,698,"dependent"
8,699,"dependent"
4,700,"dependent"
6,701,"dependent"
6,702,"dependent"
6,703,"dependent"
8,704,"dependent"
8,705,"dependent"
6,706,"dependent"
4,707,"dependent"
8,708,"dependent"
6,709,"dependent"
8,710,"dependent"
8,711,"dependent"
8,712,"dependent"
4,713,"dependent"
4,714,"dependent"
4,715,"dependent"
6,716,"dependent"
6,717,"dependent"
6,718,"dependent"
6,719,"dependent"
8,720,"dependent"
8,721,"dependent"
8,722,"dependent"
4,723,"dependent"
10,724,"dependent"
4,725,"dependent"
8,726,"dependent"
4,727,"dependent"
8,728,"dependent"
6,729,"dependent"
6,730,"dependent"
8,731,"dependent"
6,732,"dependent"
4,733,"dependent"
6,734,"dependent"
8,735,"dependent"
8,736,"dependent"
10,737,"dependent"
6,738,"dependent"
4,739,"dependent"
10,740,"dependent"
6,741,"dependent"
6,742,"dependent"
6,743,"dependent"
10,744,"dependent"
6,745,"dependent"
8,746,"dependent"
2,747,"dependent"
6,748,"dependent"
2,749,"dependent"
4,750,"dependent"
8,751,"dependent"
8,752,"dependent"
6,753,"dependent"
8,754,"dependent"
4,755,"dependent"
6,756,"dependent"
4,757,"dependent"
6,758,"dependent"
6,759,"dependent"
6,760,"dependent"
6,761,"dependent"
6,762,"dependent"
6,763,"dependent"
4,764,"dependent"
4,765,"dependent"
8,766,"dependent"
6,767,"dependent"
6,768,"dependent"
4,769,"dependent"
6,770,"dependent"
8,771,"dependent"
6,772,"dependent"
8,773,"dependent"
8,774,"dependent"
6,775,"dependent"
6,776,"dependent"
8,777,"dependent"
4,778,"dependent"
6,779,"dependent"
8,780,"dependent"
8,781,"dependent"
2,782,"dependent"
6,783,"dependent"
6,784,"dependent"
6,785,"dependent"
4,786,"dependent"
8,787,"dependent"
6,788,"dependent"
6,789,"dependent"
4,790,"dependent"
8,791,"dependent"
6,792,"dependent"
8,793,"dependent"
4,794,"dependent"
8,795,"dependent"
6,796,"dependent"
4,797,"dependent"
8,798,"dependent"
6,799,"dependent"
8,800,"dependent"
8,801,"dependent"
6,802,"dependent"
6,803,"dependent"
6,804,"dependent"
6,805,"dependent"
4,806,"dependent"
6,807,"dependent"
8,808,"dependent"
6,809,"dependent"
8,810,"dependent"
8,811,"dependent"
6,812,"dependent"
4,813,"dependent"
2,814,"dependent"
4,815,"dependent"
4,816,"dependent"
2,817,"dependent"
8,818,"dependent"
4,819,"dependent"
6,820,"dependent"
4,821,"dependent"
6,822,"dependent"
6,823,"dependent"
6,824,"dependent"
6,825,"dependent"
6,826,"dependent"
4,827,"dependent"
4,828,"dependent"
6,829,"dependent"
6,830,"dependent"
8,831,"dependent"
6,832,"dependent"
2,833,"dependent"
6,834,"dependent"
8,835,"dependent"
6,836,"dependent"
4,837,"dependent"
0,838,"dependent"
6,839,"dependent"
4,840,"dependent"
6,841,"dependent"
2,842,"dependent"
6,843,"dependent"
4,844,"dependent"
4,845,"dependent"
4,846,"dependent"
6,847,"dependent"
8,848,"dependent"
6,849,"dependent"
6,850,"dependent"
6,851,"dependent"
6,852,"dependent"
6,853,"dependent"
8,854,"dependent"
8,855,"dependent"
6,856,"dependent"
8,857,"dependent"
4,858,"dependent"
6,859,"dependent"
8,860,"dependent"
6,861,"dependent"
6,862,"dependent"
8,863,"dependent"
10,864,"dependent"
6,865,"dependent"
8,866,"dependent"
6,867,"dependent"
6,868,"dependent"
8,869,"dependent"
4,870,"dependent"
8,871,"dependent"
6,872,"dependent"
6,873,"dependent"
8,874,"dependent"
4,875,"dependent"
4,876,"dependent"
4,877,"dependent"
6,878,"dependent"
6,879,"dependent"
6,880,"dependent"
2,881,"dependent"
6,882,"dependent"
2,883,"dependent"
6,884,"dependent"
4,885,"dependent"
8,886,"dependent"
4,887,"dependent"
2,888,"dependent"
6,889,"dependent"
6,890,"dependent"
4,891,"dependent"
6,892,"dependent"
6,893,"dependent"
8,894,"dependent"
8,895,"dependent"
4,896,"dependent"
8,897,"dependent"
4,898,"dependent"
8,899,"dependent"
4,900,"dependent"
4,901,"dependent"
6,902,"dependent"
6,903,"dependent"
6,904,"dependent"
2,905,"dependent"
6,906,"dependent"
2,907,"dependent"
8,908,"dependent"
8,909,"dependent"
8,910,"dependent"
4,911,"dependent"
6,912,"dependent"
8,913,"dependent"
4,914,"dependent"
8,915,"dependent"
8,916,"dependent"
4,917,"dependent"
8,918,"dependent"
4,919,"dependent"
4,920,"dependent"
8,921,"dependent"
4,922,"dependent"
4,923,"dependent"
2,924,"dependent"
6,925,"dependent"
6,926,"dependent"
2,927,"dependent"
6,928,"dependent"
4,929,"dependent"
10,930,"dependent"
4,931,"dependent"
4,932,"dependent"
4,933,"dependent"
10,934,"dependent"
8,935,"dependent"
2,936,"dependent"
6,937,"dependent"
6,938,"dependent"
6,939,"dependent"
0,940,"dependent"
4,941,"dependent"
4,942,"dependent"
6,943,"dependent"
6,944,"dependent"
4,945,"dependent"
6,946,"dependent"
8,947,"dependent"
8,948,"dependent"
6,949,"dependent"
4,950,"dependent"
8,951,"dependent"
8,952,"dependent"
4,953,"dependent"
6,954,"dependent"
4,955,"dependent"
4,956,"dependent"
8,957,"dependent"
6,958,"dependent"
6,959,"dependent"
6,960,"dependent"
6,961,"dependent"
8,962,"dependent"
4,963,"dependent"
6,964,"dependent"
6,965,"dependent"
6,966,"dependent"
8,967,"dependent"
8,968,"dependent"
8,969,"dependent"
6,970,"dependent"
8,971,"dependent"
4,972,"dependent"
4,973,"dependent"
4,974,"dependent"
4,975,"dependent"
6,976,"dependent"
4,977,"dependent"
4,978,"dependent"
4,979,"dependent"
8,980,"dependent"
8,981,"dependent"
6,982,"dependent"
6,983,"dependent"
8,984,"dependent"
10,985,"dependent"
4,986,"dependent"
6,987,"dependent"
6,988,"dependent"
6,989,"dependent"
4,990,"dependent"
6,991,"dependent"
8,992,"dependent"
8,993,"dependent"
10,994,"dependent"
6,995,"dependent"
8,996,"dependent"
6,997,"dependent"
6,998,"dependent"
4,999,"dependent"
6,1000,"dependent"
8,1001,"dependent"
10,1002,"dependent"
2,1003,"dependent"
4,1004,"dependent"
8,1005,"dependent"
10,1006,"dependent"
6,1007,"dependent"
6,1008,"dependent"
6,1009,"dependent"
6,1010,"dependent"
6,1011,"dependent"
2,1012,"dependent"
6,1013,"dependent"
4,1014,"dependent"
6,1015,"dependent"
6,1016,"dependent"
8,1017,"dependent"
8,1018,"dependent"
6,1019,"dependent"
4,1020,"dependent"
6,1021,"dependent"
6,1022,"dependent"
4,1023,"dependent"
6,1024,"dependent"
6,1025,"dependent"
8,1026,"dependent"
8,1027,"dependent"
6,1028,"dependent"
6,1029,"dependent"
6,1030,"dependent"
8,1031,"dependent"
6,1032,"dependent"
6,1033,"dependent"
6,1034,"dependent"
8,1035,"dependent"
8,1036,"dependent"
8,1037,"dependent"
8,1038,"dependent"
6,1039,"dependent"
2,1040,"dependent"
8,1041,"dependent"
6,1042,"dependent"
4,1043,"dependent"
4,1044,"dependent"
4,1045,"dependent"
6,1046,"dependent"
6,1047,"dependent"
8,1048,"dependent"
6,1049,"dependent"
6,1050,"dependent"
6,1051,"dependent"
6,1052,"dependent"
6,1053,"dependent"
8,1054,"dependent"
6,1055,"dependent"
8,1056,"dependent"
6,1057,"dependent"
6,1058,"dependent"
6,1059,"dependent"
8,1060,"dependent"
6,1061,"dependent"
8,1062,"dependent"
6,1063,"dependent"
6,1064,"dependent"
8,1065,"dependent"
6,1066,"dependent"
4,1067,"dependent"
8,1068,"dependent"
4,1069,"dependent"
6,1070,"dependent"
4,1071,"dependent"
6,1072,"dependent"
6,1073,"dependent"
8,1074,"dependent"
6,1075,"dependent"
2,1076,"dependent"
6,1077,"dependent"
8,1078,"dependent"
4,1079,"dependent"
6,1080,"dependent"
6,1081,"dependent"
8,1082,"dependent"
4,1083,"dependent"
8,1084,"dependent"
8,1085,"dependent"
6,1086,"dependent"
4,1087,"dependent"
6,1088,"dependent"
6,1089,"dependent"
2,1090,"dependent"
4,1091,"dependent"
6,1092,"dependent"
8,1093,"dependent"
6,1094,"dependent"
4,1095,"dependent"
8,1096,"dependent"
6,1097,"dependent"
2,1098,"dependent"
4,1099,"dependent"
6,1100,"dependent"
8,1101,"dependent"
6,1102,"dependent"
4,1103,"dependent"
6,1104,"dependent"
6,1105,"dependent"
6,1106,"dependent"
8,1107,"dependent"
6,1108,"dependent"
6,1109,"dependent"
6,1110,"dependent"
6,1111,"dependent"
8,1112,"dependent"
4,1113,"dependent"
8,1114,"dependent"
8,1115,"dependent"
6,1116,"dependent"
8,1117,"dependent"
2,1118,"dependent"
4,1119,"dependent"
8,1120,"dependent"
8,1121,"dependent"
8,1122,"dependent"
8,1123,"dependent"
6,1124,"dependent"
4,1125,"dependent"
6,1126,"dependent"
2,1127,"dependent"
4,1128,"dependent"
6,1129,"dependent"
6,1130,"dependent"
8,1131,"dependent"
8,1132,"dependent"
6,1133,"dependent"
4,1134,"dependent"
8,1135,"dependent"
6,1136,"dependent"
6,1137,"dependent"
8,1138,"dependent"
6,1139,"dependent"
6,1140,"dependent"
4,1141,"dependent"
6,1142,"dependent"
6,1143,"dependent"
6,1144,"dependent"
4,1145,"dependent"
6,1146,"dependent"
4,1147,"dependent"
6,1148,"dependent"
8,1149,"dependent"
6,1150,"dependent"
6,1151,"dependent"
4,1152,"dependent"
6,1153,"dependent"
4,1154,"dependent"
6,1155,"dependent"
6,1156,"dependent"
8,1157,"dependent"
6,1158,"dependent"
2,1159,"dependent"
4,1160,"dependent"
8,1161,"dependent"
6,1162,"dependent"
8,1163,"dependent"
8,1164,"dependent"
4,1165,"dependent"
6,1166,"dependent"
2,1167,"dependent"
6,1168,"dependent"
8,1169,"dependent"
6,1170,"dependent"
6,1171,"dependent"
6,1172,"dependent"
6,1173,"dependent"
6,1174,"dependent"
10,1175,"dependent"
8,1176,"dependent"
6,1177,"dependent"
6,1178,"dependent"
6,1179,"dependent"
2,1180,"dependent"
6,1181,"dependent"
8,1182,"dependent"
6,1183,"dependent"
8,1184,"dependent"
4,1185,"dependent"
4,1186,"dependent"
4,1187,"dependent"
6,1188,"dependent"
8,1189,"dependent"
6,1190,"dependent"
4,1191,"dependent"
4,1192,"dependent"
4,1193,"dependent"
6,1194,"dependent"
4,1195,"dependent"
6,1196,"dependent"
6,1197,"dependent"
4,1198,"dependent"
8,1199,"dependent"
2,1200,"dependent"
6,1201,"dependent"
8,1202,"dependent"
8,1203,"dependent"
8,1204,"dependent"
4,1205,"dependent"
6,1206,"dependent"
8,1207,"dependent"
6,1208,"dependent"
6,1209,"dependent"
4,1210,"dependent"
6,1211,"dependent"
8,1212,"dependent"
4,1213,"dependent"
4,1214,"dependent"
6,1215,"dependent"
6,1216,"dependent"
6,1217,"dependent"
8,1218,"dependent"
8,1219,"dependent"
6,1220,"dependent"
10,1221,"dependent"
6,1222,"dependent"
2,1223,"dependent"
6,1224,"dependent"
6,1225,"dependent"
8,1226,"dependent"
8,1227,"dependent"
6,1228,"dependent"
2,1229,"dependent"
4,1230,"dependent"
6,1231,"dependent"
4,1232,"dependent"
6,1233,"dependent"
8,1234,"dependent"
8,1235,"dependent"
8,1236,"dependent"
6,1237,"dependent"
4,1238,"dependent"
6,1239,"dependent"
8,1240,"dependent"
6,1241,"dependent"
4,1242,"dependent"
6,1243,"dependent"
4,1244,"dependent"
4,1245,"dependent"
4,1246,"dependent"
2,1247,"dependent"
8,1248,"dependent"
8,1249,"dependent"
6,1250,"dependent"
8,1251,"dependent"
8,1252,"dependent"
6,1253,"dependent"
6,1254,"dependent"
6,1255,"dependent"
8,1256,"dependent"
4,1257,"dependent"
6,1258,"dependent"
6,1259,"dependent"
4,1260,"dependent"
4,1261,"dependent"
2,1262,"dependent"
6,1263,"dependent"
8,1264,"dependent"
4,1265,"dependent"
6,1266,"dependent"
8,1267,"dependent"
6,1268,"dependent"
6,1269,"dependent"
6,1270,"dependent"
8,1271,"dependent"
8,1272,"dependent"
8,1273,"dependent"
6,1274,"dependent"
6,1275,"dependent"
6,1276,"dependent"
6,1277,"dependent"
0,1278,"dependent"
6,1279,"dependent"
8,1280,"dependent"
6,1281,"dependent"
6,1282,"dependent"
8,1283,"dependent"
6,1284,"dependent"
4,1285,"dependent"
6,1286,"dependent"
4,1287,"dependent"
8,1288,"dependent"
8,1289,"dependent"
4,1290,"dependent"
6,1291,"dependent"
4,1292,"dependent"
6,1293,"dependent"
8,1294,"dependent"
8,1295,"dependent"
2,1296,"dependent"
4,1297,"dependent"
6,1298,"dependent"
4,1299,"dependent"
4,1300,"dependent"
8,1301,"dependent"
6,1302,"dependent"
6,1303,"dependent"
6,1304,"dependent"
4,1305,"dependent"
8,1306,"dependent"
4,1307,"dependent"
4,1308,"dependent"
2,1309,"dependent"
4,1310,"dependent"
6,1311,"dependent"
8,1312,"dependent"
6,1313,"dependent"
6,1314,"dependent"
8,1315,"dependent"
6,1316,"dependent"
4,1317,"dependent"
8,1318,"dependent"
8,1319,"dependent"
6,1320,"dependent"
4,1321,"dependent"
6,1322,"dependent"
8,1323,"dependent"
8,1324,"dependent"
8,1325,"dependent"
8,1326,"dependent"
8,1327,"dependent"
8,1328,"dependent"
4,1329,"dependent"
6,1330,"dependent"
6,1331,"dependent"
4,1332,"dependent"
6,1333,"dependent"
8,1334,"dependent"
8,1335,"dependent"
8,1336,"dependent"
6,1337,"dependent"
6,1338,"dependent"
8,1339,"dependent"
6,1340,"dependent"
6,1341,"dependent"
4,1342,"dependent"
6,1343,"dependent"
6,1344,"dependent"
6,1345,"dependent"
6,1346,"dependent"
6,1347,"dependent"
8,1348,"dependent"
8,1349,"dependent"
6,1350,"dependent"
8,1351,"dependent"
4,1352,"dependent"
8,1353,"dependent"
6,1354,"dependent"
4,1355,"dependent"
6,1356,"dependent"
4,1357,"dependent"
2,1358,"dependent"
6,1359,"dependent"
8,1360,"dependent"
6,1361,"dependent"
6,1362,"dependent"
2,1363,"dependent"
4,1364,"dependent"
8,1365,"dependent"
8,1366,"dependent"
8,1367,"dependent"
4,1368,"dependent"
4,1369,"dependent"
8,1370,"dependent"
10,1371,"dependent"
8,1372,"dependent"
6,1373,"dependent"
6,1374,"dependent"
8,1375,"dependent"
6,1376,"dependent"
6,1377,"dependent"
8,1378,"dependent"
6,1379,"dependent"
8,1380,"dependent"
6,1381,"dependent"
8,1382,"dependent"
4,1383,"dependent"
6,1384,"dependent"
6,1385,"dependent"
4,1386,"dependent"
4,1387,"dependent"
8,1388,"dependent"
4,1389,"dependent"
6,1390,"dependent"
6,1391,"dependent"
6,1392,"dependent"
6,1393,"dependent"
4,1394,"dependent"
6,1395,"dependent"
8,1396,"dependent"
4,1397,"dependent"
6,1398,"dependent"
6,1399,"dependent"
4,1400,"dependent"
4,1401,"dependent"
4,1402,"dependent"
8,1403,"dependent"
8,1404,"dependent"
6,1405,"dependent"
4,1406,"dependent"
8,1407,"dependent"
6,1408,"dependent"
8,1409,"dependent"
8,1410,"dependent"
6,1411,"dependent"
10,1412,"dependent"
6,1413,"dependent"
8,1414,"dependent"
6,1415,"dependent"
4,1416,"dependent"
6,1417,"dependent"
4,1418,"dependent"
4,1419,"dependent"
2,1420,"dependent"
6,1421,"dependent"
8,1422,"dependent"
8,1423,"dependent"
6,1424,"dependent"
8,1425,"dependent"
6,1426,"dependent"
6,1427,"dependent"
2,1428,"dependent"
6,1429,"dependent"
10,1430,"dependent"
4,1431,"dependent"
8,1432,"dependent"
6,1433,"dependent"
4,1434,"dependent"
6,1435,"dependent"
6,1436,"dependent"
4,1437,"dependent"
4,1438,"dependent"
8,1439,"dependent"
8,1440,"dependent"
6,1441,"dependent"
4,1442,"dependent"
6,1443,"dependent"
4,1444,"dependent"
8,1445,"dependent"
4,1446,"dependent"
8,1447,"dependent"
8,1448,"dependent"
6,1449,"dependent"
6,1450,"dependent"
8,1451,"dependent"
8,1452,"dependent"
4,1453,"dependent"
4,1454,"dependent"
4,1455,"dependent"
6,1456,"dependent"
10,1457,"dependent"
6,1458,"dependent"
4,1459,"dependent"
6,1460,"dependent"
10,1461,"dependent"
6,1462,"dependent"
6,1463,"dependent"
4,1464,"dependent"
6,1465,"dependent"
4,1466,"dependent"
4,1467,"dependent"
6,1468,"dependent"
6,1469,"dependent"
6,1470,"dependent"
6,1471,"dependent"
6,1472,"dependent"
8,1473,"dependent"
6,1474,"dependent"
8,1475,"dependent"
4,1476,"dependent"
4,1477,"dependent"
8,1478,"dependent"
4,1479,"dependent"
6,1480,"dependent"
4,1481,"dependent"
4,1482,"dependent"
6,1483,"dependent"
4,1484,"dependent"
6,1485,"dependent"
8,1486,"dependent"
6,1487,"dependent"
6,1488,"dependent"
4,1489,"dependent"
8,1490,"dependent"
4,1491,"dependent"
6,1492,"dependent"
2,1493,"dependent"
6,1494,"dependent"
8,1495,"dependent"
6,1496,"dependent"
6,1497,"dependent"
8,1498,"dependent"
8,1499,"dependent"
6,1500,"dependent"
6,1501,"dependent"
6,1502,"dependent"
4,1503,"dependent"
8,1504,"dependent"
6,1505,"dependent"
10,1506,"dependent"
8,1507,"dependent"
6,1508,"dependent"
8,1509,"dependent"
8,1510,"dependent"
4,1511,"dependent"
4,1512,"dependent"
6,1513,"dependent"
6,1514,"dependent"
6,1515,"dependent"
6,1516,"dependent"
6,1517,"dependent"
8,1518,"dependent"
6,1519,"dependent"
6,1520,"dependent"
8,1521,"dependent"
6,1522,"dependent"
6,1523,"dependent"
8,1524,"dependent"
4,1525,"dependent"
8,1526,"dependent"
2,1527,"dependent"
8,1528,"dependent"
8,1529,"dependent"
8,1530,"dependent"
4,1531,"dependent"
4,1532,"dependent"
4,1533,"dependent"
6,1534,"dependent"
6,1535,"dependent"
6,1536,"dependent"
8,1537,"dependent"
6,1538,"dependent"
6,1539,"dependent"
4,1540,"dependent"
4,1541,"dependent"
6,1542,"dependent"
8,1543,"dependent"
8,1544,"dependent"
6,1545,"dependent"
6,1546,"dependent"
4,1547,"dependent"
4,1548,"dependent"
8,1549,"dependent"
6,1550,"dependent"
6,1551,"dependent"
6,1552,"dependent"
6,1553,"dependent"
4,1554,"dependent"
2,1555,"dependent"
6,1556,"dependent"
6,1557,"dependent"
6,1558,"dependent"
8,1559,"dependent"
8,1560,"dependent"
6,1561,"dependent"
6,1562,"dependent"
6,1563,"dependent"
8,1564,"dependent"
6,1565,"dependent"
6,1566,"dependent"
8,1567,"dependent"
8,1568,"dependent"
6,1569,"dependent"
8,1570,"dependent"
6,1571,"dependent"
8,1572,"dependent"
6,1573,"dependent"
6,1574,"dependent"
8,1575,"dependent"
4,1576,"dependent"
2,1577,"dependent"
4,1578,"dependent"
6,1579,"dependent"
6,1580,"dependent"
6,1581,"dependent"
4,1582,"dependent"
4,1583,"dependent"
4,1584,"dependent"
8,1585,"dependent"
6,1586,"dependent"
8,1587,"dependent"
8,1588,"dependent"
6,1589,"dependent"
6,1590,"dependent"
6,1591,"dependent"
4,1592,"dependent"
4,1593,"dependent"
4,1594,"dependent"
4,1595,"dependent"
4,1596,"dependent"
4,1597,"dependent"
2,1598,"dependent"
6,1599,"dependent"
8,1600,"dependent"
8,1601,"dependent"
6,1602,"dependent"
4,1603,"dependent"
2,1604,"dependent"
6,1605,"dependent"
6,1606,"dependent"
6,1607,"dependent"
8,1608,"dependent"
8,1609,"dependent"
10,1610,"dependent"
6,1611,"dependent"
6,1612,"dependent"
8,1613,"dependent"
4,1614,"dependent"
6,1615,"dependent"
6,1616,"dependent"
8,1617,"dependent"
8,1618,"dependent"
8,1619,"dependent"
6,1620,"dependent"
4,1621,"dependent"
10,1622,"dependent"
8,1623,"dependent"
6,1624,"dependent"
6,1625,"dependent"
6,1626,"dependent"
6,1627,"dependent"
4,1628,"dependent"
6,1629,"dependent"
4,1630,"dependent"
6,1631,"dependent"
6,1632,"dependent"
8,1633,"dependent"
4,1634,"dependent"
4,1635,"dependent"
4,1636,"dependent"
6,1637,"dependent"
8,1638,"dependent"
6,1639,"dependent"
4,1640,"dependent"
8,1641,"dependent"
4,1642,"dependent"
8,1643,"dependent"
4,1644,"dependent"
6,1645,"dependent"
4,1646,"dependent"
6,1647,"dependent"
6,1648,"dependent"
4,1649,"dependent"
6,1650,"dependent"
8,1651,"dependent"
8,1652,"dependent"
6,1653,"dependent"
2,1654,"dependent"
6,1655,"dependent"
4,1656,"dependent"
8,1657,"dependent"
6,1658,"dependent"
4,1659,"dependent"
6,1660,"dependent"
6,1661,"dependent"
6,1662,"dependent"
4,1663,"dependent"
6,1664,"dependent"
6,1665,"dependent"
6,1666,"dependent"
8,1667,"dependent"
8,1668,"dependent"
6,1669,"dependent"
2,1670,"dependent"
4,1671,"dependent"
6,1672,"dependent"
6,1673,"dependent"
6,1674,"dependent"
4,1675,"dependent"
6,1676,"dependent"
2,1677,"dependent"
4,1678,"dependent"
4,1679,"dependent"
4,1680,"dependent"
6,1681,"dependent"
4,1682,"dependent"
6,1683,"dependent"
8,1684,"dependent"
8,1685,"dependent"
4,1686,"dependent"
6,1687,"dependent"
6,1688,"dependent"
6,1689,"dependent"
6,1690,"dependent"
4,1691,"dependent"
6,1692,"dependent"
6,1693,"dependent"
4,1694,"dependent"
4,1695,"dependent"
6,1696,"dependent"
6,1697,"dependent"
6,1698,"dependent"
6,1699,"dependent"
4,1700,"dependent"
4,1701,"dependent"
6,1702,"dependent"
6,1703,"dependent"
6,1704,"dependent"
4,1705,"dependent"
4,1706,"dependent"
4,1707,"dependent"
4,1708,"dependent"
4,1709,"dependent"
4,1710,"dependent"
6,1711,"dependent"
6,1712,"dependent"
6,1713,"dependent"
4,1714,"dependent"
6,1715,"dependent"
6,1716,"dependent"
6,1717,"dependent"
6,1718,"dependent"
6,1719,"dependent"
8,1720,"dependent"
4,1721,"dependent"
8,1722,"dependent"
6,1723,"dependent"
10,1724,"dependent"
6,1725,"dependent"
4,1726,"dependent"
8,1727,"dependent"
8,1728,"dependent"
8,1729,"dependent"
8,1730,"dependent"
6,1731,"dependent"
6,1732,"dependent"
8,1733,"dependent"
6,1734,"dependent"
4,1735,"dependent"
6,1736,"dependent"
6,1737,"dependent"
8,1738,"dependent"
8,1739,"dependent"
10,1740,"dependent"
4,1741,"dependent"
6,1742,"dependent"
6,1743,"dependent"
4,1744,"dependent"
6,1745,"dependent"
6,1746,"dependent"
4,1747,"dependent"
2,1748,"dependent"
8,1749,"dependent"
6,1750,"dependent"
6,1751,"dependent"
6,1752,"dependent"
6,1753,"dependent"
2,1754,"dependent"
8,1755,"dependent"
8,1756,"dependent"
8,1757,"dependent"
4,1758,"dependent"
6,1759,"dependent"
6,1760,"dependent"
4,1761,"dependent"
4,1762,"dependent"
8,1763,"dependent"
8,1764,"dependent"
2,1765,"dependent"
6,1766,"dependent"
4,1767,"dependent"
4,1768,"dependent"
8,1769,"dependent"
6,1770,"dependent"
6,1771,"dependent"
6,1772,"dependent"
6,1773,"dependent"
4,1774,"dependent"
6,1775,"dependent"
8,1776,"dependent"
2,1777,"dependent"
10,1778,"dependent"
4,1779,"dependent"
6,1780,"dependent"
8,1781,"dependent"
4,1782,"dependent"
6,1783,"dependent"
6,1784,"dependent"
6,1785,"dependent"
6,1786,"dependent"
6,1787,"dependent"
8,1788,"dependent"
6,1789,"dependent"
8,1790,"dependent"
8,1791,"dependent"
8,1792,"dependent"
6,1793,"dependent"
6,1794,"dependent"
6,1795,"dependent"
6,1796,"dependent"
4,1797,"dependent"
6,1798,"dependent"
6,1799,"dependent"
6,1800,"dependent"
6,1801,"dependent"
8,1802,"dependent"
8,1803,"dependent"
8,1804,"dependent"
8,1805,"dependent"
6,1806,"dependent"
8,1807,"dependent"
4,1808,"dependent"
2,1809,"dependent"
2,1810,"dependent"
6,1811,"dependent"
6,1812,"dependent"
6,1813,"dependent"
4,1814,"dependent"
4,1815,"dependent"
8,1816,"dependent"
6,1817,"dependent"
6,1818,"dependent"
8,1819,"dependent"
6,1820,"dependent"
6,1821,"dependent"
4,1822,"dependent"
4,1823,"dependent"
8,1824,"dependent"
8,1825,"dependent"
6,1826,"dependent"
6,1827,"dependent"
6,1828,"dependent"
6,1829,"dependent"
6,1830,"dependent"
8,1831,"dependent"
8,1832,"dependent"
8,1833,"dependent"
6,1834,"dependent"
6,1835,"dependent"
4,1836,"dependent"
4,1837,"dependent"
8,1838,"dependent"
6,1839,"dependent"
4,1840,"dependent"
8,1841,"dependent"
8,1842,"dependent"
8,1843,"dependent"
6,1844,"dependent"
6,1845,"dependent"
8,1846,"dependent"
6,1847,"dependent"
8,1848,"dependent"
6,1849,"dependent"
6,1850,"dependent"
4,1851,"dependent"
6,1852,"dependent"
6,1853,"dependent"
8,1854,"dependent"
4,1855,"dependent"
6,1856,"dependent"
4,1857,"dependent"
8,1858,"dependent"
6,1859,"dependent"
2,1860,"dependent"
8,1861,"dependent"
4,1862,"dependent"
4,1863,"dependent"
8,1864,"dependent"
8,1865,"dependent"
8,1866,"dependent"
6,1867,"dependent"
6,1868,"dependent"
6,1869,"dependent"
2,1870,"dependent"
6,1871,"dependent"
6,1872,"dependent"
10,1873,"dependent"
8,1874,"dependent"
8,1875,"dependent"
6,1876,"dependent"
6,1877,"dependent"
6,1878,"dependent"
6,1879,"dependent"
2,1880,"dependent"
4,1881,"dependent"
8,1882,"dependent"
4,1883,"dependent"
6,1884,"dependent"
6,1885,"dependent"
6,1886,"dependent"
8,1887,"dependent"
6,1888,"dependent"
6,1889,"dependent"
8,1890,"dependent"
6,1891,"dependent"
8,1892,"dependent"
8,1893,"dependent"
8,1894,"dependent"
8,1895,"dependent"
8,1896,"dependent"
2,1897,"dependent"
4,1898,"dependent"
8,1899,"dependent"
6,1900,"dependent"
8,1901,"dependent"
6,1902,"dependent"
6,1903,"dependent"
6,1904,"dependent"
4,1905,"dependent"
6,1906,"dependent"
8,1907,"dependent"
6,1908,"dependent"
10,1909,"dependent"
8,1910,"dependent"
8,1911,"dependent"
6,1912,"dependent"
2,1913,"dependent"
4,1914,"dependent"
6,1915,"dependent"
6,1916,"dependent"
2,1917,"dependent"
4,1918,"dependent"
6,1919,"dependent"
2,1920,"dependent"
2,1921,"dependent"
4,1922,"dependent"
6,1923,"dependent"
6,1924,"dependent"
6,1925,"dependent"
8,1926,"dependent"
6,1927,"dependent"
6,1928,"dependent"
4,1929,"dependent"
6,1930,"dependent"
4,1931,"dependent"
6,1932,"dependent"
8,1933,"dependent"
4,1934,"dependent"
6,1935,"dependent"
6,1936,"dependent"
8,1937,"dependent"
8,1938,"dependent"
6,1939,"dependent"
8,1940,"dependent"
6,1941,"dependent"
8,1942,"dependent"
8,1943,"dependent"
4,1944,"dependent"
6,1945,"dependent"
6,1946,"dependent"
8,1947,"dependent"
4,1948,"dependent"
8,1949,"dependent"
6,1950,"dependent"
8,1951,"dependent"
6,1952,"dependent"
8,1953,"dependent"
6,1954,"dependent"
8,1955,"dependent"
4,1956,"dependent"
6,1957,"dependent"
6,1958,"dependent"
6,1959,"dependent"
8,1960,"dependent"
8,1961,"dependent"
8,1962,"dependent"
8,1963,"dependent"
6,1964,"dependent"
6,1965,"dependent"
8,1966,"dependent"
6,1967,"dependent"
0,1968,"dependent"
8,1969,"dependent"
8,1970,"dependent"
8,1971,"dependent"
6,1972,"dependent"
8,1973,"dependent"
6,1974,"dependent"
6,1975,"dependent"
8,1976,"dependent"
10,1977,"dependent"
6,1978,"dependent"
8,1979,"dependent"
8,1980,"dependent"
10,1981,"dependent"
4,1982,"dependent"
6,1983,"dependent"
8,1984,"dependent"
6,1985,"dependent"
8,1986,"dependent"
6,1987,"dependent"
6,1988,"dependent"
6,1989,"dependent"
6,1990,"dependent"
8,1991,"dependent"
6,1992,"dependent"
6,1993,"dependent"
8,1994,"dependent"
4,1995,"dependent"
6,1996,"dependent"
4,1997,"dependent"
6,1998,"dependent"
4,1999,"dependent"
10,2000,"dependent"
8,2001,"dependent"
6,2002,"dependent"
6,2003,"dependent"
8,2004,"dependent"
4,2005,"dependent"
6,2006,"dependent"
6,2007,"dependent"
8,2008,"dependent"
8,2009,"dependent"
6,2010,"dependent"
6,2011,"dependent"
6,2012,"dependent"
6,2013,"dependent"
10,2014,"dependent"
6,2015,"dependent"
6,2016,"dependent"
2,2017,"dependent"
8,2018,"dependent"
8,2019,"dependent"
8,2020,"dependent"
6,2021,"dependent"
6,2022,"dependent"
8,2023,"dependent"
6,2024,"dependent"
4,2025,"dependent"
8,2026,"dependent"
6,2027,"dependent"
6,2028,"dependent"
6,2029,"dependent"
4,2030,"dependent"
8,2031,"dependent"
4,2032,"dependent"
4,2033,"dependent"
6,2034,"dependent"
6,2035,"dependent"
8,2036,"dependent"
4,2037,"dependent"
6,2038,"dependent"
6,2039,"dependent"
6,2040,"dependent"
8,2041,"dependent"
4,2042,"dependent"
4,2043,"dependent"
4,2044,"dependent"
8,2045,"dependent"
8,2046,"dependent"
6,2047,"dependent"
8,2048,"dependent"
4,2049,"dependent"
6,2050,"dependent"
6,2051,"dependent"
8,2052,"dependent"
6,2053,"dependent"
4,2054,"dependent"
4,2055,"dependent"
4,2056,"dependent"
4,2057,"dependent"
6,2058,"dependent"
6,2059,"dependent"
4,2060,"dependent"
6,2061,"dependent"
8,2062,"dependent"
8,2063,"dependent"
4,2064,"dependent"
8,2065,"dependent"
4,2066,"dependent"
8,2067,"dependent"
6,2068,"dependent"
6,2069,"dependent"
6,2070,"dependent"
6,2071,"dependent"
8,2072,"dependent"
6,2073,"dependent"
6,2074,"dependent"
8,2075,"dependent"
8,2076,"dependent"
8,2077,"dependent"
6,2078,"dependent"
8,2079,"dependent"
6,2080,"dependent"
6,2081,"dependent"
8,2082,"dependent"
6,2083,"dependent"
8,2084,"dependent"
6,2085,"dependent"
8,2086,"dependent"
6,2087,"dependent"
6,2088,"dependent"
6,2089,"dependent"
6,2090,"dependent"
6,2091,"dependent"
6,2092,"dependent"
8,2093,"dependent"
6,2094,"dependent"
8,2095,"dependent"
4,2096,"dependent"
6,2097,"dependent"
4,2098,"dependent"
6,2099,"dependent"
6,2100,"dependent"
6,2101,"dependent"
6,2102,"dependent"
4,2103,"dependent"
6,2104,"dependent"
6,2105,"dependent"
6,2106,"dependent"
2,2107,"dependent"
4,2108,"dependent"
6,2109,"dependent"
8,2110,"dependent"
8,2111,"dependent"
6,2112,"dependent"
6,2113,"dependent"
4,2114,"dependent"
8,2115,"dependent"
2,2116,"dependent"
4,2117,"dependent"
6,2118,"dependent"
6,2119,"dependent"
8,2120,"dependent"
8,2121,"dependent"
4,2122,"dependent"
8,2123,"dependent"
6,2124,"dependent"
2,2125,"dependent"
4,2126,"dependent"
6,2127,"dependent"
8,2128,"dependent"
4,2129,"dependent"
4,2130,"dependent"
8,2131,"dependent"
6,2132,"dependent"
6,2133,"dependent"
6,2134,"dependent"
6,2135,"dependent"
6,2136,"dependent"
6,2137,"dependent"
8,2138,"dependent"
6,2139,"dependent"
6,2140,"dependent"
6,2141,"dependent"
8,2142,"dependent"
6,2143,"dependent"
4,2144,"dependent"
4,2145,"dependent"
6,2146,"dependent"
6,2147,"dependent"
6,2148,"dependent"
2,2149,"dependent"
8,2150,"dependent"
6,2151,"dependent"
6,2152,"dependent"
6,2153,"dependent"
6,2154,"dependent"
8,2155,"dependent"
8,2156,"dependent"
6,2157,"dependent"
2,2158,"dependent"
6,2159,"dependent"
8,2160,"dependent"
6,2161,"dependent"
6,2162,"dependent"
6,2163,"dependent"
8,2164,"dependent"
4,2165,"dependent"
4,2166,"dependent"
2,2167,"dependent"
8,2168,"dependent"
6,2169,"dependent"
4,2170,"dependent"
4,2171,"dependent"
6,2172,"dependent"
8,2173,"dependent"
4,2174,"dependent"
2,2175,"dependent"
6,2176,"dependent"
2,2177,"dependent"
4,2178,"dependent"
6,2179,"dependent"
6,2180,"dependent"
10,2181,"dependent"
8,2182,"dependent"
8,2183,"dependent"
6,2184,"dependent"
6,2185,"dependent"
6,2186,"dependent"
4,2187,"dependent"
4,2188,"dependent"
6,2189,"dependent"
8,2190,"dependent"
6,2191,"dependent"
6,2192,"dependent"
6,2193,"dependent"
8,2194,"dependent"
8,2195,"dependent"
8,2196,"dependent"
2,2197,"dependent"
8,2198,"dependent"
8,2199,"dependent"
6,2200,"dependent"
8,2201,"dependent"
6,2202,"dependent"
4,2203,"dependent"
6,2204,"dependent"
6,2205,"dependent"
8,2206,"dependent"
4,2207,"dependent"
2,2208,"dependent"
8,2209,"dependent"
4,2210,"dependent"
8,2211,"dependent"
8,2212,"dependent"
4,2213,"dependent"
8,2214,"dependent"
4,2215,"dependent"
6,2216,"dependent"
6,2217,"dependent"
6,2218,"dependent"
4,2219,"dependent"
6,2220,"dependent"
8,2221,"dependent"
6,2222,"dependent"
4,2223,"dependent"
6,2224,"dependent"
6,2225,"dependent"
6,2226,"dependent"
2,2227,"dependent"
2,2228,"dependent"
6,2229,"dependent"
6,2230,"dependent"
8,2231,"dependent"
6,2232,"dependent"
6,2233,"dependent"
4,2234,"dependent"
8,2235,"dependent"
6,2236,"dependent"
8,2237,"dependent"
8,2238,"dependent"
8,2239,"dependent"
6,2240,"dependent"
6,2241,"dependent"
2,2242,"dependent"
4,2243,"dependent"
6,2244,"dependent"
8,2245,"dependent"
6,2246,"dependent"
6,2247,"dependent"
8,2248,"dependent"
8,2249,"dependent"
8,2250,"dependent"
6,2251,"dependent"
8,2252,"dependent"
4,2253,"dependent"
6,2254,"dependent"
6,2255,"dependent"
4,2256,"dependent"
6,2257,"dependent"
6,2258,"dependent"
4,2259,"dependent"
4,2260,"dependent"
8,2261,"dependent"
4,2262,"dependent"
4,2263,"dependent"
8,2264,"dependent"
8,2265,"dependent"
6,2266,"dependent"
8,2267,"dependent"
8,2268,"dependent"
8,2269,"dependent"
4,2270,"dependent"
6,2271,"dependent"
4,2272,"dependent"
6,2273,"dependent"
8,2274,"dependent"
6,2275,"dependent"
6,2276,"dependent"
6,2277,"dependent"
8,2278,"dependent"
4,2279,"dependent"
4,2280,"dependent"
6,2281,"dependent"
4,2282,"dependent"
6,2283,"dependent"
8,2284,"dependent"
6,2285,"dependent"
4,2286,"dependent"
6,2287,"dependent"
8,2288,"dependent"
6,2289,"dependent"
8,2290,"dependent"
10,2291,"dependent"
6,2292,"dependent"
6,2293,"dependent"
4,2294,"dependent"
4,2295,"dependent"
8,2296,"dependent"
4,2297,"dependent"
6,2298,"dependent"
4,2299,"dependent"
4,2300,"dependent"
6,2301,"dependent"
6,2302,"dependent"
2,2303,"dependent"
8,2304,"dependent"
4,2305,"dependent"
6,2306,"dependent"
6,2307,"dependent"
6,2308,"dependent"
4,2309,"dependent"
6,2310,"dependent"
4,2311,"dependent"
4,2312,"dependent"
8,2313,"dependent"
4,2314,"dependent"
8,2315,"dependent"
6,2316,"dependent"
8,2317,"dependent"
8,2318,"dependent"
10,2319,"dependent"
6,2320,"dependent"
6,2321,"dependent"
6,2322,"dependent"
8,2323,"dependent"
6,2324,"dependent"
6,2325,"dependent"
4,2326,"dependent"
4,2327,"dependent"
8,2328,"dependent"
8,2329,"dependent"
6,2330,"dependent"
6,2331,"dependent"
6,2332,"dependent"
8,2333,"dependent"
4,2334,"dependent"
6,2335,"dependent"
6,2336,"dependent"
6,2337,"dependent"
8,2338,"dependent"
8,2339,"dependent"
6,2340,"dependent"
10,2341,"dependent"
6,2342,"dependent"
8,2343,"dependent"
8,2344,"dependent"
8,2345,"dependent"
6,2346,"dependent"
6,2347,"dependent"
8,2348,"dependent"
6,2349,"dependent"
6,2350,"dependent"
6,2351,"dependent"
8,2352,"dependent"
6,2353,"dependent"
6,2354,"dependent"
6,2355,"dependent"
8,2356,"dependent"
6,2357,"dependent"
4,2358,"dependent"
2,2359,"dependent"
4,2360,"dependent"
8,2361,"dependent"
6,2362,"dependent"
4,2363,"dependent"
6,2364,"dependent"
8,2365,"dependent"
4,2366,"dependent"
6,2367,"dependent"
6,2368,"dependent"
8,2369,"dependent"
8,2370,"dependent"
8,2371,"dependent"
4,2372,"dependent"
8,2373,"dependent"
6,2374,"dependent"
8,2375,"dependent"
6,2376,"dependent"
8,2377,"dependent"
6,2378,"dependent"
6,2379,"dependent"
4,2380,"dependent"
6,2381,"dependent"
6,2382,"dependent"
6,2383,"dependent"
6,2384,"dependent"
4,2385,"dependent"
6,2386,"dependent"
6,2387,"dependent"
4,2388,"dependent"
4,2389,"dependent"
6,2390,"dependent"
6,2391,"dependent"
6,2392,"dependent"
4,2393,"dependent"
8,2394,"dependent"
4,2395,"dependent"
6,2396,"dependent"
8,2397,"dependent"
10,2398,"dependent"
6,2399,"dependent"
6,2400,"dependent"
6,2401,"dependent"
8,2402,"dependent"
8,2403,"dependent"
2,2404,"dependent"
8,2405,"dependent"
8,2406,"dependent"
6,2407,"dependent"
6,2408,"dependent"
6,2409,"dependent"
2,2410,"dependent"
4,2411,"dependent"
6,2412,"dependent"
6,2413,"dependent"
4,2414,"dependent"
6,2415,"dependent"
8,2416,"dependent"
4,2417,"dependent"
6,2418,"dependent"
8,2419,"dependent"
8,2420,"dependent"
8,2421,"dependent"
8,2422,"dependent"
4,2423,"dependent"
6,2424,"dependent"
6,2425,"dependent"
6,2426,"dependent"
6,2427,"dependent"
4,2428,"dependent"
6,2429,"dependent"
6,2430,"dependent"
4,2431,"dependent"
8,2432,"dependent"
4,2433,"dependent"
6,2434,"dependent"
6,2435,"dependent"
6,2436,"dependent"
8,2437,"dependent"
6,2438,"dependent"
8,2439,"dependent"
4,2440,"dependent"
8,2441,"dependent"
2,2442,"dependent"
8,2443,"dependent"
4,2444,"dependent"
6,2445,"dependent"
6,2446,"dependent"
6,2447,"dependent"
6,2448,"dependent"
8,2449,"dependent"
10,2450,"dependent"
6,2451,"dependent"
4,2452,"dependent"
8,2453,"dependent"
6,2454,"dependent"
6,2455,"dependent"
4,2456,"dependent"
8,2457,"dependent"
4,2458,"dependent"
4,2459,"dependent"
6,2460,"dependent"
8,2461,"dependent"
6,2462,"dependent"
6,2463,"dependent"
6,2464,"dependent"
6,2465,"dependent"
6,2466,"dependent"
6,2467,"dependent"
6,2468,"dependent"
6,2469,"dependent"
2,2470,"dependent"
6,2471,"dependent"
2,2472,"dependent"
0,2473,"dependent"
6,2474,"dependent"
6,2475,"dependent"
6,2476,"dependent"
6,2477,"dependent"
8,2478,"dependent"
2,2479,"dependent"
8,2480,"dependent"
6,2481,"dependent"
4,2482,"dependent"
8,2483,"dependent"
8,2484,"dependent"
8,2485,"dependent"
8,2486,"dependent"
6,2487,"dependent"
6,2488,"dependent"
8,2489,"dependent"
8,2490,"dependent"
6,2491,"dependent"
8,2492,"dependent"
10,2493,"dependent"
2,2494,"dependent"
6,2495,"dependent"
6,2496,"dependent"
6,2497,"dependent"
4,2498,"dependent"
6,2499,"dependent"
6,2500,"dependent"
4,2501,"dependent"
4,2502,"dependent"
4,2503,"dependent"
0,2504,"dependent"
4,2505,"dependent"
8,2506,"dependent"
6,2507,"dependent"
4,2508,"dependent"
8,2509,"dependent"
8,2510,"dependent"
10,2511,"dependent"
6,2512,"dependent"
4,2513,"dependent"
6,2514,"dependent"
8,2515,"dependent"
4,2516,"dependent"
8,2517,"dependent"
6,2518,"dependent"
6,2519,"dependent"
6,2520,"dependent"
8,2521,"dependent"
6,2522,"dependent"
6,2523,"dependent"
6,2524,"dependent"
6,2525,"dependent"
4,2526,"dependent"
6,2527,"dependent"
6,2528,"dependent"
6,2529,"dependent"
4,2530,"dependent"
4,2531,"dependent"
10,2532,"dependent"
8,2533,"dependent"
8,2534,"dependent"
4,2535,"dependent"
6,2536,"dependent"
6,2537,"dependent"
8,2538,"dependent"
4,2539,"dependent"
6,2540,"dependent"
8,2541,"dependent"
6,2542,"dependent"
8,2543,"dependent"
4,2544,"dependent"
6,2545,"dependent"
8,2546,"dependent"
8,2547,"dependent"
6,2548,"dependent"
8,2549,"dependent"
8,2550,"dependent"
4,2551,"dependent"
6,2552,"dependent"
6,2553,"dependent"
6,2554,"dependent"
6,2555,"dependent"
4,2556,"dependent"
8,2557,"dependent"
4,2558,"dependent"
8,2559,"dependent"
6,2560,"dependent"
6,2561,"dependent"
4,2562,"dependent"
8,2563,"dependent"
4,2564,"dependent"
6,2565,"dependent"
6,2566,"dependent"
6,2567,"dependent"
6,2568,"dependent"
6,2569,"dependent"
4,2570,"dependent"
8,2571,"dependent"
2,2572,"dependent"
6,2573,"dependent"
8,2574,"dependent"
8,2575,"dependent"
6,2576,"dependent"
4,2577,"dependent"
8,2578,"dependent"
8,2579,"dependent"
10,2580,"dependent"
8,2581,"dependent"
6,2582,"dependent"
6,2583,"dependent"
6,2584,"dependent"
8,2585,"dependent"
6,2586,"dependent"
2,2587,"dependent"
4,2588,"dependent"
8,2589,"dependent"
6,2590,"dependent"
4,2591,"dependent"
2,2592,"dependent"
4,2593,"dependent"
8,2594,"dependent"
4,2595,"dependent"
6,2596,"dependent"
6,2597,"dependent"
6,2598,"dependent"
6,2599,"dependent"
6,2600,"dependent"
4,2601,"dependent"
6,2602,"dependent"
8,2603,"dependent"
4,2604,"dependent"
6,2605,"dependent"
2,2606,"dependent"
4,2607,"dependent"
6,2608,"dependent"
6,2609,"dependent"
2,2610,"dependent"
8,2611,"dependent"
10,2612,"dependent"
6,2613,"dependent"
6,2614,"dependent"
6,2615,"dependent"
4,2616,"dependent"
4,2617,"dependent"
8,2618,"dependent"
6,2619,"dependent"
6,2620,"dependent"
2,2621,"dependent"
10,2622,"dependent"
6,2623,"dependent"
6,2624,"dependent"
4,2625,"dependent"
4,2626,"dependent"
8,2627,"dependent"
10,2628,"dependent"
8,2629,"dependent"
4,2630,"dependent"
8,2631,"dependent"
8,2632,"dependent"
4,2633,"dependent"
4,2634,"dependent"
6,2635,"dependent"
8,2636,"dependent"
4,2637,"dependent"
6,2638,"dependent"
6,2639,"dependent"
6,2640,"dependent"
6,2641,"dependent"
8,2642,"dependent"
4,2643,"dependent"
6,2644,"dependent"
4,2645,"dependent"
4,2646,"dependent"
4,2647,"dependent"
8,2648,"dependent"
6,2649,"dependent"
6,2650,"dependent"
6,2651,"dependent"
6,2652,"dependent"
6,2653,"dependent"
6,2654,"dependent"
8,2655,"dependent"
4,2656,"dependent"
6,2657,"dependent"
6,2658,"dependent"
6,2659,"dependent"
8,2660,"dependent"
8,2661,"dependent"
8,2662,"dependent"
8,2663,"dependent"
8,2664,"dependent"
4,2665,"dependent"
4,2666,"dependent"
6,2667,"dependent"
6,2668,"dependent"
2,2669,"dependent"
6,2670,"dependent"
4,2671,"dependent"
6,2672,"dependent"
6,2673,"dependent"
6,2674,"dependent"
6,2675,"dependent"
6,2676,"dependent"
8,2677,"dependent"
6,2678,"dependent"
4,2679,"dependent"
6,2680,"dependent"
6,2681,"dependent"
4,2682,"dependent"
8,2683,"dependent"
4,2684,"dependent"
6,2685,"dependent"
10,2686,"dependent"
8,2687,"dependent"
10,2688,"dependent"
4,2689,"dependent"
8,2690,"dependent"
8,2691,"dependent"
6,2692,"dependent"
6,2693,"dependent"
6,2694,"dependent"
2,2695,"dependent"
6,2696,"dependent"
6,2697,"dependent"
8,2698,"dependent"
6,2699,"dependent"
6,2700,"dependent"
6,2701,"dependent"
4,2702,"dependent"
6,2703,"dependent"
8,2704,"dependent"
4,2705,"dependent"
8,2706,"dependent"
6,2707,"dependent"
6,2708,"dependent"
4,2709,"dependent"
4,2710,"dependent"
4,2711,"dependent"
6,2712,"dependent"
2,2713,"dependent"
4,2714,"dependent"
6,2715,"dependent"
8,2716,"dependent"
4,2717,"dependent"
8,2718,"dependent"
6,2719,"dependent"
10,2720,"dependent"
8,2721,"dependent"
4,2722,"dependent"
6,2723,"dependent"
6,2724,"dependent"
6,2725,"dependent"
4,2726,"dependent"
6,2727,"dependent"
4,2728,"dependent"
8,2729,"dependent"
4,2730,"dependent"
2,2731,"dependent"
8,2732,"dependent"
4,2733,"dependent"
6,2734,"dependent"
8,2735,"dependent"
2,2736,"dependent"
6,2737,"dependent"
4,2738,"dependent"
6,2739,"dependent"
8,2740,"dependent"
8,2741,"dependent"
4,2742,"dependent"
6,2743,"dependent"
4,2744,"dependent"
6,2745,"dependent"
2,2746,"dependent"
6,2747,"dependent"
6,2748,"dependent"
4,2749,"dependent"
2,2750,"dependent"
8,2751,"dependent"
6,2752,"dependent"
6,2753,"dependent"
6,2754,"dependent"
6,2755,"dependent"
6,2756,"dependent"
10,2757,"dependent"
6,2758,"dependent"
6,2759,"dependent"
4,2760,"dependent"
6,2761,"dependent"
4,2762,"dependent"
6,2763,"dependent"
4,2764,"dependent"
8,2765,"dependent"
6,2766,"dependent"
8,2767,"dependent"
8,2768,"dependent"
4,2769,"dependent"
4,2770,"dependent"
6,2771,"dependent"
6,2772,"dependent"
10,2773,"dependent"
6,2774,"dependent"
4,2775,"dependent"
6,2776,"dependent"
4,2777,"dependent"
6,2778,"dependent"
6,2779,"dependent"
4,2780,"dependent"
6,2781,"dependent"
8,2782,"dependent"
6,2783,"dependent"
8,2784,"dependent"
4,2785,"dependent"
4,2786,"dependent"
6,2787,"dependent"
6,2788,"dependent"
6,2789,"dependent"
8,2790,"dependent"
4,2791,"dependent"
4,2792,"dependent"
6,2793,"dependent"
4,2794,"dependent"
6,2795,"dependent"
6,2796,"dependent"
4,2797,"dependent"
6,2798,"dependent"
10,2799,"dependent"
6,2800,"dependent"
4,2801,"dependent"
6,2802,"dependent"
6,2803,"dependent"
6,2804,"dependent"
6,2805,"dependent"
6,2806,"dependent"
6,2807,"dependent"
8,2808,"dependent"
8,2809,"dependent"
2,2810,"dependent"
6,2811,"dependent"
8,2812,"dependent"
8,2813,"dependent"
6,2814,"dependent"
8,2815,"dependent"
10,2816,"dependent"
8,2817,"dependent"
6,2818,"dependent"
6,2819,"dependent"
6,2820,"dependent"
6,2821,"dependent"
8,2822,"dependent"
4,2823,"dependent"
10,2824,"dependent"
6,2825,"dependent"
6,2826,"dependent"
10,2827,"dependent"
6,2828,"dependent"
4,2829,"dependent"
6,2830,"dependent"
2,2831,"dependent"
6,2832,"dependent"
2,2833,"dependent"
6,2834,"dependent"
8,2835,"dependent"
6,2836,"dependent"
6,2837,"dependent"
8,2838,"dependent"
6,2839,"dependent"
8,2840,"dependent"
8,2841,"dependent"
4,2842,"dependent"
4,2843,"dependent"
4,2844,"dependent"
4,2845,"dependent"
8,2846,"dependent"
4,2847,"dependent"
8,2848,"dependent"
8,2849,"dependent"
6,2850,"dependent"
6,2851,"dependent"
4,2852,"dependent"
6,2853,"dependent"
6,2854,"dependent"
8,2855,"dependent"
8,2856,"dependent"
8,2857,"dependent"
8,2858,"dependent"
6,2859,"dependent"
6,2860,"dependent"
6,2861,"dependent"
4,2862,"dependent"
4,2863,"dependent"
8,2864,"dependent"
6,2865,"dependent"
6,2866,"dependent"
8,2867,"dependent"
6,2868,"dependent"
6,2869,"dependent"
4,2870,"dependent"
4,2871,"dependent"
4,2872,"dependent"
8,2873,"dependent"
4,2874,"dependent"
6,2875,"dependent"
4,2876,"dependent"
6,2877,"dependent"
6,2878,"dependent"
4,2879,"dependent"
8,2880,"dependent"
6,2881,"dependent"
4,2882,"dependent"
6,2883,"dependent"
8,2884,"dependent"
6,2885,"dependent"
8,2886,"dependent"
4,2887,"dependent"
6,2888,"dependent"
6,2889,"dependent"
4,2890,"dependent"
6,2891,"dependent"
8,2892,"dependent"
6,2893,"dependent"
6,2894,"dependent"
6,2895,"dependent"
6,2896,"dependent"
6,2897,"dependent"
8,2898,"dependent"
8,2899,"dependent"
6,2900,"dependent"
6,2901,"dependent"
8,2902,"dependent"
4,2903,"dependent"
6,2904,"dependent"
6,2905,"dependent"
8,2906,"dependent"
6,2907,"dependent"
6,2908,"dependent"
0,2909,"dependent"
4,2910,"dependent"
8,2911,"dependent"
8,2912,"dependent"
6,2913,"dependent"
8,2914,"dependent"
4,2915,"dependent"
4,2916,"dependent"
8,2917,"dependent"
8,2918,"dependent"
6,2919,"dependent"
6,2920,"dependent"
2,2921,"dependent"
6,2922,"dependent"
6,2923,"dependent"
4,2924,"dependent"
8,2925,"dependent"
4,2926,"dependent"
4,2927,"dependent"
6,2928,"dependent"
4,2929,"dependent"
8,2930,"dependent"
6,2931,"dependent"
6,2932,"dependent"
8,2933,"dependent"
4,2934,"dependent"
6,2935,"dependent"
8,2936,"dependent"
6,2937,"dependent"
6,2938,"dependent"
10,2939,"dependent"
6,2940,"dependent"
8,2941,"dependent"
8,2942,"dependent"
8,2943,"dependent"
6,2944,"dependent"
8,2945,"dependent"
6,2946,"dependent"
6,2947,"dependent"
8,2948,"dependent"
2,2949,"dependent"
8,2950,"dependent"
4,2951,"dependent"
6,2952,"dependent"
6,2953,"dependent"
8,2954,"dependent"
10,2955,"dependent"
4,2956,"dependent"
6,2957,"dependent"
6,2958,"dependent"
6,2959,"dependent"
4,2960,"dependent"
6,2961,"dependent"
4,2962,"dependent"
8,2963,"dependent"
10,2964,"dependent"
6,2965,"dependent"
8,2966,"dependent"
4,2967,"dependent"
8,2968,"dependent"
6,2969,"dependent"
6,2970,"dependent"
6,2971,"dependent"
6,2972,"dependent"
6,2973,"dependent"
6,2974,"dependent"
4,2975,"dependent"
6,2976,"dependent"
6,2977,"dependent"
4,2978,"dependent"
6,2979,"dependent"
8,2980,"dependent"
6,2981,"dependent"
6,2982,"dependent"
6,2983,"dependent"
8,2984,"dependent"
8,2985,"dependent"
2,2986,"dependent"
6,2987,"dependent"
4,2988,"dependent"
6,2989,"dependent"
8,2990,"dependent"
4,2991,"dependent"
6,2992,"dependent"
8,2993,"dependent"
8,2994,"dependent"
6,2995,"dependent"
8,2996,"dependent"
4,2997,"dependent"
6,2998,"dependent"
6,2999,"dependent"
6,3000,"dependent"
6,3001,"dependent"
4,3002,"dependent"
4,3003,"dependent"
4,3004,"dependent"
6,3005,"dependent"
4,3006,"dependent"
4,3007,"dependent"
8,3008,"dependent"
6,3009,"dependent"
8,3010,"dependent"
6,3011,"dependent"
4,3012,"dependent"
6,3013,"dependent"
8,3014,"dependent"
2,3015,"dependent"
4,3016,"dependent"
6,3017,"dependent"
8,3018,"dependent"
6,3019,"dependent"
6,3020,"dependent"
6,3021,"dependent"
6,3022,"dependent"
4,3023,"dependent"
8,3024,"dependent"
8,3025,"dependent"
4,3026,"dependent"
4,3027,"dependent"
6,3028,"dependent"
6,3029,"dependent"
6,3030,"dependent"
6,3031,"dependent"
8,3032,"dependent"
8,3033,"dependent"
10,3034,"dependent"
8,3035,"dependent"
6,3036,"dependent"
6,3037,"dependent"
6,3038,"dependent"
4,3039,"dependent"
6,3040,"dependent"
8,3041,"dependent"
6,3042,"dependent"
6,3043,"dependent"
4,3044,"dependent"
8,3045,"dependent"
8,3046,"dependent"
4,3047,"dependent"
8,3048,"dependent"
8,3049,"dependent"
6,3050,"dependent"
6,3051,"dependent"
8,3052,"dependent"
8,3053,"dependent"
2,3054,"dependent"
6,3055,"dependent"
4,3056,"dependent"
6,3057,"dependent"
2,3058,"dependent"
6,3059,"dependent"
8,3060,"dependent"
8,3061,"dependent"
6,3062,"dependent"
8,3063,"dependent"
8,3064,"dependent"
4,3065,"dependent"
8,3066,"dependent"
4,3067,"dependent"
8,3068,"dependent"
8,3069,"dependent"
8,3070,"dependent"
6,3071,"dependent"
6,3072,"dependent"
6,3073,"dependent"
6,3074,"dependent"
6,3075,"dependent"
6,3076,"dependent"
6,3077,"dependent"
6,3078,"dependent"
6,3079,"dependent"
8,3080,"dependent"
6,3081,"dependent"
4,3082,"dependent"
6,3083,"dependent"
6,3084,"dependent"
8,3085,"dependent"
10,3086,"dependent"
4,3087,"dependent"
4,3088,"dependent"
6,3089,"dependent"
4,3090,"dependent"
2,3091,"dependent"
10,3092,"dependent"
8,3093,"dependent"
4,3094,"dependent"
6,3095,"dependent"
2,3096,"dependent"
8,3097,"dependent"
6,3098,"dependent"
6,3099,"dependent"
4,3100,"dependent"
6,3101,"dependent"
8,3102,"dependent"
4,3103,"dependent"
6,3104,"dependent"
4,3105,"dependent"
6,3106,"dependent"
2,3107,"dependent"
8,3108,"dependent"
8,3109,"dependent"
8,3110,"dependent"
6,3111,"dependent"
6,3112,"dependent"
4,3113,"dependent"
6,3114,"dependent"
4,3115,"dependent"
8,3116,"dependent"
6,3117,"dependent"
4,3118,"dependent"
6,3119,"dependent"
6,3120,"dependent"
4,3121,"dependent"
4,3122,"dependent"
4,3123,"dependent"
6,3124,"dependent"
6,3125,"dependent"
4,3126,"dependent"
4,3127,"dependent"
10,3128,"dependent"
10,3129,"dependent"
4,3130,"dependent"
10,3131,"dependent"
8,3132,"dependent"
8,3133,"dependent"
8,3134,"dependent"
8,3135,"dependent"
6,3136,"dependent"
6,3137,"dependent"
4,3138,"dependent"
6,3139,"dependent"
8,3140,"dependent"
4,3141,"dependent"
6,3142,"dependent"
0,3143,"dependent"
8,3144,"dependent"
10,3145,"dependent"
6,3146,"dependent"
4,3147,"dependent"
2,3148,"dependent"
8,3149,"dependent"
8,3150,"dependent"
8,3151,"dependent"
6,3152,"dependent"
4,3153,"dependent"
4,3154,"dependent"
6,3155,"dependent"
6,3156,"dependent"
2,3157,"dependent"
8,3158,"dependent"
8,3159,"dependent"
4,3160,"dependent"
6,3161,"dependent"
6,3162,"dependent"
6,3163,"dependent"
10,3164,"dependent"
6,3165,"dependent"
0,3166,"dependent"
6,3167,"dependent"
6,3168,"dependent"
6,3169,"dependent"
4,3170,"dependent"
8,3171,"dependent"
6,3172,"dependent"
6,3173,"dependent"
4,3174,"dependent"
6,3175,"dependent"
6,3176,"dependent"
8,3177,"dependent"
8,3178,"dependent"
6,3179,"dependent"
4,3180,"dependent"
8,3181,"dependent"
4,3182,"dependent"
2,3183,"dependent"
10,3184,"dependent"
2,3185,"dependent"
8,3186,"dependent"
6,3187,"dependent"
8,3188,"dependent"
6,3189,"dependent"
8,3190,"dependent"
6,3191,"dependent"
6,3192,"dependent"
8,3193,"dependent"
2,3194,"dependent"
4,3195,"dependent"
4,3196,"dependent"
4,3197,"dependent"
6,3198,"dependent"
4,3199,"dependent"
8,3200,"dependent"
8,3201,"dependent"
6,3202,"dependent"
6,3203,"dependent"
8,3204,"dependent"
6,3205,"dependent"
6,3206,"dependent"
6,3207,"dependent"
8,3208,"dependent"
4,3209,"dependent"
8,3210,"dependent"
4,3211,"dependent"
6,3212,"dependent"
4,3213,"dependent"
6,3214,"dependent"
4,3215,"dependent"
6,3216,"dependent"
4,3217,"dependent"
8,3218,"dependent"
4,3219,"dependent"
4,3220,"dependent"
8,3221,"dependent"
6,3222,"dependent"
6,3223,"dependent"
4,3224,"dependent"
8,3225,"dependent"
6,3226,"dependent"
6,3227,"dependent"
6,3228,"dependent"
6,3229,"dependent"
6,3230,"dependent"
6,3231,"dependent"
6,3232,"dependent"
8,3233,"dependent"
8,3234,"dependent"
8,3235,"dependent"
6,3236,"dependent"
4,3237,"dependent"
8,3238,"dependent"
4,3239,"dependent"
6,3240,"dependent"
6,3241,"dependent"
6,3242,"dependent"
8,3243,"dependent"
8,3244,"dependent"
8,3245,"dependent"
4,3246,"dependent"
8,3247,"dependent"
6,3248,"dependent"
6,3249,"dependent"
8,3250,"dependent"
8,3251,"dependent"
8,3252,"dependent"
6,3253,"dependent"
4,3254,"dependent"
6,3255,"dependent"
4,3256,"dependent"
6,3257,"dependent"
6,3258,"dependent"
6,3259,"dependent"
6,3260,"dependent"
8,3261,"dependent"
6,3262,"dependent"
8,3263,"dependent"
4,3264,"dependent"
6,3265,"dependent"
4,3266,"dependent"
4,3267,"dependent"
6,3268,"dependent"
6,3269,"dependent"
6,3270,"dependent"
6,3271,"dependent"
4,3272,"dependent"
4,3273,"dependent"
8,3274,"dependent"
4,3275,"dependent"
8,3276,"dependent"
6,3277,"dependent"
6,3278,"dependent"
8,3279,"dependent"
6,3280,"dependent"
4,3281,"dependent"
8,3282,"dependent"
8,3283,"dependent"
4,3284,"dependent"
6,3285,"dependent"
4,3286,"dependent"
8,3287,"dependent"
4,3288,"dependent"
6,3289,"dependent"
6,3290,"dependent"
6,3291,"dependent"
8,3292,"dependent"
6,3293,"dependent"
2,3294,"dependent"
6,3295,"dependent"
4,3296,"dependent"
6,3297,"dependent"
8,3298,"dependent"
6,3299,"dependent"
4,3300,"dependent"
8,3301,"dependent"
4,3302,"dependent"
6,3303,"dependent"
0,3304,"dependent"
8,3305,"dependent"
4,3306,"dependent"
4,3307,"dependent"
6,3308,"dependent"
8,3309,"dependent"
8,3310,"dependent"
6,3311,"dependent"
6,3312,"dependent"
6,3313,"dependent"
6,3314,"dependent"
2,3315,"dependent"
6,3316,"dependent"
8,3317,"dependent"
6,3318,"dependent"
6,3319,"dependent"
8,3320,"dependent"
6,3321,"dependent"
6,3322,"dependent"
6,3323,"dependent"
6,3324,"dependent"
6,3325,"dependent"
4,3326,"dependent"
4,3327,"dependent"
6,3328,"dependent"
4,3329,"dependent"
6,3330,"dependent"
8,3331,"dependent"
6,3332,"dependent"
8,3333,"dependent"
6,3334,"dependent"
8,3335,"dependent"
8,3336,"dependent"
6,3337,"dependent"
8,3338,"dependent"
8,3339,"dependent"
8,3340,"dependent"
10,3341,"dependent"
4,3342,"dependent"
6,3343,"dependent"
6,3344,"dependent"
4,3345,"dependent"
8,3346,"dependent"
8,3347,"dependent"
4,3348,"dependent"
4,3349,"dependent"
8,3350,"dependent"
6,3351,"dependent"
4,3352,"dependent"
4,3353,"dependent"
4,3354,"dependent"
6,3355,"dependent"
6,3356,"dependent"
6,3357,"dependent"
6,3358,"dependent"
8,3359,"dependent"
6,3360,"dependent"
6,3361,"dependent"
4,3362,"dependent"
6,3363,"dependent"
6,3364,"dependent"
8,3365,"dependent"
6,3366,"dependent"
8,3367,"dependent"
4,3368,"dependent"
6,3369,"dependent"
4,3370,"dependent"
6,3371,"dependent"
2,3372,"dependent"
8,3373,"dependent"
6,3374,"dependent"
6,3375,"dependent"
2,3376,"dependent"
6,3377,"dependent"
6,3378,"dependent"
2,3379,"dependent"
8,3380,"dependent"
8,3381,"dependent"
4,3382,"dependent"
0,3383,"dependent"
8,3384,"dependent"
8,3385,"dependent"
10,3386,"dependent"
6,3387,"dependent"
8,3388,"dependent"
8,3389,"dependent"
6,3390,"dependent"
8,3391,"dependent"
6,3392,"dependent"
4,3393,"dependent"
8,3394,"dependent"
4,3395,"dependent"
6,3396,"dependent"
6,3397,"dependent"
8,3398,"dependent"
10,3399,"dependent"
8,3400,"dependent"
6,3401,"dependent"
8,3402,"dependent"
6,3403,"dependent"
8,3404,"dependent"
6,3405,"dependent"
6,3406,"dependent"
6,3407,"dependent"
6,3408,"dependent"
6,3409,"dependent"
4,3410,"dependent"
6,3411,"dependent"
4,3412,"dependent"
8,3413,"dependent"
6,3414,"dependent"
6,3415,"dependent"
6,3416,"dependent"
6,3417,"dependent"
6,3418,"dependent"
6,3419,"dependent"
4,3420,"dependent"
8,3421,"dependent"
4,3422,"dependent"
6,3423,"dependent"
4,3424,"dependent"
8,3425,"dependent"
6,3426,"dependent"
6,3427,"dependent"
6,3428,"dependent"
6,3429,"dependent"
6,3430,"dependent"
8,3431,"dependent"
6,3432,"dependent"
6,3433,"dependent"
2,3434,"dependent"
6,3435,"dependent"
6,3436,"dependent"
6,3437,"dependent"
8,3438,"dependent"
8,3439,"dependent"
6,3440,"dependent"
8,3441,"dependent"
4,3442,"dependent"
8,3443,"dependent"
8,3444,"dependent"
4,3445,"dependent"
6,3446,"dependent"
8,3447,"dependent"
4,3448,"dependent"
4,3449,"dependent"
4,3450,"dependent"
6,3451,"dependent"
8,3452,"dependent"
6,3453,"dependent"
2,3454,"dependent"
6,3455,"dependent"
6,3456,"dependent"
6,3457,"dependent"
4,3458,"dependent"
6,3459,"dependent"
6,3460,"dependent"
6,3461,"dependent"
8,3462,"dependent"
6,3463,"dependent"
8,3464,"dependent"
2,3465,"dependent"
8,3466,"dependent"
4,3467,"dependent"
6,3468,"dependent"
4,3469,"dependent"
8,3470,"dependent"
8,3471,"dependent"
6,3472,"dependent"
6,3473,"dependent"
4,3474,"dependent"
6,3475,"dependent"
4,3476,"dependent"
6,3477,"dependent"
6,3478,"dependent"
6,3479,"dependent"
8,3480,"dependent"
2,3481,"dependent"
8,3482,"dependent"
6,3483,"dependent"
8,3484,"dependent"
8,3485,"dependent"
6,3486,"dependent"
4,3487,"dependent"
4,3488,"dependent"
8,3489,"dependent"
6,3490,"dependent"
6,3491,"dependent"
8,3492,"dependent"
6,3493,"dependent"
4,3494,"dependent"
6,3495,"dependent"
6,3496,"dependent"
6,3497,"dependent"
8,3498,"dependent"
8,3499,"dependent"
6,3500,"dependent"
8,3501,"dependent"
8,3502,"dependent"
8,3503,"dependent"
6,3504,"dependent"
8,3505,"dependent"
4,3506,"dependent"
6,3507,"dependent"
6,3508,"dependent"
8,3509,"dependent"
6,3510,"dependent"
8,3511,"dependent"
8,3512,"dependent"
6,3513,"dependent"
8,3514,"dependent"
6,3515,"dependent"
2,3516,"dependent"
6,3517,"dependent"
6,3518,"dependent"
4,3519,"dependent"
4,3520,"dependent"
8,3521,"dependent"
6,3522,"dependent"
8,3523,"dependent"
2,3524,"dependent"
6,3525,"dependent"
8,3526,"dependent"
8,3527,"dependent"
10,3528,"dependent"
6,3529,"dependent"
4,3530,"dependent"
10,3531,"dependent"
4,3532,"dependent"
6,3533,"dependent"
4,3534,"dependent"
8,3535,"dependent"
6,3536,"dependent"
4,3537,"dependent"
6,3538,"dependent"
6,3539,"dependent"
6,3540,"dependent"
4,3541,"dependent"
4,3542,"dependent"
6,3543,"dependent"
8,3544,"dependent"
6,3545,"dependent"
6,3546,"dependent"
4,3547,"dependent"
4,3548,"dependent"
8,3549,"dependent"
8,3550,"dependent"
8,3551,"dependent"
8,3552,"dependent"
6,3553,"dependent"
4,3554,"dependent"
4,3555,"dependent"
4,3556,"dependent"
6,3557,"dependent"
8,3558,"dependent"
8,3559,"dependent"
6,3560,"dependent"
6,3561,"dependent"
8,3562,"dependent"
6,3563,"dependent"
4,3564,"dependent"
6,3565,"dependent"
8,3566,"dependent"
6,3567,"dependent"
6,3568,"dependent"
6,3569,"dependent"
6,3570,"dependent"
4,3571,"dependent"
4,3572,"dependent"
4,3573,"dependent"
2,3574,"dependent"
6,3575,"dependent"
6,3576,"dependent"
8,3577,"dependent"
8,3578,"dependent"
6,3579,"dependent"
8,3580,"dependent"
6,3581,"dependent"
4,3582,"dependent"
6,3583,"dependent"
8,3584,"dependent"
6,3585,"dependent"
6,3586,"dependent"
8,3587,"dependent"
8,3588,"dependent"
4,3589,"dependent"
6,3590,"dependent"
8,3591,"dependent"
8,3592,"dependent"
6,3593,"dependent"
6,3594,"dependent"
6,3595,"dependent"
8,3596,"dependent"
8,3597,"dependent"
8,3598,"dependent"
6,3599,"dependent"
6,3600,"dependent"
6,3601,"dependent"
8,3602,"dependent"
4,3603,"dependent"
4,3604,"dependent"
8,3605,"dependent"
6,3606,"dependent"
8,3607,"dependent"
8,3608,"dependent"
6,3609,"dependent"
4,3610,"dependent"
6,3611,"dependent"
6,3612,"dependent"
6,3613,"dependent"
8,3614,"dependent"
6,3615,"dependent"
8,3616,"dependent"
8,3617,"dependent"
6,3618,"dependent"
2,3619,"dependent"
8,3620,"dependent"
6,3621,"dependent"
4,3622,"dependent"
0,3623,"dependent"
6,3624,"dependent"
4,3625,"dependent"
4,3626,"dependent"
4,3627,"dependent"
6,3628,"dependent"
8,3629,"dependent"
4,3630,"dependent"
2,3631,"dependent"
6,3632,"dependent"
6,3633,"dependent"
4,3634,"dependent"
4,3635,"dependent"
8,3636,"dependent"
6,3637,"dependent"
6,3638,"dependent"
6,3639,"dependent"
2,3640,"dependent"
4,3641,"dependent"
8,3642,"dependent"
8,3643,"dependent"
4,3644,"dependent"
4,3645,"dependent"
4,3646,"dependent"
8,3647,"dependent"
6,3648,"dependent"
6,3649,"dependent"
6,3650,"dependent"
4,3651,"dependent"
6,3652,"dependent"
8,3653,"dependent"
6,3654,"dependent"
8,3655,"dependent"
6,3656,"dependent"
4,3657,"dependent"
8,3658,"dependent"
8,3659,"dependent"
8,3660,"dependent"
4,3661,"dependent"
8,3662,"dependent"
6,3663,"dependent"
6,3664,"dependent"
8,3665,"dependent"
6,3666,"dependent"
2,3667,"dependent"
6,3668,"dependent"
4,3669,"dependent"
8,3670,"dependent"
6,3671,"dependent"
6,3672,"dependent"
6,3673,"dependent"
4,3674,"dependent"
6,3675,"dependent"
8,3676,"dependent"
8,3677,"dependent"
4,3678,"dependent"
6,3679,"dependent"
6,3680,"dependent"
8,3681,"dependent"
8,3682,"dependent"
6,3683,"dependent"
6,3684,"dependent"
6,3685,"dependent"
6,3686,"dependent"
6,3687,"dependent"
6,3688,"dependent"
2,3689,"dependent"
4,3690,"dependent"
6,3691,"dependent"
6,3692,"dependent"
6,3693,"dependent"
4,3694,"dependent"
8,3695,"dependent"
6,3696,"dependent"
6,3697,"dependent"
4,3698,"dependent"
4,3699,"dependent"
6,3700,"dependent"
4,3701,"dependent"
4,3702,"dependent"
6,3703,"dependent"
4,3704,"dependent"
6,3705,"dependent"
6,3706,"dependent"
4,3707,"dependent"
6,3708,"dependent"
10,3709,"dependent"
6,3710,"dependent"
6,3711,"dependent"
6,3712,"dependent"
8,3713,"dependent"
8,3714,"dependent"
6,3715,"dependent"
8,3716,"dependent"
4,3717,"dependent"
4,3718,"dependent"
8,3719,"dependent"
8,3720,"dependent"
6,3721,"dependent"
6,3722,"dependent"
8,3723,"dependent"
6,3724,"dependent"
4,3725,"dependent"
6,3726,"dependent"
6,3727,"dependent"
10,3728,"dependent"
8,3729,"dependent"
4,3730,"dependent"
8,3731,"dependent"
2,3732,"dependent"
6,3733,"dependent"
8,3734,"dependent"
6,3735,"dependent"
6,3736,"dependent"
6,3737,"dependent"
2,3738,"dependent"
2,3739,"dependent"
8,3740,"dependent"
6,3741,"dependent"
6,3742,"dependent"
6,3743,"dependent"
6,3744,"dependent"
6,3745,"dependent"
6,3746,"dependent"
8,3747,"dependent"
6,3748,"dependent"
6,3749,"dependent"
4,3750,"dependent"
8,3751,"dependent"
4,3752,"dependent"
8,3753,"dependent"
6,3754,"dependent"
8,3755,"dependent"
4,3756,"dependent"
6,3757,"dependent"
6,3758,"dependent"
6,3759,"dependent"
4,3760,"dependent"
4,3761,"dependent"
6,3762,"dependent"
4,3763,"dependent"
4,3764,"dependent"
6,3765,"dependent"
4,3766,"dependent"
6,3767,"dependent"
8,3768,"dependent"
6,3769,"dependent"
4,3770,"dependent"
8,3771,"dependent"
6,3772,"dependent"
6,3773,"dependent"
2,3774,"dependent"
8,3775,"dependent"
4,3776,"dependent"
6,3777,"dependent"
2,3778,"dependent"
2,3779,"dependent"
4,3780,"dependent"
6,3781,"dependent"
8,3782,"dependent"
4,3783,"dependent"
4,3784,"dependent"
8,3785,"dependent"
4,3786,"dependent"
4,3787,"dependent"
4,3788,"dependent"
8,3789,"dependent"
8,3790,"dependent"
6,3791,"dependent"
8,3792,"dependent"
8,3793,"dependent"
6,3794,"dependent"
4,3795,"dependent"
4,3796,"dependent"
4,3797,"dependent"
6,3798,"dependent"
4,3799,"dependent"
8,3800,"dependent"
6,3801,"dependent"
6,3802,"dependent"
8,3803,"dependent"
6,3804,"dependent"
4,3805,"dependent"
6,3806,"dependent"
8,3807,"dependent"
4,3808,"dependent"
6,3809,"dependent"
6,3810,"dependent"
8,3811,"dependent"
6,3812,"dependent"
6,3813,"dependent"
6,3814,"dependent"
6,3815,"dependent"
4,3816,"dependent"
6,3817,"dependent"
6,3818,"dependent"
4,3819,"dependent"
8,3820,"dependent"
6,3821,"dependent"
4,3822,"dependent"
6,3823,"dependent"
6,3824,"dependent"
8,3825,"dependent"
10,3826,"dependent"
6,3827,"dependent"
6,3828,"dependent"
2,3829,"dependent"
6,3830,"dependent"
8,3831,"dependent"
4,3832,"dependent"
2,3833,"dependent"
0,3834,"dependent"
6,3835,"dependent"
6,3836,"dependent"
2,3837,"dependent"
4,3838,"dependent"
8,3839,"dependent"
4,3840,"dependent"
6,3841,"dependent"
4,3842,"dependent"
8,3843,"dependent"
6,3844,"dependent"
6,3845,"dependent"
8,3846,"dependent"
4,3847,"dependent"
6,3848,"dependent"
8,3849,"dependent"
6,3850,"dependent"
8,3851,"dependent"
6,3852,"dependent"
4,3853,"dependent"
6,3854,"dependent"
2,3855,"dependent"
4,3856,"dependent"
2,3857,"dependent"
6,3858,"dependent"
6,3859,"dependent"
8,3860,"dependent"
6,3861,"dependent"
4,3862,"dependent"
4,3863,"dependent"
8,3864,"dependent"
4,3865,"dependent"
2,3866,"dependent"
6,3867,"dependent"
4,3868,"dependent"
6,3869,"dependent"
10,3870,"dependent"
6,3871,"dependent"
8,3872,"dependent"
8,3873,"dependent"
4,3874,"dependent"
4,3875,"dependent"
8,3876,"dependent"
8,3877,"dependent"
4,3878,"dependent"
6,3879,"dependent"
8,3880,"dependent"
2,3881,"dependent"
4,3882,"dependent"
6,3883,"dependent"
6,3884,"dependent"
6,3885,"dependent"
4,3886,"dependent"
6,3887,"dependent"
4,3888,"dependent"
6,3889,"dependent"
6,3890,"dependent"
6,3891,"dependent"
4,3892,"dependent"
6,3893,"dependent"
4,3894,"dependent"
6,3895,"dependent"
4,3896,"dependent"
6,3897,"dependent"
4,3898,"dependent"
8,3899,"dependent"
6,3900,"dependent"
8,3901,"dependent"
6,3902,"dependent"
4,3903,"dependent"
8,3904,"dependent"
8,3905,"dependent"
6,3906,"dependent"
6,3907,"dependent"
6,3908,"dependent"
6,3909,"dependent"
6,3910,"dependent"
4,3911,"dependent"
6,3912,"dependent"
8,3913,"dependent"
6,3914,"dependent"
6,3915,"dependent"
8,3916,"dependent"
8,3917,"dependent"
6,3918,"dependent"
4,3919,"dependent"
4,3920,"dependent"
6,3921,"dependent"
6,3922,"dependent"
6,3923,"dependent"
8,3924,"dependent"
6,3925,"dependent"
8,3926,"dependent"
8,3927,"dependent"
4,3928,"dependent"
2,3929,"dependent"
8,3930,"dependent"
8,3931,"dependent"
8,3932,"dependent"
8,3933,"dependent"
4,3934,"dependent"
4,3935,"dependent"
6,3936,"dependent"
6,3937,"dependent"
6,3938,"dependent"
8,3939,"dependent"
8,3940,"dependent"
4,3941,"dependent"
6,3942,"dependent"
4,3943,"dependent"
8,3944,"dependent"
4,3945,"dependent"
6,3946,"dependent"
6,3947,"dependent"
6,3948,"dependent"
6,3949,"dependent"
4,3950,"dependent"
6,3951,"dependent"
6,3952,"dependent"
4,3953,"dependent"
8,3954,"dependent"
8,3955,"dependent"
6,3956,"dependent"
6,3957,"dependent"
6,3958,"dependent"
6,3959,"dependent"
2,3960,"dependent"
8,3961,"dependent"
6,3962,"dependent"
6,3963,"dependent"
8,3964,"dependent"
4,3965,"dependent"
6,3966,"dependent"
6,3967,"dependent"
6,3968,"dependent"
6,3969,"dependent"
6,3970,"dependent"
8,3971,"dependent"
8,3972,"dependent"
4,3973,"dependent"
6,3974,"dependent"
8,3975,"dependent"
8,3976,"dependent"
4,3977,"dependent"
8,3978,"dependent"
8,3979,"dependent"
6,3980,"dependent"
8,3981,"dependent"
8,3982,"dependent"
10,3983,"dependent"
4,3984,"dependent"
6,3985,"dependent"
6,3986,"dependent"
6,3987,"dependent"
6,3988,"dependent"
6,3989,"dependent"
6,3990,"dependent"
8,3991,"dependent"
4,3992,"dependent"
8,3993,"dependent"
4,3994,"dependent"
8,3995,"dependent"
6,3996,"dependent"
6,3997,"dependent"
6,3998,"dependent"
4,3999,"dependent"
8,4000,"dependent"
6,4001,"dependent"
6,4002,"dependent"
2,4003,"dependent"
6,4004,"dependent"
6,4005,"dependent"
6,4006,"dependent"
6,4007,"dependent"
6,4008,"dependent"
4,4009,"dependent"
8,4010,"dependent"
4,4011,"dependent"
6,4012,"dependent"
8,4013,"dependent"
4,4014,"dependent"
6,4015,"dependent"
4,4016,"dependent"
6,4017,"dependent"
6,4018,"dependent"
0,4019,"dependent"
8,4020,"dependent"
8,4021,"dependent"
6,4022,"dependent"
6,4023,"dependent"
4,4024,"dependent"
4,4025,"dependent"
6,4026,"dependent"
4,4027,"dependent"
4,4028,"dependent"
2,4029,"dependent"
4,4030,"dependent"
6,4031,"dependent"
4,4032,"dependent"
4,4033,"dependent"
4,4034,"dependent"
6,4035,"dependent"
6,4036,"dependent"
8,4037,"dependent"
6,4038,"dependent"
8,4039,"dependent"
6,4040,"dependent"
8,4041,"dependent"
6,4042,"dependent"
4,4043,"dependent"
6,4044,"dependent"
4,4045,"dependent"
6,4046,"dependent"
4,4047,"dependent"
8,4048,"dependent"
6,4049,"dependent"
4,4050,"dependent"
8,4051,"dependent"
6,4052,"dependent"
6,4053,"dependent"
8,4054,"dependent"
2,4055,"dependent"
8,4056,"dependent"
8,4057,"dependent"
6,4058,"dependent"
8,4059,"dependent"
8,4060,"dependent"
4,4061,"dependent"
10,4062,"dependent"
8,4063,"dependent"
6,4064,"dependent"
8,4065,"dependent"
8,4066,"dependent"
8,4067,"dependent"
4,4068,"dependent"
4,4069,"dependent"
4,4070,"dependent"
6,4071,"dependent"
8,4072,"dependent"
4,4073,"dependent"
6,4074,"dependent"
6,4075,"dependent"
8,4076,"dependent"
8,4077,"dependent"
6,4078,"dependent"
6,4079,"dependent"
2,4080,"dependent"
6,4081,"dependent"
6,4082,"dependent"
10,4083,"dependent"
10,4084,"dependent"
4,4085,"dependent"
4,4086,"dependent"
6,4087,"dependent"
6,4088,"dependent"
8,4089,"dependent"
6,4090,"dependent"
4,4091,"dependent"
4,4092,"dependent"
6,4093,"dependent"
6,4094,"dependent"
6,4095,"dependent"
8,4096,"dependent"
6,4097,"dependent"
6,4098,"dependent"
6,4099,"dependent"
6,4100,"dependent"
8,4101,"dependent"
6,4102,"dependent"
6,4103,"dependent"
2,4104,"dependent"
8,4105,"dependent"
10,4106,"dependent"
8,4107,"dependent"
6,4108,"dependent"
8,4109,"dependent"
6,4110,"dependent"
8,4111,"dependent"
4,4112,"dependent"
6,4113,"dependent"
8,4114,"dependent"
6,4115,"dependent"
6,4116,"dependent"
2,4117,"dependent"
6,4118,"dependent"
6,4119,"dependent"
8,4120,"dependent"
6,4121,"dependent"
6,4122,"dependent"
8,4123,"dependent"
8,4124,"dependent"
8,4125,"dependent"
6,4126,"dependent"
4,4127,"dependent"
6,4128,"dependent"
6,4129,"dependent"
2,4130,"dependent"
6,4131,"dependent"
6,4132,"dependent"
6,4133,"dependent"
6,4134,"dependent"
4,4135,"dependent"
4,4136,"dependent"
6,4137,"dependent"
8,4138,"dependent"
6,4139,"dependent"
8,4140,"dependent"
6,4141,"dependent"
8,4142,"dependent"
4,4143,"dependent"
4,4144,"dependent"
4,4145,"dependent"
6,4146,"dependent"
8,4147,"dependent"
2,4148,"dependent"
4,4149,"dependent"
4,4150,"dependent"
4,4151,"dependent"
8,4152,"dependent"
8,4153,"dependent"
4,4154,"dependent"
4,4155,"dependent"
8,4156,"dependent"
6,4157,"dependent"
6,4158,"dependent"
4,4159,"dependent"
8,4160,"dependent"
8,4161,"dependent"
6,4162,"dependent"
8,4163,"dependent"
6,4164,"dependent"
6,4165,"dependent"
6,4166,"dependent"
6,4167,"dependent"
8,4168,"dependent"
2,4169,"dependent"
6,4170,"dependent"
4,4171,"dependent"
4,4172,"dependent"
4,4173,"dependent"
8,4174,"dependent"
2,4175,"dependent"
6,4176,"dependent"
4,4177,"dependent"
8,4178,"dependent"
8,4179,"dependent"
4,4180,"dependent"
6,4181,"dependent"
6,4182,"dependent"
8,4183,"dependent"
4,4184,"dependent"
8,4185,"dependent"
4,4186,"dependent"
6,4187,"dependent"
6,4188,"dependent"
8,4189,"dependent"
4,4190,"dependent"
6,4191,"dependent"
6,4192,"dependent"
6,4193,"dependent"
6,4194,"dependent"
6,4195,"dependent"
6,4196,"dependent"
6,4197,"dependent"
6,4198,"dependent"
8,4199,"dependent"
4,4200,"dependent"
6,4201,"dependent"
8,4202,"dependent"
6,4203,"dependent"
6,4204,"dependent"
6,4205,"dependent"
6,4206,"dependent"
8,4207,"dependent"
8,4208,"dependent"
8,4209,"dependent"
10,4210,"dependent"
8,4211,"dependent"
8,4212,"dependent"
2,4213,"dependent"
6,4214,"dependent"
4,4215,"dependent"
4,4216,"dependent"
8,4217,"dependent"
8,4218,"dependent"
6,4219,"dependent"
6,4220,"dependent"
8,4221,"dependent"
8,4222,"dependent"
6,4223,"dependent"
6,4224,"dependent"
8,4225,"dependent"
8,4226,"dependent"
4,4227,"dependent"
6,4228,"dependent"
6,4229,"dependent"
6,4230,"dependent"
6,4231,"dependent"
4,4232,"dependent"
6,4233,"dependent"
4,4234,"dependent"
8,4235,"dependent"
4,4236,"dependent"
10,4237,"dependent"
6,4238,"dependent"
2,4239,"dependent"
10,4240,"dependent"
8,4241,"dependent"
8,4242,"dependent"
6,4243,"dependent"
6,4244,"dependent"
8,4245,"dependent"
8,4246,"dependent"
4,4247,"dependent"
8,4248,"dependent"
10,4249,"dependent"
6,4250,"dependent"
8,4251,"dependent"
8,4252,"dependent"
6,4253,"dependent"
4,4254,"dependent"
4,4255,"dependent"
6,4256,"dependent"
6,4257,"dependent"
8,4258,"dependent"
6,4259,"dependent"
6,4260,"dependent"
6,4261,"dependent"
8,4262,"dependent"
6,4263,"dependent"
4,4264,"dependent"
6,4265,"dependent"
8,4266,"dependent"
6,4267,"dependent"
6,4268,"dependent"
8,4269,"dependent"
2,4270,"dependent"
6,4271,"dependent"
6,4272,"dependent"
6,4273,"dependent"
6,4274,"dependent"
8,4275,"dependent"
6,4276,"dependent"
6,4277,"dependent"
6,4278,"dependent"
0,4279,"dependent"
6,4280,"dependent"
8,4281,"dependent"
8,4282,"dependent"
8,4283,"dependent"
6,4284,"dependent"
6,4285,"dependent"
6,4286,"dependent"
8,4287,"dependent"
4,4288,"dependent"
4,4289,"dependent"
8,4290,"dependent"
8,4291,"dependent"
2,4292,"dependent"
6,4293,"dependent"
4,4294,"dependent"
4,4295,"dependent"
6,4296,"dependent"
6,4297,"dependent"
6,4298,"dependent"
6,4299,"dependent"
6,4300,"dependent"
6,4301,"dependent"
8,4302,"dependent"
8,4303,"dependent"
6,4304,"dependent"
6,4305,"dependent"
6,4306,"dependent"
6,4307,"dependent"
4,4308,"dependent"
8,4309,"dependent"
4,4310,"dependent"
8,4311,"dependent"
4,4312,"dependent"
6,4313,"dependent"
8,4314,"dependent"
6,4315,"dependent"
8,4316,"dependent"
6,4317,"dependent"
6,4318,"dependent"
6,4319,"dependent"
4,4320,"dependent"
4,4321,"dependent"
8,4322,"dependent"
6,4323,"dependent"
6,4324,"dependent"
4,4325,"dependent"
4,4326,"dependent"
4,4327,"dependent"
4,4328,"dependent"
6,4329,"dependent"
6,4330,"dependent"
4,4331,"dependent"
6,4332,"dependent"
6,4333,"dependent"
6,4334,"dependent"
6,4335,"dependent"
4,4336,"dependent"
4,4337,"dependent"
4,4338,"dependent"
6,4339,"dependent"
6,4340,"dependent"
8,4341,"dependent"
6,4342,"dependent"
6,4343,"dependent"
8,4344,"dependent"
8,4345,"dependent"
8,4346,"dependent"
6,4347,"dependent"
6,4348,"dependent"
6,4349,"dependent"
6,4350,"dependent"
6,4351,"dependent"
8,4352,"dependent"
8,4353,"dependent"
8,4354,"dependent"
8,4355,"dependent"
6,4356,"dependent"
10,4357,"dependent"
8,4358,"dependent"
8,4359,"dependent"
8,4360,"dependent"
8,4361,"dependent"
6,4362,"dependent"
6,4363,"dependent"
4,4364,"dependent"
6,4365,"dependent"
8,4366,"dependent"
6,4367,"dependent"
6,4368,"dependent"
8,4369,"dependent"
8,4370,"dependent"
6,4371,"dependent"
4,4372,"dependent"
6,4373,"dependent"
6,4374,"dependent"
4,4375,"dependent"
8,4376,"dependent"
4,4377,"dependent"
6,4378,"dependent"
2,4379,"dependent"
6,4380,"dependent"
4,4381,"dependent"
6,4382,"dependent"
6,4383,"dependent"
6,4384,"dependent"
6,4385,"dependent"
4,4386,"dependent"
4,4387,"dependent"
4,4388,"dependent"
4,4389,"dependent"
8,4390,"dependent"
2,4391,"dependent"
4,4392,"dependent"
4,4393,"dependent"
8,4394,"dependent"
6,4395,"dependent"
8,4396,"dependent"
4,4397,"dependent"
8,4398,"dependent"
6,4399,"dependent"
8,4400,"dependent"
6,4401,"dependent"
8,4402,"dependent"
8,4403,"dependent"
6,4404,"dependent"
6,4405,"dependent"
8,4406,"dependent"
4,4407,"dependent"
4,4408,"dependent"
6,4409,"dependent"
8,4410,"dependent"
8,4411,"dependent"
6,4412,"dependent"
6,4413,"dependent"
4,4414,"dependent"
4,4415,"dependent"
4,4416,"dependent"
4,4417,"dependent"
4,4418,"dependent"
4,4419,"dependent"
4,4420,"dependent"
8,4421,"dependent"
8,4422,"dependent"
6,4423,"dependent"
8,4424,"dependent"
6,4425,"dependent"
4,4426,"dependent"
6,4427,"dependent"
6,4428,"dependent"
8,4429,"dependent"
6,4430,"dependent"
6,4431,"dependent"
8,4432,"dependent"
8,4433,"dependent"
6,4434,"dependent"
6,4435,"dependent"
6,4436,"dependent"
8,4437,"dependent"
4,4438,"dependent"
4,4439,"dependent"
6,4440,"dependent"
2,4441,"dependent"
6,4442,"dependent"
8,4443,"dependent"
8,4444,"dependent"
8,4445,"dependent"
6,4446,"dependent"
6,4447,"dependent"
6,4448,"dependent"
6,4449,"dependent"
8,4450,"dependent"
4,4451,"dependent"
6,4452,"dependent"
4,4453,"dependent"
8,4454,"dependent"
6,4455,"dependent"
6,4456,"dependent"
6,4457,"dependent"
4,4458,"dependent"
6,4459,"dependent"
8,4460,"dependent"
4,4461,"dependent"
6,4462,"dependent"
6,4463,"dependent"
6,4464,"dependent"
6,4465,"dependent"
6,4466,"dependent"
6,4467,"dependent"
6,4468,"dependent"
6,4469,"dependent"
0,4470,"dependent"
6,4471,"dependent"
8,4472,"dependent"
4,4473,"dependent"
8,4474,"dependent"
8,4475,"dependent"
4,4476,"dependent"
6,4477,"dependent"
4,4478,"dependent"
6,4479,"dependent"
8,4480,"dependent"
6,4481,"dependent"
6,4482,"dependent"
8,4483,"dependent"
6,4484,"dependent"
8,4485,"dependent"
4,4486,"dependent"
6,4487,"dependent"
6,4488,"dependent"
8,4489,"dependent"
4,4490,"dependent"
6,4491,"dependent"
4,4492,"dependent"
4,4493,"dependent"
4,4494,"dependent"
8,4495,"dependent"
8,4496,"dependent"
6,4497,"dependent"
4,4498,"dependent"
6,4499,"dependent"
4,4500,"dependent"
2,4501,"dependent"
8,4502,"dependent"
6,4503,"dependent"
6,4504,"dependent"
8,4505,"dependent"
8,4506,"dependent"
4,4507,"dependent"
8,4508,"dependent"
8,4509,"dependent"
8,4510,"dependent"
6,4511,"dependent"
8,4512,"dependent"
6,4513,"dependent"
6,4514,"dependent"
8,4515,"dependent"
4,4516,"dependent"
6,4517,"dependent"
6,4518,"dependent"
4,4519,"dependent"
4,4520,"dependent"
6,4521,"dependent"
2,4522,"dependent"
6,4523,"dependent"
6,4524,"dependent"
8,4525,"dependent"
4,4526,"dependent"
6,4527,"dependent"
8,4528,"dependent"
6,4529,"dependent"
4,4530,"dependent"
4,4531,"dependent"
6,4532,"dependent"
4,4533,"dependent"
4,4534,"dependent"
4,4535,"dependent"
4,4536,"dependent"
6,4537,"dependent"
8,4538,"dependent"
4,4539,"dependent"
8,4540,"dependent"
6,4541,"dependent"
8,4542,"dependent"
6,4543,"dependent"
6,4544,"dependent"
8,4545,"dependent"
4,4546,"dependent"
4,4547,"dependent"
2,4548,"dependent"
6,4549,"dependent"
4,4550,"dependent"
4,4551,"dependent"
6,4552,"dependent"
2,4553,"dependent"
4,4554,"dependent"
6,4555,"dependent"
8,4556,"dependent"
6,4557,"dependent"
6,4558,"dependent"
6,4559,"dependent"
8,4560,"dependent"
8,4561,"dependent"
4,4562,"dependent"
8,4563,"dependent"
6,4564,"dependent"
8,4565,"dependent"
6,4566,"dependent"
8,4567,"dependent"
4,4568,"dependent"
4,4569,"dependent"
6,4570,"dependent"
6,4571,"dependent"
4,4572,"dependent"
6,4573,"dependent"
8,4574,"dependent"
8,4575,"dependent"
4,4576,"dependent"
6,4577,"dependent"
8,4578,"dependent"
8,4579,"dependent"
6,4580,"dependent"
4,4581,"dependent"
8,4582,"dependent"
4,4583,"dependent"
6,4584,"dependent"
6,4585,"dependent"
8,4586,"dependent"
4,4587,"dependent"
4,4588,"dependent"
10,4589,"dependent"
8,4590,"dependent"
6,4591,"dependent"
6,4592,"dependent"
6,4593,"dependent"
4,4594,"dependent"
4,4595,"dependent"
6,4596,"dependent"
6,4597,"dependent"
6,4598,"dependent"
6,4599,"dependent"
6,4600,"dependent"
6,4601,"dependent"
8,4602,"dependent"
8,4603,"dependent"
6,4604,"dependent"
4,4605,"dependent"
6,4606,"dependent"
6,4607,"dependent"
4,4608,"dependent"
8,4609,"dependent"
10,4610,"dependent"
8,4611,"dependent"
6,4612,"dependent"
6,4613,"dependent"
2,4614,"dependent"
6,4615,"dependent"
6,4616,"dependent"
6,4617,"dependent"
4,4618,"dependent"
6,4619,"dependent"
6,4620,"dependent"
4,4621,"dependent"
4,4622,"dependent"
6,4623,"dependent"
6,4624,"dependent"
6,4625,"dependent"
6,4626,"dependent"
4,4627,"dependent"
4,4628,"dependent"
4,4629,"dependent"
8,4630,"dependent"
2,4631,"dependent"
6,4632,"dependent"
4,4633,"dependent"
4,4634,"dependent"
6,4635,"dependent"
6,4636,"dependent"
4,4637,"dependent"
6,4638,"dependent"
6,4639,"dependent"
6,4640,"dependent"
6,4641,"dependent"
6,4642,"dependent"
8,4643,"dependent"
6,4644,"dependent"
8,4645,"dependent"
6,4646,"dependent"
10,4647,"dependent"
8,4648,"dependent"
6,4649,"dependent"
8,4650,"dependent"
8,4651,"dependent"
4,4652,"dependent"
8,4653,"dependent"
8,4654,"dependent"
6,4655,"dependent"
6,4656,"dependent"
8,4657,"dependent"
4,4658,"dependent"
6,4659,"dependent"
8,4660,"dependent"
4,4661,"dependent"
4,4662,"dependent"
6,4663,"dependent"
6,4664,"dependent"
8,4665,"dependent"
6,4666,"dependent"
10,4667,"dependent"
8,4668,"dependent"
6,4669,"dependent"
8,4670,"dependent"
8,4671,"dependent"
6,4672,"dependent"
8,4673,"dependent"
6,4674,"dependent"
6,4675,"dependent"
4,4676,"dependent"
6,4677,"dependent"
6,4678,"dependent"
8,4679,"dependent"
8,4680,"dependent"
8,4681,"dependent"
4,4682,"dependent"
4,4683,"dependent"
6,4684,"dependent"
8,4685,"dependent"
4,4686,"dependent"
6,4687,"dependent"
6,4688,"dependent"
8,4689,"dependent"
10,4690,"dependent"
4,4691,"dependent"
8,4692,"dependent"
2,4693,"dependent"
6,4694,"dependent"
6,4695,"dependent"
8,4696,"dependent"
8,4697,"dependent"
4,4698,"dependent"
4,4699,"dependent"
10,4700,"dependent"
8,4701,"dependent"
6,4702,"dependent"
6,4703,"dependent"
4,4704,"dependent"
4,4705,"dependent"
6,4706,"dependent"
6,4707,"dependent"
8,4708,"dependent"
6,4709,"dependent"
4,4710,"dependent"
6,4711,"dependent"
8,4712,"dependent"
6,4713,"dependent"
6,4714,"dependent"
4,4715,"dependent"
4,4716,"dependent"
10,4717,"dependent"
6,4718,"dependent"
4,4719,"dependent"
8,4720,"dependent"
6,4721,"dependent"
4,4722,"dependent"
8,4723,"dependent"
8,4724,"dependent"
8,4725,"dependent"
2,4726,"dependent"
4,4727,"dependent"
6,4728,"dependent"
6,4729,"dependent"
8,4730,"dependent"
6,4731,"dependent"
2,4732,"dependent"
4,4733,"dependent"
2,4734,"dependent"
10,4735,"dependent"
6,4736,"dependent"
8,4737,"dependent"
6,4738,"dependent"
6,4739,"dependent"
6,4740,"dependent"
6,4741,"dependent"
6,4742,"dependent"
6,4743,"dependent"
6,4744,"dependent"
2,4745,"dependent"
4,4746,"dependent"
6,4747,"dependent"
6,4748,"dependent"
6,4749,"dependent"
6,4750,"dependent"
2,4751,"dependent"
6,4752,"dependent"
8,4753,"dependent"
4,4754,"dependent"
4,4755,"dependent"
4,4756,"dependent"
6,4757,"dependent"
6,4758,"dependent"
2,4759,"dependent"
6,4760,"dependent"
6,4761,"dependent"
8,4762,"dependent"
6,4763,"dependent"
6,4764,"dependent"
8,4765,"dependent"
6,4766,"dependent"
8,4767,"dependent"
6,4768,"dependent"
4,4769,"dependent"
6,4770,"dependent"
6,4771,"dependent"
8,4772,"dependent"
6,4773,"dependent"
4,4774,"dependent"
6,4775,"dependent"
6,4776,"dependent"
4,4777,"dependent"
8,4778,"dependent"
8,4779,"dependent"
4,4780,"dependent"
6,4781,"dependent"
6,4782,"dependent"
4,4783,"dependent"
6,4784,"dependent"
6,4785,"dependent"
8,4786,"dependent"
4,4787,"dependent"
10,4788,"dependent"
6,4789,"dependent"
4,4790,"dependent"
6,4791,"dependent"
6,4792,"dependent"
8,4793,"dependent"
8,4794,"dependent"
6,4795,"dependent"
8,4796,"dependent"
4,4797,"dependent"
2,4798,"dependent"
8,4799,"dependent"
8,4800,"dependent"
8,4801,"dependent"
2,4802,"dependent"
8,4803,"dependent"
8,4804,"dependent"
8,4805,"dependent"
6,4806,"dependent"
4,4807,"dependent"
4,4808,"dependent"
6,4809,"dependent"
4,4810,"dependent"
6,4811,"dependent"
4,4812,"dependent"
6,4813,"dependent"
4,4814,"dependent"
4,4815,"dependent"
6,4816,"dependent"
4,4817,"dependent"
4,4818,"dependent"
8,4819,"dependent"
8,4820,"dependent"
10,4821,"dependent"
6,4822,"dependent"
6,4823,"dependent"
6,4824,"dependent"
6,4825,"dependent"
4,4826,"dependent"
8,4827,"dependent"
6,4828,"dependent"
6,4829,"dependent"
6,4830,"dependent"
6,4831,"dependent"
6,4832,"dependent"
4,4833,"dependent"
8,4834,"dependent"
6,4835,"dependent"
4,4836,"dependent"
6,4837,"dependent"
4,4838,"dependent"
8,4839,"dependent"
6,4840,"dependent"
6,4841,"dependent"
4,4842,"dependent"
6,4843,"dependent"
6,4844,"dependent"
8,4845,"dependent"
6,4846,"dependent"
6,4847,"dependent"
10,4848,"dependent"
2,4849,"dependent"
6,4850,"dependent"
4,4851,"dependent"
4,4852,"dependent"
6,4853,"dependent"
6,4854,"dependent"
4,4855,"dependent"
6,4856,"dependent"
6,4857,"dependent"
6,4858,"dependent"
8,4859,"dependent"
6,4860,"dependent"
12,4861,"dependent"
6,4862,"dependent"
8,4863,"dependent"
6,4864,"dependent"
6,4865,"dependent"
6,4866,"dependent"
4,4867,"dependent"
8,4868,"dependent"
6,4869,"dependent"
4,4870,"dependent"
2,4871,"dependent"
6,4872,"dependent"
8,4873,"dependent"
8,4874,"dependent"
8,4875,"dependent"
8,4876,"dependent"
6,4877,"dependent"
8,4878,"dependent"
8,4879,"dependent"
8,4880,"dependent"
8,4881,"dependent"
4,4882,"dependent"
6,4883,"dependent"
6,4884,"dependent"
4,4885,"dependent"
6,4886,"dependent"
4,4887,"dependent"
4,4888,"dependent"
8,4889,"dependent"
8,4890,"dependent"
4,4891,"dependent"
8,4892,"dependent"
4,4893,"dependent"
4,4894,"dependent"
8,4895,"dependent"
6,4896,"dependent"
6,4897,"dependent"
6,4898,"dependent"
6,4899,"dependent"
4,4900,"dependent"
6,4901,"dependent"
6,4902,"dependent"
4,4903,"dependent"
4,4904,"dependent"
6,4905,"dependent"
6,4906,"dependent"
6,4907,"dependent"
2,4908,"dependent"
6,4909,"dependent"
4,4910,"dependent"
6,4911,"dependent"
6,4912,"dependent"
8,4913,"dependent"
6,4914,"dependent"
6,4915,"dependent"
6,4916,"dependent"
4,4917,"dependent"
4,4918,"dependent"
6,4919,"dependent"
6,4920,"dependent"
4,4921,"dependent"
8,4922,"dependent"
6,4923,"dependent"
6,4924,"dependent"
6,4925,"dependent"
6,4926,"dependent"
2,4927,"dependent"
4,4928,"dependent"
8,4929,"dependent"
4,4930,"dependent"
8,4931,"dependent"
2,4932,"dependent"
6,4933,"dependent"
6,4934,"dependent"
8,4935,"dependent"
4,4936,"dependent"
8,4937,"dependent"
6,4938,"dependent"
4,4939,"dependent"
6,4940,"dependent"
6,4941,"dependent"
6,4942,"dependent"
8,4943,"dependent"
10,4944,"dependent"
4,4945,"dependent"
6,4946,"dependent"
8,4947,"dependent"
4,4948,"dependent"
6,4949,"dependent"
8,4950,"dependent"
6,4951,"dependent"
8,4952,"dependent"
4,4953,"dependent"
2,4954,"dependent"
8,4955,"dependent"
6,4956,"dependent"
8,4957,"dependent"
6,4958,"dependent"
6,4959,"dependent"
6,4960,"dependent"
8,4961,"dependent"
4,4962,"dependent"
8,4963,"dependent"
6,4964,"dependent"
8,4965,"dependent"
4,4966,"dependent"
4,4967,"dependent"
6,4968,"dependent"
8,4969,"dependent"
6,4970,"dependent"
4,4971,"dependent"
6,4972,"dependent"
6,4973,"dependent"
8,4974,"dependent"
4,4975,"dependent"
4,4976,"dependent"
6,4977,"dependent"
8,4978,"dependent"
4,4979,"dependent"
6,4980,"dependent"
6,4981,"dependent"
6,4982,"dependent"
8,4983,"dependent"
4,4984,"dependent"
6,4985,"dependent"
6,4986,"dependent"
6,4987,"dependent"
6,4988,"dependent"
4,4989,"dependent"
8,4990,"dependent"
6,4991,"dependent"
6,4992,"dependent"
4,4993,"dependent"
6,4994,"dependent"
6,4995,"dependent"
8,4996,"dependent"
8,4997,"dependent"
6,4998,"dependent"
8,4999,"dependent"
6,5000,"dependent"
6,5001,"dependent"
8,5002,"dependent"
6,5003,"dependent"
6,5004,"dependent"
6,5005,"dependent"
4,5006,"dependent"
6,5007,"dependent"
6,5008,"dependent"
6,5009,"dependent"
4,5010,"dependent"
8,5011,"dependent"
6,5012,"dependent"
6,5013,"dependent"
4,5014,"dependent"
6,5015,"dependent"
8,5016,"dependent"
6,5017,"dependent"
6,5018,"dependent"
4,5019,"dependent"
4,5020,"dependent"
6,5021,"dependent"
8,5022,"dependent"
8,5023,"dependent"
8,5024,"dependent"
6,5025,"dependent"
8,5026,"dependent"
6,5027,"dependent"
6,5028,"dependent"
6,5029,"dependent"
4,5030,"dependent"
6,5031,"dependent"
6,5032,"dependent"
8,5033,"dependent"
8,5034,"dependent"
6,5035,"dependent"
8,5036,"dependent"
2,5037,"dependent"
8,5038,"dependent"
6,5039,"dependent"
8,5040,"dependent"
6,5041,"dependent"
6,5042,"dependent"
6,5043,"dependent"
8,5044,"dependent"
4,5045,"dependent"
6,5046,"dependent"
2,5047,"dependent"
6,5048,"dependent"
6,5049,"dependent"
4,5050,"dependent"
6,5051,"dependent"
2,5052,"dependent"
8,5053,"dependent"
8,5054,"dependent"
4,5055,"dependent"
6,5056,"dependent"
2,5057,"dependent"
6,5058,"dependent"
8,5059,"dependent"
8,5060,"dependent"
10,5061,"dependent"
6,5062,"dependent"
6,5063,"dependent"
2,5064,"dependent"
2,5065,"dependent"
6,5066,"dependent"
4,5067,"dependent"
6,5068,"dependent"
6,5069,"dependent"
6,5070,"dependent"
2,5071,"dependent"
6,5072,"dependent"
8,5073,"dependent"
4,5074,"dependent"
6,5075,"dependent"
6,5076,"dependent"
8,5077,"dependent"
6,5078,"dependent"
8,5079,"dependent"
6,5080,"dependent"
8,5081,"dependent"
4,5082,"dependent"
4,5083,"dependent"
6,5084,"dependent"
6,5085,"dependent"
6,5086,"dependent"
8,5087,"dependent"
6,5088,"dependent"
6,5089,"dependent"
6,5090,"dependent"
8,5091,"dependent"
6,5092,"dependent"
4,5093,"dependent"
6,5094,"dependent"
6,5095,"dependent"
6,5096,"dependent"
4,5097,"dependent"
2,5098,"dependent"
8,5099,"dependent"
6,5100,"dependent"
2,5101,"dependent"
6,5102,"dependent"
8,5103,"dependent"
8,5104,"dependent"
4,5105,"dependent"
6,5106,"dependent"
6,5107,"dependent"
6,5108,"dependent"
6,5109,"dependent"
6,5110,"dependent"
6,5111,"dependent"
6,5112,"dependent"
8,5113,"dependent"
8,5114,"dependent"
6,5115,"dependent"
8,5116,"dependent"
4,5117,"dependent"
8,5118,"dependent"
8,5119,"dependent"
4,5120,"dependent"
6,5121,"dependent"
6,5122,"dependent"
4,5123,"dependent"
8,5124,"dependent"
6,5125,"dependent"
6,5126,"dependent"
10,5127,"dependent"
8,5128,"dependent"
8,5129,"dependent"
8,5130,"dependent"
8,5131,"dependent"
8,5132,"dependent"
4,5133,"dependent"
8,5134,"dependent"
4,5135,"dependent"
6,5136,"dependent"
4,5137,"dependent"
4,5138,"dependent"
4,5139,"dependent"
6,5140,"dependent"
8,5141,"dependent"
4,5142,"dependent"
8,5143,"dependent"
6,5144,"dependent"
8,5145,"dependent"
8,5146,"dependent"
4,5147,"dependent"
2,5148,"dependent"
8,5149,"dependent"
10,5150,"dependent"
4,5151,"dependent"
6,5152,"dependent"
8,5153,"dependent"
6,5154,"dependent"
6,5155,"dependent"
8,5156,"dependent"
4,5157,"dependent"
4,5158,"dependent"
4,5159,"dependent"
6,5160,"dependent"
4,5161,"dependent"
10,5162,"dependent"
4,5163,"dependent"
8,5164,"dependent"
6,5165,"dependent"
6,5166,"dependent"
6,5167,"dependent"
6,5168,"dependent"
8,5169,"dependent"
8,5170,"dependent"
4,5171,"dependent"
6,5172,"dependent"
4,5173,"dependent"
6,5174,"dependent"
6,5175,"dependent"
2,5176,"dependent"
4,5177,"dependent"
8,5178,"dependent"
4,5179,"dependent"
8,5180,"dependent"
4,5181,"dependent"
2,5182,"dependent"
4,5183,"dependent"
6,5184,"dependent"
8,5185,"dependent"
8,5186,"dependent"
6,5187,"dependent"
8,5188,"dependent"
6,5189,"dependent"
8,5190,"dependent"
4,5191,"dependent"
6,5192,"dependent"
6,5193,"dependent"
6,5194,"dependent"
6,5195,"dependent"
2,5196,"dependent"
4,5197,"dependent"
6,5198,"dependent"
6,5199,"dependent"
8,5200,"dependent"
6,5201,"dependent"
4,5202,"dependent"
8,5203,"dependent"
2,5204,"dependent"
2,5205,"dependent"
4,5206,"dependent"
8,5207,"dependent"
2,5208,"dependent"
2,5209,"dependent"
4,5210,"dependent"
4,5211,"dependent"
6,5212,"dependent"
6,5213,"dependent"
2,5214,"dependent"
8,5215,"dependent"
6,5216,"dependent"
8,5217,"dependent"
6,5218,"dependent"
4,5219,"dependent"
6,5220,"dependent"
6,5221,"dependent"
8,5222,"dependent"
6,5223,"dependent"
8,5224,"dependent"
6,5225,"dependent"
8,5226,"dependent"
4,5227,"dependent"
4,5228,"dependent"
8,5229,"dependent"
8,5230,"dependent"
6,5231,"dependent"
6,5232,"dependent"
4,5233,"dependent"
6,5234,"dependent"
8,5235,"dependent"
6,5236,"dependent"
8,5237,"dependent"
6,5238,"dependent"
4,5239,"dependent"
10,5240,"dependent"
6,5241,"dependent"
6,5242,"dependent"
2,5243,"dependent"
6,5244,"dependent"
4,5245,"dependent"
6,5246,"dependent"
6,5247,"dependent"
8,5248,"dependent"
6,5249,"dependent"
6,5250,"dependent"
2,5251,"dependent"
4,5252,"dependent"
8,5253,"dependent"
8,5254,"dependent"
10,5255,"dependent"
6,5256,"dependent"
6,5257,"dependent"
8,5258,"dependent"
6,5259,"dependent"
4,5260,"dependent"
8,5261,"dependent"
6,5262,"dependent"
4,5263,"dependent"
2,5264,"dependent"
10,5265,"dependent"
6,5266,"dependent"
4,5267,"dependent"
2,5268,"dependent"
4,5269,"dependent"
4,5270,"dependent"
6,5271,"dependent"
8,5272,"dependent"
4,5273,"dependent"
6,5274,"dependent"
6,5275,"dependent"
2,5276,"dependent"
8,5277,"dependent"
6,5278,"dependent"
10,5279,"dependent"
8,5280,"dependent"
6,5281,"dependent"
6,5282,"dependent"
10,5283,"dependent"
6,5284,"dependent"
6,5285,"dependent"
2,5286,"dependent"
6,5287,"dependent"
6,5288,"dependent"
8,5289,"dependent"
8,5290,"dependent"
4,5291,"dependent"
6,5292,"dependent"
6,5293,"dependent"
4,5294,"dependent"
8,5295,"dependent"
4,5296,"dependent"
4,5297,"dependent"
6,5298,"dependent"
6,5299,"dependent"
6,5300,"dependent"
6,5301,"dependent"
6,5302,"dependent"
6,5303,"dependent"
6,5304,"dependent"
6,5305,"dependent"
6,5306,"dependent"
8,5307,"dependent"
6,5308,"dependent"
8,5309,"dependent"
8,5310,"dependent"
6,5311,"dependent"
8,5312,"dependent"
8,5313,"dependent"
8,5314,"dependent"
6,5315,"dependent"
4,5316,"dependent"
8,5317,"dependent"
4,5318,"dependent"
8,5319,"dependent"
8,5320,"dependent"
6,5321,"dependent"
4,5322,"dependent"
8,5323,"dependent"
6,5324,"dependent"
6,5325,"dependent"
4,5326,"dependent"
2,5327,"dependent"
6,5328,"dependent"
2,5329,"dependent"
6,5330,"dependent"
6,5331,"dependent"
4,5332,"dependent"
6,5333,"dependent"
4,5334,"dependent"
6,5335,"dependent"
6,5336,"dependent"
6,5337,"dependent"
6,5338,"dependent"
6,5339,"dependent"
8,5340,"dependent"
6,5341,"dependent"
4,5342,"dependent"
4,5343,"dependent"
6,5344,"dependent"
6,5345,"dependent"
8,5346,"dependent"
6,5347,"dependent"
4,5348,"dependent"
4,5349,"dependent"
8,5350,"dependent"
6,5351,"dependent"
6,5352,"dependent"
6,5353,"dependent"
8,5354,"dependent"
6,5355,"dependent"
6,5356,"dependent"
6,5357,"dependent"
4,5358,"dependent"
6,5359,"dependent"
8,5360,"dependent"
4,5361,"dependent"
4,5362,"dependent"
4,5363,"dependent"
6,5364,"dependent"
6,5365,"dependent"
6,5366,"dependent"
6,5367,"dependent"
8,5368,"dependent"
6,5369,"dependent"
6,5370,"dependent"
6,5371,"dependent"
4,5372,"dependent"
4,5373,"dependent"
4,5374,"dependent"
4,5375,"dependent"
4,5376,"dependent"
4,5377,"dependent"
6,5378,"dependent"
8,5379,"dependent"
4,5380,"dependent"
4,5381,"dependent"
8,5382,"dependent"
4,5383,"dependent"
4,5384,"dependent"
4,5385,"dependent"
2,5386,"dependent"
6,5387,"dependent"
6,5388,"dependent"
4,5389,"dependent"
4,5390,"dependent"
4,5391,"dependent"
4,5392,"dependent"
4,5393,"dependent"
6,5394,"dependent"
10,5395,"dependent"
6,5396,"dependent"
6,5397,"dependent"
8,5398,"dependent"
4,5399,"dependent"
8,5400,"dependent"
6,5401,"dependent"
6,5402,"dependent"
8,5403,"dependent"
4,5404,"dependent"
10,5405,"dependent"
6,5406,"dependent"
6,5407,"dependent"
8,5408,"dependent"
6,5409,"dependent"
8,5410,"dependent"
6,5411,"dependent"
8,5412,"dependent"
6,5413,"dependent"
4,5414,"dependent"
8,5415,"dependent"
6,5416,"dependent"
4,5417,"dependent"
6,5418,"dependent"
6,5419,"dependent"
8,5420,"dependent"
6,5421,"dependent"
4,5422,"dependent"
4,5423,"dependent"
8,5424,"dependent"
6,5425,"dependent"
8,5426,"dependent"
4,5427,"dependent"
8,5428,"dependent"
8,5429,"dependent"
6,5430,"dependent"
6,5431,"dependent"
6,5432,"dependent"
8,5433,"dependent"
6,5434,"dependent"
6,5435,"dependent"
6,5436,"dependent"
2,5437,"dependent"
6,5438,"dependent"
6,5439,"dependent"
4,5440,"dependent"
6,5441,"dependent"
8,5442,"dependent"
4,5443,"dependent"
6,5444,"dependent"
6,5445,"dependent"
6,5446,"dependent"
8,5447,"dependent"
4,5448,"dependent"
8,5449,"dependent"
8,5450,"dependent"
6,5451,"dependent"
6,5452,"dependent"
6,5453,"dependent"
8,5454,"dependent"
6,5455,"dependent"
6,5456,"dependent"
8,5457,"dependent"
6,5458,"dependent"
8,5459,"dependent"
6,5460,"dependent"
6,5461,"dependent"
4,5462,"dependent"
6,5463,"dependent"
6,5464,"dependent"
6,5465,"dependent"
4,5466,"dependent"
2,5467,"dependent"
6,5468,"dependent"
8,5469,"dependent"
6,5470,"dependent"
6,5471,"dependent"
6,5472,"dependent"
8,5473,"dependent"
6,5474,"dependent"
8,5475,"dependent"
8,5476,"dependent"
8,5477,"dependent"
6,5478,"dependent"
6,5479,"dependent"
6,5480,"dependent"
2,5481,"dependent"
6,5482,"dependent"
10,5483,"dependent"
6,5484,"dependent"
6,5485,"dependent"
6,5486,"dependent"
6,5487,"dependent"
4,5488,"dependent"
6,5489,"dependent"
8,5490,"dependent"
4,5491,"dependent"
4,5492,"dependent"
4,5493,"dependent"
8,5494,"dependent"
6,5495,"dependent"
6,5496,"dependent"
4,5497,"dependent"
6,5498,"dependent"
6,5499,"dependent"
6,5500,"dependent"
6,5501,"dependent"
6,5502,"dependent"
6,5503,"dependent"
6,5504,"dependent"
6,5505,"dependent"
8,5506,"dependent"
6,5507,"dependent"
6,5508,"dependent"
8,5509,"dependent"
8,5510,"dependent"
6,5511,"dependent"
8,5512,"dependent"
4,5513,"dependent"
8,5514,"dependent"
6,5515,"dependent"
10,5516,"dependent"
8,5517,"dependent"
6,5518,"dependent"
8,5519,"dependent"
4,5520,"dependent"
6,5521,"dependent"
6,5522,"dependent"
8,5523,"dependent"
4,5524,"dependent"
8,5525,"dependent"
6,5526,"dependent"
8,5527,"dependent"
6,5528,"dependent"
8,5529,"dependent"
6,5530,"dependent"
4,5531,"dependent"
6,5532,"dependent"
2,5533,"dependent"
8,5534,"dependent"
6,5535,"dependent"
4,5536,"dependent"
8,5537,"dependent"
6,5538,"dependent"
6,5539,"dependent"
0,5540,"dependent"
8,5541,"dependent"
6,5542,"dependent"
6,5543,"dependent"
6,5544,"dependent"
6,5545,"dependent"
8,5546,"dependent"
6,5547,"dependent"
4,5548,"dependent"
6,5549,"dependent"
4,5550,"dependent"
6,5551,"dependent"
4,5552,"dependent"
6,5553,"dependent"
4,5554,"dependent"
6,5555,"dependent"
8,5556,"dependent"
8,5557,"dependent"
8,5558,"dependent"
8,5559,"dependent"
6,5560,"dependent"
6,5561,"dependent"
6,5562,"dependent"
6,5563,"dependent"
4,5564,"dependent"
8,5565,"dependent"
6,5566,"dependent"
6,5567,"dependent"
2,5568,"dependent"
8,5569,"dependent"
4,5570,"dependent"
6,5571,"dependent"
6,5572,"dependent"
6,5573,"dependent"
6,5574,"dependent"
4,5575,"dependent"
8,5576,"dependent"
6,5577,"dependent"
8,5578,"dependent"
6,5579,"dependent"
6,5580,"dependent"
4,5581,"dependent"
10,5582,"dependent"
6,5583,"dependent"
6,5584,"dependent"
8,5585,"dependent"
6,5586,"dependent"
4,5587,"dependent"
4,5588,"dependent"
6,5589,"dependent"
2,5590,"dependent"
6,5591,"dependent"
8,5592,"dependent"
8,5593,"dependent"
8,5594,"dependent"
6,5595,"dependent"
6,5596,"dependent"
6,5597,"dependent"
8,5598,"dependent"
4,5599,"dependent"
6,5600,"dependent"
8,5601,"dependent"
2,5602,"dependent"
6,5603,"dependent"
2,5604,"dependent"
8,5605,"dependent"
6,5606,"dependent"
8,5607,"dependent"
6,5608,"dependent"
8,5609,"dependent"
10,5610,"dependent"
4,5611,"dependent"
4,5612,"dependent"
4,5613,"dependent"
6,5614,"dependent"
8,5615,"dependent"
8,5616,"dependent"
8,5617,"dependent"
6,5618,"dependent"
8,5619,"dependent"
8,5620,"dependent"
6,5621,"dependent"
6,5622,"dependent"
6,5623,"dependent"
8,5624,"dependent"
2,5625,"dependent"
4,5626,"dependent"
4,5627,"dependent"
2,5628,"dependent"
6,5629,"dependent"
4,5630,"dependent"
6,5631,"dependent"
4,5632,"dependent"
6,5633,"dependent"
6,5634,"dependent"
8,5635,"dependent"
6,5636,"dependent"
8,5637,"dependent"
2,5638,"dependent"
8,5639,"dependent"
6,5640,"dependent"
4,5641,"dependent"
6,5642,"dependent"
6,5643,"dependent"
6,5644,"dependent"
10,5645,"dependent"
8,5646,"dependent"
8,5647,"dependent"
4,5648,"dependent"
6,5649,"dependent"
6,5650,"dependent"
2,5651,"dependent"
8,5652,"dependent"
6,5653,"dependent"
6,5654,"dependent"
4,5655,"dependent"
6,5656,"dependent"
4,5657,"dependent"
6,5658,"dependent"
4,5659,"dependent"
6,5660,"dependent"
8,5661,"dependent"
4,5662,"dependent"
4,5663,"dependent"
8,5664,"dependent"
6,5665,"dependent"
6,5666,"dependent"
8,5667,"dependent"
8,5668,"dependent"
10,5669,"dependent"
8,5670,"dependent"
6,5671,"dependent"
8,5672,"dependent"
8,5673,"dependent"
6,5674,"dependent"
8,5675,"dependent"
6,5676,"dependent"
2,5677,"dependent"
6,5678,"dependent"
6,5679,"dependent"
6,5680,"dependent"
4,5681,"dependent"
8,5682,"dependent"
6,5683,"dependent"
2,5684,"dependent"
8,5685,"dependent"
8,5686,"dependent"
6,5687,"dependent"
10,5688,"dependent"
2,5689,"dependent"
6,5690,"dependent"
8,5691,"dependent"
8,5692,"dependent"
6,5693,"dependent"
6,5694,"dependent"
8,5695,"dependent"
6,5696,"dependent"
8,5697,"dependent"
6,5698,"dependent"
4,5699,"dependent"
8,5700,"dependent"
8,5701,"dependent"
0,5702,"dependent"
8,5703,"dependent"
8,5704,"dependent"
4,5705,"dependent"
0,5706,"dependent"
10,5707,"dependent"
8,5708,"dependent"
6,5709,"dependent"
8,5710,"dependent"
8,5711,"dependent"
6,5712,"dependent"
6,5713,"dependent"
10,5714,"dependent"
8,5715,"dependent"
4,5716,"dependent"
4,5717,"dependent"
8,5718,"dependent"
6,5719,"dependent"
4,5720,"dependent"
6,5721,"dependent"
2,5722,"dependent"
4,5723,"dependent"
4,5724,"dependent"
6,5725,"dependent"
6,5726,"dependent"
4,5727,"dependent"
8,5728,"dependent"
8,5729,"dependent"
8,5730,"dependent"
4,5731,"dependent"
4,5732,"dependent"
10,5733,"dependent"
0,5734,"dependent"
6,5735,"dependent"
4,5736,"dependent"
4,5737,"dependent"
8,5738,"dependent"
0,5739,"dependent"
10,5740,"dependent"
4,5741,"dependent"
6,5742,"dependent"
6,5743,"dependent"
2,5744,"dependent"
4,5745,"dependent"
8,5746,"dependent"
6,5747,"dependent"
6,5748,"dependent"
8,5749,"dependent"
6,5750,"dependent"
6,5751,"dependent"
4,5752,"dependent"
6,5753,"dependent"
6,5754,"dependent"
4,5755,"dependent"
8,5756,"dependent"
6,5757,"dependent"
8,5758,"dependent"
8,5759,"dependent"
6,5760,"dependent"
6,5761,"dependent"
6,5762,"dependent"
6,5763,"dependent"
6,5764,"dependent"
6,5765,"dependent"
8,5766,"dependent"
4,5767,"dependent"
6,5768,"dependent"
8,5769,"dependent"
2,5770,"dependent"
6,5771,"dependent"
8,5772,"dependent"
4,5773,"dependent"
6,5774,"dependent"
8,5775,"dependent"
4,5776,"dependent"
6,5777,"dependent"
4,5778,"dependent"
8,5779,"dependent"
4,5780,"dependent"
2,5781,"dependent"
8,5782,"dependent"
8,5783,"dependent"
4,5784,"dependent"
6,5785,"dependent"
6,5786,"dependent"
8,5787,"dependent"
8,5788,"dependent"
6,5789,"dependent"
8,5790,"dependent"
8,5791,"dependent"
6,5792,"dependent"
8,5793,"dependent"
6,5794,"dependent"
6,5795,"dependent"
2,5796,"dependent"
8,5797,"dependent"
8,5798,"dependent"
6,5799,"dependent"
8,5800,"dependent"
8,5801,"dependent"
8,5802,"dependent"
4,5803,"dependent"
4,5804,"dependent"
6,5805,"dependent"
6,5806,"dependent"
4,5807,"dependent"
6,5808,"dependent"
8,5809,"dependent"
2,5810,"dependent"
8,5811,"dependent"
8,5812,"dependent"
6,5813,"dependent"
6,5814,"dependent"
4,5815,"dependent"
8,5816,"dependent"
8,5817,"dependent"
6,5818,"dependent"
6,5819,"dependent"
6,5820,"dependent"
4,5821,"dependent"
8,5822,"dependent"
6,5823,"dependent"
6,5824,"dependent"
8,5825,"dependent"
6,5826,"dependent"
10,5827,"dependent"
4,5828,"dependent"
8,5829,"dependent"
8,5830,"dependent"
8,5831,"dependent"
8,5832,"dependent"
8,5833,"dependent"
6,5834,"dependent"
6,5835,"dependent"
8,5836,"dependent"
8,5837,"dependent"
4,5838,"dependent"
6,5839,"dependent"
4,5840,"dependent"
8,5841,"dependent"
8,5842,"dependent"
4,5843,"dependent"
8,5844,"dependent"
8,5845,"dependent"
4,5846,"dependent"
4,5847,"dependent"
6,5848,"dependent"
4,5849,"dependent"
4,5850,"dependent"
6,5851,"dependent"
8,5852,"dependent"
2,5853,"dependent"
4,5854,"dependent"
4,5855,"dependent"
6,5856,"dependent"
6,5857,"dependent"
8,5858,"dependent"
6,5859,"dependent"
4,5860,"dependent"
6,5861,"dependent"
8,5862,"dependent"
8,5863,"dependent"
8,5864,"dependent"
6,5865,"dependent"
6,5866,"dependent"
2,5867,"dependent"
4,5868,"dependent"
6,5869,"dependent"
6,5870,"dependent"
4,5871,"dependent"
4,5872,"dependent"
4,5873,"dependent"
6,5874,"dependent"
6,5875,"dependent"
4,5876,"dependent"
6,5877,"dependent"
4,5878,"dependent"
2,5879,"dependent"
6,5880,"dependent"
4,5881,"dependent"
4,5882,"dependent"
6,5883,"dependent"
4,5884,"dependent"
4,5885,"dependent"
4,5886,"dependent"
4,5887,"dependent"
4,5888,"dependent"
6,5889,"dependent"
8,5890,"dependent"
2,5891,"dependent"
2,5892,"dependent"
6,5893,"dependent"
6,5894,"dependent"
4,5895,"dependent"
6,5896,"dependent"
6,5897,"dependent"
6,5898,"dependent"
8,5899,"dependent"
2,5900,"dependent"
10,5901,"dependent"
4,5902,"dependent"
4,5903,"dependent"
6,5904,"dependent"
8,5905,"dependent"
6,5906,"dependent"
8,5907,"dependent"
8,5908,"dependent"
4,5909,"dependent"
8,5910,"dependent"
8,5911,"dependent"
6,5912,"dependent"
4,5913,"dependent"
6,5914,"dependent"
8,5915,"dependent"
4,5916,"dependent"
8,5917,"dependent"
6,5918,"dependent"
2,5919,"dependent"
4,5920,"dependent"
6,5921,"dependent"
4,5922,"dependent"
6,5923,"dependent"
6,5924,"dependent"
6,5925,"dependent"
6,5926,"dependent"
4,5927,"dependent"
6,5928,"dependent"
8,5929,"dependent"
4,5930,"dependent"
4,5931,"dependent"
4,5932,"dependent"
4,5933,"dependent"
6,5934,"dependent"
6,5935,"dependent"
8,5936,"dependent"
8,5937,"dependent"
8,5938,"dependent"
4,5939,"dependent"
6,5940,"dependent"
6,5941,"dependent"
8,5942,"dependent"
8,5943,"dependent"
8,5944,"dependent"
6,5945,"dependent"
6,5946,"dependent"
8,5947,"dependent"
6,5948,"dependent"
8,5949,"dependent"
8,5950,"dependent"
6,5951,"dependent"
2,5952,"dependent"
6,5953,"dependent"
2,5954,"dependent"
6,5955,"dependent"
8,5956,"dependent"
8,5957,"dependent"
6,5958,"dependent"
8,5959,"dependent"
6,5960,"dependent"
2,5961,"dependent"
4,5962,"dependent"
8,5963,"dependent"
2,5964,"dependent"
8,5965,"dependent"
6,5966,"dependent"
6,5967,"dependent"
8,5968,"dependent"
8,5969,"dependent"
6,5970,"dependent"
4,5971,"dependent"
4,5972,"dependent"
8,5973,"dependent"
8,5974,"dependent"
6,5975,"dependent"
6,5976,"dependent"
6,5977,"dependent"
8,5978,"dependent"
6,5979,"dependent"
6,5980,"dependent"
6,5981,"dependent"
6,5982,"dependent"
4,5983,"dependent"
8,5984,"dependent"
6,5985,"dependent"
6,5986,"dependent"
8,5987,"dependent"
4,5988,"dependent"
6,5989,"dependent"
2,5990,"dependent"
6,5991,"dependent"
6,5992,"dependent"
6,5993,"dependent"
4,5994,"dependent"
6,5995,"dependent"
10,5996,"dependent"
6,5997,"dependent"
8,5998,"dependent"
8,5999,"dependent"
8,6000,"dependent"
4,6001,"dependent"
4,6002,"dependent"
4,6003,"dependent"
2,6004,"dependent"
4,6005,"dependent"
2,6006,"dependent"
4,6007,"dependent"
6,6008,"dependent"
6,6009,"dependent"
6,6010,"dependent"
8,6011,"dependent"
6,6012,"dependent"
4,6013,"dependent"
6,6014,"dependent"
8,6015,"dependent"
10,6016,"dependent"
6,6017,"dependent"
8,6018,"dependent"
8,6019,"dependent"
6,6020,"dependent"
8,6021,"dependent"
6,6022,"dependent"
6,6023,"dependent"
4,6024,"dependent"
6,6025,"dependent"
8,6026,"dependent"
4,6027,"dependent"
4,6028,"dependent"
4,6029,"dependent"
6,6030,"dependent"
6,6031,"dependent"
4,6032,"dependent"
4,6033,"dependent"
4,6034,"dependent"
8,6035,"dependent"
8,6036,"dependent"
6,6037,"dependent"
10,6038,"dependent"
6,6039,"dependent"
8,6040,"dependent"
6,6041,"dependent"
4,6042,"dependent"
8,6043,"dependent"
6,6044,"dependent"
8,6045,"dependent"
4,6046,"dependent"
8,6047,"dependent"
6,6048,"dependent"
4,6049,"dependent"
8,6050,"dependent"
6,6051,"dependent"
6,6052,"dependent"
6,6053,"dependent"
6,6054,"dependent"
6,6055,"dependent"
8,6056,"dependent"
6,6057,"dependent"
4,6058,"dependent"
4,6059,"dependent"
4,6060,"dependent"
6,6061,"dependent"
8,6062,"dependent"
6,6063,"dependent"
4,6064,"dependent"
6,6065,"dependent"
8,6066,"dependent"
6,6067,"dependent"
6,6068,"dependent"
8,6069,"dependent"
6,6070,"dependent"
8,6071,"dependent"
6,6072,"dependent"
4,6073,"dependent"
4,6074,"dependent"
6,6075,"dependent"
8,6076,"dependent"
8,6077,"dependent"
6,6078,"dependent"
6,6079,"dependent"
6,6080,"dependent"
6,6081,"dependent"
8,6082,"dependent"
6,6083,"dependent"
8,6084,"dependent"
8,6085,"dependent"
6,6086,"dependent"
8,6087,"dependent"
4,6088,"dependent"
8,6089,"dependent"
4,6090,"dependent"
6,6091,"dependent"
8,6092,"dependent"
6,6093,"dependent"
4,6094,"dependent"
8,6095,"dependent"
8,6096,"dependent"
8,6097,"dependent"
10,6098,"dependent"
6,6099,"dependent"
6,6100,"dependent"
8,6101,"dependent"
6,6102,"dependent"
6,6103,"dependent"
4,6104,"dependent"
6,6105,"dependent"
8,6106,"dependent"
6,6107,"dependent"
8,6108,"dependent"
4,6109,"dependent"
6,6110,"dependent"
4,6111,"dependent"
8,6112,"dependent"
8,6113,"dependent"
6,6114,"dependent"
4,6115,"dependent"
6,6116,"dependent"
6,6117,"dependent"
4,6118,"dependent"
6,6119,"dependent"
8,6120,"dependent"
4,6121,"dependent"
6,6122,"dependent"
6,6123,"dependent"
6,6124,"dependent"
6,6125,"dependent"
4,6126,"dependent"
10,6127,"dependent"
6,6128,"dependent"
6,6129,"dependent"
8,6130,"dependent"
8,6131,"dependent"
6,6132,"dependent"
4,6133,"dependent"
4,6134,"dependent"
2,6135,"dependent"
6,6136,"dependent"
6,6137,"dependent"
6,6138,"dependent"
8,6139,"dependent"
4,6140,"dependent"
2,6141,"dependent"
4,6142,"dependent"
4,6143,"dependent"
2,6144,"dependent"
4,6145,"dependent"
8,6146,"dependent"
6,6147,"dependent"
8,6148,"dependent"
8,6149,"dependent"
6,6150,"dependent"
8,6151,"dependent"
8,6152,"dependent"
8,6153,"dependent"
8,6154,"dependent"
8,6155,"dependent"
2,6156,"dependent"
4,6157,"dependent"
6,6158,"dependent"
6,6159,"dependent"
4,6160,"dependent"
6,6161,"dependent"
8,6162,"dependent"
4,6163,"dependent"
6,6164,"dependent"
6,6165,"dependent"
6,6166,"dependent"
8,6167,"dependent"
8,6168,"dependent"
6,6169,"dependent"
6,6170,"dependent"
6,6171,"dependent"
8,6172,"dependent"
6,6173,"dependent"
4,6174,"dependent"
6,6175,"dependent"
4,6176,"dependent"
6,6177,"dependent"
4,6178,"dependent"
8,6179,"dependent"
2,6180,"dependent"
6,6181,"dependent"
4,6182,"dependent"
6,6183,"dependent"
6,6184,"dependent"
8,6185,"dependent"
8,6186,"dependent"
6,6187,"dependent"
6,6188,"dependent"
4,6189,"dependent"
8,6190,"dependent"
8,6191,"dependent"
6,6192,"dependent"
6,6193,"dependent"
6,6194,"dependent"
6,6195,"dependent"
8,6196,"dependent"
8,6197,"dependent"
4,6198,"dependent"
6,6199,"dependent"
6,6200,"dependent"
4,6201,"dependent"
8,6202,"dependent"
4,6203,"dependent"
4,6204,"dependent"
6,6205,"dependent"
6,6206,"dependent"
8,6207,"dependent"
8,6208,"dependent"
8,6209,"dependent"
8,6210,"dependent"
6,6211,"dependent"
6,6212,"dependent"
6,6213,"dependent"
6,6214,"dependent"
6,6215,"dependent"
6,6216,"dependent"
8,6217,"dependent"
2,6218,"dependent"
4,6219,"dependent"
4,6220,"dependent"
6,6221,"dependent"
8,6222,"dependent"
6,6223,"dependent"
6,6224,"dependent"
8,6225,"dependent"
8,6226,"dependent"
4,6227,"dependent"
8,6228,"dependent"
6,6229,"dependent"
6,6230,"dependent"
6,6231,"dependent"
6,6232,"dependent"
6,6233,"dependent"
6,6234,"dependent"
8,6235,"dependent"
6,6236,"dependent"
4,6237,"dependent"
8,6238,"dependent"
4,6239,"dependent"
4,6240,"dependent"
8,6241,"dependent"
8,6242,"dependent"
8,6243,"dependent"
6,6244,"dependent"
4,6245,"dependent"
6,6246,"dependent"
6,6247,"dependent"
6,6248,"dependent"
6,6249,"dependent"
4,6250,"dependent"
8,6251,"dependent"
4,6252,"dependent"
4,6253,"dependent"
4,6254,"dependent"
4,6255,"dependent"
8,6256,"dependent"
4,6257,"dependent"
6,6258,"dependent"
6,6259,"dependent"
4,6260,"dependent"
6,6261,"dependent"
4,6262,"dependent"
6,6263,"dependent"
8,6264,"dependent"
4,6265,"dependent"
8,6266,"dependent"
6,6267,"dependent"
6,6268,"dependent"
8,6269,"dependent"
6,6270,"dependent"
6,6271,"dependent"
6,6272,"dependent"
8,6273,"dependent"
10,6274,"dependent"
8,6275,"dependent"
6,6276,"dependent"
6,6277,"dependent"
6,6278,"dependent"
4,6279,"dependent"
4,6280,"dependent"
4,6281,"dependent"
6,6282,"dependent"
6,6283,"dependent"
8,6284,"dependent"
8,6285,"dependent"
6,6286,"dependent"
4,6287,"dependent"
6,6288,"dependent"
6,6289,"dependent"
2,6290,"dependent"
8,6291,"dependent"
6,6292,"dependent"
8,6293,"dependent"
6,6294,"dependent"
4,6295,"dependent"
6,6296,"dependent"
4,6297,"dependent"
4,6298,"dependent"
6,6299,"dependent"
6,6300,"dependent"
8,6301,"dependent"
6,6302,"dependent"
6,6303,"dependent"
8,6304,"dependent"
8,6305,"dependent"
4,6306,"dependent"
6,6307,"dependent"
8,6308,"dependent"
6,6309,"dependent"
4,6310,"dependent"
8,6311,"dependent"
6,6312,"dependent"
10,6313,"dependent"
8,6314,"dependent"
6,6315,"dependent"
4,6316,"dependent"
4,6317,"dependent"
6,6318,"dependent"
10,6319,"dependent"
4,6320,"dependent"
6,6321,"dependent"
0,6322,"dependent"
6,6323,"dependent"
8,6324,"dependent"
8,6325,"dependent"
6,6326,"dependent"
6,6327,"dependent"
8,6328,"dependent"
2,6329,"dependent"
4,6330,"dependent"
6,6331,"dependent"
8,6332,"dependent"
6,6333,"dependent"
6,6334,"dependent"
6,6335,"dependent"
6,6336,"dependent"
6,6337,"dependent"
6,6338,"dependent"
8,6339,"dependent"
4,6340,"dependent"
6,6341,"dependent"
6,6342,"dependent"
4,6343,"dependent"
4,6344,"dependent"
2,6345,"dependent"
6,6346,"dependent"
2,6347,"dependent"
6,6348,"dependent"
4,6349,"dependent"
6,6350,"dependent"
6,6351,"dependent"
6,6352,"dependent"
4,6353,"dependent"
6,6354,"dependent"
4,6355,"dependent"
6,6356,"dependent"
4,6357,"dependent"
4,6358,"dependent"
4,6359,"dependent"
8,6360,"dependent"
6,6361,"dependent"
4,6362,"dependent"
4,6363,"dependent"
6,6364,"dependent"
6,6365,"dependent"
6,6366,"dependent"
10,6367,"dependent"
6,6368,"dependent"
6,6369,"dependent"
4,6370,"dependent"
8,6371,"dependent"
6,6372,"dependent"
6,6373,"dependent"
8,6374,"dependent"
4,6375,"dependent"
4,6376,"dependent"
4,6377,"dependent"
8,6378,"dependent"
8,6379,"dependent"
8,6380,"dependent"
6,6381,"dependent"
2,6382,"dependent"
4,6383,"dependent"
2,6384,"dependent"
2,6385,"dependent"
8,6386,"dependent"
8,6387,"dependent"
8,6388,"dependent"
8,6389,"dependent"
6,6390,"dependent"
4,6391,"dependent"
6,6392,"dependent"
10,6393,"dependent"
4,6394,"dependent"
8,6395,"dependent"
6,6396,"dependent"
6,6397,"dependent"
6,6398,"dependent"
8,6399,"dependent"
6,6400,"dependent"
6,6401,"dependent"
2,6402,"dependent"
2,6403,"dependent"
8,6404,"dependent"
8,6405,"dependent"
4,6406,"dependent"
6,6407,"dependent"
6,6408,"dependent"
8,6409,"dependent"
8,6410,"dependent"
4,6411,"dependent"
6,6412,"dependent"
4,6413,"dependent"
6,6414,"dependent"
6,6415,"dependent"
6,6416,"dependent"
4,6417,"dependent"
4,6418,"dependent"
4,6419,"dependent"
0,6420,"dependent"
6,6421,"dependent"
6,6422,"dependent"
6,6423,"dependent"
4,6424,"dependent"
2,6425,"dependent"
6,6426,"dependent"
8,6427,"dependent"
8,6428,"dependent"
6,6429,"dependent"
8,6430,"dependent"
4,6431,"dependent"
6,6432,"dependent"
6,6433,"dependent"
6,6434,"dependent"
4,6435,"dependent"
6,6436,"dependent"
4,6437,"dependent"
4,6438,"dependent"
6,6439,"dependent"
8,6440,"dependent"
8,6441,"dependent"
6,6442,"dependent"
4,6443,"dependent"
4,6444,"dependent"
8,6445,"dependent"
6,6446,"dependent"
6,6447,"dependent"
6,6448,"dependent"
8,6449,"dependent"
6,6450,"dependent"
6,6451,"dependent"
6,6452,"dependent"
4,6453,"dependent"
4,6454,"dependent"
6,6455,"dependent"
6,6456,"dependent"
8,6457,"dependent"
6,6458,"dependent"
4,6459,"dependent"
8,6460,"dependent"
4,6461,"dependent"
6,6462,"dependent"
4,6463,"dependent"
4,6464,"dependent"
8,6465,"dependent"
6,6466,"dependent"
6,6467,"dependent"
4,6468,"dependent"
8,6469,"dependent"
8,6470,"dependent"
8,6471,"dependent"
8,6472,"dependent"
4,6473,"dependent"
4,6474,"dependent"
6,6475,"dependent"
8,6476,"dependent"
4,6477,"dependent"
6,6478,"dependent"
6,6479,"dependent"
8,6480,"dependent"
6,6481,"dependent"
4,6482,"dependent"
2,6483,"dependent"
8,6484,"dependent"
4,6485,"dependent"
4,6486,"dependent"
6,6487,"dependent"
6,6488,"dependent"
4,6489,"dependent"
6,6490,"dependent"
2,6491,"dependent"
6,6492,"dependent"
6,6493,"dependent"
6,6494,"dependent"
6,6495,"dependent"
6,6496,"dependent"
8,6497,"dependent"
6,6498,"dependent"
6,6499,"dependent"
4,6500,"dependent"
8,6501,"dependent"
6,6502,"dependent"
4,6503,"dependent"
4,6504,"dependent"
8,6505,"dependent"
6,6506,"dependent"
6,6507,"dependent"
6,6508,"dependent"
6,6509,"dependent"
6,6510,"dependent"
6,6511,"dependent"
6,6512,"dependent"
8,6513,"dependent"
2,6514,"dependent"
8,6515,"dependent"
8,6516,"dependent"
6,6517,"dependent"
6,6518,"dependent"
6,6519,"dependent"
6,6520,"dependent"
6,6521,"dependent"
6,6522,"dependent"
4,6523,"dependent"
6,6524,"dependent"
6,6525,"dependent"
6,6526,"dependent"
4,6527,"dependent"
4,6528,"dependent"
8,6529,"dependent"
8,6530,"dependent"
6,6531,"dependent"
4,6532,"dependent"
6,6533,"dependent"
2,6534,"dependent"
6,6535,"dependent"
6,6536,"dependent"
6,6537,"dependent"
4,6538,"dependent"
4,6539,"dependent"
4,6540,"dependent"
4,6541,"dependent"
6,6542,"dependent"
6,6543,"dependent"
6,6544,"dependent"
6,6545,"dependent"
6,6546,"dependent"
8,6547,"dependent"
6,6548,"dependent"
8,6549,"dependent"
8,6550,"dependent"
4,6551,"dependent"
4,6552,"dependent"
4,6553,"dependent"
4,6554,"dependent"
6,6555,"dependent"
8,6556,"dependent"
10,6557,"dependent"
4,6558,"dependent"
8,6559,"dependent"
8,6560,"dependent"
6,6561,"dependent"
6,6562,"dependent"
6,6563,"dependent"
8,6564,"dependent"
6,6565,"dependent"
8,6566,"dependent"
6,6567,"dependent"
4,6568,"dependent"
10,6569,"dependent"
6,6570,"dependent"
6,6571,"dependent"
8,6572,"dependent"
6,6573,"dependent"
6,6574,"dependent"
6,6575,"dependent"
4,6576,"dependent"
6,6577,"dependent"
6,6578,"dependent"
6,6579,"dependent"
4,6580,"dependent"
6,6581,"dependent"
8,6582,"dependent"
6,6583,"dependent"
6,6584,"dependent"
4,6585,"dependent"
8,6586,"dependent"
2,6587,"dependent"
8,6588,"dependent"
6,6589,"dependent"
8,6590,"dependent"
8,6591,"dependent"
8,6592,"dependent"
4,6593,"dependent"
6,6594,"dependent"
4,6595,"dependent"
8,6596,"dependent"
6,6597,"dependent"
6,6598,"dependent"
6,6599,"dependent"
2,6600,"dependent"
8,6601,"dependent"
8,6602,"dependent"
4,6603,"dependent"
6,6604,"dependent"
6,6605,"dependent"
8,6606,"dependent"
6,6607,"dependent"
6,6608,"dependent"
6,6609,"dependent"
8,6610,"dependent"
8,6611,"dependent"
8,6612,"dependent"
6,6613,"dependent"
8,6614,"dependent"
6,6615,"dependent"
6,6616,"dependent"
6,6617,"dependent"
6,6618,"dependent"
6,6619,"dependent"
6,6620,"dependent"
6,6621,"dependent"
8,6622,"dependent"
6,6623,"dependent"
6,6624,"dependent"
6,6625,"dependent"
6,6626,"dependent"
8,6627,"dependent"
4,6628,"dependent"
8,6629,"dependent"
6,6630,"dependent"
6,6631,"dependent"
4,6632,"dependent"
6,6633,"dependent"
8,6634,"dependent"
6,6635,"dependent"
4,6636,"dependent"
6,6637,"dependent"
6,6638,"dependent"
6,6639,"dependent"
8,6640,"dependent"
6,6641,"dependent"
6,6642,"dependent"
6,6643,"dependent"
8,6644,"dependent"
6,6645,"dependent"
6,6646,"dependent"
8,6647,"dependent"
6,6648,"dependent"
4,6649,"dependent"
6,6650,"dependent"
6,6651,"dependent"
6,6652,"dependent"
6,6653,"dependent"
8,6654,"dependent"
4,6655,"dependent"
4,6656,"dependent"
8,6657,"dependent"
6,6658,"dependent"
8,6659,"dependent"
8,6660,"dependent"
6,6661,"dependent"
6,6662,"dependent"
4,6663,"dependent"
4,6664,"dependent"
4,6665,"dependent"
4,6666,"dependent"
6,6667,"dependent"
4,6668,"dependent"
8,6669,"dependent"
6,6670,"dependent"
6,6671,"dependent"
8,6672,"dependent"
6,6673,"dependent"
4,6674,"dependent"
4,6675,"dependent"
6,6676,"dependent"
8,6677,"dependent"
4,6678,"dependent"
8,6679,"dependent"
4,6680,"dependent"
8,6681,"dependent"
8,6682,"dependent"
8,6683,"dependent"
6,6684,"dependent"
6,6685,"dependent"
2,6686,"dependent"
6,6687,"dependent"
6,6688,"dependent"
6,6689,"dependent"
6,6690,"dependent"
6,6691,"dependent"
8,6692,"dependent"
4,6693,"dependent"
8,6694,"dependent"
6,6695,"dependent"
6,6696,"dependent"
4,6697,"dependent"
4,6698,"dependent"
8,6699,"dependent"
6,6700,"dependent"
6,6701,"dependent"
6,6702,"dependent"
4,6703,"dependent"
6,6704,"dependent"
6,6705,"dependent"
4,6706,"dependent"
8,6707,"dependent"
8,6708,"dependent"
8,6709,"dependent"
8,6710,"dependent"
6,6711,"dependent"
2,6712,"dependent"
8,6713,"dependent"
6,6714,"dependent"
4,6715,"dependent"
4,6716,"dependent"
6,6717,"dependent"
6,6718,"dependent"
8,6719,"dependent"
8,6720,"dependent"
2,6721,"dependent"
6,6722,"dependent"
6,6723,"dependent"
6,6724,"dependent"
4,6725,"dependent"
4,6726,"dependent"
6,6727,"dependent"
8,6728,"dependent"
4,6729,"dependent"
4,6730,"dependent"
4,6731,"dependent"
6,6732,"dependent"
4,6733,"dependent"
2,6734,"dependent"
8,6735,"dependent"
6,6736,"dependent"
4,6737,"dependent"
6,6738,"dependent"
10,6739,"dependent"
8,6740,"dependent"
4,6741,"dependent"
6,6742,"dependent"
6,6743,"dependent"
8,6744,"dependent"
10,6745,"dependent"
6,6746,"dependent"
2,6747,"dependent"
6,6748,"dependent"
10,6749,"dependent"
8,6750,"dependent"
4,6751,"dependent"
6,6752,"dependent"
6,6753,"dependent"
8,6754,"dependent"
8,6755,"dependent"
8,6756,"dependent"
8,6757,"dependent"
6,6758,"dependent"
8,6759,"dependent"
6,6760,"dependent"
6,6761,"dependent"
6,6762,"dependent"
6,6763,"dependent"
6,6764,"dependent"
8,6765,"dependent"
6,6766,"dependent"
6,6767,"dependent"
8,6768,"dependent"
8,6769,"dependent"
8,6770,"dependent"
8,6771,"dependent"
8,6772,"dependent"
6,6773,"dependent"
6,6774,"dependent"
6,6775,"dependent"
4,6776,"dependent"
6,6777,"dependent"
6,6778,"dependent"
8,6779,"dependent"
4,6780,"dependent"
6,6781,"dependent"
6,6782,"dependent"
6,6783,"dependent"
6,6784,"dependent"
10,6785,"dependent"
8,6786,"dependent"
8,6787,"dependent"
4,6788,"dependent"
4,6789,"dependent"
6,6790,"dependent"
8,6791,"dependent"
8,6792,"dependent"
6,6793,"dependent"
6,6794,"dependent"
4,6795,"dependent"
6,6796,"dependent"
6,6797,"dependent"
8,6798,"dependent"
6,6799,"dependent"
4,6800,"dependent"
8,6801,"dependent"
6,6802,"dependent"
2,6803,"dependent"
4,6804,"dependent"
6,6805,"dependent"
6,6806,"dependent"
6,6807,"dependent"
8,6808,"dependent"
4,6809,"dependent"
6,6810,"dependent"
6,6811,"dependent"
8,6812,"dependent"
6,6813,"dependent"
8,6814,"dependent"
6,6815,"dependent"
8,6816,"dependent"
8,6817,"dependent"
6,6818,"dependent"
8,6819,"dependent"
4,6820,"dependent"
4,6821,"dependent"
8,6822,"dependent"
8,6823,"dependent"
8,6824,"dependent"
8,6825,"dependent"
8,6826,"dependent"
4,6827,"dependent"
6,6828,"dependent"
6,6829,"dependent"
6,6830,"dependent"
8,6831,"dependent"
4,6832,"dependent"
6,6833,"dependent"
6,6834,"dependent"
8,6835,"dependent"
6,6836,"dependent"
4,6837,"dependent"
6,6838,"dependent"
2,6839,"dependent"
8,6840,"dependent"
6,6841,"dependent"
6,6842,"dependent"
2,6843,"dependent"
6,6844,"dependent"
6,6845,"dependent"
4,6846,"dependent"
6,6847,"dependent"
6,6848,"dependent"
6,6849,"dependent"
2,6850,"dependent"
6,6851,"dependent"
8,6852,"dependent"
4,6853,"dependent"
6,6854,"dependent"
6,6855,"dependent"
4,6856,"dependent"
6,6857,"dependent"
6,6858,"dependent"
4,6859,"dependent"
4,6860,"dependent"
6,6861,"dependent"
6,6862,"dependent"
10,6863,"dependent"
6,6864,"dependent"
4,6865,"dependent"
8,6866,"dependent"
8,6867,"dependent"
8,6868,"dependent"
6,6869,"dependent"
4,6870,"dependent"
6,6871,"dependent"
6,6872,"dependent"
6,6873,"dependent"
8,6874,"dependent"
10,6875,"dependent"
10,6876,"dependent"
2,6877,"dependent"
8,6878,"dependent"
6,6879,"dependent"
6,6880,"dependent"
4,6881,"dependent"
6,6882,"dependent"
6,6883,"dependent"
6,6884,"dependent"
8,6885,"dependent"
2,6886,"dependent"
2,6887,"dependent"
6,6888,"dependent"
4,6889,"dependent"
6,6890,"dependent"
4,6891,"dependent"
8,6892,"dependent"
8,6893,"dependent"
8,6894,"dependent"
8,6895,"dependent"
8,6896,"dependent"
6,6897,"dependent"
6,6898,"dependent"
4,6899,"dependent"
10,6900,"dependent"
6,6901,"dependent"
8,6902,"dependent"
6,6903,"dependent"
2,6904,"dependent"
4,6905,"dependent"
8,6906,"dependent"
4,6907,"dependent"
6,6908,"dependent"
6,6909,"dependent"
8,6910,"dependent"
8,6911,"dependent"
8,6912,"dependent"
8,6913,"dependent"
6,6914,"dependent"
4,6915,"dependent"
4,6916,"dependent"
8,6917,"dependent"
4,6918,"dependent"
4,6919,"dependent"
6,6920,"dependent"
4,6921,"dependent"
8,6922,"dependent"
2,6923,"dependent"
6,6924,"dependent"
6,6925,"dependent"
6,6926,"dependent"
8,6927,"dependent"
6,6928,"dependent"
6,6929,"dependent"
2,6930,"dependent"
4,6931,"dependent"
6,6932,"dependent"
8,6933,"dependent"
8,6934,"dependent"
8,6935,"dependent"
8,6936,"dependent"
6,6937,"dependent"
6,6938,"dependent"
8,6939,"dependent"
8,6940,"dependent"
6,6941,"dependent"
4,6942,"dependent"
4,6943,"dependent"
4,6944,"dependent"
8,6945,"dependent"
8,6946,"dependent"
6,6947,"dependent"
4,6948,"dependent"
6,6949,"dependent"
6,6950,"dependent"
6,6951,"dependent"
4,6952,"dependent"
2,6953,"dependent"
6,6954,"dependent"
6,6955,"dependent"
6,6956,"dependent"
4,6957,"dependent"
6,6958,"dependent"
8,6959,"dependent"
6,6960,"dependent"
8,6961,"dependent"
4,6962,"dependent"
8,6963,"dependent"
8,6964,"dependent"
6,6965,"dependent"
8,6966,"dependent"
8,6967,"dependent"
8,6968,"dependent"
4,6969,"dependent"
6,6970,"dependent"
4,6971,"dependent"
6,6972,"dependent"
6,6973,"dependent"
4,6974,"dependent"
4,6975,"dependent"
8,6976,"dependent"
4,6977,"dependent"
6,6978,"dependent"
8,6979,"dependent"
6,6980,"dependent"
4,6981,"dependent"
6,6982,"dependent"
4,6983,"dependent"
6,6984,"dependent"
4,6985,"dependent"
6,6986,"dependent"
8,6987,"dependent"
6,6988,"dependent"
8,6989,"dependent"
8,6990,"dependent"
8,6991,"dependent"
2,6992,"dependent"
8,6993,"dependent"
6,6994,"dependent"
4,6995,"dependent"
6,6996,"dependent"
6,6997,"dependent"
4,6998,"dependent"
4,6999,"dependent"
6,7000,"dependent"
6,7001,"dependent"
6,7002,"dependent"
6,7003,"dependent"
8,7004,"dependent"
6,7005,"dependent"
4,7006,"dependent"
6,7007,"dependent"
6,7008,"dependent"
6,7009,"dependent"
6,7010,"dependent"
6,7011,"dependent"
8,7012,"dependent"
4,7013,"dependent"
6,7014,"dependent"
6,7015,"dependent"
6,7016,"dependent"
4,7017,"dependent"
4,7018,"dependent"
6,7019,"dependent"
6,7020,"dependent"
4,7021,"dependent"
6,7022,"dependent"
6,7023,"dependent"
6,7024,"dependent"
4,7025,"dependent"
6,7026,"dependent"
8,7027,"dependent"
8,7028,"dependent"
6,7029,"dependent"
8,7030,"dependent"
6,7031,"dependent"
6,7032,"dependent"
6,7033,"dependent"
8,7034,"dependent"
4,7035,"dependent"
2,7036,"dependent"
4,7037,"dependent"
4,7038,"dependent"
4,7039,"dependent"
4,7040,"dependent"
6,7041,"dependent"
4,7042,"dependent"
8,7043,"dependent"
6,7044,"dependent"
8,7045,"dependent"
4,7046,"dependent"
6,7047,"dependent"
6,7048,"dependent"
6,7049,"dependent"
6,7050,"dependent"
6,7051,"dependent"
8,7052,"dependent"
6,7053,"dependent"
6,7054,"dependent"
6,7055,"dependent"
6,7056,"dependent"
4,7057,"dependent"
8,7058,"dependent"
8,7059,"dependent"
6,7060,"dependent"
6,7061,"dependent"
8,7062,"dependent"
6,7063,"dependent"
6,7064,"dependent"
8,7065,"dependent"
8,7066,"dependent"
6,7067,"dependent"
6,7068,"dependent"
8,7069,"dependent"
6,7070,"dependent"
6,7071,"dependent"
4,7072,"dependent"
4,7073,"dependent"
6,7074,"dependent"
10,7075,"dependent"
4,7076,"dependent"
6,7077,"dependent"
10,7078,"dependent"
6,7079,"dependent"
6,7080,"dependent"
4,7081,"dependent"
2,7082,"dependent"
4,7083,"dependent"
4,7084,"dependent"
6,7085,"dependent"
4,7086,"dependent"
4,7087,"dependent"
2,7088,"dependent"
4,7089,"dependent"
6,7090,"dependent"
6,7091,"dependent"
8,7092,"dependent"
2,7093,"dependent"
4,7094,"dependent"
2,7095,"dependent"
6,7096,"dependent"
8,7097,"dependent"
8,7098,"dependent"
6,7099,"dependent"
8,7100,"dependent"
4,7101,"dependent"
8,7102,"dependent"
4,7103,"dependent"
6,7104,"dependent"
4,7105,"dependent"
6,7106,"dependent"
6,7107,"dependent"
4,7108,"dependent"
8,7109,"dependent"
8,7110,"dependent"
6,7111,"dependent"
4,7112,"dependent"
4,7113,"dependent"
6,7114,"dependent"
6,7115,"dependent"
4,7116,"dependent"
6,7117,"dependent"
6,7118,"dependent"
8,7119,"dependent"
6,7120,"dependent"
4,7121,"dependent"
8,7122,"dependent"
4,7123,"dependent"
8,7124,"dependent"
8,7125,"dependent"
6,7126,"dependent"
8,7127,"dependent"
6,7128,"dependent"
6,7129,"dependent"
4,7130,"dependent"
4,7131,"dependent"
6,7132,"dependent"
6,7133,"dependent"
4,7134,"dependent"
6,7135,"dependent"
6,7136,"dependent"
4,7137,"dependent"
6,7138,"dependent"
6,7139,"dependent"
8,7140,"dependent"
6,7141,"dependent"
8,7142,"dependent"
8,7143,"dependent"
6,7144,"dependent"
6,7145,"dependent"
8,7146,"dependent"
8,7147,"dependent"
4,7148,"dependent"
4,7149,"dependent"
4,7150,"dependent"
4,7151,"dependent"
4,7152,"dependent"
6,7153,"dependent"
6,7154,"dependent"
6,7155,"dependent"
4,7156,"dependent"
6,7157,"dependent"
8,7158,"dependent"
8,7159,"dependent"
6,7160,"dependent"
6,7161,"dependent"
6,7162,"dependent"
6,7163,"dependent"
8,7164,"dependent"
4,7165,"dependent"
6,7166,"dependent"
6,7167,"dependent"
8,7168,"dependent"
6,7169,"dependent"
4,7170,"dependent"
4,7171,"dependent"
2,7172,"dependent"
6,7173,"dependent"
8,7174,"dependent"
10,7175,"dependent"
6,7176,"dependent"
6,7177,"dependent"
4,7178,"dependent"
6,7179,"dependent"
8,7180,"dependent"
2,7181,"dependent"
4,7182,"dependent"
4,7183,"dependent"
6,7184,"dependent"
8,7185,"dependent"
6,7186,"dependent"
4,7187,"dependent"
8,7188,"dependent"
8,7189,"dependent"
4,7190,"dependent"
8,7191,"dependent"
8,7192,"dependent"
6,7193,"dependent"
6,7194,"dependent"
8,7195,"dependent"
6,7196,"dependent"
6,7197,"dependent"
6,7198,"dependent"
8,7199,"dependent"
6,7200,"dependent"
6,7201,"dependent"
8,7202,"dependent"
8,7203,"dependent"
8,7204,"dependent"
6,7205,"dependent"
6,7206,"dependent"
2,7207,"dependent"
8,7208,"dependent"
6,7209,"dependent"
8,7210,"dependent"
6,7211,"dependent"
6,7212,"dependent"
6,7213,"dependent"
8,7214,"dependent"
8,7215,"dependent"
6,7216,"dependent"
6,7217,"dependent"
8,7218,"dependent"
4,7219,"dependent"
6,7220,"dependent"
4,7221,"dependent"
4,7222,"dependent"
6,7223,"dependent"
6,7224,"dependent"
4,7225,"dependent"
6,7226,"dependent"
6,7227,"dependent"
4,7228,"dependent"
8,7229,"dependent"
6,7230,"dependent"
4,7231,"dependent"
2,7232,"dependent"
6,7233,"dependent"
10,7234,"dependent"
4,7235,"dependent"
8,7236,"dependent"
6,7237,"dependent"
4,7238,"dependent"
6,7239,"dependent"
6,7240,"dependent"
6,7241,"dependent"
6,7242,"dependent"
4,7243,"dependent"
6,7244,"dependent"
6,7245,"dependent"
4,7246,"dependent"
4,7247,"dependent"
6,7248,"dependent"
6,7249,"dependent"
6,7250,"dependent"
6,7251,"dependent"
6,7252,"dependent"
6,7253,"dependent"
4,7254,"dependent"
6,7255,"dependent"
6,7256,"dependent"
8,7257,"dependent"
4,7258,"dependent"
6,7259,"dependent"
8,7260,"dependent"
8,7261,"dependent"
6,7262,"dependent"
4,7263,"dependent"
10,7264,"dependent"
4,7265,"dependent"
8,7266,"dependent"
6,7267,"dependent"
8,7268,"dependent"
6,7269,"dependent"
8,7270,"dependent"
6,7271,"dependent"
6,7272,"dependent"
6,7273,"dependent"
6,7274,"dependent"
4,7275,"dependent"
8,7276,"dependent"
6,7277,"dependent"
4,7278,"dependent"
0,7279,"dependent"
4,7280,"dependent"
6,7281,"dependent"
8,7282,"dependent"
2,7283,"dependent"
4,7284,"dependent"
8,7285,"dependent"
10,7286,"dependent"
4,7287,"dependent"
6,7288,"dependent"
6,7289,"dependent"
6,7290,"dependent"
6,7291,"dependent"
6,7292,"dependent"
8,7293,"dependent"
4,7294,"dependent"
4,7295,"dependent"
6,7296,"dependent"
6,7297,"dependent"
8,7298,"dependent"
6,7299,"dependent"
4,7300,"dependent"
6,7301,"dependent"
6,7302,"dependent"
8,7303,"dependent"
6,7304,"dependent"
6,7305,"dependent"
8,7306,"dependent"
8,7307,"dependent"
6,7308,"dependent"
6,7309,"dependent"
8,7310,"dependent"
6,7311,"dependent"
4,7312,"dependent"
6,7313,"dependent"
6,7314,"dependent"
8,7315,"dependent"
4,7316,"dependent"
6,7317,"dependent"
2,7318,"dependent"
8,7319,"dependent"
6,7320,"dependent"
8,7321,"dependent"
8,7322,"dependent"
10,7323,"dependent"
6,7324,"dependent"
6,7325,"dependent"
6,7326,"dependent"
8,7327,"dependent"
6,7328,"dependent"
4,7329,"dependent"
4,7330,"dependent"
2,7331,"dependent"
4,7332,"dependent"
4,7333,"dependent"
8,7334,"dependent"
8,7335,"dependent"
4,7336,"dependent"
6,7337,"dependent"
4,7338,"dependent"
8,7339,"dependent"
4,7340,"dependent"
6,7341,"dependent"
6,7342,"dependent"
4,7343,"dependent"
8,7344,"dependent"
6,7345,"dependent"
8,7346,"dependent"
4,7347,"dependent"
8,7348,"dependent"
8,7349,"dependent"
8,7350,"dependent"
6,7351,"dependent"
6,7352,"dependent"
4,7353,"dependent"
4,7354,"dependent"
6,7355,"dependent"
6,7356,"dependent"
8,7357,"dependent"
6,7358,"dependent"
6,7359,"dependent"
8,7360,"dependent"
6,7361,"dependent"
6,7362,"dependent"
8,7363,"dependent"
6,7364,"dependent"
6,7365,"dependent"
4,7366,"dependent"
6,7367,"dependent"
6,7368,"dependent"
6,7369,"dependent"
6,7370,"dependent"
10,7371,"dependent"
8,7372,"dependent"
6,7373,"dependent"
8,7374,"dependent"
8,7375,"dependent"
6,7376,"dependent"
8,7377,"dependent"
4,7378,"dependent"
4,7379,"dependent"
6,7380,"dependent"
6,7381,"dependent"
2,7382,"dependent"
6,7383,"dependent"
4,7384,"dependent"
8,7385,"dependent"
6,7386,"dependent"
6,7387,"dependent"
6,7388,"dependent"
6,7389,"dependent"
8,7390,"dependent"
10,7391,"dependent"
8,7392,"dependent"
6,7393,"dependent"
8,7394,"dependent"
8,7395,"dependent"
6,7396,"dependent"
8,7397,"dependent"
4,7398,"dependent"
6,7399,"dependent"
6,7400,"dependent"
4,7401,"dependent"
8,7402,"dependent"
4,7403,"dependent"
4,7404,"dependent"
10,7405,"dependent"
4,7406,"dependent"
6,7407,"dependent"
4,7408,"dependent"
8,7409,"dependent"
8,7410,"dependent"
4,7411,"dependent"
6,7412,"dependent"
2,7413,"dependent"
6,7414,"dependent"
6,7415,"dependent"
4,7416,"dependent"
6,7417,"dependent"
6,7418,"dependent"
4,7419,"dependent"
4,7420,"dependent"
4,7421,"dependent"
6,7422,"dependent"
10,7423,"dependent"
4,7424,"dependent"
4,7425,"dependent"
8,7426,"dependent"
4,7427,"dependent"
4,7428,"dependent"
8,7429,"dependent"
8,7430,"dependent"
8,7431,"dependent"
6,7432,"dependent"
4,7433,"dependent"
4,7434,"dependent"
4,7435,"dependent"
4,7436,"dependent"
8,7437,"dependent"
4,7438,"dependent"
6,7439,"dependent"
8,7440,"dependent"
6,7441,"dependent"
4,7442,"dependent"
4,7443,"dependent"
8,7444,"dependent"
6,7445,"dependent"
8,7446,"dependent"
2,7447,"dependent"
8,7448,"dependent"
8,7449,"dependent"
6,7450,"dependent"
8,7451,"dependent"
4,7452,"dependent"
8,7453,"dependent"
6,7454,"dependent"
8,7455,"dependent"
6,7456,"dependent"
6,7457,"dependent"
6,7458,"dependent"
6,7459,"dependent"
6,7460,"dependent"
4,7461,"dependent"
6,7462,"dependent"
6,7463,"dependent"
4,7464,"dependent"
6,7465,"dependent"
6,7466,"dependent"
8,7467,"dependent"
8,7468,"dependent"
8,7469,"dependent"
6,7470,"dependent"
6,7471,"dependent"
6,7472,"dependent"
4,7473,"dependent"
6,7474,"dependent"
6,7475,"dependent"
4,7476,"dependent"
4,7477,"dependent"
4,7478,"dependent"
6,7479,"dependent"
8,7480,"dependent"
6,7481,"dependent"
8,7482,"dependent"
6,7483,"dependent"
6,7484,"dependent"
4,7485,"dependent"
10,7486,"dependent"
8,7487,"dependent"
6,7488,"dependent"
6,7489,"dependent"
4,7490,"dependent"
6,7491,"dependent"
4,7492,"dependent"
4,7493,"dependent"
4,7494,"dependent"
8,7495,"dependent"
6,7496,"dependent"
6,7497,"dependent"
6,7498,"dependent"
8,7499,"dependent"
6,7500,"dependent"
6,7501,"dependent"
6,7502,"dependent"
6,7503,"dependent"
10,7504,"dependent"
6,7505,"dependent"
10,7506,"dependent"
4,7507,"dependent"
4,7508,"dependent"
6,7509,"dependent"
6,7510,"dependent"
6,7511,"dependent"
6,7512,"dependent"
6,7513,"dependent"
6,7514,"dependent"
6,7515,"dependent"
4,7516,"dependent"
4,7517,"dependent"
8,7518,"dependent"
10,7519,"dependent"
6,7520,"dependent"
8,7521,"dependent"
10,7522,"dependent"
6,7523,"dependent"
2,7524,"dependent"
8,7525,"dependent"
8,7526,"dependent"
6,7527,"dependent"
8,7528,"dependent"
4,7529,"dependent"
4,7530,"dependent"
6,7531,"dependent"
4,7532,"dependent"
8,7533,"dependent"
4,7534,"dependent"
8,7535,"dependent"
4,7536,"dependent"
8,7537,"dependent"
8,7538,"dependent"
6,7539,"dependent"
6,7540,"dependent"
4,7541,"dependent"
6,7542,"dependent"
6,7543,"dependent"
6,7544,"dependent"
2,7545,"dependent"
8,7546,"dependent"
6,7547,"dependent"
2,7548,"dependent"
4,7549,"dependent"
6,7550,"dependent"
4,7551,"dependent"
6,7552,"dependent"
8,7553,"dependent"
2,7554,"dependent"
8,7555,"dependent"
8,7556,"dependent"
8,7557,"dependent"
8,7558,"dependent"
8,7559,"dependent"
4,7560,"dependent"
8,7561,"dependent"
8,7562,"dependent"
6,7563,"dependent"
8,7564,"dependent"
8,7565,"dependent"
8,7566,"dependent"
6,7567,"dependent"
6,7568,"dependent"
8,7569,"dependent"
6,7570,"dependent"
4,7571,"dependent"
8,7572,"dependent"
6,7573,"dependent"
4,7574,"dependent"
4,7575,"dependent"
2,7576,"dependent"
6,7577,"dependent"
6,7578,"dependent"
4,7579,"dependent"
6,7580,"dependent"
8,7581,"dependent"
6,7582,"dependent"
6,7583,"dependent"
8,7584,"dependent"
8,7585,"dependent"
4,7586,"dependent"
4,7587,"dependent"
6,7588,"dependent"
6,7589,"dependent"
8,7590,"dependent"
4,7591,"dependent"
6,7592,"dependent"
6,7593,"dependent"
8,7594,"dependent"
4,7595,"dependent"
6,7596,"dependent"
2,7597,"dependent"
4,7598,"dependent"
6,7599,"dependent"
6,7600,"dependent"
4,7601,"dependent"
6,7602,"dependent"
6,7603,"dependent"
6,7604,"dependent"
6,7605,"dependent"
8,7606,"dependent"
6,7607,"dependent"
8,7608,"dependent"
6,7609,"dependent"
6,7610,"dependent"
8,7611,"dependent"
6,7612,"dependent"
6,7613,"dependent"
4,7614,"dependent"
2,7615,"dependent"
6,7616,"dependent"
8,7617,"dependent"
6,7618,"dependent"
6,7619,"dependent"
4,7620,"dependent"
2,7621,"dependent"
6,7622,"dependent"
6,7623,"dependent"
6,7624,"dependent"
8,7625,"dependent"
6,7626,"dependent"
6,7627,"dependent"
8,7628,"dependent"
4,7629,"dependent"
6,7630,"dependent"
6,7631,"dependent"
4,7632,"dependent"
6,7633,"dependent"
8,7634,"dependent"
6,7635,"dependent"
8,7636,"dependent"
6,7637,"dependent"
8,7638,"dependent"
4,7639,"dependent"
8,7640,"dependent"
4,7641,"dependent"
6,7642,"dependent"
6,7643,"dependent"
4,7644,"dependent"
8,7645,"dependent"
8,7646,"dependent"
8,7647,"dependent"
4,7648,"dependent"
4,7649,"dependent"
6,7650,"dependent"
6,7651,"dependent"
6,7652,"dependent"
8,7653,"dependent"
6,7654,"dependent"
4,7655,"dependent"
6,7656,"dependent"
4,7657,"dependent"
6,7658,"dependent"
6,7659,"dependent"
6,7660,"dependent"
6,7661,"dependent"
8,7662,"dependent"
4,7663,"dependent"
4,7664,"dependent"
10,7665,"dependent"
8,7666,"dependent"
6,7667,"dependent"
8,7668,"dependent"
6,7669,"dependent"
4,7670,"dependent"
8,7671,"dependent"
6,7672,"dependent"
2,7673,"dependent"
8,7674,"dependent"
4,7675,"dependent"
8,7676,"dependent"
8,7677,"dependent"
4,7678,"dependent"
6,7679,"dependent"
6,7680,"dependent"
6,7681,"dependent"
6,7682,"dependent"
6,7683,"dependent"
8,7684,"dependent"
6,7685,"dependent"
4,7686,"dependent"
8,7687,"dependent"
6,7688,"dependent"
6,7689,"dependent"
6,7690,"dependent"
8,7691,"dependent"
6,7692,"dependent"
6,7693,"dependent"
4,7694,"dependent"
4,7695,"dependent"
6,7696,"dependent"
6,7697,"dependent"
6,7698,"dependent"
6,7699,"dependent"
6,7700,"dependent"
4,7701,"dependent"
8,7702,"dependent"
4,7703,"dependent"
4,7704,"dependent"
8,7705,"dependent"
8,7706,"dependent"
4,7707,"dependent"
4,7708,"dependent"
8,7709,"dependent"
4,7710,"dependent"
6,7711,"dependent"
8,7712,"dependent"
4,7713,"dependent"
8,7714,"dependent"
8,7715,"dependent"
6,7716,"dependent"
6,7717,"dependent"
6,7718,"dependent"
6,7719,"dependent"
8,7720,"dependent"
8,7721,"dependent"
8,7722,"dependent"
10,7723,"dependent"
4,7724,"dependent"
4,7725,"dependent"
6,7726,"dependent"
6,7727,"dependent"
4,7728,"dependent"
6,7729,"dependent"
6,7730,"dependent"
8,7731,"dependent"
8,7732,"dependent"
6,7733,"dependent"
8,7734,"dependent"
6,7735,"dependent"
8,7736,"dependent"
6,7737,"dependent"
2,7738,"dependent"
8,7739,"dependent"
4,7740,"dependent"
6,7741,"dependent"
2,7742,"dependent"
4,7743,"dependent"
6,7744,"dependent"
8,7745,"dependent"
6,7746,"dependent"
8,7747,"dependent"
6,7748,"dependent"
6,7749,"dependent"
8,7750,"dependent"
8,7751,"dependent"
4,7752,"dependent"
6,7753,"dependent"
4,7754,"dependent"
8,7755,"dependent"
4,7756,"dependent"
6,7757,"dependent"
8,7758,"dependent"
6,7759,"dependent"
6,7760,"dependent"
4,7761,"dependent"
2,7762,"dependent"
4,7763,"dependent"
4,7764,"dependent"
6,7765,"dependent"
8,7766,"dependent"
8,7767,"dependent"
8,7768,"dependent"
8,7769,"dependent"
4,7770,"dependent"
6,7771,"dependent"
6,7772,"dependent"
6,7773,"dependent"
4,7774,"dependent"
4,7775,"dependent"
6,7776,"dependent"
4,7777,"dependent"
6,7778,"dependent"
8,7779,"dependent"
6,7780,"dependent"
6,7781,"dependent"
8,7782,"dependent"
8,7783,"dependent"
8,7784,"dependent"
4,7785,"dependent"
6,7786,"dependent"
2,7787,"dependent"
10,7788,"dependent"
6,7789,"dependent"
6,7790,"dependent"
6,7791,"dependent"
4,7792,"dependent"
6,7793,"dependent"
6,7794,"dependent"
6,7795,"dependent"
6,7796,"dependent"
6,7797,"dependent"
4,7798,"dependent"
8,7799,"dependent"
2,7800,"dependent"
4,7801,"dependent"
6,7802,"dependent"
6,7803,"dependent"
2,7804,"dependent"
2,7805,"dependent"
6,7806,"dependent"
6,7807,"dependent"
6,7808,"dependent"
6,7809,"dependent"
6,7810,"dependent"
8,7811,"dependent"
4,7812,"dependent"
4,7813,"dependent"
6,7814,"dependent"
4,7815,"dependent"
6,7816,"dependent"
4,7817,"dependent"
6,7818,"dependent"
4,7819,"dependent"
4,7820,"dependent"
6,7821,"dependent"
6,7822,"dependent"
6,7823,"dependent"
4,7824,"dependent"
6,7825,"dependent"
6,7826,"dependent"
4,7827,"dependent"
6,7828,"dependent"
4,7829,"dependent"
4,7830,"dependent"
4,7831,"dependent"
8,7832,"dependent"
8,7833,"dependent"
8,7834,"dependent"
6,7835,"dependent"
6,7836,"dependent"
6,7837,"dependent"
6,7838,"dependent"
6,7839,"dependent"
6,7840,"dependent"
8,7841,"dependent"
6,7842,"dependent"
6,7843,"dependent"
8,7844,"dependent"
6,7845,"dependent"
2,7846,"dependent"
4,7847,"dependent"
8,7848,"dependent"
2,7849,"dependent"
6,7850,"dependent"
4,7851,"dependent"
8,7852,"dependent"
6,7853,"dependent"
8,7854,"dependent"
8,7855,"dependent"
6,7856,"dependent"
4,7857,"dependent"
8,7858,"dependent"
6,7859,"dependent"
6,7860,"dependent"
6,7861,"dependent"
4,7862,"dependent"
8,7863,"dependent"
8,7864,"dependent"
10,7865,"dependent"
4,7866,"dependent"
6,7867,"dependent"
8,7868,"dependent"
6,7869,"dependent"
6,7870,"dependent"
6,7871,"dependent"
6,7872,"dependent"
8,7873,"dependent"
4,7874,"dependent"
8,7875,"dependent"
4,7876,"dependent"
6,7877,"dependent"
6,7878,"dependent"
8,7879,"dependent"
8,7880,"dependent"
8,7881,"dependent"
6,7882,"dependent"
4,7883,"dependent"
6,7884,"dependent"
4,7885,"dependent"
8,7886,"dependent"
8,7887,"dependent"
8,7888,"dependent"
4,7889,"dependent"
6,7890,"dependent"
6,7891,"dependent"
4,7892,"dependent"
2,7893,"dependent"
6,7894,"dependent"
4,7895,"dependent"
0,7896,"dependent"
6,7897,"dependent"
4,7898,"dependent"
2,7899,"dependent"
6,7900,"dependent"
8,7901,"dependent"
4,7902,"dependent"
6,7903,"dependent"
6,7904,"dependent"
6,7905,"dependent"
8,7906,"dependent"
4,7907,"dependent"
6,7908,"dependent"
6,7909,"dependent"
6,7910,"dependent"
6,7911,"dependent"
6,7912,"dependent"
6,7913,"dependent"
6,7914,"dependent"
4,7915,"dependent"
6,7916,"dependent"
6,7917,"dependent"
4,7918,"dependent"
4,7919,"dependent"
6,7920,"dependent"
4,7921,"dependent"
6,7922,"dependent"
6,7923,"dependent"
6,7924,"dependent"
8,7925,"dependent"
8,7926,"dependent"
8,7927,"dependent"
4,7928,"dependent"
10,7929,"dependent"
8,7930,"dependent"
6,7931,"dependent"
6,7932,"dependent"
4,7933,"dependent"
6,7934,"dependent"
8,7935,"dependent"
4,7936,"dependent"
2,7937,"dependent"
10,7938,"dependent"
2,7939,"dependent"
8,7940,"dependent"
8,7941,"dependent"
4,7942,"dependent"
6,7943,"dependent"
6,7944,"dependent"
6,7945,"dependent"
6,7946,"dependent"
8,7947,"dependent"
2,7948,"dependent"
8,7949,"dependent"
8,7950,"dependent"
6,7951,"dependent"
6,7952,"dependent"
4,7953,"dependent"
8,7954,"dependent"
6,7955,"dependent"
6,7956,"dependent"
4,7957,"dependent"
4,7958,"dependent"
6,7959,"dependent"
4,7960,"dependent"
4,7961,"dependent"
6,7962,"dependent"
4,7963,"dependent"
6,7964,"dependent"
4,7965,"dependent"
6,7966,"dependent"
6,7967,"dependent"
6,7968,"dependent"
6,7969,"dependent"
6,7970,"dependent"
4,7971,"dependent"
8,7972,"dependent"
8,7973,"dependent"
6,7974,"dependent"
4,7975,"dependent"
8,7976,"dependent"
4,7977,"dependent"
6,7978,"dependent"
6,7979,"dependent"
6,7980,"dependent"
6,7981,"dependent"
4,7982,"dependent"
2,7983,"dependent"
4,7984,"dependent"
8,7985,"dependent"
8,7986,"dependent"
2,7987,"dependent"
6,7988,"dependent"
4,7989,"dependent"
4,7990,"dependent"
6,7991,"dependent"
8,7992,"dependent"
6,7993,"dependent"
4,7994,"dependent"
6,7995,"dependent"
6,7996,"dependent"
6,7997,"dependent"
6,7998,"dependent"
8,7999,"dependent"
10,8000,"dependent"
6,8001,"dependent"
6,8002,"dependent"
8,8003,"dependent"
6,8004,"dependent"
6,8005,"dependent"
6,8006,"dependent"
6,8007,"dependent"
6,8008,"dependent"
6,8009,"dependent"
8,8010,"dependent"
8,8011,"dependent"
4,8012,"dependent"
4,8013,"dependent"
6,8014,"dependent"
6,8015,"dependent"
4,8016,"dependent"
6,8017,"dependent"
6,8018,"dependent"
6,8019,"dependent"
8,8020,"dependent"
6,8021,"dependent"
6,8022,"dependent"
10,8023,"dependent"
4,8024,"dependent"
4,8025,"dependent"
8,8026,"dependent"
6,8027,"dependent"
6,8028,"dependent"
8,8029,"dependent"
8,8030,"dependent"
4,8031,"dependent"
6,8032,"dependent"
6,8033,"dependent"
4,8034,"dependent"
4,8035,"dependent"
6,8036,"dependent"
6,8037,"dependent"
4,8038,"dependent"
6,8039,"dependent"
6,8040,"dependent"
4,8041,"dependent"
10,8042,"dependent"
8,8043,"dependent"
6,8044,"dependent"
8,8045,"dependent"
8,8046,"dependent"
6,8047,"dependent"
4,8048,"dependent"
4,8049,"dependent"
10,8050,"dependent"
2,8051,"dependent"
6,8052,"dependent"
6,8053,"dependent"
8,8054,"dependent"
4,8055,"dependent"
6,8056,"dependent"
4,8057,"dependent"
8,8058,"dependent"
8,8059,"dependent"
6,8060,"dependent"
2,8061,"dependent"
6,8062,"dependent"
8,8063,"dependent"
6,8064,"dependent"
4,8065,"dependent"
4,8066,"dependent"
8,8067,"dependent"
4,8068,"dependent"
8,8069,"dependent"
6,8070,"dependent"
6,8071,"dependent"
6,8072,"dependent"
6,8073,"dependent"
4,8074,"dependent"
6,8075,"dependent"
4,8076,"dependent"
4,8077,"dependent"
10,8078,"dependent"
6,8079,"dependent"
8,8080,"dependent"
8,8081,"dependent"
6,8082,"dependent"
2,8083,"dependent"
4,8084,"dependent"
6,8085,"dependent"
6,8086,"dependent"
4,8087,"dependent"
8,8088,"dependent"
6,8089,"dependent"
6,8090,"dependent"
8,8091,"dependent"
6,8092,"dependent"
6,8093,"dependent"
8,8094,"dependent"
2,8095,"dependent"
6,8096,"dependent"
8,8097,"dependent"
4,8098,"dependent"
8,8099,"dependent"
8,8100,"dependent"
6,8101,"dependent"
8,8102,"dependent"
8,8103,"dependent"
6,8104,"dependent"
8,8105,"dependent"
6,8106,"dependent"
6,8107,"dependent"
6,8108,"dependent"
8,8109,"dependent"
6,8110,"dependent"
8,8111,"dependent"
6,8112,"dependent"
6,8113,"dependent"
6,8114,"dependent"
4,8115,"dependent"
6,8116,"dependent"
8,8117,"dependent"
6,8118,"dependent"
6,8119,"dependent"
6,8120,"dependent"
8,8121,"dependent"
8,8122,"dependent"
6,8123,"dependent"
8,8124,"dependent"
4,8125,"dependent"
8,8126,"dependent"
4,8127,"dependent"
4,8128,"dependent"
8,8129,"dependent"
2,8130,"dependent"
8,8131,"dependent"
8,8132,"dependent"
4,8133,"dependent"
4,8134,"dependent"
8,8135,"dependent"
6,8136,"dependent"
8,8137,"dependent"
6,8138,"dependent"
6,8139,"dependent"
6,8140,"dependent"
8,8141,"dependent"
6,8142,"dependent"
8,8143,"dependent"
8,8144,"dependent"
8,8145,"dependent"
2,8146,"dependent"
6,8147,"dependent"
8,8148,"dependent"
6,8149,"dependent"
6,8150,"dependent"
4,8151,"dependent"
6,8152,"dependent"
6,8153,"dependent"
10,8154,"dependent"
6,8155,"dependent"
6,8156,"dependent"
8,8157,"dependent"
8,8158,"dependent"
6,8159,"dependent"
6,8160,"dependent"
8,8161,"dependent"
4,8162,"dependent"
6,8163,"dependent"
8,8164,"dependent"
6,8165,"dependent"
6,8166,"dependent"
6,8167,"dependent"
6,8168,"dependent"
6,8169,"dependent"
8,8170,"dependent"
8,8171,"dependent"
8,8172,"dependent"
6,8173,"dependent"
8,8174,"dependent"
8,8175,"dependent"
10,8176,"dependent"
6,8177,"dependent"
4,8178,"dependent"
0,8179,"dependent"
8,8180,"dependent"
6,8181,"dependent"
8,8182,"dependent"
4,8183,"dependent"
6,8184,"dependent"
8,8185,"dependent"
8,8186,"dependent"
4,8187,"dependent"
6,8188,"dependent"
8,8189,"dependent"
8,8190,"dependent"
6,8191,"dependent"
4,8192,"dependent"
4,8193,"dependent"
6,8194,"dependent"
6,8195,"dependent"
8,8196,"dependent"
8,8197,"dependent"
4,8198,"dependent"
8,8199,"dependent"
10,8200,"dependent"
6,8201,"dependent"
6,8202,"dependent"
6,8203,"dependent"
4,8204,"dependent"
8,8205,"dependent"
8,8206,"dependent"
6,8207,"dependent"
8,8208,"dependent"
8,8209,"dependent"
6,8210,"dependent"
6,8211,"dependent"
8,8212,"dependent"
4,8213,"dependent"
8,8214,"dependent"
6,8215,"dependent"
8,8216,"dependent"
6,8217,"dependent"
10,8218,"dependent"
6,8219,"dependent"
6,8220,"dependent"
8,8221,"dependent"
4,8222,"dependent"
6,8223,"dependent"
8,8224,"dependent"
6,8225,"dependent"
4,8226,"dependent"
2,8227,"dependent"
6,8228,"dependent"
8,8229,"dependent"
4,8230,"dependent"
4,8231,"dependent"
6,8232,"dependent"
2,8233,"dependent"
6,8234,"dependent"
6,8235,"dependent"
6,8236,"dependent"
2,8237,"dependent"
4,8238,"dependent"
4,8239,"dependent"
6,8240,"dependent"
6,8241,"dependent"
6,8242,"dependent"
8,8243,"dependent"
4,8244,"dependent"
6,8245,"dependent"
6,8246,"dependent"
6,8247,"dependent"
4,8248,"dependent"
4,8249,"dependent"
6,8250,"dependent"
4,8251,"dependent"
8,8252,"dependent"
6,8253,"dependent"
4,8254,"dependent"
4,8255,"dependent"
6,8256,"dependent"
4,8257,"dependent"
6,8258,"dependent"
6,8259,"dependent"
6,8260,"dependent"
6,8261,"dependent"
6,8262,"dependent"
4,8263,"dependent"
8,8264,"dependent"
6,8265,"dependent"
6,8266,"dependent"
6,8267,"dependent"
4,8268,"dependent"
4,8269,"dependent"
8,8270,"dependent"
6,8271,"dependent"
4,8272,"dependent"
6,8273,"dependent"
6,8274,"dependent"
6,8275,"dependent"
6,8276,"dependent"
8,8277,"dependent"
8,8278,"dependent"
6,8279,"dependent"
2,8280,"dependent"
2,8281,"dependent"
6,8282,"dependent"
6,8283,"dependent"
2,8284,"dependent"
6,8285,"dependent"
6,8286,"dependent"
4,8287,"dependent"
6,8288,"dependent"
2,8289,"dependent"
4,8290,"dependent"
4,8291,"dependent"
8,8292,"dependent"
8,8293,"dependent"
4,8294,"dependent"
6,8295,"dependent"
8,8296,"dependent"
6,8297,"dependent"
8,8298,"dependent"
4,8299,"dependent"
6,8300,"dependent"
6,8301,"dependent"
6,8302,"dependent"
2,8303,"dependent"
4,8304,"dependent"
8,8305,"dependent"
6,8306,"dependent"
4,8307,"dependent"
4,8308,"dependent"
6,8309,"dependent"
6,8310,"dependent"
8,8311,"dependent"
6,8312,"dependent"
6,8313,"dependent"
6,8314,"dependent"
4,8315,"dependent"
8,8316,"dependent"
8,8317,"dependent"
6,8318,"dependent"
8,8319,"dependent"
8,8320,"dependent"
2,8321,"dependent"
6,8322,"dependent"
6,8323,"dependent"
4,8324,"dependent"
4,8325,"dependent"
6,8326,"dependent"
4,8327,"dependent"
4,8328,"dependent"
4,8329,"dependent"
4,8330,"dependent"
8,8331,"dependent"
6,8332,"dependent"
8,8333,"dependent"
6,8334,"dependent"
8,8335,"dependent"
4,8336,"dependent"
8,8337,"dependent"
8,8338,"dependent"
6,8339,"dependent"
4,8340,"dependent"
4,8341,"dependent"
8,8342,"dependent"
6,8343,"dependent"
4,8344,"dependent"
4,8345,"dependent"
8,8346,"dependent"
6,8347,"dependent"
8,8348,"dependent"
4,8349,"dependent"
6,8350,"dependent"
6,8351,"dependent"
4,8352,"dependent"
6,8353,"dependent"
4,8354,"dependent"
6,8355,"dependent"
4,8356,"dependent"
6,8357,"dependent"
8,8358,"dependent"
6,8359,"dependent"
8,8360,"dependent"
4,8361,"dependent"
4,8362,"dependent"
8,8363,"dependent"
8,8364,"dependent"
8,8365,"dependent"
4,8366,"dependent"
6,8367,"dependent"
6,8368,"dependent"
2,8369,"dependent"
4,8370,"dependent"
6,8371,"dependent"
6,8372,"dependent"
10,8373,"dependent"
4,8374,"dependent"
6,8375,"dependent"
2,8376,"dependent"
6,8377,"dependent"
6,8378,"dependent"
8,8379,"dependent"
8,8380,"dependent"
8,8381,"dependent"
4,8382,"dependent"
6,8383,"dependent"
6,8384,"dependent"
2,8385,"dependent"
4,8386,"dependent"
6,8387,"dependent"
4,8388,"dependent"
8,8389,"dependent"
8,8390,"dependent"
8,8391,"dependent"
4,8392,"dependent"
6,8393,"dependent"
8,8394,"dependent"
8,8395,"dependent"
10,8396,"dependent"
6,8397,"dependent"
4,8398,"dependent"
6,8399,"dependent"
4,8400,"dependent"
6,8401,"dependent"
8,8402,"dependent"
6,8403,"dependent"
4,8404,"dependent"
6,8405,"dependent"
8,8406,"dependent"
8,8407,"dependent"
6,8408,"dependent"
8,8409,"dependent"
6,8410,"dependent"
8,8411,"dependent"
8,8412,"dependent"
8,8413,"dependent"
4,8414,"dependent"
6,8415,"dependent"
8,8416,"dependent"
6,8417,"dependent"
4,8418,"dependent"
4,8419,"dependent"
6,8420,"dependent"
6,8421,"dependent"
6,8422,"dependent"
6,8423,"dependent"
6,8424,"dependent"
4,8425,"dependent"
6,8426,"dependent"
6,8427,"dependent"
4,8428,"dependent"
6,8429,"dependent"
4,8430,"dependent"
6,8431,"dependent"
2,8432,"dependent"
6,8433,"dependent"
6,8434,"dependent"
6,8435,"dependent"
8,8436,"dependent"
6,8437,"dependent"
6,8438,"dependent"
6,8439,"dependent"
6,8440,"dependent"
6,8441,"dependent"
2,8442,"dependent"
2,8443,"dependent"
6,8444,"dependent"
6,8445,"dependent"
2,8446,"dependent"
8,8447,"dependent"
4,8448,"dependent"
8,8449,"dependent"
10,8450,"dependent"
8,8451,"dependent"
6,8452,"dependent"
8,8453,"dependent"
6,8454,"dependent"
8,8455,"dependent"
8,8456,"dependent"
6,8457,"dependent"
2,8458,"dependent"
8,8459,"dependent"
6,8460,"dependent"
10,8461,"dependent"
4,8462,"dependent"
6,8463,"dependent"
10,8464,"dependent"
4,8465,"dependent"
4,8466,"dependent"
8,8467,"dependent"
4,8468,"dependent"
2,8469,"dependent"
4,8470,"dependent"
6,8471,"dependent"
6,8472,"dependent"
6,8473,"dependent"
4,8474,"dependent"
8,8475,"dependent"
6,8476,"dependent"
4,8477,"dependent"
6,8478,"dependent"
8,8479,"dependent"
8,8480,"dependent"
2,8481,"dependent"
6,8482,"dependent"
6,8483,"dependent"
10,8484,"dependent"
8,8485,"dependent"
4,8486,"dependent"
4,8487,"dependent"
6,8488,"dependent"
6,8489,"dependent"
8,8490,"dependent"
8,8491,"dependent"
6,8492,"dependent"
6,8493,"dependent"
6,8494,"dependent"
6,8495,"dependent"
8,8496,"dependent"
4,8497,"dependent"
8,8498,"dependent"
8,8499,"dependent"
8,8500,"dependent"
8,8501,"dependent"
8,8502,"dependent"
6,8503,"dependent"
6,8504,"dependent"
6,8505,"dependent"
8,8506,"dependent"
6,8507,"dependent"
4,8508,"dependent"
6,8509,"dependent"
8,8510,"dependent"
6,8511,"dependent"
6,8512,"dependent"
6,8513,"dependent"
2,8514,"dependent"
8,8515,"dependent"
4,8516,"dependent"
0,8517,"dependent"
8,8518,"dependent"
6,8519,"dependent"
4,8520,"dependent"
4,8521,"dependent"
8,8522,"dependent"
8,8523,"dependent"
6,8524,"dependent"
6,8525,"dependent"
6,8526,"dependent"
4,8527,"dependent"
6,8528,"dependent"
6,8529,"dependent"
6,8530,"dependent"
6,8531,"dependent"
8,8532,"dependent"
2,8533,"dependent"
6,8534,"dependent"
6,8535,"dependent"
4,8536,"dependent"
4,8537,"dependent"
8,8538,"dependent"
6,8539,"dependent"
4,8540,"dependent"
8,8541,"dependent"
6,8542,"dependent"
8,8543,"dependent"
4,8544,"dependent"
6,8545,"dependent"
10,8546,"dependent"
8,8547,"dependent"
6,8548,"dependent"
6,8549,"dependent"
6,8550,"dependent"
8,8551,"dependent"
8,8552,"dependent"
6,8553,"dependent"
4,8554,"dependent"
8,8555,"dependent"
4,8556,"dependent"
4,8557,"dependent"
6,8558,"dependent"
6,8559,"dependent"
8,8560,"dependent"
6,8561,"dependent"
8,8562,"dependent"
6,8563,"dependent"
6,8564,"dependent"
6,8565,"dependent"
6,8566,"dependent"
8,8567,"dependent"
8,8568,"dependent"
6,8569,"dependent"
8,8570,"dependent"
10,8571,"dependent"
6,8572,"dependent"
4,8573,"dependent"
6,8574,"dependent"
6,8575,"dependent"
6,8576,"dependent"
6,8577,"dependent"
6,8578,"dependent"
8,8579,"dependent"
6,8580,"dependent"
8,8581,"dependent"
6,8582,"dependent"
6,8583,"dependent"
4,8584,"dependent"
4,8585,"dependent"
10,8586,"dependent"
8,8587,"dependent"
6,8588,"dependent"
8,8589,"dependent"
6,8590,"dependent"
8,8591,"dependent"
4,8592,"dependent"
8,8593,"dependent"
6,8594,"dependent"
6,8595,"dependent"
8,8596,"dependent"
6,8597,"dependent"
6,8598,"dependent"
6,8599,"dependent"
6,8600,"dependent"
6,8601,"dependent"
6,8602,"dependent"
6,8603,"dependent"
2,8604,"dependent"
10,8605,"dependent"
4,8606,"dependent"
2,8607,"dependent"
6,8608,"dependent"
4,8609,"dependent"
4,8610,"dependent"
8,8611,"dependent"
4,8612,"dependent"
8,8613,"dependent"
4,8614,"dependent"
6,8615,"dependent"
4,8616,"dependent"
6,8617,"dependent"
8,8618,"dependent"
8,8619,"dependent"
6,8620,"dependent"
6,8621,"dependent"
6,8622,"dependent"
4,8623,"dependent"
8,8624,"dependent"
6,8625,"dependent"
4,8626,"dependent"
4,8627,"dependent"
8,8628,"dependent"
6,8629,"dependent"
6,8630,"dependent"
8,8631,"dependent"
4,8632,"dependent"
8,8633,"dependent"
8,8634,"dependent"
4,8635,"dependent"
8,8636,"dependent"
6,8637,"dependent"
6,8638,"dependent"
6,8639,"dependent"
8,8640,"dependent"
6,8641,"dependent"
4,8642,"dependent"
4,8643,"dependent"
4,8644,"dependent"
4,8645,"dependent"
4,8646,"dependent"
6,8647,"dependent"
6,8648,"dependent"
6,8649,"dependent"
8,8650,"dependent"
6,8651,"dependent"
2,8652,"dependent"
2,8653,"dependent"
6,8654,"dependent"
8,8655,"dependent"
6,8656,"dependent"
8,8657,"dependent"
6,8658,"dependent"
8,8659,"dependent"
6,8660,"dependent"
6,8661,"dependent"
2,8662,"dependent"
6,8663,"dependent"
6,8664,"dependent"
4,8665,"dependent"
4,8666,"dependent"
6,8667,"dependent"
6,8668,"dependent"
4,8669,"dependent"
4,8670,"dependent"
6,8671,"dependent"
8,8672,"dependent"
6,8673,"dependent"
6,8674,"dependent"
4,8675,"dependent"
4,8676,"dependent"
6,8677,"dependent"
8,8678,"dependent"
8,8679,"dependent"
8,8680,"dependent"
6,8681,"dependent"
6,8682,"dependent"
8,8683,"dependent"
2,8684,"dependent"
6,8685,"dependent"
4,8686,"dependent"
6,8687,"dependent"
8,8688,"dependent"
6,8689,"dependent"
6,8690,"dependent"
4,8691,"dependent"
4,8692,"dependent"
4,8693,"dependent"
4,8694,"dependent"
8,8695,"dependent"
8,8696,"dependent"
4,8697,"dependent"
6,8698,"dependent"
4,8699,"dependent"
6,8700,"dependent"
6,8701,"dependent"
8,8702,"dependent"
8,8703,"dependent"
8,8704,"dependent"
8,8705,"dependent"
6,8706,"dependent"
4,8707,"dependent"
6,8708,"dependent"
8,8709,"dependent"
8,8710,"dependent"
6,8711,"dependent"
6,8712,"dependent"
6,8713,"dependent"
4,8714,"dependent"
4,8715,"dependent"
6,8716,"dependent"
4,8717,"dependent"
6,8718,"dependent"
6,8719,"dependent"
4,8720,"dependent"
6,8721,"dependent"
4,8722,"dependent"
4,8723,"dependent"
4,8724,"dependent"
4,8725,"dependent"
6,8726,"dependent"
8,8727,"dependent"
4,8728,"dependent"
8,8729,"dependent"
6,8730,"dependent"
4,8731,"dependent"
6,8732,"dependent"
6,8733,"dependent"
4,8734,"dependent"
4,8735,"dependent"
6,8736,"dependent"
4,8737,"dependent"
8,8738,"dependent"
4,8739,"dependent"
6,8740,"dependent"
4,8741,"dependent"
4,8742,"dependent"
6,8743,"dependent"
6,8744,"dependent"
4,8745,"dependent"
4,8746,"dependent"
6,8747,"dependent"
6,8748,"dependent"
6,8749,"dependent"
8,8750,"dependent"
8,8751,"dependent"
8,8752,"dependent"
6,8753,"dependent"
4,8754,"dependent"
6,8755,"dependent"
10,8756,"dependent"
6,8757,"dependent"
8,8758,"dependent"
6,8759,"dependent"
10,8760,"dependent"
6,8761,"dependent"
8,8762,"dependent"
8,8763,"dependent"
6,8764,"dependent"
6,8765,"dependent"
6,8766,"dependent"
8,8767,"dependent"
6,8768,"dependent"
8,8769,"dependent"
8,8770,"dependent"
6,8771,"dependent"
4,8772,"dependent"
6,8773,"dependent"
6,8774,"dependent"
6,8775,"dependent"
6,8776,"dependent"
8,8777,"dependent"
8,8778,"dependent"
6,8779,"dependent"
8,8780,"dependent"
8,8781,"dependent"
8,8782,"dependent"
8,8783,"dependent"
6,8784,"dependent"
4,8785,"dependent"
6,8786,"dependent"
6,8787,"dependent"
8,8788,"dependent"
6,8789,"dependent"
4,8790,"dependent"
6,8791,"dependent"
4,8792,"dependent"
8,8793,"dependent"
8,8794,"dependent"
8,8795,"dependent"
6,8796,"dependent"
6,8797,"dependent"
4,8798,"dependent"
8,8799,"dependent"
4,8800,"dependent"
4,8801,"dependent"
4,8802,"dependent"
4,8803,"dependent"
8,8804,"dependent"
2,8805,"dependent"
6,8806,"dependent"
6,8807,"dependent"
8,8808,"dependent"
8,8809,"dependent"
6,8810,"dependent"
6,8811,"dependent"
4,8812,"dependent"
6,8813,"dependent"
8,8814,"dependent"
6,8815,"dependent"
6,8816,"dependent"
4,8817,"dependent"
10,8818,"dependent"
2,8819,"dependent"
8,8820,"dependent"
6,8821,"dependent"
4,8822,"dependent"
4,8823,"dependent"
6,8824,"dependent"
6,8825,"dependent"
4,8826,"dependent"
8,8827,"dependent"
8,8828,"dependent"
6,8829,"dependent"
4,8830,"dependent"
4,8831,"dependent"
4,8832,"dependent"
6,8833,"dependent"
4,8834,"dependent"
4,8835,"dependent"
4,8836,"dependent"
6,8837,"dependent"
4,8838,"dependent"
2,8839,"dependent"
6,8840,"dependent"
8,8841,"dependent"
6,8842,"dependent"
8,8843,"dependent"
6,8844,"dependent"
4,8845,"dependent"
6,8846,"dependent"
6,8847,"dependent"
6,8848,"dependent"
2,8849,"dependent"
4,8850,"dependent"
4,8851,"dependent"
4,8852,"dependent"
4,8853,"dependent"
4,8854,"dependent"
8,8855,"dependent"
4,8856,"dependent"
8,8857,"dependent"
6,8858,"dependent"
6,8859,"dependent"
4,8860,"dependent"
2,8861,"dependent"
6,8862,"dependent"
8,8863,"dependent"
6,8864,"dependent"
8,8865,"dependent"
6,8866,"dependent"
2,8867,"dependent"
8,8868,"dependent"
6,8869,"dependent"
6,8870,"dependent"
2,8871,"dependent"
8,8872,"dependent"
8,8873,"dependent"
4,8874,"dependent"
8,8875,"dependent"
2,8876,"dependent"
8,8877,"dependent"
8,8878,"dependent"
8,8879,"dependent"
6,8880,"dependent"
4,8881,"dependent"
4,8882,"dependent"
6,8883,"dependent"
4,8884,"dependent"
4,8885,"dependent"
6,8886,"dependent"
6,8887,"dependent"
2,8888,"dependent"
6,8889,"dependent"
6,8890,"dependent"
8,8891,"dependent"
6,8892,"dependent"
6,8893,"dependent"
2,8894,"dependent"
6,8895,"dependent"
6,8896,"dependent"
2,8897,"dependent"
6,8898,"dependent"
8,8899,"dependent"
8,8900,"dependent"
6,8901,"dependent"
6,8902,"dependent"
6,8903,"dependent"
8,8904,"dependent"
4,8905,"dependent"
6,8906,"dependent"
4,8907,"dependent"
6,8908,"dependent"
8,8909,"dependent"
6,8910,"dependent"
4,8911,"dependent"
6,8912,"dependent"
4,8913,"dependent"
6,8914,"dependent"
6,8915,"dependent"
6,8916,"dependent"
6,8917,"dependent"
8,8918,"dependent"
10,8919,"dependent"
6,8920,"dependent"
8,8921,"dependent"
8,8922,"dependent"
6,8923,"dependent"
6,8924,"dependent"
4,8925,"dependent"
4,8926,"dependent"
6,8927,"dependent"
8,8928,"dependent"
6,8929,"dependent"
8,8930,"dependent"
8,8931,"dependent"
6,8932,"dependent"
4,8933,"dependent"
4,8934,"dependent"
4,8935,"dependent"
6,8936,"dependent"
6,8937,"dependent"
6,8938,"dependent"
8,8939,"dependent"
6,8940,"dependent"
6,8941,"dependent"
8,8942,"dependent"
6,8943,"dependent"
6,8944,"dependent"
4,8945,"dependent"
4,8946,"dependent"
2,8947,"dependent"
6,8948,"dependent"
6,8949,"dependent"
6,8950,"dependent"
6,8951,"dependent"
6,8952,"dependent"
8,8953,"dependent"
6,8954,"dependent"
6,8955,"dependent"
4,8956,"dependent"
8,8957,"dependent"
8,8958,"dependent"
6,8959,"dependent"
6,8960,"dependent"
4,8961,"dependent"
4,8962,"dependent"
8,8963,"dependent"
4,8964,"dependent"
6,8965,"dependent"
6,8966,"dependent"
6,8967,"dependent"
8,8968,"dependent"
6,8969,"dependent"
4,8970,"dependent"
8,8971,"dependent"
4,8972,"dependent"
6,8973,"dependent"
8,8974,"dependent"
6,8975,"dependent"
8,8976,"dependent"
6,8977,"dependent"
6,8978,"dependent"
6,8979,"dependent"
6,8980,"dependent"
8,8981,"dependent"
4,8982,"dependent"
8,8983,"dependent"
6,8984,"dependent"
10,8985,"dependent"
6,8986,"dependent"
6,8987,"dependent"
0,8988,"dependent"
6,8989,"dependent"
6,8990,"dependent"
6,8991,"dependent"
8,8992,"dependent"
6,8993,"dependent"
6,8994,"dependent"
6,8995,"dependent"
8,8996,"dependent"
4,8997,"dependent"
6,8998,"dependent"
8,8999,"dependent"
4,9000,"dependent"
4,9001,"dependent"
