"RF","tree_id","dataset"
8,1,"independent"
12,2,"independent"
10,3,"independent"
8,4,"independent"
10,5,"independent"
12,6,"independent"
6,7,"independent"
12,8,"independent"
8,9,"independent"
10,10,"independent"
10,11,"independent"
10,12,"independent"
10,13,"independent"
12,14,"independent"
8,15,"independent"
12,16,"independent"
8,17,"independent"
10,18,"independent"
10,19,"independent"
12,20,"independent"
10,21,"independent"
10,22,"independent"
10,23,"independent"
10,24,"independent"
8,25,"independent"
12,26,"independent"
8,27,"independent"
12,28,"independent"
8,29,"independent"
10,30,"independent"
8,31,"independent"
8,32,"independent"
12,33,"independent"
4,34,"independent"
8,35,"independent"
12,36,"independent"
10,37,"independent"
10,38,"independent"
12,39,"independent"
10,40,"independent"
12,41,"independent"
12,42,"independent"
10,43,"independent"
10,44,"independent"
12,45,"independent"
12,46,"independent"
8,47,"independent"
4,48,"independent"
12,49,"independent"
10,50,"independent"
10,51,"independent"
6,52,"independent"
10,53,"independent"
14,54,"independent"
10,55,"independent"
8,56,"independent"
8,57,"independent"
10,58,"independent"
6,59,"independent"
6,60,"independent"
6,61,"independent"
12,62,"independent"
10,63,"independent"
12,64,"independent"
10,65,"independent"
10,66,"independent"
12,67,"independent"
6,68,"independent"
8,69,"independent"
6,70,"independent"
8,71,"independent"
8,72,"independent"
10,73,"independent"
8,74,"independent"
10,75,"independent"
10,76,"independent"
10,77,"independent"
6,78,"independent"
12,79,"independent"
10,80,"independent"
10,81,"independent"
10,82,"independent"
8,83,"independent"
10,84,"independent"
8,85,"independent"
10,86,"independent"
8,87,"independent"
8,88,"independent"
10,89,"independent"
12,90,"independent"
10,91,"independent"
10,92,"independent"
10,93,"independent"
10,94,"independent"
10,95,"independent"
8,96,"independent"
10,97,"independent"
12,98,"independent"
4,99,"independent"
8,100,"independent"
8,101,"independent"
10,102,"independent"
10,103,"independent"
10,104,"independent"
12,105,"independent"
12,106,"independent"
10,107,"independent"
12,108,"independent"
10,109,"independent"
6,110,"independent"
12,111,"independent"
12,112,"independent"
8,113,"independent"
10,114,"independent"
8,115,"independent"
10,116,"independent"
12,117,"independent"
10,118,"independent"
10,119,"independent"
8,120,"independent"
10,121,"independent"
8,122,"independent"
12,123,"independent"
10,124,"independent"
8,125,"independent"
10,126,"independent"
10,127,"independent"
10,128,"independent"
12,129,"independent"
12,130,"independent"
12,131,"independent"
12,132,"independent"
8,133,"independent"
14,134,"independent"
10,135,"independent"
8,136,"independent"
10,137,"independent"
10,138,"independent"
10,139,"independent"
10,140,"independent"
12,141,"independent"
10,142,"independent"
10,143,"independent"
8,144,"independent"
10,145,"independent"
8,146,"independent"
10,147,"independent"
8,148,"independent"
12,149,"independent"
8,150,"independent"
10,151,"independent"
6,152,"independent"
8,153,"independent"
12,154,"independent"
10,155,"independent"
12,156,"independent"
12,157,"independent"
10,158,"independent"
10,159,"independent"
10,160,"independent"
10,161,"independent"
8,162,"independent"
10,163,"independent"
10,164,"independent"
10,165,"independent"
10,166,"independent"
10,167,"independent"
8,168,"independent"
10,169,"independent"
12,170,"independent"
12,171,"independent"
8,172,"independent"
12,173,"independent"
10,174,"independent"
6,175,"independent"
12,176,"independent"
8,177,"independent"
8,178,"independent"
12,179,"independent"
10,180,"independent"
10,181,"independent"
12,182,"independent"
12,183,"independent"
8,184,"independent"
6,185,"independent"
10,186,"independent"
10,187,"independent"
12,188,"independent"
12,189,"independent"
6,190,"independent"
8,191,"independent"
10,192,"independent"
8,193,"independent"
8,194,"independent"
8,195,"independent"
6,196,"independent"
8,197,"independent"
10,198,"independent"
10,199,"independent"
10,200,"independent"
10,201,"independent"
10,202,"independent"
10,203,"independent"
8,204,"independent"
6,205,"independent"
12,206,"independent"
12,207,"independent"
10,208,"independent"
8,209,"independent"
6,210,"independent"
12,211,"independent"
8,212,"independent"
12,213,"independent"
12,214,"independent"
12,215,"independent"
8,216,"independent"
6,217,"independent"
10,218,"independent"
12,219,"independent"
10,220,"independent"
10,221,"independent"
10,222,"independent"
10,223,"independent"
12,224,"independent"
10,225,"independent"
10,226,"independent"
10,227,"independent"
8,228,"independent"
12,229,"independent"
10,230,"independent"
10,231,"independent"
10,232,"independent"
8,233,"independent"
10,234,"independent"
8,235,"independent"
10,236,"independent"
10,237,"independent"
10,238,"independent"
8,239,"independent"
8,240,"independent"
8,241,"independent"
8,242,"independent"
8,243,"independent"
8,244,"independent"
12,245,"independent"
8,246,"independent"
12,247,"independent"
10,248,"independent"
8,249,"independent"
12,250,"independent"
14,251,"independent"
10,252,"independent"
10,253,"independent"
6,254,"independent"
8,255,"independent"
8,256,"independent"
6,257,"independent"
8,258,"independent"
10,259,"independent"
8,260,"independent"
10,261,"independent"
12,262,"independent"
12,263,"independent"
8,264,"independent"
12,265,"independent"
10,266,"independent"
12,267,"independent"
8,268,"independent"
10,269,"independent"
8,270,"independent"
8,271,"independent"
8,272,"independent"
10,273,"independent"
12,274,"independent"
12,275,"independent"
10,276,"independent"
10,277,"independent"
10,278,"independent"
10,279,"independent"
10,280,"independent"
8,281,"independent"
12,282,"independent"
10,283,"independent"
12,284,"independent"
10,285,"independent"
8,286,"independent"
10,287,"independent"
6,288,"independent"
10,289,"independent"
6,290,"independent"
8,291,"independent"
8,292,"independent"
10,293,"independent"
10,294,"independent"
12,295,"independent"
6,296,"independent"
10,297,"independent"
8,298,"independent"
10,299,"independent"
8,300,"independent"
12,301,"independent"
10,302,"independent"
8,303,"independent"
10,304,"independent"
10,305,"independent"
8,306,"independent"
12,307,"independent"
12,308,"independent"
8,309,"independent"
12,310,"independent"
10,311,"independent"
10,312,"independent"
10,313,"independent"
10,314,"independent"
12,315,"independent"
4,316,"independent"
10,317,"independent"
10,318,"independent"
8,319,"independent"
10,320,"independent"
10,321,"independent"
8,322,"independent"
10,323,"independent"
12,324,"independent"
10,325,"independent"
10,326,"independent"
8,327,"independent"
10,328,"independent"
8,329,"independent"
10,330,"independent"
10,331,"independent"
8,332,"independent"
10,333,"independent"
10,334,"independent"
12,335,"independent"
12,336,"independent"
10,337,"independent"
10,338,"independent"
10,339,"independent"
10,340,"independent"
10,341,"independent"
12,342,"independent"
8,343,"independent"
10,344,"independent"
12,345,"independent"
10,346,"independent"
12,347,"independent"
10,348,"independent"
8,349,"independent"
8,350,"independent"
10,351,"independent"
8,352,"independent"
10,353,"independent"
10,354,"independent"
10,355,"independent"
10,356,"independent"
10,357,"independent"
8,358,"independent"
8,359,"independent"
10,360,"independent"
10,361,"independent"
10,362,"independent"
12,363,"independent"
10,364,"independent"
12,365,"independent"
12,366,"independent"
12,367,"independent"
12,368,"independent"
8,369,"independent"
12,370,"independent"
14,371,"independent"
10,372,"independent"
8,373,"independent"
6,374,"independent"
10,375,"independent"
8,376,"independent"
12,377,"independent"
12,378,"independent"
8,379,"independent"
12,380,"independent"
4,381,"independent"
6,382,"independent"
10,383,"independent"
8,384,"independent"
10,385,"independent"
12,386,"independent"
12,387,"independent"
10,388,"independent"
8,389,"independent"
10,390,"independent"
10,391,"independent"
8,392,"independent"
8,393,"independent"
10,394,"independent"
12,395,"independent"
12,396,"independent"
10,397,"independent"
10,398,"independent"
8,399,"independent"
8,400,"independent"
14,401,"independent"
8,402,"independent"
10,403,"independent"
12,404,"independent"
6,405,"independent"
8,406,"independent"
14,407,"independent"
10,408,"independent"
8,409,"independent"
10,410,"independent"
12,411,"independent"
12,412,"independent"
8,413,"independent"
10,414,"independent"
12,415,"independent"
10,416,"independent"
12,417,"independent"
10,418,"independent"
6,419,"independent"
10,420,"independent"
14,421,"independent"
10,422,"independent"
6,423,"independent"
8,424,"independent"
12,425,"independent"
12,426,"independent"
10,427,"independent"
12,428,"independent"
10,429,"independent"
10,430,"independent"
12,431,"independent"
6,432,"independent"
10,433,"independent"
10,434,"independent"
12,435,"independent"
6,436,"independent"
8,437,"independent"
10,438,"independent"
12,439,"independent"
12,440,"independent"
10,441,"independent"
10,442,"independent"
10,443,"independent"
10,444,"independent"
10,445,"independent"
10,446,"independent"
6,447,"independent"
8,448,"independent"
6,449,"independent"
10,450,"independent"
10,451,"independent"
12,452,"independent"
12,453,"independent"
12,454,"independent"
12,455,"independent"
8,456,"independent"
14,457,"independent"
10,458,"independent"
12,459,"independent"
12,460,"independent"
12,461,"independent"
12,462,"independent"
10,463,"independent"
12,464,"independent"
12,465,"independent"
8,466,"independent"
12,467,"independent"
10,468,"independent"
10,469,"independent"
10,470,"independent"
8,471,"independent"
10,472,"independent"
10,473,"independent"
10,474,"independent"
8,475,"independent"
10,476,"independent"
12,477,"independent"
12,478,"independent"
10,479,"independent"
12,480,"independent"
8,481,"independent"
10,482,"independent"
8,483,"independent"
8,484,"independent"
8,485,"independent"
10,486,"independent"
10,487,"independent"
10,488,"independent"
8,489,"independent"
12,490,"independent"
8,491,"independent"
14,492,"independent"
8,493,"independent"
10,494,"independent"
12,495,"independent"
10,496,"independent"
12,497,"independent"
10,498,"independent"
10,499,"independent"
8,500,"independent"
12,501,"independent"
14,502,"independent"
12,503,"independent"
10,504,"independent"
12,505,"independent"
10,506,"independent"
12,507,"independent"
8,508,"independent"
10,509,"independent"
10,510,"independent"
6,511,"independent"
8,512,"independent"
10,513,"independent"
8,514,"independent"
10,515,"independent"
12,516,"independent"
8,517,"independent"
6,518,"independent"
10,519,"independent"
10,520,"independent"
6,521,"independent"
10,522,"independent"
10,523,"independent"
10,524,"independent"
10,525,"independent"
10,526,"independent"
10,527,"independent"
8,528,"independent"
8,529,"independent"
10,530,"independent"
10,531,"independent"
10,532,"independent"
10,533,"independent"
10,534,"independent"
12,535,"independent"
12,536,"independent"
12,537,"independent"
10,538,"independent"
6,539,"independent"
12,540,"independent"
8,541,"independent"
8,542,"independent"
10,543,"independent"
10,544,"independent"
12,545,"independent"
12,546,"independent"
8,547,"independent"
10,548,"independent"
8,549,"independent"
4,550,"independent"
8,551,"independent"
6,552,"independent"
10,553,"independent"
8,554,"independent"
10,555,"independent"
10,556,"independent"
10,557,"independent"
12,558,"independent"
8,559,"independent"
10,560,"independent"
10,561,"independent"
10,562,"independent"
10,563,"independent"
6,564,"independent"
10,565,"independent"
10,566,"independent"
12,567,"independent"
8,568,"independent"
6,569,"independent"
12,570,"independent"
10,571,"independent"
10,572,"independent"
6,573,"independent"
6,574,"independent"
10,575,"independent"
10,576,"independent"
8,577,"independent"
8,578,"independent"
8,579,"independent"
10,580,"independent"
12,581,"independent"
10,582,"independent"
10,583,"independent"
12,584,"independent"
6,585,"independent"
6,586,"independent"
8,587,"independent"
12,588,"independent"
10,589,"independent"
12,590,"independent"
12,591,"independent"
10,592,"independent"
10,593,"independent"
8,594,"independent"
12,595,"independent"
10,596,"independent"
10,597,"independent"
12,598,"independent"
12,599,"independent"
10,600,"independent"
6,601,"independent"
10,602,"independent"
10,603,"independent"
10,604,"independent"
8,605,"independent"
10,606,"independent"
8,607,"independent"
4,608,"independent"
8,609,"independent"
12,610,"independent"
12,611,"independent"
8,612,"independent"
8,613,"independent"
10,614,"independent"
10,615,"independent"
12,616,"independent"
4,617,"independent"
8,618,"independent"
12,619,"independent"
12,620,"independent"
10,621,"independent"
10,622,"independent"
12,623,"independent"
12,624,"independent"
10,625,"independent"
10,626,"independent"
12,627,"independent"
10,628,"independent"
8,629,"independent"
10,630,"independent"
14,631,"independent"
10,632,"independent"
12,633,"independent"
8,634,"independent"
10,635,"independent"
10,636,"independent"
8,637,"independent"
8,638,"independent"
12,639,"independent"
10,640,"independent"
12,641,"independent"
8,642,"independent"
10,643,"independent"
12,644,"independent"
12,645,"independent"
10,646,"independent"
12,647,"independent"
14,648,"independent"
10,649,"independent"
12,650,"independent"
10,651,"independent"
6,652,"independent"
10,653,"independent"
10,654,"independent"
6,655,"independent"
10,656,"independent"
8,657,"independent"
10,658,"independent"
10,659,"independent"
4,660,"independent"
8,661,"independent"
10,662,"independent"
8,663,"independent"
8,664,"independent"
8,665,"independent"
10,666,"independent"
8,667,"independent"
10,668,"independent"
8,669,"independent"
6,670,"independent"
2,671,"independent"
8,672,"independent"
10,673,"independent"
6,674,"independent"
8,675,"independent"
10,676,"independent"
8,677,"independent"
8,678,"independent"
6,679,"independent"
10,680,"independent"
8,681,"independent"
6,682,"independent"
8,683,"independent"
10,684,"independent"
14,685,"independent"
10,686,"independent"
10,687,"independent"
10,688,"independent"
10,689,"independent"
12,690,"independent"
8,691,"independent"
12,692,"independent"
14,693,"independent"
8,694,"independent"
10,695,"independent"
10,696,"independent"
6,697,"independent"
10,698,"independent"
10,699,"independent"
14,700,"independent"
10,701,"independent"
8,702,"independent"
10,703,"independent"
10,704,"independent"
6,705,"independent"
6,706,"independent"
4,707,"independent"
4,708,"independent"
8,709,"independent"
6,710,"independent"
12,711,"independent"
4,712,"independent"
10,713,"independent"
10,714,"independent"
10,715,"independent"
8,716,"independent"
12,717,"independent"
12,718,"independent"
6,719,"independent"
8,720,"independent"
10,721,"independent"
14,722,"independent"
10,723,"independent"
4,724,"independent"
10,725,"independent"
12,726,"independent"
10,727,"independent"
8,728,"independent"
12,729,"independent"
12,730,"independent"
10,731,"independent"
8,732,"independent"
12,733,"independent"
6,734,"independent"
12,735,"independent"
12,736,"independent"
10,737,"independent"
14,738,"independent"
12,739,"independent"
10,740,"independent"
8,741,"independent"
12,742,"independent"
14,743,"independent"
10,744,"independent"
10,745,"independent"
8,746,"independent"
12,747,"independent"
10,748,"independent"
12,749,"independent"
14,750,"independent"
10,751,"independent"
8,752,"independent"
6,753,"independent"
8,754,"independent"
10,755,"independent"
8,756,"independent"
8,757,"independent"
12,758,"independent"
10,759,"independent"
10,760,"independent"
10,761,"independent"
10,762,"independent"
10,763,"independent"
6,764,"independent"
8,765,"independent"
12,766,"independent"
8,767,"independent"
10,768,"independent"
10,769,"independent"
12,770,"independent"
4,771,"independent"
10,772,"independent"
8,773,"independent"
8,774,"independent"
6,775,"independent"
12,776,"independent"
10,777,"independent"
10,778,"independent"
10,779,"independent"
10,780,"independent"
10,781,"independent"
10,782,"independent"
10,783,"independent"
12,784,"independent"
10,785,"independent"
10,786,"independent"
10,787,"independent"
8,788,"independent"
10,789,"independent"
10,790,"independent"
10,791,"independent"
10,792,"independent"
10,793,"independent"
12,794,"independent"
6,795,"independent"
10,796,"independent"
6,797,"independent"
6,798,"independent"
10,799,"independent"
8,800,"independent"
6,801,"independent"
12,802,"independent"
8,803,"independent"
8,804,"independent"
8,805,"independent"
10,806,"independent"
10,807,"independent"
12,808,"independent"
10,809,"independent"
12,810,"independent"
8,811,"independent"
10,812,"independent"
10,813,"independent"
10,814,"independent"
14,815,"independent"
10,816,"independent"
12,817,"independent"
10,818,"independent"
10,819,"independent"
10,820,"independent"
14,821,"independent"
10,822,"independent"
6,823,"independent"
8,824,"independent"
10,825,"independent"
14,826,"independent"
12,827,"independent"
12,828,"independent"
8,829,"independent"
12,830,"independent"
10,831,"independent"
8,832,"independent"
12,833,"independent"
12,834,"independent"
8,835,"independent"
12,836,"independent"
8,837,"independent"
10,838,"independent"
8,839,"independent"
10,840,"independent"
12,841,"independent"
8,842,"independent"
8,843,"independent"
10,844,"independent"
10,845,"independent"
10,846,"independent"
10,847,"independent"
10,848,"independent"
10,849,"independent"
10,850,"independent"
8,851,"independent"
10,852,"independent"
10,853,"independent"
10,854,"independent"
10,855,"independent"
8,856,"independent"
10,857,"independent"
10,858,"independent"
12,859,"independent"
10,860,"independent"
8,861,"independent"
8,862,"independent"
14,863,"independent"
10,864,"independent"
8,865,"independent"
8,866,"independent"
12,867,"independent"
12,868,"independent"
10,869,"independent"
12,870,"independent"
10,871,"independent"
12,872,"independent"
10,873,"independent"
10,874,"independent"
6,875,"independent"
12,876,"independent"
10,877,"independent"
10,878,"independent"
12,879,"independent"
8,880,"independent"
4,881,"independent"
10,882,"independent"
10,883,"independent"
8,884,"independent"
10,885,"independent"
10,886,"independent"
10,887,"independent"
8,888,"independent"
10,889,"independent"
10,890,"independent"
12,891,"independent"
12,892,"independent"
12,893,"independent"
10,894,"independent"
12,895,"independent"
8,896,"independent"
10,897,"independent"
14,898,"independent"
12,899,"independent"
12,900,"independent"
12,901,"independent"
10,902,"independent"
10,903,"independent"
8,904,"independent"
12,905,"independent"
12,906,"independent"
8,907,"independent"
12,908,"independent"
10,909,"independent"
12,910,"independent"
10,911,"independent"
10,912,"independent"
8,913,"independent"
10,914,"independent"
12,915,"independent"
10,916,"independent"
8,917,"independent"
8,918,"independent"
8,919,"independent"
10,920,"independent"
8,921,"independent"
10,922,"independent"
12,923,"independent"
10,924,"independent"
12,925,"independent"
8,926,"independent"
8,927,"independent"
10,928,"independent"
8,929,"independent"
10,930,"independent"
8,931,"independent"
8,932,"independent"
8,933,"independent"
10,934,"independent"
12,935,"independent"
12,936,"independent"
10,937,"independent"
12,938,"independent"
8,939,"independent"
12,940,"independent"
10,941,"independent"
12,942,"independent"
10,943,"independent"
8,944,"independent"
10,945,"independent"
12,946,"independent"
8,947,"independent"
10,948,"independent"
12,949,"independent"
10,950,"independent"
6,951,"independent"
12,952,"independent"
10,953,"independent"
10,954,"independent"
10,955,"independent"
14,956,"independent"
10,957,"independent"
12,958,"independent"
8,959,"independent"
10,960,"independent"
10,961,"independent"
12,962,"independent"
10,963,"independent"
12,964,"independent"
8,965,"independent"
12,966,"independent"
10,967,"independent"
10,968,"independent"
6,969,"independent"
12,970,"independent"
10,971,"independent"
8,972,"independent"
10,973,"independent"
12,974,"independent"
12,975,"independent"
12,976,"independent"
8,977,"independent"
10,978,"independent"
14,979,"independent"
8,980,"independent"
14,981,"independent"
4,982,"independent"
10,983,"independent"
12,984,"independent"
10,985,"independent"
12,986,"independent"
8,987,"independent"
8,988,"independent"
6,989,"independent"
6,990,"independent"
10,991,"independent"
8,992,"independent"
6,993,"independent"
12,994,"independent"
6,995,"independent"
10,996,"independent"
12,997,"independent"
12,998,"independent"
10,999,"independent"
10,1000,"independent"
10,1001,"independent"
12,1002,"independent"
8,1003,"independent"
10,1004,"independent"
10,1005,"independent"
10,1006,"independent"
8,1007,"independent"
12,1008,"independent"
10,1009,"independent"
8,1010,"independent"
10,1011,"independent"
8,1012,"independent"
12,1013,"independent"
6,1014,"independent"
12,1015,"independent"
12,1016,"independent"
10,1017,"independent"
12,1018,"independent"
10,1019,"independent"
12,1020,"independent"
12,1021,"independent"
8,1022,"independent"
10,1023,"independent"
12,1024,"independent"
10,1025,"independent"
6,1026,"independent"
12,1027,"independent"
12,1028,"independent"
8,1029,"independent"
12,1030,"independent"
12,1031,"independent"
12,1032,"independent"
14,1033,"independent"
10,1034,"independent"
12,1035,"independent"
6,1036,"independent"
8,1037,"independent"
8,1038,"independent"
10,1039,"independent"
8,1040,"independent"
10,1041,"independent"
8,1042,"independent"
10,1043,"independent"
12,1044,"independent"
10,1045,"independent"
6,1046,"independent"
10,1047,"independent"
10,1048,"independent"
12,1049,"independent"
10,1050,"independent"
14,1051,"independent"
12,1052,"independent"
10,1053,"independent"
8,1054,"independent"
12,1055,"independent"
10,1056,"independent"
12,1057,"independent"
14,1058,"independent"
8,1059,"independent"
10,1060,"independent"
6,1061,"independent"
10,1062,"independent"
8,1063,"independent"
8,1064,"independent"
8,1065,"independent"
10,1066,"independent"
12,1067,"independent"
10,1068,"independent"
10,1069,"independent"
8,1070,"independent"
8,1071,"independent"
10,1072,"independent"
12,1073,"independent"
10,1074,"independent"
12,1075,"independent"
12,1076,"independent"
4,1077,"independent"
12,1078,"independent"
10,1079,"independent"
6,1080,"independent"
12,1081,"independent"
12,1082,"independent"
12,1083,"independent"
10,1084,"independent"
12,1085,"independent"
10,1086,"independent"
10,1087,"independent"
4,1088,"independent"
8,1089,"independent"
10,1090,"independent"
6,1091,"independent"
10,1092,"independent"
12,1093,"independent"
8,1094,"independent"
12,1095,"independent"
12,1096,"independent"
10,1097,"independent"
12,1098,"independent"
10,1099,"independent"
8,1100,"independent"
10,1101,"independent"
10,1102,"independent"
10,1103,"independent"
10,1104,"independent"
8,1105,"independent"
6,1106,"independent"
12,1107,"independent"
10,1108,"independent"
8,1109,"independent"
8,1110,"independent"
10,1111,"independent"
10,1112,"independent"
10,1113,"independent"
10,1114,"independent"
12,1115,"independent"
8,1116,"independent"
10,1117,"independent"
10,1118,"independent"
10,1119,"independent"
10,1120,"independent"
8,1121,"independent"
12,1122,"independent"
8,1123,"independent"
10,1124,"independent"
12,1125,"independent"
12,1126,"independent"
10,1127,"independent"
8,1128,"independent"
12,1129,"independent"
8,1130,"independent"
4,1131,"independent"
10,1132,"independent"
8,1133,"independent"
12,1134,"independent"
14,1135,"independent"
12,1136,"independent"
8,1137,"independent"
12,1138,"independent"
8,1139,"independent"
6,1140,"independent"
10,1141,"independent"
10,1142,"independent"
8,1143,"independent"
8,1144,"independent"
10,1145,"independent"
8,1146,"independent"
6,1147,"independent"
10,1148,"independent"
12,1149,"independent"
10,1150,"independent"
10,1151,"independent"
6,1152,"independent"
10,1153,"independent"
12,1154,"independent"
10,1155,"independent"
10,1156,"independent"
8,1157,"independent"
10,1158,"independent"
12,1159,"independent"
8,1160,"independent"
12,1161,"independent"
12,1162,"independent"
10,1163,"independent"
10,1164,"independent"
12,1165,"independent"
10,1166,"independent"
12,1167,"independent"
6,1168,"independent"
6,1169,"independent"
10,1170,"independent"
10,1171,"independent"
12,1172,"independent"
10,1173,"independent"
6,1174,"independent"
10,1175,"independent"
10,1176,"independent"
12,1177,"independent"
14,1178,"independent"
8,1179,"independent"
10,1180,"independent"
10,1181,"independent"
10,1182,"independent"
12,1183,"independent"
8,1184,"independent"
10,1185,"independent"
8,1186,"independent"
12,1187,"independent"
10,1188,"independent"
6,1189,"independent"
12,1190,"independent"
10,1191,"independent"
12,1192,"independent"
10,1193,"independent"
12,1194,"independent"
10,1195,"independent"
10,1196,"independent"
8,1197,"independent"
12,1198,"independent"
10,1199,"independent"
8,1200,"independent"
10,1201,"independent"
10,1202,"independent"
10,1203,"independent"
8,1204,"independent"
8,1205,"independent"
10,1206,"independent"
12,1207,"independent"
8,1208,"independent"
8,1209,"independent"
12,1210,"independent"
12,1211,"independent"
14,1212,"independent"
8,1213,"independent"
10,1214,"independent"
12,1215,"independent"
8,1216,"independent"
8,1217,"independent"
10,1218,"independent"
8,1219,"independent"
10,1220,"independent"
10,1221,"independent"
8,1222,"independent"
8,1223,"independent"
10,1224,"independent"
8,1225,"independent"
10,1226,"independent"
10,1227,"independent"
8,1228,"independent"
6,1229,"independent"
12,1230,"independent"
12,1231,"independent"
12,1232,"independent"
8,1233,"independent"
6,1234,"independent"
10,1235,"independent"
12,1236,"independent"
10,1237,"independent"
6,1238,"independent"
8,1239,"independent"
12,1240,"independent"
8,1241,"independent"
12,1242,"independent"
12,1243,"independent"
10,1244,"independent"
10,1245,"independent"
10,1246,"independent"
8,1247,"independent"
10,1248,"independent"
12,1249,"independent"
10,1250,"independent"
12,1251,"independent"
8,1252,"independent"
10,1253,"independent"
8,1254,"independent"
10,1255,"independent"
10,1256,"independent"
10,1257,"independent"
12,1258,"independent"
10,1259,"independent"
8,1260,"independent"
6,1261,"independent"
10,1262,"independent"
12,1263,"independent"
8,1264,"independent"
10,1265,"independent"
10,1266,"independent"
8,1267,"independent"
10,1268,"independent"
10,1269,"independent"
8,1270,"independent"
12,1271,"independent"
8,1272,"independent"
12,1273,"independent"
8,1274,"independent"
8,1275,"independent"
10,1276,"independent"
6,1277,"independent"
12,1278,"independent"
6,1279,"independent"
12,1280,"independent"
8,1281,"independent"
6,1282,"independent"
12,1283,"independent"
12,1284,"independent"
10,1285,"independent"
10,1286,"independent"
12,1287,"independent"
12,1288,"independent"
10,1289,"independent"
10,1290,"independent"
10,1291,"independent"
10,1292,"independent"
12,1293,"independent"
12,1294,"independent"
10,1295,"independent"
10,1296,"independent"
14,1297,"independent"
4,1298,"independent"
6,1299,"independent"
6,1300,"independent"
10,1301,"independent"
6,1302,"independent"
8,1303,"independent"
12,1304,"independent"
10,1305,"independent"
8,1306,"independent"
12,1307,"independent"
12,1308,"independent"
8,1309,"independent"
4,1310,"independent"
10,1311,"independent"
4,1312,"independent"
8,1313,"independent"
12,1314,"independent"
8,1315,"independent"
12,1316,"independent"
8,1317,"independent"
8,1318,"independent"
10,1319,"independent"
10,1320,"independent"
8,1321,"independent"
12,1322,"independent"
10,1323,"independent"
12,1324,"independent"
10,1325,"independent"
10,1326,"independent"
14,1327,"independent"
10,1328,"independent"
12,1329,"independent"
6,1330,"independent"
10,1331,"independent"
10,1332,"independent"
12,1333,"independent"
8,1334,"independent"
6,1335,"independent"
8,1336,"independent"
10,1337,"independent"
8,1338,"independent"
8,1339,"independent"
8,1340,"independent"
8,1341,"independent"
10,1342,"independent"
10,1343,"independent"
10,1344,"independent"
10,1345,"independent"
6,1346,"independent"
8,1347,"independent"
12,1348,"independent"
10,1349,"independent"
6,1350,"independent"
8,1351,"independent"
12,1352,"independent"
12,1353,"independent"
6,1354,"independent"
8,1355,"independent"
10,1356,"independent"
10,1357,"independent"
10,1358,"independent"
12,1359,"independent"
12,1360,"independent"
12,1361,"independent"
10,1362,"independent"
12,1363,"independent"
8,1364,"independent"
12,1365,"independent"
12,1366,"independent"
6,1367,"independent"
12,1368,"independent"
10,1369,"independent"
10,1370,"independent"
12,1371,"independent"
6,1372,"independent"
12,1373,"independent"
8,1374,"independent"
10,1375,"independent"
10,1376,"independent"
10,1377,"independent"
10,1378,"independent"
8,1379,"independent"
10,1380,"independent"
10,1381,"independent"
10,1382,"independent"
6,1383,"independent"
6,1384,"independent"
10,1385,"independent"
8,1386,"independent"
10,1387,"independent"
12,1388,"independent"
10,1389,"independent"
12,1390,"independent"
8,1391,"independent"
14,1392,"independent"
12,1393,"independent"
10,1394,"independent"
10,1395,"independent"
10,1396,"independent"
8,1397,"independent"
10,1398,"independent"
8,1399,"independent"
8,1400,"independent"
10,1401,"independent"
10,1402,"independent"
12,1403,"independent"
10,1404,"independent"
14,1405,"independent"
10,1406,"independent"
8,1407,"independent"
10,1408,"independent"
8,1409,"independent"
12,1410,"independent"
10,1411,"independent"
8,1412,"independent"
6,1413,"independent"
8,1414,"independent"
10,1415,"independent"
10,1416,"independent"
2,1417,"independent"
12,1418,"independent"
8,1419,"independent"
10,1420,"independent"
10,1421,"independent"
4,1422,"independent"
10,1423,"independent"
12,1424,"independent"
8,1425,"independent"
8,1426,"independent"
10,1427,"independent"
8,1428,"independent"
12,1429,"independent"
10,1430,"independent"
10,1431,"independent"
10,1432,"independent"
8,1433,"independent"
10,1434,"independent"
8,1435,"independent"
10,1436,"independent"
8,1437,"independent"
12,1438,"independent"
8,1439,"independent"
10,1440,"independent"
12,1441,"independent"
10,1442,"independent"
8,1443,"independent"
12,1444,"independent"
10,1445,"independent"
10,1446,"independent"
6,1447,"independent"
8,1448,"independent"
10,1449,"independent"
10,1450,"independent"
6,1451,"independent"
10,1452,"independent"
12,1453,"independent"
8,1454,"independent"
10,1455,"independent"
10,1456,"independent"
12,1457,"independent"
12,1458,"independent"
10,1459,"independent"
14,1460,"independent"
10,1461,"independent"
8,1462,"independent"
12,1463,"independent"
12,1464,"independent"
10,1465,"independent"
10,1466,"independent"
10,1467,"independent"
12,1468,"independent"
10,1469,"independent"
8,1470,"independent"
8,1471,"independent"
10,1472,"independent"
12,1473,"independent"
12,1474,"independent"
10,1475,"independent"
10,1476,"independent"
6,1477,"independent"
12,1478,"independent"
14,1479,"independent"
10,1480,"independent"
8,1481,"independent"
12,1482,"independent"
10,1483,"independent"
12,1484,"independent"
8,1485,"independent"
10,1486,"independent"
8,1487,"independent"
8,1488,"independent"
8,1489,"independent"
8,1490,"independent"
10,1491,"independent"
10,1492,"independent"
12,1493,"independent"
12,1494,"independent"
10,1495,"independent"
12,1496,"independent"
12,1497,"independent"
10,1498,"independent"
8,1499,"independent"
12,1500,"independent"
10,1501,"independent"
12,1502,"independent"
12,1503,"independent"
8,1504,"independent"
8,1505,"independent"
10,1506,"independent"
12,1507,"independent"
8,1508,"independent"
8,1509,"independent"
6,1510,"independent"
10,1511,"independent"
8,1512,"independent"
10,1513,"independent"
10,1514,"independent"
10,1515,"independent"
12,1516,"independent"
10,1517,"independent"
10,1518,"independent"
12,1519,"independent"
6,1520,"independent"
8,1521,"independent"
10,1522,"independent"
6,1523,"independent"
10,1524,"independent"
12,1525,"independent"
14,1526,"independent"
10,1527,"independent"
10,1528,"independent"
12,1529,"independent"
10,1530,"independent"
12,1531,"independent"
12,1532,"independent"
10,1533,"independent"
12,1534,"independent"
14,1535,"independent"
12,1536,"independent"
12,1537,"independent"
6,1538,"independent"
10,1539,"independent"
10,1540,"independent"
10,1541,"independent"
10,1542,"independent"
12,1543,"independent"
6,1544,"independent"
12,1545,"independent"
10,1546,"independent"
12,1547,"independent"
12,1548,"independent"
12,1549,"independent"
10,1550,"independent"
10,1551,"independent"
12,1552,"independent"
12,1553,"independent"
10,1554,"independent"
12,1555,"independent"
10,1556,"independent"
12,1557,"independent"
10,1558,"independent"
14,1559,"independent"
14,1560,"independent"
10,1561,"independent"
10,1562,"independent"
14,1563,"independent"
12,1564,"independent"
10,1565,"independent"
10,1566,"independent"
10,1567,"independent"
12,1568,"independent"
10,1569,"independent"
8,1570,"independent"
8,1571,"independent"
10,1572,"independent"
10,1573,"independent"
12,1574,"independent"
6,1575,"independent"
10,1576,"independent"
10,1577,"independent"
10,1578,"independent"
8,1579,"independent"
12,1580,"independent"
6,1581,"independent"
12,1582,"independent"
8,1583,"independent"
6,1584,"independent"
12,1585,"independent"
10,1586,"independent"
8,1587,"independent"
8,1588,"independent"
10,1589,"independent"
10,1590,"independent"
10,1591,"independent"
12,1592,"independent"
10,1593,"independent"
14,1594,"independent"
12,1595,"independent"
6,1596,"independent"
6,1597,"independent"
8,1598,"independent"
6,1599,"independent"
12,1600,"independent"
12,1601,"independent"
8,1602,"independent"
8,1603,"independent"
10,1604,"independent"
10,1605,"independent"
12,1606,"independent"
10,1607,"independent"
12,1608,"independent"
10,1609,"independent"
10,1610,"independent"
10,1611,"independent"
10,1612,"independent"
8,1613,"independent"
8,1614,"independent"
10,1615,"independent"
10,1616,"independent"
12,1617,"independent"
12,1618,"independent"
8,1619,"independent"
10,1620,"independent"
10,1621,"independent"
10,1622,"independent"
8,1623,"independent"
8,1624,"independent"
10,1625,"independent"
12,1626,"independent"
6,1627,"independent"
8,1628,"independent"
12,1629,"independent"
8,1630,"independent"
12,1631,"independent"
12,1632,"independent"
8,1633,"independent"
10,1634,"independent"
10,1635,"independent"
10,1636,"independent"
10,1637,"independent"
8,1638,"independent"
8,1639,"independent"
10,1640,"independent"
10,1641,"independent"
10,1642,"independent"
8,1643,"independent"
12,1644,"independent"
8,1645,"independent"
6,1646,"independent"
10,1647,"independent"
10,1648,"independent"
10,1649,"independent"
10,1650,"independent"
10,1651,"independent"
10,1652,"independent"
10,1653,"independent"
8,1654,"independent"
10,1655,"independent"
8,1656,"independent"
10,1657,"independent"
10,1658,"independent"
12,1659,"independent"
10,1660,"independent"
10,1661,"independent"
8,1662,"independent"
8,1663,"independent"
12,1664,"independent"
10,1665,"independent"
10,1666,"independent"
8,1667,"independent"
6,1668,"independent"
10,1669,"independent"
6,1670,"independent"
12,1671,"independent"
10,1672,"independent"
10,1673,"independent"
10,1674,"independent"
12,1675,"independent"
8,1676,"independent"
6,1677,"independent"
8,1678,"independent"
6,1679,"independent"
10,1680,"independent"
8,1681,"independent"
8,1682,"independent"
12,1683,"independent"
8,1684,"independent"
10,1685,"independent"
8,1686,"independent"
10,1687,"independent"
10,1688,"independent"
8,1689,"independent"
8,1690,"independent"
12,1691,"independent"
10,1692,"independent"
10,1693,"independent"
10,1694,"independent"
10,1695,"independent"
8,1696,"independent"
12,1697,"independent"
10,1698,"independent"
8,1699,"independent"
10,1700,"independent"
10,1701,"independent"
10,1702,"independent"
8,1703,"independent"
8,1704,"independent"
12,1705,"independent"
8,1706,"independent"
10,1707,"independent"
10,1708,"independent"
10,1709,"independent"
8,1710,"independent"
12,1711,"independent"
8,1712,"independent"
8,1713,"independent"
8,1714,"independent"
12,1715,"independent"
10,1716,"independent"
10,1717,"independent"
10,1718,"independent"
12,1719,"independent"
8,1720,"independent"
12,1721,"independent"
12,1722,"independent"
12,1723,"independent"
8,1724,"independent"
8,1725,"independent"
8,1726,"independent"
12,1727,"independent"
8,1728,"independent"
12,1729,"independent"
12,1730,"independent"
6,1731,"independent"
6,1732,"independent"
4,1733,"independent"
10,1734,"independent"
8,1735,"independent"
6,1736,"independent"
8,1737,"independent"
8,1738,"independent"
10,1739,"independent"
10,1740,"independent"
10,1741,"independent"
6,1742,"independent"
12,1743,"independent"
12,1744,"independent"
8,1745,"independent"
10,1746,"independent"
10,1747,"independent"
12,1748,"independent"
10,1749,"independent"
8,1750,"independent"
14,1751,"independent"
8,1752,"independent"
10,1753,"independent"
10,1754,"independent"
8,1755,"independent"
8,1756,"independent"
8,1757,"independent"
10,1758,"independent"
10,1759,"independent"
10,1760,"independent"
8,1761,"independent"
12,1762,"independent"
10,1763,"independent"
12,1764,"independent"
8,1765,"independent"
10,1766,"independent"
8,1767,"independent"
12,1768,"independent"
10,1769,"independent"
10,1770,"independent"
10,1771,"independent"
10,1772,"independent"
10,1773,"independent"
8,1774,"independent"
8,1775,"independent"
12,1776,"independent"
6,1777,"independent"
12,1778,"independent"
12,1779,"independent"
8,1780,"independent"
12,1781,"independent"
12,1782,"independent"
12,1783,"independent"
14,1784,"independent"
10,1785,"independent"
8,1786,"independent"
12,1787,"independent"
8,1788,"independent"
10,1789,"independent"
10,1790,"independent"
8,1791,"independent"
10,1792,"independent"
8,1793,"independent"
12,1794,"independent"
8,1795,"independent"
8,1796,"independent"
10,1797,"independent"
12,1798,"independent"
10,1799,"independent"
8,1800,"independent"
10,1801,"independent"
10,1802,"independent"
10,1803,"independent"
10,1804,"independent"
10,1805,"independent"
12,1806,"independent"
10,1807,"independent"
8,1808,"independent"
4,1809,"independent"
8,1810,"independent"
10,1811,"independent"
14,1812,"independent"
12,1813,"independent"
10,1814,"independent"
12,1815,"independent"
10,1816,"independent"
10,1817,"independent"
4,1818,"independent"
10,1819,"independent"
12,1820,"independent"
8,1821,"independent"
10,1822,"independent"
12,1823,"independent"
12,1824,"independent"
10,1825,"independent"
12,1826,"independent"
12,1827,"independent"
12,1828,"independent"
12,1829,"independent"
10,1830,"independent"
12,1831,"independent"
8,1832,"independent"
8,1833,"independent"
14,1834,"independent"
12,1835,"independent"
12,1836,"independent"
8,1837,"independent"
12,1838,"independent"
6,1839,"independent"
10,1840,"independent"
10,1841,"independent"
10,1842,"independent"
10,1843,"independent"
10,1844,"independent"
10,1845,"independent"
10,1846,"independent"
12,1847,"independent"
10,1848,"independent"
12,1849,"independent"
8,1850,"independent"
12,1851,"independent"
10,1852,"independent"
10,1853,"independent"
12,1854,"independent"
10,1855,"independent"
12,1856,"independent"
12,1857,"independent"
10,1858,"independent"
10,1859,"independent"
12,1860,"independent"
10,1861,"independent"
10,1862,"independent"
12,1863,"independent"
8,1864,"independent"
8,1865,"independent"
8,1866,"independent"
10,1867,"independent"
6,1868,"independent"
10,1869,"independent"
10,1870,"independent"
10,1871,"independent"
8,1872,"independent"
8,1873,"independent"
10,1874,"independent"
10,1875,"independent"
8,1876,"independent"
10,1877,"independent"
8,1878,"independent"
10,1879,"independent"
8,1880,"independent"
6,1881,"independent"
10,1882,"independent"
8,1883,"independent"
12,1884,"independent"
12,1885,"independent"
12,1886,"independent"
12,1887,"independent"
8,1888,"independent"
10,1889,"independent"
8,1890,"independent"
10,1891,"independent"
8,1892,"independent"
10,1893,"independent"
10,1894,"independent"
8,1895,"independent"
12,1896,"independent"
10,1897,"independent"
12,1898,"independent"
10,1899,"independent"
8,1900,"independent"
10,1901,"independent"
12,1902,"independent"
8,1903,"independent"
8,1904,"independent"
10,1905,"independent"
8,1906,"independent"
12,1907,"independent"
10,1908,"independent"
12,1909,"independent"
8,1910,"independent"
10,1911,"independent"
12,1912,"independent"
10,1913,"independent"
10,1914,"independent"
10,1915,"independent"
12,1916,"independent"
4,1917,"independent"
12,1918,"independent"
12,1919,"independent"
10,1920,"independent"
12,1921,"independent"
14,1922,"independent"
12,1923,"independent"
12,1924,"independent"
12,1925,"independent"
10,1926,"independent"
6,1927,"independent"
8,1928,"independent"
12,1929,"independent"
12,1930,"independent"
8,1931,"independent"
10,1932,"independent"
6,1933,"independent"
14,1934,"independent"
10,1935,"independent"
10,1936,"independent"
10,1937,"independent"
10,1938,"independent"
10,1939,"independent"
8,1940,"independent"
12,1941,"independent"
10,1942,"independent"
12,1943,"independent"
10,1944,"independent"
8,1945,"independent"
14,1946,"independent"
10,1947,"independent"
12,1948,"independent"
10,1949,"independent"
10,1950,"independent"
10,1951,"independent"
8,1952,"independent"
8,1953,"independent"
14,1954,"independent"
12,1955,"independent"
4,1956,"independent"
8,1957,"independent"
8,1958,"independent"
12,1959,"independent"
8,1960,"independent"
12,1961,"independent"
10,1962,"independent"
12,1963,"independent"
12,1964,"independent"
10,1965,"independent"
12,1966,"independent"
10,1967,"independent"
10,1968,"independent"
10,1969,"independent"
10,1970,"independent"
8,1971,"independent"
10,1972,"independent"
8,1973,"independent"
8,1974,"independent"
12,1975,"independent"
12,1976,"independent"
12,1977,"independent"
10,1978,"independent"
8,1979,"independent"
10,1980,"independent"
10,1981,"independent"
10,1982,"independent"
12,1983,"independent"
8,1984,"independent"
12,1985,"independent"
10,1986,"independent"
4,1987,"independent"
8,1988,"independent"
10,1989,"independent"
10,1990,"independent"
10,1991,"independent"
12,1992,"independent"
10,1993,"independent"
8,1994,"independent"
10,1995,"independent"
8,1996,"independent"
6,1997,"independent"
10,1998,"independent"
12,1999,"independent"
8,2000,"independent"
8,2001,"independent"
12,2002,"independent"
8,2003,"independent"
14,2004,"independent"
12,2005,"independent"
10,2006,"independent"
10,2007,"independent"
10,2008,"independent"
10,2009,"independent"
10,2010,"independent"
6,2011,"independent"
6,2012,"independent"
12,2013,"independent"
10,2014,"independent"
10,2015,"independent"
12,2016,"independent"
10,2017,"independent"
10,2018,"independent"
10,2019,"independent"
10,2020,"independent"
10,2021,"independent"
8,2022,"independent"
12,2023,"independent"
12,2024,"independent"
8,2025,"independent"
8,2026,"independent"
10,2027,"independent"
6,2028,"independent"
10,2029,"independent"
10,2030,"independent"
12,2031,"independent"
12,2032,"independent"
8,2033,"independent"
8,2034,"independent"
8,2035,"independent"
12,2036,"independent"
4,2037,"independent"
14,2038,"independent"
14,2039,"independent"
8,2040,"independent"
6,2041,"independent"
6,2042,"independent"
12,2043,"independent"
8,2044,"independent"
12,2045,"independent"
8,2046,"independent"
12,2047,"independent"
12,2048,"independent"
10,2049,"independent"
8,2050,"independent"
8,2051,"independent"
10,2052,"independent"
12,2053,"independent"
10,2054,"independent"
2,2055,"independent"
10,2056,"independent"
12,2057,"independent"
12,2058,"independent"
4,2059,"independent"
12,2060,"independent"
10,2061,"independent"
8,2062,"independent"
10,2063,"independent"
12,2064,"independent"
10,2065,"independent"
10,2066,"independent"
10,2067,"independent"
10,2068,"independent"
4,2069,"independent"
12,2070,"independent"
10,2071,"independent"
10,2072,"independent"
12,2073,"independent"
8,2074,"independent"
8,2075,"independent"
6,2076,"independent"
10,2077,"independent"
10,2078,"independent"
10,2079,"independent"
10,2080,"independent"
14,2081,"independent"
12,2082,"independent"
12,2083,"independent"
8,2084,"independent"
10,2085,"independent"
8,2086,"independent"
10,2087,"independent"
8,2088,"independent"
10,2089,"independent"
10,2090,"independent"
8,2091,"independent"
6,2092,"independent"
12,2093,"independent"
8,2094,"independent"
12,2095,"independent"
8,2096,"independent"
12,2097,"independent"
8,2098,"independent"
6,2099,"independent"
8,2100,"independent"
8,2101,"independent"
12,2102,"independent"
10,2103,"independent"
12,2104,"independent"
8,2105,"independent"
4,2106,"independent"
10,2107,"independent"
10,2108,"independent"
8,2109,"independent"
10,2110,"independent"
8,2111,"independent"
8,2112,"independent"
12,2113,"independent"
12,2114,"independent"
12,2115,"independent"
10,2116,"independent"
10,2117,"independent"
10,2118,"independent"
12,2119,"independent"
10,2120,"independent"
10,2121,"independent"
12,2122,"independent"
6,2123,"independent"
12,2124,"independent"
12,2125,"independent"
6,2126,"independent"
10,2127,"independent"
10,2128,"independent"
8,2129,"independent"
8,2130,"independent"
10,2131,"independent"
12,2132,"independent"
8,2133,"independent"
10,2134,"independent"
12,2135,"independent"
6,2136,"independent"
12,2137,"independent"
12,2138,"independent"
8,2139,"independent"
10,2140,"independent"
12,2141,"independent"
10,2142,"independent"
10,2143,"independent"
8,2144,"independent"
10,2145,"independent"
4,2146,"independent"
8,2147,"independent"
10,2148,"independent"
8,2149,"independent"
10,2150,"independent"
10,2151,"independent"
10,2152,"independent"
10,2153,"independent"
10,2154,"independent"
10,2155,"independent"
12,2156,"independent"
12,2157,"independent"
10,2158,"independent"
10,2159,"independent"
12,2160,"independent"
8,2161,"independent"
10,2162,"independent"
12,2163,"independent"
8,2164,"independent"
6,2165,"independent"
6,2166,"independent"
10,2167,"independent"
8,2168,"independent"
6,2169,"independent"
10,2170,"independent"
8,2171,"independent"
12,2172,"independent"
8,2173,"independent"
8,2174,"independent"
8,2175,"independent"
8,2176,"independent"
10,2177,"independent"
10,2178,"independent"
10,2179,"independent"
8,2180,"independent"
10,2181,"independent"
12,2182,"independent"
6,2183,"independent"
12,2184,"independent"
10,2185,"independent"
10,2186,"independent"
12,2187,"independent"
10,2188,"independent"
8,2189,"independent"
8,2190,"independent"
8,2191,"independent"
8,2192,"independent"
8,2193,"independent"
10,2194,"independent"
10,2195,"independent"
12,2196,"independent"
12,2197,"independent"
12,2198,"independent"
10,2199,"independent"
10,2200,"independent"
10,2201,"independent"
10,2202,"independent"
10,2203,"independent"
10,2204,"independent"
10,2205,"independent"
8,2206,"independent"
10,2207,"independent"
10,2208,"independent"
12,2209,"independent"
12,2210,"independent"
10,2211,"independent"
6,2212,"independent"
12,2213,"independent"
10,2214,"independent"
10,2215,"independent"
10,2216,"independent"
10,2217,"independent"
10,2218,"independent"
8,2219,"independent"
12,2220,"independent"
8,2221,"independent"
10,2222,"independent"
2,2223,"independent"
8,2224,"independent"
10,2225,"independent"
12,2226,"independent"
10,2227,"independent"
12,2228,"independent"
8,2229,"independent"
10,2230,"independent"
8,2231,"independent"
10,2232,"independent"
6,2233,"independent"
8,2234,"independent"
12,2235,"independent"
12,2236,"independent"
10,2237,"independent"
8,2238,"independent"
10,2239,"independent"
6,2240,"independent"
8,2241,"independent"
12,2242,"independent"
10,2243,"independent"
12,2244,"independent"
12,2245,"independent"
14,2246,"independent"
10,2247,"independent"
12,2248,"independent"
10,2249,"independent"
10,2250,"independent"
6,2251,"independent"
6,2252,"independent"
12,2253,"independent"
12,2254,"independent"
10,2255,"independent"
8,2256,"independent"
12,2257,"independent"
10,2258,"independent"
10,2259,"independent"
6,2260,"independent"
12,2261,"independent"
8,2262,"independent"
4,2263,"independent"
10,2264,"independent"
8,2265,"independent"
4,2266,"independent"
10,2267,"independent"
12,2268,"independent"
10,2269,"independent"
10,2270,"independent"
10,2271,"independent"
8,2272,"independent"
12,2273,"independent"
12,2274,"independent"
10,2275,"independent"
10,2276,"independent"
12,2277,"independent"
12,2278,"independent"
12,2279,"independent"
6,2280,"independent"
12,2281,"independent"
12,2282,"independent"
12,2283,"independent"
10,2284,"independent"
6,2285,"independent"
10,2286,"independent"
12,2287,"independent"
8,2288,"independent"
10,2289,"independent"
8,2290,"independent"
8,2291,"independent"
12,2292,"independent"
10,2293,"independent"
12,2294,"independent"
8,2295,"independent"
8,2296,"independent"
10,2297,"independent"
12,2298,"independent"
10,2299,"independent"
8,2300,"independent"
8,2301,"independent"
12,2302,"independent"
10,2303,"independent"
10,2304,"independent"
12,2305,"independent"
12,2306,"independent"
12,2307,"independent"
12,2308,"independent"
10,2309,"independent"
12,2310,"independent"
10,2311,"independent"
8,2312,"independent"
12,2313,"independent"
6,2314,"independent"
10,2315,"independent"
8,2316,"independent"
8,2317,"independent"
8,2318,"independent"
8,2319,"independent"
6,2320,"independent"
8,2321,"independent"
10,2322,"independent"
6,2323,"independent"
6,2324,"independent"
14,2325,"independent"
8,2326,"independent"
12,2327,"independent"
8,2328,"independent"
14,2329,"independent"
10,2330,"independent"
14,2331,"independent"
10,2332,"independent"
10,2333,"independent"
4,2334,"independent"
12,2335,"independent"
8,2336,"independent"
8,2337,"independent"
10,2338,"independent"
12,2339,"independent"
10,2340,"independent"
10,2341,"independent"
12,2342,"independent"
10,2343,"independent"
8,2344,"independent"
10,2345,"independent"
8,2346,"independent"
10,2347,"independent"
4,2348,"independent"
10,2349,"independent"
10,2350,"independent"
10,2351,"independent"
12,2352,"independent"
12,2353,"independent"
10,2354,"independent"
8,2355,"independent"
10,2356,"independent"
8,2357,"independent"
12,2358,"independent"
8,2359,"independent"
10,2360,"independent"
14,2361,"independent"
10,2362,"independent"
8,2363,"independent"
10,2364,"independent"
10,2365,"independent"
10,2366,"independent"
10,2367,"independent"
8,2368,"independent"
10,2369,"independent"
12,2370,"independent"
6,2371,"independent"
12,2372,"independent"
10,2373,"independent"
8,2374,"independent"
8,2375,"independent"
12,2376,"independent"
12,2377,"independent"
8,2378,"independent"
8,2379,"independent"
12,2380,"independent"
10,2381,"independent"
10,2382,"independent"
14,2383,"independent"
12,2384,"independent"
10,2385,"independent"
6,2386,"independent"
10,2387,"independent"
8,2388,"independent"
12,2389,"independent"
12,2390,"independent"
10,2391,"independent"
10,2392,"independent"
8,2393,"independent"
10,2394,"independent"
14,2395,"independent"
14,2396,"independent"
12,2397,"independent"
8,2398,"independent"
10,2399,"independent"
10,2400,"independent"
10,2401,"independent"
6,2402,"independent"
10,2403,"independent"
10,2404,"independent"
12,2405,"independent"
8,2406,"independent"
8,2407,"independent"
10,2408,"independent"
10,2409,"independent"
12,2410,"independent"
10,2411,"independent"
10,2412,"independent"
10,2413,"independent"
10,2414,"independent"
12,2415,"independent"
10,2416,"independent"
12,2417,"independent"
12,2418,"independent"
14,2419,"independent"
12,2420,"independent"
10,2421,"independent"
10,2422,"independent"
6,2423,"independent"
8,2424,"independent"
10,2425,"independent"
12,2426,"independent"
10,2427,"independent"
8,2428,"independent"
12,2429,"independent"
10,2430,"independent"
10,2431,"independent"
12,2432,"independent"
10,2433,"independent"
10,2434,"independent"
8,2435,"independent"
8,2436,"independent"
10,2437,"independent"
10,2438,"independent"
10,2439,"independent"
10,2440,"independent"
8,2441,"independent"
12,2442,"independent"
6,2443,"independent"
12,2444,"independent"
10,2445,"independent"
12,2446,"independent"
8,2447,"independent"
12,2448,"independent"
10,2449,"independent"
8,2450,"independent"
10,2451,"independent"
8,2452,"independent"
12,2453,"independent"
12,2454,"independent"
10,2455,"independent"
12,2456,"independent"
10,2457,"independent"
8,2458,"independent"
10,2459,"independent"
10,2460,"independent"
6,2461,"independent"
8,2462,"independent"
12,2463,"independent"
12,2464,"independent"
8,2465,"independent"
10,2466,"independent"
10,2467,"independent"
12,2468,"independent"
10,2469,"independent"
8,2470,"independent"
10,2471,"independent"
12,2472,"independent"
10,2473,"independent"
10,2474,"independent"
12,2475,"independent"
8,2476,"independent"
10,2477,"independent"
8,2478,"independent"
10,2479,"independent"
12,2480,"independent"
12,2481,"independent"
10,2482,"independent"
10,2483,"independent"
10,2484,"independent"
6,2485,"independent"
10,2486,"independent"
10,2487,"independent"
12,2488,"independent"
10,2489,"independent"
10,2490,"independent"
10,2491,"independent"
8,2492,"independent"
10,2493,"independent"
12,2494,"independent"
10,2495,"independent"
12,2496,"independent"
8,2497,"independent"
10,2498,"independent"
10,2499,"independent"
10,2500,"independent"
10,2501,"independent"
10,2502,"independent"
12,2503,"independent"
10,2504,"independent"
10,2505,"independent"
12,2506,"independent"
10,2507,"independent"
8,2508,"independent"
10,2509,"independent"
10,2510,"independent"
6,2511,"independent"
10,2512,"independent"
10,2513,"independent"
10,2514,"independent"
4,2515,"independent"
8,2516,"independent"
12,2517,"independent"
12,2518,"independent"
10,2519,"independent"
10,2520,"independent"
12,2521,"independent"
12,2522,"independent"
10,2523,"independent"
12,2524,"independent"
10,2525,"independent"
12,2526,"independent"
8,2527,"independent"
10,2528,"independent"
10,2529,"independent"
8,2530,"independent"
12,2531,"independent"
10,2532,"independent"
10,2533,"independent"
12,2534,"independent"
6,2535,"independent"
8,2536,"independent"
8,2537,"independent"
12,2538,"independent"
6,2539,"independent"
10,2540,"independent"
8,2541,"independent"
10,2542,"independent"
10,2543,"independent"
10,2544,"independent"
10,2545,"independent"
8,2546,"independent"
12,2547,"independent"
10,2548,"independent"
4,2549,"independent"
12,2550,"independent"
8,2551,"independent"
6,2552,"independent"
8,2553,"independent"
10,2554,"independent"
10,2555,"independent"
10,2556,"independent"
12,2557,"independent"
8,2558,"independent"
8,2559,"independent"
12,2560,"independent"
10,2561,"independent"
12,2562,"independent"
8,2563,"independent"
10,2564,"independent"
4,2565,"independent"
8,2566,"independent"
12,2567,"independent"
8,2568,"independent"
10,2569,"independent"
12,2570,"independent"
10,2571,"independent"
8,2572,"independent"
10,2573,"independent"
12,2574,"independent"
10,2575,"independent"
12,2576,"independent"
8,2577,"independent"
10,2578,"independent"
12,2579,"independent"
10,2580,"independent"
10,2581,"independent"
10,2582,"independent"
8,2583,"independent"
12,2584,"independent"
12,2585,"independent"
10,2586,"independent"
10,2587,"independent"
4,2588,"independent"
10,2589,"independent"
8,2590,"independent"
8,2591,"independent"
10,2592,"independent"
10,2593,"independent"
8,2594,"independent"
10,2595,"independent"
8,2596,"independent"
6,2597,"independent"
10,2598,"independent"
10,2599,"independent"
8,2600,"independent"
12,2601,"independent"
8,2602,"independent"
12,2603,"independent"
8,2604,"independent"
10,2605,"independent"
10,2606,"independent"
10,2607,"independent"
12,2608,"independent"
12,2609,"independent"
10,2610,"independent"
8,2611,"independent"
10,2612,"independent"
10,2613,"independent"
10,2614,"independent"
10,2615,"independent"
8,2616,"independent"
8,2617,"independent"
10,2618,"independent"
10,2619,"independent"
12,2620,"independent"
12,2621,"independent"
12,2622,"independent"
8,2623,"independent"
12,2624,"independent"
8,2625,"independent"
10,2626,"independent"
10,2627,"independent"
12,2628,"independent"
12,2629,"independent"
10,2630,"independent"
10,2631,"independent"
10,2632,"independent"
10,2633,"independent"
6,2634,"independent"
10,2635,"independent"
8,2636,"independent"
12,2637,"independent"
10,2638,"independent"
12,2639,"independent"
8,2640,"independent"
8,2641,"independent"
10,2642,"independent"
10,2643,"independent"
10,2644,"independent"
10,2645,"independent"
12,2646,"independent"
8,2647,"independent"
14,2648,"independent"
10,2649,"independent"
12,2650,"independent"
10,2651,"independent"
10,2652,"independent"
10,2653,"independent"
10,2654,"independent"
10,2655,"independent"
10,2656,"independent"
8,2657,"independent"
10,2658,"independent"
10,2659,"independent"
8,2660,"independent"
12,2661,"independent"
8,2662,"independent"
10,2663,"independent"
6,2664,"independent"
8,2665,"independent"
12,2666,"independent"
10,2667,"independent"
10,2668,"independent"
10,2669,"independent"
6,2670,"independent"
12,2671,"independent"
4,2672,"independent"
10,2673,"independent"
12,2674,"independent"
10,2675,"independent"
8,2676,"independent"
8,2677,"independent"
6,2678,"independent"
6,2679,"independent"
12,2680,"independent"
10,2681,"independent"
10,2682,"independent"
14,2683,"independent"
10,2684,"independent"
12,2685,"independent"
8,2686,"independent"
8,2687,"independent"
12,2688,"independent"
6,2689,"independent"
12,2690,"independent"
10,2691,"independent"
14,2692,"independent"
12,2693,"independent"
12,2694,"independent"
6,2695,"independent"
12,2696,"independent"
10,2697,"independent"
10,2698,"independent"
8,2699,"independent"
10,2700,"independent"
8,2701,"independent"
10,2702,"independent"
10,2703,"independent"
12,2704,"independent"
10,2705,"independent"
8,2706,"independent"
10,2707,"independent"
8,2708,"independent"
14,2709,"independent"
12,2710,"independent"
8,2711,"independent"
10,2712,"independent"
12,2713,"independent"
12,2714,"independent"
10,2715,"independent"
10,2716,"independent"
12,2717,"independent"
10,2718,"independent"
8,2719,"independent"
10,2720,"independent"
12,2721,"independent"
8,2722,"independent"
12,2723,"independent"
8,2724,"independent"
10,2725,"independent"
10,2726,"independent"
10,2727,"independent"
6,2728,"independent"
10,2729,"independent"
10,2730,"independent"
8,2731,"independent"
10,2732,"independent"
12,2733,"independent"
10,2734,"independent"
10,2735,"independent"
12,2736,"independent"
10,2737,"independent"
12,2738,"independent"
10,2739,"independent"
8,2740,"independent"
12,2741,"independent"
8,2742,"independent"
10,2743,"independent"
8,2744,"independent"
8,2745,"independent"
12,2746,"independent"
8,2747,"independent"
12,2748,"independent"
10,2749,"independent"
8,2750,"independent"
8,2751,"independent"
12,2752,"independent"
8,2753,"independent"
10,2754,"independent"
8,2755,"independent"
12,2756,"independent"
10,2757,"independent"
12,2758,"independent"
10,2759,"independent"
12,2760,"independent"
10,2761,"independent"
10,2762,"independent"
12,2763,"independent"
10,2764,"independent"
10,2765,"independent"
10,2766,"independent"
10,2767,"independent"
10,2768,"independent"
12,2769,"independent"
10,2770,"independent"
10,2771,"independent"
10,2772,"independent"
12,2773,"independent"
8,2774,"independent"
10,2775,"independent"
6,2776,"independent"
6,2777,"independent"
10,2778,"independent"
10,2779,"independent"
8,2780,"independent"
12,2781,"independent"
10,2782,"independent"
12,2783,"independent"
12,2784,"independent"
8,2785,"independent"
10,2786,"independent"
12,2787,"independent"
8,2788,"independent"
12,2789,"independent"
8,2790,"independent"
8,2791,"independent"
12,2792,"independent"
12,2793,"independent"
4,2794,"independent"
10,2795,"independent"
8,2796,"independent"
12,2797,"independent"
12,2798,"independent"
10,2799,"independent"
8,2800,"independent"
10,2801,"independent"
8,2802,"independent"
10,2803,"independent"
6,2804,"independent"
12,2805,"independent"
10,2806,"independent"
6,2807,"independent"
12,2808,"independent"
12,2809,"independent"
12,2810,"independent"
10,2811,"independent"
6,2812,"independent"
10,2813,"independent"
8,2814,"independent"
8,2815,"independent"
12,2816,"independent"
12,2817,"independent"
10,2818,"independent"
8,2819,"independent"
6,2820,"independent"
10,2821,"independent"
10,2822,"independent"
8,2823,"independent"
8,2824,"independent"
10,2825,"independent"
12,2826,"independent"
10,2827,"independent"
10,2828,"independent"
8,2829,"independent"
8,2830,"independent"
4,2831,"independent"
12,2832,"independent"
12,2833,"independent"
8,2834,"independent"
8,2835,"independent"
2,2836,"independent"
10,2837,"independent"
10,2838,"independent"
12,2839,"independent"
10,2840,"independent"
8,2841,"independent"
10,2842,"independent"
12,2843,"independent"
6,2844,"independent"
10,2845,"independent"
4,2846,"independent"
12,2847,"independent"
10,2848,"independent"
6,2849,"independent"
8,2850,"independent"
10,2851,"independent"
10,2852,"independent"
10,2853,"independent"
10,2854,"independent"
12,2855,"independent"
10,2856,"independent"
12,2857,"independent"
12,2858,"independent"
14,2859,"independent"
12,2860,"independent"
8,2861,"independent"
10,2862,"independent"
10,2863,"independent"
12,2864,"independent"
10,2865,"independent"
8,2866,"independent"
12,2867,"independent"
8,2868,"independent"
12,2869,"independent"
8,2870,"independent"
8,2871,"independent"
10,2872,"independent"
10,2873,"independent"
12,2874,"independent"
10,2875,"independent"
10,2876,"independent"
8,2877,"independent"
10,2878,"independent"
12,2879,"independent"
6,2880,"independent"
8,2881,"independent"
4,2882,"independent"
10,2883,"independent"
10,2884,"independent"
12,2885,"independent"
8,2886,"independent"
4,2887,"independent"
8,2888,"independent"
12,2889,"independent"
12,2890,"independent"
10,2891,"independent"
12,2892,"independent"
8,2893,"independent"
10,2894,"independent"
10,2895,"independent"
10,2896,"independent"
8,2897,"independent"
10,2898,"independent"
8,2899,"independent"
10,2900,"independent"
10,2901,"independent"
10,2902,"independent"
10,2903,"independent"
8,2904,"independent"
10,2905,"independent"
8,2906,"independent"
8,2907,"independent"
10,2908,"independent"
10,2909,"independent"
12,2910,"independent"
10,2911,"independent"
10,2912,"independent"
6,2913,"independent"
6,2914,"independent"
6,2915,"independent"
12,2916,"independent"
10,2917,"independent"
12,2918,"independent"
12,2919,"independent"
6,2920,"independent"
10,2921,"independent"
6,2922,"independent"
8,2923,"independent"
10,2924,"independent"
8,2925,"independent"
12,2926,"independent"
12,2927,"independent"
10,2928,"independent"
10,2929,"independent"
8,2930,"independent"
10,2931,"independent"
8,2932,"independent"
8,2933,"independent"
10,2934,"independent"
12,2935,"independent"
10,2936,"independent"
10,2937,"independent"
8,2938,"independent"
14,2939,"independent"
6,2940,"independent"
6,2941,"independent"
6,2942,"independent"
10,2943,"independent"
12,2944,"independent"
12,2945,"independent"
8,2946,"independent"
8,2947,"independent"
12,2948,"independent"
10,2949,"independent"
8,2950,"independent"
10,2951,"independent"
10,2952,"independent"
10,2953,"independent"
8,2954,"independent"
8,2955,"independent"
4,2956,"independent"
8,2957,"independent"
12,2958,"independent"
6,2959,"independent"
12,2960,"independent"
8,2961,"independent"
12,2962,"independent"
12,2963,"independent"
8,2964,"independent"
6,2965,"independent"
6,2966,"independent"
10,2967,"independent"
12,2968,"independent"
10,2969,"independent"
10,2970,"independent"
10,2971,"independent"
10,2972,"independent"
10,2973,"independent"
8,2974,"independent"
12,2975,"independent"
8,2976,"independent"
12,2977,"independent"
12,2978,"independent"
12,2979,"independent"
12,2980,"independent"
12,2981,"independent"
8,2982,"independent"
8,2983,"independent"
14,2984,"independent"
8,2985,"independent"
12,2986,"independent"
8,2987,"independent"
14,2988,"independent"
10,2989,"independent"
8,2990,"independent"
12,2991,"independent"
10,2992,"independent"
8,2993,"independent"
8,2994,"independent"
12,2995,"independent"
10,2996,"independent"
10,2997,"independent"
8,2998,"independent"
10,2999,"independent"
10,3000,"independent"
10,3001,"independent"
8,3002,"independent"
12,3003,"independent"
8,3004,"independent"
10,3005,"independent"
8,3006,"independent"
10,3007,"independent"
12,3008,"independent"
10,3009,"independent"
8,3010,"independent"
6,3011,"independent"
10,3012,"independent"
12,3013,"independent"
10,3014,"independent"
12,3015,"independent"
10,3016,"independent"
12,3017,"independent"
10,3018,"independent"
12,3019,"independent"
14,3020,"independent"
8,3021,"independent"
8,3022,"independent"
8,3023,"independent"
10,3024,"independent"
8,3025,"independent"
10,3026,"independent"
8,3027,"independent"
10,3028,"independent"
10,3029,"independent"
12,3030,"independent"
8,3031,"independent"
8,3032,"independent"
6,3033,"independent"
8,3034,"independent"
10,3035,"independent"
12,3036,"independent"
10,3037,"independent"
10,3038,"independent"
8,3039,"independent"
10,3040,"independent"
10,3041,"independent"
8,3042,"independent"
12,3043,"independent"
12,3044,"independent"
10,3045,"independent"
8,3046,"independent"
8,3047,"independent"
10,3048,"independent"
10,3049,"independent"
10,3050,"independent"
10,3051,"independent"
10,3052,"independent"
6,3053,"independent"
16,3054,"independent"
10,3055,"independent"
6,3056,"independent"
12,3057,"independent"
10,3058,"independent"
8,3059,"independent"
10,3060,"independent"
10,3061,"independent"
10,3062,"independent"
10,3063,"independent"
8,3064,"independent"
12,3065,"independent"
12,3066,"independent"
6,3067,"independent"
10,3068,"independent"
8,3069,"independent"
10,3070,"independent"
6,3071,"independent"
10,3072,"independent"
8,3073,"independent"
10,3074,"independent"
10,3075,"independent"
12,3076,"independent"
6,3077,"independent"
10,3078,"independent"
6,3079,"independent"
10,3080,"independent"
8,3081,"independent"
10,3082,"independent"
12,3083,"independent"
12,3084,"independent"
8,3085,"independent"
10,3086,"independent"
8,3087,"independent"
8,3088,"independent"
6,3089,"independent"
6,3090,"independent"
8,3091,"independent"
8,3092,"independent"
12,3093,"independent"
8,3094,"independent"
6,3095,"independent"
12,3096,"independent"
10,3097,"independent"
10,3098,"independent"
10,3099,"independent"
14,3100,"independent"
8,3101,"independent"
10,3102,"independent"
10,3103,"independent"
10,3104,"independent"
14,3105,"independent"
10,3106,"independent"
6,3107,"independent"
6,3108,"independent"
12,3109,"independent"
8,3110,"independent"
10,3111,"independent"
14,3112,"independent"
10,3113,"independent"
10,3114,"independent"
6,3115,"independent"
10,3116,"independent"
8,3117,"independent"
8,3118,"independent"
10,3119,"independent"
8,3120,"independent"
8,3121,"independent"
8,3122,"independent"
12,3123,"independent"
10,3124,"independent"
10,3125,"independent"
4,3126,"independent"
8,3127,"independent"
8,3128,"independent"
10,3129,"independent"
8,3130,"independent"
10,3131,"independent"
6,3132,"independent"
8,3133,"independent"
10,3134,"independent"
14,3135,"independent"
8,3136,"independent"
8,3137,"independent"
8,3138,"independent"
8,3139,"independent"
8,3140,"independent"
12,3141,"independent"
10,3142,"independent"
4,3143,"independent"
8,3144,"independent"
10,3145,"independent"
14,3146,"independent"
12,3147,"independent"
10,3148,"independent"
10,3149,"independent"
10,3150,"independent"
12,3151,"independent"
10,3152,"independent"
10,3153,"independent"
10,3154,"independent"
12,3155,"independent"
10,3156,"independent"
12,3157,"independent"
10,3158,"independent"
6,3159,"independent"
10,3160,"independent"
10,3161,"independent"
12,3162,"independent"
10,3163,"independent"
12,3164,"independent"
12,3165,"independent"
8,3166,"independent"
8,3167,"independent"
6,3168,"independent"
4,3169,"independent"
8,3170,"independent"
10,3171,"independent"
8,3172,"independent"
10,3173,"independent"
12,3174,"independent"
12,3175,"independent"
10,3176,"independent"
10,3177,"independent"
12,3178,"independent"
10,3179,"independent"
10,3180,"independent"
12,3181,"independent"
8,3182,"independent"
6,3183,"independent"
10,3184,"independent"
8,3185,"independent"
10,3186,"independent"
10,3187,"independent"
12,3188,"independent"
12,3189,"independent"
12,3190,"independent"
10,3191,"independent"
8,3192,"independent"
10,3193,"independent"
8,3194,"independent"
10,3195,"independent"
12,3196,"independent"
10,3197,"independent"
12,3198,"independent"
10,3199,"independent"
10,3200,"independent"
12,3201,"independent"
10,3202,"independent"
10,3203,"independent"
12,3204,"independent"
8,3205,"independent"
8,3206,"independent"
8,3207,"independent"
4,3208,"independent"
8,3209,"independent"
10,3210,"independent"
10,3211,"independent"
12,3212,"independent"
10,3213,"independent"
8,3214,"independent"
10,3215,"independent"
10,3216,"independent"
12,3217,"independent"
8,3218,"independent"
12,3219,"independent"
14,3220,"independent"
12,3221,"independent"
10,3222,"independent"
8,3223,"independent"
12,3224,"independent"
6,3225,"independent"
10,3226,"independent"
10,3227,"independent"
12,3228,"independent"
12,3229,"independent"
12,3230,"independent"
12,3231,"independent"
10,3232,"independent"
12,3233,"independent"
12,3234,"independent"
8,3235,"independent"
10,3236,"independent"
12,3237,"independent"
12,3238,"independent"
12,3239,"independent"
12,3240,"independent"
12,3241,"independent"
10,3242,"independent"
8,3243,"independent"
12,3244,"independent"
10,3245,"independent"
14,3246,"independent"
10,3247,"independent"
10,3248,"independent"
12,3249,"independent"
10,3250,"independent"
12,3251,"independent"
12,3252,"independent"
10,3253,"independent"
12,3254,"independent"
12,3255,"independent"
8,3256,"independent"
8,3257,"independent"
8,3258,"independent"
12,3259,"independent"
12,3260,"independent"
6,3261,"independent"
6,3262,"independent"
10,3263,"independent"
10,3264,"independent"
12,3265,"independent"
10,3266,"independent"
8,3267,"independent"
10,3268,"independent"
8,3269,"independent"
8,3270,"independent"
10,3271,"independent"
10,3272,"independent"
10,3273,"independent"
10,3274,"independent"
10,3275,"independent"
10,3276,"independent"
10,3277,"independent"
6,3278,"independent"
10,3279,"independent"
10,3280,"independent"
12,3281,"independent"
8,3282,"independent"
8,3283,"independent"
8,3284,"independent"
10,3285,"independent"
10,3286,"independent"
8,3287,"independent"
6,3288,"independent"
8,3289,"independent"
10,3290,"independent"
6,3291,"independent"
10,3292,"independent"
10,3293,"independent"
10,3294,"independent"
10,3295,"independent"
12,3296,"independent"
8,3297,"independent"
10,3298,"independent"
10,3299,"independent"
12,3300,"independent"
8,3301,"independent"
8,3302,"independent"
10,3303,"independent"
10,3304,"independent"
10,3305,"independent"
12,3306,"independent"
10,3307,"independent"
12,3308,"independent"
8,3309,"independent"
8,3310,"independent"
10,3311,"independent"
8,3312,"independent"
8,3313,"independent"
8,3314,"independent"
8,3315,"independent"
12,3316,"independent"
10,3317,"independent"
10,3318,"independent"
12,3319,"independent"
14,3320,"independent"
10,3321,"independent"
10,3322,"independent"
12,3323,"independent"
10,3324,"independent"
12,3325,"independent"
12,3326,"independent"
10,3327,"independent"
6,3328,"independent"
12,3329,"independent"
10,3330,"independent"
10,3331,"independent"
12,3332,"independent"
10,3333,"independent"
10,3334,"independent"
12,3335,"independent"
8,3336,"independent"
12,3337,"independent"
8,3338,"independent"
10,3339,"independent"
12,3340,"independent"
14,3341,"independent"
8,3342,"independent"
12,3343,"independent"
12,3344,"independent"
4,3345,"independent"
10,3346,"independent"
8,3347,"independent"
12,3348,"independent"
10,3349,"independent"
8,3350,"independent"
10,3351,"independent"
12,3352,"independent"
10,3353,"independent"
10,3354,"independent"
10,3355,"independent"
10,3356,"independent"
10,3357,"independent"
6,3358,"independent"
12,3359,"independent"
10,3360,"independent"
6,3361,"independent"
10,3362,"independent"
10,3363,"independent"
10,3364,"independent"
12,3365,"independent"
8,3366,"independent"
6,3367,"independent"
10,3368,"independent"
12,3369,"independent"
12,3370,"independent"
10,3371,"independent"
10,3372,"independent"
10,3373,"independent"
8,3374,"independent"
8,3375,"independent"
10,3376,"independent"
10,3377,"independent"
6,3378,"independent"
10,3379,"independent"
8,3380,"independent"
10,3381,"independent"
8,3382,"independent"
6,3383,"independent"
8,3384,"independent"
10,3385,"independent"
10,3386,"independent"
4,3387,"independent"
10,3388,"independent"
4,3389,"independent"
8,3390,"independent"
12,3391,"independent"
8,3392,"independent"
6,3393,"independent"
12,3394,"independent"
10,3395,"independent"
12,3396,"independent"
12,3397,"independent"
12,3398,"independent"
8,3399,"independent"
8,3400,"independent"
10,3401,"independent"
10,3402,"independent"
12,3403,"independent"
10,3404,"independent"
10,3405,"independent"
8,3406,"independent"
10,3407,"independent"
12,3408,"independent"
8,3409,"independent"
8,3410,"independent"
12,3411,"independent"
6,3412,"independent"
10,3413,"independent"
10,3414,"independent"
6,3415,"independent"
12,3416,"independent"
8,3417,"independent"
6,3418,"independent"
6,3419,"independent"
10,3420,"independent"
10,3421,"independent"
8,3422,"independent"
6,3423,"independent"
12,3424,"independent"
12,3425,"independent"
8,3426,"independent"
12,3427,"independent"
10,3428,"independent"
10,3429,"independent"
10,3430,"independent"
10,3431,"independent"
8,3432,"independent"
12,3433,"independent"
12,3434,"independent"
8,3435,"independent"
10,3436,"independent"
10,3437,"independent"
10,3438,"independent"
10,3439,"independent"
12,3440,"independent"
6,3441,"independent"
10,3442,"independent"
10,3443,"independent"
4,3444,"independent"
12,3445,"independent"
8,3446,"independent"
8,3447,"independent"
12,3448,"independent"
12,3449,"independent"
12,3450,"independent"
8,3451,"independent"
12,3452,"independent"
10,3453,"independent"
6,3454,"independent"
8,3455,"independent"
6,3456,"independent"
12,3457,"independent"
8,3458,"independent"
12,3459,"independent"
10,3460,"independent"
10,3461,"independent"
8,3462,"independent"
8,3463,"independent"
10,3464,"independent"
8,3465,"independent"
12,3466,"independent"
10,3467,"independent"
12,3468,"independent"
8,3469,"independent"
6,3470,"independent"
10,3471,"independent"
14,3472,"independent"
10,3473,"independent"
12,3474,"independent"
10,3475,"independent"
10,3476,"independent"
10,3477,"independent"
6,3478,"independent"
8,3479,"independent"
10,3480,"independent"
12,3481,"independent"
8,3482,"independent"
10,3483,"independent"
8,3484,"independent"
14,3485,"independent"
12,3486,"independent"
14,3487,"independent"
12,3488,"independent"
10,3489,"independent"
12,3490,"independent"
10,3491,"independent"
12,3492,"independent"
12,3493,"independent"
10,3494,"independent"
10,3495,"independent"
4,3496,"independent"
10,3497,"independent"
8,3498,"independent"
10,3499,"independent"
12,3500,"independent"
10,3501,"independent"
10,3502,"independent"
12,3503,"independent"
6,3504,"independent"
12,3505,"independent"
12,3506,"independent"
10,3507,"independent"
14,3508,"independent"
12,3509,"independent"
8,3510,"independent"
10,3511,"independent"
8,3512,"independent"
8,3513,"independent"
6,3514,"independent"
10,3515,"independent"
8,3516,"independent"
6,3517,"independent"
10,3518,"independent"
10,3519,"independent"
10,3520,"independent"
10,3521,"independent"
8,3522,"independent"
8,3523,"independent"
6,3524,"independent"
10,3525,"independent"
10,3526,"independent"
10,3527,"independent"
12,3528,"independent"
8,3529,"independent"
12,3530,"independent"
8,3531,"independent"
8,3532,"independent"
10,3533,"independent"
10,3534,"independent"
8,3535,"independent"
10,3536,"independent"
10,3537,"independent"
10,3538,"independent"
10,3539,"independent"
10,3540,"independent"
10,3541,"independent"
2,3542,"independent"
10,3543,"independent"
10,3544,"independent"
6,3545,"independent"
10,3546,"independent"
8,3547,"independent"
8,3548,"independent"
4,3549,"independent"
8,3550,"independent"
8,3551,"independent"
10,3552,"independent"
10,3553,"independent"
12,3554,"independent"
8,3555,"independent"
6,3556,"independent"
10,3557,"independent"
8,3558,"independent"
10,3559,"independent"
12,3560,"independent"
8,3561,"independent"
8,3562,"independent"
8,3563,"independent"
10,3564,"independent"
14,3565,"independent"
8,3566,"independent"
12,3567,"independent"
12,3568,"independent"
10,3569,"independent"
6,3570,"independent"
10,3571,"independent"
10,3572,"independent"
10,3573,"independent"
8,3574,"independent"
8,3575,"independent"
8,3576,"independent"
12,3577,"independent"
10,3578,"independent"
12,3579,"independent"
10,3580,"independent"
6,3581,"independent"
10,3582,"independent"
10,3583,"independent"
10,3584,"independent"
10,3585,"independent"
8,3586,"independent"
12,3587,"independent"
12,3588,"independent"
12,3589,"independent"
12,3590,"independent"
10,3591,"independent"
8,3592,"independent"
12,3593,"independent"
12,3594,"independent"
8,3595,"independent"
8,3596,"independent"
10,3597,"independent"
8,3598,"independent"
8,3599,"independent"
6,3600,"independent"
10,3601,"independent"
8,3602,"independent"
6,3603,"independent"
8,3604,"independent"
8,3605,"independent"
10,3606,"independent"
10,3607,"independent"
6,3608,"independent"
10,3609,"independent"
12,3610,"independent"
8,3611,"independent"
10,3612,"independent"
4,3613,"independent"
12,3614,"independent"
8,3615,"independent"
12,3616,"independent"
12,3617,"independent"
6,3618,"independent"
8,3619,"independent"
10,3620,"independent"
12,3621,"independent"
12,3622,"independent"
8,3623,"independent"
8,3624,"independent"
8,3625,"independent"
8,3626,"independent"
12,3627,"independent"
10,3628,"independent"
10,3629,"independent"
10,3630,"independent"
8,3631,"independent"
10,3632,"independent"
10,3633,"independent"
10,3634,"independent"
10,3635,"independent"
12,3636,"independent"
6,3637,"independent"
10,3638,"independent"
12,3639,"independent"
8,3640,"independent"
10,3641,"independent"
12,3642,"independent"
10,3643,"independent"
10,3644,"independent"
12,3645,"independent"
10,3646,"independent"
8,3647,"independent"
4,3648,"independent"
8,3649,"independent"
6,3650,"independent"
10,3651,"independent"
10,3652,"independent"
12,3653,"independent"
10,3654,"independent"
10,3655,"independent"
8,3656,"independent"
12,3657,"independent"
14,3658,"independent"
8,3659,"independent"
10,3660,"independent"
6,3661,"independent"
10,3662,"independent"
8,3663,"independent"
10,3664,"independent"
12,3665,"independent"
10,3666,"independent"
8,3667,"independent"
10,3668,"independent"
8,3669,"independent"
10,3670,"independent"
10,3671,"independent"
8,3672,"independent"
8,3673,"independent"
10,3674,"independent"
14,3675,"independent"
12,3676,"independent"
8,3677,"independent"
10,3678,"independent"
12,3679,"independent"
12,3680,"independent"
10,3681,"independent"
10,3682,"independent"
10,3683,"independent"
10,3684,"independent"
10,3685,"independent"
10,3686,"independent"
8,3687,"independent"
12,3688,"independent"
12,3689,"independent"
10,3690,"independent"
8,3691,"independent"
10,3692,"independent"
10,3693,"independent"
8,3694,"independent"
10,3695,"independent"
10,3696,"independent"
10,3697,"independent"
10,3698,"independent"
12,3699,"independent"
10,3700,"independent"
8,3701,"independent"
10,3702,"independent"
10,3703,"independent"
10,3704,"independent"
8,3705,"independent"
6,3706,"independent"
10,3707,"independent"
8,3708,"independent"
10,3709,"independent"
8,3710,"independent"
12,3711,"independent"
8,3712,"independent"
10,3713,"independent"
12,3714,"independent"
10,3715,"independent"
10,3716,"independent"
10,3717,"independent"
8,3718,"independent"
12,3719,"independent"
6,3720,"independent"
14,3721,"independent"
8,3722,"independent"
6,3723,"independent"
6,3724,"independent"
10,3725,"independent"
8,3726,"independent"
12,3727,"independent"
8,3728,"independent"
10,3729,"independent"
12,3730,"independent"
12,3731,"independent"
6,3732,"independent"
6,3733,"independent"
10,3734,"independent"
10,3735,"independent"
12,3736,"independent"
8,3737,"independent"
12,3738,"independent"
10,3739,"independent"
12,3740,"independent"
12,3741,"independent"
10,3742,"independent"
12,3743,"independent"
6,3744,"independent"
10,3745,"independent"
10,3746,"independent"
10,3747,"independent"
10,3748,"independent"
6,3749,"independent"
10,3750,"independent"
12,3751,"independent"
12,3752,"independent"
10,3753,"independent"
10,3754,"independent"
12,3755,"independent"
8,3756,"independent"
10,3757,"independent"
10,3758,"independent"
10,3759,"independent"
10,3760,"independent"
10,3761,"independent"
10,3762,"independent"
8,3763,"independent"
12,3764,"independent"
6,3765,"independent"
4,3766,"independent"
10,3767,"independent"
10,3768,"independent"
8,3769,"independent"
8,3770,"independent"
10,3771,"independent"
12,3772,"independent"
10,3773,"independent"
12,3774,"independent"
10,3775,"independent"
12,3776,"independent"
10,3777,"independent"
8,3778,"independent"
10,3779,"independent"
10,3780,"independent"
10,3781,"independent"
8,3782,"independent"
10,3783,"independent"
12,3784,"independent"
10,3785,"independent"
12,3786,"independent"
12,3787,"independent"
12,3788,"independent"
12,3789,"independent"
10,3790,"independent"
10,3791,"independent"
12,3792,"independent"
10,3793,"independent"
8,3794,"independent"
12,3795,"independent"
10,3796,"independent"
8,3797,"independent"
12,3798,"independent"
10,3799,"independent"
6,3800,"independent"
8,3801,"independent"
8,3802,"independent"
8,3803,"independent"
8,3804,"independent"
8,3805,"independent"
12,3806,"independent"
12,3807,"independent"
12,3808,"independent"
10,3809,"independent"
10,3810,"independent"
8,3811,"independent"
8,3812,"independent"
14,3813,"independent"
10,3814,"independent"
6,3815,"independent"
8,3816,"independent"
10,3817,"independent"
12,3818,"independent"
12,3819,"independent"
10,3820,"independent"
10,3821,"independent"
8,3822,"independent"
10,3823,"independent"
12,3824,"independent"
12,3825,"independent"
12,3826,"independent"
12,3827,"independent"
12,3828,"independent"
12,3829,"independent"
10,3830,"independent"
8,3831,"independent"
12,3832,"independent"
12,3833,"independent"
8,3834,"independent"
8,3835,"independent"
10,3836,"independent"
10,3837,"independent"
10,3838,"independent"
10,3839,"independent"
8,3840,"independent"
6,3841,"independent"
6,3842,"independent"
8,3843,"independent"
10,3844,"independent"
12,3845,"independent"
4,3846,"independent"
10,3847,"independent"
12,3848,"independent"
10,3849,"independent"
12,3850,"independent"
8,3851,"independent"
10,3852,"independent"
10,3853,"independent"
10,3854,"independent"
8,3855,"independent"
12,3856,"independent"
10,3857,"independent"
8,3858,"independent"
12,3859,"independent"
12,3860,"independent"
12,3861,"independent"
6,3862,"independent"
10,3863,"independent"
10,3864,"independent"
10,3865,"independent"
6,3866,"independent"
10,3867,"independent"
10,3868,"independent"
8,3869,"independent"
10,3870,"independent"
10,3871,"independent"
8,3872,"independent"
10,3873,"independent"
10,3874,"independent"
6,3875,"independent"
10,3876,"independent"
12,3877,"independent"
14,3878,"independent"
6,3879,"independent"
8,3880,"independent"
10,3881,"independent"
12,3882,"independent"
10,3883,"independent"
8,3884,"independent"
10,3885,"independent"
12,3886,"independent"
12,3887,"independent"
8,3888,"independent"
6,3889,"independent"
10,3890,"independent"
10,3891,"independent"
6,3892,"independent"
10,3893,"independent"
10,3894,"independent"
12,3895,"independent"
10,3896,"independent"
14,3897,"independent"
12,3898,"independent"
10,3899,"independent"
12,3900,"independent"
8,3901,"independent"
6,3902,"independent"
10,3903,"independent"
8,3904,"independent"
10,3905,"independent"
12,3906,"independent"
10,3907,"independent"
10,3908,"independent"
10,3909,"independent"
12,3910,"independent"
12,3911,"independent"
12,3912,"independent"
10,3913,"independent"
8,3914,"independent"
6,3915,"independent"
8,3916,"independent"
8,3917,"independent"
10,3918,"independent"
10,3919,"independent"
10,3920,"independent"
10,3921,"independent"
8,3922,"independent"
10,3923,"independent"
8,3924,"independent"
10,3925,"independent"
10,3926,"independent"
10,3927,"independent"
12,3928,"independent"
12,3929,"independent"
10,3930,"independent"
10,3931,"independent"
8,3932,"independent"
12,3933,"independent"
12,3934,"independent"
10,3935,"independent"
10,3936,"independent"
6,3937,"independent"
10,3938,"independent"
12,3939,"independent"
10,3940,"independent"
10,3941,"independent"
10,3942,"independent"
12,3943,"independent"
10,3944,"independent"
10,3945,"independent"
8,3946,"independent"
8,3947,"independent"
10,3948,"independent"
10,3949,"independent"
12,3950,"independent"
10,3951,"independent"
12,3952,"independent"
10,3953,"independent"
14,3954,"independent"
10,3955,"independent"
6,3956,"independent"
6,3957,"independent"
10,3958,"independent"
8,3959,"independent"
12,3960,"independent"
12,3961,"independent"
10,3962,"independent"
10,3963,"independent"
12,3964,"independent"
10,3965,"independent"
12,3966,"independent"
10,3967,"independent"
12,3968,"independent"
8,3969,"independent"
10,3970,"independent"
12,3971,"independent"
10,3972,"independent"
8,3973,"independent"
8,3974,"independent"
14,3975,"independent"
14,3976,"independent"
14,3977,"independent"
6,3978,"independent"
12,3979,"independent"
10,3980,"independent"
8,3981,"independent"
12,3982,"independent"
8,3983,"independent"
10,3984,"independent"
10,3985,"independent"
10,3986,"independent"
10,3987,"independent"
10,3988,"independent"
14,3989,"independent"
10,3990,"independent"
12,3991,"independent"
10,3992,"independent"
10,3993,"independent"
8,3994,"independent"
10,3995,"independent"
8,3996,"independent"
10,3997,"independent"
12,3998,"independent"
10,3999,"independent"
12,4000,"independent"
10,4001,"independent"
4,4002,"independent"
10,4003,"independent"
8,4004,"independent"
12,4005,"independent"
12,4006,"independent"
12,4007,"independent"
10,4008,"independent"
10,4009,"independent"
6,4010,"independent"
10,4011,"independent"
10,4012,"independent"
6,4013,"independent"
8,4014,"independent"
12,4015,"independent"
10,4016,"independent"
8,4017,"independent"
10,4018,"independent"
12,4019,"independent"
8,4020,"independent"
10,4021,"independent"
10,4022,"independent"
10,4023,"independent"
10,4024,"independent"
10,4025,"independent"
8,4026,"independent"
8,4027,"independent"
10,4028,"independent"
12,4029,"independent"
6,4030,"independent"
6,4031,"independent"
10,4032,"independent"
12,4033,"independent"
6,4034,"independent"
10,4035,"independent"
10,4036,"independent"
8,4037,"independent"
8,4038,"independent"
12,4039,"independent"
8,4040,"independent"
12,4041,"independent"
10,4042,"independent"
10,4043,"independent"
10,4044,"independent"
12,4045,"independent"
12,4046,"independent"
8,4047,"independent"
8,4048,"independent"
12,4049,"independent"
6,4050,"independent"
12,4051,"independent"
10,4052,"independent"
8,4053,"independent"
8,4054,"independent"
10,4055,"independent"
6,4056,"independent"
10,4057,"independent"
8,4058,"independent"
8,4059,"independent"
10,4060,"independent"
10,4061,"independent"
10,4062,"independent"
10,4063,"independent"
10,4064,"independent"
10,4065,"independent"
10,4066,"independent"
12,4067,"independent"
12,4068,"independent"
10,4069,"independent"
8,4070,"independent"
6,4071,"independent"
10,4072,"independent"
8,4073,"independent"
10,4074,"independent"
14,4075,"independent"
10,4076,"independent"
12,4077,"independent"
8,4078,"independent"
10,4079,"independent"
12,4080,"independent"
8,4081,"independent"
8,4082,"independent"
8,4083,"independent"
10,4084,"independent"
8,4085,"independent"
12,4086,"independent"
14,4087,"independent"
8,4088,"independent"
12,4089,"independent"
12,4090,"independent"
10,4091,"independent"
8,4092,"independent"
10,4093,"independent"
10,4094,"independent"
8,4095,"independent"
8,4096,"independent"
12,4097,"independent"
6,4098,"independent"
8,4099,"independent"
8,4100,"independent"
10,4101,"independent"
6,4102,"independent"
10,4103,"independent"
8,4104,"independent"
8,4105,"independent"
10,4106,"independent"
10,4107,"independent"
10,4108,"independent"
8,4109,"independent"
10,4110,"independent"
8,4111,"independent"
8,4112,"independent"
12,4113,"independent"
8,4114,"independent"
12,4115,"independent"
10,4116,"independent"
10,4117,"independent"
6,4118,"independent"
10,4119,"independent"
10,4120,"independent"
10,4121,"independent"
10,4122,"independent"
6,4123,"independent"
6,4124,"independent"
12,4125,"independent"
10,4126,"independent"
8,4127,"independent"
12,4128,"independent"
8,4129,"independent"
10,4130,"independent"
8,4131,"independent"
8,4132,"independent"
8,4133,"independent"
10,4134,"independent"
10,4135,"independent"
12,4136,"independent"
10,4137,"independent"
12,4138,"independent"
8,4139,"independent"
10,4140,"independent"
12,4141,"independent"
12,4142,"independent"
10,4143,"independent"
12,4144,"independent"
8,4145,"independent"
12,4146,"independent"
10,4147,"independent"
12,4148,"independent"
10,4149,"independent"
12,4150,"independent"
10,4151,"independent"
6,4152,"independent"
10,4153,"independent"
10,4154,"independent"
8,4155,"independent"
8,4156,"independent"
10,4157,"independent"
12,4158,"independent"
12,4159,"independent"
8,4160,"independent"
12,4161,"independent"
12,4162,"independent"
10,4163,"independent"
10,4164,"independent"
10,4165,"independent"
10,4166,"independent"
12,4167,"independent"
10,4168,"independent"
8,4169,"independent"
10,4170,"independent"
12,4171,"independent"
8,4172,"independent"
10,4173,"independent"
10,4174,"independent"
8,4175,"independent"
10,4176,"independent"
12,4177,"independent"
12,4178,"independent"
10,4179,"independent"
10,4180,"independent"
12,4181,"independent"
6,4182,"independent"
12,4183,"independent"
10,4184,"independent"
12,4185,"independent"
14,4186,"independent"
8,4187,"independent"
12,4188,"independent"
12,4189,"independent"
10,4190,"independent"
10,4191,"independent"
10,4192,"independent"
14,4193,"independent"
8,4194,"independent"
10,4195,"independent"
12,4196,"independent"
10,4197,"independent"
10,4198,"independent"
12,4199,"independent"
10,4200,"independent"
8,4201,"independent"
8,4202,"independent"
8,4203,"independent"
8,4204,"independent"
8,4205,"independent"
12,4206,"independent"
14,4207,"independent"
12,4208,"independent"
10,4209,"independent"
8,4210,"independent"
12,4211,"independent"
8,4212,"independent"
4,4213,"independent"
6,4214,"independent"
12,4215,"independent"
10,4216,"independent"
12,4217,"independent"
12,4218,"independent"
10,4219,"independent"
8,4220,"independent"
12,4221,"independent"
4,4222,"independent"
10,4223,"independent"
8,4224,"independent"
12,4225,"independent"
8,4226,"independent"
12,4227,"independent"
12,4228,"independent"
14,4229,"independent"
12,4230,"independent"
12,4231,"independent"
8,4232,"independent"
12,4233,"independent"
6,4234,"independent"
8,4235,"independent"
10,4236,"independent"
10,4237,"independent"
6,4238,"independent"
8,4239,"independent"
10,4240,"independent"
8,4241,"independent"
14,4242,"independent"
14,4243,"independent"
8,4244,"independent"
8,4245,"independent"
10,4246,"independent"
8,4247,"independent"
10,4248,"independent"
10,4249,"independent"
10,4250,"independent"
12,4251,"independent"
12,4252,"independent"
12,4253,"independent"
10,4254,"independent"
10,4255,"independent"
8,4256,"independent"
8,4257,"independent"
6,4258,"independent"
10,4259,"independent"
10,4260,"independent"
10,4261,"independent"
6,4262,"independent"
10,4263,"independent"
8,4264,"independent"
6,4265,"independent"
10,4266,"independent"
10,4267,"independent"
10,4268,"independent"
10,4269,"independent"
10,4270,"independent"
8,4271,"independent"
10,4272,"independent"
10,4273,"independent"
10,4274,"independent"
8,4275,"independent"
8,4276,"independent"
14,4277,"independent"
14,4278,"independent"
6,4279,"independent"
8,4280,"independent"
6,4281,"independent"
12,4282,"independent"
10,4283,"independent"
10,4284,"independent"
10,4285,"independent"
8,4286,"independent"
10,4287,"independent"
6,4288,"independent"
10,4289,"independent"
12,4290,"independent"
8,4291,"independent"
8,4292,"independent"
10,4293,"independent"
6,4294,"independent"
12,4295,"independent"
10,4296,"independent"
10,4297,"independent"
12,4298,"independent"
8,4299,"independent"
12,4300,"independent"
8,4301,"independent"
12,4302,"independent"
12,4303,"independent"
8,4304,"independent"
12,4305,"independent"
6,4306,"independent"
10,4307,"independent"
12,4308,"independent"
12,4309,"independent"
10,4310,"independent"
8,4311,"independent"
10,4312,"independent"
12,4313,"independent"
12,4314,"independent"
8,4315,"independent"
10,4316,"independent"
10,4317,"independent"
8,4318,"independent"
12,4319,"independent"
10,4320,"independent"
12,4321,"independent"
10,4322,"independent"
10,4323,"independent"
10,4324,"independent"
12,4325,"independent"
8,4326,"independent"
10,4327,"independent"
10,4328,"independent"
8,4329,"independent"
4,4330,"independent"
10,4331,"independent"
10,4332,"independent"
12,4333,"independent"
6,4334,"independent"
8,4335,"independent"
12,4336,"independent"
10,4337,"independent"
10,4338,"independent"
8,4339,"independent"
8,4340,"independent"
8,4341,"independent"
12,4342,"independent"
10,4343,"independent"
10,4344,"independent"
8,4345,"independent"
10,4346,"independent"
12,4347,"independent"
12,4348,"independent"
8,4349,"independent"
8,4350,"independent"
10,4351,"independent"
10,4352,"independent"
10,4353,"independent"
8,4354,"independent"
14,4355,"independent"
12,4356,"independent"
10,4357,"independent"
12,4358,"independent"
12,4359,"independent"
8,4360,"independent"
8,4361,"independent"
8,4362,"independent"
8,4363,"independent"
12,4364,"independent"
6,4365,"independent"
12,4366,"independent"
12,4367,"independent"
8,4368,"independent"
8,4369,"independent"
10,4370,"independent"
6,4371,"independent"
12,4372,"independent"
10,4373,"independent"
6,4374,"independent"
10,4375,"independent"
8,4376,"independent"
12,4377,"independent"
6,4378,"independent"
10,4379,"independent"
12,4380,"independent"
8,4381,"independent"
12,4382,"independent"
10,4383,"independent"
10,4384,"independent"
10,4385,"independent"
6,4386,"independent"
8,4387,"independent"
10,4388,"independent"
10,4389,"independent"
12,4390,"independent"
10,4391,"independent"
12,4392,"independent"
10,4393,"independent"
8,4394,"independent"
10,4395,"independent"
12,4396,"independent"
12,4397,"independent"
6,4398,"independent"
10,4399,"independent"
4,4400,"independent"
8,4401,"independent"
12,4402,"independent"
8,4403,"independent"
10,4404,"independent"
10,4405,"independent"
8,4406,"independent"
6,4407,"independent"
10,4408,"independent"
10,4409,"independent"
10,4410,"independent"
10,4411,"independent"
10,4412,"independent"
6,4413,"independent"
10,4414,"independent"
12,4415,"independent"
10,4416,"independent"
12,4417,"independent"
8,4418,"independent"
12,4419,"independent"
14,4420,"independent"
10,4421,"independent"
8,4422,"independent"
10,4423,"independent"
12,4424,"independent"
10,4425,"independent"
10,4426,"independent"
8,4427,"independent"
8,4428,"independent"
10,4429,"independent"
4,4430,"independent"
8,4431,"independent"
8,4432,"independent"
8,4433,"independent"
10,4434,"independent"
10,4435,"independent"
8,4436,"independent"
8,4437,"independent"
8,4438,"independent"
12,4439,"independent"
8,4440,"independent"
10,4441,"independent"
10,4442,"independent"
12,4443,"independent"
12,4444,"independent"
12,4445,"independent"
10,4446,"independent"
10,4447,"independent"
10,4448,"independent"
10,4449,"independent"
10,4450,"independent"
10,4451,"independent"
10,4452,"independent"
12,4453,"independent"
12,4454,"independent"
12,4455,"independent"
10,4456,"independent"
8,4457,"independent"
8,4458,"independent"
8,4459,"independent"
10,4460,"independent"
12,4461,"independent"
12,4462,"independent"
10,4463,"independent"
6,4464,"independent"
8,4465,"independent"
10,4466,"independent"
12,4467,"independent"
10,4468,"independent"
8,4469,"independent"
10,4470,"independent"
12,4471,"independent"
12,4472,"independent"
12,4473,"independent"
10,4474,"independent"
10,4475,"independent"
10,4476,"independent"
8,4477,"independent"
10,4478,"independent"
12,4479,"independent"
10,4480,"independent"
10,4481,"independent"
8,4482,"independent"
8,4483,"independent"
6,4484,"independent"
12,4485,"independent"
6,4486,"independent"
12,4487,"independent"
6,4488,"independent"
6,4489,"independent"
10,4490,"independent"
10,4491,"independent"
12,4492,"independent"
10,4493,"independent"
10,4494,"independent"
4,4495,"independent"
10,4496,"independent"
8,4497,"independent"
4,4498,"independent"
10,4499,"independent"
4,4500,"independent"
14,4501,"independent"
10,4502,"independent"
10,4503,"independent"
8,4504,"independent"
10,4505,"independent"
10,4506,"independent"
8,4507,"independent"
10,4508,"independent"
10,4509,"independent"
8,4510,"independent"
6,4511,"independent"
8,4512,"independent"
10,4513,"independent"
10,4514,"independent"
4,4515,"independent"
8,4516,"independent"
10,4517,"independent"
10,4518,"independent"
10,4519,"independent"
10,4520,"independent"
8,4521,"independent"
10,4522,"independent"
8,4523,"independent"
8,4524,"independent"
10,4525,"independent"
8,4526,"independent"
10,4527,"independent"
10,4528,"independent"
4,4529,"independent"
10,4530,"independent"
8,4531,"independent"
12,4532,"independent"
10,4533,"independent"
12,4534,"independent"
10,4535,"independent"
6,4536,"independent"
14,4537,"independent"
12,4538,"independent"
10,4539,"independent"
12,4540,"independent"
12,4541,"independent"
8,4542,"independent"
10,4543,"independent"
6,4544,"independent"
6,4545,"independent"
10,4546,"independent"
6,4547,"independent"
10,4548,"independent"
10,4549,"independent"
6,4550,"independent"
8,4551,"independent"
12,4552,"independent"
12,4553,"independent"
10,4554,"independent"
10,4555,"independent"
12,4556,"independent"
10,4557,"independent"
8,4558,"independent"
10,4559,"independent"
10,4560,"independent"
12,4561,"independent"
12,4562,"independent"
12,4563,"independent"
8,4564,"independent"
8,4565,"independent"
12,4566,"independent"
10,4567,"independent"
12,4568,"independent"
8,4569,"independent"
12,4570,"independent"
10,4571,"independent"
10,4572,"independent"
12,4573,"independent"
10,4574,"independent"
8,4575,"independent"
10,4576,"independent"
8,4577,"independent"
12,4578,"independent"
10,4579,"independent"
12,4580,"independent"
12,4581,"independent"
10,4582,"independent"
6,4583,"independent"
8,4584,"independent"
8,4585,"independent"
8,4586,"independent"
10,4587,"independent"
12,4588,"independent"
10,4589,"independent"
8,4590,"independent"
12,4591,"independent"
6,4592,"independent"
8,4593,"independent"
10,4594,"independent"
10,4595,"independent"
8,4596,"independent"
10,4597,"independent"
10,4598,"independent"
8,4599,"independent"
6,4600,"independent"
10,4601,"independent"
10,4602,"independent"
10,4603,"independent"
6,4604,"independent"
10,4605,"independent"
12,4606,"independent"
8,4607,"independent"
8,4608,"independent"
10,4609,"independent"
4,4610,"independent"
8,4611,"independent"
10,4612,"independent"
12,4613,"independent"
8,4614,"independent"
12,4615,"independent"
12,4616,"independent"
10,4617,"independent"
12,4618,"independent"
12,4619,"independent"
10,4620,"independent"
8,4621,"independent"
10,4622,"independent"
10,4623,"independent"
14,4624,"independent"
12,4625,"independent"
10,4626,"independent"
8,4627,"independent"
10,4628,"independent"
10,4629,"independent"
12,4630,"independent"
8,4631,"independent"
10,4632,"independent"
10,4633,"independent"
14,4634,"independent"
8,4635,"independent"
8,4636,"independent"
10,4637,"independent"
8,4638,"independent"
10,4639,"independent"
8,4640,"independent"
12,4641,"independent"
10,4642,"independent"
14,4643,"independent"
10,4644,"independent"
12,4645,"independent"
10,4646,"independent"
6,4647,"independent"
12,4648,"independent"
12,4649,"independent"
12,4650,"independent"
6,4651,"independent"
8,4652,"independent"
8,4653,"independent"
6,4654,"independent"
14,4655,"independent"
10,4656,"independent"
12,4657,"independent"
10,4658,"independent"
12,4659,"independent"
10,4660,"independent"
10,4661,"independent"
8,4662,"independent"
12,4663,"independent"
8,4664,"independent"
8,4665,"independent"
12,4666,"independent"
10,4667,"independent"
10,4668,"independent"
10,4669,"independent"
10,4670,"independent"
10,4671,"independent"
8,4672,"independent"
8,4673,"independent"
8,4674,"independent"
8,4675,"independent"
10,4676,"independent"
10,4677,"independent"
10,4678,"independent"
10,4679,"independent"
14,4680,"independent"
10,4681,"independent"
10,4682,"independent"
10,4683,"independent"
10,4684,"independent"
12,4685,"independent"
12,4686,"independent"
8,4687,"independent"
10,4688,"independent"
12,4689,"independent"
12,4690,"independent"
10,4691,"independent"
8,4692,"independent"
10,4693,"independent"
10,4694,"independent"
8,4695,"independent"
10,4696,"independent"
10,4697,"independent"
12,4698,"independent"
10,4699,"independent"
8,4700,"independent"
10,4701,"independent"
12,4702,"independent"
10,4703,"independent"
10,4704,"independent"
8,4705,"independent"
10,4706,"independent"
6,4707,"independent"
12,4708,"independent"
12,4709,"independent"
10,4710,"independent"
8,4711,"independent"
8,4712,"independent"
8,4713,"independent"
10,4714,"independent"
12,4715,"independent"
6,4716,"independent"
12,4717,"independent"
10,4718,"independent"
10,4719,"independent"
10,4720,"independent"
8,4721,"independent"
10,4722,"independent"
8,4723,"independent"
10,4724,"independent"
8,4725,"independent"
10,4726,"independent"
10,4727,"independent"
8,4728,"independent"
10,4729,"independent"
12,4730,"independent"
8,4731,"independent"
12,4732,"independent"
8,4733,"independent"
10,4734,"independent"
10,4735,"independent"
12,4736,"independent"
10,4737,"independent"
6,4738,"independent"
10,4739,"independent"
12,4740,"independent"
12,4741,"independent"
8,4742,"independent"
10,4743,"independent"
10,4744,"independent"
10,4745,"independent"
12,4746,"independent"
10,4747,"independent"
12,4748,"independent"
12,4749,"independent"
6,4750,"independent"
8,4751,"independent"
12,4752,"independent"
10,4753,"independent"
8,4754,"independent"
14,4755,"independent"
12,4756,"independent"
8,4757,"independent"
6,4758,"independent"
8,4759,"independent"
10,4760,"independent"
10,4761,"independent"
10,4762,"independent"
10,4763,"independent"
12,4764,"independent"
8,4765,"independent"
10,4766,"independent"
12,4767,"independent"
6,4768,"independent"
6,4769,"independent"
10,4770,"independent"
6,4771,"independent"
12,4772,"independent"
8,4773,"independent"
8,4774,"independent"
8,4775,"independent"
8,4776,"independent"
6,4777,"independent"
10,4778,"independent"
6,4779,"independent"
12,4780,"independent"
12,4781,"independent"
10,4782,"independent"
8,4783,"independent"
8,4784,"independent"
6,4785,"independent"
8,4786,"independent"
10,4787,"independent"
12,4788,"independent"
12,4789,"independent"
6,4790,"independent"
12,4791,"independent"
10,4792,"independent"
12,4793,"independent"
12,4794,"independent"
6,4795,"independent"
8,4796,"independent"
6,4797,"independent"
12,4798,"independent"
10,4799,"independent"
10,4800,"independent"
12,4801,"independent"
10,4802,"independent"
12,4803,"independent"
10,4804,"independent"
10,4805,"independent"
10,4806,"independent"
10,4807,"independent"
8,4808,"independent"
12,4809,"independent"
8,4810,"independent"
10,4811,"independent"
10,4812,"independent"
12,4813,"independent"
10,4814,"independent"
10,4815,"independent"
8,4816,"independent"
10,4817,"independent"
8,4818,"independent"
8,4819,"independent"
8,4820,"independent"
8,4821,"independent"
12,4822,"independent"
12,4823,"independent"
12,4824,"independent"
8,4825,"independent"
8,4826,"independent"
6,4827,"independent"
10,4828,"independent"
8,4829,"independent"
10,4830,"independent"
10,4831,"independent"
10,4832,"independent"
10,4833,"independent"
10,4834,"independent"
12,4835,"independent"
12,4836,"independent"
8,4837,"independent"
10,4838,"independent"
10,4839,"independent"
8,4840,"independent"
10,4841,"independent"
10,4842,"independent"
8,4843,"independent"
10,4844,"independent"
12,4845,"independent"
8,4846,"independent"
10,4847,"independent"
12,4848,"independent"
10,4849,"independent"
12,4850,"independent"
10,4851,"independent"
12,4852,"independent"
12,4853,"independent"
10,4854,"independent"
10,4855,"independent"
12,4856,"independent"
10,4857,"independent"
12,4858,"independent"
10,4859,"independent"
10,4860,"independent"
10,4861,"independent"
12,4862,"independent"
8,4863,"independent"
10,4864,"independent"
8,4865,"independent"
8,4866,"independent"
8,4867,"independent"
12,4868,"independent"
10,4869,"independent"
10,4870,"independent"
6,4871,"independent"
12,4872,"independent"
8,4873,"independent"
10,4874,"independent"
12,4875,"independent"
10,4876,"independent"
10,4877,"independent"
6,4878,"independent"
12,4879,"independent"
8,4880,"independent"
12,4881,"independent"
10,4882,"independent"
10,4883,"independent"
4,4884,"independent"
10,4885,"independent"
8,4886,"independent"
12,4887,"independent"
12,4888,"independent"
12,4889,"independent"
8,4890,"independent"
10,4891,"independent"
10,4892,"independent"
8,4893,"independent"
12,4894,"independent"
10,4895,"independent"
10,4896,"independent"
10,4897,"independent"
10,4898,"independent"
10,4899,"independent"
10,4900,"independent"
10,4901,"independent"
6,4902,"independent"
10,4903,"independent"
10,4904,"independent"
12,4905,"independent"
4,4906,"independent"
6,4907,"independent"
6,4908,"independent"
10,4909,"independent"
8,4910,"independent"
12,4911,"independent"
12,4912,"independent"
6,4913,"independent"
10,4914,"independent"
10,4915,"independent"
10,4916,"independent"
8,4917,"independent"
10,4918,"independent"
10,4919,"independent"
10,4920,"independent"
10,4921,"independent"
8,4922,"independent"
14,4923,"independent"
10,4924,"independent"
10,4925,"independent"
8,4926,"independent"
10,4927,"independent"
10,4928,"independent"
8,4929,"independent"
12,4930,"independent"
14,4931,"independent"
10,4932,"independent"
12,4933,"independent"
12,4934,"independent"
6,4935,"independent"
10,4936,"independent"
10,4937,"independent"
8,4938,"independent"
12,4939,"independent"
6,4940,"independent"
10,4941,"independent"
12,4942,"independent"
8,4943,"independent"
10,4944,"independent"
14,4945,"independent"
10,4946,"independent"
10,4947,"independent"
10,4948,"independent"
10,4949,"independent"
10,4950,"independent"
8,4951,"independent"
12,4952,"independent"
6,4953,"independent"
6,4954,"independent"
12,4955,"independent"
12,4956,"independent"
10,4957,"independent"
14,4958,"independent"
10,4959,"independent"
12,4960,"independent"
10,4961,"independent"
10,4962,"independent"
10,4963,"independent"
10,4964,"independent"
8,4965,"independent"
6,4966,"independent"
10,4967,"independent"
8,4968,"independent"
8,4969,"independent"
10,4970,"independent"
10,4971,"independent"
10,4972,"independent"
10,4973,"independent"
10,4974,"independent"
6,4975,"independent"
12,4976,"independent"
10,4977,"independent"
12,4978,"independent"
12,4979,"independent"
6,4980,"independent"
10,4981,"independent"
12,4982,"independent"
10,4983,"independent"
10,4984,"independent"
12,4985,"independent"
10,4986,"independent"
12,4987,"independent"
6,4988,"independent"
10,4989,"independent"
8,4990,"independent"
12,4991,"independent"
10,4992,"independent"
8,4993,"independent"
12,4994,"independent"
10,4995,"independent"
12,4996,"independent"
10,4997,"independent"
10,4998,"independent"
2,4999,"independent"
10,5000,"independent"
8,5001,"independent"
12,5002,"independent"
8,5003,"independent"
10,5004,"independent"
10,5005,"independent"
8,5006,"independent"
8,5007,"independent"
10,5008,"independent"
14,5009,"independent"
12,5010,"independent"
12,5011,"independent"
10,5012,"independent"
10,5013,"independent"
12,5014,"independent"
10,5015,"independent"
12,5016,"independent"
12,5017,"independent"
8,5018,"independent"
12,5019,"independent"
12,5020,"independent"
12,5021,"independent"
12,5022,"independent"
10,5023,"independent"
10,5024,"independent"
8,5025,"independent"
12,5026,"independent"
12,5027,"independent"
8,5028,"independent"
12,5029,"independent"
12,5030,"independent"
10,5031,"independent"
10,5032,"independent"
8,5033,"independent"
10,5034,"independent"
12,5035,"independent"
12,5036,"independent"
10,5037,"independent"
10,5038,"independent"
8,5039,"independent"
10,5040,"independent"
8,5041,"independent"
10,5042,"independent"
8,5043,"independent"
12,5044,"independent"
10,5045,"independent"
8,5046,"independent"
10,5047,"independent"
12,5048,"independent"
10,5049,"independent"
8,5050,"independent"
12,5051,"independent"
10,5052,"independent"
12,5053,"independent"
8,5054,"independent"
12,5055,"independent"
10,5056,"independent"
8,5057,"independent"
8,5058,"independent"
12,5059,"independent"
10,5060,"independent"
12,5061,"independent"
10,5062,"independent"
10,5063,"independent"
12,5064,"independent"
6,5065,"independent"
12,5066,"independent"
14,5067,"independent"
10,5068,"independent"
8,5069,"independent"
12,5070,"independent"
10,5071,"independent"
8,5072,"independent"
10,5073,"independent"
10,5074,"independent"
12,5075,"independent"
10,5076,"independent"
10,5077,"independent"
12,5078,"independent"
10,5079,"independent"
12,5080,"independent"
8,5081,"independent"
10,5082,"independent"
12,5083,"independent"
10,5084,"independent"
10,5085,"independent"
10,5086,"independent"
12,5087,"independent"
10,5088,"independent"
8,5089,"independent"
12,5090,"independent"
12,5091,"independent"
12,5092,"independent"
14,5093,"independent"
12,5094,"independent"
10,5095,"independent"
10,5096,"independent"
12,5097,"independent"
6,5098,"independent"
10,5099,"independent"
10,5100,"independent"
12,5101,"independent"
10,5102,"independent"
12,5103,"independent"
8,5104,"independent"
10,5105,"independent"
12,5106,"independent"
12,5107,"independent"
10,5108,"independent"
12,5109,"independent"
8,5110,"independent"
12,5111,"independent"
12,5112,"independent"
12,5113,"independent"
12,5114,"independent"
10,5115,"independent"
8,5116,"independent"
10,5117,"independent"
12,5118,"independent"
12,5119,"independent"
12,5120,"independent"
10,5121,"independent"
8,5122,"independent"
12,5123,"independent"
6,5124,"independent"
10,5125,"independent"
10,5126,"independent"
6,5127,"independent"
6,5128,"independent"
12,5129,"independent"
12,5130,"independent"
12,5131,"independent"
10,5132,"independent"
10,5133,"independent"
10,5134,"independent"
12,5135,"independent"
6,5136,"independent"
12,5137,"independent"
10,5138,"independent"
10,5139,"independent"
8,5140,"independent"
8,5141,"independent"
10,5142,"independent"
10,5143,"independent"
10,5144,"independent"
10,5145,"independent"
10,5146,"independent"
8,5147,"independent"
6,5148,"independent"
8,5149,"independent"
10,5150,"independent"
10,5151,"independent"
10,5152,"independent"
8,5153,"independent"
8,5154,"independent"
8,5155,"independent"
8,5156,"independent"
10,5157,"independent"
10,5158,"independent"
12,5159,"independent"
8,5160,"independent"
10,5161,"independent"
12,5162,"independent"
12,5163,"independent"
12,5164,"independent"
8,5165,"independent"
10,5166,"independent"
8,5167,"independent"
6,5168,"independent"
10,5169,"independent"
10,5170,"independent"
10,5171,"independent"
10,5172,"independent"
10,5173,"independent"
8,5174,"independent"
12,5175,"independent"
8,5176,"independent"
8,5177,"independent"
12,5178,"independent"
10,5179,"independent"
10,5180,"independent"
10,5181,"independent"
6,5182,"independent"
8,5183,"independent"
10,5184,"independent"
10,5185,"independent"
12,5186,"independent"
12,5187,"independent"
8,5188,"independent"
12,5189,"independent"
10,5190,"independent"
8,5191,"independent"
8,5192,"independent"
8,5193,"independent"
12,5194,"independent"
10,5195,"independent"
8,5196,"independent"
10,5197,"independent"
10,5198,"independent"
12,5199,"independent"
6,5200,"independent"
6,5201,"independent"
12,5202,"independent"
10,5203,"independent"
12,5204,"independent"
10,5205,"independent"
8,5206,"independent"
10,5207,"independent"
10,5208,"independent"
10,5209,"independent"
8,5210,"independent"
8,5211,"independent"
6,5212,"independent"
10,5213,"independent"
10,5214,"independent"
6,5215,"independent"
8,5216,"independent"
12,5217,"independent"
8,5218,"independent"
12,5219,"independent"
10,5220,"independent"
10,5221,"independent"
12,5222,"independent"
8,5223,"independent"
12,5224,"independent"
10,5225,"independent"
12,5226,"independent"
8,5227,"independent"
8,5228,"independent"
12,5229,"independent"
8,5230,"independent"
12,5231,"independent"
12,5232,"independent"
8,5233,"independent"
12,5234,"independent"
12,5235,"independent"
10,5236,"independent"
12,5237,"independent"
10,5238,"independent"
10,5239,"independent"
6,5240,"independent"
10,5241,"independent"
12,5242,"independent"
10,5243,"independent"
4,5244,"independent"
10,5245,"independent"
6,5246,"independent"
10,5247,"independent"
10,5248,"independent"
10,5249,"independent"
6,5250,"independent"
10,5251,"independent"
6,5252,"independent"
10,5253,"independent"
8,5254,"independent"
10,5255,"independent"
2,5256,"independent"
6,5257,"independent"
8,5258,"independent"
10,5259,"independent"
12,5260,"independent"
8,5261,"independent"
12,5262,"independent"
10,5263,"independent"
10,5264,"independent"
12,5265,"independent"
10,5266,"independent"
8,5267,"independent"
6,5268,"independent"
6,5269,"independent"
10,5270,"independent"
12,5271,"independent"
12,5272,"independent"
6,5273,"independent"
10,5274,"independent"
12,5275,"independent"
2,5276,"independent"
8,5277,"independent"
12,5278,"independent"
10,5279,"independent"
10,5280,"independent"
10,5281,"independent"
8,5282,"independent"
10,5283,"independent"
12,5284,"independent"
10,5285,"independent"
10,5286,"independent"
10,5287,"independent"
10,5288,"independent"
10,5289,"independent"
8,5290,"independent"
10,5291,"independent"
10,5292,"independent"
14,5293,"independent"
8,5294,"independent"
10,5295,"independent"
10,5296,"independent"
12,5297,"independent"
10,5298,"independent"
12,5299,"independent"
10,5300,"independent"
6,5301,"independent"
10,5302,"independent"
10,5303,"independent"
12,5304,"independent"
8,5305,"independent"
10,5306,"independent"
10,5307,"independent"
10,5308,"independent"
10,5309,"independent"
10,5310,"independent"
8,5311,"independent"
6,5312,"independent"
12,5313,"independent"
8,5314,"independent"
12,5315,"independent"
10,5316,"independent"
10,5317,"independent"
10,5318,"independent"
8,5319,"independent"
12,5320,"independent"
8,5321,"independent"
12,5322,"independent"
8,5323,"independent"
6,5324,"independent"
10,5325,"independent"
10,5326,"independent"
12,5327,"independent"
12,5328,"independent"
8,5329,"independent"
8,5330,"independent"
12,5331,"independent"
10,5332,"independent"
12,5333,"independent"
10,5334,"independent"
10,5335,"independent"
10,5336,"independent"
10,5337,"independent"
12,5338,"independent"
8,5339,"independent"
10,5340,"independent"
10,5341,"independent"
10,5342,"independent"
8,5343,"independent"
10,5344,"independent"
12,5345,"independent"
12,5346,"independent"
10,5347,"independent"
8,5348,"independent"
10,5349,"independent"
6,5350,"independent"
12,5351,"independent"
8,5352,"independent"
12,5353,"independent"
10,5354,"independent"
10,5355,"independent"
10,5356,"independent"
12,5357,"independent"
10,5358,"independent"
12,5359,"independent"
8,5360,"independent"
10,5361,"independent"
10,5362,"independent"
12,5363,"independent"
12,5364,"independent"
10,5365,"independent"
10,5366,"independent"
14,5367,"independent"
12,5368,"independent"
10,5369,"independent"
6,5370,"independent"
12,5371,"independent"
10,5372,"independent"
8,5373,"independent"
12,5374,"independent"
12,5375,"independent"
12,5376,"independent"
10,5377,"independent"
8,5378,"independent"
10,5379,"independent"
8,5380,"independent"
12,5381,"independent"
8,5382,"independent"
10,5383,"independent"
6,5384,"independent"
12,5385,"independent"
14,5386,"independent"
8,5387,"independent"
8,5388,"independent"
10,5389,"independent"
10,5390,"independent"
4,5391,"independent"
10,5392,"independent"
10,5393,"independent"
10,5394,"independent"
12,5395,"independent"
10,5396,"independent"
12,5397,"independent"
10,5398,"independent"
6,5399,"independent"
10,5400,"independent"
12,5401,"independent"
8,5402,"independent"
12,5403,"independent"
8,5404,"independent"
12,5405,"independent"
10,5406,"independent"
14,5407,"independent"
12,5408,"independent"
12,5409,"independent"
12,5410,"independent"
8,5411,"independent"
8,5412,"independent"
12,5413,"independent"
10,5414,"independent"
10,5415,"independent"
8,5416,"independent"
8,5417,"independent"
10,5418,"independent"
8,5419,"independent"
6,5420,"independent"
10,5421,"independent"
8,5422,"independent"
10,5423,"independent"
10,5424,"independent"
10,5425,"independent"
6,5426,"independent"
8,5427,"independent"
10,5428,"independent"
12,5429,"independent"
6,5430,"independent"
10,5431,"independent"
12,5432,"independent"
10,5433,"independent"
10,5434,"independent"
10,5435,"independent"
10,5436,"independent"
12,5437,"independent"
8,5438,"independent"
10,5439,"independent"
12,5440,"independent"
10,5441,"independent"
12,5442,"independent"
12,5443,"independent"
12,5444,"independent"
10,5445,"independent"
6,5446,"independent"
6,5447,"independent"
12,5448,"independent"
12,5449,"independent"
8,5450,"independent"
6,5451,"independent"
12,5452,"independent"
8,5453,"independent"
6,5454,"independent"
10,5455,"independent"
4,5456,"independent"
12,5457,"independent"
10,5458,"independent"
10,5459,"independent"
10,5460,"independent"
10,5461,"independent"
10,5462,"independent"
12,5463,"independent"
10,5464,"independent"
12,5465,"independent"
8,5466,"independent"
10,5467,"independent"
10,5468,"independent"
12,5469,"independent"
10,5470,"independent"
10,5471,"independent"
10,5472,"independent"
8,5473,"independent"
10,5474,"independent"
10,5475,"independent"
10,5476,"independent"
6,5477,"independent"
12,5478,"independent"
8,5479,"independent"
10,5480,"independent"
10,5481,"independent"
10,5482,"independent"
12,5483,"independent"
12,5484,"independent"
10,5485,"independent"
12,5486,"independent"
12,5487,"independent"
10,5488,"independent"
10,5489,"independent"
10,5490,"independent"
10,5491,"independent"
10,5492,"independent"
12,5493,"independent"
10,5494,"independent"
12,5495,"independent"
6,5496,"independent"
12,5497,"independent"
10,5498,"independent"
12,5499,"independent"
14,5500,"independent"
12,5501,"independent"
12,5502,"independent"
8,5503,"independent"
8,5504,"independent"
10,5505,"independent"
10,5506,"independent"
14,5507,"independent"
10,5508,"independent"
10,5509,"independent"
10,5510,"independent"
12,5511,"independent"
12,5512,"independent"
8,5513,"independent"
12,5514,"independent"
8,5515,"independent"
10,5516,"independent"
12,5517,"independent"
12,5518,"independent"
10,5519,"independent"
12,5520,"independent"
12,5521,"independent"
10,5522,"independent"
8,5523,"independent"
10,5524,"independent"
10,5525,"independent"
8,5526,"independent"
12,5527,"independent"
12,5528,"independent"
8,5529,"independent"
12,5530,"independent"
12,5531,"independent"
8,5532,"independent"
8,5533,"independent"
8,5534,"independent"
6,5535,"independent"
10,5536,"independent"
10,5537,"independent"
12,5538,"independent"
10,5539,"independent"
10,5540,"independent"
10,5541,"independent"
12,5542,"independent"
10,5543,"independent"
10,5544,"independent"
10,5545,"independent"
10,5546,"independent"
10,5547,"independent"
12,5548,"independent"
12,5549,"independent"
10,5550,"independent"
10,5551,"independent"
6,5552,"independent"
6,5553,"independent"
10,5554,"independent"
10,5555,"independent"
6,5556,"independent"
10,5557,"independent"
12,5558,"independent"
8,5559,"independent"
12,5560,"independent"
8,5561,"independent"
8,5562,"independent"
10,5563,"independent"
10,5564,"independent"
12,5565,"independent"
10,5566,"independent"
10,5567,"independent"
8,5568,"independent"
12,5569,"independent"
12,5570,"independent"
12,5571,"independent"
10,5572,"independent"
8,5573,"independent"
12,5574,"independent"
6,5575,"independent"
8,5576,"independent"
14,5577,"independent"
10,5578,"independent"
12,5579,"independent"
6,5580,"independent"
8,5581,"independent"
12,5582,"independent"
10,5583,"independent"
12,5584,"independent"
10,5585,"independent"
10,5586,"independent"
8,5587,"independent"
10,5588,"independent"
10,5589,"independent"
10,5590,"independent"
12,5591,"independent"
6,5592,"independent"
6,5593,"independent"
10,5594,"independent"
10,5595,"independent"
6,5596,"independent"
10,5597,"independent"
12,5598,"independent"
12,5599,"independent"
12,5600,"independent"
6,5601,"independent"
12,5602,"independent"
10,5603,"independent"
6,5604,"independent"
8,5605,"independent"
8,5606,"independent"
8,5607,"independent"
10,5608,"independent"
14,5609,"independent"
10,5610,"independent"
12,5611,"independent"
10,5612,"independent"
8,5613,"independent"
12,5614,"independent"
10,5615,"independent"
10,5616,"independent"
10,5617,"independent"
12,5618,"independent"
10,5619,"independent"
12,5620,"independent"
12,5621,"independent"
8,5622,"independent"
10,5623,"independent"
4,5624,"independent"
10,5625,"independent"
8,5626,"independent"
10,5627,"independent"
8,5628,"independent"
12,5629,"independent"
12,5630,"independent"
8,5631,"independent"
12,5632,"independent"
10,5633,"independent"
12,5634,"independent"
12,5635,"independent"
10,5636,"independent"
12,5637,"independent"
8,5638,"independent"
12,5639,"independent"
10,5640,"independent"
12,5641,"independent"
10,5642,"independent"
10,5643,"independent"
10,5644,"independent"
12,5645,"independent"
10,5646,"independent"
10,5647,"independent"
8,5648,"independent"
8,5649,"independent"
10,5650,"independent"
12,5651,"independent"
8,5652,"independent"
12,5653,"independent"
10,5654,"independent"
10,5655,"independent"
12,5656,"independent"
8,5657,"independent"
12,5658,"independent"
12,5659,"independent"
12,5660,"independent"
10,5661,"independent"
12,5662,"independent"
12,5663,"independent"
10,5664,"independent"
8,5665,"independent"
12,5666,"independent"
10,5667,"independent"
10,5668,"independent"
6,5669,"independent"
12,5670,"independent"
8,5671,"independent"
10,5672,"independent"
12,5673,"independent"
10,5674,"independent"
12,5675,"independent"
8,5676,"independent"
8,5677,"independent"
10,5678,"independent"
10,5679,"independent"
6,5680,"independent"
10,5681,"independent"
6,5682,"independent"
10,5683,"independent"
10,5684,"independent"
6,5685,"independent"
8,5686,"independent"
12,5687,"independent"
12,5688,"independent"
12,5689,"independent"
12,5690,"independent"
10,5691,"independent"
10,5692,"independent"
12,5693,"independent"
12,5694,"independent"
8,5695,"independent"
8,5696,"independent"
12,5697,"independent"
10,5698,"independent"
4,5699,"independent"
6,5700,"independent"
6,5701,"independent"
10,5702,"independent"
10,5703,"independent"
12,5704,"independent"
10,5705,"independent"
8,5706,"independent"
10,5707,"independent"
10,5708,"independent"
10,5709,"independent"
8,5710,"independent"
14,5711,"independent"
12,5712,"independent"
12,5713,"independent"
12,5714,"independent"
10,5715,"independent"
4,5716,"independent"
16,5717,"independent"
12,5718,"independent"
6,5719,"independent"
8,5720,"independent"
10,5721,"independent"
10,5722,"independent"
10,5723,"independent"
10,5724,"independent"
8,5725,"independent"
12,5726,"independent"
10,5727,"independent"
12,5728,"independent"
2,5729,"independent"
10,5730,"independent"
10,5731,"independent"
8,5732,"independent"
8,5733,"independent"
10,5734,"independent"
8,5735,"independent"
8,5736,"independent"
4,5737,"independent"
12,5738,"independent"
8,5739,"independent"
12,5740,"independent"
10,5741,"independent"
6,5742,"independent"
8,5743,"independent"
12,5744,"independent"
8,5745,"independent"
12,5746,"independent"
10,5747,"independent"
8,5748,"independent"
4,5749,"independent"
10,5750,"independent"
10,5751,"independent"
10,5752,"independent"
12,5753,"independent"
12,5754,"independent"
10,5755,"independent"
12,5756,"independent"
12,5757,"independent"
12,5758,"independent"
10,5759,"independent"
10,5760,"independent"
8,5761,"independent"
14,5762,"independent"
8,5763,"independent"
12,5764,"independent"
12,5765,"independent"
10,5766,"independent"
12,5767,"independent"
8,5768,"independent"
10,5769,"independent"
12,5770,"independent"
10,5771,"independent"
10,5772,"independent"
10,5773,"independent"
12,5774,"independent"
10,5775,"independent"
10,5776,"independent"
8,5777,"independent"
10,5778,"independent"
10,5779,"independent"
10,5780,"independent"
12,5781,"independent"
10,5782,"independent"
8,5783,"independent"
8,5784,"independent"
12,5785,"independent"
12,5786,"independent"
12,5787,"independent"
8,5788,"independent"
12,5789,"independent"
14,5790,"independent"
12,5791,"independent"
12,5792,"independent"
12,5793,"independent"
8,5794,"independent"
12,5795,"independent"
10,5796,"independent"
6,5797,"independent"
10,5798,"independent"
10,5799,"independent"
8,5800,"independent"
10,5801,"independent"
10,5802,"independent"
10,5803,"independent"
4,5804,"independent"
12,5805,"independent"
10,5806,"independent"
8,5807,"independent"
10,5808,"independent"
12,5809,"independent"
6,5810,"independent"
8,5811,"independent"
12,5812,"independent"
10,5813,"independent"
10,5814,"independent"
10,5815,"independent"
10,5816,"independent"
10,5817,"independent"
10,5818,"independent"
8,5819,"independent"
10,5820,"independent"
10,5821,"independent"
10,5822,"independent"
10,5823,"independent"
12,5824,"independent"
10,5825,"independent"
8,5826,"independent"
10,5827,"independent"
8,5828,"independent"
12,5829,"independent"
10,5830,"independent"
10,5831,"independent"
10,5832,"independent"
12,5833,"independent"
8,5834,"independent"
10,5835,"independent"
12,5836,"independent"
4,5837,"independent"
10,5838,"independent"
8,5839,"independent"
6,5840,"independent"
10,5841,"independent"
10,5842,"independent"
12,5843,"independent"
10,5844,"independent"
10,5845,"independent"
10,5846,"independent"
12,5847,"independent"
12,5848,"independent"
12,5849,"independent"
10,5850,"independent"
6,5851,"independent"
10,5852,"independent"
8,5853,"independent"
2,5854,"independent"
10,5855,"independent"
12,5856,"independent"
10,5857,"independent"
14,5858,"independent"
10,5859,"independent"
10,5860,"independent"
10,5861,"independent"
12,5862,"independent"
8,5863,"independent"
12,5864,"independent"
8,5865,"independent"
8,5866,"independent"
10,5867,"independent"
10,5868,"independent"
6,5869,"independent"
6,5870,"independent"
8,5871,"independent"
10,5872,"independent"
6,5873,"independent"
8,5874,"independent"
12,5875,"independent"
10,5876,"independent"
8,5877,"independent"
10,5878,"independent"
10,5879,"independent"
10,5880,"independent"
8,5881,"independent"
10,5882,"independent"
8,5883,"independent"
12,5884,"independent"
10,5885,"independent"
10,5886,"independent"
10,5887,"independent"
10,5888,"independent"
8,5889,"independent"
10,5890,"independent"
12,5891,"independent"
10,5892,"independent"
12,5893,"independent"
10,5894,"independent"
8,5895,"independent"
10,5896,"independent"
12,5897,"independent"
10,5898,"independent"
10,5899,"independent"
10,5900,"independent"
8,5901,"independent"
8,5902,"independent"
8,5903,"independent"
10,5904,"independent"
6,5905,"independent"
12,5906,"independent"
8,5907,"independent"
12,5908,"independent"
12,5909,"independent"
10,5910,"independent"
10,5911,"independent"
10,5912,"independent"
12,5913,"independent"
10,5914,"independent"
12,5915,"independent"
12,5916,"independent"
12,5917,"independent"
12,5918,"independent"
12,5919,"independent"
10,5920,"independent"
10,5921,"independent"
10,5922,"independent"
10,5923,"independent"
10,5924,"independent"
12,5925,"independent"
8,5926,"independent"
8,5927,"independent"
8,5928,"independent"
8,5929,"independent"
12,5930,"independent"
6,5931,"independent"
10,5932,"independent"
12,5933,"independent"
12,5934,"independent"
12,5935,"independent"
12,5936,"independent"
12,5937,"independent"
10,5938,"independent"
14,5939,"independent"
8,5940,"independent"
8,5941,"independent"
8,5942,"independent"
8,5943,"independent"
10,5944,"independent"
8,5945,"independent"
8,5946,"independent"
8,5947,"independent"
10,5948,"independent"
10,5949,"independent"
8,5950,"independent"
10,5951,"independent"
12,5952,"independent"
12,5953,"independent"
10,5954,"independent"
10,5955,"independent"
8,5956,"independent"
12,5957,"independent"
12,5958,"independent"
8,5959,"independent"
12,5960,"independent"
10,5961,"independent"
12,5962,"independent"
10,5963,"independent"
6,5964,"independent"
10,5965,"independent"
12,5966,"independent"
10,5967,"independent"
10,5968,"independent"
10,5969,"independent"
8,5970,"independent"
10,5971,"independent"
12,5972,"independent"
6,5973,"independent"
8,5974,"independent"
12,5975,"independent"
10,5976,"independent"
10,5977,"independent"
10,5978,"independent"
12,5979,"independent"
12,5980,"independent"
10,5981,"independent"
10,5982,"independent"
10,5983,"independent"
10,5984,"independent"
10,5985,"independent"
6,5986,"independent"
8,5987,"independent"
8,5988,"independent"
8,5989,"independent"
12,5990,"independent"
10,5991,"independent"
12,5992,"independent"
12,5993,"independent"
10,5994,"independent"
14,5995,"independent"
8,5996,"independent"
8,5997,"independent"
12,5998,"independent"
8,5999,"independent"
10,6000,"independent"
10,6001,"independent"
12,6002,"independent"
10,6003,"independent"
12,6004,"independent"
12,6005,"independent"
12,6006,"independent"
10,6007,"independent"
10,6008,"independent"
8,6009,"independent"
10,6010,"independent"
12,6011,"independent"
10,6012,"independent"
8,6013,"independent"
8,6014,"independent"
10,6015,"independent"
10,6016,"independent"
8,6017,"independent"
12,6018,"independent"
8,6019,"independent"
10,6020,"independent"
10,6021,"independent"
12,6022,"independent"
8,6023,"independent"
8,6024,"independent"
12,6025,"independent"
12,6026,"independent"
14,6027,"independent"
10,6028,"independent"
10,6029,"independent"
8,6030,"independent"
10,6031,"independent"
8,6032,"independent"
10,6033,"independent"
8,6034,"independent"
8,6035,"independent"
8,6036,"independent"
12,6037,"independent"
12,6038,"independent"
10,6039,"independent"
10,6040,"independent"
10,6041,"independent"
10,6042,"independent"
12,6043,"independent"
12,6044,"independent"
10,6045,"independent"
10,6046,"independent"
10,6047,"independent"
10,6048,"independent"
12,6049,"independent"
12,6050,"independent"
10,6051,"independent"
6,6052,"independent"
10,6053,"independent"
10,6054,"independent"
12,6055,"independent"
12,6056,"independent"
6,6057,"independent"
12,6058,"independent"
10,6059,"independent"
4,6060,"independent"
10,6061,"independent"
12,6062,"independent"
10,6063,"independent"
12,6064,"independent"
8,6065,"independent"
6,6066,"independent"
12,6067,"independent"
12,6068,"independent"
10,6069,"independent"
10,6070,"independent"
12,6071,"independent"
10,6072,"independent"
12,6073,"independent"
10,6074,"independent"
12,6075,"independent"
8,6076,"independent"
6,6077,"independent"
10,6078,"independent"
12,6079,"independent"
10,6080,"independent"
12,6081,"independent"
12,6082,"independent"
10,6083,"independent"
8,6084,"independent"
10,6085,"independent"
10,6086,"independent"
10,6087,"independent"
10,6088,"independent"
14,6089,"independent"
10,6090,"independent"
10,6091,"independent"
6,6092,"independent"
10,6093,"independent"
10,6094,"independent"
10,6095,"independent"
10,6096,"independent"
8,6097,"independent"
14,6098,"independent"
8,6099,"independent"
8,6100,"independent"
10,6101,"independent"
12,6102,"independent"
8,6103,"independent"
12,6104,"independent"
12,6105,"independent"
10,6106,"independent"
10,6107,"independent"
10,6108,"independent"
12,6109,"independent"
10,6110,"independent"
12,6111,"independent"
8,6112,"independent"
10,6113,"independent"
8,6114,"independent"
10,6115,"independent"
8,6116,"independent"
8,6117,"independent"
8,6118,"independent"
12,6119,"independent"
14,6120,"independent"
8,6121,"independent"
12,6122,"independent"
10,6123,"independent"
12,6124,"independent"
8,6125,"independent"
8,6126,"independent"
10,6127,"independent"
12,6128,"independent"
12,6129,"independent"
10,6130,"independent"
10,6131,"independent"
8,6132,"independent"
8,6133,"independent"
12,6134,"independent"
10,6135,"independent"
12,6136,"independent"
8,6137,"independent"
10,6138,"independent"
6,6139,"independent"
8,6140,"independent"
12,6141,"independent"
12,6142,"independent"
12,6143,"independent"
10,6144,"independent"
10,6145,"independent"
12,6146,"independent"
8,6147,"independent"
8,6148,"independent"
8,6149,"independent"
8,6150,"independent"
10,6151,"independent"
14,6152,"independent"
14,6153,"independent"
6,6154,"independent"
10,6155,"independent"
10,6156,"independent"
10,6157,"independent"
10,6158,"independent"
10,6159,"independent"
10,6160,"independent"
6,6161,"independent"
12,6162,"independent"
8,6163,"independent"
8,6164,"independent"
10,6165,"independent"
10,6166,"independent"
12,6167,"independent"
14,6168,"independent"
12,6169,"independent"
10,6170,"independent"
10,6171,"independent"
10,6172,"independent"
10,6173,"independent"
10,6174,"independent"
12,6175,"independent"
10,6176,"independent"
6,6177,"independent"
10,6178,"independent"
10,6179,"independent"
10,6180,"independent"
10,6181,"independent"
8,6182,"independent"
6,6183,"independent"
6,6184,"independent"
10,6185,"independent"
10,6186,"independent"
12,6187,"independent"
12,6188,"independent"
12,6189,"independent"
8,6190,"independent"
6,6191,"independent"
10,6192,"independent"
6,6193,"independent"
10,6194,"independent"
12,6195,"independent"
10,6196,"independent"
10,6197,"independent"
12,6198,"independent"
10,6199,"independent"
12,6200,"independent"
10,6201,"independent"
2,6202,"independent"
10,6203,"independent"
10,6204,"independent"
8,6205,"independent"
12,6206,"independent"
12,6207,"independent"
8,6208,"independent"
12,6209,"independent"
10,6210,"independent"
10,6211,"independent"
10,6212,"independent"
10,6213,"independent"
10,6214,"independent"
8,6215,"independent"
12,6216,"independent"
12,6217,"independent"
12,6218,"independent"
6,6219,"independent"
8,6220,"independent"
8,6221,"independent"
10,6222,"independent"
10,6223,"independent"
12,6224,"independent"
10,6225,"independent"
8,6226,"independent"
10,6227,"independent"
10,6228,"independent"
12,6229,"independent"
12,6230,"independent"
12,6231,"independent"
10,6232,"independent"
12,6233,"independent"
10,6234,"independent"
10,6235,"independent"
8,6236,"independent"
12,6237,"independent"
12,6238,"independent"
8,6239,"independent"
12,6240,"independent"
14,6241,"independent"
10,6242,"independent"
10,6243,"independent"
12,6244,"independent"
8,6245,"independent"
10,6246,"independent"
8,6247,"independent"
10,6248,"independent"
10,6249,"independent"
10,6250,"independent"
8,6251,"independent"
8,6252,"independent"
10,6253,"independent"
10,6254,"independent"
10,6255,"independent"
10,6256,"independent"
10,6257,"independent"
12,6258,"independent"
12,6259,"independent"
12,6260,"independent"
14,6261,"independent"
10,6262,"independent"
10,6263,"independent"
10,6264,"independent"
10,6265,"independent"
8,6266,"independent"
8,6267,"independent"
6,6268,"independent"
14,6269,"independent"
10,6270,"independent"
10,6271,"independent"
8,6272,"independent"
12,6273,"independent"
10,6274,"independent"
12,6275,"independent"
12,6276,"independent"
10,6277,"independent"
8,6278,"independent"
12,6279,"independent"
6,6280,"independent"
10,6281,"independent"
12,6282,"independent"
10,6283,"independent"
10,6284,"independent"
10,6285,"independent"
10,6286,"independent"
10,6287,"independent"
12,6288,"independent"
8,6289,"independent"
6,6290,"independent"
10,6291,"independent"
10,6292,"independent"
10,6293,"independent"
10,6294,"independent"
8,6295,"independent"
10,6296,"independent"
8,6297,"independent"
12,6298,"independent"
8,6299,"independent"
12,6300,"independent"
10,6301,"independent"
8,6302,"independent"
8,6303,"independent"
14,6304,"independent"
10,6305,"independent"
8,6306,"independent"
8,6307,"independent"
10,6308,"independent"
8,6309,"independent"
8,6310,"independent"
8,6311,"independent"
10,6312,"independent"
12,6313,"independent"
10,6314,"independent"
12,6315,"independent"
10,6316,"independent"
8,6317,"independent"
8,6318,"independent"
10,6319,"independent"
8,6320,"independent"
10,6321,"independent"
8,6322,"independent"
12,6323,"independent"
12,6324,"independent"
8,6325,"independent"
8,6326,"independent"
14,6327,"independent"
10,6328,"independent"
10,6329,"independent"
12,6330,"independent"
8,6331,"independent"
12,6332,"independent"
12,6333,"independent"
10,6334,"independent"
8,6335,"independent"
10,6336,"independent"
12,6337,"independent"
4,6338,"independent"
8,6339,"independent"
6,6340,"independent"
8,6341,"independent"
8,6342,"independent"
8,6343,"independent"
10,6344,"independent"
8,6345,"independent"
8,6346,"independent"
10,6347,"independent"
8,6348,"independent"
10,6349,"independent"
10,6350,"independent"
10,6351,"independent"
10,6352,"independent"
8,6353,"independent"
12,6354,"independent"
8,6355,"independent"
10,6356,"independent"
12,6357,"independent"
12,6358,"independent"
10,6359,"independent"
8,6360,"independent"
8,6361,"independent"
12,6362,"independent"
14,6363,"independent"
6,6364,"independent"
10,6365,"independent"
14,6366,"independent"
12,6367,"independent"
8,6368,"independent"
10,6369,"independent"
8,6370,"independent"
6,6371,"independent"
6,6372,"independent"
10,6373,"independent"
10,6374,"independent"
10,6375,"independent"
10,6376,"independent"
12,6377,"independent"
8,6378,"independent"
8,6379,"independent"
10,6380,"independent"
8,6381,"independent"
12,6382,"independent"
8,6383,"independent"
12,6384,"independent"
10,6385,"independent"
6,6386,"independent"
12,6387,"independent"
10,6388,"independent"
6,6389,"independent"
12,6390,"independent"
10,6391,"independent"
12,6392,"independent"
12,6393,"independent"
10,6394,"independent"
10,6395,"independent"
4,6396,"independent"
8,6397,"independent"
8,6398,"independent"
6,6399,"independent"
10,6400,"independent"
6,6401,"independent"
10,6402,"independent"
10,6403,"independent"
6,6404,"independent"
12,6405,"independent"
8,6406,"independent"
8,6407,"independent"
6,6408,"independent"
12,6409,"independent"
10,6410,"independent"
12,6411,"independent"
12,6412,"independent"
10,6413,"independent"
10,6414,"independent"
6,6415,"independent"
6,6416,"independent"
10,6417,"independent"
10,6418,"independent"
12,6419,"independent"
8,6420,"independent"
10,6421,"independent"
6,6422,"independent"
6,6423,"independent"
6,6424,"independent"
12,6425,"independent"
10,6426,"independent"
10,6427,"independent"
8,6428,"independent"
12,6429,"independent"
10,6430,"independent"
6,6431,"independent"
10,6432,"independent"
10,6433,"independent"
10,6434,"independent"
8,6435,"independent"
10,6436,"independent"
12,6437,"independent"
6,6438,"independent"
8,6439,"independent"
6,6440,"independent"
10,6441,"independent"
8,6442,"independent"
10,6443,"independent"
10,6444,"independent"
10,6445,"independent"
10,6446,"independent"
12,6447,"independent"
10,6448,"independent"
12,6449,"independent"
8,6450,"independent"
8,6451,"independent"
8,6452,"independent"
10,6453,"independent"
10,6454,"independent"
12,6455,"independent"
10,6456,"independent"
10,6457,"independent"
14,6458,"independent"
10,6459,"independent"
12,6460,"independent"
10,6461,"independent"
12,6462,"independent"
8,6463,"independent"
10,6464,"independent"
8,6465,"independent"
8,6466,"independent"
10,6467,"independent"
4,6468,"independent"
14,6469,"independent"
6,6470,"independent"
10,6471,"independent"
4,6472,"independent"
10,6473,"independent"
12,6474,"independent"
10,6475,"independent"
10,6476,"independent"
10,6477,"independent"
12,6478,"independent"
6,6479,"independent"
8,6480,"independent"
6,6481,"independent"
10,6482,"independent"
12,6483,"independent"
8,6484,"independent"
12,6485,"independent"
8,6486,"independent"
8,6487,"independent"
10,6488,"independent"
10,6489,"independent"
10,6490,"independent"
10,6491,"independent"
8,6492,"independent"
12,6493,"independent"
8,6494,"independent"
12,6495,"independent"
10,6496,"independent"
6,6497,"independent"
10,6498,"independent"
10,6499,"independent"
12,6500,"independent"
10,6501,"independent"
8,6502,"independent"
8,6503,"independent"
10,6504,"independent"
10,6505,"independent"
12,6506,"independent"
8,6507,"independent"
10,6508,"independent"
10,6509,"independent"
12,6510,"independent"
10,6511,"independent"
6,6512,"independent"
10,6513,"independent"
12,6514,"independent"
10,6515,"independent"
12,6516,"independent"
12,6517,"independent"
8,6518,"independent"
6,6519,"independent"
8,6520,"independent"
10,6521,"independent"
10,6522,"independent"
14,6523,"independent"
12,6524,"independent"
12,6525,"independent"
12,6526,"independent"
10,6527,"independent"
10,6528,"independent"
10,6529,"independent"
14,6530,"independent"
10,6531,"independent"
8,6532,"independent"
12,6533,"independent"
6,6534,"independent"
12,6535,"independent"
12,6536,"independent"
8,6537,"independent"
14,6538,"independent"
12,6539,"independent"
10,6540,"independent"
12,6541,"independent"
10,6542,"independent"
10,6543,"independent"
10,6544,"independent"
10,6545,"independent"
12,6546,"independent"
6,6547,"independent"
14,6548,"independent"
14,6549,"independent"
6,6550,"independent"
10,6551,"independent"
10,6552,"independent"
10,6553,"independent"
10,6554,"independent"
8,6555,"independent"
6,6556,"independent"
10,6557,"independent"
10,6558,"independent"
10,6559,"independent"
12,6560,"independent"
10,6561,"independent"
12,6562,"independent"
10,6563,"independent"
12,6564,"independent"
12,6565,"independent"
12,6566,"independent"
10,6567,"independent"
10,6568,"independent"
10,6569,"independent"
6,6570,"independent"
8,6571,"independent"
12,6572,"independent"
12,6573,"independent"
12,6574,"independent"
12,6575,"independent"
6,6576,"independent"
6,6577,"independent"
8,6578,"independent"
8,6579,"independent"
12,6580,"independent"
10,6581,"independent"
10,6582,"independent"
12,6583,"independent"
8,6584,"independent"
12,6585,"independent"
10,6586,"independent"
12,6587,"independent"
10,6588,"independent"
6,6589,"independent"
10,6590,"independent"
12,6591,"independent"
12,6592,"independent"
8,6593,"independent"
10,6594,"independent"
8,6595,"independent"
10,6596,"independent"
8,6597,"independent"
10,6598,"independent"
12,6599,"independent"
12,6600,"independent"
8,6601,"independent"
10,6602,"independent"
12,6603,"independent"
8,6604,"independent"
10,6605,"independent"
10,6606,"independent"
10,6607,"independent"
10,6608,"independent"
12,6609,"independent"
4,6610,"independent"
10,6611,"independent"
8,6612,"independent"
10,6613,"independent"
12,6614,"independent"
12,6615,"independent"
10,6616,"independent"
4,6617,"independent"
10,6618,"independent"
10,6619,"independent"
8,6620,"independent"
12,6621,"independent"
10,6622,"independent"
10,6623,"independent"
10,6624,"independent"
8,6625,"independent"
8,6626,"independent"
10,6627,"independent"
8,6628,"independent"
10,6629,"independent"
10,6630,"independent"
10,6631,"independent"
10,6632,"independent"
10,6633,"independent"
10,6634,"independent"
10,6635,"independent"
8,6636,"independent"
8,6637,"independent"
10,6638,"independent"
12,6639,"independent"
8,6640,"independent"
8,6641,"independent"
10,6642,"independent"
4,6643,"independent"
8,6644,"independent"
8,6645,"independent"
12,6646,"independent"
6,6647,"independent"
10,6648,"independent"
10,6649,"independent"
8,6650,"independent"
12,6651,"independent"
12,6652,"independent"
10,6653,"independent"
10,6654,"independent"
12,6655,"independent"
6,6656,"independent"
10,6657,"independent"
12,6658,"independent"
10,6659,"independent"
8,6660,"independent"
10,6661,"independent"
10,6662,"independent"
10,6663,"independent"
10,6664,"independent"
10,6665,"independent"
10,6666,"independent"
10,6667,"independent"
8,6668,"independent"
8,6669,"independent"
8,6670,"independent"
12,6671,"independent"
10,6672,"independent"
6,6673,"independent"
12,6674,"independent"
10,6675,"independent"
10,6676,"independent"
12,6677,"independent"
10,6678,"independent"
12,6679,"independent"
10,6680,"independent"
10,6681,"independent"
10,6682,"independent"
12,6683,"independent"
8,6684,"independent"
8,6685,"independent"
12,6686,"independent"
10,6687,"independent"
8,6688,"independent"
10,6689,"independent"
8,6690,"independent"
12,6691,"independent"
10,6692,"independent"
4,6693,"independent"
12,6694,"independent"
10,6695,"independent"
8,6696,"independent"
12,6697,"independent"
12,6698,"independent"
10,6699,"independent"
8,6700,"independent"
6,6701,"independent"
12,6702,"independent"
10,6703,"independent"
8,6704,"independent"
10,6705,"independent"
10,6706,"independent"
10,6707,"independent"
8,6708,"independent"
6,6709,"independent"
8,6710,"independent"
8,6711,"independent"
8,6712,"independent"
12,6713,"independent"
10,6714,"independent"
8,6715,"independent"
10,6716,"independent"
6,6717,"independent"
10,6718,"independent"
6,6719,"independent"
10,6720,"independent"
10,6721,"independent"
4,6722,"independent"
12,6723,"independent"
10,6724,"independent"
6,6725,"independent"
8,6726,"independent"
10,6727,"independent"
10,6728,"independent"
6,6729,"independent"
10,6730,"independent"
12,6731,"independent"
10,6732,"independent"
10,6733,"independent"
10,6734,"independent"
10,6735,"independent"
12,6736,"independent"
8,6737,"independent"
6,6738,"independent"
10,6739,"independent"
8,6740,"independent"
10,6741,"independent"
10,6742,"independent"
10,6743,"independent"
8,6744,"independent"
12,6745,"independent"
12,6746,"independent"
12,6747,"independent"
12,6748,"independent"
12,6749,"independent"
10,6750,"independent"
10,6751,"independent"
10,6752,"independent"
12,6753,"independent"
8,6754,"independent"
10,6755,"independent"
10,6756,"independent"
10,6757,"independent"
10,6758,"independent"
6,6759,"independent"
4,6760,"independent"
10,6761,"independent"
10,6762,"independent"
12,6763,"independent"
10,6764,"independent"
8,6765,"independent"
12,6766,"independent"
8,6767,"independent"
10,6768,"independent"
12,6769,"independent"
14,6770,"independent"
12,6771,"independent"
4,6772,"independent"
8,6773,"independent"
12,6774,"independent"
10,6775,"independent"
8,6776,"independent"
10,6777,"independent"
10,6778,"independent"
10,6779,"independent"
10,6780,"independent"
8,6781,"independent"
6,6782,"independent"
8,6783,"independent"
8,6784,"independent"
10,6785,"independent"
6,6786,"independent"
6,6787,"independent"
8,6788,"independent"
10,6789,"independent"
10,6790,"independent"
10,6791,"independent"
12,6792,"independent"
10,6793,"independent"
10,6794,"independent"
8,6795,"independent"
10,6796,"independent"
10,6797,"independent"
10,6798,"independent"
8,6799,"independent"
8,6800,"independent"
10,6801,"independent"
12,6802,"independent"
12,6803,"independent"
10,6804,"independent"
10,6805,"independent"
8,6806,"independent"
8,6807,"independent"
10,6808,"independent"
8,6809,"independent"
4,6810,"independent"
12,6811,"independent"
10,6812,"independent"
4,6813,"independent"
10,6814,"independent"
8,6815,"independent"
8,6816,"independent"
10,6817,"independent"
10,6818,"independent"
10,6819,"independent"
10,6820,"independent"
10,6821,"independent"
4,6822,"independent"
10,6823,"independent"
10,6824,"independent"
10,6825,"independent"
10,6826,"independent"
12,6827,"independent"
8,6828,"independent"
10,6829,"independent"
8,6830,"independent"
10,6831,"independent"
10,6832,"independent"
10,6833,"independent"
12,6834,"independent"
10,6835,"independent"
12,6836,"independent"
12,6837,"independent"
10,6838,"independent"
14,6839,"independent"
8,6840,"independent"
10,6841,"independent"
12,6842,"independent"
12,6843,"independent"
12,6844,"independent"
8,6845,"independent"
12,6846,"independent"
12,6847,"independent"
12,6848,"independent"
4,6849,"independent"
12,6850,"independent"
8,6851,"independent"
6,6852,"independent"
10,6853,"independent"
8,6854,"independent"
10,6855,"independent"
10,6856,"independent"
12,6857,"independent"
12,6858,"independent"
10,6859,"independent"
10,6860,"independent"
10,6861,"independent"
12,6862,"independent"
12,6863,"independent"
10,6864,"independent"
12,6865,"independent"
10,6866,"independent"
12,6867,"independent"
6,6868,"independent"
10,6869,"independent"
10,6870,"independent"
10,6871,"independent"
8,6872,"independent"
12,6873,"independent"
10,6874,"independent"
10,6875,"independent"
8,6876,"independent"
12,6877,"independent"
10,6878,"independent"
12,6879,"independent"
6,6880,"independent"
10,6881,"independent"
8,6882,"independent"
10,6883,"independent"
10,6884,"independent"
10,6885,"independent"
12,6886,"independent"
8,6887,"independent"
10,6888,"independent"
10,6889,"independent"
12,6890,"independent"
10,6891,"independent"
8,6892,"independent"
12,6893,"independent"
10,6894,"independent"
6,6895,"independent"
8,6896,"independent"
12,6897,"independent"
8,6898,"independent"
12,6899,"independent"
12,6900,"independent"
10,6901,"independent"
6,6902,"independent"
12,6903,"independent"
12,6904,"independent"
10,6905,"independent"
12,6906,"independent"
10,6907,"independent"
12,6908,"independent"
8,6909,"independent"
6,6910,"independent"
8,6911,"independent"
8,6912,"independent"
12,6913,"independent"
10,6914,"independent"
10,6915,"independent"
10,6916,"independent"
8,6917,"independent"
10,6918,"independent"
12,6919,"independent"
8,6920,"independent"
8,6921,"independent"
8,6922,"independent"
12,6923,"independent"
12,6924,"independent"
12,6925,"independent"
10,6926,"independent"
10,6927,"independent"
10,6928,"independent"
8,6929,"independent"
10,6930,"independent"
8,6931,"independent"
10,6932,"independent"
10,6933,"independent"
10,6934,"independent"
6,6935,"independent"
8,6936,"independent"
8,6937,"independent"
10,6938,"independent"
10,6939,"independent"
10,6940,"independent"
8,6941,"independent"
12,6942,"independent"
12,6943,"independent"
6,6944,"independent"
8,6945,"independent"
12,6946,"independent"
14,6947,"independent"
10,6948,"independent"
10,6949,"independent"
10,6950,"independent"
10,6951,"independent"
8,6952,"independent"
12,6953,"independent"
6,6954,"independent"
8,6955,"independent"
14,6956,"independent"
10,6957,"independent"
10,6958,"independent"
12,6959,"independent"
8,6960,"independent"
10,6961,"independent"
8,6962,"independent"
6,6963,"independent"
12,6964,"independent"
10,6965,"independent"
10,6966,"independent"
12,6967,"independent"
10,6968,"independent"
6,6969,"independent"
10,6970,"independent"
6,6971,"independent"
8,6972,"independent"
10,6973,"independent"
10,6974,"independent"
10,6975,"independent"
10,6976,"independent"
12,6977,"independent"
10,6978,"independent"
12,6979,"independent"
6,6980,"independent"
10,6981,"independent"
10,6982,"independent"
8,6983,"independent"
10,6984,"independent"
8,6985,"independent"
8,6986,"independent"
10,6987,"independent"
8,6988,"independent"
10,6989,"independent"
10,6990,"independent"
8,6991,"independent"
8,6992,"independent"
12,6993,"independent"
8,6994,"independent"
10,6995,"independent"
12,6996,"independent"
10,6997,"independent"
10,6998,"independent"
6,6999,"independent"
8,7000,"independent"
12,7001,"independent"
8,7002,"independent"
10,7003,"independent"
12,7004,"independent"
12,7005,"independent"
10,7006,"independent"
6,7007,"independent"
10,7008,"independent"
12,7009,"independent"
10,7010,"independent"
8,7011,"independent"
10,7012,"independent"
12,7013,"independent"
8,7014,"independent"
10,7015,"independent"
6,7016,"independent"
10,7017,"independent"
6,7018,"independent"
8,7019,"independent"
10,7020,"independent"
6,7021,"independent"
10,7022,"independent"
12,7023,"independent"
10,7024,"independent"
10,7025,"independent"
12,7026,"independent"
10,7027,"independent"
10,7028,"independent"
12,7029,"independent"
10,7030,"independent"
14,7031,"independent"
12,7032,"independent"
8,7033,"independent"
10,7034,"independent"
6,7035,"independent"
10,7036,"independent"
8,7037,"independent"
8,7038,"independent"
8,7039,"independent"
8,7040,"independent"
12,7041,"independent"
12,7042,"independent"
10,7043,"independent"
8,7044,"independent"
10,7045,"independent"
12,7046,"independent"
10,7047,"independent"
10,7048,"independent"
8,7049,"independent"
10,7050,"independent"
10,7051,"independent"
10,7052,"independent"
10,7053,"independent"
8,7054,"independent"
12,7055,"independent"
12,7056,"independent"
8,7057,"independent"
12,7058,"independent"
8,7059,"independent"
10,7060,"independent"
14,7061,"independent"
8,7062,"independent"
6,7063,"independent"
6,7064,"independent"
10,7065,"independent"
10,7066,"independent"
10,7067,"independent"
10,7068,"independent"
10,7069,"independent"
12,7070,"independent"
10,7071,"independent"
8,7072,"independent"
12,7073,"independent"
12,7074,"independent"
10,7075,"independent"
12,7076,"independent"
12,7077,"independent"
10,7078,"independent"
10,7079,"independent"
10,7080,"independent"
12,7081,"independent"
10,7082,"independent"
10,7083,"independent"
10,7084,"independent"
8,7085,"independent"
10,7086,"independent"
10,7087,"independent"
10,7088,"independent"
10,7089,"independent"
8,7090,"independent"
14,7091,"independent"
10,7092,"independent"
10,7093,"independent"
14,7094,"independent"
6,7095,"independent"
4,7096,"independent"
12,7097,"independent"
8,7098,"independent"
8,7099,"independent"
4,7100,"independent"
12,7101,"independent"
6,7102,"independent"
10,7103,"independent"
8,7104,"independent"
10,7105,"independent"
10,7106,"independent"
12,7107,"independent"
10,7108,"independent"
12,7109,"independent"
10,7110,"independent"
10,7111,"independent"
12,7112,"independent"
10,7113,"independent"
10,7114,"independent"
10,7115,"independent"
12,7116,"independent"
10,7117,"independent"
10,7118,"independent"
12,7119,"independent"
12,7120,"independent"
10,7121,"independent"
12,7122,"independent"
10,7123,"independent"
10,7124,"independent"
12,7125,"independent"
10,7126,"independent"
12,7127,"independent"
10,7128,"independent"
12,7129,"independent"
10,7130,"independent"
8,7131,"independent"
12,7132,"independent"
8,7133,"independent"
10,7134,"independent"
12,7135,"independent"
10,7136,"independent"
12,7137,"independent"
10,7138,"independent"
6,7139,"independent"
10,7140,"independent"
12,7141,"independent"
8,7142,"independent"
12,7143,"independent"
8,7144,"independent"
12,7145,"independent"
12,7146,"independent"
12,7147,"independent"
12,7148,"independent"
10,7149,"independent"
10,7150,"independent"
10,7151,"independent"
6,7152,"independent"
10,7153,"independent"
10,7154,"independent"
10,7155,"independent"
8,7156,"independent"
8,7157,"independent"
8,7158,"independent"
10,7159,"independent"
12,7160,"independent"
10,7161,"independent"
8,7162,"independent"
8,7163,"independent"
10,7164,"independent"
10,7165,"independent"
12,7166,"independent"
8,7167,"independent"
12,7168,"independent"
10,7169,"independent"
8,7170,"independent"
10,7171,"independent"
8,7172,"independent"
10,7173,"independent"
8,7174,"independent"
10,7175,"independent"
10,7176,"independent"
12,7177,"independent"
10,7178,"independent"
10,7179,"independent"
10,7180,"independent"
10,7181,"independent"
10,7182,"independent"
12,7183,"independent"
8,7184,"independent"
12,7185,"independent"
8,7186,"independent"
10,7187,"independent"
10,7188,"independent"
10,7189,"independent"
6,7190,"independent"
12,7191,"independent"
10,7192,"independent"
8,7193,"independent"
10,7194,"independent"
12,7195,"independent"
12,7196,"independent"
10,7197,"independent"
4,7198,"independent"
12,7199,"independent"
8,7200,"independent"
8,7201,"independent"
12,7202,"independent"
12,7203,"independent"
10,7204,"independent"
10,7205,"independent"
8,7206,"independent"
10,7207,"independent"
10,7208,"independent"
8,7209,"independent"
12,7210,"independent"
12,7211,"independent"
8,7212,"independent"
10,7213,"independent"
10,7214,"independent"
10,7215,"independent"
10,7216,"independent"
4,7217,"independent"
10,7218,"independent"
10,7219,"independent"
12,7220,"independent"
10,7221,"independent"
10,7222,"independent"
10,7223,"independent"
8,7224,"independent"
12,7225,"independent"
10,7226,"independent"
8,7227,"independent"
10,7228,"independent"
8,7229,"independent"
10,7230,"independent"
12,7231,"independent"
12,7232,"independent"
8,7233,"independent"
6,7234,"independent"
8,7235,"independent"
6,7236,"independent"
12,7237,"independent"
12,7238,"independent"
10,7239,"independent"
8,7240,"independent"
6,7241,"independent"
8,7242,"independent"
10,7243,"independent"
12,7244,"independent"
14,7245,"independent"
8,7246,"independent"
10,7247,"independent"
14,7248,"independent"
10,7249,"independent"
10,7250,"independent"
8,7251,"independent"
10,7252,"independent"
12,7253,"independent"
10,7254,"independent"
12,7255,"independent"
10,7256,"independent"
8,7257,"independent"
10,7258,"independent"
10,7259,"independent"
10,7260,"independent"
10,7261,"independent"
8,7262,"independent"
10,7263,"independent"
10,7264,"independent"
10,7265,"independent"
12,7266,"independent"
10,7267,"independent"
12,7268,"independent"
12,7269,"independent"
12,7270,"independent"
8,7271,"independent"
12,7272,"independent"
10,7273,"independent"
8,7274,"independent"
8,7275,"independent"
12,7276,"independent"
10,7277,"independent"
8,7278,"independent"
6,7279,"independent"
12,7280,"independent"
6,7281,"independent"
6,7282,"independent"
10,7283,"independent"
10,7284,"independent"
8,7285,"independent"
12,7286,"independent"
10,7287,"independent"
12,7288,"independent"
10,7289,"independent"
12,7290,"independent"
8,7291,"independent"
4,7292,"independent"
8,7293,"independent"
8,7294,"independent"
10,7295,"independent"
12,7296,"independent"
10,7297,"independent"
10,7298,"independent"
12,7299,"independent"
12,7300,"independent"
8,7301,"independent"
10,7302,"independent"
12,7303,"independent"
10,7304,"independent"
10,7305,"independent"
8,7306,"independent"
12,7307,"independent"
12,7308,"independent"
8,7309,"independent"
12,7310,"independent"
4,7311,"independent"
10,7312,"independent"
12,7313,"independent"
12,7314,"independent"
12,7315,"independent"
10,7316,"independent"
6,7317,"independent"
12,7318,"independent"
10,7319,"independent"
8,7320,"independent"
10,7321,"independent"
4,7322,"independent"
6,7323,"independent"
8,7324,"independent"
8,7325,"independent"
12,7326,"independent"
12,7327,"independent"
12,7328,"independent"
10,7329,"independent"
6,7330,"independent"
8,7331,"independent"
8,7332,"independent"
10,7333,"independent"
6,7334,"independent"
8,7335,"independent"
10,7336,"independent"
10,7337,"independent"
6,7338,"independent"
8,7339,"independent"
4,7340,"independent"
6,7341,"independent"
8,7342,"independent"
12,7343,"independent"
10,7344,"independent"
12,7345,"independent"
8,7346,"independent"
10,7347,"independent"
8,7348,"independent"
12,7349,"independent"
12,7350,"independent"
8,7351,"independent"
12,7352,"independent"
10,7353,"independent"
12,7354,"independent"
8,7355,"independent"
10,7356,"independent"
8,7357,"independent"
10,7358,"independent"
10,7359,"independent"
6,7360,"independent"
10,7361,"independent"
8,7362,"independent"
8,7363,"independent"
8,7364,"independent"
10,7365,"independent"
10,7366,"independent"
12,7367,"independent"
12,7368,"independent"
8,7369,"independent"
10,7370,"independent"
10,7371,"independent"
8,7372,"independent"
10,7373,"independent"
8,7374,"independent"
12,7375,"independent"
12,7376,"independent"
10,7377,"independent"
10,7378,"independent"
10,7379,"independent"
8,7380,"independent"
12,7381,"independent"
10,7382,"independent"
10,7383,"independent"
12,7384,"independent"
10,7385,"independent"
10,7386,"independent"
10,7387,"independent"
10,7388,"independent"
10,7389,"independent"
10,7390,"independent"
4,7391,"independent"
12,7392,"independent"
8,7393,"independent"
10,7394,"independent"
10,7395,"independent"
12,7396,"independent"
14,7397,"independent"
8,7398,"independent"
10,7399,"independent"
10,7400,"independent"
6,7401,"independent"
8,7402,"independent"
10,7403,"independent"
10,7404,"independent"
12,7405,"independent"
10,7406,"independent"
10,7407,"independent"
12,7408,"independent"
10,7409,"independent"
10,7410,"independent"
12,7411,"independent"
10,7412,"independent"
8,7413,"independent"
10,7414,"independent"
10,7415,"independent"
10,7416,"independent"
10,7417,"independent"
12,7418,"independent"
8,7419,"independent"
8,7420,"independent"
10,7421,"independent"
10,7422,"independent"
12,7423,"independent"
10,7424,"independent"
12,7425,"independent"
8,7426,"independent"
8,7427,"independent"
12,7428,"independent"
8,7429,"independent"
10,7430,"independent"
10,7431,"independent"
10,7432,"independent"
12,7433,"independent"
14,7434,"independent"
12,7435,"independent"
12,7436,"independent"
12,7437,"independent"
6,7438,"independent"
10,7439,"independent"
8,7440,"independent"
12,7441,"independent"
10,7442,"independent"
8,7443,"independent"
8,7444,"independent"
10,7445,"independent"
8,7446,"independent"
10,7447,"independent"
10,7448,"independent"
10,7449,"independent"
10,7450,"independent"
10,7451,"independent"
10,7452,"independent"
8,7453,"independent"
10,7454,"independent"
10,7455,"independent"
8,7456,"independent"
8,7457,"independent"
10,7458,"independent"
10,7459,"independent"
12,7460,"independent"
6,7461,"independent"
12,7462,"independent"
12,7463,"independent"
12,7464,"independent"
12,7465,"independent"
8,7466,"independent"
10,7467,"independent"
10,7468,"independent"
12,7469,"independent"
10,7470,"independent"
10,7471,"independent"
8,7472,"independent"
12,7473,"independent"
10,7474,"independent"
10,7475,"independent"
12,7476,"independent"
12,7477,"independent"
12,7478,"independent"
8,7479,"independent"
10,7480,"independent"
8,7481,"independent"
12,7482,"independent"
8,7483,"independent"
8,7484,"independent"
12,7485,"independent"
8,7486,"independent"
10,7487,"independent"
10,7488,"independent"
8,7489,"independent"
8,7490,"independent"
10,7491,"independent"
8,7492,"independent"
12,7493,"independent"
8,7494,"independent"
12,7495,"independent"
10,7496,"independent"
10,7497,"independent"
10,7498,"independent"
8,7499,"independent"
10,7500,"independent"
6,7501,"independent"
6,7502,"independent"
6,7503,"independent"
10,7504,"independent"
12,7505,"independent"
12,7506,"independent"
8,7507,"independent"
10,7508,"independent"
10,7509,"independent"
10,7510,"independent"
14,7511,"independent"
12,7512,"independent"
10,7513,"independent"
12,7514,"independent"
8,7515,"independent"
10,7516,"independent"
12,7517,"independent"
12,7518,"independent"
12,7519,"independent"
10,7520,"independent"
12,7521,"independent"
8,7522,"independent"
10,7523,"independent"
8,7524,"independent"
12,7525,"independent"
12,7526,"independent"
10,7527,"independent"
10,7528,"independent"
10,7529,"independent"
6,7530,"independent"
12,7531,"independent"
10,7532,"independent"
12,7533,"independent"
8,7534,"independent"
10,7535,"independent"
10,7536,"independent"
10,7537,"independent"
10,7538,"independent"
12,7539,"independent"
8,7540,"independent"
10,7541,"independent"
8,7542,"independent"
12,7543,"independent"
10,7544,"independent"
10,7545,"independent"
10,7546,"independent"
14,7547,"independent"
10,7548,"independent"
10,7549,"independent"
10,7550,"independent"
10,7551,"independent"
12,7552,"independent"
6,7553,"independent"
10,7554,"independent"
8,7555,"independent"
12,7556,"independent"
10,7557,"independent"
10,7558,"independent"
10,7559,"independent"
8,7560,"independent"
10,7561,"independent"
12,7562,"independent"
10,7563,"independent"
12,7564,"independent"
12,7565,"independent"
8,7566,"independent"
12,7567,"independent"
10,7568,"independent"
4,7569,"independent"
10,7570,"independent"
10,7571,"independent"
10,7572,"independent"
14,7573,"independent"
10,7574,"independent"
10,7575,"independent"
10,7576,"independent"
10,7577,"independent"
8,7578,"independent"
8,7579,"independent"
12,7580,"independent"
10,7581,"independent"
8,7582,"independent"
8,7583,"independent"
10,7584,"independent"
10,7585,"independent"
12,7586,"independent"
8,7587,"independent"
10,7588,"independent"
8,7589,"independent"
8,7590,"independent"
8,7591,"independent"
6,7592,"independent"
10,7593,"independent"
8,7594,"independent"
8,7595,"independent"
12,7596,"independent"
8,7597,"independent"
8,7598,"independent"
10,7599,"independent"
8,7600,"independent"
10,7601,"independent"
12,7602,"independent"
8,7603,"independent"
8,7604,"independent"
4,7605,"independent"
12,7606,"independent"
8,7607,"independent"
10,7608,"independent"
12,7609,"independent"
8,7610,"independent"
10,7611,"independent"
8,7612,"independent"
10,7613,"independent"
10,7614,"independent"
10,7615,"independent"
10,7616,"independent"
4,7617,"independent"
12,7618,"independent"
10,7619,"independent"
6,7620,"independent"
8,7621,"independent"
12,7622,"independent"
6,7623,"independent"
10,7624,"independent"
6,7625,"independent"
12,7626,"independent"
6,7627,"independent"
12,7628,"independent"
10,7629,"independent"
12,7630,"independent"
8,7631,"independent"
10,7632,"independent"
14,7633,"independent"
12,7634,"independent"
8,7635,"independent"
10,7636,"independent"
10,7637,"independent"
6,7638,"independent"
10,7639,"independent"
12,7640,"independent"
10,7641,"independent"
10,7642,"independent"
8,7643,"independent"
10,7644,"independent"
8,7645,"independent"
8,7646,"independent"
10,7647,"independent"
12,7648,"independent"
8,7649,"independent"
12,7650,"independent"
10,7651,"independent"
6,7652,"independent"
6,7653,"independent"
12,7654,"independent"
8,7655,"independent"
10,7656,"independent"
12,7657,"independent"
10,7658,"independent"
10,7659,"independent"
10,7660,"independent"
10,7661,"independent"
10,7662,"independent"
12,7663,"independent"
12,7664,"independent"
12,7665,"independent"
10,7666,"independent"
8,7667,"independent"
12,7668,"independent"
10,7669,"independent"
10,7670,"independent"
10,7671,"independent"
12,7672,"independent"
8,7673,"independent"
6,7674,"independent"
8,7675,"independent"
10,7676,"independent"
12,7677,"independent"
10,7678,"independent"
12,7679,"independent"
10,7680,"independent"
8,7681,"independent"
12,7682,"independent"
8,7683,"independent"
12,7684,"independent"
12,7685,"independent"
10,7686,"independent"
10,7687,"independent"
12,7688,"independent"
10,7689,"independent"
10,7690,"independent"
10,7691,"independent"
10,7692,"independent"
12,7693,"independent"
8,7694,"independent"
12,7695,"independent"
12,7696,"independent"
12,7697,"independent"
10,7698,"independent"
12,7699,"independent"
10,7700,"independent"
6,7701,"independent"
8,7702,"independent"
10,7703,"independent"
6,7704,"independent"
10,7705,"independent"
10,7706,"independent"
10,7707,"independent"
8,7708,"independent"
10,7709,"independent"
10,7710,"independent"
10,7711,"independent"
12,7712,"independent"
12,7713,"independent"
8,7714,"independent"
8,7715,"independent"
10,7716,"independent"
8,7717,"independent"
8,7718,"independent"
12,7719,"independent"
8,7720,"independent"
12,7721,"independent"
8,7722,"independent"
8,7723,"independent"
10,7724,"independent"
12,7725,"independent"
10,7726,"independent"
10,7727,"independent"
10,7728,"independent"
8,7729,"independent"
10,7730,"independent"
8,7731,"independent"
8,7732,"independent"
10,7733,"independent"
10,7734,"independent"
10,7735,"independent"
10,7736,"independent"
12,7737,"independent"
10,7738,"independent"
14,7739,"independent"
12,7740,"independent"
10,7741,"independent"
6,7742,"independent"
12,7743,"independent"
12,7744,"independent"
8,7745,"independent"
4,7746,"independent"
12,7747,"independent"
10,7748,"independent"
8,7749,"independent"
10,7750,"independent"
10,7751,"independent"
8,7752,"independent"
8,7753,"independent"
12,7754,"independent"
12,7755,"independent"
8,7756,"independent"
10,7757,"independent"
10,7758,"independent"
14,7759,"independent"
10,7760,"independent"
8,7761,"independent"
8,7762,"independent"
12,7763,"independent"
8,7764,"independent"
8,7765,"independent"
12,7766,"independent"
12,7767,"independent"
6,7768,"independent"
10,7769,"independent"
6,7770,"independent"
12,7771,"independent"
10,7772,"independent"
6,7773,"independent"
10,7774,"independent"
12,7775,"independent"
4,7776,"independent"
12,7777,"independent"
10,7778,"independent"
6,7779,"independent"
8,7780,"independent"
12,7781,"independent"
12,7782,"independent"
10,7783,"independent"
10,7784,"independent"
8,7785,"independent"
6,7786,"independent"
10,7787,"independent"
12,7788,"independent"
10,7789,"independent"
10,7790,"independent"
8,7791,"independent"
10,7792,"independent"
10,7793,"independent"
12,7794,"independent"
8,7795,"independent"
8,7796,"independent"
10,7797,"independent"
8,7798,"independent"
8,7799,"independent"
12,7800,"independent"
10,7801,"independent"
10,7802,"independent"
10,7803,"independent"
10,7804,"independent"
10,7805,"independent"
10,7806,"independent"
10,7807,"independent"
14,7808,"independent"
12,7809,"independent"
10,7810,"independent"
8,7811,"independent"
8,7812,"independent"
10,7813,"independent"
8,7814,"independent"
10,7815,"independent"
10,7816,"independent"
12,7817,"independent"
10,7818,"independent"
10,7819,"independent"
12,7820,"independent"
8,7821,"independent"
10,7822,"independent"
10,7823,"independent"
10,7824,"independent"
10,7825,"independent"
8,7826,"independent"
6,7827,"independent"
10,7828,"independent"
8,7829,"independent"
10,7830,"independent"
10,7831,"independent"
10,7832,"independent"
8,7833,"independent"
8,7834,"independent"
10,7835,"independent"
8,7836,"independent"
12,7837,"independent"
12,7838,"independent"
12,7839,"independent"
12,7840,"independent"
12,7841,"independent"
12,7842,"independent"
10,7843,"independent"
10,7844,"independent"
10,7845,"independent"
4,7846,"independent"
12,7847,"independent"
10,7848,"independent"
10,7849,"independent"
12,7850,"independent"
12,7851,"independent"
14,7852,"independent"
12,7853,"independent"
10,7854,"independent"
8,7855,"independent"
4,7856,"independent"
6,7857,"independent"
6,7858,"independent"
8,7859,"independent"
8,7860,"independent"
8,7861,"independent"
10,7862,"independent"
8,7863,"independent"
12,7864,"independent"
8,7865,"independent"
8,7866,"independent"
10,7867,"independent"
10,7868,"independent"
8,7869,"independent"
10,7870,"independent"
6,7871,"independent"
8,7872,"independent"
8,7873,"independent"
10,7874,"independent"
8,7875,"independent"
12,7876,"independent"
12,7877,"independent"
12,7878,"independent"
8,7879,"independent"
12,7880,"independent"
10,7881,"independent"
8,7882,"independent"
12,7883,"independent"
14,7884,"independent"
8,7885,"independent"
10,7886,"independent"
10,7887,"independent"
8,7888,"independent"
12,7889,"independent"
12,7890,"independent"
12,7891,"independent"
12,7892,"independent"
8,7893,"independent"
12,7894,"independent"
6,7895,"independent"
12,7896,"independent"
8,7897,"independent"
8,7898,"independent"
10,7899,"independent"
8,7900,"independent"
6,7901,"independent"
8,7902,"independent"
10,7903,"independent"
12,7904,"independent"
6,7905,"independent"
10,7906,"independent"
12,7907,"independent"
10,7908,"independent"
10,7909,"independent"
8,7910,"independent"
10,7911,"independent"
12,7912,"independent"
12,7913,"independent"
10,7914,"independent"
6,7915,"independent"
6,7916,"independent"
8,7917,"independent"
12,7918,"independent"
8,7919,"independent"
8,7920,"independent"
12,7921,"independent"
12,7922,"independent"
12,7923,"independent"
6,7924,"independent"
10,7925,"independent"
8,7926,"independent"
12,7927,"independent"
10,7928,"independent"
6,7929,"independent"
10,7930,"independent"
10,7931,"independent"
10,7932,"independent"
8,7933,"independent"
10,7934,"independent"
12,7935,"independent"
10,7936,"independent"
12,7937,"independent"
10,7938,"independent"
6,7939,"independent"
6,7940,"independent"
8,7941,"independent"
10,7942,"independent"
8,7943,"independent"
12,7944,"independent"
8,7945,"independent"
10,7946,"independent"
12,7947,"independent"
12,7948,"independent"
14,7949,"independent"
10,7950,"independent"
10,7951,"independent"
10,7952,"independent"
12,7953,"independent"
8,7954,"independent"
12,7955,"independent"
12,7956,"independent"
8,7957,"independent"
6,7958,"independent"
12,7959,"independent"
8,7960,"independent"
12,7961,"independent"
12,7962,"independent"
12,7963,"independent"
10,7964,"independent"
8,7965,"independent"
10,7966,"independent"
10,7967,"independent"
8,7968,"independent"
4,7969,"independent"
12,7970,"independent"
8,7971,"independent"
10,7972,"independent"
12,7973,"independent"
12,7974,"independent"
8,7975,"independent"
4,7976,"independent"
14,7977,"independent"
10,7978,"independent"
8,7979,"independent"
10,7980,"independent"
12,7981,"independent"
10,7982,"independent"
8,7983,"independent"
12,7984,"independent"
10,7985,"independent"
8,7986,"independent"
8,7987,"independent"
6,7988,"independent"
10,7989,"independent"
8,7990,"independent"
14,7991,"independent"
10,7992,"independent"
6,7993,"independent"
12,7994,"independent"
10,7995,"independent"
10,7996,"independent"
8,7997,"independent"
12,7998,"independent"
6,7999,"independent"
10,8000,"independent"
10,8001,"independent"
8,8002,"independent"
12,8003,"independent"
12,8004,"independent"
10,8005,"independent"
10,8006,"independent"
12,8007,"independent"
6,8008,"independent"
10,8009,"independent"
14,8010,"independent"
10,8011,"independent"
10,8012,"independent"
8,8013,"independent"
10,8014,"independent"
10,8015,"independent"
6,8016,"independent"
8,8017,"independent"
6,8018,"independent"
10,8019,"independent"
6,8020,"independent"
6,8021,"independent"
12,8022,"independent"
10,8023,"independent"
12,8024,"independent"
10,8025,"independent"
12,8026,"independent"
10,8027,"independent"
10,8028,"independent"
12,8029,"independent"
12,8030,"independent"
10,8031,"independent"
10,8032,"independent"
12,8033,"independent"
10,8034,"independent"
12,8035,"independent"
8,8036,"independent"
8,8037,"independent"
10,8038,"independent"
8,8039,"independent"
8,8040,"independent"
12,8041,"independent"
10,8042,"independent"
10,8043,"independent"
8,8044,"independent"
14,8045,"independent"
2,8046,"independent"
10,8047,"independent"
8,8048,"independent"
10,8049,"independent"
12,8050,"independent"
12,8051,"independent"
8,8052,"independent"
12,8053,"independent"
12,8054,"independent"
10,8055,"independent"
12,8056,"independent"
12,8057,"independent"
10,8058,"independent"
10,8059,"independent"
10,8060,"independent"
12,8061,"independent"
12,8062,"independent"
10,8063,"independent"
8,8064,"independent"
10,8065,"independent"
10,8066,"independent"
6,8067,"independent"
10,8068,"independent"
10,8069,"independent"
8,8070,"independent"
8,8071,"independent"
12,8072,"independent"
10,8073,"independent"
6,8074,"independent"
10,8075,"independent"
10,8076,"independent"
12,8077,"independent"
10,8078,"independent"
8,8079,"independent"
10,8080,"independent"
10,8081,"independent"
12,8082,"independent"
10,8083,"independent"
8,8084,"independent"
8,8085,"independent"
12,8086,"independent"
10,8087,"independent"
8,8088,"independent"
10,8089,"independent"
10,8090,"independent"
6,8091,"independent"
12,8092,"independent"
8,8093,"independent"
6,8094,"independent"
10,8095,"independent"
8,8096,"independent"
8,8097,"independent"
8,8098,"independent"
12,8099,"independent"
12,8100,"independent"
8,8101,"independent"
12,8102,"independent"
8,8103,"independent"
12,8104,"independent"
10,8105,"independent"
12,8106,"independent"
10,8107,"independent"
10,8108,"independent"
12,8109,"independent"
12,8110,"independent"
8,8111,"independent"
10,8112,"independent"
10,8113,"independent"
10,8114,"independent"
8,8115,"independent"
10,8116,"independent"
10,8117,"independent"
10,8118,"independent"
8,8119,"independent"
10,8120,"independent"
12,8121,"independent"
10,8122,"independent"
10,8123,"independent"
10,8124,"independent"
10,8125,"independent"
8,8126,"independent"
10,8127,"independent"
10,8128,"independent"
12,8129,"independent"
6,8130,"independent"
12,8131,"independent"
8,8132,"independent"
8,8133,"independent"
10,8134,"independent"
10,8135,"independent"
4,8136,"independent"
4,8137,"independent"
8,8138,"independent"
10,8139,"independent"
10,8140,"independent"
10,8141,"independent"
10,8142,"independent"
12,8143,"independent"
10,8144,"independent"
10,8145,"independent"
8,8146,"independent"
10,8147,"independent"
10,8148,"independent"
12,8149,"independent"
10,8150,"independent"
10,8151,"independent"
10,8152,"independent"
10,8153,"independent"
12,8154,"independent"
8,8155,"independent"
12,8156,"independent"
12,8157,"independent"
8,8158,"independent"
8,8159,"independent"
10,8160,"independent"
10,8161,"independent"
10,8162,"independent"
8,8163,"independent"
10,8164,"independent"
8,8165,"independent"
12,8166,"independent"
8,8167,"independent"
10,8168,"independent"
14,8169,"independent"
4,8170,"independent"
12,8171,"independent"
12,8172,"independent"
6,8173,"independent"
8,8174,"independent"
8,8175,"independent"
10,8176,"independent"
10,8177,"independent"
12,8178,"independent"
12,8179,"independent"
8,8180,"independent"
6,8181,"independent"
10,8182,"independent"
16,8183,"independent"
14,8184,"independent"
8,8185,"independent"
10,8186,"independent"
8,8187,"independent"
10,8188,"independent"
12,8189,"independent"
10,8190,"independent"
10,8191,"independent"
8,8192,"independent"
10,8193,"independent"
10,8194,"independent"
12,8195,"independent"
12,8196,"independent"
10,8197,"independent"
6,8198,"independent"
10,8199,"independent"
8,8200,"independent"
4,8201,"independent"
10,8202,"independent"
6,8203,"independent"
12,8204,"independent"
12,8205,"independent"
10,8206,"independent"
10,8207,"independent"
10,8208,"independent"
6,8209,"independent"
12,8210,"independent"
12,8211,"independent"
14,8212,"independent"
10,8213,"independent"
12,8214,"independent"
8,8215,"independent"
8,8216,"independent"
12,8217,"independent"
12,8218,"independent"
12,8219,"independent"
10,8220,"independent"
4,8221,"independent"
10,8222,"independent"
10,8223,"independent"
10,8224,"independent"
10,8225,"independent"
12,8226,"independent"
8,8227,"independent"
10,8228,"independent"
10,8229,"independent"
4,8230,"independent"
8,8231,"independent"
4,8232,"independent"
12,8233,"independent"
12,8234,"independent"
10,8235,"independent"
10,8236,"independent"
12,8237,"independent"
12,8238,"independent"
14,8239,"independent"
6,8240,"independent"
12,8241,"independent"
6,8242,"independent"
8,8243,"independent"
10,8244,"independent"
8,8245,"independent"
8,8246,"independent"
10,8247,"independent"
8,8248,"independent"
6,8249,"independent"
10,8250,"independent"
14,8251,"independent"
10,8252,"independent"
8,8253,"independent"
10,8254,"independent"
10,8255,"independent"
8,8256,"independent"
10,8257,"independent"
6,8258,"independent"
10,8259,"independent"
12,8260,"independent"
12,8261,"independent"
4,8262,"independent"
6,8263,"independent"
10,8264,"independent"
10,8265,"independent"
10,8266,"independent"
8,8267,"independent"
6,8268,"independent"
6,8269,"independent"
8,8270,"independent"
10,8271,"independent"
8,8272,"independent"
10,8273,"independent"
12,8274,"independent"
8,8275,"independent"
10,8276,"independent"
12,8277,"independent"
10,8278,"independent"
10,8279,"independent"
10,8280,"independent"
8,8281,"independent"
12,8282,"independent"
6,8283,"independent"
10,8284,"independent"
6,8285,"independent"
8,8286,"independent"
12,8287,"independent"
10,8288,"independent"
10,8289,"independent"
6,8290,"independent"
8,8291,"independent"
10,8292,"independent"
6,8293,"independent"
10,8294,"independent"
12,8295,"independent"
8,8296,"independent"
8,8297,"independent"
12,8298,"independent"
8,8299,"independent"
10,8300,"independent"
10,8301,"independent"
4,8302,"independent"
8,8303,"independent"
10,8304,"independent"
10,8305,"independent"
12,8306,"independent"
10,8307,"independent"
8,8308,"independent"
8,8309,"independent"
10,8310,"independent"
8,8311,"independent"
6,8312,"independent"
4,8313,"independent"
10,8314,"independent"
10,8315,"independent"
10,8316,"independent"
10,8317,"independent"
10,8318,"independent"
10,8319,"independent"
12,8320,"independent"
12,8321,"independent"
10,8322,"independent"
10,8323,"independent"
10,8324,"independent"
6,8325,"independent"
12,8326,"independent"
10,8327,"independent"
10,8328,"independent"
12,8329,"independent"
12,8330,"independent"
10,8331,"independent"
8,8332,"independent"
8,8333,"independent"
12,8334,"independent"
14,8335,"independent"
12,8336,"independent"
6,8337,"independent"
12,8338,"independent"
10,8339,"independent"
8,8340,"independent"
8,8341,"independent"
10,8342,"independent"
10,8343,"independent"
6,8344,"independent"
8,8345,"independent"
12,8346,"independent"
10,8347,"independent"
10,8348,"independent"
10,8349,"independent"
10,8350,"independent"
10,8351,"independent"
6,8352,"independent"
6,8353,"independent"
8,8354,"independent"
10,8355,"independent"
8,8356,"independent"
10,8357,"independent"
10,8358,"independent"
10,8359,"independent"
6,8360,"independent"
8,8361,"independent"
10,8362,"independent"
6,8363,"independent"
10,8364,"independent"
8,8365,"independent"
10,8366,"independent"
12,8367,"independent"
8,8368,"independent"
12,8369,"independent"
12,8370,"independent"
10,8371,"independent"
10,8372,"independent"
12,8373,"independent"
12,8374,"independent"
12,8375,"independent"
10,8376,"independent"
12,8377,"independent"
10,8378,"independent"
12,8379,"independent"
8,8380,"independent"
10,8381,"independent"
6,8382,"independent"
8,8383,"independent"
12,8384,"independent"
10,8385,"independent"
8,8386,"independent"
6,8387,"independent"
10,8388,"independent"
10,8389,"independent"
8,8390,"independent"
10,8391,"independent"
8,8392,"independent"
12,8393,"independent"
10,8394,"independent"
10,8395,"independent"
10,8396,"independent"
10,8397,"independent"
12,8398,"independent"
8,8399,"independent"
10,8400,"independent"
8,8401,"independent"
12,8402,"independent"
6,8403,"independent"
10,8404,"independent"
12,8405,"independent"
8,8406,"independent"
12,8407,"independent"
10,8408,"independent"
12,8409,"independent"
8,8410,"independent"
12,8411,"independent"
10,8412,"independent"
12,8413,"independent"
12,8414,"independent"
8,8415,"independent"
12,8416,"independent"
10,8417,"independent"
10,8418,"independent"
12,8419,"independent"
10,8420,"independent"
10,8421,"independent"
8,8422,"independent"
14,8423,"independent"
8,8424,"independent"
10,8425,"independent"
8,8426,"independent"
8,8427,"independent"
10,8428,"independent"
12,8429,"independent"
12,8430,"independent"
8,8431,"independent"
10,8432,"independent"
10,8433,"independent"
10,8434,"independent"
10,8435,"independent"
10,8436,"independent"
10,8437,"independent"
10,8438,"independent"
8,8439,"independent"
6,8440,"independent"
6,8441,"independent"
10,8442,"independent"
12,8443,"independent"
12,8444,"independent"
8,8445,"independent"
12,8446,"independent"
10,8447,"independent"
12,8448,"independent"
10,8449,"independent"
10,8450,"independent"
10,8451,"independent"
12,8452,"independent"
8,8453,"independent"
10,8454,"independent"
10,8455,"independent"
8,8456,"independent"
10,8457,"independent"
10,8458,"independent"
8,8459,"independent"
10,8460,"independent"
12,8461,"independent"
8,8462,"independent"
12,8463,"independent"
4,8464,"independent"
10,8465,"independent"
10,8466,"independent"
10,8467,"independent"
10,8468,"independent"
10,8469,"independent"
10,8470,"independent"
10,8471,"independent"
6,8472,"independent"
8,8473,"independent"
8,8474,"independent"
10,8475,"independent"
8,8476,"independent"
10,8477,"independent"
8,8478,"independent"
10,8479,"independent"
10,8480,"independent"
6,8481,"independent"
10,8482,"independent"
14,8483,"independent"
10,8484,"independent"
6,8485,"independent"
10,8486,"independent"
10,8487,"independent"
12,8488,"independent"
10,8489,"independent"
10,8490,"independent"
10,8491,"independent"
12,8492,"independent"
12,8493,"independent"
8,8494,"independent"
12,8495,"independent"
12,8496,"independent"
12,8497,"independent"
8,8498,"independent"
8,8499,"independent"
10,8500,"independent"
10,8501,"independent"
8,8502,"independent"
10,8503,"independent"
10,8504,"independent"
8,8505,"independent"
8,8506,"independent"
10,8507,"independent"
10,8508,"independent"
10,8509,"independent"
6,8510,"independent"
8,8511,"independent"
10,8512,"independent"
12,8513,"independent"
6,8514,"independent"
12,8515,"independent"
10,8516,"independent"
12,8517,"independent"
8,8518,"independent"
10,8519,"independent"
10,8520,"independent"
10,8521,"independent"
8,8522,"independent"
12,8523,"independent"
10,8524,"independent"
8,8525,"independent"
10,8526,"independent"
10,8527,"independent"
12,8528,"independent"
10,8529,"independent"
12,8530,"independent"
8,8531,"independent"
8,8532,"independent"
10,8533,"independent"
2,8534,"independent"
8,8535,"independent"
14,8536,"independent"
8,8537,"independent"
10,8538,"independent"
8,8539,"independent"
10,8540,"independent"
12,8541,"independent"
8,8542,"independent"
10,8543,"independent"
12,8544,"independent"
8,8545,"independent"
10,8546,"independent"
10,8547,"independent"
12,8548,"independent"
12,8549,"independent"
6,8550,"independent"
10,8551,"independent"
10,8552,"independent"
12,8553,"independent"
10,8554,"independent"
10,8555,"independent"
10,8556,"independent"
8,8557,"independent"
10,8558,"independent"
8,8559,"independent"
10,8560,"independent"
8,8561,"independent"
12,8562,"independent"
6,8563,"independent"
12,8564,"independent"
8,8565,"independent"
10,8566,"independent"
8,8567,"independent"
10,8568,"independent"
12,8569,"independent"
12,8570,"independent"
10,8571,"independent"
12,8572,"independent"
8,8573,"independent"
10,8574,"independent"
12,8575,"independent"
6,8576,"independent"
10,8577,"independent"
12,8578,"independent"
12,8579,"independent"
8,8580,"independent"
12,8581,"independent"
12,8582,"independent"
10,8583,"independent"
12,8584,"independent"
8,8585,"independent"
10,8586,"independent"
10,8587,"independent"
6,8588,"independent"
10,8589,"independent"
10,8590,"independent"
8,8591,"independent"
8,8592,"independent"
12,8593,"independent"
6,8594,"independent"
6,8595,"independent"
8,8596,"independent"
8,8597,"independent"
12,8598,"independent"
8,8599,"independent"
10,8600,"independent"
10,8601,"independent"
12,8602,"independent"
10,8603,"independent"
12,8604,"independent"
8,8605,"independent"
12,8606,"independent"
10,8607,"independent"
10,8608,"independent"
12,8609,"independent"
8,8610,"independent"
10,8611,"independent"
12,8612,"independent"
12,8613,"independent"
8,8614,"independent"
8,8615,"independent"
10,8616,"independent"
10,8617,"independent"
6,8618,"independent"
8,8619,"independent"
6,8620,"independent"
12,8621,"independent"
14,8622,"independent"
12,8623,"independent"
10,8624,"independent"
6,8625,"independent"
12,8626,"independent"
10,8627,"independent"
10,8628,"independent"
8,8629,"independent"
10,8630,"independent"
10,8631,"independent"
12,8632,"independent"
8,8633,"independent"
6,8634,"independent"
10,8635,"independent"
10,8636,"independent"
12,8637,"independent"
8,8638,"independent"
6,8639,"independent"
12,8640,"independent"
10,8641,"independent"
14,8642,"independent"
8,8643,"independent"
8,8644,"independent"
10,8645,"independent"
10,8646,"independent"
12,8647,"independent"
10,8648,"independent"
8,8649,"independent"
8,8650,"independent"
10,8651,"independent"
8,8652,"independent"
10,8653,"independent"
12,8654,"independent"
12,8655,"independent"
10,8656,"independent"
10,8657,"independent"
12,8658,"independent"
12,8659,"independent"
4,8660,"independent"
10,8661,"independent"
10,8662,"independent"
4,8663,"independent"
10,8664,"independent"
8,8665,"independent"
12,8666,"independent"
12,8667,"independent"
12,8668,"independent"
12,8669,"independent"
10,8670,"independent"
8,8671,"independent"
12,8672,"independent"
8,8673,"independent"
10,8674,"independent"
10,8675,"independent"
10,8676,"independent"
12,8677,"independent"
12,8678,"independent"
12,8679,"independent"
10,8680,"independent"
12,8681,"independent"
12,8682,"independent"
10,8683,"independent"
12,8684,"independent"
12,8685,"independent"
10,8686,"independent"
12,8687,"independent"
8,8688,"independent"
12,8689,"independent"
10,8690,"independent"
10,8691,"independent"
10,8692,"independent"
10,8693,"independent"
8,8694,"independent"
8,8695,"independent"
10,8696,"independent"
8,8697,"independent"
10,8698,"independent"
8,8699,"independent"
10,8700,"independent"
12,8701,"independent"
10,8702,"independent"
12,8703,"independent"
10,8704,"independent"
8,8705,"independent"
10,8706,"independent"
12,8707,"independent"
12,8708,"independent"
8,8709,"independent"
10,8710,"independent"
12,8711,"independent"
8,8712,"independent"
8,8713,"independent"
8,8714,"independent"
10,8715,"independent"
10,8716,"independent"
6,8717,"independent"
10,8718,"independent"
8,8719,"independent"
10,8720,"independent"
10,8721,"independent"
14,8722,"independent"
12,8723,"independent"
8,8724,"independent"
12,8725,"independent"
10,8726,"independent"
8,8727,"independent"
8,8728,"independent"
12,8729,"independent"
8,8730,"independent"
10,8731,"independent"
8,8732,"independent"
10,8733,"independent"
12,8734,"independent"
10,8735,"independent"
10,8736,"independent"
8,8737,"independent"
10,8738,"independent"
12,8739,"independent"
10,8740,"independent"
16,8741,"independent"
12,8742,"independent"
12,8743,"independent"
12,8744,"independent"
10,8745,"independent"
12,8746,"independent"
10,8747,"independent"
12,8748,"independent"
6,8749,"independent"
8,8750,"independent"
12,8751,"independent"
10,8752,"independent"
8,8753,"independent"
6,8754,"independent"
8,8755,"independent"
10,8756,"independent"
12,8757,"independent"
12,8758,"independent"
10,8759,"independent"
10,8760,"independent"
10,8761,"independent"
10,8762,"independent"
12,8763,"independent"
10,8764,"independent"
8,8765,"independent"
10,8766,"independent"
10,8767,"independent"
12,8768,"independent"
12,8769,"independent"
12,8770,"independent"
10,8771,"independent"
12,8772,"independent"
10,8773,"independent"
12,8774,"independent"
8,8775,"independent"
10,8776,"independent"
6,8777,"independent"
12,8778,"independent"
12,8779,"independent"
4,8780,"independent"
10,8781,"independent"
10,8782,"independent"
12,8783,"independent"
12,8784,"independent"
10,8785,"independent"
10,8786,"independent"
12,8787,"independent"
12,8788,"independent"
12,8789,"independent"
8,8790,"independent"
8,8791,"independent"
6,8792,"independent"
10,8793,"independent"
10,8794,"independent"
12,8795,"independent"
10,8796,"independent"
6,8797,"independent"
10,8798,"independent"
12,8799,"independent"
12,8800,"independent"
12,8801,"independent"
10,8802,"independent"
8,8803,"independent"
12,8804,"independent"
10,8805,"independent"
10,8806,"independent"
10,8807,"independent"
12,8808,"independent"
12,8809,"independent"
10,8810,"independent"
12,8811,"independent"
10,8812,"independent"
10,8813,"independent"
12,8814,"independent"
10,8815,"independent"
10,8816,"independent"
10,8817,"independent"
10,8818,"independent"
8,8819,"independent"
12,8820,"independent"
8,8821,"independent"
10,8822,"independent"
12,8823,"independent"
8,8824,"independent"
14,8825,"independent"
10,8826,"independent"
10,8827,"independent"
10,8828,"independent"
8,8829,"independent"
10,8830,"independent"
10,8831,"independent"
12,8832,"independent"
6,8833,"independent"
8,8834,"independent"
14,8835,"independent"
14,8836,"independent"
8,8837,"independent"
8,8838,"independent"
10,8839,"independent"
10,8840,"independent"
10,8841,"independent"
10,8842,"independent"
8,8843,"independent"
12,8844,"independent"
12,8845,"independent"
10,8846,"independent"
10,8847,"independent"
10,8848,"independent"
10,8849,"independent"
10,8850,"independent"
6,8851,"independent"
10,8852,"independent"
8,8853,"independent"
12,8854,"independent"
10,8855,"independent"
10,8856,"independent"
12,8857,"independent"
10,8858,"independent"
10,8859,"independent"
12,8860,"independent"
12,8861,"independent"
12,8862,"independent"
10,8863,"independent"
10,8864,"independent"
10,8865,"independent"
10,8866,"independent"
10,8867,"independent"
6,8868,"independent"
14,8869,"independent"
8,8870,"independent"
10,8871,"independent"
10,8872,"independent"
10,8873,"independent"
10,8874,"independent"
4,8875,"independent"
8,8876,"independent"
8,8877,"independent"
12,8878,"independent"
10,8879,"independent"
14,8880,"independent"
8,8881,"independent"
10,8882,"independent"
10,8883,"independent"
8,8884,"independent"
12,8885,"independent"
8,8886,"independent"
8,8887,"independent"
10,8888,"independent"
12,8889,"independent"
8,8890,"independent"
8,8891,"independent"
10,8892,"independent"
12,8893,"independent"
10,8894,"independent"
10,8895,"independent"
12,8896,"independent"
10,8897,"independent"
8,8898,"independent"
8,8899,"independent"
10,8900,"independent"
10,8901,"independent"
8,8902,"independent"
10,8903,"independent"
8,8904,"independent"
12,8905,"independent"
8,8906,"independent"
12,8907,"independent"
8,8908,"independent"
10,8909,"independent"
12,8910,"independent"
10,8911,"independent"
8,8912,"independent"
12,8913,"independent"
8,8914,"independent"
8,8915,"independent"
10,8916,"independent"
10,8917,"independent"
10,8918,"independent"
10,8919,"independent"
12,8920,"independent"
8,8921,"independent"
10,8922,"independent"
10,8923,"independent"
12,8924,"independent"
10,8925,"independent"
10,8926,"independent"
12,8927,"independent"
10,8928,"independent"
10,8929,"independent"
12,8930,"independent"
12,8931,"independent"
8,8932,"independent"
10,8933,"independent"
12,8934,"independent"
6,8935,"independent"
10,8936,"independent"
4,8937,"independent"
12,8938,"independent"
12,8939,"independent"
8,8940,"independent"
10,8941,"independent"
10,8942,"independent"
8,8943,"independent"
10,8944,"independent"
10,8945,"independent"
12,8946,"independent"
8,8947,"independent"
12,8948,"independent"
10,8949,"independent"
12,8950,"independent"
8,8951,"independent"
10,8952,"independent"
6,8953,"independent"
10,8954,"independent"
10,8955,"independent"
12,8956,"independent"
8,8957,"independent"
8,8958,"independent"
10,8959,"independent"
10,8960,"independent"
12,8961,"independent"
8,8962,"independent"
6,8963,"independent"
10,8964,"independent"
12,8965,"independent"
12,8966,"independent"
12,8967,"independent"
8,8968,"independent"
8,8969,"independent"
10,8970,"independent"
10,8971,"independent"
8,8972,"independent"
6,8973,"independent"
12,8974,"independent"
12,8975,"independent"
10,8976,"independent"
6,8977,"independent"
8,8978,"independent"
8,8979,"independent"
10,8980,"independent"
10,8981,"independent"
10,8982,"independent"
6,8983,"independent"
8,8984,"independent"
4,8985,"independent"
12,8986,"independent"
8,8987,"independent"
12,8988,"independent"
12,8989,"independent"
12,8990,"independent"
8,8991,"independent"
10,8992,"independent"
12,8993,"independent"
8,8994,"independent"
10,8995,"independent"
10,8996,"independent"
10,8997,"independent"
12,8998,"independent"
12,8999,"independent"
8,9000,"independent"
8,9001,"independent"
