"RF","tree_id","dataset"
20,1,"independent"
14,2,"independent"
14,3,"independent"
18,4,"independent"
18,5,"independent"
20,6,"independent"
18,7,"independent"
20,8,"independent"
16,9,"independent"
20,10,"independent"
18,11,"independent"
26,12,"independent"
20,13,"independent"
14,14,"independent"
14,15,"independent"
20,16,"independent"
16,17,"independent"
18,18,"independent"
16,19,"independent"
22,20,"independent"
16,21,"independent"
14,22,"independent"
22,23,"independent"
18,24,"independent"
20,25,"independent"
12,26,"independent"
16,27,"independent"
22,28,"independent"
14,29,"independent"
18,30,"independent"
22,31,"independent"
20,32,"independent"
26,33,"independent"
18,34,"independent"
16,35,"independent"
12,36,"independent"
18,37,"independent"
12,38,"independent"
22,39,"independent"
16,40,"independent"
20,41,"independent"
16,42,"independent"
12,43,"independent"
14,44,"independent"
24,45,"independent"
20,46,"independent"
20,47,"independent"
20,48,"independent"
20,49,"independent"
18,50,"independent"
18,51,"independent"
16,52,"independent"
16,53,"independent"
20,54,"independent"
20,55,"independent"
16,56,"independent"
16,57,"independent"
18,58,"independent"
14,59,"independent"
16,60,"independent"
16,61,"independent"
18,62,"independent"
20,63,"independent"
26,64,"independent"
20,65,"independent"
14,66,"independent"
14,67,"independent"
16,68,"independent"
20,69,"independent"
22,70,"independent"
18,71,"independent"
16,72,"independent"
20,73,"independent"
16,74,"independent"
16,75,"independent"
24,76,"independent"
20,77,"independent"
14,78,"independent"
18,79,"independent"
18,80,"independent"
20,81,"independent"
20,82,"independent"
16,83,"independent"
16,84,"independent"
18,85,"independent"
18,86,"independent"
16,87,"independent"
18,88,"independent"
16,89,"independent"
24,90,"independent"
18,91,"independent"
16,92,"independent"
22,93,"independent"
16,94,"independent"
14,95,"independent"
16,96,"independent"
20,97,"independent"
18,98,"independent"
16,99,"independent"
18,100,"independent"
16,101,"independent"
18,102,"independent"
16,103,"independent"
16,104,"independent"
20,105,"independent"
22,106,"independent"
20,107,"independent"
22,108,"independent"
20,109,"independent"
16,110,"independent"
22,111,"independent"
20,112,"independent"
16,113,"independent"
22,114,"independent"
22,115,"independent"
20,116,"independent"
12,117,"independent"
12,118,"independent"
20,119,"independent"
18,120,"independent"
18,121,"independent"
14,122,"independent"
20,123,"independent"
12,124,"independent"
18,125,"independent"
22,126,"independent"
20,127,"independent"
24,128,"independent"
24,129,"independent"
20,130,"independent"
18,131,"independent"
12,132,"independent"
18,133,"independent"
20,134,"independent"
22,135,"independent"
16,136,"independent"
12,137,"independent"
18,138,"independent"
18,139,"independent"
20,140,"independent"
18,141,"independent"
16,142,"independent"
20,143,"independent"
22,144,"independent"
18,145,"independent"
18,146,"independent"
18,147,"independent"
22,148,"independent"
20,149,"independent"
18,150,"independent"
24,151,"independent"
20,152,"independent"
16,153,"independent"
20,154,"independent"
22,155,"independent"
18,156,"independent"
16,157,"independent"
16,158,"independent"
14,159,"independent"
18,160,"independent"
22,161,"independent"
20,162,"independent"
14,163,"independent"
22,164,"independent"
18,165,"independent"
14,166,"independent"
18,167,"independent"
14,168,"independent"
24,169,"independent"
14,170,"independent"
18,171,"independent"
16,172,"independent"
12,173,"independent"
18,174,"independent"
24,175,"independent"
16,176,"independent"
14,177,"independent"
12,178,"independent"
22,179,"independent"
16,180,"independent"
14,181,"independent"
18,182,"independent"
20,183,"independent"
14,184,"independent"
14,185,"independent"
20,186,"independent"
22,187,"independent"
18,188,"independent"
18,189,"independent"
20,190,"independent"
16,191,"independent"
16,192,"independent"
22,193,"independent"
18,194,"independent"
20,195,"independent"
14,196,"independent"
26,197,"independent"
16,198,"independent"
20,199,"independent"
16,200,"independent"
18,201,"independent"
18,202,"independent"
16,203,"independent"
20,204,"independent"
18,205,"independent"
18,206,"independent"
14,207,"independent"
18,208,"independent"
16,209,"independent"
22,210,"independent"
16,211,"independent"
16,212,"independent"
18,213,"independent"
20,214,"independent"
16,215,"independent"
16,216,"independent"
20,217,"independent"
12,218,"independent"
20,219,"independent"
18,220,"independent"
14,221,"independent"
16,222,"independent"
18,223,"independent"
22,224,"independent"
20,225,"independent"
14,226,"independent"
18,227,"independent"
12,228,"independent"
20,229,"independent"
14,230,"independent"
18,231,"independent"
16,232,"independent"
14,233,"independent"
16,234,"independent"
22,235,"independent"
20,236,"independent"
16,237,"independent"
20,238,"independent"
16,239,"independent"
16,240,"independent"
22,241,"independent"
16,242,"independent"
18,243,"independent"
20,244,"independent"
20,245,"independent"
16,246,"independent"
16,247,"independent"
20,248,"independent"
18,249,"independent"
14,250,"independent"
16,251,"independent"
16,252,"independent"
20,253,"independent"
22,254,"independent"
14,255,"independent"
22,256,"independent"
12,257,"independent"
18,258,"independent"
20,259,"independent"
14,260,"independent"
18,261,"independent"
22,262,"independent"
16,263,"independent"
16,264,"independent"
18,265,"independent"
16,266,"independent"
18,267,"independent"
20,268,"independent"
14,269,"independent"
26,270,"independent"
20,271,"independent"
20,272,"independent"
22,273,"independent"
16,274,"independent"
18,275,"independent"
18,276,"independent"
20,277,"independent"
20,278,"independent"
16,279,"independent"
18,280,"independent"
18,281,"independent"
14,282,"independent"
20,283,"independent"
20,284,"independent"
20,285,"independent"
20,286,"independent"
16,287,"independent"
18,288,"independent"
22,289,"independent"
22,290,"independent"
26,291,"independent"
14,292,"independent"
16,293,"independent"
16,294,"independent"
14,295,"independent"
26,296,"independent"
18,297,"independent"
18,298,"independent"
14,299,"independent"
16,300,"independent"
16,301,"independent"
18,302,"independent"
18,303,"independent"
22,304,"independent"
18,305,"independent"
18,306,"independent"
24,307,"independent"
18,308,"independent"
22,309,"independent"
14,310,"independent"
18,311,"independent"
16,312,"independent"
22,313,"independent"
18,314,"independent"
14,315,"independent"
16,316,"independent"
16,317,"independent"
16,318,"independent"
18,319,"independent"
16,320,"independent"
16,321,"independent"
18,322,"independent"
16,323,"independent"
10,324,"independent"
16,325,"independent"
16,326,"independent"
24,327,"independent"
26,328,"independent"
12,329,"independent"
14,330,"independent"
20,331,"independent"
14,332,"independent"
16,333,"independent"
22,334,"independent"
16,335,"independent"
20,336,"independent"
16,337,"independent"
18,338,"independent"
18,339,"independent"
10,340,"independent"
24,341,"independent"
18,342,"independent"
14,343,"independent"
16,344,"independent"
20,345,"independent"
18,346,"independent"
16,347,"independent"
22,348,"independent"
20,349,"independent"
20,350,"independent"
20,351,"independent"
14,352,"independent"
20,353,"independent"
10,354,"independent"
18,355,"independent"
24,356,"independent"
20,357,"independent"
20,358,"independent"
22,359,"independent"
20,360,"independent"
20,361,"independent"
20,362,"independent"
22,363,"independent"
16,364,"independent"
14,365,"independent"
18,366,"independent"
16,367,"independent"
20,368,"independent"
16,369,"independent"
22,370,"independent"
16,371,"independent"
18,372,"independent"
16,373,"independent"
20,374,"independent"
12,375,"independent"
14,376,"independent"
14,377,"independent"
20,378,"independent"
14,379,"independent"
18,380,"independent"
18,381,"independent"
12,382,"independent"
22,383,"independent"
22,384,"independent"
16,385,"independent"
12,386,"independent"
20,387,"independent"
12,388,"independent"
12,389,"independent"
18,390,"independent"
24,391,"independent"
18,392,"independent"
24,393,"independent"
12,394,"independent"
14,395,"independent"
22,396,"independent"
20,397,"independent"
24,398,"independent"
22,399,"independent"
20,400,"independent"
20,401,"independent"
20,402,"independent"
18,403,"independent"
20,404,"independent"
14,405,"independent"
18,406,"independent"
18,407,"independent"
10,408,"independent"
20,409,"independent"
18,410,"independent"
24,411,"independent"
24,412,"independent"
20,413,"independent"
16,414,"independent"
16,415,"independent"
18,416,"independent"
18,417,"independent"
22,418,"independent"
18,419,"independent"
20,420,"independent"
16,421,"independent"
24,422,"independent"
22,423,"independent"
14,424,"independent"
20,425,"independent"
18,426,"independent"
10,427,"independent"
14,428,"independent"
18,429,"independent"
20,430,"independent"
22,431,"independent"
18,432,"independent"
18,433,"independent"
20,434,"independent"
20,435,"independent"
18,436,"independent"
20,437,"independent"
20,438,"independent"
22,439,"independent"
24,440,"independent"
26,441,"independent"
16,442,"independent"
24,443,"independent"
16,444,"independent"
16,445,"independent"
18,446,"independent"
14,447,"independent"
20,448,"independent"
20,449,"independent"
20,450,"independent"
16,451,"independent"
14,452,"independent"
10,453,"independent"
24,454,"independent"
26,455,"independent"
26,456,"independent"
18,457,"independent"
20,458,"independent"
14,459,"independent"
16,460,"independent"
18,461,"independent"
18,462,"independent"
18,463,"independent"
24,464,"independent"
18,465,"independent"
18,466,"independent"
16,467,"independent"
14,468,"independent"
18,469,"independent"
18,470,"independent"
14,471,"independent"
24,472,"independent"
20,473,"independent"
22,474,"independent"
16,475,"independent"
20,476,"independent"
16,477,"independent"
18,478,"independent"
18,479,"independent"
24,480,"independent"
20,481,"independent"
8,482,"independent"
18,483,"independent"
18,484,"independent"
18,485,"independent"
24,486,"independent"
18,487,"independent"
18,488,"independent"
20,489,"independent"
14,490,"independent"
22,491,"independent"
18,492,"independent"
22,493,"independent"
16,494,"independent"
20,495,"independent"
16,496,"independent"
22,497,"independent"
26,498,"independent"
16,499,"independent"
16,500,"independent"
18,501,"independent"
20,502,"independent"
18,503,"independent"
18,504,"independent"
22,505,"independent"
18,506,"independent"
14,507,"independent"
18,508,"independent"
22,509,"independent"
18,510,"independent"
18,511,"independent"
12,512,"independent"
18,513,"independent"
22,514,"independent"
16,515,"independent"
16,516,"independent"
18,517,"independent"
16,518,"independent"
22,519,"independent"
18,520,"independent"
22,521,"independent"
20,522,"independent"
16,523,"independent"
16,524,"independent"
18,525,"independent"
18,526,"independent"
22,527,"independent"
16,528,"independent"
24,529,"independent"
20,530,"independent"
18,531,"independent"
24,532,"independent"
20,533,"independent"
18,534,"independent"
14,535,"independent"
14,536,"independent"
26,537,"independent"
12,538,"independent"
22,539,"independent"
20,540,"independent"
16,541,"independent"
20,542,"independent"
18,543,"independent"
14,544,"independent"
20,545,"independent"
22,546,"independent"
10,547,"independent"
22,548,"independent"
24,549,"independent"
18,550,"independent"
16,551,"independent"
20,552,"independent"
16,553,"independent"
18,554,"independent"
18,555,"independent"
20,556,"independent"
14,557,"independent"
22,558,"independent"
20,559,"independent"
24,560,"independent"
20,561,"independent"
20,562,"independent"
14,563,"independent"
16,564,"independent"
14,565,"independent"
16,566,"independent"
12,567,"independent"
18,568,"independent"
18,569,"independent"
20,570,"independent"
16,571,"independent"
14,572,"independent"
12,573,"independent"
22,574,"independent"
22,575,"independent"
18,576,"independent"
16,577,"independent"
16,578,"independent"
16,579,"independent"
26,580,"independent"
14,581,"independent"
18,582,"independent"
20,583,"independent"
22,584,"independent"
20,585,"independent"
18,586,"independent"
20,587,"independent"
14,588,"independent"
16,589,"independent"
12,590,"independent"
20,591,"independent"
24,592,"independent"
24,593,"independent"
20,594,"independent"
22,595,"independent"
14,596,"independent"
28,597,"independent"
20,598,"independent"
22,599,"independent"
20,600,"independent"
18,601,"independent"
24,602,"independent"
22,603,"independent"
12,604,"independent"
20,605,"independent"
22,606,"independent"
18,607,"independent"
10,608,"independent"
22,609,"independent"
24,610,"independent"
20,611,"independent"
18,612,"independent"
18,613,"independent"
26,614,"independent"
24,615,"independent"
22,616,"independent"
16,617,"independent"
18,618,"independent"
14,619,"independent"
24,620,"independent"
16,621,"independent"
16,622,"independent"
14,623,"independent"
14,624,"independent"
24,625,"independent"
18,626,"independent"
18,627,"independent"
20,628,"independent"
20,629,"independent"
18,630,"independent"
14,631,"independent"
20,632,"independent"
20,633,"independent"
8,634,"independent"
18,635,"independent"
20,636,"independent"
16,637,"independent"
14,638,"independent"
16,639,"independent"
16,640,"independent"
18,641,"independent"
16,642,"independent"
16,643,"independent"
20,644,"independent"
22,645,"independent"
18,646,"independent"
20,647,"independent"
18,648,"independent"
16,649,"independent"
18,650,"independent"
26,651,"independent"
20,652,"independent"
12,653,"independent"
18,654,"independent"
20,655,"independent"
14,656,"independent"
22,657,"independent"
16,658,"independent"
18,659,"independent"
18,660,"independent"
20,661,"independent"
20,662,"independent"
18,663,"independent"
20,664,"independent"
16,665,"independent"
20,666,"independent"
16,667,"independent"
20,668,"independent"
18,669,"independent"
18,670,"independent"
18,671,"independent"
18,672,"independent"
18,673,"independent"
16,674,"independent"
14,675,"independent"
12,676,"independent"
20,677,"independent"
14,678,"independent"
18,679,"independent"
20,680,"independent"
24,681,"independent"
18,682,"independent"
16,683,"independent"
16,684,"independent"
20,685,"independent"
20,686,"independent"
16,687,"independent"
20,688,"independent"
16,689,"independent"
18,690,"independent"
16,691,"independent"
20,692,"independent"
20,693,"independent"
14,694,"independent"
20,695,"independent"
16,696,"independent"
14,697,"independent"
22,698,"independent"
16,699,"independent"
20,700,"independent"
16,701,"independent"
12,702,"independent"
24,703,"independent"
24,704,"independent"
18,705,"independent"
18,706,"independent"
18,707,"independent"
10,708,"independent"
18,709,"independent"
16,710,"independent"
18,711,"independent"
16,712,"independent"
16,713,"independent"
24,714,"independent"
18,715,"independent"
16,716,"independent"
16,717,"independent"
16,718,"independent"
14,719,"independent"
20,720,"independent"
18,721,"independent"
26,722,"independent"
18,723,"independent"
22,724,"independent"
20,725,"independent"
22,726,"independent"
14,727,"independent"
18,728,"independent"
22,729,"independent"
16,730,"independent"
22,731,"independent"
22,732,"independent"
16,733,"independent"
18,734,"independent"
18,735,"independent"
20,736,"independent"
14,737,"independent"
18,738,"independent"
20,739,"independent"
20,740,"independent"
18,741,"independent"
18,742,"independent"
18,743,"independent"
20,744,"independent"
20,745,"independent"
18,746,"independent"
16,747,"independent"
16,748,"independent"
24,749,"independent"
16,750,"independent"
18,751,"independent"
20,752,"independent"
18,753,"independent"
16,754,"independent"
20,755,"independent"
24,756,"independent"
16,757,"independent"
20,758,"independent"
16,759,"independent"
18,760,"independent"
8,761,"independent"
20,762,"independent"
22,763,"independent"
20,764,"independent"
22,765,"independent"
20,766,"independent"
18,767,"independent"
16,768,"independent"
22,769,"independent"
20,770,"independent"
18,771,"independent"
22,772,"independent"
14,773,"independent"
26,774,"independent"
12,775,"independent"
22,776,"independent"
18,777,"independent"
18,778,"independent"
22,779,"independent"
18,780,"independent"
18,781,"independent"
16,782,"independent"
18,783,"independent"
14,784,"independent"
18,785,"independent"
24,786,"independent"
16,787,"independent"
22,788,"independent"
20,789,"independent"
22,790,"independent"
18,791,"independent"
24,792,"independent"
16,793,"independent"
16,794,"independent"
20,795,"independent"
16,796,"independent"
14,797,"independent"
16,798,"independent"
14,799,"independent"
12,800,"independent"
14,801,"independent"
20,802,"independent"
16,803,"independent"
16,804,"independent"
16,805,"independent"
24,806,"independent"
20,807,"independent"
18,808,"independent"
18,809,"independent"
12,810,"independent"
16,811,"independent"
16,812,"independent"
18,813,"independent"
14,814,"independent"
18,815,"independent"
16,816,"independent"
24,817,"independent"
18,818,"independent"
16,819,"independent"
16,820,"independent"
18,821,"independent"
14,822,"independent"
20,823,"independent"
22,824,"independent"
24,825,"independent"
22,826,"independent"
22,827,"independent"
16,828,"independent"
20,829,"independent"
16,830,"independent"
14,831,"independent"
26,832,"independent"
22,833,"independent"
22,834,"independent"
12,835,"independent"
16,836,"independent"
22,837,"independent"
24,838,"independent"
16,839,"independent"
16,840,"independent"
18,841,"independent"
22,842,"independent"
24,843,"independent"
20,844,"independent"
20,845,"independent"
14,846,"independent"
20,847,"independent"
16,848,"independent"
18,849,"independent"
20,850,"independent"
20,851,"independent"
18,852,"independent"
16,853,"independent"
14,854,"independent"
16,855,"independent"
12,856,"independent"
20,857,"independent"
20,858,"independent"
24,859,"independent"
14,860,"independent"
16,861,"independent"
22,862,"independent"
18,863,"independent"
24,864,"independent"
18,865,"independent"
18,866,"independent"
26,867,"independent"
14,868,"independent"
14,869,"independent"
18,870,"independent"
14,871,"independent"
22,872,"independent"
20,873,"independent"
14,874,"independent"
16,875,"independent"
14,876,"independent"
16,877,"independent"
22,878,"independent"
14,879,"independent"
16,880,"independent"
18,881,"independent"
18,882,"independent"
18,883,"independent"
20,884,"independent"
16,885,"independent"
12,886,"independent"
20,887,"independent"
16,888,"independent"
16,889,"independent"
14,890,"independent"
22,891,"independent"
20,892,"independent"
20,893,"independent"
16,894,"independent"
20,895,"independent"
20,896,"independent"
20,897,"independent"
18,898,"independent"
22,899,"independent"
18,900,"independent"
22,901,"independent"
10,902,"independent"
16,903,"independent"
18,904,"independent"
16,905,"independent"
8,906,"independent"
14,907,"independent"
24,908,"independent"
16,909,"independent"
22,910,"independent"
16,911,"independent"
14,912,"independent"
20,913,"independent"
24,914,"independent"
20,915,"independent"
14,916,"independent"
24,917,"independent"
20,918,"independent"
18,919,"independent"
20,920,"independent"
14,921,"independent"
20,922,"independent"
14,923,"independent"
16,924,"independent"
24,925,"independent"
22,926,"independent"
18,927,"independent"
14,928,"independent"
18,929,"independent"
12,930,"independent"
14,931,"independent"
14,932,"independent"
16,933,"independent"
16,934,"independent"
20,935,"independent"
14,936,"independent"
20,937,"independent"
20,938,"independent"
10,939,"independent"
22,940,"independent"
20,941,"independent"
20,942,"independent"
16,943,"independent"
18,944,"independent"
22,945,"independent"
20,946,"independent"
18,947,"independent"
18,948,"independent"
18,949,"independent"
16,950,"independent"
20,951,"independent"
18,952,"independent"
16,953,"independent"
18,954,"independent"
18,955,"independent"
16,956,"independent"
16,957,"independent"
24,958,"independent"
10,959,"independent"
12,960,"independent"
18,961,"independent"
20,962,"independent"
18,963,"independent"
18,964,"independent"
18,965,"independent"
22,966,"independent"
18,967,"independent"
20,968,"independent"
14,969,"independent"
16,970,"independent"
20,971,"independent"
18,972,"independent"
16,973,"independent"
18,974,"independent"
20,975,"independent"
10,976,"independent"
20,977,"independent"
18,978,"independent"
16,979,"independent"
16,980,"independent"
20,981,"independent"
22,982,"independent"
18,983,"independent"
16,984,"independent"
16,985,"independent"
16,986,"independent"
20,987,"independent"
18,988,"independent"
16,989,"independent"
20,990,"independent"
16,991,"independent"
16,992,"independent"
16,993,"independent"
14,994,"independent"
18,995,"independent"
16,996,"independent"
22,997,"independent"
26,998,"independent"
22,999,"independent"
14,1000,"independent"
18,1001,"independent"
14,1002,"independent"
18,1003,"independent"
18,1004,"independent"
24,1005,"independent"
20,1006,"independent"
18,1007,"independent"
12,1008,"independent"
20,1009,"independent"
14,1010,"independent"
20,1011,"independent"
16,1012,"independent"
20,1013,"independent"
14,1014,"independent"
18,1015,"independent"
18,1016,"independent"
18,1017,"independent"
18,1018,"independent"
16,1019,"independent"
20,1020,"independent"
10,1021,"independent"
14,1022,"independent"
20,1023,"independent"
18,1024,"independent"
22,1025,"independent"
12,1026,"independent"
18,1027,"independent"
14,1028,"independent"
20,1029,"independent"
24,1030,"independent"
20,1031,"independent"
20,1032,"independent"
20,1033,"independent"
16,1034,"independent"
20,1035,"independent"
14,1036,"independent"
18,1037,"independent"
20,1038,"independent"
22,1039,"independent"
12,1040,"independent"
16,1041,"independent"
16,1042,"independent"
24,1043,"independent"
14,1044,"independent"
14,1045,"independent"
16,1046,"independent"
16,1047,"independent"
22,1048,"independent"
20,1049,"independent"
20,1050,"independent"
18,1051,"independent"
20,1052,"independent"
20,1053,"independent"
16,1054,"independent"
12,1055,"independent"
20,1056,"independent"
16,1057,"independent"
16,1058,"independent"
20,1059,"independent"
22,1060,"independent"
18,1061,"independent"
18,1062,"independent"
16,1063,"independent"
20,1064,"independent"
20,1065,"independent"
18,1066,"independent"
20,1067,"independent"
20,1068,"independent"
18,1069,"independent"
18,1070,"independent"
18,1071,"independent"
20,1072,"independent"
22,1073,"independent"
16,1074,"independent"
20,1075,"independent"
24,1076,"independent"
14,1077,"independent"
22,1078,"independent"
12,1079,"independent"
14,1080,"independent"
20,1081,"independent"
20,1082,"independent"
16,1083,"independent"
14,1084,"independent"
20,1085,"independent"
14,1086,"independent"
20,1087,"independent"
22,1088,"independent"
26,1089,"independent"
16,1090,"independent"
24,1091,"independent"
18,1092,"independent"
22,1093,"independent"
18,1094,"independent"
20,1095,"independent"
20,1096,"independent"
18,1097,"independent"
18,1098,"independent"
18,1099,"independent"
18,1100,"independent"
26,1101,"independent"
18,1102,"independent"
20,1103,"independent"
22,1104,"independent"
22,1105,"independent"
18,1106,"independent"
24,1107,"independent"
22,1108,"independent"
20,1109,"independent"
12,1110,"independent"
24,1111,"independent"
16,1112,"independent"
22,1113,"independent"
20,1114,"independent"
12,1115,"independent"
26,1116,"independent"
18,1117,"independent"
22,1118,"independent"
22,1119,"independent"
22,1120,"independent"
18,1121,"independent"
16,1122,"independent"
12,1123,"independent"
16,1124,"independent"
16,1125,"independent"
18,1126,"independent"
16,1127,"independent"
16,1128,"independent"
16,1129,"independent"
20,1130,"independent"
18,1131,"independent"
22,1132,"independent"
16,1133,"independent"
12,1134,"independent"
18,1135,"independent"
16,1136,"independent"
14,1137,"independent"
14,1138,"independent"
16,1139,"independent"
16,1140,"independent"
18,1141,"independent"
10,1142,"independent"
22,1143,"independent"
20,1144,"independent"
16,1145,"independent"
18,1146,"independent"
22,1147,"independent"
22,1148,"independent"
24,1149,"independent"
18,1150,"independent"
18,1151,"independent"
14,1152,"independent"
22,1153,"independent"
14,1154,"independent"
22,1155,"independent"
16,1156,"independent"
24,1157,"independent"
16,1158,"independent"
18,1159,"independent"
16,1160,"independent"
22,1161,"independent"
16,1162,"independent"
20,1163,"independent"
22,1164,"independent"
18,1165,"independent"
16,1166,"independent"
22,1167,"independent"
22,1168,"independent"
14,1169,"independent"
20,1170,"independent"
20,1171,"independent"
18,1172,"independent"
16,1173,"independent"
20,1174,"independent"
20,1175,"independent"
18,1176,"independent"
20,1177,"independent"
18,1178,"independent"
18,1179,"independent"
22,1180,"independent"
20,1181,"independent"
20,1182,"independent"
16,1183,"independent"
14,1184,"independent"
18,1185,"independent"
20,1186,"independent"
22,1187,"independent"
12,1188,"independent"
16,1189,"independent"
14,1190,"independent"
12,1191,"independent"
22,1192,"independent"
16,1193,"independent"
22,1194,"independent"
16,1195,"independent"
16,1196,"independent"
24,1197,"independent"
16,1198,"independent"
18,1199,"independent"
20,1200,"independent"
20,1201,"independent"
20,1202,"independent"
22,1203,"independent"
16,1204,"independent"
14,1205,"independent"
18,1206,"independent"
26,1207,"independent"
26,1208,"independent"
12,1209,"independent"
20,1210,"independent"
14,1211,"independent"
14,1212,"independent"
14,1213,"independent"
16,1214,"independent"
20,1215,"independent"
20,1216,"independent"
20,1217,"independent"
16,1218,"independent"
22,1219,"independent"
20,1220,"independent"
20,1221,"independent"
18,1222,"independent"
20,1223,"independent"
22,1224,"independent"
22,1225,"independent"
22,1226,"independent"
20,1227,"independent"
20,1228,"independent"
16,1229,"independent"
18,1230,"independent"
16,1231,"independent"
14,1232,"independent"
16,1233,"independent"
20,1234,"independent"
20,1235,"independent"
22,1236,"independent"
20,1237,"independent"
20,1238,"independent"
22,1239,"independent"
20,1240,"independent"
16,1241,"independent"
16,1242,"independent"
14,1243,"independent"
22,1244,"independent"
18,1245,"independent"
24,1246,"independent"
20,1247,"independent"
18,1248,"independent"
16,1249,"independent"
16,1250,"independent"
16,1251,"independent"
18,1252,"independent"
24,1253,"independent"
18,1254,"independent"
14,1255,"independent"
20,1256,"independent"
20,1257,"independent"
18,1258,"independent"
22,1259,"independent"
14,1260,"independent"
18,1261,"independent"
20,1262,"independent"
24,1263,"independent"
14,1264,"independent"
16,1265,"independent"
16,1266,"independent"
12,1267,"independent"
12,1268,"independent"
14,1269,"independent"
20,1270,"independent"
18,1271,"independent"
18,1272,"independent"
18,1273,"independent"
20,1274,"independent"
14,1275,"independent"
14,1276,"independent"
20,1277,"independent"
12,1278,"independent"
14,1279,"independent"
20,1280,"independent"
24,1281,"independent"
20,1282,"independent"
16,1283,"independent"
18,1284,"independent"
18,1285,"independent"
22,1286,"independent"
16,1287,"independent"
16,1288,"independent"
16,1289,"independent"
20,1290,"independent"
22,1291,"independent"
14,1292,"independent"
22,1293,"independent"
12,1294,"independent"
16,1295,"independent"
22,1296,"independent"
20,1297,"independent"
20,1298,"independent"
18,1299,"independent"
18,1300,"independent"
16,1301,"independent"
22,1302,"independent"
16,1303,"independent"
24,1304,"independent"
20,1305,"independent"
22,1306,"independent"
18,1307,"independent"
14,1308,"independent"
18,1309,"independent"
16,1310,"independent"
18,1311,"independent"
22,1312,"independent"
18,1313,"independent"
14,1314,"independent"
22,1315,"independent"
12,1316,"independent"
18,1317,"independent"
8,1318,"independent"
18,1319,"independent"
18,1320,"independent"
18,1321,"independent"
16,1322,"independent"
20,1323,"independent"
26,1324,"independent"
18,1325,"independent"
22,1326,"independent"
20,1327,"independent"
14,1328,"independent"
14,1329,"independent"
18,1330,"independent"
14,1331,"independent"
14,1332,"independent"
18,1333,"independent"
22,1334,"independent"
16,1335,"independent"
22,1336,"independent"
16,1337,"independent"
16,1338,"independent"
20,1339,"independent"
20,1340,"independent"
24,1341,"independent"
8,1342,"independent"
22,1343,"independent"
14,1344,"independent"
20,1345,"independent"
12,1346,"independent"
14,1347,"independent"
20,1348,"independent"
16,1349,"independent"
20,1350,"independent"
12,1351,"independent"
18,1352,"independent"
20,1353,"independent"
18,1354,"independent"
16,1355,"independent"
20,1356,"independent"
22,1357,"independent"
14,1358,"independent"
22,1359,"independent"
18,1360,"independent"
24,1361,"independent"
18,1362,"independent"
22,1363,"independent"
20,1364,"independent"
18,1365,"independent"
24,1366,"independent"
18,1367,"independent"
22,1368,"independent"
20,1369,"independent"
16,1370,"independent"
20,1371,"independent"
18,1372,"independent"
14,1373,"independent"
20,1374,"independent"
20,1375,"independent"
20,1376,"independent"
24,1377,"independent"
18,1378,"independent"
14,1379,"independent"
14,1380,"independent"
18,1381,"independent"
18,1382,"independent"
16,1383,"independent"
16,1384,"independent"
16,1385,"independent"
20,1386,"independent"
22,1387,"independent"
16,1388,"independent"
20,1389,"independent"
14,1390,"independent"
14,1391,"independent"
22,1392,"independent"
18,1393,"independent"
18,1394,"independent"
18,1395,"independent"
18,1396,"independent"
20,1397,"independent"
22,1398,"independent"
12,1399,"independent"
22,1400,"independent"
18,1401,"independent"
22,1402,"independent"
16,1403,"independent"
20,1404,"independent"
20,1405,"independent"
18,1406,"independent"
20,1407,"independent"
16,1408,"independent"
22,1409,"independent"
18,1410,"independent"
20,1411,"independent"
20,1412,"independent"
18,1413,"independent"
18,1414,"independent"
20,1415,"independent"
20,1416,"independent"
24,1417,"independent"
18,1418,"independent"
22,1419,"independent"
18,1420,"independent"
18,1421,"independent"
18,1422,"independent"
22,1423,"independent"
20,1424,"independent"
20,1425,"independent"
16,1426,"independent"
20,1427,"independent"
18,1428,"independent"
14,1429,"independent"
10,1430,"independent"
16,1431,"independent"
16,1432,"independent"
20,1433,"independent"
18,1434,"independent"
24,1435,"independent"
16,1436,"independent"
18,1437,"independent"
14,1438,"independent"
16,1439,"independent"
18,1440,"independent"
12,1441,"independent"
12,1442,"independent"
18,1443,"independent"
20,1444,"independent"
16,1445,"independent"
18,1446,"independent"
20,1447,"independent"
16,1448,"independent"
18,1449,"independent"
20,1450,"independent"
16,1451,"independent"
22,1452,"independent"
14,1453,"independent"
16,1454,"independent"
24,1455,"independent"
18,1456,"independent"
22,1457,"independent"
18,1458,"independent"
16,1459,"independent"
14,1460,"independent"
14,1461,"independent"
24,1462,"independent"
14,1463,"independent"
20,1464,"independent"
16,1465,"independent"
18,1466,"independent"
16,1467,"independent"
18,1468,"independent"
24,1469,"independent"
26,1470,"independent"
18,1471,"independent"
20,1472,"independent"
18,1473,"independent"
20,1474,"independent"
20,1475,"independent"
12,1476,"independent"
16,1477,"independent"
18,1478,"independent"
22,1479,"independent"
22,1480,"independent"
20,1481,"independent"
20,1482,"independent"
20,1483,"independent"
14,1484,"independent"
18,1485,"independent"
20,1486,"independent"
14,1487,"independent"
22,1488,"independent"
20,1489,"independent"
18,1490,"independent"
18,1491,"independent"
22,1492,"independent"
18,1493,"independent"
18,1494,"independent"
14,1495,"independent"
22,1496,"independent"
20,1497,"independent"
20,1498,"independent"
16,1499,"independent"
24,1500,"independent"
26,1501,"independent"
20,1502,"independent"
20,1503,"independent"
22,1504,"independent"
20,1505,"independent"
16,1506,"independent"
20,1507,"independent"
22,1508,"independent"
18,1509,"independent"
20,1510,"independent"
22,1511,"independent"
20,1512,"independent"
22,1513,"independent"
18,1514,"independent"
20,1515,"independent"
18,1516,"independent"
18,1517,"independent"
18,1518,"independent"
24,1519,"independent"
18,1520,"independent"
22,1521,"independent"
24,1522,"independent"
20,1523,"independent"
20,1524,"independent"
14,1525,"independent"
26,1526,"independent"
18,1527,"independent"
18,1528,"independent"
16,1529,"independent"
16,1530,"independent"
16,1531,"independent"
22,1532,"independent"
18,1533,"independent"
20,1534,"independent"
20,1535,"independent"
18,1536,"independent"
18,1537,"independent"
16,1538,"independent"
14,1539,"independent"
22,1540,"independent"
18,1541,"independent"
16,1542,"independent"
18,1543,"independent"
12,1544,"independent"
18,1545,"independent"
16,1546,"independent"
12,1547,"independent"
22,1548,"independent"
18,1549,"independent"
20,1550,"independent"
18,1551,"independent"
20,1552,"independent"
20,1553,"independent"
22,1554,"independent"
14,1555,"independent"
26,1556,"independent"
18,1557,"independent"
18,1558,"independent"
14,1559,"independent"
18,1560,"independent"
22,1561,"independent"
20,1562,"independent"
20,1563,"independent"
12,1564,"independent"
24,1565,"independent"
22,1566,"independent"
26,1567,"independent"
20,1568,"independent"
22,1569,"independent"
24,1570,"independent"
24,1571,"independent"
22,1572,"independent"
22,1573,"independent"
18,1574,"independent"
20,1575,"independent"
22,1576,"independent"
14,1577,"independent"
14,1578,"independent"
20,1579,"independent"
18,1580,"independent"
12,1581,"independent"
16,1582,"independent"
20,1583,"independent"
12,1584,"independent"
22,1585,"independent"
18,1586,"independent"
14,1587,"independent"
20,1588,"independent"
18,1589,"independent"
22,1590,"independent"
24,1591,"independent"
22,1592,"independent"
18,1593,"independent"
16,1594,"independent"
16,1595,"independent"
20,1596,"independent"
20,1597,"independent"
22,1598,"independent"
20,1599,"independent"
16,1600,"independent"
18,1601,"independent"
8,1602,"independent"
16,1603,"independent"
16,1604,"independent"
20,1605,"independent"
22,1606,"independent"
20,1607,"independent"
18,1608,"independent"
18,1609,"independent"
14,1610,"independent"
16,1611,"independent"
14,1612,"independent"
18,1613,"independent"
16,1614,"independent"
10,1615,"independent"
22,1616,"independent"
20,1617,"independent"
14,1618,"independent"
20,1619,"independent"
20,1620,"independent"
14,1621,"independent"
16,1622,"independent"
16,1623,"independent"
18,1624,"independent"
18,1625,"independent"
18,1626,"independent"
20,1627,"independent"
20,1628,"independent"
12,1629,"independent"
16,1630,"independent"
20,1631,"independent"
18,1632,"independent"
18,1633,"independent"
24,1634,"independent"
20,1635,"independent"
22,1636,"independent"
14,1637,"independent"
18,1638,"independent"
18,1639,"independent"
18,1640,"independent"
22,1641,"independent"
20,1642,"independent"
14,1643,"independent"
14,1644,"independent"
16,1645,"independent"
18,1646,"independent"
20,1647,"independent"
20,1648,"independent"
20,1649,"independent"
24,1650,"independent"
20,1651,"independent"
22,1652,"independent"
22,1653,"independent"
16,1654,"independent"
22,1655,"independent"
20,1656,"independent"
20,1657,"independent"
16,1658,"independent"
12,1659,"independent"
24,1660,"independent"
18,1661,"independent"
16,1662,"independent"
22,1663,"independent"
22,1664,"independent"
16,1665,"independent"
18,1666,"independent"
14,1667,"independent"
20,1668,"independent"
20,1669,"independent"
16,1670,"independent"
18,1671,"independent"
18,1672,"independent"
20,1673,"independent"
14,1674,"independent"
20,1675,"independent"
24,1676,"independent"
14,1677,"independent"
20,1678,"independent"
20,1679,"independent"
24,1680,"independent"
18,1681,"independent"
20,1682,"independent"
18,1683,"independent"
20,1684,"independent"
16,1685,"independent"
18,1686,"independent"
22,1687,"independent"
14,1688,"independent"
14,1689,"independent"
18,1690,"independent"
20,1691,"independent"
18,1692,"independent"
16,1693,"independent"
16,1694,"independent"
20,1695,"independent"
20,1696,"independent"
16,1697,"independent"
16,1698,"independent"
16,1699,"independent"
18,1700,"independent"
18,1701,"independent"
18,1702,"independent"
18,1703,"independent"
22,1704,"independent"
20,1705,"independent"
14,1706,"independent"
20,1707,"independent"
22,1708,"independent"
20,1709,"independent"
20,1710,"independent"
16,1711,"independent"
16,1712,"independent"
16,1713,"independent"
18,1714,"independent"
16,1715,"independent"
16,1716,"independent"
14,1717,"independent"
18,1718,"independent"
18,1719,"independent"
20,1720,"independent"
18,1721,"independent"
16,1722,"independent"
16,1723,"independent"
12,1724,"independent"
18,1725,"independent"
16,1726,"independent"
18,1727,"independent"
14,1728,"independent"
16,1729,"independent"
18,1730,"independent"
16,1731,"independent"
14,1732,"independent"
18,1733,"independent"
22,1734,"independent"
22,1735,"independent"
22,1736,"independent"
20,1737,"independent"
18,1738,"independent"
24,1739,"independent"
20,1740,"independent"
18,1741,"independent"
18,1742,"independent"
16,1743,"independent"
18,1744,"independent"
18,1745,"independent"
14,1746,"independent"
12,1747,"independent"
14,1748,"independent"
22,1749,"independent"
18,1750,"independent"
16,1751,"independent"
24,1752,"independent"
16,1753,"independent"
20,1754,"independent"
24,1755,"independent"
18,1756,"independent"
16,1757,"independent"
18,1758,"independent"
22,1759,"independent"
16,1760,"independent"
18,1761,"independent"
20,1762,"independent"
22,1763,"independent"
22,1764,"independent"
20,1765,"independent"
12,1766,"independent"
16,1767,"independent"
20,1768,"independent"
18,1769,"independent"
14,1770,"independent"
20,1771,"independent"
22,1772,"independent"
20,1773,"independent"
18,1774,"independent"
20,1775,"independent"
22,1776,"independent"
16,1777,"independent"
20,1778,"independent"
18,1779,"independent"
14,1780,"independent"
20,1781,"independent"
14,1782,"independent"
20,1783,"independent"
14,1784,"independent"
18,1785,"independent"
22,1786,"independent"
14,1787,"independent"
18,1788,"independent"
16,1789,"independent"
18,1790,"independent"
16,1791,"independent"
14,1792,"independent"
12,1793,"independent"
16,1794,"independent"
20,1795,"independent"
18,1796,"independent"
14,1797,"independent"
20,1798,"independent"
20,1799,"independent"
18,1800,"independent"
14,1801,"independent"
18,1802,"independent"
16,1803,"independent"
18,1804,"independent"
16,1805,"independent"
16,1806,"independent"
20,1807,"independent"
14,1808,"independent"
18,1809,"independent"
16,1810,"independent"
20,1811,"independent"
18,1812,"independent"
18,1813,"independent"
14,1814,"independent"
22,1815,"independent"
14,1816,"independent"
16,1817,"independent"
18,1818,"independent"
20,1819,"independent"
16,1820,"independent"
20,1821,"independent"
20,1822,"independent"
18,1823,"independent"
20,1824,"independent"
24,1825,"independent"
22,1826,"independent"
16,1827,"independent"
18,1828,"independent"
20,1829,"independent"
16,1830,"independent"
20,1831,"independent"
16,1832,"independent"
16,1833,"independent"
20,1834,"independent"
10,1835,"independent"
10,1836,"independent"
18,1837,"independent"
18,1838,"independent"
20,1839,"independent"
20,1840,"independent"
10,1841,"independent"
12,1842,"independent"
18,1843,"independent"
20,1844,"independent"
16,1845,"independent"
14,1846,"independent"
18,1847,"independent"
14,1848,"independent"
20,1849,"independent"
24,1850,"independent"
18,1851,"independent"
16,1852,"independent"
22,1853,"independent"
26,1854,"independent"
16,1855,"independent"
16,1856,"independent"
18,1857,"independent"
20,1858,"independent"
20,1859,"independent"
14,1860,"independent"
16,1861,"independent"
12,1862,"independent"
18,1863,"independent"
18,1864,"independent"
24,1865,"independent"
22,1866,"independent"
16,1867,"independent"
16,1868,"independent"
24,1869,"independent"
18,1870,"independent"
18,1871,"independent"
14,1872,"independent"
16,1873,"independent"
18,1874,"independent"
16,1875,"independent"
18,1876,"independent"
20,1877,"independent"
22,1878,"independent"
18,1879,"independent"
18,1880,"independent"
22,1881,"independent"
20,1882,"independent"
16,1883,"independent"
14,1884,"independent"
16,1885,"independent"
20,1886,"independent"
20,1887,"independent"
18,1888,"independent"
20,1889,"independent"
18,1890,"independent"
22,1891,"independent"
20,1892,"independent"
10,1893,"independent"
14,1894,"independent"
8,1895,"independent"
22,1896,"independent"
18,1897,"independent"
18,1898,"independent"
22,1899,"independent"
16,1900,"independent"
20,1901,"independent"
20,1902,"independent"
16,1903,"independent"
14,1904,"independent"
12,1905,"independent"
18,1906,"independent"
8,1907,"independent"
18,1908,"independent"
20,1909,"independent"
24,1910,"independent"
18,1911,"independent"
20,1912,"independent"
14,1913,"independent"
12,1914,"independent"
18,1915,"independent"
20,1916,"independent"
20,1917,"independent"
22,1918,"independent"
10,1919,"independent"
20,1920,"independent"
20,1921,"independent"
12,1922,"independent"
12,1923,"independent"
14,1924,"independent"
18,1925,"independent"
20,1926,"independent"
22,1927,"independent"
22,1928,"independent"
20,1929,"independent"
12,1930,"independent"
20,1931,"independent"
18,1932,"independent"
18,1933,"independent"
16,1934,"independent"
22,1935,"independent"
26,1936,"independent"
26,1937,"independent"
14,1938,"independent"
20,1939,"independent"
22,1940,"independent"
16,1941,"independent"
16,1942,"independent"
16,1943,"independent"
20,1944,"independent"
22,1945,"independent"
16,1946,"independent"
20,1947,"independent"
12,1948,"independent"
24,1949,"independent"
14,1950,"independent"
12,1951,"independent"
22,1952,"independent"
26,1953,"independent"
14,1954,"independent"
16,1955,"independent"
20,1956,"independent"
20,1957,"independent"
18,1958,"independent"
16,1959,"independent"
18,1960,"independent"
14,1961,"independent"
22,1962,"independent"
16,1963,"independent"
22,1964,"independent"
18,1965,"independent"
24,1966,"independent"
16,1967,"independent"
18,1968,"independent"
24,1969,"independent"
26,1970,"independent"
16,1971,"independent"
18,1972,"independent"
20,1973,"independent"
16,1974,"independent"
16,1975,"independent"
18,1976,"independent"
22,1977,"independent"
16,1978,"independent"
14,1979,"independent"
12,1980,"independent"
18,1981,"independent"
20,1982,"independent"
20,1983,"independent"
20,1984,"independent"
22,1985,"independent"
18,1986,"independent"
20,1987,"independent"
14,1988,"independent"
16,1989,"independent"
18,1990,"independent"
18,1991,"independent"
16,1992,"independent"
20,1993,"independent"
20,1994,"independent"
20,1995,"independent"
20,1996,"independent"
14,1997,"independent"
22,1998,"independent"
16,1999,"independent"
18,2000,"independent"
18,2001,"independent"
18,2002,"independent"
20,2003,"independent"
14,2004,"independent"
20,2005,"independent"
20,2006,"independent"
14,2007,"independent"
16,2008,"independent"
22,2009,"independent"
18,2010,"independent"
12,2011,"independent"
24,2012,"independent"
22,2013,"independent"
18,2014,"independent"
20,2015,"independent"
18,2016,"independent"
20,2017,"independent"
22,2018,"independent"
24,2019,"independent"
18,2020,"independent"
18,2021,"independent"
22,2022,"independent"
16,2023,"independent"
18,2024,"independent"
18,2025,"independent"
24,2026,"independent"
14,2027,"independent"
18,2028,"independent"
12,2029,"independent"
16,2030,"independent"
20,2031,"independent"
20,2032,"independent"
26,2033,"independent"
20,2034,"independent"
18,2035,"independent"
20,2036,"independent"
22,2037,"independent"
16,2038,"independent"
16,2039,"independent"
16,2040,"independent"
22,2041,"independent"
14,2042,"independent"
24,2043,"independent"
18,2044,"independent"
20,2045,"independent"
20,2046,"independent"
24,2047,"independent"
22,2048,"independent"
10,2049,"independent"
12,2050,"independent"
18,2051,"independent"
18,2052,"independent"
20,2053,"independent"
24,2054,"independent"
18,2055,"independent"
16,2056,"independent"
16,2057,"independent"
18,2058,"independent"
14,2059,"independent"
18,2060,"independent"
6,2061,"independent"
22,2062,"independent"
20,2063,"independent"
20,2064,"independent"
22,2065,"independent"
18,2066,"independent"
12,2067,"independent"
12,2068,"independent"
16,2069,"independent"
18,2070,"independent"
20,2071,"independent"
14,2072,"independent"
22,2073,"independent"
16,2074,"independent"
22,2075,"independent"
16,2076,"independent"
18,2077,"independent"
14,2078,"independent"
18,2079,"independent"
20,2080,"independent"
18,2081,"independent"
20,2082,"independent"
18,2083,"independent"
22,2084,"independent"
16,2085,"independent"
18,2086,"independent"
22,2087,"independent"
16,2088,"independent"
16,2089,"independent"
18,2090,"independent"
18,2091,"independent"
14,2092,"independent"
16,2093,"independent"
16,2094,"independent"
20,2095,"independent"
20,2096,"independent"
20,2097,"independent"
12,2098,"independent"
16,2099,"independent"
20,2100,"independent"
18,2101,"independent"
22,2102,"independent"
22,2103,"independent"
18,2104,"independent"
18,2105,"independent"
22,2106,"independent"
14,2107,"independent"
22,2108,"independent"
20,2109,"independent"
20,2110,"independent"
20,2111,"independent"
18,2112,"independent"
18,2113,"independent"
18,2114,"independent"
18,2115,"independent"
20,2116,"independent"
22,2117,"independent"
22,2118,"independent"
24,2119,"independent"
14,2120,"independent"
18,2121,"independent"
20,2122,"independent"
14,2123,"independent"
16,2124,"independent"
16,2125,"independent"
14,2126,"independent"
20,2127,"independent"
16,2128,"independent"
22,2129,"independent"
24,2130,"independent"
22,2131,"independent"
14,2132,"independent"
20,2133,"independent"
14,2134,"independent"
18,2135,"independent"
20,2136,"independent"
22,2137,"independent"
20,2138,"independent"
20,2139,"independent"
18,2140,"independent"
20,2141,"independent"
18,2142,"independent"
12,2143,"independent"
18,2144,"independent"
20,2145,"independent"
12,2146,"independent"
14,2147,"independent"
18,2148,"independent"
16,2149,"independent"
22,2150,"independent"
18,2151,"independent"
18,2152,"independent"
20,2153,"independent"
20,2154,"independent"
16,2155,"independent"
16,2156,"independent"
22,2157,"independent"
20,2158,"independent"
20,2159,"independent"
18,2160,"independent"
22,2161,"independent"
20,2162,"independent"
26,2163,"independent"
14,2164,"independent"
18,2165,"independent"
18,2166,"independent"
20,2167,"independent"
22,2168,"independent"
16,2169,"independent"
20,2170,"independent"
18,2171,"independent"
20,2172,"independent"
10,2173,"independent"
14,2174,"independent"
16,2175,"independent"
22,2176,"independent"
16,2177,"independent"
18,2178,"independent"
18,2179,"independent"
20,2180,"independent"
16,2181,"independent"
24,2182,"independent"
16,2183,"independent"
20,2184,"independent"
22,2185,"independent"
18,2186,"independent"
14,2187,"independent"
20,2188,"independent"
16,2189,"independent"
20,2190,"independent"
18,2191,"independent"
14,2192,"independent"
20,2193,"independent"
18,2194,"independent"
22,2195,"independent"
20,2196,"independent"
14,2197,"independent"
16,2198,"independent"
16,2199,"independent"
22,2200,"independent"
16,2201,"independent"
22,2202,"independent"
20,2203,"independent"
14,2204,"independent"
20,2205,"independent"
22,2206,"independent"
22,2207,"independent"
20,2208,"independent"
14,2209,"independent"
18,2210,"independent"
22,2211,"independent"
16,2212,"independent"
22,2213,"independent"
18,2214,"independent"
18,2215,"independent"
20,2216,"independent"
14,2217,"independent"
20,2218,"independent"
12,2219,"independent"
10,2220,"independent"
20,2221,"independent"
20,2222,"independent"
22,2223,"independent"
22,2224,"independent"
22,2225,"independent"
20,2226,"independent"
18,2227,"independent"
18,2228,"independent"
16,2229,"independent"
18,2230,"independent"
20,2231,"independent"
14,2232,"independent"
16,2233,"independent"
18,2234,"independent"
18,2235,"independent"
16,2236,"independent"
14,2237,"independent"
18,2238,"independent"
24,2239,"independent"
20,2240,"independent"
18,2241,"independent"
16,2242,"independent"
20,2243,"independent"
18,2244,"independent"
18,2245,"independent"
22,2246,"independent"
16,2247,"independent"
20,2248,"independent"
16,2249,"independent"
20,2250,"independent"
22,2251,"independent"
20,2252,"independent"
18,2253,"independent"
20,2254,"independent"
20,2255,"independent"
16,2256,"independent"
16,2257,"independent"
14,2258,"independent"
12,2259,"independent"
16,2260,"independent"
24,2261,"independent"
16,2262,"independent"
22,2263,"independent"
14,2264,"independent"
16,2265,"independent"
20,2266,"independent"
14,2267,"independent"
22,2268,"independent"
12,2269,"independent"
22,2270,"independent"
20,2271,"independent"
16,2272,"independent"
16,2273,"independent"
20,2274,"independent"
20,2275,"independent"
14,2276,"independent"
20,2277,"independent"
18,2278,"independent"
14,2279,"independent"
12,2280,"independent"
16,2281,"independent"
18,2282,"independent"
26,2283,"independent"
12,2284,"independent"
18,2285,"independent"
16,2286,"independent"
22,2287,"independent"
10,2288,"independent"
14,2289,"independent"
26,2290,"independent"
24,2291,"independent"
24,2292,"independent"
16,2293,"independent"
16,2294,"independent"
20,2295,"independent"
18,2296,"independent"
18,2297,"independent"
18,2298,"independent"
20,2299,"independent"
10,2300,"independent"
22,2301,"independent"
20,2302,"independent"
16,2303,"independent"
20,2304,"independent"
18,2305,"independent"
22,2306,"independent"
20,2307,"independent"
16,2308,"independent"
18,2309,"independent"
22,2310,"independent"
18,2311,"independent"
16,2312,"independent"
14,2313,"independent"
20,2314,"independent"
12,2315,"independent"
22,2316,"independent"
22,2317,"independent"
18,2318,"independent"
16,2319,"independent"
22,2320,"independent"
14,2321,"independent"
24,2322,"independent"
24,2323,"independent"
14,2324,"independent"
18,2325,"independent"
22,2326,"independent"
16,2327,"independent"
12,2328,"independent"
18,2329,"independent"
18,2330,"independent"
18,2331,"independent"
24,2332,"independent"
20,2333,"independent"
20,2334,"independent"
20,2335,"independent"
14,2336,"independent"
10,2337,"independent"
14,2338,"independent"
14,2339,"independent"
20,2340,"independent"
20,2341,"independent"
8,2342,"independent"
24,2343,"independent"
18,2344,"independent"
18,2345,"independent"
22,2346,"independent"
18,2347,"independent"
24,2348,"independent"
22,2349,"independent"
18,2350,"independent"
18,2351,"independent"
18,2352,"independent"
18,2353,"independent"
16,2354,"independent"
20,2355,"independent"
20,2356,"independent"
18,2357,"independent"
22,2358,"independent"
22,2359,"independent"
18,2360,"independent"
20,2361,"independent"
20,2362,"independent"
18,2363,"independent"
12,2364,"independent"
16,2365,"independent"
22,2366,"independent"
16,2367,"independent"
20,2368,"independent"
24,2369,"independent"
22,2370,"independent"
22,2371,"independent"
20,2372,"independent"
18,2373,"independent"
18,2374,"independent"
18,2375,"independent"
20,2376,"independent"
16,2377,"independent"
16,2378,"independent"
20,2379,"independent"
18,2380,"independent"
12,2381,"independent"
18,2382,"independent"
20,2383,"independent"
18,2384,"independent"
16,2385,"independent"
18,2386,"independent"
16,2387,"independent"
22,2388,"independent"
16,2389,"independent"
20,2390,"independent"
16,2391,"independent"
16,2392,"independent"
18,2393,"independent"
20,2394,"independent"
12,2395,"independent"
22,2396,"independent"
18,2397,"independent"
16,2398,"independent"
22,2399,"independent"
20,2400,"independent"
18,2401,"independent"
10,2402,"independent"
22,2403,"independent"
24,2404,"independent"
18,2405,"independent"
16,2406,"independent"
18,2407,"independent"
22,2408,"independent"
24,2409,"independent"
16,2410,"independent"
18,2411,"independent"
24,2412,"independent"
14,2413,"independent"
24,2414,"independent"
20,2415,"independent"
22,2416,"independent"
18,2417,"independent"
18,2418,"independent"
20,2419,"independent"
20,2420,"independent"
20,2421,"independent"
16,2422,"independent"
18,2423,"independent"
24,2424,"independent"
20,2425,"independent"
10,2426,"independent"
20,2427,"independent"
16,2428,"independent"
22,2429,"independent"
18,2430,"independent"
14,2431,"independent"
18,2432,"independent"
24,2433,"independent"
16,2434,"independent"
16,2435,"independent"
10,2436,"independent"
16,2437,"independent"
14,2438,"independent"
18,2439,"independent"
18,2440,"independent"
22,2441,"independent"
24,2442,"independent"
24,2443,"independent"
22,2444,"independent"
18,2445,"independent"
20,2446,"independent"
20,2447,"independent"
18,2448,"independent"
20,2449,"independent"
20,2450,"independent"
14,2451,"independent"
22,2452,"independent"
22,2453,"independent"
16,2454,"independent"
18,2455,"independent"
20,2456,"independent"
14,2457,"independent"
18,2458,"independent"
18,2459,"independent"
20,2460,"independent"
22,2461,"independent"
24,2462,"independent"
18,2463,"independent"
22,2464,"independent"
22,2465,"independent"
18,2466,"independent"
22,2467,"independent"
16,2468,"independent"
18,2469,"independent"
10,2470,"independent"
10,2471,"independent"
26,2472,"independent"
20,2473,"independent"
20,2474,"independent"
18,2475,"independent"
18,2476,"independent"
18,2477,"independent"
20,2478,"independent"
16,2479,"independent"
20,2480,"independent"
14,2481,"independent"
18,2482,"independent"
14,2483,"independent"
20,2484,"independent"
20,2485,"independent"
20,2486,"independent"
14,2487,"independent"
22,2488,"independent"
18,2489,"independent"
16,2490,"independent"
16,2491,"independent"
18,2492,"independent"
16,2493,"independent"
16,2494,"independent"
18,2495,"independent"
22,2496,"independent"
16,2497,"independent"
22,2498,"independent"
16,2499,"independent"
14,2500,"independent"
14,2501,"independent"
16,2502,"independent"
12,2503,"independent"
20,2504,"independent"
14,2505,"independent"
22,2506,"independent"
22,2507,"independent"
18,2508,"independent"
24,2509,"independent"
16,2510,"independent"
18,2511,"independent"
14,2512,"independent"
20,2513,"independent"
16,2514,"independent"
20,2515,"independent"
24,2516,"independent"
18,2517,"independent"
12,2518,"independent"
18,2519,"independent"
18,2520,"independent"
18,2521,"independent"
22,2522,"independent"
16,2523,"independent"
18,2524,"independent"
20,2525,"independent"
20,2526,"independent"
20,2527,"independent"
16,2528,"independent"
24,2529,"independent"
16,2530,"independent"
20,2531,"independent"
20,2532,"independent"
18,2533,"independent"
20,2534,"independent"
20,2535,"independent"
16,2536,"independent"
26,2537,"independent"
18,2538,"independent"
26,2539,"independent"
20,2540,"independent"
16,2541,"independent"
14,2542,"independent"
18,2543,"independent"
22,2544,"independent"
18,2545,"independent"
18,2546,"independent"
20,2547,"independent"
14,2548,"independent"
20,2549,"independent"
18,2550,"independent"
16,2551,"independent"
12,2552,"independent"
18,2553,"independent"
22,2554,"independent"
16,2555,"independent"
18,2556,"independent"
16,2557,"independent"
16,2558,"independent"
20,2559,"independent"
20,2560,"independent"
24,2561,"independent"
18,2562,"independent"
14,2563,"independent"
20,2564,"independent"
22,2565,"independent"
18,2566,"independent"
26,2567,"independent"
14,2568,"independent"
14,2569,"independent"
8,2570,"independent"
20,2571,"independent"
18,2572,"independent"
20,2573,"independent"
18,2574,"independent"
24,2575,"independent"
20,2576,"independent"
20,2577,"independent"
20,2578,"independent"
14,2579,"independent"
14,2580,"independent"
22,2581,"independent"
20,2582,"independent"
16,2583,"independent"
14,2584,"independent"
18,2585,"independent"
14,2586,"independent"
16,2587,"independent"
18,2588,"independent"
16,2589,"independent"
16,2590,"independent"
16,2591,"independent"
22,2592,"independent"
14,2593,"independent"
14,2594,"independent"
18,2595,"independent"
16,2596,"independent"
18,2597,"independent"
22,2598,"independent"
20,2599,"independent"
10,2600,"independent"
20,2601,"independent"
20,2602,"independent"
22,2603,"independent"
18,2604,"independent"
20,2605,"independent"
18,2606,"independent"
20,2607,"independent"
18,2608,"independent"
24,2609,"independent"
22,2610,"independent"
16,2611,"independent"
16,2612,"independent"
16,2613,"independent"
16,2614,"independent"
22,2615,"independent"
22,2616,"independent"
24,2617,"independent"
16,2618,"independent"
18,2619,"independent"
22,2620,"independent"
16,2621,"independent"
16,2622,"independent"
14,2623,"independent"
14,2624,"independent"
14,2625,"independent"
18,2626,"independent"
24,2627,"independent"
16,2628,"independent"
20,2629,"independent"
20,2630,"independent"
16,2631,"independent"
16,2632,"independent"
20,2633,"independent"
20,2634,"independent"
14,2635,"independent"
24,2636,"independent"
16,2637,"independent"
18,2638,"independent"
26,2639,"independent"
24,2640,"independent"
18,2641,"independent"
14,2642,"independent"
24,2643,"independent"
14,2644,"independent"
16,2645,"independent"
16,2646,"independent"
20,2647,"independent"
24,2648,"independent"
18,2649,"independent"
16,2650,"independent"
18,2651,"independent"
18,2652,"independent"
16,2653,"independent"
16,2654,"independent"
14,2655,"independent"
18,2656,"independent"
22,2657,"independent"
22,2658,"independent"
16,2659,"independent"
18,2660,"independent"
16,2661,"independent"
22,2662,"independent"
24,2663,"independent"
22,2664,"independent"
16,2665,"independent"
16,2666,"independent"
16,2667,"independent"
18,2668,"independent"
18,2669,"independent"
14,2670,"independent"
18,2671,"independent"
18,2672,"independent"
20,2673,"independent"
18,2674,"independent"
20,2675,"independent"
20,2676,"independent"
22,2677,"independent"
16,2678,"independent"
18,2679,"independent"
18,2680,"independent"
16,2681,"independent"
20,2682,"independent"
18,2683,"independent"
16,2684,"independent"
12,2685,"independent"
20,2686,"independent"
16,2687,"independent"
24,2688,"independent"
16,2689,"independent"
18,2690,"independent"
14,2691,"independent"
16,2692,"independent"
12,2693,"independent"
20,2694,"independent"
20,2695,"independent"
14,2696,"independent"
14,2697,"independent"
14,2698,"independent"
16,2699,"independent"
22,2700,"independent"
18,2701,"independent"
22,2702,"independent"
18,2703,"independent"
22,2704,"independent"
18,2705,"independent"
18,2706,"independent"
16,2707,"independent"
16,2708,"independent"
18,2709,"independent"
16,2710,"independent"
18,2711,"independent"
16,2712,"independent"
16,2713,"independent"
22,2714,"independent"
20,2715,"independent"
24,2716,"independent"
24,2717,"independent"
18,2718,"independent"
16,2719,"independent"
22,2720,"independent"
12,2721,"independent"
20,2722,"independent"
16,2723,"independent"
18,2724,"independent"
14,2725,"independent"
18,2726,"independent"
18,2727,"independent"
24,2728,"independent"
16,2729,"independent"
18,2730,"independent"
16,2731,"independent"
22,2732,"independent"
16,2733,"independent"
22,2734,"independent"
16,2735,"independent"
18,2736,"independent"
18,2737,"independent"
14,2738,"independent"
20,2739,"independent"
18,2740,"independent"
12,2741,"independent"
14,2742,"independent"
16,2743,"independent"
12,2744,"independent"
18,2745,"independent"
20,2746,"independent"
18,2747,"independent"
16,2748,"independent"
14,2749,"independent"
12,2750,"independent"
20,2751,"independent"
18,2752,"independent"
16,2753,"independent"
22,2754,"independent"
22,2755,"independent"
10,2756,"independent"
10,2757,"independent"
22,2758,"independent"
26,2759,"independent"
20,2760,"independent"
18,2761,"independent"
24,2762,"independent"
20,2763,"independent"
16,2764,"independent"
20,2765,"independent"
18,2766,"independent"
14,2767,"independent"
20,2768,"independent"
20,2769,"independent"
22,2770,"independent"
22,2771,"independent"
20,2772,"independent"
18,2773,"independent"
20,2774,"independent"
16,2775,"independent"
24,2776,"independent"
22,2777,"independent"
20,2778,"independent"
18,2779,"independent"
18,2780,"independent"
18,2781,"independent"
22,2782,"independent"
20,2783,"independent"
18,2784,"independent"
24,2785,"independent"
16,2786,"independent"
16,2787,"independent"
14,2788,"independent"
18,2789,"independent"
10,2790,"independent"
16,2791,"independent"
14,2792,"independent"
14,2793,"independent"
18,2794,"independent"
20,2795,"independent"
20,2796,"independent"
22,2797,"independent"
20,2798,"independent"
22,2799,"independent"
16,2800,"independent"
20,2801,"independent"
18,2802,"independent"
14,2803,"independent"
22,2804,"independent"
20,2805,"independent"
16,2806,"independent"
24,2807,"independent"
20,2808,"independent"
16,2809,"independent"
18,2810,"independent"
22,2811,"independent"
16,2812,"independent"
14,2813,"independent"
20,2814,"independent"
18,2815,"independent"
24,2816,"independent"
22,2817,"independent"
16,2818,"independent"
14,2819,"independent"
18,2820,"independent"
18,2821,"independent"
14,2822,"independent"
18,2823,"independent"
18,2824,"independent"
14,2825,"independent"
20,2826,"independent"
16,2827,"independent"
16,2828,"independent"
16,2829,"independent"
16,2830,"independent"
12,2831,"independent"
24,2832,"independent"
12,2833,"independent"
20,2834,"independent"
22,2835,"independent"
16,2836,"independent"
18,2837,"independent"
20,2838,"independent"
18,2839,"independent"
22,2840,"independent"
18,2841,"independent"
18,2842,"independent"
22,2843,"independent"
22,2844,"independent"
22,2845,"independent"
16,2846,"independent"
14,2847,"independent"
16,2848,"independent"
16,2849,"independent"
20,2850,"independent"
20,2851,"independent"
20,2852,"independent"
18,2853,"independent"
14,2854,"independent"
16,2855,"independent"
22,2856,"independent"
10,2857,"independent"
22,2858,"independent"
22,2859,"independent"
20,2860,"independent"
20,2861,"independent"
20,2862,"independent"
14,2863,"independent"
24,2864,"independent"
16,2865,"independent"
20,2866,"independent"
16,2867,"independent"
14,2868,"independent"
20,2869,"independent"
20,2870,"independent"
14,2871,"independent"
18,2872,"independent"
24,2873,"independent"
22,2874,"independent"
18,2875,"independent"
16,2876,"independent"
18,2877,"independent"
18,2878,"independent"
14,2879,"independent"
18,2880,"independent"
14,2881,"independent"
20,2882,"independent"
16,2883,"independent"
20,2884,"independent"
20,2885,"independent"
18,2886,"independent"
18,2887,"independent"
24,2888,"independent"
24,2889,"independent"
16,2890,"independent"
12,2891,"independent"
16,2892,"independent"
22,2893,"independent"
14,2894,"independent"
16,2895,"independent"
22,2896,"independent"
16,2897,"independent"
20,2898,"independent"
16,2899,"independent"
16,2900,"independent"
20,2901,"independent"
24,2902,"independent"
16,2903,"independent"
20,2904,"independent"
22,2905,"independent"
22,2906,"independent"
18,2907,"independent"
18,2908,"independent"
20,2909,"independent"
20,2910,"independent"
18,2911,"independent"
20,2912,"independent"
18,2913,"independent"
16,2914,"independent"
14,2915,"independent"
12,2916,"independent"
22,2917,"independent"
16,2918,"independent"
20,2919,"independent"
22,2920,"independent"
16,2921,"independent"
20,2922,"independent"
20,2923,"independent"
14,2924,"independent"
22,2925,"independent"
18,2926,"independent"
20,2927,"independent"
20,2928,"independent"
18,2929,"independent"
16,2930,"independent"
18,2931,"independent"
24,2932,"independent"
22,2933,"independent"
14,2934,"independent"
20,2935,"independent"
18,2936,"independent"
18,2937,"independent"
18,2938,"independent"
20,2939,"independent"
22,2940,"independent"
18,2941,"independent"
16,2942,"independent"
24,2943,"independent"
20,2944,"independent"
20,2945,"independent"
20,2946,"independent"
22,2947,"independent"
12,2948,"independent"
16,2949,"independent"
18,2950,"independent"
16,2951,"independent"
20,2952,"independent"
14,2953,"independent"
20,2954,"independent"
22,2955,"independent"
18,2956,"independent"
16,2957,"independent"
16,2958,"independent"
20,2959,"independent"
16,2960,"independent"
16,2961,"independent"
14,2962,"independent"
14,2963,"independent"
14,2964,"independent"
22,2965,"independent"
18,2966,"independent"
20,2967,"independent"
20,2968,"independent"
12,2969,"independent"
20,2970,"independent"
16,2971,"independent"
16,2972,"independent"
24,2973,"independent"
18,2974,"independent"
14,2975,"independent"
22,2976,"independent"
14,2977,"independent"
18,2978,"independent"
26,2979,"independent"
18,2980,"independent"
22,2981,"independent"
20,2982,"independent"
16,2983,"independent"
22,2984,"independent"
22,2985,"independent"
22,2986,"independent"
18,2987,"independent"
16,2988,"independent"
24,2989,"independent"
20,2990,"independent"
18,2991,"independent"
16,2992,"independent"
18,2993,"independent"
14,2994,"independent"
18,2995,"independent"
22,2996,"independent"
12,2997,"independent"
14,2998,"independent"
20,2999,"independent"
20,3000,"independent"
12,3001,"independent"
20,3002,"independent"
14,3003,"independent"
22,3004,"independent"
18,3005,"independent"
14,3006,"independent"
22,3007,"independent"
18,3008,"independent"
20,3009,"independent"
18,3010,"independent"
22,3011,"independent"
18,3012,"independent"
18,3013,"independent"
16,3014,"independent"
14,3015,"independent"
16,3016,"independent"
20,3017,"independent"
18,3018,"independent"
20,3019,"independent"
18,3020,"independent"
12,3021,"independent"
20,3022,"independent"
20,3023,"independent"
16,3024,"independent"
20,3025,"independent"
22,3026,"independent"
18,3027,"independent"
16,3028,"independent"
20,3029,"independent"
18,3030,"independent"
18,3031,"independent"
20,3032,"independent"
14,3033,"independent"
14,3034,"independent"
18,3035,"independent"
14,3036,"independent"
26,3037,"independent"
12,3038,"independent"
18,3039,"independent"
20,3040,"independent"
18,3041,"independent"
16,3042,"independent"
18,3043,"independent"
22,3044,"independent"
22,3045,"independent"
14,3046,"independent"
16,3047,"independent"
24,3048,"independent"
18,3049,"independent"
22,3050,"independent"
24,3051,"independent"
20,3052,"independent"
20,3053,"independent"
26,3054,"independent"
20,3055,"independent"
20,3056,"independent"
16,3057,"independent"
20,3058,"independent"
16,3059,"independent"
18,3060,"independent"
16,3061,"independent"
22,3062,"independent"
16,3063,"independent"
20,3064,"independent"
20,3065,"independent"
22,3066,"independent"
16,3067,"independent"
24,3068,"independent"
14,3069,"independent"
16,3070,"independent"
18,3071,"independent"
14,3072,"independent"
18,3073,"independent"
18,3074,"independent"
16,3075,"independent"
14,3076,"independent"
22,3077,"independent"
22,3078,"independent"
14,3079,"independent"
20,3080,"independent"
22,3081,"independent"
14,3082,"independent"
16,3083,"independent"
20,3084,"independent"
18,3085,"independent"
18,3086,"independent"
22,3087,"independent"
26,3088,"independent"
26,3089,"independent"
22,3090,"independent"
22,3091,"independent"
22,3092,"independent"
8,3093,"independent"
20,3094,"independent"
24,3095,"independent"
20,3096,"independent"
20,3097,"independent"
14,3098,"independent"
16,3099,"independent"
18,3100,"independent"
12,3101,"independent"
14,3102,"independent"
10,3103,"independent"
18,3104,"independent"
20,3105,"independent"
16,3106,"independent"
16,3107,"independent"
24,3108,"independent"
18,3109,"independent"
16,3110,"independent"
16,3111,"independent"
20,3112,"independent"
14,3113,"independent"
18,3114,"independent"
20,3115,"independent"
22,3116,"independent"
22,3117,"independent"
12,3118,"independent"
14,3119,"independent"
18,3120,"independent"
14,3121,"independent"
20,3122,"independent"
20,3123,"independent"
12,3124,"independent"
18,3125,"independent"
20,3126,"independent"
18,3127,"independent"
12,3128,"independent"
14,3129,"independent"
14,3130,"independent"
20,3131,"independent"
18,3132,"independent"
16,3133,"independent"
18,3134,"independent"
20,3135,"independent"
20,3136,"independent"
22,3137,"independent"
22,3138,"independent"
22,3139,"independent"
16,3140,"independent"
24,3141,"independent"
20,3142,"independent"
12,3143,"independent"
18,3144,"independent"
18,3145,"independent"
16,3146,"independent"
22,3147,"independent"
12,3148,"independent"
16,3149,"independent"
20,3150,"independent"
22,3151,"independent"
18,3152,"independent"
18,3153,"independent"
18,3154,"independent"
20,3155,"independent"
22,3156,"independent"
18,3157,"independent"
10,3158,"independent"
14,3159,"independent"
20,3160,"independent"
24,3161,"independent"
18,3162,"independent"
12,3163,"independent"
18,3164,"independent"
22,3165,"independent"
18,3166,"independent"
14,3167,"independent"
10,3168,"independent"
20,3169,"independent"
20,3170,"independent"
22,3171,"independent"
16,3172,"independent"
22,3173,"independent"
16,3174,"independent"
24,3175,"independent"
20,3176,"independent"
16,3177,"independent"
22,3178,"independent"
12,3179,"independent"
12,3180,"independent"
16,3181,"independent"
20,3182,"independent"
18,3183,"independent"
12,3184,"independent"
26,3185,"independent"
20,3186,"independent"
22,3187,"independent"
20,3188,"independent"
18,3189,"independent"
18,3190,"independent"
14,3191,"independent"
24,3192,"independent"
14,3193,"independent"
14,3194,"independent"
18,3195,"independent"
18,3196,"independent"
24,3197,"independent"
16,3198,"independent"
14,3199,"independent"
20,3200,"independent"
18,3201,"independent"
14,3202,"independent"
20,3203,"independent"
20,3204,"independent"
20,3205,"independent"
16,3206,"independent"
22,3207,"independent"
14,3208,"independent"
22,3209,"independent"
18,3210,"independent"
18,3211,"independent"
20,3212,"independent"
20,3213,"independent"
16,3214,"independent"
18,3215,"independent"
18,3216,"independent"
14,3217,"independent"
20,3218,"independent"
22,3219,"independent"
18,3220,"independent"
20,3221,"independent"
10,3222,"independent"
10,3223,"independent"
12,3224,"independent"
18,3225,"independent"
18,3226,"independent"
20,3227,"independent"
16,3228,"independent"
18,3229,"independent"
16,3230,"independent"
18,3231,"independent"
16,3232,"independent"
22,3233,"independent"
14,3234,"independent"
22,3235,"independent"
26,3236,"independent"
22,3237,"independent"
18,3238,"independent"
22,3239,"independent"
24,3240,"independent"
20,3241,"independent"
18,3242,"independent"
16,3243,"independent"
20,3244,"independent"
20,3245,"independent"
18,3246,"independent"
22,3247,"independent"
18,3248,"independent"
18,3249,"independent"
18,3250,"independent"
14,3251,"independent"
22,3252,"independent"
22,3253,"independent"
14,3254,"independent"
18,3255,"independent"
18,3256,"independent"
20,3257,"independent"
20,3258,"independent"
16,3259,"independent"
18,3260,"independent"
22,3261,"independent"
26,3262,"independent"
18,3263,"independent"
20,3264,"independent"
20,3265,"independent"
14,3266,"independent"
18,3267,"independent"
20,3268,"independent"
16,3269,"independent"
20,3270,"independent"
12,3271,"independent"
16,3272,"independent"
14,3273,"independent"
14,3274,"independent"
16,3275,"independent"
24,3276,"independent"
14,3277,"independent"
18,3278,"independent"
18,3279,"independent"
18,3280,"independent"
22,3281,"independent"
20,3282,"independent"
12,3283,"independent"
18,3284,"independent"
16,3285,"independent"
18,3286,"independent"
20,3287,"independent"
18,3288,"independent"
24,3289,"independent"
22,3290,"independent"
16,3291,"independent"
22,3292,"independent"
22,3293,"independent"
18,3294,"independent"
20,3295,"independent"
18,3296,"independent"
18,3297,"independent"
22,3298,"independent"
26,3299,"independent"
20,3300,"independent"
14,3301,"independent"
18,3302,"independent"
20,3303,"independent"
20,3304,"independent"
22,3305,"independent"
18,3306,"independent"
20,3307,"independent"
20,3308,"independent"
20,3309,"independent"
20,3310,"independent"
18,3311,"independent"
18,3312,"independent"
22,3313,"independent"
24,3314,"independent"
24,3315,"independent"
20,3316,"independent"
22,3317,"independent"
16,3318,"independent"
18,3319,"independent"
22,3320,"independent"
18,3321,"independent"
20,3322,"independent"
16,3323,"independent"
14,3324,"independent"
14,3325,"independent"
20,3326,"independent"
20,3327,"independent"
22,3328,"independent"
16,3329,"independent"
16,3330,"independent"
10,3331,"independent"
18,3332,"independent"
22,3333,"independent"
14,3334,"independent"
16,3335,"independent"
22,3336,"independent"
22,3337,"independent"
22,3338,"independent"
18,3339,"independent"
16,3340,"independent"
18,3341,"independent"
18,3342,"independent"
20,3343,"independent"
22,3344,"independent"
18,3345,"independent"
24,3346,"independent"
20,3347,"independent"
22,3348,"independent"
24,3349,"independent"
18,3350,"independent"
16,3351,"independent"
12,3352,"independent"
18,3353,"independent"
16,3354,"independent"
18,3355,"independent"
18,3356,"independent"
14,3357,"independent"
20,3358,"independent"
22,3359,"independent"
14,3360,"independent"
20,3361,"independent"
14,3362,"independent"
20,3363,"independent"
22,3364,"independent"
18,3365,"independent"
26,3366,"independent"
16,3367,"independent"
14,3368,"independent"
24,3369,"independent"
16,3370,"independent"
18,3371,"independent"
22,3372,"independent"
22,3373,"independent"
14,3374,"independent"
16,3375,"independent"
16,3376,"independent"
20,3377,"independent"
20,3378,"independent"
22,3379,"independent"
22,3380,"independent"
20,3381,"independent"
16,3382,"independent"
16,3383,"independent"
16,3384,"independent"
18,3385,"independent"
18,3386,"independent"
24,3387,"independent"
16,3388,"independent"
18,3389,"independent"
20,3390,"independent"
22,3391,"independent"
14,3392,"independent"
22,3393,"independent"
26,3394,"independent"
18,3395,"independent"
18,3396,"independent"
20,3397,"independent"
18,3398,"independent"
14,3399,"independent"
26,3400,"independent"
12,3401,"independent"
10,3402,"independent"
18,3403,"independent"
18,3404,"independent"
18,3405,"independent"
16,3406,"independent"
12,3407,"independent"
20,3408,"independent"
20,3409,"independent"
20,3410,"independent"
22,3411,"independent"
22,3412,"independent"
16,3413,"independent"
16,3414,"independent"
16,3415,"independent"
14,3416,"independent"
20,3417,"independent"
22,3418,"independent"
14,3419,"independent"
16,3420,"independent"
22,3421,"independent"
20,3422,"independent"
16,3423,"independent"
20,3424,"independent"
22,3425,"independent"
18,3426,"independent"
12,3427,"independent"
22,3428,"independent"
16,3429,"independent"
22,3430,"independent"
18,3431,"independent"
22,3432,"independent"
18,3433,"independent"
20,3434,"independent"
18,3435,"independent"
20,3436,"independent"
24,3437,"independent"
16,3438,"independent"
18,3439,"independent"
26,3440,"independent"
24,3441,"independent"
20,3442,"independent"
18,3443,"independent"
22,3444,"independent"
18,3445,"independent"
18,3446,"independent"
14,3447,"independent"
16,3448,"independent"
16,3449,"independent"
18,3450,"independent"
18,3451,"independent"
16,3452,"independent"
22,3453,"independent"
14,3454,"independent"
18,3455,"independent"
20,3456,"independent"
12,3457,"independent"
20,3458,"independent"
22,3459,"independent"
16,3460,"independent"
22,3461,"independent"
14,3462,"independent"
14,3463,"independent"
14,3464,"independent"
16,3465,"independent"
18,3466,"independent"
24,3467,"independent"
16,3468,"independent"
18,3469,"independent"
14,3470,"independent"
22,3471,"independent"
18,3472,"independent"
20,3473,"independent"
26,3474,"independent"
14,3475,"independent"
12,3476,"independent"
18,3477,"independent"
16,3478,"independent"
12,3479,"independent"
16,3480,"independent"
14,3481,"independent"
22,3482,"independent"
24,3483,"independent"
22,3484,"independent"
16,3485,"independent"
24,3486,"independent"
16,3487,"independent"
26,3488,"independent"
14,3489,"independent"
16,3490,"independent"
18,3491,"independent"
16,3492,"independent"
20,3493,"independent"
18,3494,"independent"
18,3495,"independent"
18,3496,"independent"
20,3497,"independent"
10,3498,"independent"
24,3499,"independent"
20,3500,"independent"
16,3501,"independent"
20,3502,"independent"
18,3503,"independent"
10,3504,"independent"
18,3505,"independent"
12,3506,"independent"
22,3507,"independent"
14,3508,"independent"
22,3509,"independent"
18,3510,"independent"
20,3511,"independent"
18,3512,"independent"
20,3513,"independent"
14,3514,"independent"
20,3515,"independent"
16,3516,"independent"
18,3517,"independent"
12,3518,"independent"
20,3519,"independent"
22,3520,"independent"
20,3521,"independent"
20,3522,"independent"
12,3523,"independent"
14,3524,"independent"
22,3525,"independent"
24,3526,"independent"
18,3527,"independent"
16,3528,"independent"
16,3529,"independent"
22,3530,"independent"
18,3531,"independent"
14,3532,"independent"
20,3533,"independent"
18,3534,"independent"
18,3535,"independent"
18,3536,"independent"
16,3537,"independent"
18,3538,"independent"
14,3539,"independent"
16,3540,"independent"
14,3541,"independent"
20,3542,"independent"
16,3543,"independent"
18,3544,"independent"
14,3545,"independent"
16,3546,"independent"
22,3547,"independent"
16,3548,"independent"
18,3549,"independent"
16,3550,"independent"
20,3551,"independent"
20,3552,"independent"
14,3553,"independent"
12,3554,"independent"
24,3555,"independent"
20,3556,"independent"
20,3557,"independent"
14,3558,"independent"
16,3559,"independent"
18,3560,"independent"
18,3561,"independent"
14,3562,"independent"
18,3563,"independent"
14,3564,"independent"
18,3565,"independent"
22,3566,"independent"
20,3567,"independent"
20,3568,"independent"
16,3569,"independent"
24,3570,"independent"
20,3571,"independent"
16,3572,"independent"
20,3573,"independent"
22,3574,"independent"
20,3575,"independent"
22,3576,"independent"
20,3577,"independent"
18,3578,"independent"
26,3579,"independent"
16,3580,"independent"
14,3581,"independent"
18,3582,"independent"
22,3583,"independent"
20,3584,"independent"
10,3585,"independent"
18,3586,"independent"
12,3587,"independent"
18,3588,"independent"
14,3589,"independent"
20,3590,"independent"
20,3591,"independent"
22,3592,"independent"
20,3593,"independent"
18,3594,"independent"
20,3595,"independent"
20,3596,"independent"
12,3597,"independent"
16,3598,"independent"
24,3599,"independent"
16,3600,"independent"
22,3601,"independent"
14,3602,"independent"
14,3603,"independent"
16,3604,"independent"
22,3605,"independent"
18,3606,"independent"
24,3607,"independent"
14,3608,"independent"
14,3609,"independent"
22,3610,"independent"
24,3611,"independent"
14,3612,"independent"
16,3613,"independent"
16,3614,"independent"
22,3615,"independent"
12,3616,"independent"
16,3617,"independent"
22,3618,"independent"
16,3619,"independent"
16,3620,"independent"
10,3621,"independent"
16,3622,"independent"
18,3623,"independent"
18,3624,"independent"
16,3625,"independent"
22,3626,"independent"
18,3627,"independent"
20,3628,"independent"
12,3629,"independent"
22,3630,"independent"
16,3631,"independent"
18,3632,"independent"
20,3633,"independent"
18,3634,"independent"
18,3635,"independent"
22,3636,"independent"
16,3637,"independent"
14,3638,"independent"
14,3639,"independent"
16,3640,"independent"
14,3641,"independent"
18,3642,"independent"
26,3643,"independent"
16,3644,"independent"
20,3645,"independent"
20,3646,"independent"
22,3647,"independent"
20,3648,"independent"
16,3649,"independent"
18,3650,"independent"
12,3651,"independent"
18,3652,"independent"
16,3653,"independent"
14,3654,"independent"
22,3655,"independent"
16,3656,"independent"
12,3657,"independent"
18,3658,"independent"
18,3659,"independent"
22,3660,"independent"
22,3661,"independent"
14,3662,"independent"
20,3663,"independent"
18,3664,"independent"
16,3665,"independent"
18,3666,"independent"
14,3667,"independent"
18,3668,"independent"
18,3669,"independent"
18,3670,"independent"
16,3671,"independent"
20,3672,"independent"
16,3673,"independent"
16,3674,"independent"
12,3675,"independent"
22,3676,"independent"
14,3677,"independent"
12,3678,"independent"
16,3679,"independent"
14,3680,"independent"
20,3681,"independent"
20,3682,"independent"
22,3683,"independent"
14,3684,"independent"
20,3685,"independent"
16,3686,"independent"
18,3687,"independent"
22,3688,"independent"
16,3689,"independent"
14,3690,"independent"
16,3691,"independent"
18,3692,"independent"
24,3693,"independent"
20,3694,"independent"
14,3695,"independent"
22,3696,"independent"
18,3697,"independent"
24,3698,"independent"
18,3699,"independent"
14,3700,"independent"
18,3701,"independent"
20,3702,"independent"
14,3703,"independent"
14,3704,"independent"
18,3705,"independent"
20,3706,"independent"
14,3707,"independent"
12,3708,"independent"
18,3709,"independent"
16,3710,"independent"
20,3711,"independent"
22,3712,"independent"
20,3713,"independent"
20,3714,"independent"
18,3715,"independent"
20,3716,"independent"
16,3717,"independent"
16,3718,"independent"
16,3719,"independent"
14,3720,"independent"
22,3721,"independent"
20,3722,"independent"
24,3723,"independent"
20,3724,"independent"
20,3725,"independent"
22,3726,"independent"
14,3727,"independent"
18,3728,"independent"
22,3729,"independent"
14,3730,"independent"
20,3731,"independent"
18,3732,"independent"
14,3733,"independent"
16,3734,"independent"
22,3735,"independent"
20,3736,"independent"
18,3737,"independent"
20,3738,"independent"
14,3739,"independent"
22,3740,"independent"
20,3741,"independent"
20,3742,"independent"
18,3743,"independent"
16,3744,"independent"
18,3745,"independent"
20,3746,"independent"
22,3747,"independent"
18,3748,"independent"
20,3749,"independent"
18,3750,"independent"
16,3751,"independent"
20,3752,"independent"
18,3753,"independent"
20,3754,"independent"
22,3755,"independent"
18,3756,"independent"
18,3757,"independent"
22,3758,"independent"
18,3759,"independent"
20,3760,"independent"
24,3761,"independent"
16,3762,"independent"
18,3763,"independent"
20,3764,"independent"
22,3765,"independent"
16,3766,"independent"
22,3767,"independent"
16,3768,"independent"
18,3769,"independent"
18,3770,"independent"
14,3771,"independent"
22,3772,"independent"
18,3773,"independent"
20,3774,"independent"
22,3775,"independent"
20,3776,"independent"
18,3777,"independent"
14,3778,"independent"
14,3779,"independent"
20,3780,"independent"
18,3781,"independent"
22,3782,"independent"
20,3783,"independent"
20,3784,"independent"
24,3785,"independent"
18,3786,"independent"
22,3787,"independent"
20,3788,"independent"
20,3789,"independent"
18,3790,"independent"
20,3791,"independent"
22,3792,"independent"
22,3793,"independent"
20,3794,"independent"
18,3795,"independent"
16,3796,"independent"
20,3797,"independent"
22,3798,"independent"
14,3799,"independent"
14,3800,"independent"
24,3801,"independent"
16,3802,"independent"
12,3803,"independent"
20,3804,"independent"
14,3805,"independent"
22,3806,"independent"
18,3807,"independent"
18,3808,"independent"
14,3809,"independent"
16,3810,"independent"
20,3811,"independent"
16,3812,"independent"
16,3813,"independent"
18,3814,"independent"
18,3815,"independent"
16,3816,"independent"
18,3817,"independent"
16,3818,"independent"
20,3819,"independent"
20,3820,"independent"
16,3821,"independent"
14,3822,"independent"
18,3823,"independent"
20,3824,"independent"
14,3825,"independent"
14,3826,"independent"
20,3827,"independent"
18,3828,"independent"
20,3829,"independent"
22,3830,"independent"
22,3831,"independent"
18,3832,"independent"
20,3833,"independent"
20,3834,"independent"
16,3835,"independent"
20,3836,"independent"
24,3837,"independent"
20,3838,"independent"
22,3839,"independent"
26,3840,"independent"
20,3841,"independent"
20,3842,"independent"
16,3843,"independent"
22,3844,"independent"
20,3845,"independent"
18,3846,"independent"
12,3847,"independent"
18,3848,"independent"
20,3849,"independent"
14,3850,"independent"
18,3851,"independent"
22,3852,"independent"
16,3853,"independent"
18,3854,"independent"
14,3855,"independent"
24,3856,"independent"
16,3857,"independent"
22,3858,"independent"
20,3859,"independent"
22,3860,"independent"
18,3861,"independent"
16,3862,"independent"
20,3863,"independent"
18,3864,"independent"
20,3865,"independent"
22,3866,"independent"
28,3867,"independent"
14,3868,"independent"
16,3869,"independent"
14,3870,"independent"
24,3871,"independent"
18,3872,"independent"
24,3873,"independent"
14,3874,"independent"
18,3875,"independent"
22,3876,"independent"
18,3877,"independent"
16,3878,"independent"
18,3879,"independent"
18,3880,"independent"
16,3881,"independent"
16,3882,"independent"
20,3883,"independent"
12,3884,"independent"
22,3885,"independent"
16,3886,"independent"
18,3887,"independent"
18,3888,"independent"
18,3889,"independent"
16,3890,"independent"
26,3891,"independent"
18,3892,"independent"
16,3893,"independent"
16,3894,"independent"
12,3895,"independent"
16,3896,"independent"
16,3897,"independent"
20,3898,"independent"
10,3899,"independent"
12,3900,"independent"
18,3901,"independent"
20,3902,"independent"
22,3903,"independent"
18,3904,"independent"
16,3905,"independent"
18,3906,"independent"
24,3907,"independent"
20,3908,"independent"
20,3909,"independent"
16,3910,"independent"
18,3911,"independent"
16,3912,"independent"
20,3913,"independent"
18,3914,"independent"
22,3915,"independent"
16,3916,"independent"
24,3917,"independent"
18,3918,"independent"
24,3919,"independent"
16,3920,"independent"
16,3921,"independent"
18,3922,"independent"
18,3923,"independent"
18,3924,"independent"
16,3925,"independent"
22,3926,"independent"
14,3927,"independent"
22,3928,"independent"
20,3929,"independent"
16,3930,"independent"
22,3931,"independent"
18,3932,"independent"
18,3933,"independent"
20,3934,"independent"
16,3935,"independent"
16,3936,"independent"
24,3937,"independent"
16,3938,"independent"
14,3939,"independent"
16,3940,"independent"
16,3941,"independent"
20,3942,"independent"
18,3943,"independent"
22,3944,"independent"
14,3945,"independent"
20,3946,"independent"
24,3947,"independent"
24,3948,"independent"
20,3949,"independent"
24,3950,"independent"
20,3951,"independent"
22,3952,"independent"
18,3953,"independent"
8,3954,"independent"
20,3955,"independent"
18,3956,"independent"
22,3957,"independent"
18,3958,"independent"
22,3959,"independent"
16,3960,"independent"
16,3961,"independent"
22,3962,"independent"
14,3963,"independent"
22,3964,"independent"
20,3965,"independent"
16,3966,"independent"
20,3967,"independent"
18,3968,"independent"
22,3969,"independent"
18,3970,"independent"
20,3971,"independent"
22,3972,"independent"
18,3973,"independent"
20,3974,"independent"
14,3975,"independent"
20,3976,"independent"
16,3977,"independent"
10,3978,"independent"
16,3979,"independent"
18,3980,"independent"
20,3981,"independent"
16,3982,"independent"
12,3983,"independent"
18,3984,"independent"
20,3985,"independent"
16,3986,"independent"
18,3987,"independent"
10,3988,"independent"
12,3989,"independent"
20,3990,"independent"
16,3991,"independent"
14,3992,"independent"
22,3993,"independent"
16,3994,"independent"
20,3995,"independent"
12,3996,"independent"
18,3997,"independent"
18,3998,"independent"
20,3999,"independent"
16,4000,"independent"
12,4001,"independent"
14,4002,"independent"
20,4003,"independent"
14,4004,"independent"
18,4005,"independent"
20,4006,"independent"
20,4007,"independent"
12,4008,"independent"
18,4009,"independent"
20,4010,"independent"
20,4011,"independent"
20,4012,"independent"
24,4013,"independent"
18,4014,"independent"
20,4015,"independent"
18,4016,"independent"
20,4017,"independent"
20,4018,"independent"
12,4019,"independent"
22,4020,"independent"
18,4021,"independent"
18,4022,"independent"
18,4023,"independent"
18,4024,"independent"
20,4025,"independent"
26,4026,"independent"
16,4027,"independent"
28,4028,"independent"
20,4029,"independent"
22,4030,"independent"
18,4031,"independent"
12,4032,"independent"
22,4033,"independent"
18,4034,"independent"
22,4035,"independent"
14,4036,"independent"
18,4037,"independent"
14,4038,"independent"
22,4039,"independent"
22,4040,"independent"
22,4041,"independent"
18,4042,"independent"
16,4043,"independent"
18,4044,"independent"
16,4045,"independent"
16,4046,"independent"
20,4047,"independent"
22,4048,"independent"
14,4049,"independent"
16,4050,"independent"
14,4051,"independent"
18,4052,"independent"
20,4053,"independent"
16,4054,"independent"
18,4055,"independent"
20,4056,"independent"
18,4057,"independent"
18,4058,"independent"
20,4059,"independent"
18,4060,"independent"
18,4061,"independent"
18,4062,"independent"
14,4063,"independent"
12,4064,"independent"
14,4065,"independent"
22,4066,"independent"
18,4067,"independent"
18,4068,"independent"
24,4069,"independent"
20,4070,"independent"
8,4071,"independent"
14,4072,"independent"
16,4073,"independent"
18,4074,"independent"
16,4075,"independent"
16,4076,"independent"
16,4077,"independent"
16,4078,"independent"
24,4079,"independent"
20,4080,"independent"
14,4081,"independent"
16,4082,"independent"
18,4083,"independent"
24,4084,"independent"
14,4085,"independent"
22,4086,"independent"
20,4087,"independent"
22,4088,"independent"
18,4089,"independent"
22,4090,"independent"
12,4091,"independent"
18,4092,"independent"
12,4093,"independent"
16,4094,"independent"
20,4095,"independent"
16,4096,"independent"
20,4097,"independent"
10,4098,"independent"
20,4099,"independent"
14,4100,"independent"
12,4101,"independent"
22,4102,"independent"
18,4103,"independent"
18,4104,"independent"
18,4105,"independent"
10,4106,"independent"
20,4107,"independent"
18,4108,"independent"
22,4109,"independent"
18,4110,"independent"
18,4111,"independent"
20,4112,"independent"
14,4113,"independent"
18,4114,"independent"
16,4115,"independent"
18,4116,"independent"
22,4117,"independent"
14,4118,"independent"
20,4119,"independent"
16,4120,"independent"
16,4121,"independent"
22,4122,"independent"
20,4123,"independent"
18,4124,"independent"
16,4125,"independent"
20,4126,"independent"
22,4127,"independent"
22,4128,"independent"
20,4129,"independent"
22,4130,"independent"
16,4131,"independent"
16,4132,"independent"
16,4133,"independent"
16,4134,"independent"
18,4135,"independent"
12,4136,"independent"
14,4137,"independent"
22,4138,"independent"
20,4139,"independent"
16,4140,"independent"
18,4141,"independent"
18,4142,"independent"
20,4143,"independent"
20,4144,"independent"
16,4145,"independent"
22,4146,"independent"
20,4147,"independent"
20,4148,"independent"
16,4149,"independent"
18,4150,"independent"
14,4151,"independent"
16,4152,"independent"
22,4153,"independent"
18,4154,"independent"
16,4155,"independent"
20,4156,"independent"
18,4157,"independent"
14,4158,"independent"
22,4159,"independent"
26,4160,"independent"
14,4161,"independent"
18,4162,"independent"
20,4163,"independent"
24,4164,"independent"
18,4165,"independent"
14,4166,"independent"
16,4167,"independent"
16,4168,"independent"
20,4169,"independent"
18,4170,"independent"
26,4171,"independent"
16,4172,"independent"
20,4173,"independent"
14,4174,"independent"
24,4175,"independent"
14,4176,"independent"
18,4177,"independent"
16,4178,"independent"
14,4179,"independent"
12,4180,"independent"
18,4181,"independent"
18,4182,"independent"
16,4183,"independent"
18,4184,"independent"
22,4185,"independent"
18,4186,"independent"
16,4187,"independent"
20,4188,"independent"
20,4189,"independent"
18,4190,"independent"
22,4191,"independent"
16,4192,"independent"
14,4193,"independent"
16,4194,"independent"
18,4195,"independent"
22,4196,"independent"
16,4197,"independent"
20,4198,"independent"
22,4199,"independent"
12,4200,"independent"
16,4201,"independent"
22,4202,"independent"
24,4203,"independent"
18,4204,"independent"
16,4205,"independent"
14,4206,"independent"
22,4207,"independent"
22,4208,"independent"
10,4209,"independent"
18,4210,"independent"
18,4211,"independent"
20,4212,"independent"
14,4213,"independent"
20,4214,"independent"
18,4215,"independent"
20,4216,"independent"
12,4217,"independent"
18,4218,"independent"
22,4219,"independent"
14,4220,"independent"
22,4221,"independent"
18,4222,"independent"
14,4223,"independent"
22,4224,"independent"
24,4225,"independent"
22,4226,"independent"
20,4227,"independent"
16,4228,"independent"
24,4229,"independent"
16,4230,"independent"
16,4231,"independent"
24,4232,"independent"
24,4233,"independent"
16,4234,"independent"
18,4235,"independent"
12,4236,"independent"
20,4237,"independent"
14,4238,"independent"
20,4239,"independent"
22,4240,"independent"
14,4241,"independent"
20,4242,"independent"
20,4243,"independent"
20,4244,"independent"
16,4245,"independent"
12,4246,"independent"
24,4247,"independent"
16,4248,"independent"
20,4249,"independent"
20,4250,"independent"
14,4251,"independent"
14,4252,"independent"
14,4253,"independent"
18,4254,"independent"
18,4255,"independent"
16,4256,"independent"
18,4257,"independent"
22,4258,"independent"
18,4259,"independent"
24,4260,"independent"
22,4261,"independent"
24,4262,"independent"
16,4263,"independent"
18,4264,"independent"
20,4265,"independent"
18,4266,"independent"
16,4267,"independent"
16,4268,"independent"
18,4269,"independent"
16,4270,"independent"
14,4271,"independent"
16,4272,"independent"
16,4273,"independent"
22,4274,"independent"
16,4275,"independent"
16,4276,"independent"
12,4277,"independent"
18,4278,"independent"
24,4279,"independent"
20,4280,"independent"
14,4281,"independent"
20,4282,"independent"
16,4283,"independent"
20,4284,"independent"
14,4285,"independent"
20,4286,"independent"
22,4287,"independent"
18,4288,"independent"
18,4289,"independent"
16,4290,"independent"
16,4291,"independent"
20,4292,"independent"
16,4293,"independent"
20,4294,"independent"
18,4295,"independent"
18,4296,"independent"
20,4297,"independent"
16,4298,"independent"
18,4299,"independent"
16,4300,"independent"
22,4301,"independent"
16,4302,"independent"
14,4303,"independent"
16,4304,"independent"
24,4305,"independent"
18,4306,"independent"
20,4307,"independent"
18,4308,"independent"
18,4309,"independent"
18,4310,"independent"
18,4311,"independent"
16,4312,"independent"
12,4313,"independent"
20,4314,"independent"
18,4315,"independent"
20,4316,"independent"
20,4317,"independent"
12,4318,"independent"
26,4319,"independent"
16,4320,"independent"
22,4321,"independent"
24,4322,"independent"
12,4323,"independent"
22,4324,"independent"
18,4325,"independent"
26,4326,"independent"
16,4327,"independent"
16,4328,"independent"
22,4329,"independent"
16,4330,"independent"
16,4331,"independent"
16,4332,"independent"
18,4333,"independent"
26,4334,"independent"
20,4335,"independent"
18,4336,"independent"
16,4337,"independent"
20,4338,"independent"
14,4339,"independent"
18,4340,"independent"
24,4341,"independent"
18,4342,"independent"
16,4343,"independent"
14,4344,"independent"
20,4345,"independent"
20,4346,"independent"
14,4347,"independent"
22,4348,"independent"
20,4349,"independent"
16,4350,"independent"
18,4351,"independent"
20,4352,"independent"
20,4353,"independent"
16,4354,"independent"
16,4355,"independent"
20,4356,"independent"
18,4357,"independent"
12,4358,"independent"
22,4359,"independent"
16,4360,"independent"
14,4361,"independent"
24,4362,"independent"
22,4363,"independent"
16,4364,"independent"
18,4365,"independent"
10,4366,"independent"
20,4367,"independent"
20,4368,"independent"
16,4369,"independent"
20,4370,"independent"
18,4371,"independent"
20,4372,"independent"
16,4373,"independent"
18,4374,"independent"
22,4375,"independent"
22,4376,"independent"
22,4377,"independent"
22,4378,"independent"
18,4379,"independent"
18,4380,"independent"
20,4381,"independent"
18,4382,"independent"
10,4383,"independent"
22,4384,"independent"
14,4385,"independent"
16,4386,"independent"
26,4387,"independent"
24,4388,"independent"
18,4389,"independent"
18,4390,"independent"
14,4391,"independent"
20,4392,"independent"
14,4393,"independent"
18,4394,"independent"
18,4395,"independent"
14,4396,"independent"
18,4397,"independent"
14,4398,"independent"
20,4399,"independent"
16,4400,"independent"
16,4401,"independent"
18,4402,"independent"
14,4403,"independent"
22,4404,"independent"
24,4405,"independent"
20,4406,"independent"
18,4407,"independent"
16,4408,"independent"
20,4409,"independent"
18,4410,"independent"
14,4411,"independent"
14,4412,"independent"
22,4413,"independent"
18,4414,"independent"
18,4415,"independent"
22,4416,"independent"
16,4417,"independent"
16,4418,"independent"
16,4419,"independent"
16,4420,"independent"
18,4421,"independent"
12,4422,"independent"
18,4423,"independent"
18,4424,"independent"
20,4425,"independent"
18,4426,"independent"
14,4427,"independent"
20,4428,"independent"
16,4429,"independent"
24,4430,"independent"
20,4431,"independent"
22,4432,"independent"
20,4433,"independent"
24,4434,"independent"
20,4435,"independent"
20,4436,"independent"
18,4437,"independent"
26,4438,"independent"
22,4439,"independent"
20,4440,"independent"
16,4441,"independent"
22,4442,"independent"
14,4443,"independent"
18,4444,"independent"
18,4445,"independent"
18,4446,"independent"
24,4447,"independent"
18,4448,"independent"
14,4449,"independent"
16,4450,"independent"
14,4451,"independent"
22,4452,"independent"
18,4453,"independent"
20,4454,"independent"
18,4455,"independent"
20,4456,"independent"
22,4457,"independent"
14,4458,"independent"
14,4459,"independent"
24,4460,"independent"
24,4461,"independent"
16,4462,"independent"
16,4463,"independent"
14,4464,"independent"
24,4465,"independent"
18,4466,"independent"
16,4467,"independent"
22,4468,"independent"
16,4469,"independent"
24,4470,"independent"
18,4471,"independent"
20,4472,"independent"
22,4473,"independent"
16,4474,"independent"
16,4475,"independent"
14,4476,"independent"
24,4477,"independent"
22,4478,"independent"
20,4479,"independent"
20,4480,"independent"
18,4481,"independent"
20,4482,"independent"
22,4483,"independent"
18,4484,"independent"
14,4485,"independent"
18,4486,"independent"
16,4487,"independent"
16,4488,"independent"
14,4489,"independent"
20,4490,"independent"
20,4491,"independent"
18,4492,"independent"
18,4493,"independent"
18,4494,"independent"
20,4495,"independent"
18,4496,"independent"
20,4497,"independent"
26,4498,"independent"
22,4499,"independent"
18,4500,"independent"
18,4501,"independent"
22,4502,"independent"
20,4503,"independent"
18,4504,"independent"
20,4505,"independent"
20,4506,"independent"
22,4507,"independent"
18,4508,"independent"
22,4509,"independent"
12,4510,"independent"
28,4511,"independent"
14,4512,"independent"
18,4513,"independent"
18,4514,"independent"
16,4515,"independent"
16,4516,"independent"
18,4517,"independent"
20,4518,"independent"
18,4519,"independent"
20,4520,"independent"
22,4521,"independent"
10,4522,"independent"
18,4523,"independent"
20,4524,"independent"
18,4525,"independent"
18,4526,"independent"
20,4527,"independent"
26,4528,"independent"
14,4529,"independent"
18,4530,"independent"
20,4531,"independent"
16,4532,"independent"
16,4533,"independent"
14,4534,"independent"
20,4535,"independent"
16,4536,"independent"
18,4537,"independent"
22,4538,"independent"
20,4539,"independent"
22,4540,"independent"
24,4541,"independent"
24,4542,"independent"
20,4543,"independent"
16,4544,"independent"
18,4545,"independent"
14,4546,"independent"
16,4547,"independent"
14,4548,"independent"
16,4549,"independent"
18,4550,"independent"
12,4551,"independent"
18,4552,"independent"
24,4553,"independent"
12,4554,"independent"
18,4555,"independent"
20,4556,"independent"
22,4557,"independent"
16,4558,"independent"
16,4559,"independent"
16,4560,"independent"
20,4561,"independent"
18,4562,"independent"
16,4563,"independent"
12,4564,"independent"
22,4565,"independent"
18,4566,"independent"
20,4567,"independent"
18,4568,"independent"
18,4569,"independent"
12,4570,"independent"
20,4571,"independent"
18,4572,"independent"
18,4573,"independent"
22,4574,"independent"
18,4575,"independent"
18,4576,"independent"
12,4577,"independent"
20,4578,"independent"
22,4579,"independent"
18,4580,"independent"
16,4581,"independent"
24,4582,"independent"
20,4583,"independent"
22,4584,"independent"
16,4585,"independent"
22,4586,"independent"
10,4587,"independent"
10,4588,"independent"
18,4589,"independent"
26,4590,"independent"
20,4591,"independent"
20,4592,"independent"
18,4593,"independent"
18,4594,"independent"
18,4595,"independent"
18,4596,"independent"
18,4597,"independent"
18,4598,"independent"
18,4599,"independent"
16,4600,"independent"
18,4601,"independent"
8,4602,"independent"
24,4603,"independent"
20,4604,"independent"
18,4605,"independent"
32,4606,"independent"
20,4607,"independent"
14,4608,"independent"
20,4609,"independent"
20,4610,"independent"
18,4611,"independent"
20,4612,"independent"
18,4613,"independent"
14,4614,"independent"
16,4615,"independent"
18,4616,"independent"
18,4617,"independent"
22,4618,"independent"
16,4619,"independent"
22,4620,"independent"
14,4621,"independent"
20,4622,"independent"
18,4623,"independent"
10,4624,"independent"
12,4625,"independent"
18,4626,"independent"
18,4627,"independent"
12,4628,"independent"
14,4629,"independent"
14,4630,"independent"
16,4631,"independent"
16,4632,"independent"
18,4633,"independent"
20,4634,"independent"
22,4635,"independent"
16,4636,"independent"
20,4637,"independent"
24,4638,"independent"
18,4639,"independent"
14,4640,"independent"
18,4641,"independent"
18,4642,"independent"
12,4643,"independent"
18,4644,"independent"
24,4645,"independent"
24,4646,"independent"
18,4647,"independent"
20,4648,"independent"
14,4649,"independent"
18,4650,"independent"
20,4651,"independent"
20,4652,"independent"
20,4653,"independent"
16,4654,"independent"
20,4655,"independent"
20,4656,"independent"
22,4657,"independent"
14,4658,"independent"
18,4659,"independent"
18,4660,"independent"
12,4661,"independent"
14,4662,"independent"
16,4663,"independent"
18,4664,"independent"
18,4665,"independent"
14,4666,"independent"
22,4667,"independent"
14,4668,"independent"
12,4669,"independent"
20,4670,"independent"
14,4671,"independent"
18,4672,"independent"
20,4673,"independent"
18,4674,"independent"
20,4675,"independent"
18,4676,"independent"
16,4677,"independent"
18,4678,"independent"
18,4679,"independent"
20,4680,"independent"
18,4681,"independent"
20,4682,"independent"
14,4683,"independent"
24,4684,"independent"
20,4685,"independent"
16,4686,"independent"
20,4687,"independent"
18,4688,"independent"
18,4689,"independent"
20,4690,"independent"
22,4691,"independent"
22,4692,"independent"
12,4693,"independent"
16,4694,"independent"
22,4695,"independent"
18,4696,"independent"
16,4697,"independent"
16,4698,"independent"
16,4699,"independent"
20,4700,"independent"
14,4701,"independent"
18,4702,"independent"
20,4703,"independent"
14,4704,"independent"
24,4705,"independent"
20,4706,"independent"
18,4707,"independent"
18,4708,"independent"
14,4709,"independent"
24,4710,"independent"
18,4711,"independent"
10,4712,"independent"
16,4713,"independent"
20,4714,"independent"
14,4715,"independent"
18,4716,"independent"
16,4717,"independent"
18,4718,"independent"
20,4719,"independent"
16,4720,"independent"
16,4721,"independent"
22,4722,"independent"
14,4723,"independent"
18,4724,"independent"
14,4725,"independent"
22,4726,"independent"
20,4727,"independent"
24,4728,"independent"
16,4729,"independent"
20,4730,"independent"
18,4731,"independent"
18,4732,"independent"
20,4733,"independent"
20,4734,"independent"
16,4735,"independent"
14,4736,"independent"
14,4737,"independent"
22,4738,"independent"
22,4739,"independent"
18,4740,"independent"
14,4741,"independent"
12,4742,"independent"
22,4743,"independent"
20,4744,"independent"
18,4745,"independent"
18,4746,"independent"
16,4747,"independent"
16,4748,"independent"
18,4749,"independent"
16,4750,"independent"
22,4751,"independent"
20,4752,"independent"
18,4753,"independent"
26,4754,"independent"
24,4755,"independent"
18,4756,"independent"
16,4757,"independent"
20,4758,"independent"
18,4759,"independent"
18,4760,"independent"
14,4761,"independent"
20,4762,"independent"
14,4763,"independent"
16,4764,"independent"
22,4765,"independent"
20,4766,"independent"
14,4767,"independent"
20,4768,"independent"
22,4769,"independent"
20,4770,"independent"
16,4771,"independent"
22,4772,"independent"
24,4773,"independent"
14,4774,"independent"
22,4775,"independent"
18,4776,"independent"
18,4777,"independent"
14,4778,"independent"
16,4779,"independent"
20,4780,"independent"
14,4781,"independent"
20,4782,"independent"
16,4783,"independent"
22,4784,"independent"
18,4785,"independent"
18,4786,"independent"
22,4787,"independent"
20,4788,"independent"
20,4789,"independent"
22,4790,"independent"
18,4791,"independent"
22,4792,"independent"
22,4793,"independent"
18,4794,"independent"
16,4795,"independent"
22,4796,"independent"
18,4797,"independent"
18,4798,"independent"
18,4799,"independent"
16,4800,"independent"
20,4801,"independent"
20,4802,"independent"
24,4803,"independent"
20,4804,"independent"
22,4805,"independent"
22,4806,"independent"
16,4807,"independent"
18,4808,"independent"
24,4809,"independent"
20,4810,"independent"
16,4811,"independent"
20,4812,"independent"
18,4813,"independent"
18,4814,"independent"
20,4815,"independent"
18,4816,"independent"
20,4817,"independent"
20,4818,"independent"
18,4819,"independent"
16,4820,"independent"
18,4821,"independent"
18,4822,"independent"
14,4823,"independent"
20,4824,"independent"
16,4825,"independent"
12,4826,"independent"
20,4827,"independent"
16,4828,"independent"
22,4829,"independent"
14,4830,"independent"
18,4831,"independent"
20,4832,"independent"
24,4833,"independent"
22,4834,"independent"
20,4835,"independent"
16,4836,"independent"
8,4837,"independent"
16,4838,"independent"
22,4839,"independent"
22,4840,"independent"
16,4841,"independent"
20,4842,"independent"
14,4843,"independent"
20,4844,"independent"
20,4845,"independent"
16,4846,"independent"
14,4847,"independent"
20,4848,"independent"
20,4849,"independent"
18,4850,"independent"
16,4851,"independent"
16,4852,"independent"
14,4853,"independent"
16,4854,"independent"
16,4855,"independent"
18,4856,"independent"
18,4857,"independent"
20,4858,"independent"
20,4859,"independent"
18,4860,"independent"
12,4861,"independent"
20,4862,"independent"
16,4863,"independent"
14,4864,"independent"
24,4865,"independent"
22,4866,"independent"
20,4867,"independent"
16,4868,"independent"
18,4869,"independent"
22,4870,"independent"
16,4871,"independent"
24,4872,"independent"
12,4873,"independent"
18,4874,"independent"
16,4875,"independent"
20,4876,"independent"
16,4877,"independent"
16,4878,"independent"
20,4879,"independent"
16,4880,"independent"
16,4881,"independent"
14,4882,"independent"
16,4883,"independent"
18,4884,"independent"
12,4885,"independent"
16,4886,"independent"
22,4887,"independent"
18,4888,"independent"
20,4889,"independent"
22,4890,"independent"
16,4891,"independent"
18,4892,"independent"
14,4893,"independent"
20,4894,"independent"
18,4895,"independent"
18,4896,"independent"
10,4897,"independent"
22,4898,"independent"
14,4899,"independent"
24,4900,"independent"
18,4901,"independent"
22,4902,"independent"
18,4903,"independent"
18,4904,"independent"
14,4905,"independent"
24,4906,"independent"
20,4907,"independent"
18,4908,"independent"
16,4909,"independent"
14,4910,"independent"
18,4911,"independent"
20,4912,"independent"
14,4913,"independent"
14,4914,"independent"
16,4915,"independent"
22,4916,"independent"
18,4917,"independent"
20,4918,"independent"
14,4919,"independent"
16,4920,"independent"
18,4921,"independent"
22,4922,"independent"
14,4923,"independent"
18,4924,"independent"
18,4925,"independent"
20,4926,"independent"
24,4927,"independent"
16,4928,"independent"
20,4929,"independent"
20,4930,"independent"
18,4931,"independent"
18,4932,"independent"
12,4933,"independent"
14,4934,"independent"
16,4935,"independent"
18,4936,"independent"
14,4937,"independent"
16,4938,"independent"
22,4939,"independent"
20,4940,"independent"
18,4941,"independent"
16,4942,"independent"
20,4943,"independent"
18,4944,"independent"
20,4945,"independent"
18,4946,"independent"
20,4947,"independent"
16,4948,"independent"
16,4949,"independent"
20,4950,"independent"
18,4951,"independent"
14,4952,"independent"
20,4953,"independent"
18,4954,"independent"
20,4955,"independent"
18,4956,"independent"
24,4957,"independent"
16,4958,"independent"
18,4959,"independent"
14,4960,"independent"
14,4961,"independent"
16,4962,"independent"
18,4963,"independent"
16,4964,"independent"
22,4965,"independent"
16,4966,"independent"
12,4967,"independent"
22,4968,"independent"
22,4969,"independent"
16,4970,"independent"
20,4971,"independent"
18,4972,"independent"
22,4973,"independent"
14,4974,"independent"
18,4975,"independent"
20,4976,"independent"
22,4977,"independent"
18,4978,"independent"
12,4979,"independent"
22,4980,"independent"
16,4981,"independent"
20,4982,"independent"
22,4983,"independent"
14,4984,"independent"
22,4985,"independent"
24,4986,"independent"
20,4987,"independent"
18,4988,"independent"
20,4989,"independent"
20,4990,"independent"
16,4991,"independent"
20,4992,"independent"
18,4993,"independent"
18,4994,"independent"
20,4995,"independent"
18,4996,"independent"
20,4997,"independent"
20,4998,"independent"
24,4999,"independent"
14,5000,"independent"
14,5001,"independent"
22,5002,"independent"
16,5003,"independent"
14,5004,"independent"
14,5005,"independent"
22,5006,"independent"
16,5007,"independent"
14,5008,"independent"
22,5009,"independent"
18,5010,"independent"
22,5011,"independent"
16,5012,"independent"
18,5013,"independent"
16,5014,"independent"
20,5015,"independent"
12,5016,"independent"
18,5017,"independent"
14,5018,"independent"
18,5019,"independent"
22,5020,"independent"
16,5021,"independent"
20,5022,"independent"
16,5023,"independent"
14,5024,"independent"
16,5025,"independent"
22,5026,"independent"
22,5027,"independent"
16,5028,"independent"
18,5029,"independent"
20,5030,"independent"
22,5031,"independent"
26,5032,"independent"
14,5033,"independent"
16,5034,"independent"
22,5035,"independent"
20,5036,"independent"
24,5037,"independent"
20,5038,"independent"
24,5039,"independent"
18,5040,"independent"
14,5041,"independent"
18,5042,"independent"
22,5043,"independent"
14,5044,"independent"
20,5045,"independent"
18,5046,"independent"
16,5047,"independent"
20,5048,"independent"
22,5049,"independent"
14,5050,"independent"
16,5051,"independent"
20,5052,"independent"
18,5053,"independent"
16,5054,"independent"
24,5055,"independent"
14,5056,"independent"
20,5057,"independent"
22,5058,"independent"
20,5059,"independent"
14,5060,"independent"
14,5061,"independent"
22,5062,"independent"
10,5063,"independent"
16,5064,"independent"
20,5065,"independent"
16,5066,"independent"
20,5067,"independent"
16,5068,"independent"
16,5069,"independent"
20,5070,"independent"
16,5071,"independent"
20,5072,"independent"
18,5073,"independent"
14,5074,"independent"
22,5075,"independent"
16,5076,"independent"
22,5077,"independent"
20,5078,"independent"
16,5079,"independent"
18,5080,"independent"
18,5081,"independent"
14,5082,"independent"
18,5083,"independent"
18,5084,"independent"
22,5085,"independent"
20,5086,"independent"
22,5087,"independent"
18,5088,"independent"
18,5089,"independent"
14,5090,"independent"
18,5091,"independent"
18,5092,"independent"
16,5093,"independent"
20,5094,"independent"
16,5095,"independent"
14,5096,"independent"
22,5097,"independent"
16,5098,"independent"
20,5099,"independent"
16,5100,"independent"
18,5101,"independent"
20,5102,"independent"
16,5103,"independent"
20,5104,"independent"
18,5105,"independent"
20,5106,"independent"
18,5107,"independent"
20,5108,"independent"
22,5109,"independent"
16,5110,"independent"
20,5111,"independent"
18,5112,"independent"
20,5113,"independent"
20,5114,"independent"
18,5115,"independent"
14,5116,"independent"
10,5117,"independent"
16,5118,"independent"
18,5119,"independent"
20,5120,"independent"
18,5121,"independent"
20,5122,"independent"
24,5123,"independent"
16,5124,"independent"
16,5125,"independent"
18,5126,"independent"
18,5127,"independent"
20,5128,"independent"
24,5129,"independent"
14,5130,"independent"
14,5131,"independent"
16,5132,"independent"
16,5133,"independent"
22,5134,"independent"
22,5135,"independent"
16,5136,"independent"
22,5137,"independent"
18,5138,"independent"
18,5139,"independent"
16,5140,"independent"
12,5141,"independent"
16,5142,"independent"
20,5143,"independent"
20,5144,"independent"
18,5145,"independent"
24,5146,"independent"
20,5147,"independent"
14,5148,"independent"
10,5149,"independent"
20,5150,"independent"
14,5151,"independent"
28,5152,"independent"
16,5153,"independent"
16,5154,"independent"
10,5155,"independent"
20,5156,"independent"
22,5157,"independent"
10,5158,"independent"
16,5159,"independent"
22,5160,"independent"
18,5161,"independent"
22,5162,"independent"
18,5163,"independent"
24,5164,"independent"
20,5165,"independent"
16,5166,"independent"
22,5167,"independent"
20,5168,"independent"
22,5169,"independent"
14,5170,"independent"
20,5171,"independent"
18,5172,"independent"
18,5173,"independent"
14,5174,"independent"
22,5175,"independent"
20,5176,"independent"
18,5177,"independent"
20,5178,"independent"
18,5179,"independent"
16,5180,"independent"
18,5181,"independent"
20,5182,"independent"
20,5183,"independent"
24,5184,"independent"
20,5185,"independent"
16,5186,"independent"
14,5187,"independent"
20,5188,"independent"
16,5189,"independent"
14,5190,"independent"
22,5191,"independent"
16,5192,"independent"
18,5193,"independent"
20,5194,"independent"
16,5195,"independent"
16,5196,"independent"
20,5197,"independent"
24,5198,"independent"
12,5199,"independent"
20,5200,"independent"
22,5201,"independent"
16,5202,"independent"
16,5203,"independent"
20,5204,"independent"
18,5205,"independent"
18,5206,"independent"
12,5207,"independent"
20,5208,"independent"
16,5209,"independent"
18,5210,"independent"
20,5211,"independent"
20,5212,"independent"
20,5213,"independent"
14,5214,"independent"
18,5215,"independent"
18,5216,"independent"
20,5217,"independent"
16,5218,"independent"
18,5219,"independent"
20,5220,"independent"
16,5221,"independent"
18,5222,"independent"
20,5223,"independent"
20,5224,"independent"
18,5225,"independent"
16,5226,"independent"
16,5227,"independent"
16,5228,"independent"
16,5229,"independent"
24,5230,"independent"
18,5231,"independent"
20,5232,"independent"
18,5233,"independent"
12,5234,"independent"
16,5235,"independent"
22,5236,"independent"
20,5237,"independent"
16,5238,"independent"
18,5239,"independent"
22,5240,"independent"
10,5241,"independent"
18,5242,"independent"
18,5243,"independent"
22,5244,"independent"
20,5245,"independent"
24,5246,"independent"
18,5247,"independent"
14,5248,"independent"
18,5249,"independent"
14,5250,"independent"
18,5251,"independent"
22,5252,"independent"
22,5253,"independent"
20,5254,"independent"
12,5255,"independent"
16,5256,"independent"
22,5257,"independent"
24,5258,"independent"
14,5259,"independent"
12,5260,"independent"
18,5261,"independent"
18,5262,"independent"
14,5263,"independent"
18,5264,"independent"
18,5265,"independent"
14,5266,"independent"
16,5267,"independent"
16,5268,"independent"
20,5269,"independent"
16,5270,"independent"
20,5271,"independent"
18,5272,"independent"
18,5273,"independent"
20,5274,"independent"
24,5275,"independent"
18,5276,"independent"
22,5277,"independent"
18,5278,"independent"
18,5279,"independent"
16,5280,"independent"
20,5281,"independent"
16,5282,"independent"
18,5283,"independent"
10,5284,"independent"
24,5285,"independent"
18,5286,"independent"
18,5287,"independent"
24,5288,"independent"
18,5289,"independent"
26,5290,"independent"
20,5291,"independent"
18,5292,"independent"
20,5293,"independent"
16,5294,"independent"
20,5295,"independent"
10,5296,"independent"
14,5297,"independent"
16,5298,"independent"
22,5299,"independent"
24,5300,"independent"
16,5301,"independent"
20,5302,"independent"
16,5303,"independent"
18,5304,"independent"
22,5305,"independent"
22,5306,"independent"
18,5307,"independent"
14,5308,"independent"
18,5309,"independent"
20,5310,"independent"
22,5311,"independent"
16,5312,"independent"
20,5313,"independent"
18,5314,"independent"
20,5315,"independent"
20,5316,"independent"
24,5317,"independent"
18,5318,"independent"
20,5319,"independent"
12,5320,"independent"
20,5321,"independent"
12,5322,"independent"
22,5323,"independent"
14,5324,"independent"
14,5325,"independent"
18,5326,"independent"
16,5327,"independent"
18,5328,"independent"
22,5329,"independent"
22,5330,"independent"
22,5331,"independent"
16,5332,"independent"
12,5333,"independent"
20,5334,"independent"
28,5335,"independent"
20,5336,"independent"
16,5337,"independent"
16,5338,"independent"
20,5339,"independent"
18,5340,"independent"
16,5341,"independent"
14,5342,"independent"
20,5343,"independent"
22,5344,"independent"
22,5345,"independent"
16,5346,"independent"
16,5347,"independent"
18,5348,"independent"
16,5349,"independent"
22,5350,"independent"
26,5351,"independent"
24,5352,"independent"
18,5353,"independent"
18,5354,"independent"
22,5355,"independent"
22,5356,"independent"
20,5357,"independent"
18,5358,"independent"
22,5359,"independent"
20,5360,"independent"
20,5361,"independent"
24,5362,"independent"
16,5363,"independent"
12,5364,"independent"
18,5365,"independent"
14,5366,"independent"
22,5367,"independent"
20,5368,"independent"
14,5369,"independent"
20,5370,"independent"
16,5371,"independent"
14,5372,"independent"
16,5373,"independent"
20,5374,"independent"
20,5375,"independent"
20,5376,"independent"
18,5377,"independent"
20,5378,"independent"
18,5379,"independent"
20,5380,"independent"
14,5381,"independent"
16,5382,"independent"
16,5383,"independent"
20,5384,"independent"
16,5385,"independent"
22,5386,"independent"
16,5387,"independent"
20,5388,"independent"
18,5389,"independent"
14,5390,"independent"
18,5391,"independent"
14,5392,"independent"
18,5393,"independent"
22,5394,"independent"
18,5395,"independent"
28,5396,"independent"
18,5397,"independent"
24,5398,"independent"
24,5399,"independent"
16,5400,"independent"
18,5401,"independent"
22,5402,"independent"
18,5403,"independent"
14,5404,"independent"
14,5405,"independent"
20,5406,"independent"
16,5407,"independent"
14,5408,"independent"
18,5409,"independent"
18,5410,"independent"
20,5411,"independent"
14,5412,"independent"
20,5413,"independent"
20,5414,"independent"
20,5415,"independent"
24,5416,"independent"
22,5417,"independent"
16,5418,"independent"
12,5419,"independent"
24,5420,"independent"
16,5421,"independent"
22,5422,"independent"
16,5423,"independent"
22,5424,"independent"
16,5425,"independent"
12,5426,"independent"
20,5427,"independent"
20,5428,"independent"
20,5429,"independent"
12,5430,"independent"
14,5431,"independent"
16,5432,"independent"
10,5433,"independent"
24,5434,"independent"
18,5435,"independent"
16,5436,"independent"
22,5437,"independent"
20,5438,"independent"
18,5439,"independent"
20,5440,"independent"
18,5441,"independent"
16,5442,"independent"
16,5443,"independent"
18,5444,"independent"
12,5445,"independent"
22,5446,"independent"
14,5447,"independent"
18,5448,"independent"
14,5449,"independent"
20,5450,"independent"
20,5451,"independent"
24,5452,"independent"
18,5453,"independent"
18,5454,"independent"
10,5455,"independent"
14,5456,"independent"
20,5457,"independent"
18,5458,"independent"
20,5459,"independent"
22,5460,"independent"
14,5461,"independent"
22,5462,"independent"
22,5463,"independent"
20,5464,"independent"
22,5465,"independent"
18,5466,"independent"
18,5467,"independent"
22,5468,"independent"
14,5469,"independent"
24,5470,"independent"
10,5471,"independent"
14,5472,"independent"
18,5473,"independent"
22,5474,"independent"
18,5475,"independent"
20,5476,"independent"
16,5477,"independent"
22,5478,"independent"
16,5479,"independent"
16,5480,"independent"
12,5481,"independent"
18,5482,"independent"
20,5483,"independent"
16,5484,"independent"
20,5485,"independent"
18,5486,"independent"
14,5487,"independent"
16,5488,"independent"
20,5489,"independent"
18,5490,"independent"
18,5491,"independent"
20,5492,"independent"
20,5493,"independent"
20,5494,"independent"
20,5495,"independent"
14,5496,"independent"
22,5497,"independent"
14,5498,"independent"
18,5499,"independent"
18,5500,"independent"
16,5501,"independent"
14,5502,"independent"
16,5503,"independent"
18,5504,"independent"
18,5505,"independent"
18,5506,"independent"
20,5507,"independent"
16,5508,"independent"
22,5509,"independent"
18,5510,"independent"
24,5511,"independent"
18,5512,"independent"
22,5513,"independent"
20,5514,"independent"
14,5515,"independent"
14,5516,"independent"
20,5517,"independent"
14,5518,"independent"
16,5519,"independent"
16,5520,"independent"
10,5521,"independent"
18,5522,"independent"
20,5523,"independent"
14,5524,"independent"
12,5525,"independent"
20,5526,"independent"
18,5527,"independent"
16,5528,"independent"
16,5529,"independent"
22,5530,"independent"
18,5531,"independent"
20,5532,"independent"
12,5533,"independent"
18,5534,"independent"
20,5535,"independent"
18,5536,"independent"
12,5537,"independent"
20,5538,"independent"
14,5539,"independent"
18,5540,"independent"
20,5541,"independent"
18,5542,"independent"
22,5543,"independent"
14,5544,"independent"
22,5545,"independent"
22,5546,"independent"
20,5547,"independent"
14,5548,"independent"
16,5549,"independent"
16,5550,"independent"
16,5551,"independent"
24,5552,"independent"
20,5553,"independent"
24,5554,"independent"
16,5555,"independent"
18,5556,"independent"
22,5557,"independent"
10,5558,"independent"
14,5559,"independent"
20,5560,"independent"
12,5561,"independent"
18,5562,"independent"
18,5563,"independent"
22,5564,"independent"
24,5565,"independent"
12,5566,"independent"
16,5567,"independent"
18,5568,"independent"
20,5569,"independent"
24,5570,"independent"
20,5571,"independent"
22,5572,"independent"
16,5573,"independent"
16,5574,"independent"
16,5575,"independent"
16,5576,"independent"
20,5577,"independent"
20,5578,"independent"
18,5579,"independent"
16,5580,"independent"
16,5581,"independent"
18,5582,"independent"
18,5583,"independent"
18,5584,"independent"
20,5585,"independent"
16,5586,"independent"
20,5587,"independent"
20,5588,"independent"
12,5589,"independent"
18,5590,"independent"
16,5591,"independent"
20,5592,"independent"
20,5593,"independent"
18,5594,"independent"
24,5595,"independent"
20,5596,"independent"
22,5597,"independent"
18,5598,"independent"
22,5599,"independent"
16,5600,"independent"
14,5601,"independent"
18,5602,"independent"
14,5603,"independent"
14,5604,"independent"
16,5605,"independent"
22,5606,"independent"
20,5607,"independent"
22,5608,"independent"
14,5609,"independent"
16,5610,"independent"
14,5611,"independent"
14,5612,"independent"
10,5613,"independent"
22,5614,"independent"
20,5615,"independent"
20,5616,"independent"
16,5617,"independent"
16,5618,"independent"
14,5619,"independent"
14,5620,"independent"
20,5621,"independent"
12,5622,"independent"
22,5623,"independent"
22,5624,"independent"
18,5625,"independent"
20,5626,"independent"
18,5627,"independent"
24,5628,"independent"
20,5629,"independent"
24,5630,"independent"
20,5631,"independent"
22,5632,"independent"
18,5633,"independent"
16,5634,"independent"
20,5635,"independent"
16,5636,"independent"
16,5637,"independent"
14,5638,"independent"
20,5639,"independent"
18,5640,"independent"
20,5641,"independent"
14,5642,"independent"
14,5643,"independent"
22,5644,"independent"
18,5645,"independent"
20,5646,"independent"
20,5647,"independent"
18,5648,"independent"
22,5649,"independent"
20,5650,"independent"
18,5651,"independent"
16,5652,"independent"
12,5653,"independent"
20,5654,"independent"
16,5655,"independent"
16,5656,"independent"
18,5657,"independent"
20,5658,"independent"
16,5659,"independent"
16,5660,"independent"
20,5661,"independent"
18,5662,"independent"
14,5663,"independent"
18,5664,"independent"
18,5665,"independent"
14,5666,"independent"
20,5667,"independent"
14,5668,"independent"
14,5669,"independent"
14,5670,"independent"
16,5671,"independent"
20,5672,"independent"
12,5673,"independent"
14,5674,"independent"
14,5675,"independent"
20,5676,"independent"
16,5677,"independent"
20,5678,"independent"
22,5679,"independent"
14,5680,"independent"
16,5681,"independent"
18,5682,"independent"
16,5683,"independent"
22,5684,"independent"
22,5685,"independent"
16,5686,"independent"
18,5687,"independent"
20,5688,"independent"
16,5689,"independent"
16,5690,"independent"
20,5691,"independent"
20,5692,"independent"
16,5693,"independent"
18,5694,"independent"
20,5695,"independent"
18,5696,"independent"
18,5697,"independent"
12,5698,"independent"
16,5699,"independent"
20,5700,"independent"
16,5701,"independent"
18,5702,"independent"
18,5703,"independent"
24,5704,"independent"
16,5705,"independent"
22,5706,"independent"
18,5707,"independent"
24,5708,"independent"
12,5709,"independent"
20,5710,"independent"
16,5711,"independent"
16,5712,"independent"
14,5713,"independent"
18,5714,"independent"
22,5715,"independent"
14,5716,"independent"
18,5717,"independent"
18,5718,"independent"
10,5719,"independent"
20,5720,"independent"
24,5721,"independent"
16,5722,"independent"
22,5723,"independent"
20,5724,"independent"
22,5725,"independent"
14,5726,"independent"
20,5727,"independent"
22,5728,"independent"
14,5729,"independent"
14,5730,"independent"
22,5731,"independent"
20,5732,"independent"
16,5733,"independent"
24,5734,"independent"
18,5735,"independent"
16,5736,"independent"
14,5737,"independent"
22,5738,"independent"
18,5739,"independent"
14,5740,"independent"
20,5741,"independent"
18,5742,"independent"
14,5743,"independent"
18,5744,"independent"
22,5745,"independent"
18,5746,"independent"
16,5747,"independent"
16,5748,"independent"
24,5749,"independent"
20,5750,"independent"
14,5751,"independent"
18,5752,"independent"
14,5753,"independent"
18,5754,"independent"
16,5755,"independent"
14,5756,"independent"
18,5757,"independent"
18,5758,"independent"
18,5759,"independent"
22,5760,"independent"
24,5761,"independent"
18,5762,"independent"
16,5763,"independent"
16,5764,"independent"
14,5765,"independent"
24,5766,"independent"
18,5767,"independent"
24,5768,"independent"
16,5769,"independent"
14,5770,"independent"
22,5771,"independent"
14,5772,"independent"
22,5773,"independent"
20,5774,"independent"
18,5775,"independent"
22,5776,"independent"
18,5777,"independent"
24,5778,"independent"
18,5779,"independent"
18,5780,"independent"
20,5781,"independent"
16,5782,"independent"
20,5783,"independent"
18,5784,"independent"
22,5785,"independent"
22,5786,"independent"
16,5787,"independent"
18,5788,"independent"
18,5789,"independent"
18,5790,"independent"
16,5791,"independent"
20,5792,"independent"
24,5793,"independent"
22,5794,"independent"
14,5795,"independent"
22,5796,"independent"
12,5797,"independent"
14,5798,"independent"
24,5799,"independent"
16,5800,"independent"
20,5801,"independent"
24,5802,"independent"
20,5803,"independent"
24,5804,"independent"
18,5805,"independent"
18,5806,"independent"
16,5807,"independent"
22,5808,"independent"
16,5809,"independent"
22,5810,"independent"
20,5811,"independent"
18,5812,"independent"
24,5813,"independent"
20,5814,"independent"
18,5815,"independent"
20,5816,"independent"
20,5817,"independent"
16,5818,"independent"
24,5819,"independent"
22,5820,"independent"
18,5821,"independent"
22,5822,"independent"
20,5823,"independent"
18,5824,"independent"
20,5825,"independent"
16,5826,"independent"
12,5827,"independent"
20,5828,"independent"
16,5829,"independent"
16,5830,"independent"
16,5831,"independent"
22,5832,"independent"
24,5833,"independent"
16,5834,"independent"
18,5835,"independent"
18,5836,"independent"
18,5837,"independent"
10,5838,"independent"
16,5839,"independent"
14,5840,"independent"
14,5841,"independent"
20,5842,"independent"
22,5843,"independent"
18,5844,"independent"
16,5845,"independent"
20,5846,"independent"
16,5847,"independent"
16,5848,"independent"
24,5849,"independent"
14,5850,"independent"
26,5851,"independent"
24,5852,"independent"
20,5853,"independent"
20,5854,"independent"
18,5855,"independent"
14,5856,"independent"
22,5857,"independent"
20,5858,"independent"
20,5859,"independent"
24,5860,"independent"
16,5861,"independent"
22,5862,"independent"
16,5863,"independent"
18,5864,"independent"
24,5865,"independent"
20,5866,"independent"
18,5867,"independent"
20,5868,"independent"
18,5869,"independent"
12,5870,"independent"
22,5871,"independent"
22,5872,"independent"
20,5873,"independent"
18,5874,"independent"
10,5875,"independent"
16,5876,"independent"
18,5877,"independent"
22,5878,"independent"
20,5879,"independent"
20,5880,"independent"
18,5881,"independent"
20,5882,"independent"
22,5883,"independent"
20,5884,"independent"
16,5885,"independent"
20,5886,"independent"
20,5887,"independent"
20,5888,"independent"
20,5889,"independent"
18,5890,"independent"
18,5891,"independent"
18,5892,"independent"
18,5893,"independent"
14,5894,"independent"
20,5895,"independent"
18,5896,"independent"
20,5897,"independent"
20,5898,"independent"
16,5899,"independent"
14,5900,"independent"
22,5901,"independent"
14,5902,"independent"
20,5903,"independent"
20,5904,"independent"
16,5905,"independent"
24,5906,"independent"
18,5907,"independent"
18,5908,"independent"
14,5909,"independent"
16,5910,"independent"
8,5911,"independent"
14,5912,"independent"
16,5913,"independent"
18,5914,"independent"
12,5915,"independent"
20,5916,"independent"
20,5917,"independent"
18,5918,"independent"
22,5919,"independent"
20,5920,"independent"
14,5921,"independent"
20,5922,"independent"
14,5923,"independent"
16,5924,"independent"
14,5925,"independent"
20,5926,"independent"
22,5927,"independent"
18,5928,"independent"
22,5929,"independent"
18,5930,"independent"
16,5931,"independent"
16,5932,"independent"
18,5933,"independent"
8,5934,"independent"
16,5935,"independent"
16,5936,"independent"
18,5937,"independent"
22,5938,"independent"
22,5939,"independent"
20,5940,"independent"
16,5941,"independent"
16,5942,"independent"
20,5943,"independent"
20,5944,"independent"
20,5945,"independent"
20,5946,"independent"
18,5947,"independent"
18,5948,"independent"
18,5949,"independent"
20,5950,"independent"
14,5951,"independent"
26,5952,"independent"
16,5953,"independent"
12,5954,"independent"
16,5955,"independent"
18,5956,"independent"
16,5957,"independent"
24,5958,"independent"
20,5959,"independent"
12,5960,"independent"
18,5961,"independent"
22,5962,"independent"
16,5963,"independent"
16,5964,"independent"
16,5965,"independent"
16,5966,"independent"
20,5967,"independent"
22,5968,"independent"
20,5969,"independent"
20,5970,"independent"
20,5971,"independent"
24,5972,"independent"
24,5973,"independent"
20,5974,"independent"
18,5975,"independent"
16,5976,"independent"
20,5977,"independent"
14,5978,"independent"
20,5979,"independent"
18,5980,"independent"
16,5981,"independent"
20,5982,"independent"
12,5983,"independent"
20,5984,"independent"
12,5985,"independent"
12,5986,"independent"
20,5987,"independent"
24,5988,"independent"
14,5989,"independent"
20,5990,"independent"
22,5991,"independent"
18,5992,"independent"
14,5993,"independent"
20,5994,"independent"
20,5995,"independent"
18,5996,"independent"
16,5997,"independent"
18,5998,"independent"
22,5999,"independent"
14,6000,"independent"
18,6001,"independent"
20,6002,"independent"
24,6003,"independent"
18,6004,"independent"
16,6005,"independent"
8,6006,"independent"
20,6007,"independent"
16,6008,"independent"
16,6009,"independent"
14,6010,"independent"
18,6011,"independent"
20,6012,"independent"
18,6013,"independent"
20,6014,"independent"
14,6015,"independent"
16,6016,"independent"
14,6017,"independent"
14,6018,"independent"
18,6019,"independent"
16,6020,"independent"
22,6021,"independent"
18,6022,"independent"
16,6023,"independent"
16,6024,"independent"
20,6025,"independent"
20,6026,"independent"
24,6027,"independent"
18,6028,"independent"
18,6029,"independent"
24,6030,"independent"
16,6031,"independent"
22,6032,"independent"
20,6033,"independent"
18,6034,"independent"
14,6035,"independent"
12,6036,"independent"
18,6037,"independent"
22,6038,"independent"
18,6039,"independent"
22,6040,"independent"
18,6041,"independent"
14,6042,"independent"
20,6043,"independent"
20,6044,"independent"
20,6045,"independent"
18,6046,"independent"
18,6047,"independent"
18,6048,"independent"
20,6049,"independent"
18,6050,"independent"
16,6051,"independent"
18,6052,"independent"
22,6053,"independent"
24,6054,"independent"
18,6055,"independent"
26,6056,"independent"
16,6057,"independent"
16,6058,"independent"
22,6059,"independent"
16,6060,"independent"
20,6061,"independent"
22,6062,"independent"
20,6063,"independent"
16,6064,"independent"
10,6065,"independent"
16,6066,"independent"
22,6067,"independent"
18,6068,"independent"
18,6069,"independent"
16,6070,"independent"
24,6071,"independent"
16,6072,"independent"
16,6073,"independent"
22,6074,"independent"
20,6075,"independent"
20,6076,"independent"
18,6077,"independent"
18,6078,"independent"
12,6079,"independent"
18,6080,"independent"
18,6081,"independent"
14,6082,"independent"
16,6083,"independent"
18,6084,"independent"
18,6085,"independent"
22,6086,"independent"
20,6087,"independent"
18,6088,"independent"
16,6089,"independent"
16,6090,"independent"
12,6091,"independent"
20,6092,"independent"
16,6093,"independent"
24,6094,"independent"
18,6095,"independent"
16,6096,"independent"
24,6097,"independent"
20,6098,"independent"
16,6099,"independent"
20,6100,"independent"
18,6101,"independent"
20,6102,"independent"
10,6103,"independent"
18,6104,"independent"
22,6105,"independent"
18,6106,"independent"
14,6107,"independent"
14,6108,"independent"
18,6109,"independent"
16,6110,"independent"
20,6111,"independent"
20,6112,"independent"
20,6113,"independent"
18,6114,"independent"
18,6115,"independent"
14,6116,"independent"
26,6117,"independent"
16,6118,"independent"
16,6119,"independent"
20,6120,"independent"
20,6121,"independent"
22,6122,"independent"
18,6123,"independent"
24,6124,"independent"
16,6125,"independent"
20,6126,"independent"
14,6127,"independent"
20,6128,"independent"
18,6129,"independent"
20,6130,"independent"
20,6131,"independent"
18,6132,"independent"
12,6133,"independent"
14,6134,"independent"
18,6135,"independent"
16,6136,"independent"
18,6137,"independent"
18,6138,"independent"
20,6139,"independent"
18,6140,"independent"
12,6141,"independent"
16,6142,"independent"
18,6143,"independent"
14,6144,"independent"
12,6145,"independent"
24,6146,"independent"
18,6147,"independent"
14,6148,"independent"
22,6149,"independent"
16,6150,"independent"
16,6151,"independent"
10,6152,"independent"
20,6153,"independent"
16,6154,"independent"
14,6155,"independent"
22,6156,"independent"
14,6157,"independent"
20,6158,"independent"
14,6159,"independent"
16,6160,"independent"
24,6161,"independent"
22,6162,"independent"
20,6163,"independent"
26,6164,"independent"
22,6165,"independent"
20,6166,"independent"
18,6167,"independent"
16,6168,"independent"
20,6169,"independent"
20,6170,"independent"
20,6171,"independent"
18,6172,"independent"
22,6173,"independent"
22,6174,"independent"
22,6175,"independent"
26,6176,"independent"
14,6177,"independent"
20,6178,"independent"
16,6179,"independent"
22,6180,"independent"
20,6181,"independent"
18,6182,"independent"
18,6183,"independent"
16,6184,"independent"
14,6185,"independent"
16,6186,"independent"
18,6187,"independent"
20,6188,"independent"
16,6189,"independent"
14,6190,"independent"
18,6191,"independent"
18,6192,"independent"
20,6193,"independent"
18,6194,"independent"
10,6195,"independent"
22,6196,"independent"
20,6197,"independent"
18,6198,"independent"
20,6199,"independent"
18,6200,"independent"
22,6201,"independent"
18,6202,"independent"
14,6203,"independent"
20,6204,"independent"
18,6205,"independent"
22,6206,"independent"
16,6207,"independent"
18,6208,"independent"
22,6209,"independent"
22,6210,"independent"
20,6211,"independent"
16,6212,"independent"
18,6213,"independent"
14,6214,"independent"
22,6215,"independent"
18,6216,"independent"
22,6217,"independent"
20,6218,"independent"
18,6219,"independent"
24,6220,"independent"
22,6221,"independent"
22,6222,"independent"
22,6223,"independent"
18,6224,"independent"
12,6225,"independent"
20,6226,"independent"
22,6227,"independent"
20,6228,"independent"
18,6229,"independent"
24,6230,"independent"
20,6231,"independent"
18,6232,"independent"
14,6233,"independent"
20,6234,"independent"
22,6235,"independent"
20,6236,"independent"
14,6237,"independent"
18,6238,"independent"
18,6239,"independent"
24,6240,"independent"
22,6241,"independent"
26,6242,"independent"
16,6243,"independent"
18,6244,"independent"
22,6245,"independent"
16,6246,"independent"
26,6247,"independent"
18,6248,"independent"
16,6249,"independent"
18,6250,"independent"
18,6251,"independent"
16,6252,"independent"
20,6253,"independent"
20,6254,"independent"
20,6255,"independent"
18,6256,"independent"
18,6257,"independent"
16,6258,"independent"
22,6259,"independent"
16,6260,"independent"
16,6261,"independent"
18,6262,"independent"
12,6263,"independent"
16,6264,"independent"
18,6265,"independent"
24,6266,"independent"
16,6267,"independent"
22,6268,"independent"
24,6269,"independent"
14,6270,"independent"
20,6271,"independent"
18,6272,"independent"
10,6273,"independent"
22,6274,"independent"
12,6275,"independent"
20,6276,"independent"
22,6277,"independent"
16,6278,"independent"
22,6279,"independent"
18,6280,"independent"
16,6281,"independent"
12,6282,"independent"
18,6283,"independent"
20,6284,"independent"
16,6285,"independent"
20,6286,"independent"
16,6287,"independent"
20,6288,"independent"
16,6289,"independent"
18,6290,"independent"
22,6291,"independent"
26,6292,"independent"
18,6293,"independent"
16,6294,"independent"
22,6295,"independent"
16,6296,"independent"
16,6297,"independent"
14,6298,"independent"
14,6299,"independent"
16,6300,"independent"
16,6301,"independent"
14,6302,"independent"
18,6303,"independent"
20,6304,"independent"
16,6305,"independent"
18,6306,"independent"
24,6307,"independent"
16,6308,"independent"
20,6309,"independent"
18,6310,"independent"
16,6311,"independent"
18,6312,"independent"
22,6313,"independent"
18,6314,"independent"
22,6315,"independent"
18,6316,"independent"
18,6317,"independent"
20,6318,"independent"
20,6319,"independent"
16,6320,"independent"
16,6321,"independent"
16,6322,"independent"
18,6323,"independent"
20,6324,"independent"
22,6325,"independent"
24,6326,"independent"
20,6327,"independent"
16,6328,"independent"
26,6329,"independent"
24,6330,"independent"
22,6331,"independent"
12,6332,"independent"
18,6333,"independent"
18,6334,"independent"
16,6335,"independent"
24,6336,"independent"
20,6337,"independent"
16,6338,"independent"
20,6339,"independent"
20,6340,"independent"
12,6341,"independent"
20,6342,"independent"
16,6343,"independent"
18,6344,"independent"
18,6345,"independent"
18,6346,"independent"
22,6347,"independent"
24,6348,"independent"
18,6349,"independent"
24,6350,"independent"
14,6351,"independent"
22,6352,"independent"
18,6353,"independent"
20,6354,"independent"
18,6355,"independent"
22,6356,"independent"
22,6357,"independent"
20,6358,"independent"
20,6359,"independent"
20,6360,"independent"
16,6361,"independent"
18,6362,"independent"
24,6363,"independent"
22,6364,"independent"
18,6365,"independent"
20,6366,"independent"
12,6367,"independent"
18,6368,"independent"
18,6369,"independent"
16,6370,"independent"
12,6371,"independent"
12,6372,"independent"
14,6373,"independent"
16,6374,"independent"
14,6375,"independent"
18,6376,"independent"
16,6377,"independent"
18,6378,"independent"
22,6379,"independent"
24,6380,"independent"
18,6381,"independent"
16,6382,"independent"
14,6383,"independent"
10,6384,"independent"
22,6385,"independent"
22,6386,"independent"
18,6387,"independent"
16,6388,"independent"
20,6389,"independent"
20,6390,"independent"
16,6391,"independent"
16,6392,"independent"
20,6393,"independent"
22,6394,"independent"
16,6395,"independent"
20,6396,"independent"
20,6397,"independent"
18,6398,"independent"
18,6399,"independent"
16,6400,"independent"
20,6401,"independent"
10,6402,"independent"
18,6403,"independent"
16,6404,"independent"
16,6405,"independent"
20,6406,"independent"
16,6407,"independent"
14,6408,"independent"
12,6409,"independent"
18,6410,"independent"
20,6411,"independent"
12,6412,"independent"
24,6413,"independent"
22,6414,"independent"
20,6415,"independent"
20,6416,"independent"
22,6417,"independent"
18,6418,"independent"
20,6419,"independent"
20,6420,"independent"
18,6421,"independent"
18,6422,"independent"
18,6423,"independent"
14,6424,"independent"
12,6425,"independent"
22,6426,"independent"
18,6427,"independent"
22,6428,"independent"
18,6429,"independent"
22,6430,"independent"
12,6431,"independent"
18,6432,"independent"
22,6433,"independent"
18,6434,"independent"
16,6435,"independent"
14,6436,"independent"
22,6437,"independent"
20,6438,"independent"
24,6439,"independent"
18,6440,"independent"
10,6441,"independent"
16,6442,"independent"
16,6443,"independent"
18,6444,"independent"
18,6445,"independent"
22,6446,"independent"
16,6447,"independent"
16,6448,"independent"
20,6449,"independent"
16,6450,"independent"
18,6451,"independent"
16,6452,"independent"
22,6453,"independent"
16,6454,"independent"
20,6455,"independent"
20,6456,"independent"
16,6457,"independent"
18,6458,"independent"
20,6459,"independent"
20,6460,"independent"
14,6461,"independent"
20,6462,"independent"
16,6463,"independent"
20,6464,"independent"
22,6465,"independent"
16,6466,"independent"
16,6467,"independent"
20,6468,"independent"
24,6469,"independent"
10,6470,"independent"
14,6471,"independent"
22,6472,"independent"
16,6473,"independent"
24,6474,"independent"
20,6475,"independent"
20,6476,"independent"
18,6477,"independent"
14,6478,"independent"
18,6479,"independent"
18,6480,"independent"
20,6481,"independent"
18,6482,"independent"
18,6483,"independent"
18,6484,"independent"
22,6485,"independent"
18,6486,"independent"
18,6487,"independent"
18,6488,"independent"
16,6489,"independent"
20,6490,"independent"
22,6491,"independent"
14,6492,"independent"
24,6493,"independent"
18,6494,"independent"
22,6495,"independent"
16,6496,"independent"
18,6497,"independent"
18,6498,"independent"
20,6499,"independent"
16,6500,"independent"
24,6501,"independent"
20,6502,"independent"
18,6503,"independent"
22,6504,"independent"
18,6505,"independent"
18,6506,"independent"
14,6507,"independent"
22,6508,"independent"
18,6509,"independent"
18,6510,"independent"
16,6511,"independent"
14,6512,"independent"
18,6513,"independent"
22,6514,"independent"
16,6515,"independent"
18,6516,"independent"
14,6517,"independent"
22,6518,"independent"
22,6519,"independent"
18,6520,"independent"
16,6521,"independent"
14,6522,"independent"
18,6523,"independent"
20,6524,"independent"
16,6525,"independent"
16,6526,"independent"
24,6527,"independent"
14,6528,"independent"
18,6529,"independent"
16,6530,"independent"
20,6531,"independent"
22,6532,"independent"
16,6533,"independent"
20,6534,"independent"
16,6535,"independent"
18,6536,"independent"
16,6537,"independent"
14,6538,"independent"
18,6539,"independent"
20,6540,"independent"
26,6541,"independent"
24,6542,"independent"
16,6543,"independent"
14,6544,"independent"
16,6545,"independent"
16,6546,"independent"
18,6547,"independent"
22,6548,"independent"
20,6549,"independent"
20,6550,"independent"
16,6551,"independent"
16,6552,"independent"
18,6553,"independent"
14,6554,"independent"
20,6555,"independent"
18,6556,"independent"
16,6557,"independent"
20,6558,"independent"
18,6559,"independent"
16,6560,"independent"
20,6561,"independent"
14,6562,"independent"
18,6563,"independent"
18,6564,"independent"
14,6565,"independent"
14,6566,"independent"
10,6567,"independent"
24,6568,"independent"
16,6569,"independent"
22,6570,"independent"
22,6571,"independent"
16,6572,"independent"
14,6573,"independent"
26,6574,"independent"
18,6575,"independent"
26,6576,"independent"
22,6577,"independent"
18,6578,"independent"
18,6579,"independent"
16,6580,"independent"
18,6581,"independent"
18,6582,"independent"
18,6583,"independent"
18,6584,"independent"
26,6585,"independent"
16,6586,"independent"
14,6587,"independent"
18,6588,"independent"
16,6589,"independent"
24,6590,"independent"
22,6591,"independent"
24,6592,"independent"
20,6593,"independent"
18,6594,"independent"
18,6595,"independent"
16,6596,"independent"
16,6597,"independent"
12,6598,"independent"
20,6599,"independent"
18,6600,"independent"
18,6601,"independent"
22,6602,"independent"
20,6603,"independent"
14,6604,"independent"
20,6605,"independent"
20,6606,"independent"
14,6607,"independent"
20,6608,"independent"
12,6609,"independent"
16,6610,"independent"
20,6611,"independent"
20,6612,"independent"
20,6613,"independent"
22,6614,"independent"
22,6615,"independent"
14,6616,"independent"
18,6617,"independent"
20,6618,"independent"
18,6619,"independent"
18,6620,"independent"
20,6621,"independent"
20,6622,"independent"
22,6623,"independent"
22,6624,"independent"
14,6625,"independent"
20,6626,"independent"
12,6627,"independent"
20,6628,"independent"
24,6629,"independent"
20,6630,"independent"
14,6631,"independent"
18,6632,"independent"
18,6633,"independent"
20,6634,"independent"
16,6635,"independent"
22,6636,"independent"
22,6637,"independent"
16,6638,"independent"
14,6639,"independent"
20,6640,"independent"
24,6641,"independent"
20,6642,"independent"
16,6643,"independent"
14,6644,"independent"
20,6645,"independent"
22,6646,"independent"
14,6647,"independent"
16,6648,"independent"
16,6649,"independent"
16,6650,"independent"
18,6651,"independent"
16,6652,"independent"
16,6653,"independent"
24,6654,"independent"
16,6655,"independent"
12,6656,"independent"
18,6657,"independent"
22,6658,"independent"
22,6659,"independent"
18,6660,"independent"
18,6661,"independent"
22,6662,"independent"
22,6663,"independent"
16,6664,"independent"
20,6665,"independent"
22,6666,"independent"
24,6667,"independent"
22,6668,"independent"
18,6669,"independent"
24,6670,"independent"
20,6671,"independent"
16,6672,"independent"
20,6673,"independent"
14,6674,"independent"
18,6675,"independent"
20,6676,"independent"
14,6677,"independent"
20,6678,"independent"
16,6679,"independent"
16,6680,"independent"
18,6681,"independent"
16,6682,"independent"
20,6683,"independent"
20,6684,"independent"
14,6685,"independent"
22,6686,"independent"
16,6687,"independent"
18,6688,"independent"
16,6689,"independent"
14,6690,"independent"
18,6691,"independent"
20,6692,"independent"
18,6693,"independent"
18,6694,"independent"
14,6695,"independent"
18,6696,"independent"
22,6697,"independent"
26,6698,"independent"
18,6699,"independent"
12,6700,"independent"
24,6701,"independent"
16,6702,"independent"
24,6703,"independent"
14,6704,"independent"
16,6705,"independent"
16,6706,"independent"
20,6707,"independent"
20,6708,"independent"
16,6709,"independent"
22,6710,"independent"
20,6711,"independent"
26,6712,"independent"
18,6713,"independent"
20,6714,"independent"
18,6715,"independent"
16,6716,"independent"
18,6717,"independent"
18,6718,"independent"
22,6719,"independent"
20,6720,"independent"
14,6721,"independent"
20,6722,"independent"
22,6723,"independent"
14,6724,"independent"
20,6725,"independent"
24,6726,"independent"
18,6727,"independent"
16,6728,"independent"
18,6729,"independent"
16,6730,"independent"
12,6731,"independent"
24,6732,"independent"
22,6733,"independent"
20,6734,"independent"
14,6735,"independent"
18,6736,"independent"
18,6737,"independent"
16,6738,"independent"
20,6739,"independent"
24,6740,"independent"
20,6741,"independent"
20,6742,"independent"
20,6743,"independent"
20,6744,"independent"
20,6745,"independent"
12,6746,"independent"
16,6747,"independent"
18,6748,"independent"
18,6749,"independent"
20,6750,"independent"
14,6751,"independent"
18,6752,"independent"
16,6753,"independent"
20,6754,"independent"
20,6755,"independent"
20,6756,"independent"
22,6757,"independent"
16,6758,"independent"
22,6759,"independent"
22,6760,"independent"
16,6761,"independent"
22,6762,"independent"
18,6763,"independent"
22,6764,"independent"
18,6765,"independent"
20,6766,"independent"
14,6767,"independent"
16,6768,"independent"
18,6769,"independent"
18,6770,"independent"
18,6771,"independent"
12,6772,"independent"
18,6773,"independent"
18,6774,"independent"
18,6775,"independent"
18,6776,"independent"
16,6777,"independent"
20,6778,"independent"
12,6779,"independent"
18,6780,"independent"
16,6781,"independent"
22,6782,"independent"
18,6783,"independent"
16,6784,"independent"
18,6785,"independent"
18,6786,"independent"
14,6787,"independent"
14,6788,"independent"
16,6789,"independent"
14,6790,"independent"
18,6791,"independent"
18,6792,"independent"
18,6793,"independent"
20,6794,"independent"
14,6795,"independent"
20,6796,"independent"
20,6797,"independent"
20,6798,"independent"
20,6799,"independent"
16,6800,"independent"
16,6801,"independent"
16,6802,"independent"
24,6803,"independent"
16,6804,"independent"
18,6805,"independent"
18,6806,"independent"
20,6807,"independent"
18,6808,"independent"
20,6809,"independent"
24,6810,"independent"
16,6811,"independent"
18,6812,"independent"
20,6813,"independent"
22,6814,"independent"
18,6815,"independent"
22,6816,"independent"
20,6817,"independent"
20,6818,"independent"
20,6819,"independent"
22,6820,"independent"
18,6821,"independent"
18,6822,"independent"
16,6823,"independent"
14,6824,"independent"
20,6825,"independent"
18,6826,"independent"
14,6827,"independent"
18,6828,"independent"
24,6829,"independent"
20,6830,"independent"
18,6831,"independent"
16,6832,"independent"
20,6833,"independent"
22,6834,"independent"
18,6835,"independent"
24,6836,"independent"
20,6837,"independent"
12,6838,"independent"
18,6839,"independent"
24,6840,"independent"
24,6841,"independent"
22,6842,"independent"
22,6843,"independent"
20,6844,"independent"
18,6845,"independent"
20,6846,"independent"
14,6847,"independent"
14,6848,"independent"
16,6849,"independent"
16,6850,"independent"
20,6851,"independent"
16,6852,"independent"
16,6853,"independent"
26,6854,"independent"
20,6855,"independent"
16,6856,"independent"
18,6857,"independent"
20,6858,"independent"
20,6859,"independent"
8,6860,"independent"
16,6861,"independent"
16,6862,"independent"
14,6863,"independent"
14,6864,"independent"
18,6865,"independent"
18,6866,"independent"
18,6867,"independent"
26,6868,"independent"
16,6869,"independent"
12,6870,"independent"
24,6871,"independent"
14,6872,"independent"
18,6873,"independent"
22,6874,"independent"
20,6875,"independent"
16,6876,"independent"
20,6877,"independent"
16,6878,"independent"
22,6879,"independent"
14,6880,"independent"
12,6881,"independent"
20,6882,"independent"
26,6883,"independent"
22,6884,"independent"
22,6885,"independent"
22,6886,"independent"
26,6887,"independent"
22,6888,"independent"
24,6889,"independent"
16,6890,"independent"
12,6891,"independent"
18,6892,"independent"
18,6893,"independent"
22,6894,"independent"
16,6895,"independent"
18,6896,"independent"
20,6897,"independent"
12,6898,"independent"
14,6899,"independent"
22,6900,"independent"
18,6901,"independent"
18,6902,"independent"
20,6903,"independent"
20,6904,"independent"
16,6905,"independent"
20,6906,"independent"
12,6907,"independent"
18,6908,"independent"
24,6909,"independent"
22,6910,"independent"
16,6911,"independent"
20,6912,"independent"
22,6913,"independent"
16,6914,"independent"
16,6915,"independent"
20,6916,"independent"
20,6917,"independent"
20,6918,"independent"
14,6919,"independent"
18,6920,"independent"
18,6921,"independent"
20,6922,"independent"
20,6923,"independent"
20,6924,"independent"
22,6925,"independent"
18,6926,"independent"
22,6927,"independent"
22,6928,"independent"
20,6929,"independent"
16,6930,"independent"
18,6931,"independent"
14,6932,"independent"
24,6933,"independent"
20,6934,"independent"
16,6935,"independent"
26,6936,"independent"
20,6937,"independent"
20,6938,"independent"
20,6939,"independent"
18,6940,"independent"
18,6941,"independent"
16,6942,"independent"
14,6943,"independent"
20,6944,"independent"
18,6945,"independent"
14,6946,"independent"
20,6947,"independent"
22,6948,"independent"
24,6949,"independent"
22,6950,"independent"
20,6951,"independent"
22,6952,"independent"
14,6953,"independent"
14,6954,"independent"
16,6955,"independent"
16,6956,"independent"
12,6957,"independent"
20,6958,"independent"
20,6959,"independent"
16,6960,"independent"
18,6961,"independent"
14,6962,"independent"
16,6963,"independent"
18,6964,"independent"
18,6965,"independent"
14,6966,"independent"
18,6967,"independent"
22,6968,"independent"
18,6969,"independent"
20,6970,"independent"
18,6971,"independent"
20,6972,"independent"
16,6973,"independent"
24,6974,"independent"
16,6975,"independent"
20,6976,"independent"
18,6977,"independent"
20,6978,"independent"
12,6979,"independent"
22,6980,"independent"
16,6981,"independent"
24,6982,"independent"
16,6983,"independent"
14,6984,"independent"
20,6985,"independent"
20,6986,"independent"
18,6987,"independent"
14,6988,"independent"
18,6989,"independent"
22,6990,"independent"
22,6991,"independent"
16,6992,"independent"
22,6993,"independent"
20,6994,"independent"
18,6995,"independent"
20,6996,"independent"
20,6997,"independent"
20,6998,"independent"
16,6999,"independent"
14,7000,"independent"
24,7001,"independent"
14,7002,"independent"
16,7003,"independent"
12,7004,"independent"
22,7005,"independent"
16,7006,"independent"
16,7007,"independent"
14,7008,"independent"
22,7009,"independent"
14,7010,"independent"
14,7011,"independent"
18,7012,"independent"
18,7013,"independent"
16,7014,"independent"
22,7015,"independent"
14,7016,"independent"
14,7017,"independent"
20,7018,"independent"
18,7019,"independent"
16,7020,"independent"
16,7021,"independent"
16,7022,"independent"
24,7023,"independent"
20,7024,"independent"
14,7025,"independent"
22,7026,"independent"
18,7027,"independent"
18,7028,"independent"
22,7029,"independent"
16,7030,"independent"
18,7031,"independent"
14,7032,"independent"
18,7033,"independent"
24,7034,"independent"
18,7035,"independent"
18,7036,"independent"
18,7037,"independent"
18,7038,"independent"
18,7039,"independent"
22,7040,"independent"
16,7041,"independent"
14,7042,"independent"
14,7043,"independent"
16,7044,"independent"
20,7045,"independent"
24,7046,"independent"
20,7047,"independent"
18,7048,"independent"
16,7049,"independent"
20,7050,"independent"
20,7051,"independent"
18,7052,"independent"
22,7053,"independent"
18,7054,"independent"
16,7055,"independent"
20,7056,"independent"
18,7057,"independent"
18,7058,"independent"
18,7059,"independent"
26,7060,"independent"
18,7061,"independent"
20,7062,"independent"
18,7063,"independent"
18,7064,"independent"
12,7065,"independent"
14,7066,"independent"
22,7067,"independent"
22,7068,"independent"
20,7069,"independent"
20,7070,"independent"
16,7071,"independent"
20,7072,"independent"
16,7073,"independent"
20,7074,"independent"
18,7075,"independent"
18,7076,"independent"
22,7077,"independent"
14,7078,"independent"
20,7079,"independent"
14,7080,"independent"
18,7081,"independent"
20,7082,"independent"
18,7083,"independent"
12,7084,"independent"
18,7085,"independent"
18,7086,"independent"
16,7087,"independent"
10,7088,"independent"
18,7089,"independent"
20,7090,"independent"
20,7091,"independent"
20,7092,"independent"
20,7093,"independent"
20,7094,"independent"
14,7095,"independent"
18,7096,"independent"
18,7097,"independent"
16,7098,"independent"
12,7099,"independent"
20,7100,"independent"
20,7101,"independent"
20,7102,"independent"
20,7103,"independent"
22,7104,"independent"
18,7105,"independent"
18,7106,"independent"
20,7107,"independent"
18,7108,"independent"
22,7109,"independent"
18,7110,"independent"
18,7111,"independent"
18,7112,"independent"
22,7113,"independent"
22,7114,"independent"
12,7115,"independent"
20,7116,"independent"
18,7117,"independent"
14,7118,"independent"
26,7119,"independent"
24,7120,"independent"
16,7121,"independent"
16,7122,"independent"
20,7123,"independent"
20,7124,"independent"
24,7125,"independent"
28,7126,"independent"
18,7127,"independent"
14,7128,"independent"
18,7129,"independent"
20,7130,"independent"
18,7131,"independent"
20,7132,"independent"
14,7133,"independent"
24,7134,"independent"
20,7135,"independent"
18,7136,"independent"
20,7137,"independent"
14,7138,"independent"
22,7139,"independent"
18,7140,"independent"
22,7141,"independent"
16,7142,"independent"
14,7143,"independent"
12,7144,"independent"
20,7145,"independent"
18,7146,"independent"
16,7147,"independent"
18,7148,"independent"
20,7149,"independent"
20,7150,"independent"
14,7151,"independent"
20,7152,"independent"
14,7153,"independent"
18,7154,"independent"
24,7155,"independent"
20,7156,"independent"
18,7157,"independent"
20,7158,"independent"
20,7159,"independent"
20,7160,"independent"
20,7161,"independent"
14,7162,"independent"
20,7163,"independent"
20,7164,"independent"
18,7165,"independent"
20,7166,"independent"
12,7167,"independent"
12,7168,"independent"
20,7169,"independent"
18,7170,"independent"
24,7171,"independent"
16,7172,"independent"
20,7173,"independent"
24,7174,"independent"
22,7175,"independent"
18,7176,"independent"
14,7177,"independent"
18,7178,"independent"
18,7179,"independent"
22,7180,"independent"
26,7181,"independent"
20,7182,"independent"
18,7183,"independent"
16,7184,"independent"
16,7185,"independent"
16,7186,"independent"
24,7187,"independent"
24,7188,"independent"
18,7189,"independent"
18,7190,"independent"
24,7191,"independent"
16,7192,"independent"
14,7193,"independent"
18,7194,"independent"
14,7195,"independent"
18,7196,"independent"
18,7197,"independent"
20,7198,"independent"
16,7199,"independent"
18,7200,"independent"
12,7201,"independent"
24,7202,"independent"
18,7203,"independent"
12,7204,"independent"
18,7205,"independent"
18,7206,"independent"
16,7207,"independent"
16,7208,"independent"
18,7209,"independent"
16,7210,"independent"
20,7211,"independent"
16,7212,"independent"
16,7213,"independent"
20,7214,"independent"
18,7215,"independent"
12,7216,"independent"
20,7217,"independent"
20,7218,"independent"
20,7219,"independent"
24,7220,"independent"
22,7221,"independent"
18,7222,"independent"
14,7223,"independent"
24,7224,"independent"
18,7225,"independent"
16,7226,"independent"
18,7227,"independent"
14,7228,"independent"
8,7229,"independent"
18,7230,"independent"
16,7231,"independent"
18,7232,"independent"
10,7233,"independent"
18,7234,"independent"
22,7235,"independent"
20,7236,"independent"
24,7237,"independent"
24,7238,"independent"
18,7239,"independent"
18,7240,"independent"
20,7241,"independent"
20,7242,"independent"
20,7243,"independent"
24,7244,"independent"
22,7245,"independent"
12,7246,"independent"
12,7247,"independent"
16,7248,"independent"
18,7249,"independent"
14,7250,"independent"
18,7251,"independent"
18,7252,"independent"
12,7253,"independent"
30,7254,"independent"
18,7255,"independent"
14,7256,"independent"
20,7257,"independent"
16,7258,"independent"
18,7259,"independent"
16,7260,"independent"
18,7261,"independent"
24,7262,"independent"
12,7263,"independent"
24,7264,"independent"
20,7265,"independent"
22,7266,"independent"
20,7267,"independent"
22,7268,"independent"
22,7269,"independent"
20,7270,"independent"
18,7271,"independent"
16,7272,"independent"
22,7273,"independent"
18,7274,"independent"
22,7275,"independent"
16,7276,"independent"
18,7277,"independent"
16,7278,"independent"
14,7279,"independent"
16,7280,"independent"
16,7281,"independent"
22,7282,"independent"
20,7283,"independent"
18,7284,"independent"
14,7285,"independent"
26,7286,"independent"
20,7287,"independent"
18,7288,"independent"
16,7289,"independent"
20,7290,"independent"
18,7291,"independent"
18,7292,"independent"
22,7293,"independent"
16,7294,"independent"
16,7295,"independent"
18,7296,"independent"
22,7297,"independent"
20,7298,"independent"
16,7299,"independent"
20,7300,"independent"
18,7301,"independent"
16,7302,"independent"
22,7303,"independent"
20,7304,"independent"
16,7305,"independent"
22,7306,"independent"
14,7307,"independent"
20,7308,"independent"
24,7309,"independent"
20,7310,"independent"
22,7311,"independent"
16,7312,"independent"
16,7313,"independent"
18,7314,"independent"
18,7315,"independent"
22,7316,"independent"
20,7317,"independent"
20,7318,"independent"
24,7319,"independent"
18,7320,"independent"
16,7321,"independent"
20,7322,"independent"
20,7323,"independent"
12,7324,"independent"
22,7325,"independent"
20,7326,"independent"
16,7327,"independent"
14,7328,"independent"
22,7329,"independent"
22,7330,"independent"
10,7331,"independent"
18,7332,"independent"
20,7333,"independent"
14,7334,"independent"
18,7335,"independent"
20,7336,"independent"
18,7337,"independent"
16,7338,"independent"
16,7339,"independent"
20,7340,"independent"
20,7341,"independent"
24,7342,"independent"
20,7343,"independent"
18,7344,"independent"
24,7345,"independent"
18,7346,"independent"
16,7347,"independent"
16,7348,"independent"
20,7349,"independent"
14,7350,"independent"
20,7351,"independent"
16,7352,"independent"
18,7353,"independent"
18,7354,"independent"
22,7355,"independent"
18,7356,"independent"
16,7357,"independent"
22,7358,"independent"
18,7359,"independent"
20,7360,"independent"
16,7361,"independent"
14,7362,"independent"
20,7363,"independent"
18,7364,"independent"
20,7365,"independent"
20,7366,"independent"
18,7367,"independent"
14,7368,"independent"
14,7369,"independent"
18,7370,"independent"
20,7371,"independent"
16,7372,"independent"
22,7373,"independent"
20,7374,"independent"
20,7375,"independent"
16,7376,"independent"
22,7377,"independent"
14,7378,"independent"
20,7379,"independent"
16,7380,"independent"
14,7381,"independent"
16,7382,"independent"
12,7383,"independent"
16,7384,"independent"
22,7385,"independent"
18,7386,"independent"
24,7387,"independent"
16,7388,"independent"
16,7389,"independent"
16,7390,"independent"
20,7391,"independent"
16,7392,"independent"
22,7393,"independent"
14,7394,"independent"
16,7395,"independent"
16,7396,"independent"
16,7397,"independent"
20,7398,"independent"
20,7399,"independent"
16,7400,"independent"
22,7401,"independent"
22,7402,"independent"
22,7403,"independent"
20,7404,"independent"
20,7405,"independent"
14,7406,"independent"
14,7407,"independent"
18,7408,"independent"
18,7409,"independent"
14,7410,"independent"
24,7411,"independent"
16,7412,"independent"
18,7413,"independent"
12,7414,"independent"
14,7415,"independent"
14,7416,"independent"
20,7417,"independent"
16,7418,"independent"
12,7419,"independent"
20,7420,"independent"
18,7421,"independent"
16,7422,"independent"
18,7423,"independent"
20,7424,"independent"
18,7425,"independent"
14,7426,"independent"
12,7427,"independent"
18,7428,"independent"
20,7429,"independent"
18,7430,"independent"
20,7431,"independent"
16,7432,"independent"
18,7433,"independent"
14,7434,"independent"
16,7435,"independent"
18,7436,"independent"
18,7437,"independent"
14,7438,"independent"
16,7439,"independent"
18,7440,"independent"
18,7441,"independent"
20,7442,"independent"
20,7443,"independent"
18,7444,"independent"
16,7445,"independent"
18,7446,"independent"
14,7447,"independent"
12,7448,"independent"
10,7449,"independent"
20,7450,"independent"
20,7451,"independent"
14,7452,"independent"
16,7453,"independent"
20,7454,"independent"
18,7455,"independent"
18,7456,"independent"
14,7457,"independent"
20,7458,"independent"
16,7459,"independent"
18,7460,"independent"
18,7461,"independent"
18,7462,"independent"
12,7463,"independent"
24,7464,"independent"
20,7465,"independent"
8,7466,"independent"
14,7467,"independent"
24,7468,"independent"
14,7469,"independent"
18,7470,"independent"
24,7471,"independent"
14,7472,"independent"
20,7473,"independent"
20,7474,"independent"
12,7475,"independent"
20,7476,"independent"
12,7477,"independent"
24,7478,"independent"
16,7479,"independent"
18,7480,"independent"
20,7481,"independent"
18,7482,"independent"
22,7483,"independent"
14,7484,"independent"
14,7485,"independent"
22,7486,"independent"
20,7487,"independent"
20,7488,"independent"
12,7489,"independent"
16,7490,"independent"
16,7491,"independent"
16,7492,"independent"
16,7493,"independent"
18,7494,"independent"
20,7495,"independent"
22,7496,"independent"
10,7497,"independent"
18,7498,"independent"
22,7499,"independent"
22,7500,"independent"
22,7501,"independent"
20,7502,"independent"
20,7503,"independent"
16,7504,"independent"
14,7505,"independent"
20,7506,"independent"
16,7507,"independent"
16,7508,"independent"
20,7509,"independent"
22,7510,"independent"
14,7511,"independent"
20,7512,"independent"
22,7513,"independent"
14,7514,"independent"
14,7515,"independent"
14,7516,"independent"
18,7517,"independent"
20,7518,"independent"
18,7519,"independent"
16,7520,"independent"
18,7521,"independent"
26,7522,"independent"
22,7523,"independent"
18,7524,"independent"
20,7525,"independent"
20,7526,"independent"
18,7527,"independent"
10,7528,"independent"
16,7529,"independent"
14,7530,"independent"
22,7531,"independent"
18,7532,"independent"
14,7533,"independent"
18,7534,"independent"
20,7535,"independent"
18,7536,"independent"
20,7537,"independent"
18,7538,"independent"
16,7539,"independent"
22,7540,"independent"
22,7541,"independent"
20,7542,"independent"
20,7543,"independent"
22,7544,"independent"
18,7545,"independent"
20,7546,"independent"
20,7547,"independent"
16,7548,"independent"
22,7549,"independent"
24,7550,"independent"
18,7551,"independent"
22,7552,"independent"
16,7553,"independent"
16,7554,"independent"
20,7555,"independent"
16,7556,"independent"
20,7557,"independent"
18,7558,"independent"
14,7559,"independent"
14,7560,"independent"
16,7561,"independent"
14,7562,"independent"
18,7563,"independent"
20,7564,"independent"
16,7565,"independent"
18,7566,"independent"
20,7567,"independent"
22,7568,"independent"
18,7569,"independent"
24,7570,"independent"
16,7571,"independent"
16,7572,"independent"
22,7573,"independent"
24,7574,"independent"
24,7575,"independent"
18,7576,"independent"
16,7577,"independent"
16,7578,"independent"
16,7579,"independent"
20,7580,"independent"
16,7581,"independent"
12,7582,"independent"
18,7583,"independent"
18,7584,"independent"
18,7585,"independent"
22,7586,"independent"
16,7587,"independent"
18,7588,"independent"
20,7589,"independent"
18,7590,"independent"
14,7591,"independent"
22,7592,"independent"
16,7593,"independent"
18,7594,"independent"
18,7595,"independent"
18,7596,"independent"
16,7597,"independent"
18,7598,"independent"
24,7599,"independent"
12,7600,"independent"
20,7601,"independent"
16,7602,"independent"
24,7603,"independent"
22,7604,"independent"
16,7605,"independent"
24,7606,"independent"
20,7607,"independent"
12,7608,"independent"
18,7609,"independent"
14,7610,"independent"
16,7611,"independent"
18,7612,"independent"
20,7613,"independent"
18,7614,"independent"
16,7615,"independent"
18,7616,"independent"
18,7617,"independent"
16,7618,"independent"
20,7619,"independent"
16,7620,"independent"
12,7621,"independent"
20,7622,"independent"
18,7623,"independent"
24,7624,"independent"
16,7625,"independent"
20,7626,"independent"
18,7627,"independent"
16,7628,"independent"
20,7629,"independent"
22,7630,"independent"
16,7631,"independent"
18,7632,"independent"
22,7633,"independent"
20,7634,"independent"
12,7635,"independent"
24,7636,"independent"
16,7637,"independent"
22,7638,"independent"
18,7639,"independent"
24,7640,"independent"
20,7641,"independent"
26,7642,"independent"
20,7643,"independent"
18,7644,"independent"
24,7645,"independent"
18,7646,"independent"
16,7647,"independent"
20,7648,"independent"
12,7649,"independent"
22,7650,"independent"
16,7651,"independent"
16,7652,"independent"
24,7653,"independent"
14,7654,"independent"
20,7655,"independent"
14,7656,"independent"
10,7657,"independent"
20,7658,"independent"
16,7659,"independent"
18,7660,"independent"
20,7661,"independent"
20,7662,"independent"
22,7663,"independent"
16,7664,"independent"
22,7665,"independent"
20,7666,"independent"
18,7667,"independent"
22,7668,"independent"
20,7669,"independent"
20,7670,"independent"
18,7671,"independent"
18,7672,"independent"
24,7673,"independent"
18,7674,"independent"
18,7675,"independent"
16,7676,"independent"
18,7677,"independent"
14,7678,"independent"
14,7679,"independent"
18,7680,"independent"
20,7681,"independent"
16,7682,"independent"
22,7683,"independent"
16,7684,"independent"
20,7685,"independent"
14,7686,"independent"
18,7687,"independent"
18,7688,"independent"
14,7689,"independent"
12,7690,"independent"
16,7691,"independent"
18,7692,"independent"
18,7693,"independent"
14,7694,"independent"
18,7695,"independent"
18,7696,"independent"
20,7697,"independent"
18,7698,"independent"
18,7699,"independent"
16,7700,"independent"
18,7701,"independent"
20,7702,"independent"
22,7703,"independent"
18,7704,"independent"
18,7705,"independent"
12,7706,"independent"
18,7707,"independent"
24,7708,"independent"
18,7709,"independent"
26,7710,"independent"
20,7711,"independent"
12,7712,"independent"
20,7713,"independent"
22,7714,"independent"
20,7715,"independent"
20,7716,"independent"
20,7717,"independent"
22,7718,"independent"
18,7719,"independent"
22,7720,"independent"
18,7721,"independent"
14,7722,"independent"
20,7723,"independent"
20,7724,"independent"
20,7725,"independent"
18,7726,"independent"
16,7727,"independent"
14,7728,"independent"
20,7729,"independent"
22,7730,"independent"
24,7731,"independent"
18,7732,"independent"
18,7733,"independent"
20,7734,"independent"
12,7735,"independent"
20,7736,"independent"
18,7737,"independent"
18,7738,"independent"
22,7739,"independent"
20,7740,"independent"
12,7741,"independent"
16,7742,"independent"
18,7743,"independent"
20,7744,"independent"
16,7745,"independent"
20,7746,"independent"
16,7747,"independent"
18,7748,"independent"
18,7749,"independent"
20,7750,"independent"
18,7751,"independent"
14,7752,"independent"
20,7753,"independent"
24,7754,"independent"
18,7755,"independent"
18,7756,"independent"
20,7757,"independent"
18,7758,"independent"
18,7759,"independent"
18,7760,"independent"
16,7761,"independent"
18,7762,"independent"
20,7763,"independent"
20,7764,"independent"
18,7765,"independent"
20,7766,"independent"
20,7767,"independent"
16,7768,"independent"
16,7769,"independent"
22,7770,"independent"
16,7771,"independent"
16,7772,"independent"
20,7773,"independent"
22,7774,"independent"
16,7775,"independent"
18,7776,"independent"
16,7777,"independent"
22,7778,"independent"
20,7779,"independent"
20,7780,"independent"
14,7781,"independent"
24,7782,"independent"
16,7783,"independent"
12,7784,"independent"
18,7785,"independent"
22,7786,"independent"
20,7787,"independent"
18,7788,"independent"
16,7789,"independent"
20,7790,"independent"
20,7791,"independent"
14,7792,"independent"
16,7793,"independent"
18,7794,"independent"
18,7795,"independent"
16,7796,"independent"
18,7797,"independent"
14,7798,"independent"
18,7799,"independent"
20,7800,"independent"
26,7801,"independent"
16,7802,"independent"
20,7803,"independent"
22,7804,"independent"
18,7805,"independent"
22,7806,"independent"
20,7807,"independent"
18,7808,"independent"
24,7809,"independent"
14,7810,"independent"
16,7811,"independent"
20,7812,"independent"
14,7813,"independent"
16,7814,"independent"
16,7815,"independent"
16,7816,"independent"
18,7817,"independent"
22,7818,"independent"
22,7819,"independent"
18,7820,"independent"
18,7821,"independent"
22,7822,"independent"
20,7823,"independent"
14,7824,"independent"
24,7825,"independent"
24,7826,"independent"
22,7827,"independent"
18,7828,"independent"
14,7829,"independent"
18,7830,"independent"
18,7831,"independent"
22,7832,"independent"
18,7833,"independent"
10,7834,"independent"
18,7835,"independent"
16,7836,"independent"
26,7837,"independent"
16,7838,"independent"
24,7839,"independent"
20,7840,"independent"
14,7841,"independent"
18,7842,"independent"
18,7843,"independent"
18,7844,"independent"
20,7845,"independent"
20,7846,"independent"
24,7847,"independent"
20,7848,"independent"
22,7849,"independent"
12,7850,"independent"
18,7851,"independent"
18,7852,"independent"
16,7853,"independent"
18,7854,"independent"
12,7855,"independent"
18,7856,"independent"
16,7857,"independent"
24,7858,"independent"
20,7859,"independent"
20,7860,"independent"
22,7861,"independent"
20,7862,"independent"
18,7863,"independent"
18,7864,"independent"
20,7865,"independent"
22,7866,"independent"
16,7867,"independent"
20,7868,"independent"
20,7869,"independent"
22,7870,"independent"
18,7871,"independent"
24,7872,"independent"
14,7873,"independent"
30,7874,"independent"
18,7875,"independent"
16,7876,"independent"
20,7877,"independent"
24,7878,"independent"
12,7879,"independent"
20,7880,"independent"
20,7881,"independent"
20,7882,"independent"
22,7883,"independent"
14,7884,"independent"
18,7885,"independent"
16,7886,"independent"
14,7887,"independent"
20,7888,"independent"
10,7889,"independent"
20,7890,"independent"
22,7891,"independent"
20,7892,"independent"
16,7893,"independent"
22,7894,"independent"
22,7895,"independent"
20,7896,"independent"
18,7897,"independent"
20,7898,"independent"
18,7899,"independent"
14,7900,"independent"
14,7901,"independent"
16,7902,"independent"
20,7903,"independent"
20,7904,"independent"
20,7905,"independent"
10,7906,"independent"
16,7907,"independent"
26,7908,"independent"
16,7909,"independent"
12,7910,"independent"
18,7911,"independent"
14,7912,"independent"
20,7913,"independent"
20,7914,"independent"
18,7915,"independent"
14,7916,"independent"
18,7917,"independent"
16,7918,"independent"
14,7919,"independent"
10,7920,"independent"
12,7921,"independent"
14,7922,"independent"
18,7923,"independent"
18,7924,"independent"
20,7925,"independent"
14,7926,"independent"
22,7927,"independent"
12,7928,"independent"
18,7929,"independent"
18,7930,"independent"
12,7931,"independent"
22,7932,"independent"
16,7933,"independent"
20,7934,"independent"
18,7935,"independent"
20,7936,"independent"
24,7937,"independent"
14,7938,"independent"
16,7939,"independent"
22,7940,"independent"
16,7941,"independent"
20,7942,"independent"
16,7943,"independent"
20,7944,"independent"
20,7945,"independent"
20,7946,"independent"
16,7947,"independent"
18,7948,"independent"
20,7949,"independent"
20,7950,"independent"
20,7951,"independent"
20,7952,"independent"
20,7953,"independent"
18,7954,"independent"
20,7955,"independent"
18,7956,"independent"
18,7957,"independent"
14,7958,"independent"
12,7959,"independent"
18,7960,"independent"
16,7961,"independent"
18,7962,"independent"
16,7963,"independent"
22,7964,"independent"
16,7965,"independent"
14,7966,"independent"
18,7967,"independent"
18,7968,"independent"
20,7969,"independent"
16,7970,"independent"
22,7971,"independent"
18,7972,"independent"
18,7973,"independent"
14,7974,"independent"
24,7975,"independent"
18,7976,"independent"
18,7977,"independent"
20,7978,"independent"
12,7979,"independent"
18,7980,"independent"
16,7981,"independent"
18,7982,"independent"
16,7983,"independent"
14,7984,"independent"
16,7985,"independent"
20,7986,"independent"
16,7987,"independent"
20,7988,"independent"
26,7989,"independent"
22,7990,"independent"
14,7991,"independent"
18,7992,"independent"
14,7993,"independent"
16,7994,"independent"
18,7995,"independent"
14,7996,"independent"
14,7997,"independent"
18,7998,"independent"
14,7999,"independent"
18,8000,"independent"
24,8001,"independent"
20,8002,"independent"
18,8003,"independent"
20,8004,"independent"
20,8005,"independent"
14,8006,"independent"
18,8007,"independent"
22,8008,"independent"
18,8009,"independent"
14,8010,"independent"
20,8011,"independent"
16,8012,"independent"
20,8013,"independent"
18,8014,"independent"
18,8015,"independent"
16,8016,"independent"
16,8017,"independent"
18,8018,"independent"
22,8019,"independent"
18,8020,"independent"
22,8021,"independent"
22,8022,"independent"
12,8023,"independent"
16,8024,"independent"
14,8025,"independent"
16,8026,"independent"
14,8027,"independent"
18,8028,"independent"
20,8029,"independent"
18,8030,"independent"
22,8031,"independent"
16,8032,"independent"
18,8033,"independent"
20,8034,"independent"
24,8035,"independent"
22,8036,"independent"
24,8037,"independent"
24,8038,"independent"
26,8039,"independent"
16,8040,"independent"
18,8041,"independent"
16,8042,"independent"
16,8043,"independent"
20,8044,"independent"
18,8045,"independent"
20,8046,"independent"
18,8047,"independent"
16,8048,"independent"
16,8049,"independent"
14,8050,"independent"
22,8051,"independent"
22,8052,"independent"
18,8053,"independent"
18,8054,"independent"
20,8055,"independent"
20,8056,"independent"
16,8057,"independent"
22,8058,"independent"
16,8059,"independent"
18,8060,"independent"
22,8061,"independent"
16,8062,"independent"
20,8063,"independent"
16,8064,"independent"
18,8065,"independent"
16,8066,"independent"
20,8067,"independent"
16,8068,"independent"
16,8069,"independent"
12,8070,"independent"
26,8071,"independent"
22,8072,"independent"
14,8073,"independent"
20,8074,"independent"
16,8075,"independent"
10,8076,"independent"
16,8077,"independent"
12,8078,"independent"
14,8079,"independent"
18,8080,"independent"
18,8081,"independent"
20,8082,"independent"
22,8083,"independent"
20,8084,"independent"
16,8085,"independent"
18,8086,"independent"
16,8087,"independent"
14,8088,"independent"
22,8089,"independent"
16,8090,"independent"
20,8091,"independent"
16,8092,"independent"
20,8093,"independent"
16,8094,"independent"
16,8095,"independent"
22,8096,"independent"
22,8097,"independent"
20,8098,"independent"
20,8099,"independent"
18,8100,"independent"
12,8101,"independent"
20,8102,"independent"
18,8103,"independent"
20,8104,"independent"
24,8105,"independent"
18,8106,"independent"
20,8107,"independent"
16,8108,"independent"
20,8109,"independent"
20,8110,"independent"
10,8111,"independent"
16,8112,"independent"
18,8113,"independent"
14,8114,"independent"
18,8115,"independent"
22,8116,"independent"
22,8117,"independent"
16,8118,"independent"
20,8119,"independent"
20,8120,"independent"
16,8121,"independent"
22,8122,"independent"
20,8123,"independent"
22,8124,"independent"
20,8125,"independent"
18,8126,"independent"
24,8127,"independent"
14,8128,"independent"
18,8129,"independent"
18,8130,"independent"
12,8131,"independent"
18,8132,"independent"
20,8133,"independent"
14,8134,"independent"
16,8135,"independent"
22,8136,"independent"
16,8137,"independent"
12,8138,"independent"
18,8139,"independent"
20,8140,"independent"
18,8141,"independent"
18,8142,"independent"
22,8143,"independent"
20,8144,"independent"
16,8145,"independent"
20,8146,"independent"
20,8147,"independent"
18,8148,"independent"
16,8149,"independent"
18,8150,"independent"
18,8151,"independent"
22,8152,"independent"
24,8153,"independent"
16,8154,"independent"
20,8155,"independent"
16,8156,"independent"
18,8157,"independent"
20,8158,"independent"
18,8159,"independent"
16,8160,"independent"
10,8161,"independent"
10,8162,"independent"
24,8163,"independent"
18,8164,"independent"
16,8165,"independent"
14,8166,"independent"
20,8167,"independent"
20,8168,"independent"
16,8169,"independent"
12,8170,"independent"
22,8171,"independent"
22,8172,"independent"
14,8173,"independent"
22,8174,"independent"
16,8175,"independent"
20,8176,"independent"
22,8177,"independent"
22,8178,"independent"
18,8179,"independent"
16,8180,"independent"
18,8181,"independent"
18,8182,"independent"
14,8183,"independent"
18,8184,"independent"
12,8185,"independent"
22,8186,"independent"
16,8187,"independent"
18,8188,"independent"
14,8189,"independent"
16,8190,"independent"
18,8191,"independent"
18,8192,"independent"
16,8193,"independent"
16,8194,"independent"
20,8195,"independent"
22,8196,"independent"
20,8197,"independent"
16,8198,"independent"
22,8199,"independent"
18,8200,"independent"
18,8201,"independent"
20,8202,"independent"
18,8203,"independent"
14,8204,"independent"
18,8205,"independent"
16,8206,"independent"
16,8207,"independent"
14,8208,"independent"
18,8209,"independent"
14,8210,"independent"
18,8211,"independent"
20,8212,"independent"
22,8213,"independent"
12,8214,"independent"
20,8215,"independent"
16,8216,"independent"
20,8217,"independent"
18,8218,"independent"
20,8219,"independent"
22,8220,"independent"
18,8221,"independent"
18,8222,"independent"
18,8223,"independent"
24,8224,"independent"
16,8225,"independent"
20,8226,"independent"
14,8227,"independent"
12,8228,"independent"
18,8229,"independent"
18,8230,"independent"
12,8231,"independent"
16,8232,"independent"
18,8233,"independent"
16,8234,"independent"
18,8235,"independent"
14,8236,"independent"
22,8237,"independent"
20,8238,"independent"
20,8239,"independent"
16,8240,"independent"
20,8241,"independent"
20,8242,"independent"
22,8243,"independent"
18,8244,"independent"
14,8245,"independent"
20,8246,"independent"
18,8247,"independent"
24,8248,"independent"
18,8249,"independent"
22,8250,"independent"
20,8251,"independent"
18,8252,"independent"
18,8253,"independent"
20,8254,"independent"
20,8255,"independent"
18,8256,"independent"
18,8257,"independent"
14,8258,"independent"
14,8259,"independent"
20,8260,"independent"
16,8261,"independent"
18,8262,"independent"
16,8263,"independent"
14,8264,"independent"
20,8265,"independent"
24,8266,"independent"
22,8267,"independent"
18,8268,"independent"
20,8269,"independent"
18,8270,"independent"
16,8271,"independent"
16,8272,"independent"
18,8273,"independent"
22,8274,"independent"
20,8275,"independent"
20,8276,"independent"
18,8277,"independent"
18,8278,"independent"
18,8279,"independent"
12,8280,"independent"
22,8281,"independent"
20,8282,"independent"
16,8283,"independent"
20,8284,"independent"
20,8285,"independent"
20,8286,"independent"
18,8287,"independent"
16,8288,"independent"
22,8289,"independent"
14,8290,"independent"
14,8291,"independent"
16,8292,"independent"
18,8293,"independent"
16,8294,"independent"
18,8295,"independent"
20,8296,"independent"
12,8297,"independent"
20,8298,"independent"
18,8299,"independent"
18,8300,"independent"
18,8301,"independent"
24,8302,"independent"
20,8303,"independent"
18,8304,"independent"
18,8305,"independent"
20,8306,"independent"
16,8307,"independent"
14,8308,"independent"
18,8309,"independent"
24,8310,"independent"
20,8311,"independent"
20,8312,"independent"
18,8313,"independent"
16,8314,"independent"
14,8315,"independent"
16,8316,"independent"
24,8317,"independent"
18,8318,"independent"
14,8319,"independent"
20,8320,"independent"
20,8321,"independent"
24,8322,"independent"
18,8323,"independent"
14,8324,"independent"
16,8325,"independent"
16,8326,"independent"
20,8327,"independent"
14,8328,"independent"
18,8329,"independent"
22,8330,"independent"
24,8331,"independent"
22,8332,"independent"
18,8333,"independent"
16,8334,"independent"
12,8335,"independent"
16,8336,"independent"
16,8337,"independent"
12,8338,"independent"
20,8339,"independent"
18,8340,"independent"
16,8341,"independent"
16,8342,"independent"
20,8343,"independent"
18,8344,"independent"
18,8345,"independent"
14,8346,"independent"
20,8347,"independent"
18,8348,"independent"
24,8349,"independent"
20,8350,"independent"
24,8351,"independent"
22,8352,"independent"
18,8353,"independent"
16,8354,"independent"
16,8355,"independent"
22,8356,"independent"
22,8357,"independent"
18,8358,"independent"
16,8359,"independent"
22,8360,"independent"
18,8361,"independent"
20,8362,"independent"
16,8363,"independent"
8,8364,"independent"
20,8365,"independent"
20,8366,"independent"
14,8367,"independent"
20,8368,"independent"
18,8369,"independent"
18,8370,"independent"
14,8371,"independent"
18,8372,"independent"
24,8373,"independent"
18,8374,"independent"
10,8375,"independent"
20,8376,"independent"
14,8377,"independent"
20,8378,"independent"
14,8379,"independent"
18,8380,"independent"
22,8381,"independent"
18,8382,"independent"
22,8383,"independent"
20,8384,"independent"
20,8385,"independent"
20,8386,"independent"
18,8387,"independent"
22,8388,"independent"
22,8389,"independent"
22,8390,"independent"
16,8391,"independent"
22,8392,"independent"
12,8393,"independent"
20,8394,"independent"
18,8395,"independent"
18,8396,"independent"
20,8397,"independent"
20,8398,"independent"
20,8399,"independent"
14,8400,"independent"
18,8401,"independent"
18,8402,"independent"
14,8403,"independent"
14,8404,"independent"
26,8405,"independent"
26,8406,"independent"
16,8407,"independent"
16,8408,"independent"
12,8409,"independent"
18,8410,"independent"
18,8411,"independent"
24,8412,"independent"
22,8413,"independent"
16,8414,"independent"
20,8415,"independent"
20,8416,"independent"
10,8417,"independent"
16,8418,"independent"
16,8419,"independent"
24,8420,"independent"
22,8421,"independent"
16,8422,"independent"
20,8423,"independent"
20,8424,"independent"
14,8425,"independent"
24,8426,"independent"
20,8427,"independent"
20,8428,"independent"
18,8429,"independent"
20,8430,"independent"
14,8431,"independent"
16,8432,"independent"
18,8433,"independent"
12,8434,"independent"
22,8435,"independent"
14,8436,"independent"
16,8437,"independent"
18,8438,"independent"
12,8439,"independent"
16,8440,"independent"
16,8441,"independent"
18,8442,"independent"
18,8443,"independent"
16,8444,"independent"
18,8445,"independent"
20,8446,"independent"
20,8447,"independent"
24,8448,"independent"
22,8449,"independent"
18,8450,"independent"
12,8451,"independent"
18,8452,"independent"
16,8453,"independent"
20,8454,"independent"
18,8455,"independent"
22,8456,"independent"
16,8457,"independent"
14,8458,"independent"
22,8459,"independent"
14,8460,"independent"
22,8461,"independent"
18,8462,"independent"
18,8463,"independent"
22,8464,"independent"
16,8465,"independent"
26,8466,"independent"
22,8467,"independent"
14,8468,"independent"
16,8469,"independent"
16,8470,"independent"
12,8471,"independent"
20,8472,"independent"
16,8473,"independent"
22,8474,"independent"
16,8475,"independent"
18,8476,"independent"
20,8477,"independent"
18,8478,"independent"
12,8479,"independent"
14,8480,"independent"
22,8481,"independent"
14,8482,"independent"
18,8483,"independent"
20,8484,"independent"
18,8485,"independent"
18,8486,"independent"
16,8487,"independent"
16,8488,"independent"
14,8489,"independent"
22,8490,"independent"
16,8491,"independent"
16,8492,"independent"
16,8493,"independent"
14,8494,"independent"
18,8495,"independent"
20,8496,"independent"
18,8497,"independent"
18,8498,"independent"
20,8499,"independent"
18,8500,"independent"
18,8501,"independent"
18,8502,"independent"
20,8503,"independent"
18,8504,"independent"
18,8505,"independent"
16,8506,"independent"
14,8507,"independent"
18,8508,"independent"
26,8509,"independent"
20,8510,"independent"
18,8511,"independent"
20,8512,"independent"
18,8513,"independent"
22,8514,"independent"
22,8515,"independent"
16,8516,"independent"
16,8517,"independent"
16,8518,"independent"
22,8519,"independent"
14,8520,"independent"
26,8521,"independent"
20,8522,"independent"
14,8523,"independent"
18,8524,"independent"
14,8525,"independent"
16,8526,"independent"
18,8527,"independent"
20,8528,"independent"
16,8529,"independent"
20,8530,"independent"
18,8531,"independent"
18,8532,"independent"
20,8533,"independent"
18,8534,"independent"
16,8535,"independent"
12,8536,"independent"
26,8537,"independent"
18,8538,"independent"
20,8539,"independent"
14,8540,"independent"
20,8541,"independent"
24,8542,"independent"
22,8543,"independent"
12,8544,"independent"
20,8545,"independent"
20,8546,"independent"
16,8547,"independent"
22,8548,"independent"
18,8549,"independent"
16,8550,"independent"
12,8551,"independent"
18,8552,"independent"
22,8553,"independent"
18,8554,"independent"
22,8555,"independent"
16,8556,"independent"
18,8557,"independent"
16,8558,"independent"
18,8559,"independent"
24,8560,"independent"
22,8561,"independent"
12,8562,"independent"
20,8563,"independent"
20,8564,"independent"
12,8565,"independent"
18,8566,"independent"
22,8567,"independent"
20,8568,"independent"
18,8569,"independent"
14,8570,"independent"
18,8571,"independent"
22,8572,"independent"
18,8573,"independent"
18,8574,"independent"
22,8575,"independent"
18,8576,"independent"
14,8577,"independent"
16,8578,"independent"
16,8579,"independent"
18,8580,"independent"
20,8581,"independent"
24,8582,"independent"
20,8583,"independent"
16,8584,"independent"
18,8585,"independent"
24,8586,"independent"
20,8587,"independent"
22,8588,"independent"
18,8589,"independent"
20,8590,"independent"
12,8591,"independent"
26,8592,"independent"
20,8593,"independent"
18,8594,"independent"
16,8595,"independent"
22,8596,"independent"
20,8597,"independent"
14,8598,"independent"
14,8599,"independent"
20,8600,"independent"
14,8601,"independent"
18,8602,"independent"
14,8603,"independent"
20,8604,"independent"
22,8605,"independent"
18,8606,"independent"
16,8607,"independent"
16,8608,"independent"
22,8609,"independent"
16,8610,"independent"
18,8611,"independent"
20,8612,"independent"
18,8613,"independent"
12,8614,"independent"
20,8615,"independent"
16,8616,"independent"
22,8617,"independent"
20,8618,"independent"
18,8619,"independent"
16,8620,"independent"
18,8621,"independent"
22,8622,"independent"
16,8623,"independent"
12,8624,"independent"
18,8625,"independent"
18,8626,"independent"
8,8627,"independent"
16,8628,"independent"
18,8629,"independent"
22,8630,"independent"
22,8631,"independent"
22,8632,"independent"
16,8633,"independent"
18,8634,"independent"
14,8635,"independent"
22,8636,"independent"
16,8637,"independent"
18,8638,"independent"
24,8639,"independent"
18,8640,"independent"
24,8641,"independent"
20,8642,"independent"
12,8643,"independent"
24,8644,"independent"
16,8645,"independent"
18,8646,"independent"
12,8647,"independent"
22,8648,"independent"
20,8649,"independent"
16,8650,"independent"
18,8651,"independent"
18,8652,"independent"
20,8653,"independent"
20,8654,"independent"
20,8655,"independent"
22,8656,"independent"
18,8657,"independent"
20,8658,"independent"
22,8659,"independent"
16,8660,"independent"
20,8661,"independent"
12,8662,"independent"
16,8663,"independent"
16,8664,"independent"
14,8665,"independent"
18,8666,"independent"
16,8667,"independent"
18,8668,"independent"
16,8669,"independent"
18,8670,"independent"
20,8671,"independent"
18,8672,"independent"
22,8673,"independent"
16,8674,"independent"
16,8675,"independent"
18,8676,"independent"
16,8677,"independent"
20,8678,"independent"
18,8679,"independent"
16,8680,"independent"
18,8681,"independent"
18,8682,"independent"
22,8683,"independent"
18,8684,"independent"
18,8685,"independent"
22,8686,"independent"
16,8687,"independent"
20,8688,"independent"
22,8689,"independent"
14,8690,"independent"
12,8691,"independent"
18,8692,"independent"
14,8693,"independent"
24,8694,"independent"
18,8695,"independent"
20,8696,"independent"
14,8697,"independent"
16,8698,"independent"
16,8699,"independent"
16,8700,"independent"
14,8701,"independent"
18,8702,"independent"
10,8703,"independent"
20,8704,"independent"
12,8705,"independent"
20,8706,"independent"
16,8707,"independent"
18,8708,"independent"
12,8709,"independent"
20,8710,"independent"
20,8711,"independent"
14,8712,"independent"
22,8713,"independent"
16,8714,"independent"
20,8715,"independent"
22,8716,"independent"
20,8717,"independent"
16,8718,"independent"
14,8719,"independent"
20,8720,"independent"
18,8721,"independent"
12,8722,"independent"
20,8723,"independent"
16,8724,"independent"
16,8725,"independent"
16,8726,"independent"
18,8727,"independent"
18,8728,"independent"
16,8729,"independent"
16,8730,"independent"
16,8731,"independent"
16,8732,"independent"
24,8733,"independent"
16,8734,"independent"
18,8735,"independent"
20,8736,"independent"
18,8737,"independent"
18,8738,"independent"
16,8739,"independent"
16,8740,"independent"
22,8741,"independent"
20,8742,"independent"
12,8743,"independent"
18,8744,"independent"
18,8745,"independent"
18,8746,"independent"
14,8747,"independent"
18,8748,"independent"
16,8749,"independent"
20,8750,"independent"
16,8751,"independent"
16,8752,"independent"
14,8753,"independent"
10,8754,"independent"
12,8755,"independent"
16,8756,"independent"
22,8757,"independent"
20,8758,"independent"
22,8759,"independent"
18,8760,"independent"
20,8761,"independent"
18,8762,"independent"
18,8763,"independent"
14,8764,"independent"
16,8765,"independent"
14,8766,"independent"
18,8767,"independent"
22,8768,"independent"
20,8769,"independent"
18,8770,"independent"
20,8771,"independent"
20,8772,"independent"
8,8773,"independent"
20,8774,"independent"
22,8775,"independent"
16,8776,"independent"
22,8777,"independent"
16,8778,"independent"
20,8779,"independent"
22,8780,"independent"
16,8781,"independent"
16,8782,"independent"
20,8783,"independent"
20,8784,"independent"
16,8785,"independent"
18,8786,"independent"
22,8787,"independent"
16,8788,"independent"
20,8789,"independent"
20,8790,"independent"
22,8791,"independent"
18,8792,"independent"
18,8793,"independent"
16,8794,"independent"
20,8795,"independent"
20,8796,"independent"
16,8797,"independent"
22,8798,"independent"
16,8799,"independent"
10,8800,"independent"
22,8801,"independent"
14,8802,"independent"
18,8803,"independent"
20,8804,"independent"
16,8805,"independent"
22,8806,"independent"
20,8807,"independent"
12,8808,"independent"
22,8809,"independent"
18,8810,"independent"
20,8811,"independent"
22,8812,"independent"
12,8813,"independent"
18,8814,"independent"
18,8815,"independent"
18,8816,"independent"
22,8817,"independent"
22,8818,"independent"
18,8819,"independent"
20,8820,"independent"
18,8821,"independent"
22,8822,"independent"
18,8823,"independent"
24,8824,"independent"
24,8825,"independent"
16,8826,"independent"
18,8827,"independent"
16,8828,"independent"
14,8829,"independent"
16,8830,"independent"
20,8831,"independent"
18,8832,"independent"
18,8833,"independent"
20,8834,"independent"
22,8835,"independent"
22,8836,"independent"
22,8837,"independent"
16,8838,"independent"
18,8839,"independent"
14,8840,"independent"
16,8841,"independent"
12,8842,"independent"
16,8843,"independent"
14,8844,"independent"
18,8845,"independent"
16,8846,"independent"
14,8847,"independent"
16,8848,"independent"
16,8849,"independent"
14,8850,"independent"
20,8851,"independent"
14,8852,"independent"
18,8853,"independent"
18,8854,"independent"
18,8855,"independent"
14,8856,"independent"
24,8857,"independent"
20,8858,"independent"
18,8859,"independent"
20,8860,"independent"
12,8861,"independent"
18,8862,"independent"
24,8863,"independent"
16,8864,"independent"
14,8865,"independent"
20,8866,"independent"
20,8867,"independent"
18,8868,"independent"
24,8869,"independent"
22,8870,"independent"
16,8871,"independent"
16,8872,"independent"
16,8873,"independent"
22,8874,"independent"
14,8875,"independent"
18,8876,"independent"
26,8877,"independent"
26,8878,"independent"
16,8879,"independent"
18,8880,"independent"
18,8881,"independent"
16,8882,"independent"
20,8883,"independent"
24,8884,"independent"
20,8885,"independent"
16,8886,"independent"
18,8887,"independent"
24,8888,"independent"
16,8889,"independent"
18,8890,"independent"
18,8891,"independent"
20,8892,"independent"
22,8893,"independent"
18,8894,"independent"
16,8895,"independent"
16,8896,"independent"
18,8897,"independent"
16,8898,"independent"
18,8899,"independent"
20,8900,"independent"
22,8901,"independent"
18,8902,"independent"
18,8903,"independent"
18,8904,"independent"
22,8905,"independent"
18,8906,"independent"
16,8907,"independent"
22,8908,"independent"
18,8909,"independent"
12,8910,"independent"
18,8911,"independent"
20,8912,"independent"
20,8913,"independent"
22,8914,"independent"
12,8915,"independent"
20,8916,"independent"
18,8917,"independent"
20,8918,"independent"
22,8919,"independent"
18,8920,"independent"
18,8921,"independent"
12,8922,"independent"
22,8923,"independent"
18,8924,"independent"
24,8925,"independent"
16,8926,"independent"
14,8927,"independent"
22,8928,"independent"
18,8929,"independent"
14,8930,"independent"
24,8931,"independent"
20,8932,"independent"
22,8933,"independent"
22,8934,"independent"
18,8935,"independent"
22,8936,"independent"
24,8937,"independent"
22,8938,"independent"
24,8939,"independent"
20,8940,"independent"
18,8941,"independent"
22,8942,"independent"
18,8943,"independent"
16,8944,"independent"
26,8945,"independent"
18,8946,"independent"
20,8947,"independent"
18,8948,"independent"
8,8949,"independent"
14,8950,"independent"
16,8951,"independent"
16,8952,"independent"
14,8953,"independent"
16,8954,"independent"
22,8955,"independent"
18,8956,"independent"
20,8957,"independent"
12,8958,"independent"
18,8959,"independent"
20,8960,"independent"
16,8961,"independent"
16,8962,"independent"
18,8963,"independent"
16,8964,"independent"
24,8965,"independent"
24,8966,"independent"
14,8967,"independent"
26,8968,"independent"
20,8969,"independent"
20,8970,"independent"
22,8971,"independent"
18,8972,"independent"
14,8973,"independent"
24,8974,"independent"
18,8975,"independent"
22,8976,"independent"
26,8977,"independent"
12,8978,"independent"
22,8979,"independent"
18,8980,"independent"
18,8981,"independent"
18,8982,"independent"
20,8983,"independent"
18,8984,"independent"
20,8985,"independent"
16,8986,"independent"
14,8987,"independent"
18,8988,"independent"
20,8989,"independent"
22,8990,"independent"
12,8991,"independent"
22,8992,"independent"
16,8993,"independent"
22,8994,"independent"
18,8995,"independent"
20,8996,"independent"
22,8997,"independent"
20,8998,"independent"
18,8999,"independent"
20,9000,"independent"
24,9001,"independent"
28,1,"dependent"
24,2,"dependent"
26,3,"dependent"
18,4,"dependent"
20,5,"dependent"
28,6,"dependent"
20,7,"dependent"
24,8,"dependent"
22,9,"dependent"
24,10,"dependent"
22,11,"dependent"
22,12,"dependent"
26,13,"dependent"
24,14,"dependent"
24,15,"dependent"
22,16,"dependent"
28,17,"dependent"
28,18,"dependent"
22,19,"dependent"
24,20,"dependent"
24,21,"dependent"
18,22,"dependent"
24,23,"dependent"
26,24,"dependent"
22,25,"dependent"
22,26,"dependent"
30,27,"dependent"
22,28,"dependent"
28,29,"dependent"
28,30,"dependent"
28,31,"dependent"
30,32,"dependent"
26,33,"dependent"
26,34,"dependent"
30,35,"dependent"
30,36,"dependent"
24,37,"dependent"
20,38,"dependent"
26,39,"dependent"
20,40,"dependent"
24,41,"dependent"
22,42,"dependent"
26,43,"dependent"
26,44,"dependent"
24,45,"dependent"
22,46,"dependent"
26,47,"dependent"
22,48,"dependent"
30,49,"dependent"
20,50,"dependent"
22,51,"dependent"
24,52,"dependent"
26,53,"dependent"
24,54,"dependent"
22,55,"dependent"
24,56,"dependent"
24,57,"dependent"
22,58,"dependent"
28,59,"dependent"
22,60,"dependent"
24,61,"dependent"
24,62,"dependent"
26,63,"dependent"
24,64,"dependent"
28,65,"dependent"
26,66,"dependent"
26,67,"dependent"
26,68,"dependent"
30,69,"dependent"
26,70,"dependent"
26,71,"dependent"
22,72,"dependent"
24,73,"dependent"
24,74,"dependent"
24,75,"dependent"
24,76,"dependent"
20,77,"dependent"
26,78,"dependent"
22,79,"dependent"
26,80,"dependent"
24,81,"dependent"
28,82,"dependent"
24,83,"dependent"
24,84,"dependent"
26,85,"dependent"
24,86,"dependent"
24,87,"dependent"
22,88,"dependent"
24,89,"dependent"
28,90,"dependent"
22,91,"dependent"
26,92,"dependent"
26,93,"dependent"
30,94,"dependent"
26,95,"dependent"
32,96,"dependent"
22,97,"dependent"
26,98,"dependent"
24,99,"dependent"
20,100,"dependent"
22,101,"dependent"
30,102,"dependent"
30,103,"dependent"
26,104,"dependent"
20,105,"dependent"
26,106,"dependent"
28,107,"dependent"
28,108,"dependent"
28,109,"dependent"
24,110,"dependent"
24,111,"dependent"
20,112,"dependent"
28,113,"dependent"
26,114,"dependent"
28,115,"dependent"
26,116,"dependent"
22,117,"dependent"
28,118,"dependent"
26,119,"dependent"
22,120,"dependent"
24,121,"dependent"
28,122,"dependent"
22,123,"dependent"
18,124,"dependent"
26,125,"dependent"
26,126,"dependent"
26,127,"dependent"
28,128,"dependent"
24,129,"dependent"
24,130,"dependent"
24,131,"dependent"
26,132,"dependent"
20,133,"dependent"
24,134,"dependent"
26,135,"dependent"
24,136,"dependent"
26,137,"dependent"
24,138,"dependent"
24,139,"dependent"
22,140,"dependent"
30,141,"dependent"
28,142,"dependent"
28,143,"dependent"
28,144,"dependent"
24,145,"dependent"
24,146,"dependent"
26,147,"dependent"
16,148,"dependent"
22,149,"dependent"
28,150,"dependent"
24,151,"dependent"
20,152,"dependent"
28,153,"dependent"
18,154,"dependent"
22,155,"dependent"
26,156,"dependent"
18,157,"dependent"
24,158,"dependent"
20,159,"dependent"
26,160,"dependent"
28,161,"dependent"
22,162,"dependent"
28,163,"dependent"
24,164,"dependent"
22,165,"dependent"
24,166,"dependent"
24,167,"dependent"
22,168,"dependent"
24,169,"dependent"
26,170,"dependent"
26,171,"dependent"
26,172,"dependent"
22,173,"dependent"
26,174,"dependent"
24,175,"dependent"
22,176,"dependent"
24,177,"dependent"
24,178,"dependent"
18,179,"dependent"
22,180,"dependent"
22,181,"dependent"
18,182,"dependent"
26,183,"dependent"
22,184,"dependent"
24,185,"dependent"
20,186,"dependent"
28,187,"dependent"
26,188,"dependent"
18,189,"dependent"
22,190,"dependent"
20,191,"dependent"
24,192,"dependent"
22,193,"dependent"
14,194,"dependent"
22,195,"dependent"
22,196,"dependent"
22,197,"dependent"
24,198,"dependent"
20,199,"dependent"
18,200,"dependent"
20,201,"dependent"
24,202,"dependent"
16,203,"dependent"
22,204,"dependent"
22,205,"dependent"
20,206,"dependent"
22,207,"dependent"
26,208,"dependent"
26,209,"dependent"
24,210,"dependent"
20,211,"dependent"
22,212,"dependent"
18,213,"dependent"
22,214,"dependent"
22,215,"dependent"
28,216,"dependent"
24,217,"dependent"
24,218,"dependent"
26,219,"dependent"
24,220,"dependent"
22,221,"dependent"
24,222,"dependent"
24,223,"dependent"
26,224,"dependent"
24,225,"dependent"
28,226,"dependent"
22,227,"dependent"
26,228,"dependent"
26,229,"dependent"
28,230,"dependent"
32,231,"dependent"
22,232,"dependent"
22,233,"dependent"
22,234,"dependent"
28,235,"dependent"
24,236,"dependent"
30,237,"dependent"
30,238,"dependent"
22,239,"dependent"
22,240,"dependent"
24,241,"dependent"
24,242,"dependent"
26,243,"dependent"
26,244,"dependent"
24,245,"dependent"
22,246,"dependent"
26,247,"dependent"
24,248,"dependent"
20,249,"dependent"
26,250,"dependent"
26,251,"dependent"
22,252,"dependent"
24,253,"dependent"
26,254,"dependent"
26,255,"dependent"
22,256,"dependent"
18,257,"dependent"
22,258,"dependent"
20,259,"dependent"
26,260,"dependent"
20,261,"dependent"
26,262,"dependent"
26,263,"dependent"
22,264,"dependent"
20,265,"dependent"
24,266,"dependent"
26,267,"dependent"
24,268,"dependent"
26,269,"dependent"
28,270,"dependent"
26,271,"dependent"
30,272,"dependent"
30,273,"dependent"
24,274,"dependent"
28,275,"dependent"
24,276,"dependent"
24,277,"dependent"
28,278,"dependent"
24,279,"dependent"
22,280,"dependent"
28,281,"dependent"
24,282,"dependent"
26,283,"dependent"
22,284,"dependent"
28,285,"dependent"
20,286,"dependent"
30,287,"dependent"
30,288,"dependent"
26,289,"dependent"
28,290,"dependent"
18,291,"dependent"
32,292,"dependent"
24,293,"dependent"
24,294,"dependent"
30,295,"dependent"
20,296,"dependent"
26,297,"dependent"
26,298,"dependent"
26,299,"dependent"
20,300,"dependent"
24,301,"dependent"
22,302,"dependent"
26,303,"dependent"
20,304,"dependent"
24,305,"dependent"
26,306,"dependent"
28,307,"dependent"
22,308,"dependent"
24,309,"dependent"
28,310,"dependent"
22,311,"dependent"
22,312,"dependent"
28,313,"dependent"
28,314,"dependent"
22,315,"dependent"
26,316,"dependent"
22,317,"dependent"
28,318,"dependent"
28,319,"dependent"
26,320,"dependent"
28,321,"dependent"
20,322,"dependent"
24,323,"dependent"
24,324,"dependent"
24,325,"dependent"
30,326,"dependent"
30,327,"dependent"
24,328,"dependent"
26,329,"dependent"
18,330,"dependent"
24,331,"dependent"
24,332,"dependent"
24,333,"dependent"
24,334,"dependent"
24,335,"dependent"
20,336,"dependent"
18,337,"dependent"
24,338,"dependent"
24,339,"dependent"
18,340,"dependent"
18,341,"dependent"
24,342,"dependent"
28,343,"dependent"
18,344,"dependent"
20,345,"dependent"
22,346,"dependent"
24,347,"dependent"
20,348,"dependent"
24,349,"dependent"
22,350,"dependent"
24,351,"dependent"
22,352,"dependent"
22,353,"dependent"
24,354,"dependent"
24,355,"dependent"
20,356,"dependent"
26,357,"dependent"
26,358,"dependent"
22,359,"dependent"
20,360,"dependent"
24,361,"dependent"
22,362,"dependent"
24,363,"dependent"
24,364,"dependent"
20,365,"dependent"
24,366,"dependent"
20,367,"dependent"
22,368,"dependent"
22,369,"dependent"
18,370,"dependent"
26,371,"dependent"
22,372,"dependent"
22,373,"dependent"
22,374,"dependent"
18,375,"dependent"
22,376,"dependent"
26,377,"dependent"
22,378,"dependent"
20,379,"dependent"
28,380,"dependent"
22,381,"dependent"
22,382,"dependent"
28,383,"dependent"
26,384,"dependent"
22,385,"dependent"
18,386,"dependent"
24,387,"dependent"
24,388,"dependent"
26,389,"dependent"
26,390,"dependent"
26,391,"dependent"
26,392,"dependent"
28,393,"dependent"
24,394,"dependent"
22,395,"dependent"
20,396,"dependent"
24,397,"dependent"
24,398,"dependent"
24,399,"dependent"
30,400,"dependent"
30,401,"dependent"
26,402,"dependent"
28,403,"dependent"
24,404,"dependent"
26,405,"dependent"
24,406,"dependent"
24,407,"dependent"
28,408,"dependent"
18,409,"dependent"
24,410,"dependent"
24,411,"dependent"
24,412,"dependent"
26,413,"dependent"
20,414,"dependent"
26,415,"dependent"
24,416,"dependent"
24,417,"dependent"
24,418,"dependent"
16,419,"dependent"
18,420,"dependent"
24,421,"dependent"
22,422,"dependent"
18,423,"dependent"
18,424,"dependent"
24,425,"dependent"
20,426,"dependent"
20,427,"dependent"
24,428,"dependent"
26,429,"dependent"
20,430,"dependent"
18,431,"dependent"
18,432,"dependent"
20,433,"dependent"
16,434,"dependent"
16,435,"dependent"
22,436,"dependent"
18,437,"dependent"
24,438,"dependent"
24,439,"dependent"
22,440,"dependent"
26,441,"dependent"
26,442,"dependent"
20,443,"dependent"
26,444,"dependent"
28,445,"dependent"
26,446,"dependent"
26,447,"dependent"
26,448,"dependent"
22,449,"dependent"
26,450,"dependent"
26,451,"dependent"
22,452,"dependent"
22,453,"dependent"
22,454,"dependent"
26,455,"dependent"
24,456,"dependent"
20,457,"dependent"
22,458,"dependent"
20,459,"dependent"
22,460,"dependent"
16,461,"dependent"
28,462,"dependent"
24,463,"dependent"
22,464,"dependent"
24,465,"dependent"
20,466,"dependent"
24,467,"dependent"
20,468,"dependent"
24,469,"dependent"
22,470,"dependent"
16,471,"dependent"
22,472,"dependent"
16,473,"dependent"
24,474,"dependent"
22,475,"dependent"
24,476,"dependent"
30,477,"dependent"
20,478,"dependent"
24,479,"dependent"
24,480,"dependent"
26,481,"dependent"
30,482,"dependent"
28,483,"dependent"
26,484,"dependent"
26,485,"dependent"
26,486,"dependent"
26,487,"dependent"
26,488,"dependent"
24,489,"dependent"
24,490,"dependent"
30,491,"dependent"
28,492,"dependent"
20,493,"dependent"
24,494,"dependent"
28,495,"dependent"
22,496,"dependent"
24,497,"dependent"
28,498,"dependent"
24,499,"dependent"
20,500,"dependent"
22,501,"dependent"
26,502,"dependent"
30,503,"dependent"
26,504,"dependent"
20,505,"dependent"
30,506,"dependent"
24,507,"dependent"
26,508,"dependent"
22,509,"dependent"
26,510,"dependent"
22,511,"dependent"
26,512,"dependent"
24,513,"dependent"
22,514,"dependent"
28,515,"dependent"
28,516,"dependent"
32,517,"dependent"
22,518,"dependent"
20,519,"dependent"
28,520,"dependent"
24,521,"dependent"
24,522,"dependent"
28,523,"dependent"
26,524,"dependent"
24,525,"dependent"
32,526,"dependent"
30,527,"dependent"
22,528,"dependent"
28,529,"dependent"
30,530,"dependent"
30,531,"dependent"
24,532,"dependent"
28,533,"dependent"
30,534,"dependent"
20,535,"dependent"
24,536,"dependent"
22,537,"dependent"
20,538,"dependent"
22,539,"dependent"
20,540,"dependent"
28,541,"dependent"
26,542,"dependent"
28,543,"dependent"
28,544,"dependent"
24,545,"dependent"
22,546,"dependent"
32,547,"dependent"
18,548,"dependent"
20,549,"dependent"
18,550,"dependent"
20,551,"dependent"
28,552,"dependent"
28,553,"dependent"
26,554,"dependent"
24,555,"dependent"
22,556,"dependent"
24,557,"dependent"
22,558,"dependent"
18,559,"dependent"
28,560,"dependent"
26,561,"dependent"
22,562,"dependent"
26,563,"dependent"
28,564,"dependent"
26,565,"dependent"
24,566,"dependent"
24,567,"dependent"
28,568,"dependent"
26,569,"dependent"
24,570,"dependent"
26,571,"dependent"
26,572,"dependent"
24,573,"dependent"
24,574,"dependent"
22,575,"dependent"
22,576,"dependent"
22,577,"dependent"
28,578,"dependent"
30,579,"dependent"
30,580,"dependent"
30,581,"dependent"
28,582,"dependent"
28,583,"dependent"
32,584,"dependent"
24,585,"dependent"
22,586,"dependent"
22,587,"dependent"
22,588,"dependent"
22,589,"dependent"
22,590,"dependent"
20,591,"dependent"
24,592,"dependent"
24,593,"dependent"
20,594,"dependent"
28,595,"dependent"
28,596,"dependent"
26,597,"dependent"
24,598,"dependent"
28,599,"dependent"
26,600,"dependent"
26,601,"dependent"
24,602,"dependent"
30,603,"dependent"
22,604,"dependent"
24,605,"dependent"
24,606,"dependent"
26,607,"dependent"
24,608,"dependent"
22,609,"dependent"
28,610,"dependent"
24,611,"dependent"
26,612,"dependent"
24,613,"dependent"
26,614,"dependent"
20,615,"dependent"
24,616,"dependent"
28,617,"dependent"
30,618,"dependent"
26,619,"dependent"
22,620,"dependent"
20,621,"dependent"
12,622,"dependent"
24,623,"dependent"
20,624,"dependent"
22,625,"dependent"
22,626,"dependent"
28,627,"dependent"
22,628,"dependent"
28,629,"dependent"
28,630,"dependent"
26,631,"dependent"
22,632,"dependent"
24,633,"dependent"
24,634,"dependent"
22,635,"dependent"
20,636,"dependent"
22,637,"dependent"
26,638,"dependent"
20,639,"dependent"
26,640,"dependent"
20,641,"dependent"
18,642,"dependent"
20,643,"dependent"
22,644,"dependent"
24,645,"dependent"
24,646,"dependent"
20,647,"dependent"
20,648,"dependent"
22,649,"dependent"
24,650,"dependent"
20,651,"dependent"
24,652,"dependent"
20,653,"dependent"
22,654,"dependent"
18,655,"dependent"
22,656,"dependent"
24,657,"dependent"
20,658,"dependent"
22,659,"dependent"
22,660,"dependent"
26,661,"dependent"
24,662,"dependent"
18,663,"dependent"
22,664,"dependent"
16,665,"dependent"
20,666,"dependent"
22,667,"dependent"
26,668,"dependent"
18,669,"dependent"
26,670,"dependent"
20,671,"dependent"
16,672,"dependent"
18,673,"dependent"
22,674,"dependent"
24,675,"dependent"
22,676,"dependent"
12,677,"dependent"
24,678,"dependent"
20,679,"dependent"
26,680,"dependent"
22,681,"dependent"
24,682,"dependent"
18,683,"dependent"
16,684,"dependent"
24,685,"dependent"
24,686,"dependent"
18,687,"dependent"
20,688,"dependent"
18,689,"dependent"
22,690,"dependent"
22,691,"dependent"
20,692,"dependent"
22,693,"dependent"
20,694,"dependent"
18,695,"dependent"
20,696,"dependent"
28,697,"dependent"
22,698,"dependent"
18,699,"dependent"
22,700,"dependent"
24,701,"dependent"
18,702,"dependent"
16,703,"dependent"
22,704,"dependent"
18,705,"dependent"
18,706,"dependent"
22,707,"dependent"
20,708,"dependent"
22,709,"dependent"
22,710,"dependent"
16,711,"dependent"
20,712,"dependent"
22,713,"dependent"
22,714,"dependent"
24,715,"dependent"
22,716,"dependent"
26,717,"dependent"
22,718,"dependent"
20,719,"dependent"
22,720,"dependent"
10,721,"dependent"
18,722,"dependent"
20,723,"dependent"
14,724,"dependent"
18,725,"dependent"
20,726,"dependent"
16,727,"dependent"
20,728,"dependent"
18,729,"dependent"
24,730,"dependent"
24,731,"dependent"
28,732,"dependent"
16,733,"dependent"
22,734,"dependent"
14,735,"dependent"
20,736,"dependent"
18,737,"dependent"
22,738,"dependent"
22,739,"dependent"
22,740,"dependent"
22,741,"dependent"
18,742,"dependent"
22,743,"dependent"
20,744,"dependent"
16,745,"dependent"
18,746,"dependent"
20,747,"dependent"
20,748,"dependent"
18,749,"dependent"
26,750,"dependent"
20,751,"dependent"
16,752,"dependent"
20,753,"dependent"
20,754,"dependent"
20,755,"dependent"
20,756,"dependent"
20,757,"dependent"
24,758,"dependent"
22,759,"dependent"
20,760,"dependent"
22,761,"dependent"
26,762,"dependent"
26,763,"dependent"
24,764,"dependent"
18,765,"dependent"
20,766,"dependent"
22,767,"dependent"
22,768,"dependent"
20,769,"dependent"
18,770,"dependent"
20,771,"dependent"
20,772,"dependent"
20,773,"dependent"
22,774,"dependent"
26,775,"dependent"
22,776,"dependent"
14,777,"dependent"
16,778,"dependent"
22,779,"dependent"
22,780,"dependent"
12,781,"dependent"
20,782,"dependent"
24,783,"dependent"
14,784,"dependent"
18,785,"dependent"
20,786,"dependent"
18,787,"dependent"
28,788,"dependent"
20,789,"dependent"
24,790,"dependent"
22,791,"dependent"
22,792,"dependent"
24,793,"dependent"
18,794,"dependent"
26,795,"dependent"
22,796,"dependent"
14,797,"dependent"
24,798,"dependent"
28,799,"dependent"
24,800,"dependent"
24,801,"dependent"
24,802,"dependent"
22,803,"dependent"
24,804,"dependent"
18,805,"dependent"
22,806,"dependent"
28,807,"dependent"
16,808,"dependent"
20,809,"dependent"
20,810,"dependent"
20,811,"dependent"
22,812,"dependent"
22,813,"dependent"
18,814,"dependent"
24,815,"dependent"
20,816,"dependent"
18,817,"dependent"
24,818,"dependent"
18,819,"dependent"
22,820,"dependent"
24,821,"dependent"
20,822,"dependent"
18,823,"dependent"
24,824,"dependent"
20,825,"dependent"
18,826,"dependent"
22,827,"dependent"
26,828,"dependent"
20,829,"dependent"
24,830,"dependent"
24,831,"dependent"
22,832,"dependent"
24,833,"dependent"
22,834,"dependent"
20,835,"dependent"
20,836,"dependent"
18,837,"dependent"
12,838,"dependent"
18,839,"dependent"
22,840,"dependent"
12,841,"dependent"
18,842,"dependent"
24,843,"dependent"
16,844,"dependent"
20,845,"dependent"
8,846,"dependent"
12,847,"dependent"
16,848,"dependent"
20,849,"dependent"
22,850,"dependent"
20,851,"dependent"
20,852,"dependent"
20,853,"dependent"
20,854,"dependent"
22,855,"dependent"
24,856,"dependent"
18,857,"dependent"
20,858,"dependent"
18,859,"dependent"
22,860,"dependent"
24,861,"dependent"
22,862,"dependent"
16,863,"dependent"
18,864,"dependent"
24,865,"dependent"
18,866,"dependent"
24,867,"dependent"
20,868,"dependent"
22,869,"dependent"
14,870,"dependent"
14,871,"dependent"
16,872,"dependent"
20,873,"dependent"
22,874,"dependent"
22,875,"dependent"
16,876,"dependent"
18,877,"dependent"
26,878,"dependent"
20,879,"dependent"
26,880,"dependent"
22,881,"dependent"
26,882,"dependent"
16,883,"dependent"
18,884,"dependent"
14,885,"dependent"
18,886,"dependent"
14,887,"dependent"
20,888,"dependent"
24,889,"dependent"
16,890,"dependent"
16,891,"dependent"
18,892,"dependent"
18,893,"dependent"
18,894,"dependent"
20,895,"dependent"
22,896,"dependent"
20,897,"dependent"
20,898,"dependent"
22,899,"dependent"
22,900,"dependent"
24,901,"dependent"
26,902,"dependent"
16,903,"dependent"
18,904,"dependent"
24,905,"dependent"
20,906,"dependent"
20,907,"dependent"
24,908,"dependent"
16,909,"dependent"
20,910,"dependent"
12,911,"dependent"
20,912,"dependent"
16,913,"dependent"
16,914,"dependent"
24,915,"dependent"
24,916,"dependent"
20,917,"dependent"
16,918,"dependent"
18,919,"dependent"
22,920,"dependent"
26,921,"dependent"
20,922,"dependent"
20,923,"dependent"
22,924,"dependent"
24,925,"dependent"
22,926,"dependent"
16,927,"dependent"
20,928,"dependent"
26,929,"dependent"
18,930,"dependent"
18,931,"dependent"
24,932,"dependent"
24,933,"dependent"
20,934,"dependent"
20,935,"dependent"
12,936,"dependent"
18,937,"dependent"
22,938,"dependent"
22,939,"dependent"
20,940,"dependent"
20,941,"dependent"
22,942,"dependent"
18,943,"dependent"
20,944,"dependent"
18,945,"dependent"
16,946,"dependent"
18,947,"dependent"
14,948,"dependent"
22,949,"dependent"
20,950,"dependent"
16,951,"dependent"
22,952,"dependent"
22,953,"dependent"
20,954,"dependent"
16,955,"dependent"
28,956,"dependent"
20,957,"dependent"
24,958,"dependent"
22,959,"dependent"
20,960,"dependent"
20,961,"dependent"
20,962,"dependent"
18,963,"dependent"
22,964,"dependent"
14,965,"dependent"
16,966,"dependent"
18,967,"dependent"
18,968,"dependent"
22,969,"dependent"
24,970,"dependent"
22,971,"dependent"
18,972,"dependent"
18,973,"dependent"
22,974,"dependent"
18,975,"dependent"
18,976,"dependent"
20,977,"dependent"
24,978,"dependent"
26,979,"dependent"
18,980,"dependent"
20,981,"dependent"
20,982,"dependent"
14,983,"dependent"
24,984,"dependent"
22,985,"dependent"
18,986,"dependent"
18,987,"dependent"
22,988,"dependent"
18,989,"dependent"
22,990,"dependent"
14,991,"dependent"
22,992,"dependent"
16,993,"dependent"
22,994,"dependent"
20,995,"dependent"
16,996,"dependent"
18,997,"dependent"
26,998,"dependent"
22,999,"dependent"
24,1000,"dependent"
16,1001,"dependent"
14,1002,"dependent"
20,1003,"dependent"
14,1004,"dependent"
20,1005,"dependent"
24,1006,"dependent"
16,1007,"dependent"
20,1008,"dependent"
20,1009,"dependent"
16,1010,"dependent"
22,1011,"dependent"
22,1012,"dependent"
24,1013,"dependent"
24,1014,"dependent"
18,1015,"dependent"
26,1016,"dependent"
20,1017,"dependent"
18,1018,"dependent"
22,1019,"dependent"
22,1020,"dependent"
16,1021,"dependent"
18,1022,"dependent"
22,1023,"dependent"
24,1024,"dependent"
24,1025,"dependent"
20,1026,"dependent"
20,1027,"dependent"
18,1028,"dependent"
26,1029,"dependent"
22,1030,"dependent"
16,1031,"dependent"
24,1032,"dependent"
18,1033,"dependent"
24,1034,"dependent"
22,1035,"dependent"
24,1036,"dependent"
22,1037,"dependent"
18,1038,"dependent"
18,1039,"dependent"
28,1040,"dependent"
24,1041,"dependent"
18,1042,"dependent"
20,1043,"dependent"
14,1044,"dependent"
22,1045,"dependent"
20,1046,"dependent"
16,1047,"dependent"
20,1048,"dependent"
16,1049,"dependent"
24,1050,"dependent"
22,1051,"dependent"
24,1052,"dependent"
16,1053,"dependent"
24,1054,"dependent"
24,1055,"dependent"
26,1056,"dependent"
22,1057,"dependent"
18,1058,"dependent"
18,1059,"dependent"
18,1060,"dependent"
18,1061,"dependent"
16,1062,"dependent"
26,1063,"dependent"
18,1064,"dependent"
14,1065,"dependent"
24,1066,"dependent"
20,1067,"dependent"
16,1068,"dependent"
22,1069,"dependent"
18,1070,"dependent"
18,1071,"dependent"
22,1072,"dependent"
22,1073,"dependent"
20,1074,"dependent"
18,1075,"dependent"
18,1076,"dependent"
22,1077,"dependent"
18,1078,"dependent"
20,1079,"dependent"
22,1080,"dependent"
22,1081,"dependent"
26,1082,"dependent"
16,1083,"dependent"
24,1084,"dependent"
28,1085,"dependent"
18,1086,"dependent"
20,1087,"dependent"
16,1088,"dependent"
22,1089,"dependent"
16,1090,"dependent"
22,1091,"dependent"
16,1092,"dependent"
20,1093,"dependent"
22,1094,"dependent"
20,1095,"dependent"
20,1096,"dependent"
18,1097,"dependent"
22,1098,"dependent"
22,1099,"dependent"
16,1100,"dependent"
22,1101,"dependent"
20,1102,"dependent"
18,1103,"dependent"
18,1104,"dependent"
18,1105,"dependent"
20,1106,"dependent"
24,1107,"dependent"
20,1108,"dependent"
24,1109,"dependent"
20,1110,"dependent"
26,1111,"dependent"
24,1112,"dependent"
26,1113,"dependent"
22,1114,"dependent"
22,1115,"dependent"
22,1116,"dependent"
16,1117,"dependent"
22,1118,"dependent"
16,1119,"dependent"
22,1120,"dependent"
26,1121,"dependent"
26,1122,"dependent"
18,1123,"dependent"
22,1124,"dependent"
18,1125,"dependent"
20,1126,"dependent"
18,1127,"dependent"
22,1128,"dependent"
20,1129,"dependent"
26,1130,"dependent"
24,1131,"dependent"
26,1132,"dependent"
22,1133,"dependent"
20,1134,"dependent"
22,1135,"dependent"
26,1136,"dependent"
22,1137,"dependent"
18,1138,"dependent"
22,1139,"dependent"
22,1140,"dependent"
26,1141,"dependent"
22,1142,"dependent"
18,1143,"dependent"
22,1144,"dependent"
24,1145,"dependent"
26,1146,"dependent"
18,1147,"dependent"
16,1148,"dependent"
20,1149,"dependent"
20,1150,"dependent"
16,1151,"dependent"
20,1152,"dependent"
22,1153,"dependent"
16,1154,"dependent"
22,1155,"dependent"
14,1156,"dependent"
24,1157,"dependent"
12,1158,"dependent"
18,1159,"dependent"
24,1160,"dependent"
22,1161,"dependent"
18,1162,"dependent"
20,1163,"dependent"
16,1164,"dependent"
22,1165,"dependent"
20,1166,"dependent"
16,1167,"dependent"
16,1168,"dependent"
18,1169,"dependent"
18,1170,"dependent"
10,1171,"dependent"
16,1172,"dependent"
20,1173,"dependent"
16,1174,"dependent"
24,1175,"dependent"
24,1176,"dependent"
24,1177,"dependent"
18,1178,"dependent"
16,1179,"dependent"
18,1180,"dependent"
22,1181,"dependent"
20,1182,"dependent"
18,1183,"dependent"
18,1184,"dependent"
18,1185,"dependent"
20,1186,"dependent"
18,1187,"dependent"
16,1188,"dependent"
20,1189,"dependent"
20,1190,"dependent"
16,1191,"dependent"
22,1192,"dependent"
20,1193,"dependent"
24,1194,"dependent"
18,1195,"dependent"
24,1196,"dependent"
22,1197,"dependent"
22,1198,"dependent"
22,1199,"dependent"
28,1200,"dependent"
18,1201,"dependent"
18,1202,"dependent"
16,1203,"dependent"
20,1204,"dependent"
20,1205,"dependent"
24,1206,"dependent"
26,1207,"dependent"
24,1208,"dependent"
26,1209,"dependent"
20,1210,"dependent"
18,1211,"dependent"
16,1212,"dependent"
18,1213,"dependent"
10,1214,"dependent"
26,1215,"dependent"
28,1216,"dependent"
20,1217,"dependent"
24,1218,"dependent"
20,1219,"dependent"
26,1220,"dependent"
14,1221,"dependent"
18,1222,"dependent"
24,1223,"dependent"
16,1224,"dependent"
26,1225,"dependent"
26,1226,"dependent"
26,1227,"dependent"
16,1228,"dependent"
20,1229,"dependent"
22,1230,"dependent"
26,1231,"dependent"
20,1232,"dependent"
24,1233,"dependent"
22,1234,"dependent"
10,1235,"dependent"
22,1236,"dependent"
20,1237,"dependent"
24,1238,"dependent"
20,1239,"dependent"
20,1240,"dependent"
22,1241,"dependent"
22,1242,"dependent"
28,1243,"dependent"
22,1244,"dependent"
16,1245,"dependent"
24,1246,"dependent"
26,1247,"dependent"
24,1248,"dependent"
24,1249,"dependent"
30,1250,"dependent"
20,1251,"dependent"
16,1252,"dependent"
18,1253,"dependent"
20,1254,"dependent"
24,1255,"dependent"
22,1256,"dependent"
16,1257,"dependent"
22,1258,"dependent"
22,1259,"dependent"
22,1260,"dependent"
22,1261,"dependent"
22,1262,"dependent"
20,1263,"dependent"
22,1264,"dependent"
22,1265,"dependent"
20,1266,"dependent"
16,1267,"dependent"
24,1268,"dependent"
24,1269,"dependent"
16,1270,"dependent"
26,1271,"dependent"
22,1272,"dependent"
26,1273,"dependent"
24,1274,"dependent"
22,1275,"dependent"
18,1276,"dependent"
18,1277,"dependent"
20,1278,"dependent"
22,1279,"dependent"
24,1280,"dependent"
22,1281,"dependent"
22,1282,"dependent"
20,1283,"dependent"
20,1284,"dependent"
22,1285,"dependent"
20,1286,"dependent"
18,1287,"dependent"
22,1288,"dependent"
20,1289,"dependent"
18,1290,"dependent"
22,1291,"dependent"
22,1292,"dependent"
26,1293,"dependent"
22,1294,"dependent"
20,1295,"dependent"
20,1296,"dependent"
20,1297,"dependent"
20,1298,"dependent"
20,1299,"dependent"
14,1300,"dependent"
20,1301,"dependent"
14,1302,"dependent"
20,1303,"dependent"
18,1304,"dependent"
20,1305,"dependent"
18,1306,"dependent"
24,1307,"dependent"
14,1308,"dependent"
18,1309,"dependent"
20,1310,"dependent"
26,1311,"dependent"
22,1312,"dependent"
24,1313,"dependent"
22,1314,"dependent"
16,1315,"dependent"
18,1316,"dependent"
24,1317,"dependent"
20,1318,"dependent"
24,1319,"dependent"
16,1320,"dependent"
18,1321,"dependent"
24,1322,"dependent"
20,1323,"dependent"
24,1324,"dependent"
20,1325,"dependent"
26,1326,"dependent"
18,1327,"dependent"
18,1328,"dependent"
22,1329,"dependent"
20,1330,"dependent"
22,1331,"dependent"
18,1332,"dependent"
24,1333,"dependent"
16,1334,"dependent"
20,1335,"dependent"
18,1336,"dependent"
22,1337,"dependent"
18,1338,"dependent"
22,1339,"dependent"
20,1340,"dependent"
20,1341,"dependent"
14,1342,"dependent"
20,1343,"dependent"
22,1344,"dependent"
22,1345,"dependent"
20,1346,"dependent"
20,1347,"dependent"
22,1348,"dependent"
22,1349,"dependent"
22,1350,"dependent"
24,1351,"dependent"
20,1352,"dependent"
20,1353,"dependent"
20,1354,"dependent"
20,1355,"dependent"
22,1356,"dependent"
24,1357,"dependent"
20,1358,"dependent"
24,1359,"dependent"
20,1360,"dependent"
20,1361,"dependent"
16,1362,"dependent"
16,1363,"dependent"
24,1364,"dependent"
10,1365,"dependent"
22,1366,"dependent"
22,1367,"dependent"
18,1368,"dependent"
20,1369,"dependent"
22,1370,"dependent"
20,1371,"dependent"
12,1372,"dependent"
18,1373,"dependent"
24,1374,"dependent"
26,1375,"dependent"
18,1376,"dependent"
18,1377,"dependent"
26,1378,"dependent"
26,1379,"dependent"
20,1380,"dependent"
24,1381,"dependent"
16,1382,"dependent"
18,1383,"dependent"
16,1384,"dependent"
16,1385,"dependent"
22,1386,"dependent"
20,1387,"dependent"
24,1388,"dependent"
22,1389,"dependent"
22,1390,"dependent"
16,1391,"dependent"
16,1392,"dependent"
26,1393,"dependent"
14,1394,"dependent"
18,1395,"dependent"
26,1396,"dependent"
26,1397,"dependent"
22,1398,"dependent"
22,1399,"dependent"
26,1400,"dependent"
20,1401,"dependent"
20,1402,"dependent"
16,1403,"dependent"
20,1404,"dependent"
18,1405,"dependent"
24,1406,"dependent"
22,1407,"dependent"
20,1408,"dependent"
20,1409,"dependent"
14,1410,"dependent"
24,1411,"dependent"
22,1412,"dependent"
18,1413,"dependent"
18,1414,"dependent"
22,1415,"dependent"
20,1416,"dependent"
22,1417,"dependent"
18,1418,"dependent"
22,1419,"dependent"
24,1420,"dependent"
24,1421,"dependent"
20,1422,"dependent"
18,1423,"dependent"
22,1424,"dependent"
24,1425,"dependent"
18,1426,"dependent"
20,1427,"dependent"
24,1428,"dependent"
18,1429,"dependent"
22,1430,"dependent"
26,1431,"dependent"
22,1432,"dependent"
22,1433,"dependent"
12,1434,"dependent"
26,1435,"dependent"
22,1436,"dependent"
22,1437,"dependent"
22,1438,"dependent"
20,1439,"dependent"
16,1440,"dependent"
18,1441,"dependent"
16,1442,"dependent"
26,1443,"dependent"
20,1444,"dependent"
20,1445,"dependent"
24,1446,"dependent"
18,1447,"dependent"
24,1448,"dependent"
16,1449,"dependent"
20,1450,"dependent"
22,1451,"dependent"
22,1452,"dependent"
28,1453,"dependent"
18,1454,"dependent"
24,1455,"dependent"
16,1456,"dependent"
18,1457,"dependent"
20,1458,"dependent"
24,1459,"dependent"
24,1460,"dependent"
22,1461,"dependent"
14,1462,"dependent"
20,1463,"dependent"
22,1464,"dependent"
28,1465,"dependent"
20,1466,"dependent"
20,1467,"dependent"
18,1468,"dependent"
18,1469,"dependent"
20,1470,"dependent"
24,1471,"dependent"
24,1472,"dependent"
22,1473,"dependent"
24,1474,"dependent"
26,1475,"dependent"
24,1476,"dependent"
20,1477,"dependent"
18,1478,"dependent"
16,1479,"dependent"
14,1480,"dependent"
20,1481,"dependent"
20,1482,"dependent"
24,1483,"dependent"
22,1484,"dependent"
24,1485,"dependent"
24,1486,"dependent"
22,1487,"dependent"
14,1488,"dependent"
24,1489,"dependent"
20,1490,"dependent"
28,1491,"dependent"
28,1492,"dependent"
18,1493,"dependent"
16,1494,"dependent"
24,1495,"dependent"
26,1496,"dependent"
18,1497,"dependent"
18,1498,"dependent"
20,1499,"dependent"
20,1500,"dependent"
18,1501,"dependent"
14,1502,"dependent"
16,1503,"dependent"
24,1504,"dependent"
24,1505,"dependent"
10,1506,"dependent"
18,1507,"dependent"
20,1508,"dependent"
20,1509,"dependent"
28,1510,"dependent"
22,1511,"dependent"
18,1512,"dependent"
16,1513,"dependent"
16,1514,"dependent"
22,1515,"dependent"
24,1516,"dependent"
24,1517,"dependent"
18,1518,"dependent"
26,1519,"dependent"
24,1520,"dependent"
28,1521,"dependent"
24,1522,"dependent"
20,1523,"dependent"
20,1524,"dependent"
18,1525,"dependent"
20,1526,"dependent"
18,1527,"dependent"
18,1528,"dependent"
22,1529,"dependent"
20,1530,"dependent"
20,1531,"dependent"
16,1532,"dependent"
24,1533,"dependent"
22,1534,"dependent"
18,1535,"dependent"
24,1536,"dependent"
24,1537,"dependent"
16,1538,"dependent"
18,1539,"dependent"
24,1540,"dependent"
24,1541,"dependent"
18,1542,"dependent"
24,1543,"dependent"
20,1544,"dependent"
22,1545,"dependent"
22,1546,"dependent"
16,1547,"dependent"
22,1548,"dependent"
26,1549,"dependent"
18,1550,"dependent"
24,1551,"dependent"
22,1552,"dependent"
20,1553,"dependent"
20,1554,"dependent"
22,1555,"dependent"
24,1556,"dependent"
18,1557,"dependent"
18,1558,"dependent"
14,1559,"dependent"
16,1560,"dependent"
10,1561,"dependent"
20,1562,"dependent"
18,1563,"dependent"
18,1564,"dependent"
22,1565,"dependent"
18,1566,"dependent"
20,1567,"dependent"
16,1568,"dependent"
20,1569,"dependent"
20,1570,"dependent"
24,1571,"dependent"
26,1572,"dependent"
22,1573,"dependent"
22,1574,"dependent"
22,1575,"dependent"
16,1576,"dependent"
18,1577,"dependent"
26,1578,"dependent"
22,1579,"dependent"
18,1580,"dependent"
24,1581,"dependent"
18,1582,"dependent"
24,1583,"dependent"
22,1584,"dependent"
20,1585,"dependent"
22,1586,"dependent"
22,1587,"dependent"
24,1588,"dependent"
22,1589,"dependent"
18,1590,"dependent"
16,1591,"dependent"
26,1592,"dependent"
22,1593,"dependent"
20,1594,"dependent"
16,1595,"dependent"
16,1596,"dependent"
20,1597,"dependent"
20,1598,"dependent"
20,1599,"dependent"
20,1600,"dependent"
20,1601,"dependent"
24,1602,"dependent"
24,1603,"dependent"
18,1604,"dependent"
20,1605,"dependent"
18,1606,"dependent"
20,1607,"dependent"
20,1608,"dependent"
24,1609,"dependent"
16,1610,"dependent"
16,1611,"dependent"
24,1612,"dependent"
16,1613,"dependent"
22,1614,"dependent"
18,1615,"dependent"
24,1616,"dependent"
20,1617,"dependent"
26,1618,"dependent"
18,1619,"dependent"
20,1620,"dependent"
16,1621,"dependent"
14,1622,"dependent"
18,1623,"dependent"
18,1624,"dependent"
20,1625,"dependent"
12,1626,"dependent"
24,1627,"dependent"
22,1628,"dependent"
26,1629,"dependent"
20,1630,"dependent"
14,1631,"dependent"
20,1632,"dependent"
18,1633,"dependent"
22,1634,"dependent"
14,1635,"dependent"
22,1636,"dependent"
22,1637,"dependent"
20,1638,"dependent"
16,1639,"dependent"
24,1640,"dependent"
22,1641,"dependent"
20,1642,"dependent"
14,1643,"dependent"
18,1644,"dependent"
18,1645,"dependent"
24,1646,"dependent"
22,1647,"dependent"
16,1648,"dependent"
20,1649,"dependent"
22,1650,"dependent"
14,1651,"dependent"
16,1652,"dependent"
20,1653,"dependent"
26,1654,"dependent"
22,1655,"dependent"
18,1656,"dependent"
20,1657,"dependent"
22,1658,"dependent"
24,1659,"dependent"
22,1660,"dependent"
18,1661,"dependent"
22,1662,"dependent"
18,1663,"dependent"
18,1664,"dependent"
22,1665,"dependent"
10,1666,"dependent"
22,1667,"dependent"
22,1668,"dependent"
18,1669,"dependent"
16,1670,"dependent"
18,1671,"dependent"
22,1672,"dependent"
24,1673,"dependent"
24,1674,"dependent"
24,1675,"dependent"
24,1676,"dependent"
24,1677,"dependent"
22,1678,"dependent"
16,1679,"dependent"
22,1680,"dependent"
22,1681,"dependent"
28,1682,"dependent"
26,1683,"dependent"
22,1684,"dependent"
18,1685,"dependent"
18,1686,"dependent"
20,1687,"dependent"
20,1688,"dependent"
16,1689,"dependent"
16,1690,"dependent"
22,1691,"dependent"
20,1692,"dependent"
20,1693,"dependent"
14,1694,"dependent"
22,1695,"dependent"
20,1696,"dependent"
18,1697,"dependent"
20,1698,"dependent"
20,1699,"dependent"
22,1700,"dependent"
20,1701,"dependent"
22,1702,"dependent"
24,1703,"dependent"
24,1704,"dependent"
22,1705,"dependent"
18,1706,"dependent"
14,1707,"dependent"
24,1708,"dependent"
22,1709,"dependent"
20,1710,"dependent"
24,1711,"dependent"
22,1712,"dependent"
20,1713,"dependent"
22,1714,"dependent"
20,1715,"dependent"
24,1716,"dependent"
20,1717,"dependent"
24,1718,"dependent"
22,1719,"dependent"
24,1720,"dependent"
20,1721,"dependent"
18,1722,"dependent"
14,1723,"dependent"
24,1724,"dependent"
18,1725,"dependent"
18,1726,"dependent"
16,1727,"dependent"
18,1728,"dependent"
20,1729,"dependent"
22,1730,"dependent"
20,1731,"dependent"
22,1732,"dependent"
20,1733,"dependent"
18,1734,"dependent"
18,1735,"dependent"
24,1736,"dependent"
24,1737,"dependent"
24,1738,"dependent"
20,1739,"dependent"
24,1740,"dependent"
22,1741,"dependent"
16,1742,"dependent"
20,1743,"dependent"
18,1744,"dependent"
20,1745,"dependent"
22,1746,"dependent"
20,1747,"dependent"
22,1748,"dependent"
18,1749,"dependent"
20,1750,"dependent"
24,1751,"dependent"
20,1752,"dependent"
26,1753,"dependent"
26,1754,"dependent"
22,1755,"dependent"
18,1756,"dependent"
20,1757,"dependent"
22,1758,"dependent"
22,1759,"dependent"
20,1760,"dependent"
22,1761,"dependent"
18,1762,"dependent"
24,1763,"dependent"
22,1764,"dependent"
20,1765,"dependent"
22,1766,"dependent"
18,1767,"dependent"
20,1768,"dependent"
22,1769,"dependent"
24,1770,"dependent"
22,1771,"dependent"
20,1772,"dependent"
18,1773,"dependent"
18,1774,"dependent"
20,1775,"dependent"
16,1776,"dependent"
16,1777,"dependent"
24,1778,"dependent"
26,1779,"dependent"
22,1780,"dependent"
22,1781,"dependent"
16,1782,"dependent"
22,1783,"dependent"
24,1784,"dependent"
16,1785,"dependent"
18,1786,"dependent"
30,1787,"dependent"
16,1788,"dependent"
18,1789,"dependent"
14,1790,"dependent"
18,1791,"dependent"
20,1792,"dependent"
18,1793,"dependent"
16,1794,"dependent"
20,1795,"dependent"
26,1796,"dependent"
22,1797,"dependent"
24,1798,"dependent"
24,1799,"dependent"
18,1800,"dependent"
24,1801,"dependent"
18,1802,"dependent"
16,1803,"dependent"
20,1804,"dependent"
18,1805,"dependent"
14,1806,"dependent"
16,1807,"dependent"
14,1808,"dependent"
22,1809,"dependent"
20,1810,"dependent"
22,1811,"dependent"
20,1812,"dependent"
24,1813,"dependent"
22,1814,"dependent"
16,1815,"dependent"
22,1816,"dependent"
20,1817,"dependent"
20,1818,"dependent"
18,1819,"dependent"
18,1820,"dependent"
12,1821,"dependent"
18,1822,"dependent"
14,1823,"dependent"
16,1824,"dependent"
18,1825,"dependent"
22,1826,"dependent"
26,1827,"dependent"
18,1828,"dependent"
22,1829,"dependent"
18,1830,"dependent"
18,1831,"dependent"
22,1832,"dependent"
20,1833,"dependent"
18,1834,"dependent"
20,1835,"dependent"
16,1836,"dependent"
18,1837,"dependent"
22,1838,"dependent"
20,1839,"dependent"
26,1840,"dependent"
18,1841,"dependent"
18,1842,"dependent"
22,1843,"dependent"
16,1844,"dependent"
26,1845,"dependent"
20,1846,"dependent"
18,1847,"dependent"
26,1848,"dependent"
20,1849,"dependent"
20,1850,"dependent"
24,1851,"dependent"
24,1852,"dependent"
24,1853,"dependent"
22,1854,"dependent"
20,1855,"dependent"
20,1856,"dependent"
18,1857,"dependent"
24,1858,"dependent"
24,1859,"dependent"
22,1860,"dependent"
24,1861,"dependent"
24,1862,"dependent"
20,1863,"dependent"
24,1864,"dependent"
20,1865,"dependent"
22,1866,"dependent"
18,1867,"dependent"
22,1868,"dependent"
22,1869,"dependent"
20,1870,"dependent"
16,1871,"dependent"
18,1872,"dependent"
18,1873,"dependent"
22,1874,"dependent"
20,1875,"dependent"
20,1876,"dependent"
16,1877,"dependent"
18,1878,"dependent"
20,1879,"dependent"
20,1880,"dependent"
18,1881,"dependent"
16,1882,"dependent"
24,1883,"dependent"
18,1884,"dependent"
16,1885,"dependent"
16,1886,"dependent"
24,1887,"dependent"
22,1888,"dependent"
18,1889,"dependent"
20,1890,"dependent"
20,1891,"dependent"
18,1892,"dependent"
14,1893,"dependent"
22,1894,"dependent"
20,1895,"dependent"
28,1896,"dependent"
22,1897,"dependent"
24,1898,"dependent"
18,1899,"dependent"
18,1900,"dependent"
16,1901,"dependent"
18,1902,"dependent"
16,1903,"dependent"
20,1904,"dependent"
20,1905,"dependent"
22,1906,"dependent"
22,1907,"dependent"
20,1908,"dependent"
16,1909,"dependent"
20,1910,"dependent"
22,1911,"dependent"
18,1912,"dependent"
16,1913,"dependent"
28,1914,"dependent"
18,1915,"dependent"
16,1916,"dependent"
18,1917,"dependent"
20,1918,"dependent"
20,1919,"dependent"
20,1920,"dependent"
22,1921,"dependent"
20,1922,"dependent"
18,1923,"dependent"
26,1924,"dependent"
20,1925,"dependent"
20,1926,"dependent"
16,1927,"dependent"
20,1928,"dependent"
12,1929,"dependent"
22,1930,"dependent"
22,1931,"dependent"
16,1932,"dependent"
18,1933,"dependent"
26,1934,"dependent"
20,1935,"dependent"
20,1936,"dependent"
22,1937,"dependent"
20,1938,"dependent"
22,1939,"dependent"
24,1940,"dependent"
20,1941,"dependent"
26,1942,"dependent"
16,1943,"dependent"
22,1944,"dependent"
14,1945,"dependent"
20,1946,"dependent"
20,1947,"dependent"
20,1948,"dependent"
26,1949,"dependent"
28,1950,"dependent"
18,1951,"dependent"
20,1952,"dependent"
24,1953,"dependent"
22,1954,"dependent"
12,1955,"dependent"
20,1956,"dependent"
20,1957,"dependent"
20,1958,"dependent"
18,1959,"dependent"
14,1960,"dependent"
18,1961,"dependent"
22,1962,"dependent"
18,1963,"dependent"
20,1964,"dependent"
22,1965,"dependent"
24,1966,"dependent"
20,1967,"dependent"
22,1968,"dependent"
20,1969,"dependent"
20,1970,"dependent"
20,1971,"dependent"
18,1972,"dependent"
20,1973,"dependent"
26,1974,"dependent"
20,1975,"dependent"
26,1976,"dependent"
16,1977,"dependent"
20,1978,"dependent"
22,1979,"dependent"
12,1980,"dependent"
22,1981,"dependent"
26,1982,"dependent"
24,1983,"dependent"
22,1984,"dependent"
18,1985,"dependent"
18,1986,"dependent"
22,1987,"dependent"
18,1988,"dependent"
18,1989,"dependent"
20,1990,"dependent"
20,1991,"dependent"
20,1992,"dependent"
24,1993,"dependent"
24,1994,"dependent"
26,1995,"dependent"
16,1996,"dependent"
18,1997,"dependent"
24,1998,"dependent"
22,1999,"dependent"
18,2000,"dependent"
14,2001,"dependent"
22,2002,"dependent"
20,2003,"dependent"
20,2004,"dependent"
16,2005,"dependent"
20,2006,"dependent"
16,2007,"dependent"
18,2008,"dependent"
28,2009,"dependent"
24,2010,"dependent"
16,2011,"dependent"
16,2012,"dependent"
22,2013,"dependent"
22,2014,"dependent"
24,2015,"dependent"
16,2016,"dependent"
18,2017,"dependent"
22,2018,"dependent"
20,2019,"dependent"
20,2020,"dependent"
22,2021,"dependent"
18,2022,"dependent"
18,2023,"dependent"
20,2024,"dependent"
10,2025,"dependent"
22,2026,"dependent"
20,2027,"dependent"
20,2028,"dependent"
18,2029,"dependent"
24,2030,"dependent"
20,2031,"dependent"
22,2032,"dependent"
22,2033,"dependent"
20,2034,"dependent"
20,2035,"dependent"
10,2036,"dependent"
16,2037,"dependent"
14,2038,"dependent"
26,2039,"dependent"
22,2040,"dependent"
22,2041,"dependent"
24,2042,"dependent"
24,2043,"dependent"
24,2044,"dependent"
16,2045,"dependent"
16,2046,"dependent"
28,2047,"dependent"
18,2048,"dependent"
28,2049,"dependent"
16,2050,"dependent"
22,2051,"dependent"
20,2052,"dependent"
24,2053,"dependent"
20,2054,"dependent"
20,2055,"dependent"
22,2056,"dependent"
26,2057,"dependent"
30,2058,"dependent"
24,2059,"dependent"
24,2060,"dependent"
20,2061,"dependent"
16,2062,"dependent"
18,2063,"dependent"
20,2064,"dependent"
14,2065,"dependent"
20,2066,"dependent"
18,2067,"dependent"
22,2068,"dependent"
26,2069,"dependent"
14,2070,"dependent"
20,2071,"dependent"
18,2072,"dependent"
24,2073,"dependent"
20,2074,"dependent"
24,2075,"dependent"
22,2076,"dependent"
12,2077,"dependent"
24,2078,"dependent"
20,2079,"dependent"
24,2080,"dependent"
16,2081,"dependent"
26,2082,"dependent"
22,2083,"dependent"
18,2084,"dependent"
18,2085,"dependent"
18,2086,"dependent"
18,2087,"dependent"
16,2088,"dependent"
22,2089,"dependent"
24,2090,"dependent"
22,2091,"dependent"
22,2092,"dependent"
20,2093,"dependent"
26,2094,"dependent"
22,2095,"dependent"
20,2096,"dependent"
24,2097,"dependent"
18,2098,"dependent"
22,2099,"dependent"
20,2100,"dependent"
14,2101,"dependent"
16,2102,"dependent"
18,2103,"dependent"
18,2104,"dependent"
22,2105,"dependent"
20,2106,"dependent"
20,2107,"dependent"
24,2108,"dependent"
14,2109,"dependent"
16,2110,"dependent"
18,2111,"dependent"
22,2112,"dependent"
24,2113,"dependent"
20,2114,"dependent"
20,2115,"dependent"
14,2116,"dependent"
18,2117,"dependent"
20,2118,"dependent"
22,2119,"dependent"
18,2120,"dependent"
26,2121,"dependent"
22,2122,"dependent"
20,2123,"dependent"
16,2124,"dependent"
22,2125,"dependent"
18,2126,"dependent"
18,2127,"dependent"
16,2128,"dependent"
16,2129,"dependent"
16,2130,"dependent"
24,2131,"dependent"
22,2132,"dependent"
14,2133,"dependent"
24,2134,"dependent"
22,2135,"dependent"
24,2136,"dependent"
24,2137,"dependent"
24,2138,"dependent"
20,2139,"dependent"
20,2140,"dependent"
22,2141,"dependent"
18,2142,"dependent"
22,2143,"dependent"
18,2144,"dependent"
22,2145,"dependent"
22,2146,"dependent"
22,2147,"dependent"
22,2148,"dependent"
20,2149,"dependent"
18,2150,"dependent"
22,2151,"dependent"
22,2152,"dependent"
20,2153,"dependent"
14,2154,"dependent"
14,2155,"dependent"
24,2156,"dependent"
22,2157,"dependent"
22,2158,"dependent"
22,2159,"dependent"
20,2160,"dependent"
22,2161,"dependent"
22,2162,"dependent"
28,2163,"dependent"
26,2164,"dependent"
18,2165,"dependent"
22,2166,"dependent"
26,2167,"dependent"
18,2168,"dependent"
16,2169,"dependent"
20,2170,"dependent"
18,2171,"dependent"
20,2172,"dependent"
18,2173,"dependent"
22,2174,"dependent"
18,2175,"dependent"
16,2176,"dependent"
18,2177,"dependent"
20,2178,"dependent"
20,2179,"dependent"
22,2180,"dependent"
16,2181,"dependent"
20,2182,"dependent"
16,2183,"dependent"
16,2184,"dependent"
22,2185,"dependent"
20,2186,"dependent"
24,2187,"dependent"
18,2188,"dependent"
18,2189,"dependent"
18,2190,"dependent"
20,2191,"dependent"
16,2192,"dependent"
14,2193,"dependent"
20,2194,"dependent"
18,2195,"dependent"
24,2196,"dependent"
20,2197,"dependent"
24,2198,"dependent"
24,2199,"dependent"
24,2200,"dependent"
22,2201,"dependent"
20,2202,"dependent"
22,2203,"dependent"
22,2204,"dependent"
20,2205,"dependent"
22,2206,"dependent"
20,2207,"dependent"
24,2208,"dependent"
18,2209,"dependent"
18,2210,"dependent"
24,2211,"dependent"
10,2212,"dependent"
22,2213,"dependent"
20,2214,"dependent"
30,2215,"dependent"
24,2216,"dependent"
18,2217,"dependent"
18,2218,"dependent"
16,2219,"dependent"
18,2220,"dependent"
16,2221,"dependent"
22,2222,"dependent"
20,2223,"dependent"
20,2224,"dependent"
12,2225,"dependent"
18,2226,"dependent"
16,2227,"dependent"
18,2228,"dependent"
20,2229,"dependent"
26,2230,"dependent"
14,2231,"dependent"
20,2232,"dependent"
20,2233,"dependent"
22,2234,"dependent"
18,2235,"dependent"
20,2236,"dependent"
20,2237,"dependent"
22,2238,"dependent"
26,2239,"dependent"
26,2240,"dependent"
22,2241,"dependent"
24,2242,"dependent"
16,2243,"dependent"
22,2244,"dependent"
20,2245,"dependent"
16,2246,"dependent"
18,2247,"dependent"
22,2248,"dependent"
20,2249,"dependent"
20,2250,"dependent"
18,2251,"dependent"
22,2252,"dependent"
18,2253,"dependent"
18,2254,"dependent"
18,2255,"dependent"
20,2256,"dependent"
22,2257,"dependent"
22,2258,"dependent"
18,2259,"dependent"
22,2260,"dependent"
22,2261,"dependent"
20,2262,"dependent"
18,2263,"dependent"
20,2264,"dependent"
22,2265,"dependent"
22,2266,"dependent"
24,2267,"dependent"
12,2268,"dependent"
24,2269,"dependent"
24,2270,"dependent"
26,2271,"dependent"
20,2272,"dependent"
24,2273,"dependent"
18,2274,"dependent"
22,2275,"dependent"
22,2276,"dependent"
22,2277,"dependent"
20,2278,"dependent"
14,2279,"dependent"
24,2280,"dependent"
22,2281,"dependent"
16,2282,"dependent"
20,2283,"dependent"
18,2284,"dependent"
22,2285,"dependent"
20,2286,"dependent"
20,2287,"dependent"
26,2288,"dependent"
22,2289,"dependent"
20,2290,"dependent"
20,2291,"dependent"
24,2292,"dependent"
20,2293,"dependent"
24,2294,"dependent"
24,2295,"dependent"
26,2296,"dependent"
22,2297,"dependent"
24,2298,"dependent"
28,2299,"dependent"
22,2300,"dependent"
20,2301,"dependent"
20,2302,"dependent"
18,2303,"dependent"
18,2304,"dependent"
20,2305,"dependent"
18,2306,"dependent"
20,2307,"dependent"
22,2308,"dependent"
20,2309,"dependent"
16,2310,"dependent"
20,2311,"dependent"
20,2312,"dependent"
24,2313,"dependent"
22,2314,"dependent"
18,2315,"dependent"
20,2316,"dependent"
24,2317,"dependent"
20,2318,"dependent"
18,2319,"dependent"
16,2320,"dependent"
20,2321,"dependent"
16,2322,"dependent"
18,2323,"dependent"
20,2324,"dependent"
18,2325,"dependent"
20,2326,"dependent"
22,2327,"dependent"
24,2328,"dependent"
22,2329,"dependent"
16,2330,"dependent"
18,2331,"dependent"
22,2332,"dependent"
22,2333,"dependent"
22,2334,"dependent"
16,2335,"dependent"
22,2336,"dependent"
20,2337,"dependent"
24,2338,"dependent"
22,2339,"dependent"
18,2340,"dependent"
26,2341,"dependent"
18,2342,"dependent"
20,2343,"dependent"
16,2344,"dependent"
26,2345,"dependent"
22,2346,"dependent"
16,2347,"dependent"
22,2348,"dependent"
14,2349,"dependent"
26,2350,"dependent"
20,2351,"dependent"
22,2352,"dependent"
22,2353,"dependent"
18,2354,"dependent"
24,2355,"dependent"
18,2356,"dependent"
16,2357,"dependent"
18,2358,"dependent"
18,2359,"dependent"
22,2360,"dependent"
20,2361,"dependent"
16,2362,"dependent"
20,2363,"dependent"
24,2364,"dependent"
16,2365,"dependent"
22,2366,"dependent"
20,2367,"dependent"
22,2368,"dependent"
22,2369,"dependent"
24,2370,"dependent"
22,2371,"dependent"
22,2372,"dependent"
22,2373,"dependent"
10,2374,"dependent"
18,2375,"dependent"
18,2376,"dependent"
18,2377,"dependent"
22,2378,"dependent"
18,2379,"dependent"
22,2380,"dependent"
26,2381,"dependent"
20,2382,"dependent"
20,2383,"dependent"
16,2384,"dependent"
24,2385,"dependent"
20,2386,"dependent"
20,2387,"dependent"
18,2388,"dependent"
22,2389,"dependent"
20,2390,"dependent"
24,2391,"dependent"
16,2392,"dependent"
18,2393,"dependent"
20,2394,"dependent"
18,2395,"dependent"
28,2396,"dependent"
18,2397,"dependent"
22,2398,"dependent"
18,2399,"dependent"
14,2400,"dependent"
20,2401,"dependent"
20,2402,"dependent"
24,2403,"dependent"
20,2404,"dependent"
18,2405,"dependent"
22,2406,"dependent"
14,2407,"dependent"
20,2408,"dependent"
16,2409,"dependent"
20,2410,"dependent"
22,2411,"dependent"
18,2412,"dependent"
20,2413,"dependent"
18,2414,"dependent"
20,2415,"dependent"
20,2416,"dependent"
16,2417,"dependent"
20,2418,"dependent"
18,2419,"dependent"
20,2420,"dependent"
26,2421,"dependent"
24,2422,"dependent"
22,2423,"dependent"
22,2424,"dependent"
24,2425,"dependent"
24,2426,"dependent"
20,2427,"dependent"
24,2428,"dependent"
20,2429,"dependent"
20,2430,"dependent"
20,2431,"dependent"
22,2432,"dependent"
20,2433,"dependent"
16,2434,"dependent"
20,2435,"dependent"
20,2436,"dependent"
14,2437,"dependent"
18,2438,"dependent"
20,2439,"dependent"
24,2440,"dependent"
26,2441,"dependent"
20,2442,"dependent"
20,2443,"dependent"
18,2444,"dependent"
22,2445,"dependent"
18,2446,"dependent"
18,2447,"dependent"
14,2448,"dependent"
20,2449,"dependent"
22,2450,"dependent"
22,2451,"dependent"
18,2452,"dependent"
22,2453,"dependent"
20,2454,"dependent"
22,2455,"dependent"
22,2456,"dependent"
20,2457,"dependent"
20,2458,"dependent"
16,2459,"dependent"
22,2460,"dependent"
18,2461,"dependent"
18,2462,"dependent"
18,2463,"dependent"
24,2464,"dependent"
14,2465,"dependent"
26,2466,"dependent"
18,2467,"dependent"
20,2468,"dependent"
18,2469,"dependent"
22,2470,"dependent"
22,2471,"dependent"
24,2472,"dependent"
20,2473,"dependent"
18,2474,"dependent"
20,2475,"dependent"
20,2476,"dependent"
18,2477,"dependent"
18,2478,"dependent"
16,2479,"dependent"
24,2480,"dependent"
14,2481,"dependent"
22,2482,"dependent"
20,2483,"dependent"
24,2484,"dependent"
20,2485,"dependent"
22,2486,"dependent"
24,2487,"dependent"
18,2488,"dependent"
22,2489,"dependent"
16,2490,"dependent"
22,2491,"dependent"
16,2492,"dependent"
26,2493,"dependent"
14,2494,"dependent"
20,2495,"dependent"
22,2496,"dependent"
20,2497,"dependent"
18,2498,"dependent"
18,2499,"dependent"
22,2500,"dependent"
20,2501,"dependent"
26,2502,"dependent"
22,2503,"dependent"
20,2504,"dependent"
26,2505,"dependent"
20,2506,"dependent"
14,2507,"dependent"
24,2508,"dependent"
18,2509,"dependent"
20,2510,"dependent"
20,2511,"dependent"
22,2512,"dependent"
22,2513,"dependent"
24,2514,"dependent"
24,2515,"dependent"
22,2516,"dependent"
16,2517,"dependent"
24,2518,"dependent"
24,2519,"dependent"
26,2520,"dependent"
22,2521,"dependent"
24,2522,"dependent"
20,2523,"dependent"
20,2524,"dependent"
20,2525,"dependent"
22,2526,"dependent"
20,2527,"dependent"
22,2528,"dependent"
18,2529,"dependent"
18,2530,"dependent"
22,2531,"dependent"
22,2532,"dependent"
20,2533,"dependent"
22,2534,"dependent"
16,2535,"dependent"
20,2536,"dependent"
12,2537,"dependent"
24,2538,"dependent"
20,2539,"dependent"
18,2540,"dependent"
22,2541,"dependent"
20,2542,"dependent"
20,2543,"dependent"
16,2544,"dependent"
22,2545,"dependent"
20,2546,"dependent"
18,2547,"dependent"
18,2548,"dependent"
16,2549,"dependent"
14,2550,"dependent"
20,2551,"dependent"
24,2552,"dependent"
22,2553,"dependent"
16,2554,"dependent"
26,2555,"dependent"
26,2556,"dependent"
26,2557,"dependent"
28,2558,"dependent"
18,2559,"dependent"
16,2560,"dependent"
20,2561,"dependent"
20,2562,"dependent"
18,2563,"dependent"
24,2564,"dependent"
22,2565,"dependent"
22,2566,"dependent"
22,2567,"dependent"
18,2568,"dependent"
20,2569,"dependent"
22,2570,"dependent"
14,2571,"dependent"
16,2572,"dependent"
20,2573,"dependent"
22,2574,"dependent"
26,2575,"dependent"
20,2576,"dependent"
16,2577,"dependent"
12,2578,"dependent"
32,2579,"dependent"
20,2580,"dependent"
22,2581,"dependent"
18,2582,"dependent"
14,2583,"dependent"
24,2584,"dependent"
22,2585,"dependent"
20,2586,"dependent"
18,2587,"dependent"
18,2588,"dependent"
24,2589,"dependent"
16,2590,"dependent"
18,2591,"dependent"
22,2592,"dependent"
24,2593,"dependent"
18,2594,"dependent"
18,2595,"dependent"
20,2596,"dependent"
20,2597,"dependent"
24,2598,"dependent"
24,2599,"dependent"
22,2600,"dependent"
18,2601,"dependent"
22,2602,"dependent"
22,2603,"dependent"
22,2604,"dependent"
18,2605,"dependent"
22,2606,"dependent"
20,2607,"dependent"
20,2608,"dependent"
12,2609,"dependent"
20,2610,"dependent"
24,2611,"dependent"
20,2612,"dependent"
26,2613,"dependent"
16,2614,"dependent"
26,2615,"dependent"
18,2616,"dependent"
24,2617,"dependent"
20,2618,"dependent"
26,2619,"dependent"
24,2620,"dependent"
20,2621,"dependent"
18,2622,"dependent"
24,2623,"dependent"
22,2624,"dependent"
24,2625,"dependent"
22,2626,"dependent"
20,2627,"dependent"
28,2628,"dependent"
22,2629,"dependent"
18,2630,"dependent"
24,2631,"dependent"
24,2632,"dependent"
24,2633,"dependent"
18,2634,"dependent"
24,2635,"dependent"
20,2636,"dependent"
20,2637,"dependent"
22,2638,"dependent"
18,2639,"dependent"
18,2640,"dependent"
14,2641,"dependent"
22,2642,"dependent"
18,2643,"dependent"
20,2644,"dependent"
22,2645,"dependent"
20,2646,"dependent"
20,2647,"dependent"
22,2648,"dependent"
16,2649,"dependent"
20,2650,"dependent"
18,2651,"dependent"
24,2652,"dependent"
22,2653,"dependent"
28,2654,"dependent"
28,2655,"dependent"
18,2656,"dependent"
16,2657,"dependent"
20,2658,"dependent"
16,2659,"dependent"
20,2660,"dependent"
22,2661,"dependent"
24,2662,"dependent"
22,2663,"dependent"
22,2664,"dependent"
18,2665,"dependent"
24,2666,"dependent"
16,2667,"dependent"
20,2668,"dependent"
22,2669,"dependent"
20,2670,"dependent"
20,2671,"dependent"
20,2672,"dependent"
20,2673,"dependent"
18,2674,"dependent"
22,2675,"dependent"
24,2676,"dependent"
26,2677,"dependent"
20,2678,"dependent"
20,2679,"dependent"
24,2680,"dependent"
22,2681,"dependent"
26,2682,"dependent"
24,2683,"dependent"
20,2684,"dependent"
20,2685,"dependent"
24,2686,"dependent"
14,2687,"dependent"
14,2688,"dependent"
20,2689,"dependent"
26,2690,"dependent"
20,2691,"dependent"
22,2692,"dependent"
20,2693,"dependent"
16,2694,"dependent"
16,2695,"dependent"
22,2696,"dependent"
18,2697,"dependent"
20,2698,"dependent"
14,2699,"dependent"
20,2700,"dependent"
18,2701,"dependent"
26,2702,"dependent"
22,2703,"dependent"
18,2704,"dependent"
20,2705,"dependent"
24,2706,"dependent"
18,2707,"dependent"
18,2708,"dependent"
20,2709,"dependent"
18,2710,"dependent"
12,2711,"dependent"
22,2712,"dependent"
24,2713,"dependent"
18,2714,"dependent"
20,2715,"dependent"
22,2716,"dependent"
20,2717,"dependent"
18,2718,"dependent"
20,2719,"dependent"
16,2720,"dependent"
18,2721,"dependent"
22,2722,"dependent"
24,2723,"dependent"
26,2724,"dependent"
22,2725,"dependent"
22,2726,"dependent"
24,2727,"dependent"
26,2728,"dependent"
24,2729,"dependent"
18,2730,"dependent"
22,2731,"dependent"
14,2732,"dependent"
20,2733,"dependent"
22,2734,"dependent"
20,2735,"dependent"
22,2736,"dependent"
22,2737,"dependent"
24,2738,"dependent"
20,2739,"dependent"
20,2740,"dependent"
24,2741,"dependent"
16,2742,"dependent"
16,2743,"dependent"
16,2744,"dependent"
22,2745,"dependent"
24,2746,"dependent"
20,2747,"dependent"
18,2748,"dependent"
16,2749,"dependent"
22,2750,"dependent"
16,2751,"dependent"
20,2752,"dependent"
26,2753,"dependent"
20,2754,"dependent"
18,2755,"dependent"
18,2756,"dependent"
18,2757,"dependent"
14,2758,"dependent"
16,2759,"dependent"
18,2760,"dependent"
16,2761,"dependent"
14,2762,"dependent"
22,2763,"dependent"
22,2764,"dependent"
24,2765,"dependent"
24,2766,"dependent"
22,2767,"dependent"
18,2768,"dependent"
14,2769,"dependent"
20,2770,"dependent"
20,2771,"dependent"
22,2772,"dependent"
20,2773,"dependent"
20,2774,"dependent"
22,2775,"dependent"
22,2776,"dependent"
22,2777,"dependent"
20,2778,"dependent"
20,2779,"dependent"
16,2780,"dependent"
22,2781,"dependent"
20,2782,"dependent"
18,2783,"dependent"
18,2784,"dependent"
16,2785,"dependent"
24,2786,"dependent"
18,2787,"dependent"
20,2788,"dependent"
20,2789,"dependent"
20,2790,"dependent"
24,2791,"dependent"
20,2792,"dependent"
26,2793,"dependent"
20,2794,"dependent"
20,2795,"dependent"
20,2796,"dependent"
16,2797,"dependent"
20,2798,"dependent"
22,2799,"dependent"
20,2800,"dependent"
16,2801,"dependent"
20,2802,"dependent"
20,2803,"dependent"
24,2804,"dependent"
18,2805,"dependent"
24,2806,"dependent"
22,2807,"dependent"
16,2808,"dependent"
20,2809,"dependent"
20,2810,"dependent"
18,2811,"dependent"
16,2812,"dependent"
14,2813,"dependent"
20,2814,"dependent"
12,2815,"dependent"
16,2816,"dependent"
20,2817,"dependent"
24,2818,"dependent"
20,2819,"dependent"
22,2820,"dependent"
22,2821,"dependent"
22,2822,"dependent"
28,2823,"dependent"
22,2824,"dependent"
14,2825,"dependent"
18,2826,"dependent"
20,2827,"dependent"
18,2828,"dependent"
22,2829,"dependent"
20,2830,"dependent"
16,2831,"dependent"
16,2832,"dependent"
22,2833,"dependent"
16,2834,"dependent"
20,2835,"dependent"
26,2836,"dependent"
20,2837,"dependent"
18,2838,"dependent"
30,2839,"dependent"
22,2840,"dependent"
16,2841,"dependent"
24,2842,"dependent"
16,2843,"dependent"
16,2844,"dependent"
14,2845,"dependent"
22,2846,"dependent"
16,2847,"dependent"
16,2848,"dependent"
24,2849,"dependent"
18,2850,"dependent"
20,2851,"dependent"
20,2852,"dependent"
18,2853,"dependent"
18,2854,"dependent"
20,2855,"dependent"
20,2856,"dependent"
14,2857,"dependent"
24,2858,"dependent"
24,2859,"dependent"
20,2860,"dependent"
20,2861,"dependent"
24,2862,"dependent"
26,2863,"dependent"
18,2864,"dependent"
20,2865,"dependent"
22,2866,"dependent"
26,2867,"dependent"
18,2868,"dependent"
16,2869,"dependent"
24,2870,"dependent"
22,2871,"dependent"
22,2872,"dependent"
24,2873,"dependent"
14,2874,"dependent"
18,2875,"dependent"
24,2876,"dependent"
20,2877,"dependent"
14,2878,"dependent"
20,2879,"dependent"
24,2880,"dependent"
26,2881,"dependent"
22,2882,"dependent"
20,2883,"dependent"
20,2884,"dependent"
18,2885,"dependent"
18,2886,"dependent"
16,2887,"dependent"
20,2888,"dependent"
20,2889,"dependent"
22,2890,"dependent"
20,2891,"dependent"
16,2892,"dependent"
20,2893,"dependent"
22,2894,"dependent"
20,2895,"dependent"
16,2896,"dependent"
16,2897,"dependent"
20,2898,"dependent"
24,2899,"dependent"
26,2900,"dependent"
16,2901,"dependent"
22,2902,"dependent"
28,2903,"dependent"
18,2904,"dependent"
20,2905,"dependent"
16,2906,"dependent"
16,2907,"dependent"
24,2908,"dependent"
18,2909,"dependent"
22,2910,"dependent"
22,2911,"dependent"
20,2912,"dependent"
20,2913,"dependent"
16,2914,"dependent"
20,2915,"dependent"
20,2916,"dependent"
22,2917,"dependent"
20,2918,"dependent"
26,2919,"dependent"
22,2920,"dependent"
18,2921,"dependent"
26,2922,"dependent"
14,2923,"dependent"
20,2924,"dependent"
18,2925,"dependent"
26,2926,"dependent"
22,2927,"dependent"
20,2928,"dependent"
24,2929,"dependent"
24,2930,"dependent"
22,2931,"dependent"
22,2932,"dependent"
18,2933,"dependent"
20,2934,"dependent"
18,2935,"dependent"
22,2936,"dependent"
20,2937,"dependent"
24,2938,"dependent"
18,2939,"dependent"
22,2940,"dependent"
24,2941,"dependent"
20,2942,"dependent"
12,2943,"dependent"
22,2944,"dependent"
20,2945,"dependent"
18,2946,"dependent"
22,2947,"dependent"
16,2948,"dependent"
24,2949,"dependent"
14,2950,"dependent"
18,2951,"dependent"
20,2952,"dependent"
18,2953,"dependent"
16,2954,"dependent"
20,2955,"dependent"
14,2956,"dependent"
14,2957,"dependent"
18,2958,"dependent"
18,2959,"dependent"
18,2960,"dependent"
24,2961,"dependent"
18,2962,"dependent"
16,2963,"dependent"
24,2964,"dependent"
22,2965,"dependent"
22,2966,"dependent"
22,2967,"dependent"
18,2968,"dependent"
18,2969,"dependent"
24,2970,"dependent"
18,2971,"dependent"
16,2972,"dependent"
26,2973,"dependent"
24,2974,"dependent"
22,2975,"dependent"
16,2976,"dependent"
22,2977,"dependent"
22,2978,"dependent"
20,2979,"dependent"
16,2980,"dependent"
18,2981,"dependent"
18,2982,"dependent"
20,2983,"dependent"
18,2984,"dependent"
24,2985,"dependent"
24,2986,"dependent"
24,2987,"dependent"
20,2988,"dependent"
26,2989,"dependent"
22,2990,"dependent"
20,2991,"dependent"
22,2992,"dependent"
22,2993,"dependent"
22,2994,"dependent"
20,2995,"dependent"
12,2996,"dependent"
22,2997,"dependent"
22,2998,"dependent"
16,2999,"dependent"
16,3000,"dependent"
24,3001,"dependent"
24,3002,"dependent"
22,3003,"dependent"
26,3004,"dependent"
22,3005,"dependent"
18,3006,"dependent"
24,3007,"dependent"
16,3008,"dependent"
22,3009,"dependent"
18,3010,"dependent"
26,3011,"dependent"
26,3012,"dependent"
18,3013,"dependent"
22,3014,"dependent"
18,3015,"dependent"
20,3016,"dependent"
18,3017,"dependent"
24,3018,"dependent"
22,3019,"dependent"
24,3020,"dependent"
14,3021,"dependent"
20,3022,"dependent"
16,3023,"dependent"
22,3024,"dependent"
26,3025,"dependent"
26,3026,"dependent"
22,3027,"dependent"
18,3028,"dependent"
16,3029,"dependent"
18,3030,"dependent"
24,3031,"dependent"
20,3032,"dependent"
14,3033,"dependent"
18,3034,"dependent"
30,3035,"dependent"
18,3036,"dependent"
18,3037,"dependent"
20,3038,"dependent"
24,3039,"dependent"
18,3040,"dependent"
22,3041,"dependent"
20,3042,"dependent"
20,3043,"dependent"
18,3044,"dependent"
10,3045,"dependent"
18,3046,"dependent"
20,3047,"dependent"
20,3048,"dependent"
20,3049,"dependent"
20,3050,"dependent"
22,3051,"dependent"
26,3052,"dependent"
20,3053,"dependent"
18,3054,"dependent"
16,3055,"dependent"
20,3056,"dependent"
16,3057,"dependent"
18,3058,"dependent"
18,3059,"dependent"
20,3060,"dependent"
18,3061,"dependent"
22,3062,"dependent"
24,3063,"dependent"
14,3064,"dependent"
24,3065,"dependent"
18,3066,"dependent"
16,3067,"dependent"
22,3068,"dependent"
24,3069,"dependent"
18,3070,"dependent"
22,3071,"dependent"
22,3072,"dependent"
22,3073,"dependent"
22,3074,"dependent"
18,3075,"dependent"
24,3076,"dependent"
22,3077,"dependent"
22,3078,"dependent"
18,3079,"dependent"
22,3080,"dependent"
24,3081,"dependent"
20,3082,"dependent"
20,3083,"dependent"
24,3084,"dependent"
20,3085,"dependent"
20,3086,"dependent"
24,3087,"dependent"
18,3088,"dependent"
28,3089,"dependent"
12,3090,"dependent"
24,3091,"dependent"
16,3092,"dependent"
22,3093,"dependent"
18,3094,"dependent"
18,3095,"dependent"
18,3096,"dependent"
20,3097,"dependent"
18,3098,"dependent"
20,3099,"dependent"
24,3100,"dependent"
18,3101,"dependent"
18,3102,"dependent"
26,3103,"dependent"
20,3104,"dependent"
22,3105,"dependent"
24,3106,"dependent"
16,3107,"dependent"
22,3108,"dependent"
14,3109,"dependent"
24,3110,"dependent"
16,3111,"dependent"
18,3112,"dependent"
22,3113,"dependent"
16,3114,"dependent"
24,3115,"dependent"
16,3116,"dependent"
18,3117,"dependent"
20,3118,"dependent"
18,3119,"dependent"
26,3120,"dependent"
20,3121,"dependent"
24,3122,"dependent"
22,3123,"dependent"
26,3124,"dependent"
20,3125,"dependent"
24,3126,"dependent"
22,3127,"dependent"
20,3128,"dependent"
22,3129,"dependent"
20,3130,"dependent"
18,3131,"dependent"
18,3132,"dependent"
22,3133,"dependent"
22,3134,"dependent"
16,3135,"dependent"
18,3136,"dependent"
22,3137,"dependent"
24,3138,"dependent"
18,3139,"dependent"
22,3140,"dependent"
24,3141,"dependent"
18,3142,"dependent"
22,3143,"dependent"
22,3144,"dependent"
24,3145,"dependent"
18,3146,"dependent"
28,3147,"dependent"
18,3148,"dependent"
16,3149,"dependent"
18,3150,"dependent"
24,3151,"dependent"
18,3152,"dependent"
18,3153,"dependent"
18,3154,"dependent"
22,3155,"dependent"
24,3156,"dependent"
18,3157,"dependent"
22,3158,"dependent"
20,3159,"dependent"
22,3160,"dependent"
22,3161,"dependent"
18,3162,"dependent"
20,3163,"dependent"
20,3164,"dependent"
24,3165,"dependent"
26,3166,"dependent"
20,3167,"dependent"
20,3168,"dependent"
22,3169,"dependent"
22,3170,"dependent"
18,3171,"dependent"
20,3172,"dependent"
24,3173,"dependent"
20,3174,"dependent"
16,3175,"dependent"
22,3176,"dependent"
16,3177,"dependent"
28,3178,"dependent"
22,3179,"dependent"
18,3180,"dependent"
18,3181,"dependent"
24,3182,"dependent"
16,3183,"dependent"
24,3184,"dependent"
20,3185,"dependent"
26,3186,"dependent"
20,3187,"dependent"
24,3188,"dependent"
24,3189,"dependent"
22,3190,"dependent"
20,3191,"dependent"
24,3192,"dependent"
18,3193,"dependent"
16,3194,"dependent"
22,3195,"dependent"
18,3196,"dependent"
16,3197,"dependent"
18,3198,"dependent"
18,3199,"dependent"
22,3200,"dependent"
20,3201,"dependent"
24,3202,"dependent"
24,3203,"dependent"
24,3204,"dependent"
16,3205,"dependent"
18,3206,"dependent"
16,3207,"dependent"
20,3208,"dependent"
22,3209,"dependent"
22,3210,"dependent"
18,3211,"dependent"
22,3212,"dependent"
18,3213,"dependent"
18,3214,"dependent"
26,3215,"dependent"
26,3216,"dependent"
24,3217,"dependent"
18,3218,"dependent"
16,3219,"dependent"
20,3220,"dependent"
22,3221,"dependent"
22,3222,"dependent"
20,3223,"dependent"
18,3224,"dependent"
16,3225,"dependent"
26,3226,"dependent"
26,3227,"dependent"
22,3228,"dependent"
24,3229,"dependent"
24,3230,"dependent"
26,3231,"dependent"
22,3232,"dependent"
22,3233,"dependent"
14,3234,"dependent"
24,3235,"dependent"
22,3236,"dependent"
18,3237,"dependent"
16,3238,"dependent"
18,3239,"dependent"
20,3240,"dependent"
26,3241,"dependent"
20,3242,"dependent"
22,3243,"dependent"
16,3244,"dependent"
24,3245,"dependent"
18,3246,"dependent"
20,3247,"dependent"
18,3248,"dependent"
16,3249,"dependent"
24,3250,"dependent"
22,3251,"dependent"
26,3252,"dependent"
24,3253,"dependent"
26,3254,"dependent"
22,3255,"dependent"
24,3256,"dependent"
22,3257,"dependent"
16,3258,"dependent"
18,3259,"dependent"
24,3260,"dependent"
24,3261,"dependent"
22,3262,"dependent"
20,3263,"dependent"
20,3264,"dependent"
16,3265,"dependent"
18,3266,"dependent"
18,3267,"dependent"
22,3268,"dependent"
14,3269,"dependent"
26,3270,"dependent"
18,3271,"dependent"
18,3272,"dependent"
20,3273,"dependent"
16,3274,"dependent"
22,3275,"dependent"
24,3276,"dependent"
18,3277,"dependent"
20,3278,"dependent"
18,3279,"dependent"
22,3280,"dependent"
20,3281,"dependent"
20,3282,"dependent"
20,3283,"dependent"
20,3284,"dependent"
26,3285,"dependent"
22,3286,"dependent"
16,3287,"dependent"
24,3288,"dependent"
18,3289,"dependent"
20,3290,"dependent"
20,3291,"dependent"
26,3292,"dependent"
24,3293,"dependent"
20,3294,"dependent"
26,3295,"dependent"
20,3296,"dependent"
24,3297,"dependent"
24,3298,"dependent"
18,3299,"dependent"
24,3300,"dependent"
22,3301,"dependent"
20,3302,"dependent"
24,3303,"dependent"
20,3304,"dependent"
22,3305,"dependent"
20,3306,"dependent"
20,3307,"dependent"
22,3308,"dependent"
20,3309,"dependent"
18,3310,"dependent"
18,3311,"dependent"
18,3312,"dependent"
20,3313,"dependent"
20,3314,"dependent"
20,3315,"dependent"
18,3316,"dependent"
22,3317,"dependent"
18,3318,"dependent"
14,3319,"dependent"
28,3320,"dependent"
26,3321,"dependent"
24,3322,"dependent"
20,3323,"dependent"
22,3324,"dependent"
16,3325,"dependent"
16,3326,"dependent"
16,3327,"dependent"
18,3328,"dependent"
20,3329,"dependent"
16,3330,"dependent"
22,3331,"dependent"
22,3332,"dependent"
24,3333,"dependent"
18,3334,"dependent"
18,3335,"dependent"
18,3336,"dependent"
14,3337,"dependent"
20,3338,"dependent"
18,3339,"dependent"
24,3340,"dependent"
22,3341,"dependent"
24,3342,"dependent"
18,3343,"dependent"
26,3344,"dependent"
14,3345,"dependent"
20,3346,"dependent"
20,3347,"dependent"
18,3348,"dependent"
22,3349,"dependent"
18,3350,"dependent"
20,3351,"dependent"
20,3352,"dependent"
26,3353,"dependent"
24,3354,"dependent"
18,3355,"dependent"
18,3356,"dependent"
22,3357,"dependent"
22,3358,"dependent"
18,3359,"dependent"
24,3360,"dependent"
20,3361,"dependent"
24,3362,"dependent"
18,3363,"dependent"
24,3364,"dependent"
18,3365,"dependent"
22,3366,"dependent"
26,3367,"dependent"
16,3368,"dependent"
24,3369,"dependent"
22,3370,"dependent"
18,3371,"dependent"
22,3372,"dependent"
18,3373,"dependent"
18,3374,"dependent"
24,3375,"dependent"
18,3376,"dependent"
16,3377,"dependent"
14,3378,"dependent"
20,3379,"dependent"
14,3380,"dependent"
20,3381,"dependent"
24,3382,"dependent"
18,3383,"dependent"
26,3384,"dependent"
18,3385,"dependent"
16,3386,"dependent"
26,3387,"dependent"
26,3388,"dependent"
26,3389,"dependent"
14,3390,"dependent"
24,3391,"dependent"
20,3392,"dependent"
18,3393,"dependent"
24,3394,"dependent"
22,3395,"dependent"
16,3396,"dependent"
26,3397,"dependent"
24,3398,"dependent"
18,3399,"dependent"
20,3400,"dependent"
22,3401,"dependent"
24,3402,"dependent"
18,3403,"dependent"
20,3404,"dependent"
20,3405,"dependent"
26,3406,"dependent"
22,3407,"dependent"
16,3408,"dependent"
22,3409,"dependent"
18,3410,"dependent"
22,3411,"dependent"
16,3412,"dependent"
20,3413,"dependent"
22,3414,"dependent"
26,3415,"dependent"
20,3416,"dependent"
20,3417,"dependent"
18,3418,"dependent"
20,3419,"dependent"
22,3420,"dependent"
16,3421,"dependent"
26,3422,"dependent"
22,3423,"dependent"
22,3424,"dependent"
24,3425,"dependent"
22,3426,"dependent"
20,3427,"dependent"
22,3428,"dependent"
18,3429,"dependent"
20,3430,"dependent"
24,3431,"dependent"
22,3432,"dependent"
22,3433,"dependent"
24,3434,"dependent"
22,3435,"dependent"
24,3436,"dependent"
22,3437,"dependent"
22,3438,"dependent"
24,3439,"dependent"
28,3440,"dependent"
20,3441,"dependent"
22,3442,"dependent"
18,3443,"dependent"
20,3444,"dependent"
22,3445,"dependent"
24,3446,"dependent"
24,3447,"dependent"
20,3448,"dependent"
20,3449,"dependent"
22,3450,"dependent"
20,3451,"dependent"
18,3452,"dependent"
22,3453,"dependent"
22,3454,"dependent"
20,3455,"dependent"
26,3456,"dependent"
18,3457,"dependent"
18,3458,"dependent"
24,3459,"dependent"
20,3460,"dependent"
20,3461,"dependent"
24,3462,"dependent"
24,3463,"dependent"
18,3464,"dependent"
20,3465,"dependent"
20,3466,"dependent"
20,3467,"dependent"
20,3468,"dependent"
20,3469,"dependent"
24,3470,"dependent"
18,3471,"dependent"
24,3472,"dependent"
20,3473,"dependent"
20,3474,"dependent"
24,3475,"dependent"
20,3476,"dependent"
22,3477,"dependent"
20,3478,"dependent"
26,3479,"dependent"
18,3480,"dependent"
20,3481,"dependent"
22,3482,"dependent"
24,3483,"dependent"
16,3484,"dependent"
24,3485,"dependent"
20,3486,"dependent"
22,3487,"dependent"
16,3488,"dependent"
14,3489,"dependent"
18,3490,"dependent"
20,3491,"dependent"
22,3492,"dependent"
14,3493,"dependent"
22,3494,"dependent"
24,3495,"dependent"
22,3496,"dependent"
20,3497,"dependent"
18,3498,"dependent"
20,3499,"dependent"
26,3500,"dependent"
22,3501,"dependent"
26,3502,"dependent"
18,3503,"dependent"
18,3504,"dependent"
18,3505,"dependent"
18,3506,"dependent"
26,3507,"dependent"
20,3508,"dependent"
20,3509,"dependent"
16,3510,"dependent"
22,3511,"dependent"
18,3512,"dependent"
24,3513,"dependent"
18,3514,"dependent"
14,3515,"dependent"
20,3516,"dependent"
24,3517,"dependent"
20,3518,"dependent"
18,3519,"dependent"
20,3520,"dependent"
24,3521,"dependent"
18,3522,"dependent"
20,3523,"dependent"
22,3524,"dependent"
28,3525,"dependent"
22,3526,"dependent"
16,3527,"dependent"
26,3528,"dependent"
18,3529,"dependent"
16,3530,"dependent"
24,3531,"dependent"
18,3532,"dependent"
20,3533,"dependent"
22,3534,"dependent"
20,3535,"dependent"
24,3536,"dependent"
20,3537,"dependent"
22,3538,"dependent"
22,3539,"dependent"
12,3540,"dependent"
20,3541,"dependent"
18,3542,"dependent"
24,3543,"dependent"
22,3544,"dependent"
24,3545,"dependent"
26,3546,"dependent"
24,3547,"dependent"
22,3548,"dependent"
18,3549,"dependent"
28,3550,"dependent"
24,3551,"dependent"
18,3552,"dependent"
20,3553,"dependent"
22,3554,"dependent"
24,3555,"dependent"
16,3556,"dependent"
20,3557,"dependent"
22,3558,"dependent"
22,3559,"dependent"
26,3560,"dependent"
24,3561,"dependent"
24,3562,"dependent"
20,3563,"dependent"
24,3564,"dependent"
26,3565,"dependent"
20,3566,"dependent"
24,3567,"dependent"
20,3568,"dependent"
20,3569,"dependent"
20,3570,"dependent"
22,3571,"dependent"
20,3572,"dependent"
20,3573,"dependent"
20,3574,"dependent"
22,3575,"dependent"
14,3576,"dependent"
20,3577,"dependent"
20,3578,"dependent"
12,3579,"dependent"
22,3580,"dependent"
28,3581,"dependent"
24,3582,"dependent"
22,3583,"dependent"
18,3584,"dependent"
18,3585,"dependent"
26,3586,"dependent"
22,3587,"dependent"
20,3588,"dependent"
22,3589,"dependent"
18,3590,"dependent"
20,3591,"dependent"
26,3592,"dependent"
20,3593,"dependent"
18,3594,"dependent"
16,3595,"dependent"
12,3596,"dependent"
14,3597,"dependent"
18,3598,"dependent"
18,3599,"dependent"
22,3600,"dependent"
22,3601,"dependent"
20,3602,"dependent"
20,3603,"dependent"
24,3604,"dependent"
18,3605,"dependent"
24,3606,"dependent"
22,3607,"dependent"
20,3608,"dependent"
20,3609,"dependent"
20,3610,"dependent"
24,3611,"dependent"
16,3612,"dependent"
18,3613,"dependent"
24,3614,"dependent"
14,3615,"dependent"
18,3616,"dependent"
20,3617,"dependent"
20,3618,"dependent"
18,3619,"dependent"
22,3620,"dependent"
20,3621,"dependent"
26,3622,"dependent"
18,3623,"dependent"
22,3624,"dependent"
18,3625,"dependent"
14,3626,"dependent"
16,3627,"dependent"
22,3628,"dependent"
18,3629,"dependent"
24,3630,"dependent"
22,3631,"dependent"
20,3632,"dependent"
24,3633,"dependent"
18,3634,"dependent"
20,3635,"dependent"
22,3636,"dependent"
18,3637,"dependent"
18,3638,"dependent"
20,3639,"dependent"
20,3640,"dependent"
24,3641,"dependent"
22,3642,"dependent"
22,3643,"dependent"
20,3644,"dependent"
18,3645,"dependent"
20,3646,"dependent"
26,3647,"dependent"
18,3648,"dependent"
24,3649,"dependent"
20,3650,"dependent"
26,3651,"dependent"
20,3652,"dependent"
24,3653,"dependent"
18,3654,"dependent"
26,3655,"dependent"
22,3656,"dependent"
18,3657,"dependent"
14,3658,"dependent"
12,3659,"dependent"
24,3660,"dependent"
22,3661,"dependent"
22,3662,"dependent"
14,3663,"dependent"
20,3664,"dependent"
20,3665,"dependent"
24,3666,"dependent"
20,3667,"dependent"
26,3668,"dependent"
18,3669,"dependent"
22,3670,"dependent"
20,3671,"dependent"
18,3672,"dependent"
22,3673,"dependent"
22,3674,"dependent"
20,3675,"dependent"
16,3676,"dependent"
18,3677,"dependent"
22,3678,"dependent"
26,3679,"dependent"
22,3680,"dependent"
20,3681,"dependent"
22,3682,"dependent"
22,3683,"dependent"
18,3684,"dependent"
22,3685,"dependent"
18,3686,"dependent"
24,3687,"dependent"
18,3688,"dependent"
18,3689,"dependent"
26,3690,"dependent"
20,3691,"dependent"
22,3692,"dependent"
16,3693,"dependent"
24,3694,"dependent"
22,3695,"dependent"
24,3696,"dependent"
20,3697,"dependent"
18,3698,"dependent"
14,3699,"dependent"
20,3700,"dependent"
18,3701,"dependent"
22,3702,"dependent"
20,3703,"dependent"
20,3704,"dependent"
20,3705,"dependent"
20,3706,"dependent"
20,3707,"dependent"
20,3708,"dependent"
22,3709,"dependent"
24,3710,"dependent"
24,3711,"dependent"
24,3712,"dependent"
20,3713,"dependent"
20,3714,"dependent"
16,3715,"dependent"
18,3716,"dependent"
16,3717,"dependent"
18,3718,"dependent"
20,3719,"dependent"
16,3720,"dependent"
24,3721,"dependent"
22,3722,"dependent"
18,3723,"dependent"
24,3724,"dependent"
22,3725,"dependent"
18,3726,"dependent"
14,3727,"dependent"
20,3728,"dependent"
18,3729,"dependent"
18,3730,"dependent"
20,3731,"dependent"
24,3732,"dependent"
18,3733,"dependent"
22,3734,"dependent"
24,3735,"dependent"
18,3736,"dependent"
20,3737,"dependent"
20,3738,"dependent"
20,3739,"dependent"
16,3740,"dependent"
20,3741,"dependent"
26,3742,"dependent"
26,3743,"dependent"
18,3744,"dependent"
22,3745,"dependent"
14,3746,"dependent"
22,3747,"dependent"
14,3748,"dependent"
22,3749,"dependent"
24,3750,"dependent"
20,3751,"dependent"
24,3752,"dependent"
30,3753,"dependent"
22,3754,"dependent"
20,3755,"dependent"
22,3756,"dependent"
18,3757,"dependent"
22,3758,"dependent"
28,3759,"dependent"
24,3760,"dependent"
24,3761,"dependent"
20,3762,"dependent"
24,3763,"dependent"
14,3764,"dependent"
26,3765,"dependent"
18,3766,"dependent"
20,3767,"dependent"
18,3768,"dependent"
20,3769,"dependent"
20,3770,"dependent"
20,3771,"dependent"
20,3772,"dependent"
16,3773,"dependent"
16,3774,"dependent"
22,3775,"dependent"
20,3776,"dependent"
26,3777,"dependent"
26,3778,"dependent"
24,3779,"dependent"
26,3780,"dependent"
24,3781,"dependent"
22,3782,"dependent"
16,3783,"dependent"
20,3784,"dependent"
16,3785,"dependent"
24,3786,"dependent"
20,3787,"dependent"
22,3788,"dependent"
20,3789,"dependent"
18,3790,"dependent"
24,3791,"dependent"
26,3792,"dependent"
22,3793,"dependent"
22,3794,"dependent"
18,3795,"dependent"
14,3796,"dependent"
16,3797,"dependent"
20,3798,"dependent"
20,3799,"dependent"
22,3800,"dependent"
16,3801,"dependent"
18,3802,"dependent"
20,3803,"dependent"
16,3804,"dependent"
26,3805,"dependent"
14,3806,"dependent"
12,3807,"dependent"
22,3808,"dependent"
24,3809,"dependent"
26,3810,"dependent"
22,3811,"dependent"
26,3812,"dependent"
18,3813,"dependent"
22,3814,"dependent"
24,3815,"dependent"
20,3816,"dependent"
30,3817,"dependent"
24,3818,"dependent"
22,3819,"dependent"
20,3820,"dependent"
22,3821,"dependent"
20,3822,"dependent"
24,3823,"dependent"
18,3824,"dependent"
20,3825,"dependent"
18,3826,"dependent"
26,3827,"dependent"
26,3828,"dependent"
22,3829,"dependent"
22,3830,"dependent"
14,3831,"dependent"
24,3832,"dependent"
14,3833,"dependent"
18,3834,"dependent"
22,3835,"dependent"
14,3836,"dependent"
16,3837,"dependent"
20,3838,"dependent"
22,3839,"dependent"
22,3840,"dependent"
22,3841,"dependent"
24,3842,"dependent"
16,3843,"dependent"
20,3844,"dependent"
20,3845,"dependent"
18,3846,"dependent"
20,3847,"dependent"
18,3848,"dependent"
16,3849,"dependent"
18,3850,"dependent"
20,3851,"dependent"
18,3852,"dependent"
20,3853,"dependent"
16,3854,"dependent"
20,3855,"dependent"
20,3856,"dependent"
26,3857,"dependent"
18,3858,"dependent"
16,3859,"dependent"
24,3860,"dependent"
16,3861,"dependent"
18,3862,"dependent"
22,3863,"dependent"
18,3864,"dependent"
28,3865,"dependent"
24,3866,"dependent"
26,3867,"dependent"
20,3868,"dependent"
20,3869,"dependent"
24,3870,"dependent"
12,3871,"dependent"
24,3872,"dependent"
22,3873,"dependent"
18,3874,"dependent"
18,3875,"dependent"
24,3876,"dependent"
24,3877,"dependent"
12,3878,"dependent"
20,3879,"dependent"
18,3880,"dependent"
18,3881,"dependent"
18,3882,"dependent"
16,3883,"dependent"
18,3884,"dependent"
16,3885,"dependent"
20,3886,"dependent"
20,3887,"dependent"
20,3888,"dependent"
22,3889,"dependent"
22,3890,"dependent"
18,3891,"dependent"
20,3892,"dependent"
18,3893,"dependent"
20,3894,"dependent"
14,3895,"dependent"
18,3896,"dependent"
18,3897,"dependent"
22,3898,"dependent"
24,3899,"dependent"
16,3900,"dependent"
18,3901,"dependent"
16,3902,"dependent"
24,3903,"dependent"
20,3904,"dependent"
20,3905,"dependent"
22,3906,"dependent"
26,3907,"dependent"
22,3908,"dependent"
22,3909,"dependent"
20,3910,"dependent"
22,3911,"dependent"
20,3912,"dependent"
24,3913,"dependent"
18,3914,"dependent"
22,3915,"dependent"
24,3916,"dependent"
22,3917,"dependent"
20,3918,"dependent"
20,3919,"dependent"
22,3920,"dependent"
24,3921,"dependent"
24,3922,"dependent"
18,3923,"dependent"
24,3924,"dependent"
22,3925,"dependent"
20,3926,"dependent"
20,3927,"dependent"
18,3928,"dependent"
20,3929,"dependent"
16,3930,"dependent"
20,3931,"dependent"
24,3932,"dependent"
24,3933,"dependent"
20,3934,"dependent"
24,3935,"dependent"
20,3936,"dependent"
24,3937,"dependent"
14,3938,"dependent"
14,3939,"dependent"
20,3940,"dependent"
20,3941,"dependent"
20,3942,"dependent"
22,3943,"dependent"
20,3944,"dependent"
18,3945,"dependent"
22,3946,"dependent"
16,3947,"dependent"
20,3948,"dependent"
20,3949,"dependent"
18,3950,"dependent"
18,3951,"dependent"
16,3952,"dependent"
18,3953,"dependent"
20,3954,"dependent"
18,3955,"dependent"
24,3956,"dependent"
24,3957,"dependent"
24,3958,"dependent"
18,3959,"dependent"
24,3960,"dependent"
24,3961,"dependent"
18,3962,"dependent"
22,3963,"dependent"
22,3964,"dependent"
20,3965,"dependent"
20,3966,"dependent"
24,3967,"dependent"
22,3968,"dependent"
26,3969,"dependent"
20,3970,"dependent"
20,3971,"dependent"
22,3972,"dependent"
24,3973,"dependent"
20,3974,"dependent"
18,3975,"dependent"
20,3976,"dependent"
20,3977,"dependent"
22,3978,"dependent"
16,3979,"dependent"
20,3980,"dependent"
24,3981,"dependent"
24,3982,"dependent"
18,3983,"dependent"
20,3984,"dependent"
20,3985,"dependent"
18,3986,"dependent"
22,3987,"dependent"
20,3988,"dependent"
24,3989,"dependent"
18,3990,"dependent"
18,3991,"dependent"
26,3992,"dependent"
18,3993,"dependent"
22,3994,"dependent"
24,3995,"dependent"
18,3996,"dependent"
20,3997,"dependent"
24,3998,"dependent"
16,3999,"dependent"
24,4000,"dependent"
24,4001,"dependent"
18,4002,"dependent"
22,4003,"dependent"
20,4004,"dependent"
22,4005,"dependent"
18,4006,"dependent"
16,4007,"dependent"
22,4008,"dependent"
20,4009,"dependent"
22,4010,"dependent"
20,4011,"dependent"
18,4012,"dependent"
22,4013,"dependent"
20,4014,"dependent"
22,4015,"dependent"
20,4016,"dependent"
22,4017,"dependent"
24,4018,"dependent"
18,4019,"dependent"
16,4020,"dependent"
24,4021,"dependent"
18,4022,"dependent"
20,4023,"dependent"
26,4024,"dependent"
20,4025,"dependent"
16,4026,"dependent"
20,4027,"dependent"
18,4028,"dependent"
24,4029,"dependent"
24,4030,"dependent"
22,4031,"dependent"
18,4032,"dependent"
20,4033,"dependent"
14,4034,"dependent"
22,4035,"dependent"
26,4036,"dependent"
30,4037,"dependent"
18,4038,"dependent"
22,4039,"dependent"
26,4040,"dependent"
22,4041,"dependent"
20,4042,"dependent"
26,4043,"dependent"
18,4044,"dependent"
18,4045,"dependent"
24,4046,"dependent"
20,4047,"dependent"
22,4048,"dependent"
14,4049,"dependent"
20,4050,"dependent"
22,4051,"dependent"
24,4052,"dependent"
24,4053,"dependent"
26,4054,"dependent"
26,4055,"dependent"
22,4056,"dependent"
20,4057,"dependent"
24,4058,"dependent"
16,4059,"dependent"
24,4060,"dependent"
18,4061,"dependent"
20,4062,"dependent"
20,4063,"dependent"
20,4064,"dependent"
22,4065,"dependent"
20,4066,"dependent"
18,4067,"dependent"
18,4068,"dependent"
16,4069,"dependent"
16,4070,"dependent"
20,4071,"dependent"
22,4072,"dependent"
20,4073,"dependent"
26,4074,"dependent"
26,4075,"dependent"
22,4076,"dependent"
22,4077,"dependent"
20,4078,"dependent"
20,4079,"dependent"
22,4080,"dependent"
16,4081,"dependent"
22,4082,"dependent"
16,4083,"dependent"
18,4084,"dependent"
20,4085,"dependent"
16,4086,"dependent"
22,4087,"dependent"
20,4088,"dependent"
14,4089,"dependent"
24,4090,"dependent"
20,4091,"dependent"
20,4092,"dependent"
24,4093,"dependent"
16,4094,"dependent"
20,4095,"dependent"
20,4096,"dependent"
24,4097,"dependent"
18,4098,"dependent"
16,4099,"dependent"
24,4100,"dependent"
22,4101,"dependent"
20,4102,"dependent"
20,4103,"dependent"
24,4104,"dependent"
22,4105,"dependent"
24,4106,"dependent"
18,4107,"dependent"
22,4108,"dependent"
22,4109,"dependent"
24,4110,"dependent"
22,4111,"dependent"
24,4112,"dependent"
22,4113,"dependent"
24,4114,"dependent"
16,4115,"dependent"
24,4116,"dependent"
14,4117,"dependent"
20,4118,"dependent"
20,4119,"dependent"
20,4120,"dependent"
18,4121,"dependent"
18,4122,"dependent"
16,4123,"dependent"
18,4124,"dependent"
22,4125,"dependent"
22,4126,"dependent"
18,4127,"dependent"
20,4128,"dependent"
20,4129,"dependent"
20,4130,"dependent"
24,4131,"dependent"
18,4132,"dependent"
20,4133,"dependent"
20,4134,"dependent"
22,4135,"dependent"
16,4136,"dependent"
24,4137,"dependent"
20,4138,"dependent"
22,4139,"dependent"
22,4140,"dependent"
20,4141,"dependent"
18,4142,"dependent"
20,4143,"dependent"
24,4144,"dependent"
20,4145,"dependent"
22,4146,"dependent"
20,4147,"dependent"
24,4148,"dependent"
22,4149,"dependent"
28,4150,"dependent"
22,4151,"dependent"
22,4152,"dependent"
24,4153,"dependent"
18,4154,"dependent"
18,4155,"dependent"
28,4156,"dependent"
16,4157,"dependent"
24,4158,"dependent"
20,4159,"dependent"
22,4160,"dependent"
24,4161,"dependent"
16,4162,"dependent"
14,4163,"dependent"
22,4164,"dependent"
18,4165,"dependent"
16,4166,"dependent"
20,4167,"dependent"
20,4168,"dependent"
18,4169,"dependent"
22,4170,"dependent"
20,4171,"dependent"
18,4172,"dependent"
22,4173,"dependent"
24,4174,"dependent"
14,4175,"dependent"
18,4176,"dependent"
20,4177,"dependent"
24,4178,"dependent"
20,4179,"dependent"
14,4180,"dependent"
18,4181,"dependent"
10,4182,"dependent"
16,4183,"dependent"
24,4184,"dependent"
26,4185,"dependent"
24,4186,"dependent"
22,4187,"dependent"
18,4188,"dependent"
20,4189,"dependent"
20,4190,"dependent"
20,4191,"dependent"
26,4192,"dependent"
14,4193,"dependent"
18,4194,"dependent"
28,4195,"dependent"
20,4196,"dependent"
24,4197,"dependent"
14,4198,"dependent"
18,4199,"dependent"
18,4200,"dependent"
24,4201,"dependent"
20,4202,"dependent"
20,4203,"dependent"
20,4204,"dependent"
18,4205,"dependent"
18,4206,"dependent"
16,4207,"dependent"
22,4208,"dependent"
22,4209,"dependent"
20,4210,"dependent"
24,4211,"dependent"
24,4212,"dependent"
18,4213,"dependent"
20,4214,"dependent"
20,4215,"dependent"
20,4216,"dependent"
22,4217,"dependent"
20,4218,"dependent"
24,4219,"dependent"
20,4220,"dependent"
24,4221,"dependent"
16,4222,"dependent"
18,4223,"dependent"
18,4224,"dependent"
22,4225,"dependent"
20,4226,"dependent"
20,4227,"dependent"
18,4228,"dependent"
14,4229,"dependent"
14,4230,"dependent"
20,4231,"dependent"
20,4232,"dependent"
22,4233,"dependent"
24,4234,"dependent"
20,4235,"dependent"
22,4236,"dependent"
20,4237,"dependent"
16,4238,"dependent"
22,4239,"dependent"
16,4240,"dependent"
24,4241,"dependent"
22,4242,"dependent"
16,4243,"dependent"
24,4244,"dependent"
22,4245,"dependent"
22,4246,"dependent"
12,4247,"dependent"
20,4248,"dependent"
26,4249,"dependent"
22,4250,"dependent"
20,4251,"dependent"
20,4252,"dependent"
26,4253,"dependent"
22,4254,"dependent"
16,4255,"dependent"
18,4256,"dependent"
14,4257,"dependent"
18,4258,"dependent"
22,4259,"dependent"
24,4260,"dependent"
20,4261,"dependent"
26,4262,"dependent"
22,4263,"dependent"
22,4264,"dependent"
22,4265,"dependent"
18,4266,"dependent"
20,4267,"dependent"
22,4268,"dependent"
22,4269,"dependent"
22,4270,"dependent"
26,4271,"dependent"
24,4272,"dependent"
24,4273,"dependent"
20,4274,"dependent"
24,4275,"dependent"
20,4276,"dependent"
18,4277,"dependent"
22,4278,"dependent"
20,4279,"dependent"
22,4280,"dependent"
22,4281,"dependent"
20,4282,"dependent"
20,4283,"dependent"
14,4284,"dependent"
28,4285,"dependent"
16,4286,"dependent"
20,4287,"dependent"
24,4288,"dependent"
16,4289,"dependent"
20,4290,"dependent"
24,4291,"dependent"
28,4292,"dependent"
24,4293,"dependent"
20,4294,"dependent"
26,4295,"dependent"
18,4296,"dependent"
24,4297,"dependent"
18,4298,"dependent"
18,4299,"dependent"
14,4300,"dependent"
18,4301,"dependent"
20,4302,"dependent"
24,4303,"dependent"
22,4304,"dependent"
16,4305,"dependent"
14,4306,"dependent"
22,4307,"dependent"
20,4308,"dependent"
18,4309,"dependent"
18,4310,"dependent"
22,4311,"dependent"
22,4312,"dependent"
20,4313,"dependent"
18,4314,"dependent"
24,4315,"dependent"
24,4316,"dependent"
20,4317,"dependent"
22,4318,"dependent"
20,4319,"dependent"
20,4320,"dependent"
20,4321,"dependent"
14,4322,"dependent"
16,4323,"dependent"
26,4324,"dependent"
18,4325,"dependent"
24,4326,"dependent"
20,4327,"dependent"
24,4328,"dependent"
18,4329,"dependent"
22,4330,"dependent"
28,4331,"dependent"
18,4332,"dependent"
24,4333,"dependent"
14,4334,"dependent"
24,4335,"dependent"
12,4336,"dependent"
22,4337,"dependent"
20,4338,"dependent"
22,4339,"dependent"
24,4340,"dependent"
24,4341,"dependent"
14,4342,"dependent"
20,4343,"dependent"
16,4344,"dependent"
24,4345,"dependent"
20,4346,"dependent"
18,4347,"dependent"
20,4348,"dependent"
16,4349,"dependent"
22,4350,"dependent"
20,4351,"dependent"
20,4352,"dependent"
22,4353,"dependent"
18,4354,"dependent"
24,4355,"dependent"
14,4356,"dependent"
20,4357,"dependent"
18,4358,"dependent"
18,4359,"dependent"
20,4360,"dependent"
24,4361,"dependent"
24,4362,"dependent"
20,4363,"dependent"
20,4364,"dependent"
24,4365,"dependent"
20,4366,"dependent"
20,4367,"dependent"
20,4368,"dependent"
20,4369,"dependent"
22,4370,"dependent"
10,4371,"dependent"
18,4372,"dependent"
14,4373,"dependent"
22,4374,"dependent"
20,4375,"dependent"
22,4376,"dependent"
18,4377,"dependent"
22,4378,"dependent"
22,4379,"dependent"
16,4380,"dependent"
18,4381,"dependent"
26,4382,"dependent"
22,4383,"dependent"
24,4384,"dependent"
18,4385,"dependent"
22,4386,"dependent"
18,4387,"dependent"
20,4388,"dependent"
20,4389,"dependent"
18,4390,"dependent"
20,4391,"dependent"
22,4392,"dependent"
22,4393,"dependent"
16,4394,"dependent"
26,4395,"dependent"
22,4396,"dependent"
24,4397,"dependent"
18,4398,"dependent"
22,4399,"dependent"
18,4400,"dependent"
24,4401,"dependent"
22,4402,"dependent"
18,4403,"dependent"
24,4404,"dependent"
26,4405,"dependent"
20,4406,"dependent"
20,4407,"dependent"
18,4408,"dependent"
22,4409,"dependent"
22,4410,"dependent"
20,4411,"dependent"
18,4412,"dependent"
20,4413,"dependent"
22,4414,"dependent"
22,4415,"dependent"
18,4416,"dependent"
14,4417,"dependent"
20,4418,"dependent"
22,4419,"dependent"
18,4420,"dependent"
14,4421,"dependent"
18,4422,"dependent"
18,4423,"dependent"
26,4424,"dependent"
18,4425,"dependent"
18,4426,"dependent"
16,4427,"dependent"
18,4428,"dependent"
22,4429,"dependent"
24,4430,"dependent"
18,4431,"dependent"
22,4432,"dependent"
18,4433,"dependent"
22,4434,"dependent"
18,4435,"dependent"
20,4436,"dependent"
26,4437,"dependent"
22,4438,"dependent"
20,4439,"dependent"
18,4440,"dependent"
22,4441,"dependent"
16,4442,"dependent"
14,4443,"dependent"
24,4444,"dependent"
28,4445,"dependent"
20,4446,"dependent"
24,4447,"dependent"
24,4448,"dependent"
20,4449,"dependent"
22,4450,"dependent"
16,4451,"dependent"
16,4452,"dependent"
22,4453,"dependent"
20,4454,"dependent"
26,4455,"dependent"
24,4456,"dependent"
18,4457,"dependent"
18,4458,"dependent"
18,4459,"dependent"
20,4460,"dependent"
20,4461,"dependent"
20,4462,"dependent"
16,4463,"dependent"
20,4464,"dependent"
24,4465,"dependent"
22,4466,"dependent"
18,4467,"dependent"
18,4468,"dependent"
18,4469,"dependent"
18,4470,"dependent"
24,4471,"dependent"
16,4472,"dependent"
26,4473,"dependent"
22,4474,"dependent"
16,4475,"dependent"
18,4476,"dependent"
18,4477,"dependent"
22,4478,"dependent"
16,4479,"dependent"
18,4480,"dependent"
18,4481,"dependent"
18,4482,"dependent"
24,4483,"dependent"
22,4484,"dependent"
18,4485,"dependent"
20,4486,"dependent"
22,4487,"dependent"
18,4488,"dependent"
24,4489,"dependent"
20,4490,"dependent"
22,4491,"dependent"
18,4492,"dependent"
18,4493,"dependent"
20,4494,"dependent"
24,4495,"dependent"
18,4496,"dependent"
20,4497,"dependent"
22,4498,"dependent"
12,4499,"dependent"
18,4500,"dependent"
12,4501,"dependent"
20,4502,"dependent"
16,4503,"dependent"
20,4504,"dependent"
20,4505,"dependent"
18,4506,"dependent"
20,4507,"dependent"
20,4508,"dependent"
24,4509,"dependent"
20,4510,"dependent"
22,4511,"dependent"
10,4512,"dependent"
30,4513,"dependent"
18,4514,"dependent"
22,4515,"dependent"
16,4516,"dependent"
18,4517,"dependent"
22,4518,"dependent"
18,4519,"dependent"
22,4520,"dependent"
26,4521,"dependent"
24,4522,"dependent"
22,4523,"dependent"
18,4524,"dependent"
28,4525,"dependent"
20,4526,"dependent"
24,4527,"dependent"
22,4528,"dependent"
20,4529,"dependent"
24,4530,"dependent"
18,4531,"dependent"
24,4532,"dependent"
20,4533,"dependent"
20,4534,"dependent"
16,4535,"dependent"
18,4536,"dependent"
16,4537,"dependent"
16,4538,"dependent"
20,4539,"dependent"
26,4540,"dependent"
20,4541,"dependent"
16,4542,"dependent"
26,4543,"dependent"
22,4544,"dependent"
22,4545,"dependent"
22,4546,"dependent"
26,4547,"dependent"
16,4548,"dependent"
16,4549,"dependent"
22,4550,"dependent"
14,4551,"dependent"
20,4552,"dependent"
14,4553,"dependent"
18,4554,"dependent"
24,4555,"dependent"
22,4556,"dependent"
18,4557,"dependent"
18,4558,"dependent"
18,4559,"dependent"
22,4560,"dependent"
26,4561,"dependent"
20,4562,"dependent"
22,4563,"dependent"
22,4564,"dependent"
18,4565,"dependent"
20,4566,"dependent"
18,4567,"dependent"
18,4568,"dependent"
22,4569,"dependent"
30,4570,"dependent"
22,4571,"dependent"
26,4572,"dependent"
24,4573,"dependent"
20,4574,"dependent"
22,4575,"dependent"
20,4576,"dependent"
22,4577,"dependent"
22,4578,"dependent"
22,4579,"dependent"
22,4580,"dependent"
18,4581,"dependent"
22,4582,"dependent"
24,4583,"dependent"
22,4584,"dependent"
12,4585,"dependent"
20,4586,"dependent"
24,4587,"dependent"
22,4588,"dependent"
24,4589,"dependent"
26,4590,"dependent"
16,4591,"dependent"
20,4592,"dependent"
24,4593,"dependent"
22,4594,"dependent"
22,4595,"dependent"
20,4596,"dependent"
20,4597,"dependent"
22,4598,"dependent"
16,4599,"dependent"
24,4600,"dependent"
18,4601,"dependent"
22,4602,"dependent"
22,4603,"dependent"
24,4604,"dependent"
16,4605,"dependent"
20,4606,"dependent"
24,4607,"dependent"
22,4608,"dependent"
20,4609,"dependent"
24,4610,"dependent"
22,4611,"dependent"
20,4612,"dependent"
16,4613,"dependent"
22,4614,"dependent"
16,4615,"dependent"
14,4616,"dependent"
18,4617,"dependent"
14,4618,"dependent"
22,4619,"dependent"
22,4620,"dependent"
16,4621,"dependent"
20,4622,"dependent"
18,4623,"dependent"
22,4624,"dependent"
20,4625,"dependent"
18,4626,"dependent"
22,4627,"dependent"
22,4628,"dependent"
18,4629,"dependent"
18,4630,"dependent"
20,4631,"dependent"
18,4632,"dependent"
28,4633,"dependent"
26,4634,"dependent"
18,4635,"dependent"
26,4636,"dependent"
30,4637,"dependent"
20,4638,"dependent"
26,4639,"dependent"
16,4640,"dependent"
18,4641,"dependent"
28,4642,"dependent"
18,4643,"dependent"
14,4644,"dependent"
20,4645,"dependent"
20,4646,"dependent"
18,4647,"dependent"
22,4648,"dependent"
22,4649,"dependent"
22,4650,"dependent"
22,4651,"dependent"
20,4652,"dependent"
18,4653,"dependent"
24,4654,"dependent"
16,4655,"dependent"
26,4656,"dependent"
20,4657,"dependent"
24,4658,"dependent"
16,4659,"dependent"
18,4660,"dependent"
22,4661,"dependent"
20,4662,"dependent"
18,4663,"dependent"
18,4664,"dependent"
22,4665,"dependent"
26,4666,"dependent"
14,4667,"dependent"
22,4668,"dependent"
22,4669,"dependent"
20,4670,"dependent"
18,4671,"dependent"
18,4672,"dependent"
20,4673,"dependent"
20,4674,"dependent"
18,4675,"dependent"
26,4676,"dependent"
24,4677,"dependent"
22,4678,"dependent"
24,4679,"dependent"
22,4680,"dependent"
18,4681,"dependent"
22,4682,"dependent"
20,4683,"dependent"
22,4684,"dependent"
18,4685,"dependent"
20,4686,"dependent"
20,4687,"dependent"
24,4688,"dependent"
22,4689,"dependent"
16,4690,"dependent"
20,4691,"dependent"
28,4692,"dependent"
22,4693,"dependent"
22,4694,"dependent"
22,4695,"dependent"
24,4696,"dependent"
16,4697,"dependent"
22,4698,"dependent"
18,4699,"dependent"
18,4700,"dependent"
18,4701,"dependent"
24,4702,"dependent"
26,4703,"dependent"
18,4704,"dependent"
26,4705,"dependent"
24,4706,"dependent"
20,4707,"dependent"
20,4708,"dependent"
14,4709,"dependent"
20,4710,"dependent"
24,4711,"dependent"
26,4712,"dependent"
22,4713,"dependent"
22,4714,"dependent"
22,4715,"dependent"
26,4716,"dependent"
28,4717,"dependent"
20,4718,"dependent"
14,4719,"dependent"
18,4720,"dependent"
22,4721,"dependent"
22,4722,"dependent"
22,4723,"dependent"
26,4724,"dependent"
20,4725,"dependent"
16,4726,"dependent"
22,4727,"dependent"
20,4728,"dependent"
24,4729,"dependent"
28,4730,"dependent"
18,4731,"dependent"
24,4732,"dependent"
24,4733,"dependent"
20,4734,"dependent"
24,4735,"dependent"
20,4736,"dependent"
18,4737,"dependent"
22,4738,"dependent"
20,4739,"dependent"
26,4740,"dependent"
22,4741,"dependent"
16,4742,"dependent"
16,4743,"dependent"
18,4744,"dependent"
14,4745,"dependent"
24,4746,"dependent"
24,4747,"dependent"
20,4748,"dependent"
20,4749,"dependent"
22,4750,"dependent"
22,4751,"dependent"
18,4752,"dependent"
22,4753,"dependent"
22,4754,"dependent"
20,4755,"dependent"
24,4756,"dependent"
16,4757,"dependent"
24,4758,"dependent"
16,4759,"dependent"
16,4760,"dependent"
22,4761,"dependent"
20,4762,"dependent"
24,4763,"dependent"
24,4764,"dependent"
22,4765,"dependent"
18,4766,"dependent"
20,4767,"dependent"
26,4768,"dependent"
20,4769,"dependent"
24,4770,"dependent"
16,4771,"dependent"
12,4772,"dependent"
24,4773,"dependent"
24,4774,"dependent"
22,4775,"dependent"
24,4776,"dependent"
20,4777,"dependent"
20,4778,"dependent"
18,4779,"dependent"
20,4780,"dependent"
14,4781,"dependent"
18,4782,"dependent"
16,4783,"dependent"
18,4784,"dependent"
26,4785,"dependent"
20,4786,"dependent"
26,4787,"dependent"
26,4788,"dependent"
24,4789,"dependent"
20,4790,"dependent"
20,4791,"dependent"
24,4792,"dependent"
24,4793,"dependent"
20,4794,"dependent"
24,4795,"dependent"
24,4796,"dependent"
16,4797,"dependent"
18,4798,"dependent"
16,4799,"dependent"
22,4800,"dependent"
22,4801,"dependent"
26,4802,"dependent"
22,4803,"dependent"
20,4804,"dependent"
16,4805,"dependent"
20,4806,"dependent"
24,4807,"dependent"
24,4808,"dependent"
20,4809,"dependent"
20,4810,"dependent"
26,4811,"dependent"
24,4812,"dependent"
22,4813,"dependent"
20,4814,"dependent"
18,4815,"dependent"
24,4816,"dependent"
24,4817,"dependent"
24,4818,"dependent"
22,4819,"dependent"
22,4820,"dependent"
18,4821,"dependent"
22,4822,"dependent"
22,4823,"dependent"
24,4824,"dependent"
20,4825,"dependent"
14,4826,"dependent"
22,4827,"dependent"
20,4828,"dependent"
22,4829,"dependent"
20,4830,"dependent"
28,4831,"dependent"
24,4832,"dependent"
16,4833,"dependent"
20,4834,"dependent"
20,4835,"dependent"
24,4836,"dependent"
24,4837,"dependent"
16,4838,"dependent"
18,4839,"dependent"
18,4840,"dependent"
24,4841,"dependent"
26,4842,"dependent"
16,4843,"dependent"
26,4844,"dependent"
22,4845,"dependent"
20,4846,"dependent"
22,4847,"dependent"
20,4848,"dependent"
12,4849,"dependent"
14,4850,"dependent"
20,4851,"dependent"
18,4852,"dependent"
18,4853,"dependent"
26,4854,"dependent"
22,4855,"dependent"
22,4856,"dependent"
20,4857,"dependent"
22,4858,"dependent"
22,4859,"dependent"
24,4860,"dependent"
24,4861,"dependent"
26,4862,"dependent"
22,4863,"dependent"
22,4864,"dependent"
24,4865,"dependent"
18,4866,"dependent"
24,4867,"dependent"
18,4868,"dependent"
18,4869,"dependent"
18,4870,"dependent"
16,4871,"dependent"
18,4872,"dependent"
16,4873,"dependent"
16,4874,"dependent"
20,4875,"dependent"
20,4876,"dependent"
26,4877,"dependent"
18,4878,"dependent"
26,4879,"dependent"
20,4880,"dependent"
20,4881,"dependent"
24,4882,"dependent"
18,4883,"dependent"
20,4884,"dependent"
18,4885,"dependent"
20,4886,"dependent"
24,4887,"dependent"
20,4888,"dependent"
16,4889,"dependent"
18,4890,"dependent"
24,4891,"dependent"
22,4892,"dependent"
22,4893,"dependent"
22,4894,"dependent"
22,4895,"dependent"
18,4896,"dependent"
20,4897,"dependent"
18,4898,"dependent"
20,4899,"dependent"
20,4900,"dependent"
22,4901,"dependent"
16,4902,"dependent"
20,4903,"dependent"
24,4904,"dependent"
22,4905,"dependent"
18,4906,"dependent"
22,4907,"dependent"
16,4908,"dependent"
18,4909,"dependent"
20,4910,"dependent"
20,4911,"dependent"
24,4912,"dependent"
14,4913,"dependent"
18,4914,"dependent"
22,4915,"dependent"
20,4916,"dependent"
22,4917,"dependent"
22,4918,"dependent"
16,4919,"dependent"
24,4920,"dependent"
24,4921,"dependent"
26,4922,"dependent"
22,4923,"dependent"
16,4924,"dependent"
16,4925,"dependent"
22,4926,"dependent"
18,4927,"dependent"
22,4928,"dependent"
18,4929,"dependent"
20,4930,"dependent"
24,4931,"dependent"
20,4932,"dependent"
18,4933,"dependent"
28,4934,"dependent"
24,4935,"dependent"
22,4936,"dependent"
22,4937,"dependent"
22,4938,"dependent"
20,4939,"dependent"
24,4940,"dependent"
20,4941,"dependent"
18,4942,"dependent"
20,4943,"dependent"
24,4944,"dependent"
20,4945,"dependent"
20,4946,"dependent"
24,4947,"dependent"
20,4948,"dependent"
20,4949,"dependent"
18,4950,"dependent"
26,4951,"dependent"
24,4952,"dependent"
20,4953,"dependent"
16,4954,"dependent"
22,4955,"dependent"
20,4956,"dependent"
16,4957,"dependent"
18,4958,"dependent"
20,4959,"dependent"
20,4960,"dependent"
20,4961,"dependent"
18,4962,"dependent"
20,4963,"dependent"
16,4964,"dependent"
22,4965,"dependent"
20,4966,"dependent"
22,4967,"dependent"
20,4968,"dependent"
26,4969,"dependent"
20,4970,"dependent"
18,4971,"dependent"
16,4972,"dependent"
26,4973,"dependent"
20,4974,"dependent"
26,4975,"dependent"
26,4976,"dependent"
24,4977,"dependent"
22,4978,"dependent"
16,4979,"dependent"
20,4980,"dependent"
22,4981,"dependent"
18,4982,"dependent"
22,4983,"dependent"
16,4984,"dependent"
24,4985,"dependent"
20,4986,"dependent"
24,4987,"dependent"
18,4988,"dependent"
24,4989,"dependent"
22,4990,"dependent"
22,4991,"dependent"
20,4992,"dependent"
22,4993,"dependent"
22,4994,"dependent"
26,4995,"dependent"
22,4996,"dependent"
18,4997,"dependent"
22,4998,"dependent"
24,4999,"dependent"
20,5000,"dependent"
20,5001,"dependent"
22,5002,"dependent"
18,5003,"dependent"
22,5004,"dependent"
22,5005,"dependent"
14,5006,"dependent"
20,5007,"dependent"
16,5008,"dependent"
20,5009,"dependent"
12,5010,"dependent"
20,5011,"dependent"
26,5012,"dependent"
12,5013,"dependent"
20,5014,"dependent"
22,5015,"dependent"
20,5016,"dependent"
24,5017,"dependent"
18,5018,"dependent"
20,5019,"dependent"
22,5020,"dependent"
22,5021,"dependent"
24,5022,"dependent"
18,5023,"dependent"
22,5024,"dependent"
22,5025,"dependent"
22,5026,"dependent"
22,5027,"dependent"
18,5028,"dependent"
18,5029,"dependent"
18,5030,"dependent"
18,5031,"dependent"
16,5032,"dependent"
18,5033,"dependent"
18,5034,"dependent"
22,5035,"dependent"
24,5036,"dependent"
16,5037,"dependent"
20,5038,"dependent"
20,5039,"dependent"
26,5040,"dependent"
16,5041,"dependent"
16,5042,"dependent"
20,5043,"dependent"
24,5044,"dependent"
20,5045,"dependent"
26,5046,"dependent"
18,5047,"dependent"
18,5048,"dependent"
22,5049,"dependent"
22,5050,"dependent"
22,5051,"dependent"
20,5052,"dependent"
20,5053,"dependent"
20,5054,"dependent"
24,5055,"dependent"
20,5056,"dependent"
22,5057,"dependent"
20,5058,"dependent"
20,5059,"dependent"
20,5060,"dependent"
14,5061,"dependent"
22,5062,"dependent"
20,5063,"dependent"
16,5064,"dependent"
22,5065,"dependent"
20,5066,"dependent"
20,5067,"dependent"
22,5068,"dependent"
20,5069,"dependent"
20,5070,"dependent"
16,5071,"dependent"
16,5072,"dependent"
18,5073,"dependent"
26,5074,"dependent"
10,5075,"dependent"
22,5076,"dependent"
18,5077,"dependent"
16,5078,"dependent"
22,5079,"dependent"
20,5080,"dependent"
18,5081,"dependent"
16,5082,"dependent"
28,5083,"dependent"
28,5084,"dependent"
20,5085,"dependent"
24,5086,"dependent"
18,5087,"dependent"
16,5088,"dependent"
18,5089,"dependent"
18,5090,"dependent"
22,5091,"dependent"
16,5092,"dependent"
24,5093,"dependent"
22,5094,"dependent"
24,5095,"dependent"
16,5096,"dependent"
16,5097,"dependent"
24,5098,"dependent"
26,5099,"dependent"
16,5100,"dependent"
20,5101,"dependent"
18,5102,"dependent"
20,5103,"dependent"
18,5104,"dependent"
22,5105,"dependent"
20,5106,"dependent"
16,5107,"dependent"
22,5108,"dependent"
22,5109,"dependent"
22,5110,"dependent"
18,5111,"dependent"
16,5112,"dependent"
22,5113,"dependent"
20,5114,"dependent"
20,5115,"dependent"
22,5116,"dependent"
26,5117,"dependent"
18,5118,"dependent"
20,5119,"dependent"
22,5120,"dependent"
18,5121,"dependent"
20,5122,"dependent"
18,5123,"dependent"
16,5124,"dependent"
16,5125,"dependent"
22,5126,"dependent"
26,5127,"dependent"
22,5128,"dependent"
20,5129,"dependent"
22,5130,"dependent"
18,5131,"dependent"
24,5132,"dependent"
14,5133,"dependent"
20,5134,"dependent"
20,5135,"dependent"
16,5136,"dependent"
24,5137,"dependent"
14,5138,"dependent"
16,5139,"dependent"
24,5140,"dependent"
22,5141,"dependent"
22,5142,"dependent"
20,5143,"dependent"
20,5144,"dependent"
26,5145,"dependent"
18,5146,"dependent"
14,5147,"dependent"
22,5148,"dependent"
18,5149,"dependent"
20,5150,"dependent"
26,5151,"dependent"
12,5152,"dependent"
18,5153,"dependent"
20,5154,"dependent"
20,5155,"dependent"
18,5156,"dependent"
24,5157,"dependent"
14,5158,"dependent"
16,5159,"dependent"
26,5160,"dependent"
20,5161,"dependent"
22,5162,"dependent"
24,5163,"dependent"
22,5164,"dependent"
18,5165,"dependent"
20,5166,"dependent"
22,5167,"dependent"
24,5168,"dependent"
26,5169,"dependent"
20,5170,"dependent"
22,5171,"dependent"
24,5172,"dependent"
16,5173,"dependent"
20,5174,"dependent"
20,5175,"dependent"
20,5176,"dependent"
18,5177,"dependent"
22,5178,"dependent"
22,5179,"dependent"
18,5180,"dependent"
22,5181,"dependent"
20,5182,"dependent"
24,5183,"dependent"
26,5184,"dependent"
22,5185,"dependent"
20,5186,"dependent"
18,5187,"dependent"
26,5188,"dependent"
24,5189,"dependent"
24,5190,"dependent"
22,5191,"dependent"
20,5192,"dependent"
20,5193,"dependent"
20,5194,"dependent"
18,5195,"dependent"
26,5196,"dependent"
24,5197,"dependent"
20,5198,"dependent"
24,5199,"dependent"
16,5200,"dependent"
22,5201,"dependent"
20,5202,"dependent"
24,5203,"dependent"
22,5204,"dependent"
20,5205,"dependent"
22,5206,"dependent"
20,5207,"dependent"
16,5208,"dependent"
26,5209,"dependent"
18,5210,"dependent"
18,5211,"dependent"
20,5212,"dependent"
20,5213,"dependent"
22,5214,"dependent"
20,5215,"dependent"
22,5216,"dependent"
16,5217,"dependent"
24,5218,"dependent"
26,5219,"dependent"
18,5220,"dependent"
20,5221,"dependent"
20,5222,"dependent"
18,5223,"dependent"
22,5224,"dependent"
18,5225,"dependent"
18,5226,"dependent"
22,5227,"dependent"
20,5228,"dependent"
20,5229,"dependent"
18,5230,"dependent"
18,5231,"dependent"
10,5232,"dependent"
18,5233,"dependent"
18,5234,"dependent"
18,5235,"dependent"
20,5236,"dependent"
18,5237,"dependent"
22,5238,"dependent"
22,5239,"dependent"
18,5240,"dependent"
18,5241,"dependent"
14,5242,"dependent"
16,5243,"dependent"
24,5244,"dependent"
22,5245,"dependent"
20,5246,"dependent"
28,5247,"dependent"
16,5248,"dependent"
22,5249,"dependent"
16,5250,"dependent"
18,5251,"dependent"
14,5252,"dependent"
14,5253,"dependent"
10,5254,"dependent"
24,5255,"dependent"
20,5256,"dependent"
16,5257,"dependent"
20,5258,"dependent"
20,5259,"dependent"
24,5260,"dependent"
24,5261,"dependent"
22,5262,"dependent"
16,5263,"dependent"
20,5264,"dependent"
18,5265,"dependent"
26,5266,"dependent"
16,5267,"dependent"
22,5268,"dependent"
18,5269,"dependent"
18,5270,"dependent"
14,5271,"dependent"
16,5272,"dependent"
16,5273,"dependent"
20,5274,"dependent"
26,5275,"dependent"
18,5276,"dependent"
18,5277,"dependent"
14,5278,"dependent"
18,5279,"dependent"
20,5280,"dependent"
18,5281,"dependent"
14,5282,"dependent"
24,5283,"dependent"
22,5284,"dependent"
22,5285,"dependent"
22,5286,"dependent"
24,5287,"dependent"
20,5288,"dependent"
24,5289,"dependent"
22,5290,"dependent"
16,5291,"dependent"
16,5292,"dependent"
18,5293,"dependent"
20,5294,"dependent"
20,5295,"dependent"
16,5296,"dependent"
20,5297,"dependent"
18,5298,"dependent"
22,5299,"dependent"
18,5300,"dependent"
18,5301,"dependent"
24,5302,"dependent"
24,5303,"dependent"
22,5304,"dependent"
22,5305,"dependent"
18,5306,"dependent"
22,5307,"dependent"
22,5308,"dependent"
20,5309,"dependent"
18,5310,"dependent"
20,5311,"dependent"
20,5312,"dependent"
22,5313,"dependent"
26,5314,"dependent"
20,5315,"dependent"
16,5316,"dependent"
16,5317,"dependent"
20,5318,"dependent"
24,5319,"dependent"
16,5320,"dependent"
26,5321,"dependent"
22,5322,"dependent"
22,5323,"dependent"
22,5324,"dependent"
24,5325,"dependent"
20,5326,"dependent"
16,5327,"dependent"
20,5328,"dependent"
22,5329,"dependent"
16,5330,"dependent"
14,5331,"dependent"
20,5332,"dependent"
16,5333,"dependent"
16,5334,"dependent"
20,5335,"dependent"
20,5336,"dependent"
14,5337,"dependent"
18,5338,"dependent"
20,5339,"dependent"
20,5340,"dependent"
26,5341,"dependent"
16,5342,"dependent"
20,5343,"dependent"
20,5344,"dependent"
14,5345,"dependent"
22,5346,"dependent"
16,5347,"dependent"
16,5348,"dependent"
24,5349,"dependent"
20,5350,"dependent"
18,5351,"dependent"
20,5352,"dependent"
20,5353,"dependent"
16,5354,"dependent"
20,5355,"dependent"
16,5356,"dependent"
16,5357,"dependent"
26,5358,"dependent"
16,5359,"dependent"
18,5360,"dependent"
20,5361,"dependent"
24,5362,"dependent"
24,5363,"dependent"
22,5364,"dependent"
26,5365,"dependent"
20,5366,"dependent"
22,5367,"dependent"
18,5368,"dependent"
22,5369,"dependent"
16,5370,"dependent"
20,5371,"dependent"
16,5372,"dependent"
20,5373,"dependent"
26,5374,"dependent"
22,5375,"dependent"
20,5376,"dependent"
26,5377,"dependent"
20,5378,"dependent"
20,5379,"dependent"
26,5380,"dependent"
18,5381,"dependent"
20,5382,"dependent"
22,5383,"dependent"
18,5384,"dependent"
24,5385,"dependent"
22,5386,"dependent"
26,5387,"dependent"
22,5388,"dependent"
18,5389,"dependent"
30,5390,"dependent"
26,5391,"dependent"
16,5392,"dependent"
20,5393,"dependent"
18,5394,"dependent"
22,5395,"dependent"
16,5396,"dependent"
24,5397,"dependent"
20,5398,"dependent"
22,5399,"dependent"
18,5400,"dependent"
26,5401,"dependent"
26,5402,"dependent"
12,5403,"dependent"
20,5404,"dependent"
24,5405,"dependent"
24,5406,"dependent"
28,5407,"dependent"
22,5408,"dependent"
20,5409,"dependent"
20,5410,"dependent"
22,5411,"dependent"
16,5412,"dependent"
20,5413,"dependent"
20,5414,"dependent"
26,5415,"dependent"
20,5416,"dependent"
24,5417,"dependent"
18,5418,"dependent"
22,5419,"dependent"
22,5420,"dependent"
22,5421,"dependent"
22,5422,"dependent"
24,5423,"dependent"
18,5424,"dependent"
22,5425,"dependent"
24,5426,"dependent"
24,5427,"dependent"
22,5428,"dependent"
20,5429,"dependent"
18,5430,"dependent"
22,5431,"dependent"
24,5432,"dependent"
20,5433,"dependent"
24,5434,"dependent"
26,5435,"dependent"
28,5436,"dependent"
24,5437,"dependent"
18,5438,"dependent"
20,5439,"dependent"
20,5440,"dependent"
14,5441,"dependent"
24,5442,"dependent"
24,5443,"dependent"
22,5444,"dependent"
16,5445,"dependent"
16,5446,"dependent"
22,5447,"dependent"
22,5448,"dependent"
20,5449,"dependent"
18,5450,"dependent"
22,5451,"dependent"
24,5452,"dependent"
24,5453,"dependent"
20,5454,"dependent"
20,5455,"dependent"
26,5456,"dependent"
26,5457,"dependent"
24,5458,"dependent"
20,5459,"dependent"
18,5460,"dependent"
20,5461,"dependent"
20,5462,"dependent"
16,5463,"dependent"
18,5464,"dependent"
24,5465,"dependent"
24,5466,"dependent"
22,5467,"dependent"
20,5468,"dependent"
22,5469,"dependent"
14,5470,"dependent"
22,5471,"dependent"
20,5472,"dependent"
22,5473,"dependent"
24,5474,"dependent"
18,5475,"dependent"
18,5476,"dependent"
14,5477,"dependent"
20,5478,"dependent"
18,5479,"dependent"
12,5480,"dependent"
26,5481,"dependent"
24,5482,"dependent"
18,5483,"dependent"
18,5484,"dependent"
18,5485,"dependent"
20,5486,"dependent"
24,5487,"dependent"
22,5488,"dependent"
16,5489,"dependent"
22,5490,"dependent"
28,5491,"dependent"
12,5492,"dependent"
18,5493,"dependent"
20,5494,"dependent"
20,5495,"dependent"
16,5496,"dependent"
20,5497,"dependent"
24,5498,"dependent"
24,5499,"dependent"
22,5500,"dependent"
18,5501,"dependent"
20,5502,"dependent"
20,5503,"dependent"
26,5504,"dependent"
24,5505,"dependent"
20,5506,"dependent"
18,5507,"dependent"
18,5508,"dependent"
16,5509,"dependent"
22,5510,"dependent"
20,5511,"dependent"
16,5512,"dependent"
16,5513,"dependent"
20,5514,"dependent"
22,5515,"dependent"
22,5516,"dependent"
20,5517,"dependent"
26,5518,"dependent"
20,5519,"dependent"
20,5520,"dependent"
24,5521,"dependent"
18,5522,"dependent"
20,5523,"dependent"
22,5524,"dependent"
22,5525,"dependent"
20,5526,"dependent"
18,5527,"dependent"
20,5528,"dependent"
20,5529,"dependent"
22,5530,"dependent"
24,5531,"dependent"
16,5532,"dependent"
22,5533,"dependent"
18,5534,"dependent"
24,5535,"dependent"
20,5536,"dependent"
20,5537,"dependent"
20,5538,"dependent"
18,5539,"dependent"
20,5540,"dependent"
12,5541,"dependent"
16,5542,"dependent"
22,5543,"dependent"
20,5544,"dependent"
20,5545,"dependent"
22,5546,"dependent"
14,5547,"dependent"
20,5548,"dependent"
24,5549,"dependent"
18,5550,"dependent"
18,5551,"dependent"
20,5552,"dependent"
16,5553,"dependent"
24,5554,"dependent"
20,5555,"dependent"
16,5556,"dependent"
24,5557,"dependent"
20,5558,"dependent"
24,5559,"dependent"
22,5560,"dependent"
22,5561,"dependent"
16,5562,"dependent"
18,5563,"dependent"
22,5564,"dependent"
24,5565,"dependent"
18,5566,"dependent"
16,5567,"dependent"
22,5568,"dependent"
20,5569,"dependent"
20,5570,"dependent"
20,5571,"dependent"
18,5572,"dependent"
18,5573,"dependent"
20,5574,"dependent"
22,5575,"dependent"
22,5576,"dependent"
26,5577,"dependent"
16,5578,"dependent"
22,5579,"dependent"
18,5580,"dependent"
24,5581,"dependent"
18,5582,"dependent"
22,5583,"dependent"
20,5584,"dependent"
28,5585,"dependent"
22,5586,"dependent"
18,5587,"dependent"
18,5588,"dependent"
26,5589,"dependent"
24,5590,"dependent"
20,5591,"dependent"
20,5592,"dependent"
18,5593,"dependent"
20,5594,"dependent"
24,5595,"dependent"
22,5596,"dependent"
20,5597,"dependent"
24,5598,"dependent"
20,5599,"dependent"
20,5600,"dependent"
20,5601,"dependent"
18,5602,"dependent"
22,5603,"dependent"
22,5604,"dependent"
12,5605,"dependent"
16,5606,"dependent"
24,5607,"dependent"
18,5608,"dependent"
24,5609,"dependent"
18,5610,"dependent"
20,5611,"dependent"
20,5612,"dependent"
18,5613,"dependent"
16,5614,"dependent"
18,5615,"dependent"
18,5616,"dependent"
20,5617,"dependent"
20,5618,"dependent"
18,5619,"dependent"
22,5620,"dependent"
20,5621,"dependent"
16,5622,"dependent"
24,5623,"dependent"
20,5624,"dependent"
18,5625,"dependent"
18,5626,"dependent"
18,5627,"dependent"
22,5628,"dependent"
20,5629,"dependent"
26,5630,"dependent"
22,5631,"dependent"
20,5632,"dependent"
18,5633,"dependent"
20,5634,"dependent"
18,5635,"dependent"
28,5636,"dependent"
20,5637,"dependent"
20,5638,"dependent"
12,5639,"dependent"
20,5640,"dependent"
22,5641,"dependent"
22,5642,"dependent"
22,5643,"dependent"
24,5644,"dependent"
20,5645,"dependent"
26,5646,"dependent"
18,5647,"dependent"
22,5648,"dependent"
20,5649,"dependent"
14,5650,"dependent"
24,5651,"dependent"
22,5652,"dependent"
22,5653,"dependent"
18,5654,"dependent"
24,5655,"dependent"
20,5656,"dependent"
16,5657,"dependent"
18,5658,"dependent"
22,5659,"dependent"
22,5660,"dependent"
16,5661,"dependent"
16,5662,"dependent"
22,5663,"dependent"
20,5664,"dependent"
24,5665,"dependent"
20,5666,"dependent"
24,5667,"dependent"
20,5668,"dependent"
20,5669,"dependent"
20,5670,"dependent"
18,5671,"dependent"
18,5672,"dependent"
18,5673,"dependent"
18,5674,"dependent"
22,5675,"dependent"
20,5676,"dependent"
24,5677,"dependent"
16,5678,"dependent"
20,5679,"dependent"
18,5680,"dependent"
22,5681,"dependent"
16,5682,"dependent"
24,5683,"dependent"
16,5684,"dependent"
24,5685,"dependent"
26,5686,"dependent"
20,5687,"dependent"
18,5688,"dependent"
22,5689,"dependent"
26,5690,"dependent"
16,5691,"dependent"
16,5692,"dependent"
22,5693,"dependent"
16,5694,"dependent"
24,5695,"dependent"
26,5696,"dependent"
24,5697,"dependent"
12,5698,"dependent"
30,5699,"dependent"
24,5700,"dependent"
16,5701,"dependent"
20,5702,"dependent"
18,5703,"dependent"
22,5704,"dependent"
20,5705,"dependent"
14,5706,"dependent"
14,5707,"dependent"
16,5708,"dependent"
20,5709,"dependent"
22,5710,"dependent"
24,5711,"dependent"
22,5712,"dependent"
18,5713,"dependent"
18,5714,"dependent"
22,5715,"dependent"
20,5716,"dependent"
16,5717,"dependent"
24,5718,"dependent"
26,5719,"dependent"
20,5720,"dependent"
20,5721,"dependent"
22,5722,"dependent"
20,5723,"dependent"
14,5724,"dependent"
18,5725,"dependent"
22,5726,"dependent"
16,5727,"dependent"
22,5728,"dependent"
26,5729,"dependent"
18,5730,"dependent"
22,5731,"dependent"
20,5732,"dependent"
18,5733,"dependent"
16,5734,"dependent"
20,5735,"dependent"
14,5736,"dependent"
20,5737,"dependent"
16,5738,"dependent"
16,5739,"dependent"
24,5740,"dependent"
22,5741,"dependent"
20,5742,"dependent"
24,5743,"dependent"
24,5744,"dependent"
22,5745,"dependent"
16,5746,"dependent"
24,5747,"dependent"
16,5748,"dependent"
22,5749,"dependent"
22,5750,"dependent"
20,5751,"dependent"
20,5752,"dependent"
24,5753,"dependent"
14,5754,"dependent"
14,5755,"dependent"
22,5756,"dependent"
18,5757,"dependent"
16,5758,"dependent"
26,5759,"dependent"
20,5760,"dependent"
24,5761,"dependent"
22,5762,"dependent"
20,5763,"dependent"
22,5764,"dependent"
16,5765,"dependent"
26,5766,"dependent"
18,5767,"dependent"
22,5768,"dependent"
22,5769,"dependent"
24,5770,"dependent"
14,5771,"dependent"
16,5772,"dependent"
18,5773,"dependent"
20,5774,"dependent"
20,5775,"dependent"
20,5776,"dependent"
18,5777,"dependent"
22,5778,"dependent"
18,5779,"dependent"
22,5780,"dependent"
14,5781,"dependent"
20,5782,"dependent"
20,5783,"dependent"
20,5784,"dependent"
22,5785,"dependent"
18,5786,"dependent"
18,5787,"dependent"
16,5788,"dependent"
16,5789,"dependent"
18,5790,"dependent"
20,5791,"dependent"
16,5792,"dependent"
16,5793,"dependent"
18,5794,"dependent"
18,5795,"dependent"
22,5796,"dependent"
22,5797,"dependent"
24,5798,"dependent"
18,5799,"dependent"
14,5800,"dependent"
18,5801,"dependent"
18,5802,"dependent"
20,5803,"dependent"
18,5804,"dependent"
18,5805,"dependent"
16,5806,"dependent"
16,5807,"dependent"
24,5808,"dependent"
20,5809,"dependent"
22,5810,"dependent"
20,5811,"dependent"
20,5812,"dependent"
22,5813,"dependent"
18,5814,"dependent"
20,5815,"dependent"
18,5816,"dependent"
22,5817,"dependent"
18,5818,"dependent"
18,5819,"dependent"
22,5820,"dependent"
20,5821,"dependent"
20,5822,"dependent"
22,5823,"dependent"
22,5824,"dependent"
22,5825,"dependent"
22,5826,"dependent"
16,5827,"dependent"
22,5828,"dependent"
18,5829,"dependent"
18,5830,"dependent"
26,5831,"dependent"
20,5832,"dependent"
22,5833,"dependent"
24,5834,"dependent"
24,5835,"dependent"
18,5836,"dependent"
16,5837,"dependent"
24,5838,"dependent"
16,5839,"dependent"
24,5840,"dependent"
14,5841,"dependent"
22,5842,"dependent"
18,5843,"dependent"
24,5844,"dependent"
26,5845,"dependent"
18,5846,"dependent"
20,5847,"dependent"
18,5848,"dependent"
16,5849,"dependent"
22,5850,"dependent"
16,5851,"dependent"
18,5852,"dependent"
22,5853,"dependent"
14,5854,"dependent"
24,5855,"dependent"
20,5856,"dependent"
20,5857,"dependent"
20,5858,"dependent"
22,5859,"dependent"
16,5860,"dependent"
22,5861,"dependent"
26,5862,"dependent"
16,5863,"dependent"
26,5864,"dependent"
22,5865,"dependent"
28,5866,"dependent"
26,5867,"dependent"
18,5868,"dependent"
20,5869,"dependent"
30,5870,"dependent"
22,5871,"dependent"
22,5872,"dependent"
20,5873,"dependent"
16,5874,"dependent"
22,5875,"dependent"
18,5876,"dependent"
24,5877,"dependent"
16,5878,"dependent"
22,5879,"dependent"
22,5880,"dependent"
24,5881,"dependent"
16,5882,"dependent"
18,5883,"dependent"
24,5884,"dependent"
16,5885,"dependent"
22,5886,"dependent"
20,5887,"dependent"
20,5888,"dependent"
20,5889,"dependent"
26,5890,"dependent"
16,5891,"dependent"
20,5892,"dependent"
22,5893,"dependent"
20,5894,"dependent"
18,5895,"dependent"
20,5896,"dependent"
22,5897,"dependent"
16,5898,"dependent"
22,5899,"dependent"
18,5900,"dependent"
24,5901,"dependent"
22,5902,"dependent"
24,5903,"dependent"
16,5904,"dependent"
18,5905,"dependent"
20,5906,"dependent"
24,5907,"dependent"
18,5908,"dependent"
12,5909,"dependent"
18,5910,"dependent"
24,5911,"dependent"
20,5912,"dependent"
18,5913,"dependent"
22,5914,"dependent"
20,5915,"dependent"
16,5916,"dependent"
18,5917,"dependent"
16,5918,"dependent"
22,5919,"dependent"
22,5920,"dependent"
22,5921,"dependent"
18,5922,"dependent"
24,5923,"dependent"
24,5924,"dependent"
18,5925,"dependent"
18,5926,"dependent"
20,5927,"dependent"
18,5928,"dependent"
22,5929,"dependent"
20,5930,"dependent"
24,5931,"dependent"
26,5932,"dependent"
24,5933,"dependent"
18,5934,"dependent"
22,5935,"dependent"
14,5936,"dependent"
20,5937,"dependent"
22,5938,"dependent"
20,5939,"dependent"
20,5940,"dependent"
18,5941,"dependent"
24,5942,"dependent"
20,5943,"dependent"
22,5944,"dependent"
20,5945,"dependent"
16,5946,"dependent"
20,5947,"dependent"
20,5948,"dependent"
24,5949,"dependent"
24,5950,"dependent"
20,5951,"dependent"
8,5952,"dependent"
18,5953,"dependent"
14,5954,"dependent"
24,5955,"dependent"
18,5956,"dependent"
18,5957,"dependent"
16,5958,"dependent"
24,5959,"dependent"
22,5960,"dependent"
18,5961,"dependent"
20,5962,"dependent"
24,5963,"dependent"
22,5964,"dependent"
24,5965,"dependent"
22,5966,"dependent"
22,5967,"dependent"
20,5968,"dependent"
22,5969,"dependent"
14,5970,"dependent"
18,5971,"dependent"
20,5972,"dependent"
22,5973,"dependent"
22,5974,"dependent"
22,5975,"dependent"
12,5976,"dependent"
22,5977,"dependent"
22,5978,"dependent"
24,5979,"dependent"
20,5980,"dependent"
14,5981,"dependent"
16,5982,"dependent"
24,5983,"dependent"
16,5984,"dependent"
24,5985,"dependent"
14,5986,"dependent"
24,5987,"dependent"
24,5988,"dependent"
22,5989,"dependent"
16,5990,"dependent"
20,5991,"dependent"
20,5992,"dependent"
20,5993,"dependent"
14,5994,"dependent"
16,5995,"dependent"
16,5996,"dependent"
24,5997,"dependent"
20,5998,"dependent"
28,5999,"dependent"
22,6000,"dependent"
20,6001,"dependent"
30,6002,"dependent"
16,6003,"dependent"
22,6004,"dependent"
20,6005,"dependent"
20,6006,"dependent"
22,6007,"dependent"
16,6008,"dependent"
22,6009,"dependent"
22,6010,"dependent"
14,6011,"dependent"
20,6012,"dependent"
22,6013,"dependent"
18,6014,"dependent"
22,6015,"dependent"
24,6016,"dependent"
26,6017,"dependent"
18,6018,"dependent"
24,6019,"dependent"
24,6020,"dependent"
24,6021,"dependent"
16,6022,"dependent"
20,6023,"dependent"
18,6024,"dependent"
14,6025,"dependent"
24,6026,"dependent"
14,6027,"dependent"
22,6028,"dependent"
18,6029,"dependent"
22,6030,"dependent"
22,6031,"dependent"
18,6032,"dependent"
20,6033,"dependent"
20,6034,"dependent"
18,6035,"dependent"
22,6036,"dependent"
22,6037,"dependent"
16,6038,"dependent"
14,6039,"dependent"
20,6040,"dependent"
18,6041,"dependent"
22,6042,"dependent"
20,6043,"dependent"
22,6044,"dependent"
18,6045,"dependent"
22,6046,"dependent"
24,6047,"dependent"
22,6048,"dependent"
18,6049,"dependent"
24,6050,"dependent"
22,6051,"dependent"
18,6052,"dependent"
20,6053,"dependent"
22,6054,"dependent"
20,6055,"dependent"
18,6056,"dependent"
20,6057,"dependent"
22,6058,"dependent"
22,6059,"dependent"
24,6060,"dependent"
16,6061,"dependent"
18,6062,"dependent"
16,6063,"dependent"
20,6064,"dependent"
22,6065,"dependent"
14,6066,"dependent"
22,6067,"dependent"
22,6068,"dependent"
22,6069,"dependent"
18,6070,"dependent"
18,6071,"dependent"
20,6072,"dependent"
22,6073,"dependent"
28,6074,"dependent"
24,6075,"dependent"
22,6076,"dependent"
20,6077,"dependent"
20,6078,"dependent"
20,6079,"dependent"
24,6080,"dependent"
24,6081,"dependent"
24,6082,"dependent"
18,6083,"dependent"
18,6084,"dependent"
18,6085,"dependent"
18,6086,"dependent"
22,6087,"dependent"
16,6088,"dependent"
20,6089,"dependent"
18,6090,"dependent"
22,6091,"dependent"
16,6092,"dependent"
26,6093,"dependent"
22,6094,"dependent"
28,6095,"dependent"
18,6096,"dependent"
22,6097,"dependent"
20,6098,"dependent"
22,6099,"dependent"
20,6100,"dependent"
18,6101,"dependent"
22,6102,"dependent"
20,6103,"dependent"
24,6104,"dependent"
18,6105,"dependent"
16,6106,"dependent"
26,6107,"dependent"
20,6108,"dependent"
20,6109,"dependent"
20,6110,"dependent"
24,6111,"dependent"
22,6112,"dependent"
20,6113,"dependent"
18,6114,"dependent"
16,6115,"dependent"
18,6116,"dependent"
16,6117,"dependent"
20,6118,"dependent"
24,6119,"dependent"
22,6120,"dependent"
24,6121,"dependent"
16,6122,"dependent"
20,6123,"dependent"
20,6124,"dependent"
18,6125,"dependent"
20,6126,"dependent"
22,6127,"dependent"
24,6128,"dependent"
28,6129,"dependent"
22,6130,"dependent"
22,6131,"dependent"
24,6132,"dependent"
18,6133,"dependent"
22,6134,"dependent"
16,6135,"dependent"
20,6136,"dependent"
18,6137,"dependent"
22,6138,"dependent"
22,6139,"dependent"
20,6140,"dependent"
22,6141,"dependent"
24,6142,"dependent"
24,6143,"dependent"
20,6144,"dependent"
20,6145,"dependent"
24,6146,"dependent"
20,6147,"dependent"
16,6148,"dependent"
20,6149,"dependent"
20,6150,"dependent"
18,6151,"dependent"
22,6152,"dependent"
18,6153,"dependent"
16,6154,"dependent"
16,6155,"dependent"
14,6156,"dependent"
16,6157,"dependent"
22,6158,"dependent"
22,6159,"dependent"
26,6160,"dependent"
18,6161,"dependent"
20,6162,"dependent"
22,6163,"dependent"
24,6164,"dependent"
16,6165,"dependent"
20,6166,"dependent"
16,6167,"dependent"
16,6168,"dependent"
24,6169,"dependent"
22,6170,"dependent"
16,6171,"dependent"
16,6172,"dependent"
24,6173,"dependent"
24,6174,"dependent"
20,6175,"dependent"
18,6176,"dependent"
22,6177,"dependent"
22,6178,"dependent"
26,6179,"dependent"
22,6180,"dependent"
22,6181,"dependent"
18,6182,"dependent"
20,6183,"dependent"
24,6184,"dependent"
18,6185,"dependent"
22,6186,"dependent"
24,6187,"dependent"
24,6188,"dependent"
22,6189,"dependent"
20,6190,"dependent"
20,6191,"dependent"
24,6192,"dependent"
22,6193,"dependent"
16,6194,"dependent"
14,6195,"dependent"
24,6196,"dependent"
20,6197,"dependent"
18,6198,"dependent"
22,6199,"dependent"
22,6200,"dependent"
16,6201,"dependent"
18,6202,"dependent"
18,6203,"dependent"
14,6204,"dependent"
16,6205,"dependent"
22,6206,"dependent"
18,6207,"dependent"
26,6208,"dependent"
18,6209,"dependent"
20,6210,"dependent"
20,6211,"dependent"
22,6212,"dependent"
22,6213,"dependent"
18,6214,"dependent"
26,6215,"dependent"
24,6216,"dependent"
18,6217,"dependent"
24,6218,"dependent"
24,6219,"dependent"
24,6220,"dependent"
16,6221,"dependent"
20,6222,"dependent"
24,6223,"dependent"
14,6224,"dependent"
20,6225,"dependent"
20,6226,"dependent"
22,6227,"dependent"
22,6228,"dependent"
20,6229,"dependent"
26,6230,"dependent"
20,6231,"dependent"
20,6232,"dependent"
22,6233,"dependent"
26,6234,"dependent"
18,6235,"dependent"
20,6236,"dependent"
20,6237,"dependent"
18,6238,"dependent"
20,6239,"dependent"
18,6240,"dependent"
26,6241,"dependent"
20,6242,"dependent"
22,6243,"dependent"
20,6244,"dependent"
22,6245,"dependent"
26,6246,"dependent"
18,6247,"dependent"
18,6248,"dependent"
20,6249,"dependent"
26,6250,"dependent"
22,6251,"dependent"
20,6252,"dependent"
24,6253,"dependent"
18,6254,"dependent"
20,6255,"dependent"
24,6256,"dependent"
20,6257,"dependent"
22,6258,"dependent"
18,6259,"dependent"
16,6260,"dependent"
20,6261,"dependent"
16,6262,"dependent"
20,6263,"dependent"
24,6264,"dependent"
14,6265,"dependent"
18,6266,"dependent"
18,6267,"dependent"
24,6268,"dependent"
14,6269,"dependent"
22,6270,"dependent"
24,6271,"dependent"
26,6272,"dependent"
20,6273,"dependent"
24,6274,"dependent"
22,6275,"dependent"
14,6276,"dependent"
20,6277,"dependent"
18,6278,"dependent"
16,6279,"dependent"
22,6280,"dependent"
16,6281,"dependent"
18,6282,"dependent"
20,6283,"dependent"
18,6284,"dependent"
22,6285,"dependent"
24,6286,"dependent"
24,6287,"dependent"
20,6288,"dependent"
20,6289,"dependent"
16,6290,"dependent"
20,6291,"dependent"
18,6292,"dependent"
20,6293,"dependent"
20,6294,"dependent"
20,6295,"dependent"
24,6296,"dependent"
30,6297,"dependent"
20,6298,"dependent"
24,6299,"dependent"
18,6300,"dependent"
22,6301,"dependent"
22,6302,"dependent"
20,6303,"dependent"
24,6304,"dependent"
16,6305,"dependent"
20,6306,"dependent"
24,6307,"dependent"
14,6308,"dependent"
24,6309,"dependent"
20,6310,"dependent"
12,6311,"dependent"
18,6312,"dependent"
24,6313,"dependent"
24,6314,"dependent"
24,6315,"dependent"
20,6316,"dependent"
22,6317,"dependent"
24,6318,"dependent"
18,6319,"dependent"
26,6320,"dependent"
22,6321,"dependent"
24,6322,"dependent"
26,6323,"dependent"
22,6324,"dependent"
22,6325,"dependent"
28,6326,"dependent"
16,6327,"dependent"
22,6328,"dependent"
12,6329,"dependent"
20,6330,"dependent"
18,6331,"dependent"
18,6332,"dependent"
16,6333,"dependent"
20,6334,"dependent"
26,6335,"dependent"
20,6336,"dependent"
20,6337,"dependent"
20,6338,"dependent"
26,6339,"dependent"
26,6340,"dependent"
20,6341,"dependent"
14,6342,"dependent"
22,6343,"dependent"
20,6344,"dependent"
22,6345,"dependent"
24,6346,"dependent"
22,6347,"dependent"
20,6348,"dependent"
20,6349,"dependent"
16,6350,"dependent"
14,6351,"dependent"
22,6352,"dependent"
14,6353,"dependent"
12,6354,"dependent"
18,6355,"dependent"
18,6356,"dependent"
20,6357,"dependent"
20,6358,"dependent"
28,6359,"dependent"
18,6360,"dependent"
20,6361,"dependent"
26,6362,"dependent"
24,6363,"dependent"
16,6364,"dependent"
18,6365,"dependent"
20,6366,"dependent"
20,6367,"dependent"
22,6368,"dependent"
24,6369,"dependent"
18,6370,"dependent"
18,6371,"dependent"
16,6372,"dependent"
16,6373,"dependent"
20,6374,"dependent"
18,6375,"dependent"
16,6376,"dependent"
10,6377,"dependent"
26,6378,"dependent"
24,6379,"dependent"
10,6380,"dependent"
16,6381,"dependent"
20,6382,"dependent"
14,6383,"dependent"
26,6384,"dependent"
20,6385,"dependent"
28,6386,"dependent"
28,6387,"dependent"
16,6388,"dependent"
20,6389,"dependent"
22,6390,"dependent"
20,6391,"dependent"
20,6392,"dependent"
22,6393,"dependent"
18,6394,"dependent"
20,6395,"dependent"
22,6396,"dependent"
20,6397,"dependent"
22,6398,"dependent"
24,6399,"dependent"
20,6400,"dependent"
18,6401,"dependent"
18,6402,"dependent"
24,6403,"dependent"
16,6404,"dependent"
22,6405,"dependent"
24,6406,"dependent"
22,6407,"dependent"
16,6408,"dependent"
24,6409,"dependent"
20,6410,"dependent"
22,6411,"dependent"
20,6412,"dependent"
20,6413,"dependent"
22,6414,"dependent"
20,6415,"dependent"
20,6416,"dependent"
18,6417,"dependent"
20,6418,"dependent"
16,6419,"dependent"
22,6420,"dependent"
26,6421,"dependent"
20,6422,"dependent"
24,6423,"dependent"
16,6424,"dependent"
20,6425,"dependent"
20,6426,"dependent"
24,6427,"dependent"
14,6428,"dependent"
18,6429,"dependent"
16,6430,"dependent"
20,6431,"dependent"
24,6432,"dependent"
18,6433,"dependent"
16,6434,"dependent"
18,6435,"dependent"
14,6436,"dependent"
24,6437,"dependent"
20,6438,"dependent"
16,6439,"dependent"
20,6440,"dependent"
22,6441,"dependent"
24,6442,"dependent"
20,6443,"dependent"
18,6444,"dependent"
18,6445,"dependent"
28,6446,"dependent"
26,6447,"dependent"
24,6448,"dependent"
24,6449,"dependent"
24,6450,"dependent"
20,6451,"dependent"
22,6452,"dependent"
18,6453,"dependent"
18,6454,"dependent"
18,6455,"dependent"
20,6456,"dependent"
18,6457,"dependent"
26,6458,"dependent"
18,6459,"dependent"
20,6460,"dependent"
18,6461,"dependent"
20,6462,"dependent"
22,6463,"dependent"
18,6464,"dependent"
20,6465,"dependent"
24,6466,"dependent"
20,6467,"dependent"
18,6468,"dependent"
22,6469,"dependent"
26,6470,"dependent"
14,6471,"dependent"
20,6472,"dependent"
18,6473,"dependent"
18,6474,"dependent"
20,6475,"dependent"
16,6476,"dependent"
24,6477,"dependent"
18,6478,"dependent"
22,6479,"dependent"
22,6480,"dependent"
26,6481,"dependent"
18,6482,"dependent"
24,6483,"dependent"
24,6484,"dependent"
22,6485,"dependent"
24,6486,"dependent"
20,6487,"dependent"
20,6488,"dependent"
18,6489,"dependent"
16,6490,"dependent"
20,6491,"dependent"
18,6492,"dependent"
18,6493,"dependent"
22,6494,"dependent"
18,6495,"dependent"
22,6496,"dependent"
16,6497,"dependent"
26,6498,"dependent"
18,6499,"dependent"
14,6500,"dependent"
18,6501,"dependent"
16,6502,"dependent"
24,6503,"dependent"
22,6504,"dependent"
22,6505,"dependent"
20,6506,"dependent"
20,6507,"dependent"
22,6508,"dependent"
20,6509,"dependent"
24,6510,"dependent"
20,6511,"dependent"
22,6512,"dependent"
22,6513,"dependent"
24,6514,"dependent"
22,6515,"dependent"
24,6516,"dependent"
20,6517,"dependent"
20,6518,"dependent"
26,6519,"dependent"
26,6520,"dependent"
16,6521,"dependent"
18,6522,"dependent"
12,6523,"dependent"
24,6524,"dependent"
26,6525,"dependent"
20,6526,"dependent"
20,6527,"dependent"
22,6528,"dependent"
20,6529,"dependent"
18,6530,"dependent"
18,6531,"dependent"
20,6532,"dependent"
22,6533,"dependent"
22,6534,"dependent"
24,6535,"dependent"
24,6536,"dependent"
22,6537,"dependent"
22,6538,"dependent"
22,6539,"dependent"
22,6540,"dependent"
20,6541,"dependent"
18,6542,"dependent"
22,6543,"dependent"
16,6544,"dependent"
18,6545,"dependent"
20,6546,"dependent"
12,6547,"dependent"
20,6548,"dependent"
20,6549,"dependent"
18,6550,"dependent"
20,6551,"dependent"
20,6552,"dependent"
20,6553,"dependent"
20,6554,"dependent"
16,6555,"dependent"
20,6556,"dependent"
24,6557,"dependent"
22,6558,"dependent"
18,6559,"dependent"
24,6560,"dependent"
20,6561,"dependent"
14,6562,"dependent"
22,6563,"dependent"
24,6564,"dependent"
12,6565,"dependent"
18,6566,"dependent"
20,6567,"dependent"
20,6568,"dependent"
24,6569,"dependent"
22,6570,"dependent"
26,6571,"dependent"
24,6572,"dependent"
20,6573,"dependent"
24,6574,"dependent"
14,6575,"dependent"
20,6576,"dependent"
20,6577,"dependent"
22,6578,"dependent"
24,6579,"dependent"
14,6580,"dependent"
18,6581,"dependent"
16,6582,"dependent"
20,6583,"dependent"
24,6584,"dependent"
18,6585,"dependent"
22,6586,"dependent"
18,6587,"dependent"
16,6588,"dependent"
22,6589,"dependent"
26,6590,"dependent"
20,6591,"dependent"
20,6592,"dependent"
18,6593,"dependent"
24,6594,"dependent"
24,6595,"dependent"
20,6596,"dependent"
18,6597,"dependent"
22,6598,"dependent"
22,6599,"dependent"
18,6600,"dependent"
22,6601,"dependent"
24,6602,"dependent"
20,6603,"dependent"
18,6604,"dependent"
12,6605,"dependent"
18,6606,"dependent"
20,6607,"dependent"
20,6608,"dependent"
22,6609,"dependent"
22,6610,"dependent"
24,6611,"dependent"
18,6612,"dependent"
18,6613,"dependent"
18,6614,"dependent"
16,6615,"dependent"
20,6616,"dependent"
14,6617,"dependent"
22,6618,"dependent"
20,6619,"dependent"
18,6620,"dependent"
22,6621,"dependent"
20,6622,"dependent"
22,6623,"dependent"
18,6624,"dependent"
22,6625,"dependent"
16,6626,"dependent"
18,6627,"dependent"
14,6628,"dependent"
20,6629,"dependent"
10,6630,"dependent"
24,6631,"dependent"
26,6632,"dependent"
16,6633,"dependent"
16,6634,"dependent"
26,6635,"dependent"
22,6636,"dependent"
20,6637,"dependent"
18,6638,"dependent"
18,6639,"dependent"
22,6640,"dependent"
16,6641,"dependent"
20,6642,"dependent"
18,6643,"dependent"
18,6644,"dependent"
18,6645,"dependent"
16,6646,"dependent"
24,6647,"dependent"
28,6648,"dependent"
20,6649,"dependent"
24,6650,"dependent"
14,6651,"dependent"
18,6652,"dependent"
22,6653,"dependent"
22,6654,"dependent"
22,6655,"dependent"
12,6656,"dependent"
16,6657,"dependent"
18,6658,"dependent"
22,6659,"dependent"
20,6660,"dependent"
22,6661,"dependent"
22,6662,"dependent"
20,6663,"dependent"
20,6664,"dependent"
20,6665,"dependent"
28,6666,"dependent"
22,6667,"dependent"
24,6668,"dependent"
22,6669,"dependent"
20,6670,"dependent"
18,6671,"dependent"
20,6672,"dependent"
20,6673,"dependent"
26,6674,"dependent"
22,6675,"dependent"
18,6676,"dependent"
24,6677,"dependent"
14,6678,"dependent"
22,6679,"dependent"
20,6680,"dependent"
24,6681,"dependent"
20,6682,"dependent"
20,6683,"dependent"
22,6684,"dependent"
22,6685,"dependent"
20,6686,"dependent"
20,6687,"dependent"
24,6688,"dependent"
18,6689,"dependent"
20,6690,"dependent"
20,6691,"dependent"
18,6692,"dependent"
24,6693,"dependent"
22,6694,"dependent"
22,6695,"dependent"
16,6696,"dependent"
22,6697,"dependent"
16,6698,"dependent"
22,6699,"dependent"
24,6700,"dependent"
22,6701,"dependent"
24,6702,"dependent"
20,6703,"dependent"
18,6704,"dependent"
24,6705,"dependent"
28,6706,"dependent"
18,6707,"dependent"
16,6708,"dependent"
14,6709,"dependent"
20,6710,"dependent"
18,6711,"dependent"
22,6712,"dependent"
24,6713,"dependent"
12,6714,"dependent"
8,6715,"dependent"
16,6716,"dependent"
28,6717,"dependent"
16,6718,"dependent"
20,6719,"dependent"
16,6720,"dependent"
24,6721,"dependent"
22,6722,"dependent"
24,6723,"dependent"
22,6724,"dependent"
16,6725,"dependent"
22,6726,"dependent"
20,6727,"dependent"
20,6728,"dependent"
18,6729,"dependent"
20,6730,"dependent"
20,6731,"dependent"
20,6732,"dependent"
18,6733,"dependent"
20,6734,"dependent"
10,6735,"dependent"
12,6736,"dependent"
22,6737,"dependent"
24,6738,"dependent"
26,6739,"dependent"
22,6740,"dependent"
24,6741,"dependent"
22,6742,"dependent"
16,6743,"dependent"
16,6744,"dependent"
24,6745,"dependent"
22,6746,"dependent"
20,6747,"dependent"
26,6748,"dependent"
26,6749,"dependent"
24,6750,"dependent"
20,6751,"dependent"
18,6752,"dependent"
20,6753,"dependent"
14,6754,"dependent"
20,6755,"dependent"
18,6756,"dependent"
24,6757,"dependent"
22,6758,"dependent"
26,6759,"dependent"
24,6760,"dependent"
28,6761,"dependent"
24,6762,"dependent"
22,6763,"dependent"
20,6764,"dependent"
22,6765,"dependent"
22,6766,"dependent"
16,6767,"dependent"
22,6768,"dependent"
18,6769,"dependent"
22,6770,"dependent"
20,6771,"dependent"
22,6772,"dependent"
12,6773,"dependent"
20,6774,"dependent"
26,6775,"dependent"
26,6776,"dependent"
18,6777,"dependent"
24,6778,"dependent"
26,6779,"dependent"
22,6780,"dependent"
14,6781,"dependent"
20,6782,"dependent"
20,6783,"dependent"
26,6784,"dependent"
20,6785,"dependent"
26,6786,"dependent"
20,6787,"dependent"
16,6788,"dependent"
20,6789,"dependent"
20,6790,"dependent"
20,6791,"dependent"
20,6792,"dependent"
20,6793,"dependent"
22,6794,"dependent"
22,6795,"dependent"
18,6796,"dependent"
24,6797,"dependent"
24,6798,"dependent"
26,6799,"dependent"
18,6800,"dependent"
14,6801,"dependent"
24,6802,"dependent"
26,6803,"dependent"
22,6804,"dependent"
18,6805,"dependent"
26,6806,"dependent"
24,6807,"dependent"
16,6808,"dependent"
20,6809,"dependent"
20,6810,"dependent"
22,6811,"dependent"
18,6812,"dependent"
20,6813,"dependent"
22,6814,"dependent"
22,6815,"dependent"
22,6816,"dependent"
12,6817,"dependent"
18,6818,"dependent"
24,6819,"dependent"
24,6820,"dependent"
18,6821,"dependent"
10,6822,"dependent"
22,6823,"dependent"
20,6824,"dependent"
28,6825,"dependent"
18,6826,"dependent"
24,6827,"dependent"
24,6828,"dependent"
26,6829,"dependent"
24,6830,"dependent"
16,6831,"dependent"
22,6832,"dependent"
24,6833,"dependent"
24,6834,"dependent"
24,6835,"dependent"
20,6836,"dependent"
28,6837,"dependent"
22,6838,"dependent"
18,6839,"dependent"
22,6840,"dependent"
20,6841,"dependent"
20,6842,"dependent"
24,6843,"dependent"
26,6844,"dependent"
12,6845,"dependent"
18,6846,"dependent"
26,6847,"dependent"
18,6848,"dependent"
24,6849,"dependent"
22,6850,"dependent"
20,6851,"dependent"
22,6852,"dependent"
24,6853,"dependent"
24,6854,"dependent"
18,6855,"dependent"
22,6856,"dependent"
20,6857,"dependent"
22,6858,"dependent"
26,6859,"dependent"
24,6860,"dependent"
18,6861,"dependent"
24,6862,"dependent"
18,6863,"dependent"
12,6864,"dependent"
20,6865,"dependent"
20,6866,"dependent"
28,6867,"dependent"
16,6868,"dependent"
18,6869,"dependent"
20,6870,"dependent"
20,6871,"dependent"
20,6872,"dependent"
20,6873,"dependent"
16,6874,"dependent"
16,6875,"dependent"
22,6876,"dependent"
22,6877,"dependent"
20,6878,"dependent"
24,6879,"dependent"
16,6880,"dependent"
22,6881,"dependent"
24,6882,"dependent"
18,6883,"dependent"
20,6884,"dependent"
20,6885,"dependent"
18,6886,"dependent"
18,6887,"dependent"
18,6888,"dependent"
24,6889,"dependent"
18,6890,"dependent"
14,6891,"dependent"
16,6892,"dependent"
22,6893,"dependent"
20,6894,"dependent"
20,6895,"dependent"
20,6896,"dependent"
22,6897,"dependent"
20,6898,"dependent"
20,6899,"dependent"
22,6900,"dependent"
18,6901,"dependent"
24,6902,"dependent"
18,6903,"dependent"
20,6904,"dependent"
16,6905,"dependent"
24,6906,"dependent"
20,6907,"dependent"
22,6908,"dependent"
16,6909,"dependent"
24,6910,"dependent"
22,6911,"dependent"
22,6912,"dependent"
24,6913,"dependent"
18,6914,"dependent"
20,6915,"dependent"
26,6916,"dependent"
22,6917,"dependent"
24,6918,"dependent"
22,6919,"dependent"
18,6920,"dependent"
20,6921,"dependent"
20,6922,"dependent"
22,6923,"dependent"
24,6924,"dependent"
20,6925,"dependent"
24,6926,"dependent"
24,6927,"dependent"
16,6928,"dependent"
20,6929,"dependent"
18,6930,"dependent"
16,6931,"dependent"
24,6932,"dependent"
24,6933,"dependent"
22,6934,"dependent"
22,6935,"dependent"
18,6936,"dependent"
22,6937,"dependent"
20,6938,"dependent"
18,6939,"dependent"
18,6940,"dependent"
24,6941,"dependent"
14,6942,"dependent"
20,6943,"dependent"
22,6944,"dependent"
16,6945,"dependent"
16,6946,"dependent"
22,6947,"dependent"
22,6948,"dependent"
18,6949,"dependent"
22,6950,"dependent"
18,6951,"dependent"
20,6952,"dependent"
18,6953,"dependent"
22,6954,"dependent"
20,6955,"dependent"
22,6956,"dependent"
26,6957,"dependent"
22,6958,"dependent"
22,6959,"dependent"
22,6960,"dependent"
26,6961,"dependent"
22,6962,"dependent"
24,6963,"dependent"
18,6964,"dependent"
20,6965,"dependent"
24,6966,"dependent"
24,6967,"dependent"
20,6968,"dependent"
12,6969,"dependent"
18,6970,"dependent"
24,6971,"dependent"
14,6972,"dependent"
14,6973,"dependent"
18,6974,"dependent"
20,6975,"dependent"
22,6976,"dependent"
24,6977,"dependent"
22,6978,"dependent"
22,6979,"dependent"
24,6980,"dependent"
20,6981,"dependent"
24,6982,"dependent"
22,6983,"dependent"
20,6984,"dependent"
16,6985,"dependent"
20,6986,"dependent"
22,6987,"dependent"
22,6988,"dependent"
26,6989,"dependent"
20,6990,"dependent"
26,6991,"dependent"
18,6992,"dependent"
22,6993,"dependent"
22,6994,"dependent"
18,6995,"dependent"
20,6996,"dependent"
18,6997,"dependent"
22,6998,"dependent"
22,6999,"dependent"
20,7000,"dependent"
24,7001,"dependent"
26,7002,"dependent"
24,7003,"dependent"
18,7004,"dependent"
20,7005,"dependent"
16,7006,"dependent"
18,7007,"dependent"
14,7008,"dependent"
20,7009,"dependent"
22,7010,"dependent"
22,7011,"dependent"
24,7012,"dependent"
20,7013,"dependent"
24,7014,"dependent"
24,7015,"dependent"
20,7016,"dependent"
14,7017,"dependent"
22,7018,"dependent"
16,7019,"dependent"
24,7020,"dependent"
20,7021,"dependent"
14,7022,"dependent"
26,7023,"dependent"
20,7024,"dependent"
26,7025,"dependent"
14,7026,"dependent"
22,7027,"dependent"
18,7028,"dependent"
24,7029,"dependent"
16,7030,"dependent"
24,7031,"dependent"
20,7032,"dependent"
24,7033,"dependent"
22,7034,"dependent"
16,7035,"dependent"
18,7036,"dependent"
18,7037,"dependent"
18,7038,"dependent"
22,7039,"dependent"
20,7040,"dependent"
20,7041,"dependent"
20,7042,"dependent"
22,7043,"dependent"
20,7044,"dependent"
18,7045,"dependent"
16,7046,"dependent"
22,7047,"dependent"
22,7048,"dependent"
18,7049,"dependent"
26,7050,"dependent"
20,7051,"dependent"
16,7052,"dependent"
16,7053,"dependent"
22,7054,"dependent"
20,7055,"dependent"
18,7056,"dependent"
22,7057,"dependent"
18,7058,"dependent"
18,7059,"dependent"
22,7060,"dependent"
22,7061,"dependent"
16,7062,"dependent"
24,7063,"dependent"
18,7064,"dependent"
18,7065,"dependent"
16,7066,"dependent"
18,7067,"dependent"
20,7068,"dependent"
22,7069,"dependent"
22,7070,"dependent"
20,7071,"dependent"
20,7072,"dependent"
20,7073,"dependent"
16,7074,"dependent"
18,7075,"dependent"
22,7076,"dependent"
28,7077,"dependent"
22,7078,"dependent"
18,7079,"dependent"
14,7080,"dependent"
14,7081,"dependent"
24,7082,"dependent"
22,7083,"dependent"
16,7084,"dependent"
20,7085,"dependent"
20,7086,"dependent"
18,7087,"dependent"
20,7088,"dependent"
18,7089,"dependent"
22,7090,"dependent"
20,7091,"dependent"
18,7092,"dependent"
26,7093,"dependent"
20,7094,"dependent"
24,7095,"dependent"
22,7096,"dependent"
26,7097,"dependent"
22,7098,"dependent"
20,7099,"dependent"
18,7100,"dependent"
24,7101,"dependent"
22,7102,"dependent"
20,7103,"dependent"
16,7104,"dependent"
20,7105,"dependent"
22,7106,"dependent"
16,7107,"dependent"
18,7108,"dependent"
12,7109,"dependent"
22,7110,"dependent"
24,7111,"dependent"
24,7112,"dependent"
22,7113,"dependent"
22,7114,"dependent"
22,7115,"dependent"
18,7116,"dependent"
20,7117,"dependent"
22,7118,"dependent"
18,7119,"dependent"
20,7120,"dependent"
22,7121,"dependent"
20,7122,"dependent"
22,7123,"dependent"
18,7124,"dependent"
20,7125,"dependent"
26,7126,"dependent"
22,7127,"dependent"
22,7128,"dependent"
16,7129,"dependent"
20,7130,"dependent"
22,7131,"dependent"
16,7132,"dependent"
18,7133,"dependent"
16,7134,"dependent"
20,7135,"dependent"
20,7136,"dependent"
20,7137,"dependent"
26,7138,"dependent"
22,7139,"dependent"
18,7140,"dependent"
22,7141,"dependent"
22,7142,"dependent"
24,7143,"dependent"
18,7144,"dependent"
18,7145,"dependent"
20,7146,"dependent"
16,7147,"dependent"
26,7148,"dependent"
22,7149,"dependent"
20,7150,"dependent"
16,7151,"dependent"
18,7152,"dependent"
12,7153,"dependent"
18,7154,"dependent"
28,7155,"dependent"
16,7156,"dependent"
20,7157,"dependent"
26,7158,"dependent"
24,7159,"dependent"
28,7160,"dependent"
24,7161,"dependent"
16,7162,"dependent"
22,7163,"dependent"
18,7164,"dependent"
16,7165,"dependent"
24,7166,"dependent"
22,7167,"dependent"
18,7168,"dependent"
18,7169,"dependent"
22,7170,"dependent"
20,7171,"dependent"
14,7172,"dependent"
20,7173,"dependent"
22,7174,"dependent"
24,7175,"dependent"
24,7176,"dependent"
22,7177,"dependent"
22,7178,"dependent"
24,7179,"dependent"
20,7180,"dependent"
20,7181,"dependent"
26,7182,"dependent"
24,7183,"dependent"
20,7184,"dependent"
18,7185,"dependent"
22,7186,"dependent"
18,7187,"dependent"
16,7188,"dependent"
16,7189,"dependent"
22,7190,"dependent"
20,7191,"dependent"
18,7192,"dependent"
20,7193,"dependent"
18,7194,"dependent"
24,7195,"dependent"
20,7196,"dependent"
28,7197,"dependent"
20,7198,"dependent"
20,7199,"dependent"
20,7200,"dependent"
20,7201,"dependent"
20,7202,"dependent"
18,7203,"dependent"
18,7204,"dependent"
20,7205,"dependent"
22,7206,"dependent"
18,7207,"dependent"
18,7208,"dependent"
20,7209,"dependent"
16,7210,"dependent"
20,7211,"dependent"
20,7212,"dependent"
18,7213,"dependent"
14,7214,"dependent"
22,7215,"dependent"
18,7216,"dependent"
20,7217,"dependent"
18,7218,"dependent"
14,7219,"dependent"
24,7220,"dependent"
24,7221,"dependent"
18,7222,"dependent"
20,7223,"dependent"
24,7224,"dependent"
20,7225,"dependent"
24,7226,"dependent"
24,7227,"dependent"
24,7228,"dependent"
24,7229,"dependent"
18,7230,"dependent"
18,7231,"dependent"
18,7232,"dependent"
16,7233,"dependent"
20,7234,"dependent"
24,7235,"dependent"
16,7236,"dependent"
18,7237,"dependent"
26,7238,"dependent"
16,7239,"dependent"
20,7240,"dependent"
16,7241,"dependent"
24,7242,"dependent"
20,7243,"dependent"
26,7244,"dependent"
22,7245,"dependent"
22,7246,"dependent"
22,7247,"dependent"
18,7248,"dependent"
20,7249,"dependent"
22,7250,"dependent"
24,7251,"dependent"
12,7252,"dependent"
16,7253,"dependent"
26,7254,"dependent"
22,7255,"dependent"
24,7256,"dependent"
18,7257,"dependent"
22,7258,"dependent"
28,7259,"dependent"
22,7260,"dependent"
24,7261,"dependent"
24,7262,"dependent"
18,7263,"dependent"
20,7264,"dependent"
14,7265,"dependent"
24,7266,"dependent"
24,7267,"dependent"
24,7268,"dependent"
24,7269,"dependent"
22,7270,"dependent"
20,7271,"dependent"
20,7272,"dependent"
18,7273,"dependent"
26,7274,"dependent"
24,7275,"dependent"
16,7276,"dependent"
20,7277,"dependent"
20,7278,"dependent"
22,7279,"dependent"
18,7280,"dependent"
18,7281,"dependent"
18,7282,"dependent"
22,7283,"dependent"
16,7284,"dependent"
22,7285,"dependent"
18,7286,"dependent"
20,7287,"dependent"
16,7288,"dependent"
16,7289,"dependent"
22,7290,"dependent"
18,7291,"dependent"
22,7292,"dependent"
16,7293,"dependent"
24,7294,"dependent"
20,7295,"dependent"
18,7296,"dependent"
22,7297,"dependent"
20,7298,"dependent"
18,7299,"dependent"
24,7300,"dependent"
20,7301,"dependent"
22,7302,"dependent"
18,7303,"dependent"
24,7304,"dependent"
22,7305,"dependent"
22,7306,"dependent"
22,7307,"dependent"
22,7308,"dependent"
14,7309,"dependent"
22,7310,"dependent"
20,7311,"dependent"
14,7312,"dependent"
18,7313,"dependent"
26,7314,"dependent"
16,7315,"dependent"
22,7316,"dependent"
16,7317,"dependent"
22,7318,"dependent"
24,7319,"dependent"
24,7320,"dependent"
16,7321,"dependent"
18,7322,"dependent"
16,7323,"dependent"
24,7324,"dependent"
16,7325,"dependent"
14,7326,"dependent"
16,7327,"dependent"
16,7328,"dependent"
20,7329,"dependent"
24,7330,"dependent"
18,7331,"dependent"
24,7332,"dependent"
20,7333,"dependent"
16,7334,"dependent"
12,7335,"dependent"
22,7336,"dependent"
22,7337,"dependent"
24,7338,"dependent"
24,7339,"dependent"
22,7340,"dependent"
20,7341,"dependent"
18,7342,"dependent"
24,7343,"dependent"
26,7344,"dependent"
24,7345,"dependent"
22,7346,"dependent"
20,7347,"dependent"
24,7348,"dependent"
22,7349,"dependent"
20,7350,"dependent"
20,7351,"dependent"
14,7352,"dependent"
20,7353,"dependent"
18,7354,"dependent"
24,7355,"dependent"
16,7356,"dependent"
14,7357,"dependent"
18,7358,"dependent"
22,7359,"dependent"
18,7360,"dependent"
18,7361,"dependent"
18,7362,"dependent"
12,7363,"dependent"
22,7364,"dependent"
24,7365,"dependent"
20,7366,"dependent"
22,7367,"dependent"
18,7368,"dependent"
22,7369,"dependent"
22,7370,"dependent"
24,7371,"dependent"
24,7372,"dependent"
26,7373,"dependent"
18,7374,"dependent"
24,7375,"dependent"
20,7376,"dependent"
18,7377,"dependent"
24,7378,"dependent"
18,7379,"dependent"
18,7380,"dependent"
20,7381,"dependent"
24,7382,"dependent"
24,7383,"dependent"
20,7384,"dependent"
14,7385,"dependent"
22,7386,"dependent"
16,7387,"dependent"
20,7388,"dependent"
12,7389,"dependent"
22,7390,"dependent"
18,7391,"dependent"
18,7392,"dependent"
22,7393,"dependent"
18,7394,"dependent"
24,7395,"dependent"
16,7396,"dependent"
18,7397,"dependent"
22,7398,"dependent"
20,7399,"dependent"
22,7400,"dependent"
18,7401,"dependent"
20,7402,"dependent"
18,7403,"dependent"
20,7404,"dependent"
18,7405,"dependent"
24,7406,"dependent"
22,7407,"dependent"
12,7408,"dependent"
20,7409,"dependent"
22,7410,"dependent"
22,7411,"dependent"
20,7412,"dependent"
20,7413,"dependent"
26,7414,"dependent"
22,7415,"dependent"
22,7416,"dependent"
20,7417,"dependent"
22,7418,"dependent"
22,7419,"dependent"
18,7420,"dependent"
20,7421,"dependent"
16,7422,"dependent"
18,7423,"dependent"
20,7424,"dependent"
24,7425,"dependent"
24,7426,"dependent"
22,7427,"dependent"
16,7428,"dependent"
18,7429,"dependent"
18,7430,"dependent"
26,7431,"dependent"
22,7432,"dependent"
16,7433,"dependent"
26,7434,"dependent"
22,7435,"dependent"
14,7436,"dependent"
18,7437,"dependent"
22,7438,"dependent"
18,7439,"dependent"
16,7440,"dependent"
24,7441,"dependent"
26,7442,"dependent"
22,7443,"dependent"
16,7444,"dependent"
26,7445,"dependent"
16,7446,"dependent"
24,7447,"dependent"
22,7448,"dependent"
22,7449,"dependent"
18,7450,"dependent"
22,7451,"dependent"
22,7452,"dependent"
24,7453,"dependent"
26,7454,"dependent"
20,7455,"dependent"
22,7456,"dependent"
24,7457,"dependent"
24,7458,"dependent"
18,7459,"dependent"
22,7460,"dependent"
16,7461,"dependent"
18,7462,"dependent"
18,7463,"dependent"
20,7464,"dependent"
20,7465,"dependent"
20,7466,"dependent"
16,7467,"dependent"
20,7468,"dependent"
18,7469,"dependent"
18,7470,"dependent"
20,7471,"dependent"
20,7472,"dependent"
22,7473,"dependent"
16,7474,"dependent"
20,7475,"dependent"
18,7476,"dependent"
22,7477,"dependent"
16,7478,"dependent"
26,7479,"dependent"
14,7480,"dependent"
20,7481,"dependent"
18,7482,"dependent"
24,7483,"dependent"
18,7484,"dependent"
14,7485,"dependent"
20,7486,"dependent"
22,7487,"dependent"
20,7488,"dependent"
18,7489,"dependent"
20,7490,"dependent"
16,7491,"dependent"
22,7492,"dependent"
20,7493,"dependent"
32,7494,"dependent"
24,7495,"dependent"
18,7496,"dependent"
20,7497,"dependent"
18,7498,"dependent"
20,7499,"dependent"
18,7500,"dependent"
28,7501,"dependent"
24,7502,"dependent"
16,7503,"dependent"
18,7504,"dependent"
20,7505,"dependent"
20,7506,"dependent"
14,7507,"dependent"
22,7508,"dependent"
20,7509,"dependent"
18,7510,"dependent"
20,7511,"dependent"
18,7512,"dependent"
16,7513,"dependent"
20,7514,"dependent"
14,7515,"dependent"
22,7516,"dependent"
22,7517,"dependent"
20,7518,"dependent"
16,7519,"dependent"
24,7520,"dependent"
24,7521,"dependent"
16,7522,"dependent"
24,7523,"dependent"
22,7524,"dependent"
22,7525,"dependent"
20,7526,"dependent"
32,7527,"dependent"
20,7528,"dependent"
14,7529,"dependent"
22,7530,"dependent"
20,7531,"dependent"
24,7532,"dependent"
18,7533,"dependent"
18,7534,"dependent"
18,7535,"dependent"
14,7536,"dependent"
26,7537,"dependent"
14,7538,"dependent"
18,7539,"dependent"
24,7540,"dependent"
18,7541,"dependent"
18,7542,"dependent"
22,7543,"dependent"
14,7544,"dependent"
18,7545,"dependent"
20,7546,"dependent"
24,7547,"dependent"
18,7548,"dependent"
22,7549,"dependent"
22,7550,"dependent"
22,7551,"dependent"
26,7552,"dependent"
24,7553,"dependent"
22,7554,"dependent"
16,7555,"dependent"
18,7556,"dependent"
24,7557,"dependent"
22,7558,"dependent"
16,7559,"dependent"
18,7560,"dependent"
26,7561,"dependent"
24,7562,"dependent"
20,7563,"dependent"
16,7564,"dependent"
28,7565,"dependent"
20,7566,"dependent"
16,7567,"dependent"
18,7568,"dependent"
20,7569,"dependent"
18,7570,"dependent"
20,7571,"dependent"
16,7572,"dependent"
22,7573,"dependent"
24,7574,"dependent"
16,7575,"dependent"
20,7576,"dependent"
22,7577,"dependent"
18,7578,"dependent"
22,7579,"dependent"
20,7580,"dependent"
22,7581,"dependent"
20,7582,"dependent"
22,7583,"dependent"
28,7584,"dependent"
14,7585,"dependent"
22,7586,"dependent"
20,7587,"dependent"
18,7588,"dependent"
18,7589,"dependent"
18,7590,"dependent"
18,7591,"dependent"
26,7592,"dependent"
16,7593,"dependent"
22,7594,"dependent"
20,7595,"dependent"
22,7596,"dependent"
20,7597,"dependent"
18,7598,"dependent"
22,7599,"dependent"
22,7600,"dependent"
26,7601,"dependent"
20,7602,"dependent"
16,7603,"dependent"
18,7604,"dependent"
20,7605,"dependent"
22,7606,"dependent"
18,7607,"dependent"
18,7608,"dependent"
16,7609,"dependent"
20,7610,"dependent"
18,7611,"dependent"
24,7612,"dependent"
16,7613,"dependent"
20,7614,"dependent"
26,7615,"dependent"
24,7616,"dependent"
18,7617,"dependent"
20,7618,"dependent"
20,7619,"dependent"
22,7620,"dependent"
18,7621,"dependent"
22,7622,"dependent"
26,7623,"dependent"
30,7624,"dependent"
16,7625,"dependent"
20,7626,"dependent"
22,7627,"dependent"
22,7628,"dependent"
20,7629,"dependent"
22,7630,"dependent"
14,7631,"dependent"
20,7632,"dependent"
18,7633,"dependent"
20,7634,"dependent"
24,7635,"dependent"
24,7636,"dependent"
22,7637,"dependent"
20,7638,"dependent"
20,7639,"dependent"
20,7640,"dependent"
28,7641,"dependent"
26,7642,"dependent"
22,7643,"dependent"
16,7644,"dependent"
22,7645,"dependent"
20,7646,"dependent"
26,7647,"dependent"
22,7648,"dependent"
22,7649,"dependent"
18,7650,"dependent"
24,7651,"dependent"
22,7652,"dependent"
22,7653,"dependent"
18,7654,"dependent"
22,7655,"dependent"
20,7656,"dependent"
20,7657,"dependent"
22,7658,"dependent"
20,7659,"dependent"
22,7660,"dependent"
16,7661,"dependent"
16,7662,"dependent"
26,7663,"dependent"
20,7664,"dependent"
10,7665,"dependent"
18,7666,"dependent"
20,7667,"dependent"
26,7668,"dependent"
22,7669,"dependent"
22,7670,"dependent"
24,7671,"dependent"
22,7672,"dependent"
22,7673,"dependent"
22,7674,"dependent"
18,7675,"dependent"
18,7676,"dependent"
18,7677,"dependent"
18,7678,"dependent"
20,7679,"dependent"
20,7680,"dependent"
20,7681,"dependent"
16,7682,"dependent"
16,7683,"dependent"
16,7684,"dependent"
26,7685,"dependent"
24,7686,"dependent"
20,7687,"dependent"
18,7688,"dependent"
20,7689,"dependent"
16,7690,"dependent"
16,7691,"dependent"
24,7692,"dependent"
28,7693,"dependent"
20,7694,"dependent"
22,7695,"dependent"
22,7696,"dependent"
20,7697,"dependent"
26,7698,"dependent"
18,7699,"dependent"
16,7700,"dependent"
20,7701,"dependent"
26,7702,"dependent"
24,7703,"dependent"
20,7704,"dependent"
22,7705,"dependent"
20,7706,"dependent"
20,7707,"dependent"
20,7708,"dependent"
20,7709,"dependent"
22,7710,"dependent"
22,7711,"dependent"
22,7712,"dependent"
16,7713,"dependent"
18,7714,"dependent"
20,7715,"dependent"
18,7716,"dependent"
24,7717,"dependent"
26,7718,"dependent"
22,7719,"dependent"
18,7720,"dependent"
18,7721,"dependent"
20,7722,"dependent"
24,7723,"dependent"
18,7724,"dependent"
16,7725,"dependent"
20,7726,"dependent"
16,7727,"dependent"
16,7728,"dependent"
16,7729,"dependent"
24,7730,"dependent"
20,7731,"dependent"
14,7732,"dependent"
20,7733,"dependent"
26,7734,"dependent"
22,7735,"dependent"
22,7736,"dependent"
24,7737,"dependent"
18,7738,"dependent"
20,7739,"dependent"
18,7740,"dependent"
18,7741,"dependent"
20,7742,"dependent"
24,7743,"dependent"
16,7744,"dependent"
22,7745,"dependent"
20,7746,"dependent"
14,7747,"dependent"
18,7748,"dependent"
16,7749,"dependent"
20,7750,"dependent"
22,7751,"dependent"
24,7752,"dependent"
20,7753,"dependent"
24,7754,"dependent"
22,7755,"dependent"
20,7756,"dependent"
24,7757,"dependent"
22,7758,"dependent"
22,7759,"dependent"
20,7760,"dependent"
22,7761,"dependent"
22,7762,"dependent"
20,7763,"dependent"
18,7764,"dependent"
22,7765,"dependent"
20,7766,"dependent"
16,7767,"dependent"
24,7768,"dependent"
20,7769,"dependent"
18,7770,"dependent"
20,7771,"dependent"
18,7772,"dependent"
20,7773,"dependent"
26,7774,"dependent"
22,7775,"dependent"
20,7776,"dependent"
22,7777,"dependent"
18,7778,"dependent"
20,7779,"dependent"
16,7780,"dependent"
18,7781,"dependent"
18,7782,"dependent"
22,7783,"dependent"
16,7784,"dependent"
20,7785,"dependent"
20,7786,"dependent"
16,7787,"dependent"
18,7788,"dependent"
20,7789,"dependent"
18,7790,"dependent"
22,7791,"dependent"
22,7792,"dependent"
18,7793,"dependent"
26,7794,"dependent"
22,7795,"dependent"
16,7796,"dependent"
16,7797,"dependent"
18,7798,"dependent"
16,7799,"dependent"
24,7800,"dependent"
14,7801,"dependent"
18,7802,"dependent"
16,7803,"dependent"
20,7804,"dependent"
22,7805,"dependent"
16,7806,"dependent"
24,7807,"dependent"
26,7808,"dependent"
18,7809,"dependent"
24,7810,"dependent"
18,7811,"dependent"
20,7812,"dependent"
18,7813,"dependent"
16,7814,"dependent"
22,7815,"dependent"
22,7816,"dependent"
22,7817,"dependent"
22,7818,"dependent"
22,7819,"dependent"
18,7820,"dependent"
20,7821,"dependent"
24,7822,"dependent"
16,7823,"dependent"
24,7824,"dependent"
20,7825,"dependent"
16,7826,"dependent"
24,7827,"dependent"
24,7828,"dependent"
20,7829,"dependent"
24,7830,"dependent"
20,7831,"dependent"
18,7832,"dependent"
16,7833,"dependent"
22,7834,"dependent"
20,7835,"dependent"
14,7836,"dependent"
18,7837,"dependent"
20,7838,"dependent"
20,7839,"dependent"
22,7840,"dependent"
22,7841,"dependent"
16,7842,"dependent"
16,7843,"dependent"
14,7844,"dependent"
24,7845,"dependent"
28,7846,"dependent"
18,7847,"dependent"
24,7848,"dependent"
20,7849,"dependent"
16,7850,"dependent"
22,7851,"dependent"
20,7852,"dependent"
22,7853,"dependent"
14,7854,"dependent"
22,7855,"dependent"
26,7856,"dependent"
14,7857,"dependent"
16,7858,"dependent"
20,7859,"dependent"
20,7860,"dependent"
18,7861,"dependent"
26,7862,"dependent"
20,7863,"dependent"
20,7864,"dependent"
24,7865,"dependent"
24,7866,"dependent"
24,7867,"dependent"
20,7868,"dependent"
18,7869,"dependent"
20,7870,"dependent"
22,7871,"dependent"
16,7872,"dependent"
20,7873,"dependent"
22,7874,"dependent"
20,7875,"dependent"
16,7876,"dependent"
22,7877,"dependent"
14,7878,"dependent"
22,7879,"dependent"
22,7880,"dependent"
16,7881,"dependent"
16,7882,"dependent"
20,7883,"dependent"
18,7884,"dependent"
20,7885,"dependent"
20,7886,"dependent"
24,7887,"dependent"
20,7888,"dependent"
24,7889,"dependent"
20,7890,"dependent"
20,7891,"dependent"
26,7892,"dependent"
22,7893,"dependent"
18,7894,"dependent"
14,7895,"dependent"
18,7896,"dependent"
20,7897,"dependent"
22,7898,"dependent"
22,7899,"dependent"
26,7900,"dependent"
24,7901,"dependent"
20,7902,"dependent"
22,7903,"dependent"
22,7904,"dependent"
26,7905,"dependent"
20,7906,"dependent"
22,7907,"dependent"
20,7908,"dependent"
22,7909,"dependent"
16,7910,"dependent"
22,7911,"dependent"
26,7912,"dependent"
28,7913,"dependent"
16,7914,"dependent"
22,7915,"dependent"
20,7916,"dependent"
20,7917,"dependent"
20,7918,"dependent"
18,7919,"dependent"
24,7920,"dependent"
16,7921,"dependent"
20,7922,"dependent"
20,7923,"dependent"
22,7924,"dependent"
16,7925,"dependent"
20,7926,"dependent"
24,7927,"dependent"
14,7928,"dependent"
16,7929,"dependent"
22,7930,"dependent"
20,7931,"dependent"
18,7932,"dependent"
24,7933,"dependent"
20,7934,"dependent"
20,7935,"dependent"
22,7936,"dependent"
26,7937,"dependent"
22,7938,"dependent"
22,7939,"dependent"
22,7940,"dependent"
22,7941,"dependent"
22,7942,"dependent"
26,7943,"dependent"
20,7944,"dependent"
20,7945,"dependent"
22,7946,"dependent"
22,7947,"dependent"
20,7948,"dependent"
16,7949,"dependent"
20,7950,"dependent"
18,7951,"dependent"
18,7952,"dependent"
18,7953,"dependent"
20,7954,"dependent"
22,7955,"dependent"
20,7956,"dependent"
24,7957,"dependent"
18,7958,"dependent"
20,7959,"dependent"
16,7960,"dependent"
20,7961,"dependent"
20,7962,"dependent"
20,7963,"dependent"
24,7964,"dependent"
16,7965,"dependent"
22,7966,"dependent"
24,7967,"dependent"
24,7968,"dependent"
22,7969,"dependent"
18,7970,"dependent"
16,7971,"dependent"
18,7972,"dependent"
26,7973,"dependent"
24,7974,"dependent"
20,7975,"dependent"
16,7976,"dependent"
22,7977,"dependent"
20,7978,"dependent"
28,7979,"dependent"
22,7980,"dependent"
20,7981,"dependent"
20,7982,"dependent"
18,7983,"dependent"
18,7984,"dependent"
22,7985,"dependent"
22,7986,"dependent"
24,7987,"dependent"
18,7988,"dependent"
22,7989,"dependent"
26,7990,"dependent"
18,7991,"dependent"
16,7992,"dependent"
18,7993,"dependent"
20,7994,"dependent"
22,7995,"dependent"
18,7996,"dependent"
22,7997,"dependent"
16,7998,"dependent"
26,7999,"dependent"
10,8000,"dependent"
18,8001,"dependent"
18,8002,"dependent"
14,8003,"dependent"
26,8004,"dependent"
24,8005,"dependent"
14,8006,"dependent"
20,8007,"dependent"
24,8008,"dependent"
20,8009,"dependent"
24,8010,"dependent"
20,8011,"dependent"
12,8012,"dependent"
24,8013,"dependent"
14,8014,"dependent"
20,8015,"dependent"
26,8016,"dependent"
22,8017,"dependent"
22,8018,"dependent"
20,8019,"dependent"
16,8020,"dependent"
20,8021,"dependent"
18,8022,"dependent"
18,8023,"dependent"
16,8024,"dependent"
26,8025,"dependent"
22,8026,"dependent"
22,8027,"dependent"
24,8028,"dependent"
24,8029,"dependent"
22,8030,"dependent"
26,8031,"dependent"
20,8032,"dependent"
18,8033,"dependent"
22,8034,"dependent"
16,8035,"dependent"
20,8036,"dependent"
24,8037,"dependent"
24,8038,"dependent"
20,8039,"dependent"
20,8040,"dependent"
24,8041,"dependent"
20,8042,"dependent"
24,8043,"dependent"
16,8044,"dependent"
18,8045,"dependent"
18,8046,"dependent"
20,8047,"dependent"
18,8048,"dependent"
22,8049,"dependent"
14,8050,"dependent"
22,8051,"dependent"
18,8052,"dependent"
22,8053,"dependent"
20,8054,"dependent"
22,8055,"dependent"
18,8056,"dependent"
20,8057,"dependent"
26,8058,"dependent"
20,8059,"dependent"
24,8060,"dependent"
24,8061,"dependent"
30,8062,"dependent"
20,8063,"dependent"
18,8064,"dependent"
16,8065,"dependent"
16,8066,"dependent"
22,8067,"dependent"
18,8068,"dependent"
20,8069,"dependent"
16,8070,"dependent"
16,8071,"dependent"
18,8072,"dependent"
26,8073,"dependent"
20,8074,"dependent"
22,8075,"dependent"
24,8076,"dependent"
22,8077,"dependent"
18,8078,"dependent"
16,8079,"dependent"
20,8080,"dependent"
16,8081,"dependent"
20,8082,"dependent"
20,8083,"dependent"
20,8084,"dependent"
20,8085,"dependent"
20,8086,"dependent"
18,8087,"dependent"
20,8088,"dependent"
20,8089,"dependent"
24,8090,"dependent"
24,8091,"dependent"
24,8092,"dependent"
22,8093,"dependent"
24,8094,"dependent"
20,8095,"dependent"
18,8096,"dependent"
14,8097,"dependent"
20,8098,"dependent"
22,8099,"dependent"
24,8100,"dependent"
18,8101,"dependent"
22,8102,"dependent"
24,8103,"dependent"
18,8104,"dependent"
12,8105,"dependent"
20,8106,"dependent"
18,8107,"dependent"
18,8108,"dependent"
22,8109,"dependent"
22,8110,"dependent"
20,8111,"dependent"
26,8112,"dependent"
22,8113,"dependent"
16,8114,"dependent"
24,8115,"dependent"
20,8116,"dependent"
22,8117,"dependent"
22,8118,"dependent"
20,8119,"dependent"
20,8120,"dependent"
24,8121,"dependent"
14,8122,"dependent"
20,8123,"dependent"
20,8124,"dependent"
24,8125,"dependent"
14,8126,"dependent"
20,8127,"dependent"
20,8128,"dependent"
24,8129,"dependent"
20,8130,"dependent"
22,8131,"dependent"
24,8132,"dependent"
20,8133,"dependent"
18,8134,"dependent"
14,8135,"dependent"
26,8136,"dependent"
24,8137,"dependent"
16,8138,"dependent"
24,8139,"dependent"
24,8140,"dependent"
22,8141,"dependent"
22,8142,"dependent"
16,8143,"dependent"
16,8144,"dependent"
22,8145,"dependent"
24,8146,"dependent"
24,8147,"dependent"
18,8148,"dependent"
12,8149,"dependent"
16,8150,"dependent"
22,8151,"dependent"
16,8152,"dependent"
24,8153,"dependent"
18,8154,"dependent"
16,8155,"dependent"
20,8156,"dependent"
26,8157,"dependent"
24,8158,"dependent"
20,8159,"dependent"
20,8160,"dependent"
16,8161,"dependent"
20,8162,"dependent"
16,8163,"dependent"
26,8164,"dependent"
20,8165,"dependent"
16,8166,"dependent"
20,8167,"dependent"
24,8168,"dependent"
22,8169,"dependent"
20,8170,"dependent"
14,8171,"dependent"
18,8172,"dependent"
18,8173,"dependent"
18,8174,"dependent"
24,8175,"dependent"
16,8176,"dependent"
24,8177,"dependent"
22,8178,"dependent"
22,8179,"dependent"
22,8180,"dependent"
24,8181,"dependent"
20,8182,"dependent"
18,8183,"dependent"
20,8184,"dependent"
18,8185,"dependent"
18,8186,"dependent"
28,8187,"dependent"
24,8188,"dependent"
20,8189,"dependent"
20,8190,"dependent"
22,8191,"dependent"
20,8192,"dependent"
26,8193,"dependent"
26,8194,"dependent"
16,8195,"dependent"
20,8196,"dependent"
24,8197,"dependent"
20,8198,"dependent"
22,8199,"dependent"
22,8200,"dependent"
24,8201,"dependent"
22,8202,"dependent"
16,8203,"dependent"
24,8204,"dependent"
10,8205,"dependent"
20,8206,"dependent"
16,8207,"dependent"
22,8208,"dependent"
14,8209,"dependent"
22,8210,"dependent"
26,8211,"dependent"
20,8212,"dependent"
22,8213,"dependent"
20,8214,"dependent"
20,8215,"dependent"
14,8216,"dependent"
20,8217,"dependent"
16,8218,"dependent"
20,8219,"dependent"
14,8220,"dependent"
22,8221,"dependent"
20,8222,"dependent"
16,8223,"dependent"
20,8224,"dependent"
18,8225,"dependent"
22,8226,"dependent"
20,8227,"dependent"
16,8228,"dependent"
20,8229,"dependent"
20,8230,"dependent"
20,8231,"dependent"
22,8232,"dependent"
24,8233,"dependent"
22,8234,"dependent"
20,8235,"dependent"
24,8236,"dependent"
20,8237,"dependent"
22,8238,"dependent"
22,8239,"dependent"
18,8240,"dependent"
24,8241,"dependent"
24,8242,"dependent"
16,8243,"dependent"
22,8244,"dependent"
22,8245,"dependent"
18,8246,"dependent"
18,8247,"dependent"
18,8248,"dependent"
14,8249,"dependent"
10,8250,"dependent"
20,8251,"dependent"
20,8252,"dependent"
24,8253,"dependent"
22,8254,"dependent"
22,8255,"dependent"
18,8256,"dependent"
20,8257,"dependent"
26,8258,"dependent"
24,8259,"dependent"
20,8260,"dependent"
18,8261,"dependent"
24,8262,"dependent"
22,8263,"dependent"
20,8264,"dependent"
16,8265,"dependent"
18,8266,"dependent"
24,8267,"dependent"
22,8268,"dependent"
24,8269,"dependent"
22,8270,"dependent"
22,8271,"dependent"
16,8272,"dependent"
22,8273,"dependent"
18,8274,"dependent"
26,8275,"dependent"
12,8276,"dependent"
18,8277,"dependent"
18,8278,"dependent"
18,8279,"dependent"
20,8280,"dependent"
22,8281,"dependent"
26,8282,"dependent"
18,8283,"dependent"
22,8284,"dependent"
22,8285,"dependent"
22,8286,"dependent"
18,8287,"dependent"
24,8288,"dependent"
22,8289,"dependent"
18,8290,"dependent"
26,8291,"dependent"
20,8292,"dependent"
22,8293,"dependent"
16,8294,"dependent"
24,8295,"dependent"
22,8296,"dependent"
22,8297,"dependent"
16,8298,"dependent"
26,8299,"dependent"
22,8300,"dependent"
22,8301,"dependent"
22,8302,"dependent"
18,8303,"dependent"
22,8304,"dependent"
24,8305,"dependent"
28,8306,"dependent"
14,8307,"dependent"
22,8308,"dependent"
24,8309,"dependent"
18,8310,"dependent"
22,8311,"dependent"
24,8312,"dependent"
22,8313,"dependent"
16,8314,"dependent"
16,8315,"dependent"
22,8316,"dependent"
24,8317,"dependent"
20,8318,"dependent"
16,8319,"dependent"
22,8320,"dependent"
20,8321,"dependent"
20,8322,"dependent"
20,8323,"dependent"
18,8324,"dependent"
18,8325,"dependent"
18,8326,"dependent"
24,8327,"dependent"
24,8328,"dependent"
22,8329,"dependent"
26,8330,"dependent"
20,8331,"dependent"
18,8332,"dependent"
26,8333,"dependent"
22,8334,"dependent"
16,8335,"dependent"
22,8336,"dependent"
20,8337,"dependent"
16,8338,"dependent"
22,8339,"dependent"
24,8340,"dependent"
18,8341,"dependent"
24,8342,"dependent"
18,8343,"dependent"
16,8344,"dependent"
22,8345,"dependent"
22,8346,"dependent"
26,8347,"dependent"
20,8348,"dependent"
20,8349,"dependent"
22,8350,"dependent"
14,8351,"dependent"
8,8352,"dependent"
18,8353,"dependent"
24,8354,"dependent"
20,8355,"dependent"
20,8356,"dependent"
24,8357,"dependent"
24,8358,"dependent"
22,8359,"dependent"
20,8360,"dependent"
16,8361,"dependent"
24,8362,"dependent"
24,8363,"dependent"
26,8364,"dependent"
24,8365,"dependent"
20,8366,"dependent"
14,8367,"dependent"
22,8368,"dependent"
16,8369,"dependent"
16,8370,"dependent"
16,8371,"dependent"
18,8372,"dependent"
20,8373,"dependent"
22,8374,"dependent"
24,8375,"dependent"
18,8376,"dependent"
22,8377,"dependent"
18,8378,"dependent"
18,8379,"dependent"
16,8380,"dependent"
20,8381,"dependent"
22,8382,"dependent"
22,8383,"dependent"
20,8384,"dependent"
20,8385,"dependent"
18,8386,"dependent"
22,8387,"dependent"
24,8388,"dependent"
26,8389,"dependent"
20,8390,"dependent"
20,8391,"dependent"
24,8392,"dependent"
24,8393,"dependent"
24,8394,"dependent"
22,8395,"dependent"
22,8396,"dependent"
26,8397,"dependent"
22,8398,"dependent"
22,8399,"dependent"
20,8400,"dependent"
26,8401,"dependent"
20,8402,"dependent"
20,8403,"dependent"
16,8404,"dependent"
22,8405,"dependent"
24,8406,"dependent"
22,8407,"dependent"
22,8408,"dependent"
24,8409,"dependent"
18,8410,"dependent"
24,8411,"dependent"
20,8412,"dependent"
26,8413,"dependent"
20,8414,"dependent"
18,8415,"dependent"
24,8416,"dependent"
24,8417,"dependent"
18,8418,"dependent"
26,8419,"dependent"
22,8420,"dependent"
20,8421,"dependent"
22,8422,"dependent"
16,8423,"dependent"
20,8424,"dependent"
20,8425,"dependent"
22,8426,"dependent"
16,8427,"dependent"
20,8428,"dependent"
22,8429,"dependent"
22,8430,"dependent"
22,8431,"dependent"
18,8432,"dependent"
14,8433,"dependent"
18,8434,"dependent"
16,8435,"dependent"
22,8436,"dependent"
18,8437,"dependent"
22,8438,"dependent"
14,8439,"dependent"
22,8440,"dependent"
22,8441,"dependent"
20,8442,"dependent"
14,8443,"dependent"
20,8444,"dependent"
18,8445,"dependent"
18,8446,"dependent"
20,8447,"dependent"
22,8448,"dependent"
22,8449,"dependent"
8,8450,"dependent"
22,8451,"dependent"
20,8452,"dependent"
22,8453,"dependent"
20,8454,"dependent"
20,8455,"dependent"
22,8456,"dependent"
24,8457,"dependent"
18,8458,"dependent"
16,8459,"dependent"
20,8460,"dependent"
24,8461,"dependent"
16,8462,"dependent"
20,8463,"dependent"
20,8464,"dependent"
28,8465,"dependent"
22,8466,"dependent"
18,8467,"dependent"
26,8468,"dependent"
18,8469,"dependent"
18,8470,"dependent"
16,8471,"dependent"
22,8472,"dependent"
22,8473,"dependent"
18,8474,"dependent"
20,8475,"dependent"
16,8476,"dependent"
20,8477,"dependent"
22,8478,"dependent"
16,8479,"dependent"
20,8480,"dependent"
20,8481,"dependent"
18,8482,"dependent"
26,8483,"dependent"
24,8484,"dependent"
20,8485,"dependent"
18,8486,"dependent"
22,8487,"dependent"
22,8488,"dependent"
20,8489,"dependent"
20,8490,"dependent"
14,8491,"dependent"
22,8492,"dependent"
24,8493,"dependent"
20,8494,"dependent"
20,8495,"dependent"
26,8496,"dependent"
20,8497,"dependent"
22,8498,"dependent"
24,8499,"dependent"
24,8500,"dependent"
26,8501,"dependent"
24,8502,"dependent"
18,8503,"dependent"
24,8504,"dependent"
16,8505,"dependent"
26,8506,"dependent"
18,8507,"dependent"
20,8508,"dependent"
16,8509,"dependent"
28,8510,"dependent"
14,8511,"dependent"
20,8512,"dependent"
20,8513,"dependent"
16,8514,"dependent"
24,8515,"dependent"
26,8516,"dependent"
22,8517,"dependent"
22,8518,"dependent"
26,8519,"dependent"
20,8520,"dependent"
20,8521,"dependent"
20,8522,"dependent"
16,8523,"dependent"
22,8524,"dependent"
22,8525,"dependent"
22,8526,"dependent"
22,8527,"dependent"
16,8528,"dependent"
14,8529,"dependent"
18,8530,"dependent"
22,8531,"dependent"
20,8532,"dependent"
14,8533,"dependent"
22,8534,"dependent"
16,8535,"dependent"
20,8536,"dependent"
22,8537,"dependent"
22,8538,"dependent"
22,8539,"dependent"
18,8540,"dependent"
20,8541,"dependent"
14,8542,"dependent"
22,8543,"dependent"
20,8544,"dependent"
20,8545,"dependent"
24,8546,"dependent"
16,8547,"dependent"
22,8548,"dependent"
24,8549,"dependent"
20,8550,"dependent"
18,8551,"dependent"
18,8552,"dependent"
24,8553,"dependent"
20,8554,"dependent"
18,8555,"dependent"
22,8556,"dependent"
24,8557,"dependent"
16,8558,"dependent"
18,8559,"dependent"
22,8560,"dependent"
24,8561,"dependent"
22,8562,"dependent"
24,8563,"dependent"
20,8564,"dependent"
20,8565,"dependent"
24,8566,"dependent"
22,8567,"dependent"
20,8568,"dependent"
22,8569,"dependent"
14,8570,"dependent"
22,8571,"dependent"
18,8572,"dependent"
22,8573,"dependent"
22,8574,"dependent"
22,8575,"dependent"
20,8576,"dependent"
20,8577,"dependent"
26,8578,"dependent"
18,8579,"dependent"
18,8580,"dependent"
20,8581,"dependent"
22,8582,"dependent"
22,8583,"dependent"
24,8584,"dependent"
20,8585,"dependent"
18,8586,"dependent"
16,8587,"dependent"
12,8588,"dependent"
22,8589,"dependent"
24,8590,"dependent"
24,8591,"dependent"
20,8592,"dependent"
22,8593,"dependent"
18,8594,"dependent"
24,8595,"dependent"
22,8596,"dependent"
18,8597,"dependent"
16,8598,"dependent"
26,8599,"dependent"
14,8600,"dependent"
20,8601,"dependent"
24,8602,"dependent"
26,8603,"dependent"
20,8604,"dependent"
24,8605,"dependent"
20,8606,"dependent"
16,8607,"dependent"
20,8608,"dependent"
18,8609,"dependent"
22,8610,"dependent"
18,8611,"dependent"
22,8612,"dependent"
18,8613,"dependent"
22,8614,"dependent"
16,8615,"dependent"
16,8616,"dependent"
18,8617,"dependent"
26,8618,"dependent"
20,8619,"dependent"
18,8620,"dependent"
24,8621,"dependent"
24,8622,"dependent"
22,8623,"dependent"
26,8624,"dependent"
26,8625,"dependent"
24,8626,"dependent"
18,8627,"dependent"
16,8628,"dependent"
26,8629,"dependent"
24,8630,"dependent"
22,8631,"dependent"
24,8632,"dependent"
22,8633,"dependent"
18,8634,"dependent"
18,8635,"dependent"
22,8636,"dependent"
18,8637,"dependent"
14,8638,"dependent"
16,8639,"dependent"
18,8640,"dependent"
18,8641,"dependent"
16,8642,"dependent"
16,8643,"dependent"
22,8644,"dependent"
18,8645,"dependent"
24,8646,"dependent"
20,8647,"dependent"
28,8648,"dependent"
24,8649,"dependent"
24,8650,"dependent"
26,8651,"dependent"
28,8652,"dependent"
20,8653,"dependent"
26,8654,"dependent"
22,8655,"dependent"
22,8656,"dependent"
22,8657,"dependent"
20,8658,"dependent"
20,8659,"dependent"
16,8660,"dependent"
26,8661,"dependent"
16,8662,"dependent"
18,8663,"dependent"
20,8664,"dependent"
26,8665,"dependent"
28,8666,"dependent"
20,8667,"dependent"
16,8668,"dependent"
22,8669,"dependent"
20,8670,"dependent"
20,8671,"dependent"
24,8672,"dependent"
24,8673,"dependent"
20,8674,"dependent"
20,8675,"dependent"
18,8676,"dependent"
20,8677,"dependent"
22,8678,"dependent"
22,8679,"dependent"
14,8680,"dependent"
18,8681,"dependent"
24,8682,"dependent"
22,8683,"dependent"
20,8684,"dependent"
18,8685,"dependent"
26,8686,"dependent"
24,8687,"dependent"
24,8688,"dependent"
18,8689,"dependent"
22,8690,"dependent"
24,8691,"dependent"
20,8692,"dependent"
18,8693,"dependent"
20,8694,"dependent"
22,8695,"dependent"
24,8696,"dependent"
28,8697,"dependent"
16,8698,"dependent"
26,8699,"dependent"
16,8700,"dependent"
18,8701,"dependent"
24,8702,"dependent"
18,8703,"dependent"
20,8704,"dependent"
20,8705,"dependent"
22,8706,"dependent"
24,8707,"dependent"
22,8708,"dependent"
16,8709,"dependent"
20,8710,"dependent"
20,8711,"dependent"
20,8712,"dependent"
24,8713,"dependent"
20,8714,"dependent"
16,8715,"dependent"
16,8716,"dependent"
18,8717,"dependent"
22,8718,"dependent"
16,8719,"dependent"
24,8720,"dependent"
20,8721,"dependent"
22,8722,"dependent"
18,8723,"dependent"
24,8724,"dependent"
20,8725,"dependent"
24,8726,"dependent"
18,8727,"dependent"
18,8728,"dependent"
22,8729,"dependent"
14,8730,"dependent"
20,8731,"dependent"
16,8732,"dependent"
20,8733,"dependent"
22,8734,"dependent"
16,8735,"dependent"
22,8736,"dependent"
22,8737,"dependent"
18,8738,"dependent"
20,8739,"dependent"
18,8740,"dependent"
16,8741,"dependent"
18,8742,"dependent"
22,8743,"dependent"
24,8744,"dependent"
16,8745,"dependent"
20,8746,"dependent"
22,8747,"dependent"
20,8748,"dependent"
18,8749,"dependent"
24,8750,"dependent"
20,8751,"dependent"
28,8752,"dependent"
20,8753,"dependent"
20,8754,"dependent"
18,8755,"dependent"
22,8756,"dependent"
14,8757,"dependent"
20,8758,"dependent"
24,8759,"dependent"
22,8760,"dependent"
22,8761,"dependent"
22,8762,"dependent"
18,8763,"dependent"
16,8764,"dependent"
24,8765,"dependent"
22,8766,"dependent"
18,8767,"dependent"
18,8768,"dependent"
22,8769,"dependent"
28,8770,"dependent"
20,8771,"dependent"
20,8772,"dependent"
16,8773,"dependent"
24,8774,"dependent"
22,8775,"dependent"
12,8776,"dependent"
18,8777,"dependent"
22,8778,"dependent"
26,8779,"dependent"
28,8780,"dependent"
26,8781,"dependent"
24,8782,"dependent"
20,8783,"dependent"
22,8784,"dependent"
18,8785,"dependent"
18,8786,"dependent"
22,8787,"dependent"
18,8788,"dependent"
18,8789,"dependent"
24,8790,"dependent"
20,8791,"dependent"
20,8792,"dependent"
22,8793,"dependent"
22,8794,"dependent"
24,8795,"dependent"
24,8796,"dependent"
18,8797,"dependent"
16,8798,"dependent"
14,8799,"dependent"
24,8800,"dependent"
18,8801,"dependent"
16,8802,"dependent"
22,8803,"dependent"
24,8804,"dependent"
22,8805,"dependent"
20,8806,"dependent"
22,8807,"dependent"
22,8808,"dependent"
16,8809,"dependent"
22,8810,"dependent"
20,8811,"dependent"
24,8812,"dependent"
22,8813,"dependent"
18,8814,"dependent"
22,8815,"dependent"
24,8816,"dependent"
24,8817,"dependent"
20,8818,"dependent"
18,8819,"dependent"
20,8820,"dependent"
20,8821,"dependent"
22,8822,"dependent"
22,8823,"dependent"
16,8824,"dependent"
26,8825,"dependent"
22,8826,"dependent"
20,8827,"dependent"
22,8828,"dependent"
18,8829,"dependent"
24,8830,"dependent"
22,8831,"dependent"
22,8832,"dependent"
24,8833,"dependent"
22,8834,"dependent"
22,8835,"dependent"
24,8836,"dependent"
22,8837,"dependent"
14,8838,"dependent"
22,8839,"dependent"
26,8840,"dependent"
20,8841,"dependent"
22,8842,"dependent"
20,8843,"dependent"
20,8844,"dependent"
12,8845,"dependent"
22,8846,"dependent"
18,8847,"dependent"
24,8848,"dependent"
24,8849,"dependent"
20,8850,"dependent"
20,8851,"dependent"
24,8852,"dependent"
20,8853,"dependent"
22,8854,"dependent"
18,8855,"dependent"
16,8856,"dependent"
18,8857,"dependent"
24,8858,"dependent"
24,8859,"dependent"
16,8860,"dependent"
22,8861,"dependent"
14,8862,"dependent"
20,8863,"dependent"
16,8864,"dependent"
22,8865,"dependent"
20,8866,"dependent"
22,8867,"dependent"
24,8868,"dependent"
22,8869,"dependent"
20,8870,"dependent"
16,8871,"dependent"
26,8872,"dependent"
18,8873,"dependent"
18,8874,"dependent"
24,8875,"dependent"
20,8876,"dependent"
22,8877,"dependent"
18,8878,"dependent"
12,8879,"dependent"
10,8880,"dependent"
20,8881,"dependent"
22,8882,"dependent"
20,8883,"dependent"
20,8884,"dependent"
20,8885,"dependent"
18,8886,"dependent"
18,8887,"dependent"
14,8888,"dependent"
16,8889,"dependent"
18,8890,"dependent"
12,8891,"dependent"
16,8892,"dependent"
16,8893,"dependent"
26,8894,"dependent"
26,8895,"dependent"
20,8896,"dependent"
24,8897,"dependent"
16,8898,"dependent"
16,8899,"dependent"
22,8900,"dependent"
22,8901,"dependent"
20,8902,"dependent"
24,8903,"dependent"
20,8904,"dependent"
20,8905,"dependent"
16,8906,"dependent"
14,8907,"dependent"
18,8908,"dependent"
22,8909,"dependent"
22,8910,"dependent"
22,8911,"dependent"
18,8912,"dependent"
12,8913,"dependent"
18,8914,"dependent"
26,8915,"dependent"
18,8916,"dependent"
20,8917,"dependent"
16,8918,"dependent"
20,8919,"dependent"
16,8920,"dependent"
18,8921,"dependent"
20,8922,"dependent"
18,8923,"dependent"
18,8924,"dependent"
26,8925,"dependent"
20,8926,"dependent"
16,8927,"dependent"
24,8928,"dependent"
22,8929,"dependent"
22,8930,"dependent"
24,8931,"dependent"
22,8932,"dependent"
20,8933,"dependent"
16,8934,"dependent"
22,8935,"dependent"
24,8936,"dependent"
20,8937,"dependent"
22,8938,"dependent"
24,8939,"dependent"
20,8940,"dependent"
18,8941,"dependent"
20,8942,"dependent"
14,8943,"dependent"
20,8944,"dependent"
22,8945,"dependent"
20,8946,"dependent"
22,8947,"dependent"
24,8948,"dependent"
16,8949,"dependent"
20,8950,"dependent"
16,8951,"dependent"
22,8952,"dependent"
20,8953,"dependent"
16,8954,"dependent"
18,8955,"dependent"
20,8956,"dependent"
24,8957,"dependent"
24,8958,"dependent"
20,8959,"dependent"
18,8960,"dependent"
14,8961,"dependent"
20,8962,"dependent"
24,8963,"dependent"
18,8964,"dependent"
22,8965,"dependent"
20,8966,"dependent"
16,8967,"dependent"
20,8968,"dependent"
20,8969,"dependent"
20,8970,"dependent"
24,8971,"dependent"
16,8972,"dependent"
24,8973,"dependent"
20,8974,"dependent"
20,8975,"dependent"
16,8976,"dependent"
16,8977,"dependent"
26,8978,"dependent"
20,8979,"dependent"
20,8980,"dependent"
24,8981,"dependent"
24,8982,"dependent"
20,8983,"dependent"
14,8984,"dependent"
20,8985,"dependent"
20,8986,"dependent"
22,8987,"dependent"
20,8988,"dependent"
18,8989,"dependent"
22,8990,"dependent"
20,8991,"dependent"
20,8992,"dependent"
22,8993,"dependent"
18,8994,"dependent"
18,8995,"dependent"
22,8996,"dependent"
18,8997,"dependent"
22,8998,"dependent"
28,8999,"dependent"
16,9000,"dependent"
18,9001,"dependent"
