"RF","tree_id","dataset"
6,1,"independent"
4,2,"independent"
6,3,"independent"
6,4,"independent"
2,5,"independent"
12,6,"independent"
10,7,"independent"
10,8,"independent"
8,9,"independent"
8,10,"independent"
6,11,"independent"
6,12,"independent"
6,13,"independent"
6,14,"independent"
6,15,"independent"
6,16,"independent"
4,17,"independent"
8,18,"independent"
8,19,"independent"
14,20,"independent"
6,21,"independent"
10,22,"independent"
10,23,"independent"
6,24,"independent"
8,25,"independent"
6,26,"independent"
8,27,"independent"
10,28,"independent"
8,29,"independent"
10,30,"independent"
12,31,"independent"
8,32,"independent"
8,33,"independent"
10,34,"independent"
6,35,"independent"
4,36,"independent"
8,37,"independent"
2,38,"independent"
6,39,"independent"
8,40,"independent"
12,41,"independent"
6,42,"independent"
6,43,"independent"
10,44,"independent"
10,45,"independent"
10,46,"independent"
14,47,"independent"
6,48,"independent"
8,49,"independent"
4,50,"independent"
6,51,"independent"
6,52,"independent"
10,53,"independent"
8,54,"independent"
6,55,"independent"
6,56,"independent"
8,57,"independent"
8,58,"independent"
0,59,"independent"
12,60,"independent"
10,61,"independent"
8,62,"independent"
8,63,"independent"
6,64,"independent"
8,65,"independent"
8,66,"independent"
8,67,"independent"
6,68,"independent"
8,69,"independent"
6,70,"independent"
10,71,"independent"
6,72,"independent"
6,73,"independent"
4,74,"independent"
6,75,"independent"
6,76,"independent"
6,77,"independent"
8,78,"independent"
8,79,"independent"
8,80,"independent"
10,81,"independent"
4,82,"independent"
10,83,"independent"
10,84,"independent"
8,85,"independent"
8,86,"independent"
8,87,"independent"
12,88,"independent"
6,89,"independent"
8,90,"independent"
6,91,"independent"
8,92,"independent"
6,93,"independent"
8,94,"independent"
4,95,"independent"
6,96,"independent"
8,97,"independent"
10,98,"independent"
8,99,"independent"
12,100,"independent"
8,101,"independent"
6,102,"independent"
12,103,"independent"
8,104,"independent"
10,105,"independent"
6,106,"independent"
8,107,"independent"
12,108,"independent"
10,109,"independent"
10,110,"independent"
6,111,"independent"
10,112,"independent"
8,113,"independent"
10,114,"independent"
6,115,"independent"
6,116,"independent"
8,117,"independent"
10,118,"independent"
12,119,"independent"
8,120,"independent"
8,121,"independent"
6,122,"independent"
4,123,"independent"
12,124,"independent"
8,125,"independent"
12,126,"independent"
8,127,"independent"
8,128,"independent"
10,129,"independent"
10,130,"independent"
12,131,"independent"
4,132,"independent"
8,133,"independent"
8,134,"independent"
8,135,"independent"
12,136,"independent"
8,137,"independent"
6,138,"independent"
8,139,"independent"
10,140,"independent"
8,141,"independent"
10,142,"independent"
6,143,"independent"
8,144,"independent"
8,145,"independent"
8,146,"independent"
8,147,"independent"
8,148,"independent"
12,149,"independent"
6,150,"independent"
10,151,"independent"
8,152,"independent"
12,153,"independent"
8,154,"independent"
6,155,"independent"
4,156,"independent"
10,157,"independent"
4,158,"independent"
12,159,"independent"
10,160,"independent"
6,161,"independent"
14,162,"independent"
10,163,"independent"
10,164,"independent"
6,165,"independent"
6,166,"independent"
8,167,"independent"
10,168,"independent"
8,169,"independent"
12,170,"independent"
8,171,"independent"
12,172,"independent"
6,173,"independent"
14,174,"independent"
6,175,"independent"
6,176,"independent"
8,177,"independent"
10,178,"independent"
10,179,"independent"
4,180,"independent"
12,181,"independent"
14,182,"independent"
6,183,"independent"
8,184,"independent"
4,185,"independent"
8,186,"independent"
10,187,"independent"
14,188,"independent"
8,189,"independent"
10,190,"independent"
12,191,"independent"
10,192,"independent"
8,193,"independent"
6,194,"independent"
6,195,"independent"
6,196,"independent"
4,197,"independent"
4,198,"independent"
8,199,"independent"
8,200,"independent"
10,201,"independent"
8,202,"independent"
8,203,"independent"
6,204,"independent"
8,205,"independent"
10,206,"independent"
8,207,"independent"
12,208,"independent"
8,209,"independent"
10,210,"independent"
10,211,"independent"
8,212,"independent"
6,213,"independent"
8,214,"independent"
10,215,"independent"
8,216,"independent"
8,217,"independent"
8,218,"independent"
6,219,"independent"
10,220,"independent"
8,221,"independent"
10,222,"independent"
8,223,"independent"
6,224,"independent"
10,225,"independent"
8,226,"independent"
10,227,"independent"
6,228,"independent"
8,229,"independent"
6,230,"independent"
10,231,"independent"
8,232,"independent"
12,233,"independent"
10,234,"independent"
8,235,"independent"
10,236,"independent"
4,237,"independent"
10,238,"independent"
6,239,"independent"
4,240,"independent"
8,241,"independent"
6,242,"independent"
8,243,"independent"
8,244,"independent"
0,245,"independent"
12,246,"independent"
6,247,"independent"
10,248,"independent"
8,249,"independent"
8,250,"independent"
12,251,"independent"
8,252,"independent"
6,253,"independent"
6,254,"independent"
14,255,"independent"
10,256,"independent"
8,257,"independent"
8,258,"independent"
12,259,"independent"
10,260,"independent"
8,261,"independent"
6,262,"independent"
6,263,"independent"
4,264,"independent"
8,265,"independent"
8,266,"independent"
4,267,"independent"
6,268,"independent"
8,269,"independent"
8,270,"independent"
6,271,"independent"
8,272,"independent"
8,273,"independent"
8,274,"independent"
10,275,"independent"
8,276,"independent"
4,277,"independent"
8,278,"independent"
8,279,"independent"
8,280,"independent"
6,281,"independent"
6,282,"independent"
10,283,"independent"
12,284,"independent"
6,285,"independent"
6,286,"independent"
12,287,"independent"
8,288,"independent"
6,289,"independent"
8,290,"independent"
6,291,"independent"
10,292,"independent"
10,293,"independent"
8,294,"independent"
14,295,"independent"
10,296,"independent"
10,297,"independent"
10,298,"independent"
8,299,"independent"
2,300,"independent"
6,301,"independent"
10,302,"independent"
10,303,"independent"
10,304,"independent"
12,305,"independent"
10,306,"independent"
12,307,"independent"
6,308,"independent"
6,309,"independent"
8,310,"independent"
8,311,"independent"
2,312,"independent"
10,313,"independent"
16,314,"independent"
14,315,"independent"
10,316,"independent"
6,317,"independent"
2,318,"independent"
12,319,"independent"
10,320,"independent"
4,321,"independent"
4,322,"independent"
10,323,"independent"
8,324,"independent"
8,325,"independent"
6,326,"independent"
10,327,"independent"
6,328,"independent"
8,329,"independent"
14,330,"independent"
8,331,"independent"
6,332,"independent"
6,333,"independent"
8,334,"independent"
8,335,"independent"
8,336,"independent"
10,337,"independent"
6,338,"independent"
10,339,"independent"
4,340,"independent"
6,341,"independent"
6,342,"independent"
6,343,"independent"
8,344,"independent"
8,345,"independent"
10,346,"independent"
8,347,"independent"
14,348,"independent"
10,349,"independent"
6,350,"independent"
6,351,"independent"
10,352,"independent"
6,353,"independent"
4,354,"independent"
10,355,"independent"
4,356,"independent"
8,357,"independent"
8,358,"independent"
10,359,"independent"
10,360,"independent"
8,361,"independent"
12,362,"independent"
6,363,"independent"
10,364,"independent"
14,365,"independent"
8,366,"independent"
8,367,"independent"
10,368,"independent"
6,369,"independent"
10,370,"independent"
8,371,"independent"
2,372,"independent"
8,373,"independent"
0,374,"independent"
6,375,"independent"
6,376,"independent"
10,377,"independent"
6,378,"independent"
6,379,"independent"
8,380,"independent"
10,381,"independent"
6,382,"independent"
12,383,"independent"
10,384,"independent"
10,385,"independent"
6,386,"independent"
6,387,"independent"
6,388,"independent"
6,389,"independent"
2,390,"independent"
6,391,"independent"
8,392,"independent"
10,393,"independent"
8,394,"independent"
6,395,"independent"
8,396,"independent"
14,397,"independent"
8,398,"independent"
10,399,"independent"
6,400,"independent"
8,401,"independent"
8,402,"independent"
12,403,"independent"
8,404,"independent"
6,405,"independent"
12,406,"independent"
8,407,"independent"
6,408,"independent"
8,409,"independent"
8,410,"independent"
8,411,"independent"
12,412,"independent"
6,413,"independent"
6,414,"independent"
6,415,"independent"
12,416,"independent"
14,417,"independent"
8,418,"independent"
8,419,"independent"
4,420,"independent"
10,421,"independent"
8,422,"independent"
10,423,"independent"
6,424,"independent"
6,425,"independent"
10,426,"independent"
10,427,"independent"
6,428,"independent"
4,429,"independent"
4,430,"independent"
4,431,"independent"
10,432,"independent"
12,433,"independent"
6,434,"independent"
8,435,"independent"
10,436,"independent"
6,437,"independent"
6,438,"independent"
4,439,"independent"
4,440,"independent"
6,441,"independent"
8,442,"independent"
8,443,"independent"
4,444,"independent"
10,445,"independent"
6,446,"independent"
8,447,"independent"
10,448,"independent"
6,449,"independent"
12,450,"independent"
6,451,"independent"
6,452,"independent"
2,453,"independent"
10,454,"independent"
12,455,"independent"
6,456,"independent"
12,457,"independent"
12,458,"independent"
8,459,"independent"
6,460,"independent"
8,461,"independent"
6,462,"independent"
4,463,"independent"
14,464,"independent"
12,465,"independent"
8,466,"independent"
10,467,"independent"
10,468,"independent"
8,469,"independent"
2,470,"independent"
8,471,"independent"
10,472,"independent"
2,473,"independent"
6,474,"independent"
6,475,"independent"
4,476,"independent"
6,477,"independent"
6,478,"independent"
12,479,"independent"
4,480,"independent"
10,481,"independent"
6,482,"independent"
4,483,"independent"
4,484,"independent"
8,485,"independent"
8,486,"independent"
10,487,"independent"
12,488,"independent"
10,489,"independent"
8,490,"independent"
10,491,"independent"
4,492,"independent"
4,493,"independent"
8,494,"independent"
12,495,"independent"
10,496,"independent"
10,497,"independent"
8,498,"independent"
8,499,"independent"
8,500,"independent"
10,501,"independent"
6,502,"independent"
10,503,"independent"
6,504,"independent"
8,505,"independent"
12,506,"independent"
6,507,"independent"
12,508,"independent"
2,509,"independent"
14,510,"independent"
10,511,"independent"
6,512,"independent"
8,513,"independent"
4,514,"independent"
8,515,"independent"
8,516,"independent"
6,517,"independent"
8,518,"independent"
4,519,"independent"
6,520,"independent"
6,521,"independent"
2,522,"independent"
10,523,"independent"
8,524,"independent"
8,525,"independent"
6,526,"independent"
6,527,"independent"
8,528,"independent"
8,529,"independent"
8,530,"independent"
2,531,"independent"
10,532,"independent"
2,533,"independent"
10,534,"independent"
8,535,"independent"
8,536,"independent"
8,537,"independent"
4,538,"independent"
8,539,"independent"
8,540,"independent"
6,541,"independent"
8,542,"independent"
10,543,"independent"
12,544,"independent"
10,545,"independent"
10,546,"independent"
8,547,"independent"
8,548,"independent"
14,549,"independent"
8,550,"independent"
6,551,"independent"
8,552,"independent"
8,553,"independent"
8,554,"independent"
10,555,"independent"
6,556,"independent"
8,557,"independent"
10,558,"independent"
10,559,"independent"
8,560,"independent"
8,561,"independent"
6,562,"independent"
4,563,"independent"
8,564,"independent"
10,565,"independent"
8,566,"independent"
12,567,"independent"
10,568,"independent"
14,569,"independent"
14,570,"independent"
4,571,"independent"
8,572,"independent"
12,573,"independent"
8,574,"independent"
10,575,"independent"
10,576,"independent"
10,577,"independent"
6,578,"independent"
0,579,"independent"
14,580,"independent"
10,581,"independent"
10,582,"independent"
6,583,"independent"
8,584,"independent"
6,585,"independent"
6,586,"independent"
6,587,"independent"
12,588,"independent"
6,589,"independent"
4,590,"independent"
12,591,"independent"
10,592,"independent"
6,593,"independent"
6,594,"independent"
10,595,"independent"
4,596,"independent"
6,597,"independent"
8,598,"independent"
10,599,"independent"
8,600,"independent"
6,601,"independent"
8,602,"independent"
4,603,"independent"
6,604,"independent"
6,605,"independent"
10,606,"independent"
4,607,"independent"
8,608,"independent"
4,609,"independent"
18,610,"independent"
10,611,"independent"
10,612,"independent"
6,613,"independent"
4,614,"independent"
8,615,"independent"
2,616,"independent"
6,617,"independent"
8,618,"independent"
8,619,"independent"
4,620,"independent"
8,621,"independent"
6,622,"independent"
10,623,"independent"
10,624,"independent"
6,625,"independent"
4,626,"independent"
8,627,"independent"
6,628,"independent"
6,629,"independent"
10,630,"independent"
10,631,"independent"
8,632,"independent"
8,633,"independent"
8,634,"independent"
8,635,"independent"
4,636,"independent"
4,637,"independent"
6,638,"independent"
6,639,"independent"
4,640,"independent"
8,641,"independent"
6,642,"independent"
14,643,"independent"
10,644,"independent"
12,645,"independent"
10,646,"independent"
10,647,"independent"
6,648,"independent"
8,649,"independent"
8,650,"independent"
8,651,"independent"
8,652,"independent"
8,653,"independent"
8,654,"independent"
10,655,"independent"
6,656,"independent"
10,657,"independent"
6,658,"independent"
4,659,"independent"
10,660,"independent"
8,661,"independent"
8,662,"independent"
8,663,"independent"
10,664,"independent"
10,665,"independent"
6,666,"independent"
6,667,"independent"
10,668,"independent"
6,669,"independent"
8,670,"independent"
8,671,"independent"
12,672,"independent"
8,673,"independent"
4,674,"independent"
10,675,"independent"
8,676,"independent"
4,677,"independent"
10,678,"independent"
8,679,"independent"
10,680,"independent"
10,681,"independent"
4,682,"independent"
10,683,"independent"
8,684,"independent"
6,685,"independent"
8,686,"independent"
4,687,"independent"
6,688,"independent"
8,689,"independent"
8,690,"independent"
8,691,"independent"
6,692,"independent"
8,693,"independent"
6,694,"independent"
8,695,"independent"
6,696,"independent"
6,697,"independent"
0,698,"independent"
8,699,"independent"
10,700,"independent"
8,701,"independent"
6,702,"independent"
6,703,"independent"
8,704,"independent"
14,705,"independent"
8,706,"independent"
6,707,"independent"
10,708,"independent"
10,709,"independent"
8,710,"independent"
12,711,"independent"
8,712,"independent"
10,713,"independent"
6,714,"independent"
10,715,"independent"
8,716,"independent"
10,717,"independent"
8,718,"independent"
6,719,"independent"
12,720,"independent"
8,721,"independent"
10,722,"independent"
6,723,"independent"
10,724,"independent"
10,725,"independent"
6,726,"independent"
8,727,"independent"
4,728,"independent"
8,729,"independent"
6,730,"independent"
8,731,"independent"
6,732,"independent"
8,733,"independent"
8,734,"independent"
10,735,"independent"
2,736,"independent"
8,737,"independent"
12,738,"independent"
10,739,"independent"
8,740,"independent"
8,741,"independent"
8,742,"independent"
6,743,"independent"
10,744,"independent"
6,745,"independent"
6,746,"independent"
10,747,"independent"
10,748,"independent"
8,749,"independent"
6,750,"independent"
10,751,"independent"
8,752,"independent"
4,753,"independent"
4,754,"independent"
12,755,"independent"
2,756,"independent"
8,757,"independent"
8,758,"independent"
10,759,"independent"
4,760,"independent"
8,761,"independent"
10,762,"independent"
8,763,"independent"
8,764,"independent"
10,765,"independent"
6,766,"independent"
6,767,"independent"
8,768,"independent"
8,769,"independent"
2,770,"independent"
8,771,"independent"
10,772,"independent"
12,773,"independent"
8,774,"independent"
4,775,"independent"
10,776,"independent"
6,777,"independent"
6,778,"independent"
8,779,"independent"
8,780,"independent"
8,781,"independent"
8,782,"independent"
10,783,"independent"
10,784,"independent"
8,785,"independent"
12,786,"independent"
12,787,"independent"
10,788,"independent"
12,789,"independent"
12,790,"independent"
8,791,"independent"
8,792,"independent"
6,793,"independent"
8,794,"independent"
6,795,"independent"
8,796,"independent"
6,797,"independent"
6,798,"independent"
6,799,"independent"
8,800,"independent"
6,801,"independent"
10,802,"independent"
8,803,"independent"
6,804,"independent"
6,805,"independent"
12,806,"independent"
8,807,"independent"
8,808,"independent"
8,809,"independent"
10,810,"independent"
4,811,"independent"
8,812,"independent"
8,813,"independent"
4,814,"independent"
6,815,"independent"
10,816,"independent"
10,817,"independent"
10,818,"independent"
8,819,"independent"
8,820,"independent"
8,821,"independent"
6,822,"independent"
4,823,"independent"
8,824,"independent"
4,825,"independent"
12,826,"independent"
8,827,"independent"
10,828,"independent"
10,829,"independent"
14,830,"independent"
6,831,"independent"
6,832,"independent"
8,833,"independent"
8,834,"independent"
8,835,"independent"
2,836,"independent"
8,837,"independent"
4,838,"independent"
8,839,"independent"
10,840,"independent"
10,841,"independent"
4,842,"independent"
8,843,"independent"
6,844,"independent"
10,845,"independent"
8,846,"independent"
10,847,"independent"
0,848,"independent"
10,849,"independent"
8,850,"independent"
10,851,"independent"
6,852,"independent"
10,853,"independent"
10,854,"independent"
10,855,"independent"
12,856,"independent"
14,857,"independent"
4,858,"independent"
10,859,"independent"
8,860,"independent"
8,861,"independent"
8,862,"independent"
6,863,"independent"
8,864,"independent"
16,865,"independent"
6,866,"independent"
8,867,"independent"
10,868,"independent"
14,869,"independent"
10,870,"independent"
6,871,"independent"
4,872,"independent"
6,873,"independent"
8,874,"independent"
8,875,"independent"
10,876,"independent"
6,877,"independent"
6,878,"independent"
8,879,"independent"
6,880,"independent"
8,881,"independent"
12,882,"independent"
12,883,"independent"
6,884,"independent"
12,885,"independent"
10,886,"independent"
12,887,"independent"
8,888,"independent"
2,889,"independent"
8,890,"independent"
8,891,"independent"
12,892,"independent"
8,893,"independent"
12,894,"independent"
10,895,"independent"
6,896,"independent"
10,897,"independent"
10,898,"independent"
12,899,"independent"
10,900,"independent"
4,901,"independent"
8,902,"independent"
8,903,"independent"
10,904,"independent"
10,905,"independent"
4,906,"independent"
10,907,"independent"
6,908,"independent"
4,909,"independent"
8,910,"independent"
10,911,"independent"
6,912,"independent"
8,913,"independent"
10,914,"independent"
10,915,"independent"
10,916,"independent"
6,917,"independent"
10,918,"independent"
8,919,"independent"
12,920,"independent"
8,921,"independent"
6,922,"independent"
8,923,"independent"
4,924,"independent"
8,925,"independent"
4,926,"independent"
10,927,"independent"
8,928,"independent"
8,929,"independent"
10,930,"independent"
2,931,"independent"
8,932,"independent"
2,933,"independent"
10,934,"independent"
8,935,"independent"
10,936,"independent"
8,937,"independent"
8,938,"independent"
8,939,"independent"
8,940,"independent"
8,941,"independent"
10,942,"independent"
8,943,"independent"
6,944,"independent"
6,945,"independent"
12,946,"independent"
6,947,"independent"
12,948,"independent"
8,949,"independent"
8,950,"independent"
4,951,"independent"
8,952,"independent"
8,953,"independent"
8,954,"independent"
8,955,"independent"
10,956,"independent"
4,957,"independent"
10,958,"independent"
6,959,"independent"
10,960,"independent"
12,961,"independent"
6,962,"independent"
8,963,"independent"
4,964,"independent"
10,965,"independent"
8,966,"independent"
4,967,"independent"
8,968,"independent"
4,969,"independent"
10,970,"independent"
10,971,"independent"
10,972,"independent"
4,973,"independent"
10,974,"independent"
6,975,"independent"
8,976,"independent"
8,977,"independent"
4,978,"independent"
8,979,"independent"
4,980,"independent"
6,981,"independent"
10,982,"independent"
12,983,"independent"
6,984,"independent"
8,985,"independent"
10,986,"independent"
10,987,"independent"
10,988,"independent"
6,989,"independent"
12,990,"independent"
8,991,"independent"
4,992,"independent"
6,993,"independent"
6,994,"independent"
12,995,"independent"
8,996,"independent"
2,997,"independent"
8,998,"independent"
12,999,"independent"
8,1000,"independent"
10,1001,"independent"
6,1002,"independent"
2,1003,"independent"
12,1004,"independent"
6,1005,"independent"
6,1006,"independent"
8,1007,"independent"
6,1008,"independent"
8,1009,"independent"
6,1010,"independent"
12,1011,"independent"
6,1012,"independent"
6,1013,"independent"
10,1014,"independent"
8,1015,"independent"
4,1016,"independent"
12,1017,"independent"
8,1018,"independent"
4,1019,"independent"
8,1020,"independent"
12,1021,"independent"
10,1022,"independent"
10,1023,"independent"
8,1024,"independent"
6,1025,"independent"
10,1026,"independent"
6,1027,"independent"
12,1028,"independent"
6,1029,"independent"
10,1030,"independent"
8,1031,"independent"
10,1032,"independent"
10,1033,"independent"
12,1034,"independent"
10,1035,"independent"
6,1036,"independent"
8,1037,"independent"
8,1038,"independent"
6,1039,"independent"
10,1040,"independent"
8,1041,"independent"
8,1042,"independent"
10,1043,"independent"
10,1044,"independent"
8,1045,"independent"
6,1046,"independent"
8,1047,"independent"
8,1048,"independent"
10,1049,"independent"
8,1050,"independent"
10,1051,"independent"
8,1052,"independent"
10,1053,"independent"
6,1054,"independent"
10,1055,"independent"
6,1056,"independent"
8,1057,"independent"
6,1058,"independent"
10,1059,"independent"
12,1060,"independent"
10,1061,"independent"
10,1062,"independent"
8,1063,"independent"
6,1064,"independent"
8,1065,"independent"
8,1066,"independent"
10,1067,"independent"
12,1068,"independent"
10,1069,"independent"
6,1070,"independent"
8,1071,"independent"
12,1072,"independent"
10,1073,"independent"
8,1074,"independent"
8,1075,"independent"
10,1076,"independent"
8,1077,"independent"
10,1078,"independent"
10,1079,"independent"
4,1080,"independent"
8,1081,"independent"
10,1082,"independent"
12,1083,"independent"
4,1084,"independent"
8,1085,"independent"
8,1086,"independent"
10,1087,"independent"
6,1088,"independent"
4,1089,"independent"
8,1090,"independent"
10,1091,"independent"
8,1092,"independent"
8,1093,"independent"
8,1094,"independent"
6,1095,"independent"
10,1096,"independent"
8,1097,"independent"
8,1098,"independent"
10,1099,"independent"
10,1100,"independent"
8,1101,"independent"
6,1102,"independent"
6,1103,"independent"
6,1104,"independent"
4,1105,"independent"
8,1106,"independent"
6,1107,"independent"
8,1108,"independent"
4,1109,"independent"
8,1110,"independent"
8,1111,"independent"
10,1112,"independent"
8,1113,"independent"
6,1114,"independent"
8,1115,"independent"
8,1116,"independent"
10,1117,"independent"
6,1118,"independent"
8,1119,"independent"
4,1120,"independent"
6,1121,"independent"
8,1122,"independent"
8,1123,"independent"
8,1124,"independent"
8,1125,"independent"
12,1126,"independent"
6,1127,"independent"
4,1128,"independent"
8,1129,"independent"
6,1130,"independent"
4,1131,"independent"
8,1132,"independent"
8,1133,"independent"
10,1134,"independent"
4,1135,"independent"
12,1136,"independent"
8,1137,"independent"
4,1138,"independent"
8,1139,"independent"
6,1140,"independent"
10,1141,"independent"
6,1142,"independent"
8,1143,"independent"
4,1144,"independent"
10,1145,"independent"
6,1146,"independent"
8,1147,"independent"
8,1148,"independent"
8,1149,"independent"
2,1150,"independent"
10,1151,"independent"
8,1152,"independent"
10,1153,"independent"
4,1154,"independent"
8,1155,"independent"
8,1156,"independent"
6,1157,"independent"
8,1158,"independent"
8,1159,"independent"
6,1160,"independent"
8,1161,"independent"
16,1162,"independent"
10,1163,"independent"
4,1164,"independent"
4,1165,"independent"
6,1166,"independent"
12,1167,"independent"
6,1168,"independent"
8,1169,"independent"
6,1170,"independent"
10,1171,"independent"
10,1172,"independent"
6,1173,"independent"
6,1174,"independent"
6,1175,"independent"
6,1176,"independent"
8,1177,"independent"
6,1178,"independent"
10,1179,"independent"
10,1180,"independent"
12,1181,"independent"
10,1182,"independent"
10,1183,"independent"
8,1184,"independent"
8,1185,"independent"
4,1186,"independent"
8,1187,"independent"
6,1188,"independent"
6,1189,"independent"
10,1190,"independent"
6,1191,"independent"
6,1192,"independent"
10,1193,"independent"
8,1194,"independent"
6,1195,"independent"
6,1196,"independent"
10,1197,"independent"
12,1198,"independent"
8,1199,"independent"
12,1200,"independent"
2,1201,"independent"
10,1202,"independent"
10,1203,"independent"
12,1204,"independent"
10,1205,"independent"
6,1206,"independent"
10,1207,"independent"
10,1208,"independent"
6,1209,"independent"
10,1210,"independent"
8,1211,"independent"
14,1212,"independent"
8,1213,"independent"
8,1214,"independent"
10,1215,"independent"
4,1216,"independent"
6,1217,"independent"
10,1218,"independent"
10,1219,"independent"
6,1220,"independent"
4,1221,"independent"
10,1222,"independent"
6,1223,"independent"
10,1224,"independent"
8,1225,"independent"
8,1226,"independent"
12,1227,"independent"
6,1228,"independent"
8,1229,"independent"
8,1230,"independent"
12,1231,"independent"
4,1232,"independent"
4,1233,"independent"
8,1234,"independent"
8,1235,"independent"
6,1236,"independent"
12,1237,"independent"
10,1238,"independent"
4,1239,"independent"
8,1240,"independent"
10,1241,"independent"
6,1242,"independent"
6,1243,"independent"
8,1244,"independent"
8,1245,"independent"
6,1246,"independent"
10,1247,"independent"
8,1248,"independent"
6,1249,"independent"
12,1250,"independent"
8,1251,"independent"
6,1252,"independent"
8,1253,"independent"
8,1254,"independent"
8,1255,"independent"
8,1256,"independent"
10,1257,"independent"
8,1258,"independent"
10,1259,"independent"
6,1260,"independent"
6,1261,"independent"
2,1262,"independent"
10,1263,"independent"
6,1264,"independent"
8,1265,"independent"
12,1266,"independent"
10,1267,"independent"
8,1268,"independent"
6,1269,"independent"
8,1270,"independent"
8,1271,"independent"
8,1272,"independent"
16,1273,"independent"
4,1274,"independent"
8,1275,"independent"
4,1276,"independent"
6,1277,"independent"
10,1278,"independent"
6,1279,"independent"
10,1280,"independent"
6,1281,"independent"
12,1282,"independent"
6,1283,"independent"
6,1284,"independent"
8,1285,"independent"
10,1286,"independent"
8,1287,"independent"
4,1288,"independent"
10,1289,"independent"
8,1290,"independent"
6,1291,"independent"
8,1292,"independent"
8,1293,"independent"
6,1294,"independent"
8,1295,"independent"
12,1296,"independent"
4,1297,"independent"
10,1298,"independent"
6,1299,"independent"
8,1300,"independent"
6,1301,"independent"
10,1302,"independent"
6,1303,"independent"
10,1304,"independent"
12,1305,"independent"
8,1306,"independent"
10,1307,"independent"
6,1308,"independent"
8,1309,"independent"
6,1310,"independent"
12,1311,"independent"
8,1312,"independent"
4,1313,"independent"
10,1314,"independent"
10,1315,"independent"
6,1316,"independent"
8,1317,"independent"
8,1318,"independent"
6,1319,"independent"
8,1320,"independent"
10,1321,"independent"
6,1322,"independent"
8,1323,"independent"
6,1324,"independent"
10,1325,"independent"
8,1326,"independent"
10,1327,"independent"
10,1328,"independent"
8,1329,"independent"
12,1330,"independent"
6,1331,"independent"
8,1332,"independent"
8,1333,"independent"
10,1334,"independent"
8,1335,"independent"
6,1336,"independent"
6,1337,"independent"
10,1338,"independent"
8,1339,"independent"
6,1340,"independent"
6,1341,"independent"
8,1342,"independent"
4,1343,"independent"
12,1344,"independent"
8,1345,"independent"
8,1346,"independent"
6,1347,"independent"
6,1348,"independent"
6,1349,"independent"
10,1350,"independent"
8,1351,"independent"
8,1352,"independent"
8,1353,"independent"
14,1354,"independent"
8,1355,"independent"
6,1356,"independent"
8,1357,"independent"
2,1358,"independent"
4,1359,"independent"
8,1360,"independent"
12,1361,"independent"
8,1362,"independent"
6,1363,"independent"
6,1364,"independent"
6,1365,"independent"
10,1366,"independent"
6,1367,"independent"
8,1368,"independent"
8,1369,"independent"
8,1370,"independent"
6,1371,"independent"
6,1372,"independent"
6,1373,"independent"
6,1374,"independent"
12,1375,"independent"
14,1376,"independent"
6,1377,"independent"
12,1378,"independent"
8,1379,"independent"
6,1380,"independent"
10,1381,"independent"
8,1382,"independent"
6,1383,"independent"
10,1384,"independent"
6,1385,"independent"
8,1386,"independent"
10,1387,"independent"
6,1388,"independent"
10,1389,"independent"
8,1390,"independent"
8,1391,"independent"
4,1392,"independent"
8,1393,"independent"
8,1394,"independent"
8,1395,"independent"
10,1396,"independent"
8,1397,"independent"
4,1398,"independent"
12,1399,"independent"
16,1400,"independent"
10,1401,"independent"
6,1402,"independent"
10,1403,"independent"
8,1404,"independent"
6,1405,"independent"
6,1406,"independent"
2,1407,"independent"
12,1408,"independent"
6,1409,"independent"
4,1410,"independent"
10,1411,"independent"
10,1412,"independent"
8,1413,"independent"
8,1414,"independent"
6,1415,"independent"
6,1416,"independent"
6,1417,"independent"
4,1418,"independent"
4,1419,"independent"
8,1420,"independent"
8,1421,"independent"
2,1422,"independent"
8,1423,"independent"
8,1424,"independent"
8,1425,"independent"
8,1426,"independent"
8,1427,"independent"
6,1428,"independent"
8,1429,"independent"
10,1430,"independent"
6,1431,"independent"
10,1432,"independent"
10,1433,"independent"
6,1434,"independent"
6,1435,"independent"
4,1436,"independent"
8,1437,"independent"
10,1438,"independent"
10,1439,"independent"
10,1440,"independent"
8,1441,"independent"
12,1442,"independent"
8,1443,"independent"
8,1444,"independent"
10,1445,"independent"
10,1446,"independent"
10,1447,"independent"
4,1448,"independent"
8,1449,"independent"
6,1450,"independent"
10,1451,"independent"
10,1452,"independent"
8,1453,"independent"
8,1454,"independent"
4,1455,"independent"
10,1456,"independent"
8,1457,"independent"
8,1458,"independent"
6,1459,"independent"
6,1460,"independent"
8,1461,"independent"
8,1462,"independent"
6,1463,"independent"
8,1464,"independent"
10,1465,"independent"
10,1466,"independent"
8,1467,"independent"
4,1468,"independent"
10,1469,"independent"
8,1470,"independent"
12,1471,"independent"
10,1472,"independent"
6,1473,"independent"
4,1474,"independent"
10,1475,"independent"
6,1476,"independent"
8,1477,"independent"
6,1478,"independent"
4,1479,"independent"
2,1480,"independent"
4,1481,"independent"
4,1482,"independent"
6,1483,"independent"
8,1484,"independent"
12,1485,"independent"
14,1486,"independent"
10,1487,"independent"
8,1488,"independent"
12,1489,"independent"
6,1490,"independent"
10,1491,"independent"
6,1492,"independent"
8,1493,"independent"
10,1494,"independent"
12,1495,"independent"
8,1496,"independent"
10,1497,"independent"
6,1498,"independent"
10,1499,"independent"
6,1500,"independent"
8,1501,"independent"
8,1502,"independent"
14,1503,"independent"
6,1504,"independent"
10,1505,"independent"
8,1506,"independent"
4,1507,"independent"
10,1508,"independent"
10,1509,"independent"
8,1510,"independent"
4,1511,"independent"
8,1512,"independent"
10,1513,"independent"
8,1514,"independent"
8,1515,"independent"
2,1516,"independent"
14,1517,"independent"
10,1518,"independent"
6,1519,"independent"
4,1520,"independent"
14,1521,"independent"
8,1522,"independent"
8,1523,"independent"
8,1524,"independent"
8,1525,"independent"
10,1526,"independent"
8,1527,"independent"
10,1528,"independent"
4,1529,"independent"
8,1530,"independent"
8,1531,"independent"
10,1532,"independent"
10,1533,"independent"
8,1534,"independent"
10,1535,"independent"
10,1536,"independent"
8,1537,"independent"
14,1538,"independent"
8,1539,"independent"
6,1540,"independent"
8,1541,"independent"
10,1542,"independent"
12,1543,"independent"
6,1544,"independent"
8,1545,"independent"
4,1546,"independent"
8,1547,"independent"
8,1548,"independent"
8,1549,"independent"
8,1550,"independent"
12,1551,"independent"
10,1552,"independent"
6,1553,"independent"
8,1554,"independent"
8,1555,"independent"
6,1556,"independent"
10,1557,"independent"
6,1558,"independent"
10,1559,"independent"
8,1560,"independent"
6,1561,"independent"
10,1562,"independent"
8,1563,"independent"
6,1564,"independent"
4,1565,"independent"
8,1566,"independent"
6,1567,"independent"
10,1568,"independent"
10,1569,"independent"
10,1570,"independent"
10,1571,"independent"
6,1572,"independent"
10,1573,"independent"
10,1574,"independent"
8,1575,"independent"
14,1576,"independent"
8,1577,"independent"
14,1578,"independent"
2,1579,"independent"
8,1580,"independent"
4,1581,"independent"
10,1582,"independent"
10,1583,"independent"
6,1584,"independent"
8,1585,"independent"
4,1586,"independent"
10,1587,"independent"
8,1588,"independent"
8,1589,"independent"
10,1590,"independent"
8,1591,"independent"
8,1592,"independent"
8,1593,"independent"
10,1594,"independent"
8,1595,"independent"
8,1596,"independent"
12,1597,"independent"
8,1598,"independent"
8,1599,"independent"
4,1600,"independent"
10,1601,"independent"
10,1602,"independent"
10,1603,"independent"
10,1604,"independent"
10,1605,"independent"
10,1606,"independent"
8,1607,"independent"
8,1608,"independent"
6,1609,"independent"
8,1610,"independent"
12,1611,"independent"
8,1612,"independent"
12,1613,"independent"
6,1614,"independent"
8,1615,"independent"
6,1616,"independent"
8,1617,"independent"
8,1618,"independent"
6,1619,"independent"
6,1620,"independent"
6,1621,"independent"
8,1622,"independent"
4,1623,"independent"
8,1624,"independent"
8,1625,"independent"
8,1626,"independent"
10,1627,"independent"
10,1628,"independent"
10,1629,"independent"
6,1630,"independent"
12,1631,"independent"
8,1632,"independent"
10,1633,"independent"
10,1634,"independent"
10,1635,"independent"
6,1636,"independent"
8,1637,"independent"
10,1638,"independent"
8,1639,"independent"
12,1640,"independent"
6,1641,"independent"
8,1642,"independent"
6,1643,"independent"
6,1644,"independent"
8,1645,"independent"
12,1646,"independent"
8,1647,"independent"
10,1648,"independent"
4,1649,"independent"
6,1650,"independent"
6,1651,"independent"
10,1652,"independent"
4,1653,"independent"
8,1654,"independent"
8,1655,"independent"
8,1656,"independent"
10,1657,"independent"
12,1658,"independent"
8,1659,"independent"
6,1660,"independent"
6,1661,"independent"
6,1662,"independent"
10,1663,"independent"
8,1664,"independent"
4,1665,"independent"
6,1666,"independent"
8,1667,"independent"
8,1668,"independent"
12,1669,"independent"
4,1670,"independent"
8,1671,"independent"
10,1672,"independent"
10,1673,"independent"
8,1674,"independent"
8,1675,"independent"
12,1676,"independent"
8,1677,"independent"
12,1678,"independent"
4,1679,"independent"
8,1680,"independent"
12,1681,"independent"
8,1682,"independent"
8,1683,"independent"
10,1684,"independent"
6,1685,"independent"
6,1686,"independent"
8,1687,"independent"
8,1688,"independent"
4,1689,"independent"
10,1690,"independent"
6,1691,"independent"
10,1692,"independent"
4,1693,"independent"
6,1694,"independent"
6,1695,"independent"
8,1696,"independent"
10,1697,"independent"
10,1698,"independent"
6,1699,"independent"
12,1700,"independent"
4,1701,"independent"
4,1702,"independent"
4,1703,"independent"
10,1704,"independent"
6,1705,"independent"
4,1706,"independent"
4,1707,"independent"
8,1708,"independent"
10,1709,"independent"
6,1710,"independent"
10,1711,"independent"
8,1712,"independent"
8,1713,"independent"
10,1714,"independent"
8,1715,"independent"
6,1716,"independent"
8,1717,"independent"
12,1718,"independent"
8,1719,"independent"
8,1720,"independent"
8,1721,"independent"
12,1722,"independent"
10,1723,"independent"
8,1724,"independent"
8,1725,"independent"
8,1726,"independent"
8,1727,"independent"
8,1728,"independent"
12,1729,"independent"
10,1730,"independent"
8,1731,"independent"
8,1732,"independent"
8,1733,"independent"
8,1734,"independent"
8,1735,"independent"
6,1736,"independent"
6,1737,"independent"
10,1738,"independent"
8,1739,"independent"
6,1740,"independent"
12,1741,"independent"
6,1742,"independent"
6,1743,"independent"
8,1744,"independent"
10,1745,"independent"
8,1746,"independent"
6,1747,"independent"
10,1748,"independent"
8,1749,"independent"
8,1750,"independent"
8,1751,"independent"
10,1752,"independent"
8,1753,"independent"
10,1754,"independent"
6,1755,"independent"
14,1756,"independent"
14,1757,"independent"
6,1758,"independent"
10,1759,"independent"
6,1760,"independent"
6,1761,"independent"
8,1762,"independent"
12,1763,"independent"
8,1764,"independent"
8,1765,"independent"
10,1766,"independent"
6,1767,"independent"
6,1768,"independent"
14,1769,"independent"
6,1770,"independent"
12,1771,"independent"
6,1772,"independent"
6,1773,"independent"
10,1774,"independent"
8,1775,"independent"
12,1776,"independent"
10,1777,"independent"
8,1778,"independent"
6,1779,"independent"
10,1780,"independent"
6,1781,"independent"
10,1782,"independent"
10,1783,"independent"
6,1784,"independent"
10,1785,"independent"
10,1786,"independent"
6,1787,"independent"
12,1788,"independent"
6,1789,"independent"
10,1790,"independent"
8,1791,"independent"
4,1792,"independent"
6,1793,"independent"
10,1794,"independent"
8,1795,"independent"
6,1796,"independent"
8,1797,"independent"
8,1798,"independent"
8,1799,"independent"
8,1800,"independent"
8,1801,"independent"
4,1802,"independent"
8,1803,"independent"
8,1804,"independent"
12,1805,"independent"
6,1806,"independent"
6,1807,"independent"
12,1808,"independent"
10,1809,"independent"
10,1810,"independent"
12,1811,"independent"
10,1812,"independent"
6,1813,"independent"
10,1814,"independent"
8,1815,"independent"
12,1816,"independent"
6,1817,"independent"
8,1818,"independent"
6,1819,"independent"
10,1820,"independent"
6,1821,"independent"
6,1822,"independent"
6,1823,"independent"
4,1824,"independent"
6,1825,"independent"
6,1826,"independent"
6,1827,"independent"
12,1828,"independent"
10,1829,"independent"
10,1830,"independent"
12,1831,"independent"
12,1832,"independent"
10,1833,"independent"
12,1834,"independent"
6,1835,"independent"
6,1836,"independent"
10,1837,"independent"
16,1838,"independent"
8,1839,"independent"
6,1840,"independent"
8,1841,"independent"
4,1842,"independent"
10,1843,"independent"
12,1844,"independent"
6,1845,"independent"
8,1846,"independent"
10,1847,"independent"
10,1848,"independent"
10,1849,"independent"
2,1850,"independent"
6,1851,"independent"
10,1852,"independent"
10,1853,"independent"
10,1854,"independent"
8,1855,"independent"
10,1856,"independent"
8,1857,"independent"
10,1858,"independent"
8,1859,"independent"
6,1860,"independent"
10,1861,"independent"
6,1862,"independent"
4,1863,"independent"
6,1864,"independent"
6,1865,"independent"
6,1866,"independent"
8,1867,"independent"
8,1868,"independent"
10,1869,"independent"
12,1870,"independent"
10,1871,"independent"
8,1872,"independent"
10,1873,"independent"
8,1874,"independent"
8,1875,"independent"
8,1876,"independent"
12,1877,"independent"
12,1878,"independent"
4,1879,"independent"
8,1880,"independent"
10,1881,"independent"
8,1882,"independent"
12,1883,"independent"
6,1884,"independent"
8,1885,"independent"
10,1886,"independent"
8,1887,"independent"
10,1888,"independent"
12,1889,"independent"
6,1890,"independent"
8,1891,"independent"
12,1892,"independent"
4,1893,"independent"
10,1894,"independent"
10,1895,"independent"
8,1896,"independent"
12,1897,"independent"
10,1898,"independent"
16,1899,"independent"
4,1900,"independent"
10,1901,"independent"
8,1902,"independent"
8,1903,"independent"
6,1904,"independent"
8,1905,"independent"
6,1906,"independent"
12,1907,"independent"
10,1908,"independent"
10,1909,"independent"
4,1910,"independent"
4,1911,"independent"
6,1912,"independent"
8,1913,"independent"
10,1914,"independent"
10,1915,"independent"
6,1916,"independent"
8,1917,"independent"
12,1918,"independent"
10,1919,"independent"
10,1920,"independent"
8,1921,"independent"
8,1922,"independent"
6,1923,"independent"
6,1924,"independent"
6,1925,"independent"
8,1926,"independent"
10,1927,"independent"
8,1928,"independent"
10,1929,"independent"
6,1930,"independent"
6,1931,"independent"
4,1932,"independent"
12,1933,"independent"
6,1934,"independent"
10,1935,"independent"
14,1936,"independent"
8,1937,"independent"
10,1938,"independent"
12,1939,"independent"
8,1940,"independent"
4,1941,"independent"
6,1942,"independent"
6,1943,"independent"
6,1944,"independent"
10,1945,"independent"
8,1946,"independent"
6,1947,"independent"
8,1948,"independent"
10,1949,"independent"
10,1950,"independent"
8,1951,"independent"
8,1952,"independent"
8,1953,"independent"
12,1954,"independent"
12,1955,"independent"
4,1956,"independent"
4,1957,"independent"
8,1958,"independent"
10,1959,"independent"
8,1960,"independent"
8,1961,"independent"
10,1962,"independent"
6,1963,"independent"
10,1964,"independent"
2,1965,"independent"
6,1966,"independent"
6,1967,"independent"
10,1968,"independent"
8,1969,"independent"
8,1970,"independent"
12,1971,"independent"
6,1972,"independent"
10,1973,"independent"
6,1974,"independent"
10,1975,"independent"
6,1976,"independent"
2,1977,"independent"
12,1978,"independent"
8,1979,"independent"
8,1980,"independent"
4,1981,"independent"
8,1982,"independent"
14,1983,"independent"
6,1984,"independent"
8,1985,"independent"
6,1986,"independent"
12,1987,"independent"
10,1988,"independent"
8,1989,"independent"
8,1990,"independent"
6,1991,"independent"
8,1992,"independent"
10,1993,"independent"
10,1994,"independent"
4,1995,"independent"
4,1996,"independent"
8,1997,"independent"
12,1998,"independent"
8,1999,"independent"
6,2000,"independent"
6,2001,"independent"
6,2002,"independent"
6,2003,"independent"
12,2004,"independent"
6,2005,"independent"
12,2006,"independent"
8,2007,"independent"
8,2008,"independent"
12,2009,"independent"
6,2010,"independent"
8,2011,"independent"
12,2012,"independent"
6,2013,"independent"
6,2014,"independent"
6,2015,"independent"
4,2016,"independent"
12,2017,"independent"
14,2018,"independent"
6,2019,"independent"
8,2020,"independent"
10,2021,"independent"
8,2022,"independent"
8,2023,"independent"
8,2024,"independent"
10,2025,"independent"
6,2026,"independent"
12,2027,"independent"
8,2028,"independent"
10,2029,"independent"
10,2030,"independent"
8,2031,"independent"
6,2032,"independent"
10,2033,"independent"
8,2034,"independent"
6,2035,"independent"
8,2036,"independent"
8,2037,"independent"
10,2038,"independent"
8,2039,"independent"
8,2040,"independent"
8,2041,"independent"
10,2042,"independent"
14,2043,"independent"
6,2044,"independent"
10,2045,"independent"
8,2046,"independent"
4,2047,"independent"
6,2048,"independent"
8,2049,"independent"
6,2050,"independent"
6,2051,"independent"
12,2052,"independent"
6,2053,"independent"
10,2054,"independent"
10,2055,"independent"
12,2056,"independent"
8,2057,"independent"
6,2058,"independent"
6,2059,"independent"
6,2060,"independent"
8,2061,"independent"
4,2062,"independent"
6,2063,"independent"
6,2064,"independent"
8,2065,"independent"
12,2066,"independent"
8,2067,"independent"
12,2068,"independent"
8,2069,"independent"
8,2070,"independent"
10,2071,"independent"
6,2072,"independent"
4,2073,"independent"
6,2074,"independent"
10,2075,"independent"
8,2076,"independent"
6,2077,"independent"
4,2078,"independent"
14,2079,"independent"
10,2080,"independent"
12,2081,"independent"
10,2082,"independent"
6,2083,"independent"
12,2084,"independent"
10,2085,"independent"
8,2086,"independent"
10,2087,"independent"
8,2088,"independent"
10,2089,"independent"
12,2090,"independent"
10,2091,"independent"
6,2092,"independent"
8,2093,"independent"
12,2094,"independent"
6,2095,"independent"
8,2096,"independent"
8,2097,"independent"
12,2098,"independent"
10,2099,"independent"
10,2100,"independent"
10,2101,"independent"
10,2102,"independent"
12,2103,"independent"
12,2104,"independent"
10,2105,"independent"
2,2106,"independent"
4,2107,"independent"
10,2108,"independent"
6,2109,"independent"
8,2110,"independent"
2,2111,"independent"
6,2112,"independent"
6,2113,"independent"
4,2114,"independent"
8,2115,"independent"
8,2116,"independent"
6,2117,"independent"
6,2118,"independent"
6,2119,"independent"
8,2120,"independent"
2,2121,"independent"
8,2122,"independent"
12,2123,"independent"
8,2124,"independent"
6,2125,"independent"
12,2126,"independent"
10,2127,"independent"
10,2128,"independent"
12,2129,"independent"
8,2130,"independent"
8,2131,"independent"
12,2132,"independent"
6,2133,"independent"
10,2134,"independent"
6,2135,"independent"
4,2136,"independent"
12,2137,"independent"
10,2138,"independent"
4,2139,"independent"
10,2140,"independent"
8,2141,"independent"
8,2142,"independent"
8,2143,"independent"
4,2144,"independent"
6,2145,"independent"
8,2146,"independent"
10,2147,"independent"
8,2148,"independent"
8,2149,"independent"
10,2150,"independent"
8,2151,"independent"
4,2152,"independent"
6,2153,"independent"
10,2154,"independent"
4,2155,"independent"
8,2156,"independent"
6,2157,"independent"
2,2158,"independent"
8,2159,"independent"
8,2160,"independent"
8,2161,"independent"
10,2162,"independent"
10,2163,"independent"
12,2164,"independent"
6,2165,"independent"
10,2166,"independent"
6,2167,"independent"
12,2168,"independent"
6,2169,"independent"
10,2170,"independent"
4,2171,"independent"
8,2172,"independent"
8,2173,"independent"
8,2174,"independent"
10,2175,"independent"
10,2176,"independent"
6,2177,"independent"
12,2178,"independent"
4,2179,"independent"
8,2180,"independent"
10,2181,"independent"
8,2182,"independent"
6,2183,"independent"
12,2184,"independent"
6,2185,"independent"
6,2186,"independent"
6,2187,"independent"
10,2188,"independent"
10,2189,"independent"
6,2190,"independent"
6,2191,"independent"
12,2192,"independent"
10,2193,"independent"
6,2194,"independent"
8,2195,"independent"
6,2196,"independent"
10,2197,"independent"
4,2198,"independent"
10,2199,"independent"
8,2200,"independent"
8,2201,"independent"
8,2202,"independent"
4,2203,"independent"
10,2204,"independent"
8,2205,"independent"
6,2206,"independent"
8,2207,"independent"
2,2208,"independent"
10,2209,"independent"
12,2210,"independent"
8,2211,"independent"
8,2212,"independent"
8,2213,"independent"
6,2214,"independent"
8,2215,"independent"
10,2216,"independent"
8,2217,"independent"
8,2218,"independent"
8,2219,"independent"
8,2220,"independent"
10,2221,"independent"
10,2222,"independent"
10,2223,"independent"
6,2224,"independent"
6,2225,"independent"
10,2226,"independent"
8,2227,"independent"
10,2228,"independent"
4,2229,"independent"
12,2230,"independent"
6,2231,"independent"
6,2232,"independent"
6,2233,"independent"
10,2234,"independent"
10,2235,"independent"
12,2236,"independent"
6,2237,"independent"
12,2238,"independent"
10,2239,"independent"
10,2240,"independent"
8,2241,"independent"
16,2242,"independent"
12,2243,"independent"
8,2244,"independent"
8,2245,"independent"
10,2246,"independent"
4,2247,"independent"
10,2248,"independent"
8,2249,"independent"
8,2250,"independent"
8,2251,"independent"
6,2252,"independent"
8,2253,"independent"
6,2254,"independent"
4,2255,"independent"
12,2256,"independent"
10,2257,"independent"
8,2258,"independent"
8,2259,"independent"
8,2260,"independent"
6,2261,"independent"
10,2262,"independent"
6,2263,"independent"
10,2264,"independent"
10,2265,"independent"
12,2266,"independent"
6,2267,"independent"
6,2268,"independent"
10,2269,"independent"
10,2270,"independent"
8,2271,"independent"
8,2272,"independent"
6,2273,"independent"
10,2274,"independent"
4,2275,"independent"
8,2276,"independent"
6,2277,"independent"
6,2278,"independent"
10,2279,"independent"
8,2280,"independent"
10,2281,"independent"
6,2282,"independent"
8,2283,"independent"
8,2284,"independent"
8,2285,"independent"
8,2286,"independent"
4,2287,"independent"
14,2288,"independent"
6,2289,"independent"
6,2290,"independent"
4,2291,"independent"
8,2292,"independent"
12,2293,"independent"
4,2294,"independent"
14,2295,"independent"
4,2296,"independent"
4,2297,"independent"
8,2298,"independent"
8,2299,"independent"
6,2300,"independent"
6,2301,"independent"
6,2302,"independent"
8,2303,"independent"
6,2304,"independent"
10,2305,"independent"
4,2306,"independent"
6,2307,"independent"
8,2308,"independent"
8,2309,"independent"
2,2310,"independent"
14,2311,"independent"
8,2312,"independent"
4,2313,"independent"
4,2314,"independent"
2,2315,"independent"
4,2316,"independent"
8,2317,"independent"
4,2318,"independent"
6,2319,"independent"
8,2320,"independent"
4,2321,"independent"
8,2322,"independent"
10,2323,"independent"
8,2324,"independent"
12,2325,"independent"
6,2326,"independent"
8,2327,"independent"
10,2328,"independent"
8,2329,"independent"
10,2330,"independent"
6,2331,"independent"
8,2332,"independent"
4,2333,"independent"
10,2334,"independent"
4,2335,"independent"
14,2336,"independent"
8,2337,"independent"
12,2338,"independent"
8,2339,"independent"
6,2340,"independent"
8,2341,"independent"
6,2342,"independent"
6,2343,"independent"
8,2344,"independent"
12,2345,"independent"
6,2346,"independent"
6,2347,"independent"
12,2348,"independent"
10,2349,"independent"
6,2350,"independent"
6,2351,"independent"
4,2352,"independent"
12,2353,"independent"
12,2354,"independent"
12,2355,"independent"
8,2356,"independent"
8,2357,"independent"
6,2358,"independent"
12,2359,"independent"
10,2360,"independent"
2,2361,"independent"
8,2362,"independent"
8,2363,"independent"
10,2364,"independent"
6,2365,"independent"
10,2366,"independent"
8,2367,"independent"
8,2368,"independent"
6,2369,"independent"
8,2370,"independent"
6,2371,"independent"
14,2372,"independent"
6,2373,"independent"
8,2374,"independent"
12,2375,"independent"
10,2376,"independent"
12,2377,"independent"
16,2378,"independent"
12,2379,"independent"
10,2380,"independent"
6,2381,"independent"
12,2382,"independent"
6,2383,"independent"
6,2384,"independent"
10,2385,"independent"
8,2386,"independent"
6,2387,"independent"
8,2388,"independent"
8,2389,"independent"
10,2390,"independent"
6,2391,"independent"
4,2392,"independent"
8,2393,"independent"
10,2394,"independent"
6,2395,"independent"
10,2396,"independent"
8,2397,"independent"
10,2398,"independent"
10,2399,"independent"
6,2400,"independent"
6,2401,"independent"
6,2402,"independent"
8,2403,"independent"
6,2404,"independent"
10,2405,"independent"
6,2406,"independent"
8,2407,"independent"
6,2408,"independent"
8,2409,"independent"
6,2410,"independent"
6,2411,"independent"
6,2412,"independent"
8,2413,"independent"
4,2414,"independent"
8,2415,"independent"
8,2416,"independent"
4,2417,"independent"
10,2418,"independent"
8,2419,"independent"
6,2420,"independent"
6,2421,"independent"
12,2422,"independent"
8,2423,"independent"
6,2424,"independent"
8,2425,"independent"
6,2426,"independent"
6,2427,"independent"
10,2428,"independent"
14,2429,"independent"
4,2430,"independent"
6,2431,"independent"
8,2432,"independent"
14,2433,"independent"
6,2434,"independent"
6,2435,"independent"
8,2436,"independent"
12,2437,"independent"
8,2438,"independent"
6,2439,"independent"
12,2440,"independent"
8,2441,"independent"
8,2442,"independent"
10,2443,"independent"
10,2444,"independent"
8,2445,"independent"
10,2446,"independent"
6,2447,"independent"
4,2448,"independent"
8,2449,"independent"
8,2450,"independent"
2,2451,"independent"
8,2452,"independent"
8,2453,"independent"
6,2454,"independent"
8,2455,"independent"
12,2456,"independent"
8,2457,"independent"
8,2458,"independent"
8,2459,"independent"
10,2460,"independent"
8,2461,"independent"
6,2462,"independent"
10,2463,"independent"
8,2464,"independent"
8,2465,"independent"
10,2466,"independent"
6,2467,"independent"
12,2468,"independent"
6,2469,"independent"
10,2470,"independent"
6,2471,"independent"
8,2472,"independent"
8,2473,"independent"
14,2474,"independent"
6,2475,"independent"
12,2476,"independent"
10,2477,"independent"
10,2478,"independent"
10,2479,"independent"
10,2480,"independent"
10,2481,"independent"
6,2482,"independent"
8,2483,"independent"
10,2484,"independent"
6,2485,"independent"
8,2486,"independent"
4,2487,"independent"
8,2488,"independent"
10,2489,"independent"
4,2490,"independent"
12,2491,"independent"
12,2492,"independent"
10,2493,"independent"
10,2494,"independent"
10,2495,"independent"
6,2496,"independent"
6,2497,"independent"
10,2498,"independent"
12,2499,"independent"
10,2500,"independent"
8,2501,"independent"
4,2502,"independent"
8,2503,"independent"
12,2504,"independent"
8,2505,"independent"
14,2506,"independent"
8,2507,"independent"
8,2508,"independent"
8,2509,"independent"
12,2510,"independent"
4,2511,"independent"
6,2512,"independent"
6,2513,"independent"
8,2514,"independent"
6,2515,"independent"
10,2516,"independent"
4,2517,"independent"
8,2518,"independent"
8,2519,"independent"
6,2520,"independent"
10,2521,"independent"
6,2522,"independent"
6,2523,"independent"
8,2524,"independent"
6,2525,"independent"
8,2526,"independent"
4,2527,"independent"
8,2528,"independent"
0,2529,"independent"
6,2530,"independent"
6,2531,"independent"
8,2532,"independent"
6,2533,"independent"
10,2534,"independent"
6,2535,"independent"
4,2536,"independent"
8,2537,"independent"
10,2538,"independent"
8,2539,"independent"
8,2540,"independent"
10,2541,"independent"
8,2542,"independent"
8,2543,"independent"
4,2544,"independent"
8,2545,"independent"
12,2546,"independent"
12,2547,"independent"
6,2548,"independent"
12,2549,"independent"
8,2550,"independent"
6,2551,"independent"
8,2552,"independent"
12,2553,"independent"
4,2554,"independent"
8,2555,"independent"
2,2556,"independent"
8,2557,"independent"
8,2558,"independent"
12,2559,"independent"
6,2560,"independent"
10,2561,"independent"
8,2562,"independent"
8,2563,"independent"
6,2564,"independent"
10,2565,"independent"
6,2566,"independent"
8,2567,"independent"
6,2568,"independent"
10,2569,"independent"
4,2570,"independent"
8,2571,"independent"
6,2572,"independent"
8,2573,"independent"
8,2574,"independent"
10,2575,"independent"
10,2576,"independent"
10,2577,"independent"
8,2578,"independent"
14,2579,"independent"
12,2580,"independent"
10,2581,"independent"
6,2582,"independent"
6,2583,"independent"
8,2584,"independent"
8,2585,"independent"
10,2586,"independent"
4,2587,"independent"
6,2588,"independent"
10,2589,"independent"
12,2590,"independent"
12,2591,"independent"
6,2592,"independent"
6,2593,"independent"
10,2594,"independent"
10,2595,"independent"
14,2596,"independent"
6,2597,"independent"
8,2598,"independent"
8,2599,"independent"
10,2600,"independent"
10,2601,"independent"
10,2602,"independent"
6,2603,"independent"
10,2604,"independent"
2,2605,"independent"
6,2606,"independent"
8,2607,"independent"
6,2608,"independent"
4,2609,"independent"
8,2610,"independent"
4,2611,"independent"
8,2612,"independent"
4,2613,"independent"
4,2614,"independent"
6,2615,"independent"
8,2616,"independent"
10,2617,"independent"
2,2618,"independent"
6,2619,"independent"
8,2620,"independent"
8,2621,"independent"
2,2622,"independent"
8,2623,"independent"
6,2624,"independent"
6,2625,"independent"
10,2626,"independent"
8,2627,"independent"
8,2628,"independent"
4,2629,"independent"
6,2630,"independent"
6,2631,"independent"
8,2632,"independent"
8,2633,"independent"
8,2634,"independent"
10,2635,"independent"
8,2636,"independent"
12,2637,"independent"
4,2638,"independent"
8,2639,"independent"
6,2640,"independent"
6,2641,"independent"
6,2642,"independent"
4,2643,"independent"
10,2644,"independent"
12,2645,"independent"
6,2646,"independent"
6,2647,"independent"
4,2648,"independent"
10,2649,"independent"
4,2650,"independent"
10,2651,"independent"
12,2652,"independent"
8,2653,"independent"
12,2654,"independent"
8,2655,"independent"
8,2656,"independent"
6,2657,"independent"
6,2658,"independent"
8,2659,"independent"
8,2660,"independent"
10,2661,"independent"
8,2662,"independent"
6,2663,"independent"
12,2664,"independent"
8,2665,"independent"
6,2666,"independent"
6,2667,"independent"
12,2668,"independent"
6,2669,"independent"
10,2670,"independent"
12,2671,"independent"
8,2672,"independent"
8,2673,"independent"
10,2674,"independent"
8,2675,"independent"
12,2676,"independent"
8,2677,"independent"
10,2678,"independent"
6,2679,"independent"
12,2680,"independent"
10,2681,"independent"
4,2682,"independent"
8,2683,"independent"
8,2684,"independent"
8,2685,"independent"
12,2686,"independent"
6,2687,"independent"
6,2688,"independent"
10,2689,"independent"
4,2690,"independent"
6,2691,"independent"
10,2692,"independent"
6,2693,"independent"
8,2694,"independent"
10,2695,"independent"
4,2696,"independent"
6,2697,"independent"
8,2698,"independent"
10,2699,"independent"
6,2700,"independent"
6,2701,"independent"
6,2702,"independent"
14,2703,"independent"
8,2704,"independent"
10,2705,"independent"
10,2706,"independent"
10,2707,"independent"
4,2708,"independent"
6,2709,"independent"
10,2710,"independent"
6,2711,"independent"
10,2712,"independent"
10,2713,"independent"
6,2714,"independent"
8,2715,"independent"
8,2716,"independent"
8,2717,"independent"
10,2718,"independent"
10,2719,"independent"
8,2720,"independent"
10,2721,"independent"
8,2722,"independent"
8,2723,"independent"
8,2724,"independent"
8,2725,"independent"
8,2726,"independent"
8,2727,"independent"
8,2728,"independent"
12,2729,"independent"
12,2730,"independent"
10,2731,"independent"
2,2732,"independent"
6,2733,"independent"
8,2734,"independent"
4,2735,"independent"
6,2736,"independent"
8,2737,"independent"
8,2738,"independent"
8,2739,"independent"
8,2740,"independent"
10,2741,"independent"
8,2742,"independent"
12,2743,"independent"
8,2744,"independent"
8,2745,"independent"
8,2746,"independent"
6,2747,"independent"
12,2748,"independent"
8,2749,"independent"
6,2750,"independent"
10,2751,"independent"
4,2752,"independent"
8,2753,"independent"
6,2754,"independent"
6,2755,"independent"
8,2756,"independent"
8,2757,"independent"
8,2758,"independent"
8,2759,"independent"
8,2760,"independent"
10,2761,"independent"
6,2762,"independent"
6,2763,"independent"
6,2764,"independent"
6,2765,"independent"
8,2766,"independent"
6,2767,"independent"
8,2768,"independent"
4,2769,"independent"
8,2770,"independent"
6,2771,"independent"
10,2772,"independent"
8,2773,"independent"
6,2774,"independent"
10,2775,"independent"
12,2776,"independent"
14,2777,"independent"
6,2778,"independent"
6,2779,"independent"
8,2780,"independent"
4,2781,"independent"
8,2782,"independent"
4,2783,"independent"
6,2784,"independent"
4,2785,"independent"
8,2786,"independent"
8,2787,"independent"
12,2788,"independent"
2,2789,"independent"
8,2790,"independent"
8,2791,"independent"
10,2792,"independent"
10,2793,"independent"
6,2794,"independent"
8,2795,"independent"
10,2796,"independent"
8,2797,"independent"
12,2798,"independent"
4,2799,"independent"
6,2800,"independent"
4,2801,"independent"
4,2802,"independent"
8,2803,"independent"
6,2804,"independent"
6,2805,"independent"
8,2806,"independent"
10,2807,"independent"
10,2808,"independent"
8,2809,"independent"
6,2810,"independent"
8,2811,"independent"
12,2812,"independent"
12,2813,"independent"
6,2814,"independent"
14,2815,"independent"
10,2816,"independent"
8,2817,"independent"
6,2818,"independent"
14,2819,"independent"
14,2820,"independent"
8,2821,"independent"
10,2822,"independent"
10,2823,"independent"
8,2824,"independent"
8,2825,"independent"
10,2826,"independent"
12,2827,"independent"
12,2828,"independent"
6,2829,"independent"
10,2830,"independent"
10,2831,"independent"
10,2832,"independent"
10,2833,"independent"
6,2834,"independent"
4,2835,"independent"
10,2836,"independent"
4,2837,"independent"
8,2838,"independent"
6,2839,"independent"
12,2840,"independent"
4,2841,"independent"
6,2842,"independent"
4,2843,"independent"
12,2844,"independent"
10,2845,"independent"
6,2846,"independent"
12,2847,"independent"
10,2848,"independent"
10,2849,"independent"
10,2850,"independent"
8,2851,"independent"
6,2852,"independent"
8,2853,"independent"
6,2854,"independent"
6,2855,"independent"
10,2856,"independent"
12,2857,"independent"
6,2858,"independent"
8,2859,"independent"
8,2860,"independent"
8,2861,"independent"
8,2862,"independent"
8,2863,"independent"
2,2864,"independent"
6,2865,"independent"
6,2866,"independent"
12,2867,"independent"
10,2868,"independent"
6,2869,"independent"
8,2870,"independent"
10,2871,"independent"
8,2872,"independent"
8,2873,"independent"
10,2874,"independent"
8,2875,"independent"
4,2876,"independent"
6,2877,"independent"
10,2878,"independent"
8,2879,"independent"
8,2880,"independent"
10,2881,"independent"
10,2882,"independent"
8,2883,"independent"
6,2884,"independent"
10,2885,"independent"
4,2886,"independent"
6,2887,"independent"
6,2888,"independent"
10,2889,"independent"
10,2890,"independent"
10,2891,"independent"
8,2892,"independent"
12,2893,"independent"
4,2894,"independent"
10,2895,"independent"
8,2896,"independent"
6,2897,"independent"
10,2898,"independent"
6,2899,"independent"
6,2900,"independent"
2,2901,"independent"
4,2902,"independent"
6,2903,"independent"
6,2904,"independent"
6,2905,"independent"
10,2906,"independent"
12,2907,"independent"
10,2908,"independent"
4,2909,"independent"
6,2910,"independent"
14,2911,"independent"
8,2912,"independent"
8,2913,"independent"
6,2914,"independent"
10,2915,"independent"
8,2916,"independent"
8,2917,"independent"
10,2918,"independent"
8,2919,"independent"
6,2920,"independent"
8,2921,"independent"
6,2922,"independent"
10,2923,"independent"
4,2924,"independent"
10,2925,"independent"
6,2926,"independent"
8,2927,"independent"
10,2928,"independent"
8,2929,"independent"
4,2930,"independent"
8,2931,"independent"
6,2932,"independent"
10,2933,"independent"
8,2934,"independent"
6,2935,"independent"
8,2936,"independent"
8,2937,"independent"
10,2938,"independent"
4,2939,"independent"
8,2940,"independent"
8,2941,"independent"
8,2942,"independent"
8,2943,"independent"
6,2944,"independent"
10,2945,"independent"
10,2946,"independent"
6,2947,"independent"
6,2948,"independent"
10,2949,"independent"
12,2950,"independent"
12,2951,"independent"
6,2952,"independent"
8,2953,"independent"
10,2954,"independent"
6,2955,"independent"
12,2956,"independent"
8,2957,"independent"
12,2958,"independent"
6,2959,"independent"
12,2960,"independent"
6,2961,"independent"
8,2962,"independent"
6,2963,"independent"
6,2964,"independent"
10,2965,"independent"
6,2966,"independent"
6,2967,"independent"
4,2968,"independent"
4,2969,"independent"
6,2970,"independent"
6,2971,"independent"
8,2972,"independent"
6,2973,"independent"
10,2974,"independent"
12,2975,"independent"
8,2976,"independent"
8,2977,"independent"
6,2978,"independent"
6,2979,"independent"
8,2980,"independent"
6,2981,"independent"
10,2982,"independent"
12,2983,"independent"
10,2984,"independent"
6,2985,"independent"
8,2986,"independent"
10,2987,"independent"
6,2988,"independent"
10,2989,"independent"
6,2990,"independent"
8,2991,"independent"
8,2992,"independent"
8,2993,"independent"
6,2994,"independent"
6,2995,"independent"
12,2996,"independent"
10,2997,"independent"
10,2998,"independent"
4,2999,"independent"
8,3000,"independent"
4,3001,"independent"
4,3002,"independent"
4,3003,"independent"
8,3004,"independent"
8,3005,"independent"
6,3006,"independent"
12,3007,"independent"
8,3008,"independent"
12,3009,"independent"
6,3010,"independent"
12,3011,"independent"
10,3012,"independent"
10,3013,"independent"
4,3014,"independent"
6,3015,"independent"
8,3016,"independent"
6,3017,"independent"
6,3018,"independent"
6,3019,"independent"
8,3020,"independent"
8,3021,"independent"
6,3022,"independent"
8,3023,"independent"
6,3024,"independent"
6,3025,"independent"
6,3026,"independent"
8,3027,"independent"
12,3028,"independent"
6,3029,"independent"
12,3030,"independent"
10,3031,"independent"
6,3032,"independent"
8,3033,"independent"
6,3034,"independent"
4,3035,"independent"
8,3036,"independent"
10,3037,"independent"
10,3038,"independent"
10,3039,"independent"
4,3040,"independent"
10,3041,"independent"
12,3042,"independent"
10,3043,"independent"
8,3044,"independent"
12,3045,"independent"
8,3046,"independent"
8,3047,"independent"
6,3048,"independent"
4,3049,"independent"
8,3050,"independent"
8,3051,"independent"
10,3052,"independent"
8,3053,"independent"
10,3054,"independent"
10,3055,"independent"
10,3056,"independent"
12,3057,"independent"
10,3058,"independent"
4,3059,"independent"
8,3060,"independent"
4,3061,"independent"
10,3062,"independent"
6,3063,"independent"
2,3064,"independent"
10,3065,"independent"
10,3066,"independent"
10,3067,"independent"
12,3068,"independent"
8,3069,"independent"
4,3070,"independent"
8,3071,"independent"
8,3072,"independent"
10,3073,"independent"
8,3074,"independent"
6,3075,"independent"
6,3076,"independent"
6,3077,"independent"
10,3078,"independent"
8,3079,"independent"
4,3080,"independent"
4,3081,"independent"
10,3082,"independent"
14,3083,"independent"
10,3084,"independent"
6,3085,"independent"
8,3086,"independent"
10,3087,"independent"
8,3088,"independent"
10,3089,"independent"
12,3090,"independent"
8,3091,"independent"
12,3092,"independent"
8,3093,"independent"
8,3094,"independent"
10,3095,"independent"
10,3096,"independent"
6,3097,"independent"
8,3098,"independent"
10,3099,"independent"
6,3100,"independent"
4,3101,"independent"
8,3102,"independent"
8,3103,"independent"
6,3104,"independent"
8,3105,"independent"
0,3106,"independent"
12,3107,"independent"
10,3108,"independent"
4,3109,"independent"
10,3110,"independent"
6,3111,"independent"
14,3112,"independent"
8,3113,"independent"
6,3114,"independent"
6,3115,"independent"
6,3116,"independent"
10,3117,"independent"
6,3118,"independent"
8,3119,"independent"
2,3120,"independent"
12,3121,"independent"
4,3122,"independent"
8,3123,"independent"
4,3124,"independent"
4,3125,"independent"
8,3126,"independent"
6,3127,"independent"
6,3128,"independent"
10,3129,"independent"
4,3130,"independent"
6,3131,"independent"
8,3132,"independent"
6,3133,"independent"
12,3134,"independent"
10,3135,"independent"
8,3136,"independent"
8,3137,"independent"
12,3138,"independent"
8,3139,"independent"
6,3140,"independent"
8,3141,"independent"
12,3142,"independent"
2,3143,"independent"
8,3144,"independent"
10,3145,"independent"
6,3146,"independent"
6,3147,"independent"
4,3148,"independent"
12,3149,"independent"
10,3150,"independent"
4,3151,"independent"
10,3152,"independent"
4,3153,"independent"
8,3154,"independent"
10,3155,"independent"
10,3156,"independent"
8,3157,"independent"
10,3158,"independent"
10,3159,"independent"
8,3160,"independent"
8,3161,"independent"
10,3162,"independent"
8,3163,"independent"
8,3164,"independent"
6,3165,"independent"
8,3166,"independent"
8,3167,"independent"
6,3168,"independent"
8,3169,"independent"
8,3170,"independent"
2,3171,"independent"
10,3172,"independent"
6,3173,"independent"
10,3174,"independent"
10,3175,"independent"
10,3176,"independent"
8,3177,"independent"
6,3178,"independent"
14,3179,"independent"
10,3180,"independent"
4,3181,"independent"
2,3182,"independent"
12,3183,"independent"
12,3184,"independent"
6,3185,"independent"
4,3186,"independent"
8,3187,"independent"
10,3188,"independent"
14,3189,"independent"
10,3190,"independent"
2,3191,"independent"
10,3192,"independent"
8,3193,"independent"
12,3194,"independent"
10,3195,"independent"
6,3196,"independent"
10,3197,"independent"
10,3198,"independent"
8,3199,"independent"
6,3200,"independent"
10,3201,"independent"
4,3202,"independent"
4,3203,"independent"
10,3204,"independent"
10,3205,"independent"
10,3206,"independent"
14,3207,"independent"
8,3208,"independent"
12,3209,"independent"
8,3210,"independent"
8,3211,"independent"
8,3212,"independent"
4,3213,"independent"
4,3214,"independent"
8,3215,"independent"
10,3216,"independent"
12,3217,"independent"
10,3218,"independent"
10,3219,"independent"
8,3220,"independent"
6,3221,"independent"
6,3222,"independent"
12,3223,"independent"
8,3224,"independent"
10,3225,"independent"
8,3226,"independent"
8,3227,"independent"
4,3228,"independent"
4,3229,"independent"
6,3230,"independent"
8,3231,"independent"
6,3232,"independent"
4,3233,"independent"
4,3234,"independent"
4,3235,"independent"
12,3236,"independent"
12,3237,"independent"
10,3238,"independent"
8,3239,"independent"
8,3240,"independent"
12,3241,"independent"
10,3242,"independent"
6,3243,"independent"
8,3244,"independent"
8,3245,"independent"
6,3246,"independent"
10,3247,"independent"
10,3248,"independent"
14,3249,"independent"
8,3250,"independent"
4,3251,"independent"
12,3252,"independent"
6,3253,"independent"
8,3254,"independent"
12,3255,"independent"
12,3256,"independent"
8,3257,"independent"
8,3258,"independent"
6,3259,"independent"
6,3260,"independent"
4,3261,"independent"
8,3262,"independent"
8,3263,"independent"
2,3264,"independent"
8,3265,"independent"
8,3266,"independent"
8,3267,"independent"
6,3268,"independent"
6,3269,"independent"
6,3270,"independent"
10,3271,"independent"
8,3272,"independent"
12,3273,"independent"
6,3274,"independent"
10,3275,"independent"
4,3276,"independent"
12,3277,"independent"
10,3278,"independent"
12,3279,"independent"
8,3280,"independent"
6,3281,"independent"
8,3282,"independent"
12,3283,"independent"
4,3284,"independent"
8,3285,"independent"
8,3286,"independent"
12,3287,"independent"
8,3288,"independent"
6,3289,"independent"
10,3290,"independent"
8,3291,"independent"
12,3292,"independent"
8,3293,"independent"
6,3294,"independent"
6,3295,"independent"
8,3296,"independent"
10,3297,"independent"
8,3298,"independent"
8,3299,"independent"
10,3300,"independent"
6,3301,"independent"
10,3302,"independent"
8,3303,"independent"
8,3304,"independent"
8,3305,"independent"
6,3306,"independent"
8,3307,"independent"
8,3308,"independent"
8,3309,"independent"
10,3310,"independent"
10,3311,"independent"
8,3312,"independent"
4,3313,"independent"
8,3314,"independent"
8,3315,"independent"
4,3316,"independent"
8,3317,"independent"
6,3318,"independent"
8,3319,"independent"
4,3320,"independent"
10,3321,"independent"
6,3322,"independent"
10,3323,"independent"
12,3324,"independent"
12,3325,"independent"
8,3326,"independent"
10,3327,"independent"
6,3328,"independent"
8,3329,"independent"
6,3330,"independent"
8,3331,"independent"
10,3332,"independent"
6,3333,"independent"
10,3334,"independent"
6,3335,"independent"
10,3336,"independent"
10,3337,"independent"
10,3338,"independent"
4,3339,"independent"
6,3340,"independent"
6,3341,"independent"
12,3342,"independent"
8,3343,"independent"
10,3344,"independent"
8,3345,"independent"
8,3346,"independent"
4,3347,"independent"
2,3348,"independent"
8,3349,"independent"
10,3350,"independent"
6,3351,"independent"
8,3352,"independent"
12,3353,"independent"
8,3354,"independent"
10,3355,"independent"
10,3356,"independent"
6,3357,"independent"
12,3358,"independent"
6,3359,"independent"
10,3360,"independent"
8,3361,"independent"
8,3362,"independent"
8,3363,"independent"
8,3364,"independent"
10,3365,"independent"
6,3366,"independent"
6,3367,"independent"
8,3368,"independent"
12,3369,"independent"
8,3370,"independent"
8,3371,"independent"
4,3372,"independent"
12,3373,"independent"
10,3374,"independent"
6,3375,"independent"
10,3376,"independent"
8,3377,"independent"
4,3378,"independent"
10,3379,"independent"
4,3380,"independent"
10,3381,"independent"
6,3382,"independent"
4,3383,"independent"
10,3384,"independent"
6,3385,"independent"
8,3386,"independent"
6,3387,"independent"
12,3388,"independent"
6,3389,"independent"
8,3390,"independent"
2,3391,"independent"
4,3392,"independent"
6,3393,"independent"
10,3394,"independent"
8,3395,"independent"
8,3396,"independent"
8,3397,"independent"
8,3398,"independent"
10,3399,"independent"
8,3400,"independent"
8,3401,"independent"
8,3402,"independent"
6,3403,"independent"
8,3404,"independent"
8,3405,"independent"
8,3406,"independent"
10,3407,"independent"
8,3408,"independent"
8,3409,"independent"
6,3410,"independent"
8,3411,"independent"
8,3412,"independent"
12,3413,"independent"
2,3414,"independent"
0,3415,"independent"
4,3416,"independent"
10,3417,"independent"
10,3418,"independent"
8,3419,"independent"
8,3420,"independent"
8,3421,"independent"
12,3422,"independent"
10,3423,"independent"
8,3424,"independent"
6,3425,"independent"
8,3426,"independent"
8,3427,"independent"
14,3428,"independent"
4,3429,"independent"
10,3430,"independent"
8,3431,"independent"
6,3432,"independent"
10,3433,"independent"
10,3434,"independent"
6,3435,"independent"
8,3436,"independent"
4,3437,"independent"
8,3438,"independent"
8,3439,"independent"
4,3440,"independent"
8,3441,"independent"
10,3442,"independent"
10,3443,"independent"
10,3444,"independent"
10,3445,"independent"
6,3446,"independent"
14,3447,"independent"
12,3448,"independent"
10,3449,"independent"
8,3450,"independent"
8,3451,"independent"
8,3452,"independent"
10,3453,"independent"
8,3454,"independent"
4,3455,"independent"
6,3456,"independent"
10,3457,"independent"
8,3458,"independent"
14,3459,"independent"
4,3460,"independent"
12,3461,"independent"
6,3462,"independent"
10,3463,"independent"
12,3464,"independent"
14,3465,"independent"
4,3466,"independent"
6,3467,"independent"
6,3468,"independent"
8,3469,"independent"
6,3470,"independent"
6,3471,"independent"
10,3472,"independent"
6,3473,"independent"
10,3474,"independent"
10,3475,"independent"
8,3476,"independent"
4,3477,"independent"
6,3478,"independent"
6,3479,"independent"
6,3480,"independent"
6,3481,"independent"
6,3482,"independent"
4,3483,"independent"
6,3484,"independent"
12,3485,"independent"
4,3486,"independent"
10,3487,"independent"
10,3488,"independent"
10,3489,"independent"
14,3490,"independent"
6,3491,"independent"
8,3492,"independent"
6,3493,"independent"
6,3494,"independent"
8,3495,"independent"
6,3496,"independent"
10,3497,"independent"
6,3498,"independent"
6,3499,"independent"
10,3500,"independent"
8,3501,"independent"
6,3502,"independent"
8,3503,"independent"
12,3504,"independent"
6,3505,"independent"
6,3506,"independent"
10,3507,"independent"
6,3508,"independent"
8,3509,"independent"
6,3510,"independent"
8,3511,"independent"
8,3512,"independent"
10,3513,"independent"
6,3514,"independent"
8,3515,"independent"
8,3516,"independent"
8,3517,"independent"
4,3518,"independent"
10,3519,"independent"
8,3520,"independent"
10,3521,"independent"
4,3522,"independent"
12,3523,"independent"
12,3524,"independent"
6,3525,"independent"
10,3526,"independent"
10,3527,"independent"
12,3528,"independent"
6,3529,"independent"
6,3530,"independent"
10,3531,"independent"
6,3532,"independent"
6,3533,"independent"
6,3534,"independent"
10,3535,"independent"
10,3536,"independent"
6,3537,"independent"
8,3538,"independent"
10,3539,"independent"
4,3540,"independent"
10,3541,"independent"
10,3542,"independent"
6,3543,"independent"
10,3544,"independent"
10,3545,"independent"
12,3546,"independent"
10,3547,"independent"
6,3548,"independent"
6,3549,"independent"
8,3550,"independent"
8,3551,"independent"
6,3552,"independent"
8,3553,"independent"
6,3554,"independent"
12,3555,"independent"
10,3556,"independent"
8,3557,"independent"
4,3558,"independent"
8,3559,"independent"
14,3560,"independent"
6,3561,"independent"
6,3562,"independent"
8,3563,"independent"
6,3564,"independent"
10,3565,"independent"
8,3566,"independent"
6,3567,"independent"
4,3568,"independent"
8,3569,"independent"
6,3570,"independent"
6,3571,"independent"
4,3572,"independent"
8,3573,"independent"
6,3574,"independent"
12,3575,"independent"
6,3576,"independent"
8,3577,"independent"
14,3578,"independent"
8,3579,"independent"
10,3580,"independent"
4,3581,"independent"
6,3582,"independent"
12,3583,"independent"
6,3584,"independent"
4,3585,"independent"
6,3586,"independent"
10,3587,"independent"
2,3588,"independent"
6,3589,"independent"
8,3590,"independent"
8,3591,"independent"
10,3592,"independent"
8,3593,"independent"
8,3594,"independent"
12,3595,"independent"
10,3596,"independent"
8,3597,"independent"
6,3598,"independent"
10,3599,"independent"
10,3600,"independent"
8,3601,"independent"
8,3602,"independent"
4,3603,"independent"
10,3604,"independent"
6,3605,"independent"
8,3606,"independent"
8,3607,"independent"
8,3608,"independent"
6,3609,"independent"
10,3610,"independent"
10,3611,"independent"
10,3612,"independent"
10,3613,"independent"
6,3614,"independent"
4,3615,"independent"
10,3616,"independent"
6,3617,"independent"
14,3618,"independent"
8,3619,"independent"
12,3620,"independent"
10,3621,"independent"
6,3622,"independent"
8,3623,"independent"
6,3624,"independent"
8,3625,"independent"
6,3626,"independent"
6,3627,"independent"
8,3628,"independent"
12,3629,"independent"
10,3630,"independent"
2,3631,"independent"
8,3632,"independent"
8,3633,"independent"
10,3634,"independent"
4,3635,"independent"
8,3636,"independent"
8,3637,"independent"
6,3638,"independent"
8,3639,"independent"
4,3640,"independent"
2,3641,"independent"
12,3642,"independent"
8,3643,"independent"
6,3644,"independent"
8,3645,"independent"
10,3646,"independent"
2,3647,"independent"
8,3648,"independent"
12,3649,"independent"
6,3650,"independent"
4,3651,"independent"
8,3652,"independent"
14,3653,"independent"
8,3654,"independent"
6,3655,"independent"
6,3656,"independent"
6,3657,"independent"
12,3658,"independent"
8,3659,"independent"
8,3660,"independent"
10,3661,"independent"
10,3662,"independent"
8,3663,"independent"
2,3664,"independent"
10,3665,"independent"
10,3666,"independent"
8,3667,"independent"
6,3668,"independent"
6,3669,"independent"
10,3670,"independent"
10,3671,"independent"
6,3672,"independent"
6,3673,"independent"
6,3674,"independent"
6,3675,"independent"
6,3676,"independent"
8,3677,"independent"
12,3678,"independent"
8,3679,"independent"
8,3680,"independent"
8,3681,"independent"
6,3682,"independent"
10,3683,"independent"
6,3684,"independent"
8,3685,"independent"
10,3686,"independent"
10,3687,"independent"
4,3688,"independent"
8,3689,"independent"
6,3690,"independent"
6,3691,"independent"
12,3692,"independent"
6,3693,"independent"
10,3694,"independent"
8,3695,"independent"
6,3696,"independent"
12,3697,"independent"
10,3698,"independent"
12,3699,"independent"
8,3700,"independent"
8,3701,"independent"
8,3702,"independent"
6,3703,"independent"
10,3704,"independent"
10,3705,"independent"
10,3706,"independent"
8,3707,"independent"
4,3708,"independent"
6,3709,"independent"
8,3710,"independent"
8,3711,"independent"
10,3712,"independent"
6,3713,"independent"
8,3714,"independent"
8,3715,"independent"
8,3716,"independent"
6,3717,"independent"
8,3718,"independent"
8,3719,"independent"
14,3720,"independent"
8,3721,"independent"
14,3722,"independent"
8,3723,"independent"
6,3724,"independent"
8,3725,"independent"
10,3726,"independent"
10,3727,"independent"
8,3728,"independent"
10,3729,"independent"
6,3730,"independent"
10,3731,"independent"
12,3732,"independent"
10,3733,"independent"
6,3734,"independent"
10,3735,"independent"
10,3736,"independent"
8,3737,"independent"
8,3738,"independent"
10,3739,"independent"
8,3740,"independent"
6,3741,"independent"
10,3742,"independent"
10,3743,"independent"
2,3744,"independent"
4,3745,"independent"
6,3746,"independent"
6,3747,"independent"
6,3748,"independent"
8,3749,"independent"
12,3750,"independent"
6,3751,"independent"
8,3752,"independent"
6,3753,"independent"
10,3754,"independent"
10,3755,"independent"
8,3756,"independent"
10,3757,"independent"
6,3758,"independent"
6,3759,"independent"
8,3760,"independent"
12,3761,"independent"
8,3762,"independent"
12,3763,"independent"
8,3764,"independent"
12,3765,"independent"
8,3766,"independent"
8,3767,"independent"
10,3768,"independent"
8,3769,"independent"
6,3770,"independent"
8,3771,"independent"
4,3772,"independent"
10,3773,"independent"
8,3774,"independent"
10,3775,"independent"
8,3776,"independent"
8,3777,"independent"
6,3778,"independent"
8,3779,"independent"
6,3780,"independent"
10,3781,"independent"
12,3782,"independent"
10,3783,"independent"
16,3784,"independent"
6,3785,"independent"
6,3786,"independent"
6,3787,"independent"
10,3788,"independent"
6,3789,"independent"
8,3790,"independent"
10,3791,"independent"
6,3792,"independent"
12,3793,"independent"
4,3794,"independent"
4,3795,"independent"
6,3796,"independent"
10,3797,"independent"
12,3798,"independent"
4,3799,"independent"
10,3800,"independent"
6,3801,"independent"
6,3802,"independent"
10,3803,"independent"
8,3804,"independent"
8,3805,"independent"
8,3806,"independent"
8,3807,"independent"
8,3808,"independent"
8,3809,"independent"
6,3810,"independent"
8,3811,"independent"
6,3812,"independent"
8,3813,"independent"
6,3814,"independent"
4,3815,"independent"
12,3816,"independent"
10,3817,"independent"
6,3818,"independent"
10,3819,"independent"
4,3820,"independent"
10,3821,"independent"
10,3822,"independent"
6,3823,"independent"
10,3824,"independent"
4,3825,"independent"
6,3826,"independent"
8,3827,"independent"
8,3828,"independent"
6,3829,"independent"
6,3830,"independent"
10,3831,"independent"
10,3832,"independent"
4,3833,"independent"
8,3834,"independent"
10,3835,"independent"
10,3836,"independent"
10,3837,"independent"
8,3838,"independent"
8,3839,"independent"
10,3840,"independent"
6,3841,"independent"
6,3842,"independent"
10,3843,"independent"
12,3844,"independent"
6,3845,"independent"
4,3846,"independent"
12,3847,"independent"
8,3848,"independent"
12,3849,"independent"
12,3850,"independent"
10,3851,"independent"
12,3852,"independent"
10,3853,"independent"
8,3854,"independent"
10,3855,"independent"
6,3856,"independent"
4,3857,"independent"
10,3858,"independent"
10,3859,"independent"
10,3860,"independent"
6,3861,"independent"
8,3862,"independent"
8,3863,"independent"
12,3864,"independent"
12,3865,"independent"
4,3866,"independent"
12,3867,"independent"
12,3868,"independent"
12,3869,"independent"
8,3870,"independent"
10,3871,"independent"
4,3872,"independent"
10,3873,"independent"
10,3874,"independent"
14,3875,"independent"
6,3876,"independent"
10,3877,"independent"
8,3878,"independent"
10,3879,"independent"
8,3880,"independent"
8,3881,"independent"
10,3882,"independent"
8,3883,"independent"
6,3884,"independent"
6,3885,"independent"
6,3886,"independent"
12,3887,"independent"
10,3888,"independent"
8,3889,"independent"
6,3890,"independent"
8,3891,"independent"
8,3892,"independent"
10,3893,"independent"
6,3894,"independent"
10,3895,"independent"
10,3896,"independent"
8,3897,"independent"
10,3898,"independent"
8,3899,"independent"
8,3900,"independent"
12,3901,"independent"
10,3902,"independent"
2,3903,"independent"
8,3904,"independent"
8,3905,"independent"
10,3906,"independent"
6,3907,"independent"
6,3908,"independent"
6,3909,"independent"
10,3910,"independent"
8,3911,"independent"
8,3912,"independent"
8,3913,"independent"
10,3914,"independent"
10,3915,"independent"
6,3916,"independent"
6,3917,"independent"
10,3918,"independent"
8,3919,"independent"
6,3920,"independent"
6,3921,"independent"
4,3922,"independent"
6,3923,"independent"
10,3924,"independent"
12,3925,"independent"
8,3926,"independent"
8,3927,"independent"
8,3928,"independent"
6,3929,"independent"
8,3930,"independent"
8,3931,"independent"
6,3932,"independent"
4,3933,"independent"
6,3934,"independent"
8,3935,"independent"
6,3936,"independent"
8,3937,"independent"
8,3938,"independent"
14,3939,"independent"
6,3940,"independent"
10,3941,"independent"
12,3942,"independent"
6,3943,"independent"
10,3944,"independent"
8,3945,"independent"
8,3946,"independent"
10,3947,"independent"
6,3948,"independent"
4,3949,"independent"
8,3950,"independent"
4,3951,"independent"
10,3952,"independent"
10,3953,"independent"
10,3954,"independent"
10,3955,"independent"
6,3956,"independent"
8,3957,"independent"
2,3958,"independent"
6,3959,"independent"
10,3960,"independent"
4,3961,"independent"
8,3962,"independent"
6,3963,"independent"
6,3964,"independent"
8,3965,"independent"
10,3966,"independent"
4,3967,"independent"
10,3968,"independent"
14,3969,"independent"
8,3970,"independent"
10,3971,"independent"
10,3972,"independent"
8,3973,"independent"
2,3974,"independent"
6,3975,"independent"
12,3976,"independent"
8,3977,"independent"
6,3978,"independent"
10,3979,"independent"
8,3980,"independent"
12,3981,"independent"
10,3982,"independent"
10,3983,"independent"
10,3984,"independent"
8,3985,"independent"
6,3986,"independent"
8,3987,"independent"
8,3988,"independent"
8,3989,"independent"
10,3990,"independent"
6,3991,"independent"
6,3992,"independent"
4,3993,"independent"
8,3994,"independent"
4,3995,"independent"
8,3996,"independent"
4,3997,"independent"
4,3998,"independent"
6,3999,"independent"
8,4000,"independent"
8,4001,"independent"
8,4002,"independent"
6,4003,"independent"
6,4004,"independent"
6,4005,"independent"
6,4006,"independent"
12,4007,"independent"
6,4008,"independent"
12,4009,"independent"
8,4010,"independent"
4,4011,"independent"
14,4012,"independent"
12,4013,"independent"
10,4014,"independent"
10,4015,"independent"
6,4016,"independent"
8,4017,"independent"
6,4018,"independent"
10,4019,"independent"
8,4020,"independent"
8,4021,"independent"
8,4022,"independent"
10,4023,"independent"
6,4024,"independent"
8,4025,"independent"
8,4026,"independent"
8,4027,"independent"
8,4028,"independent"
10,4029,"independent"
6,4030,"independent"
8,4031,"independent"
4,4032,"independent"
10,4033,"independent"
8,4034,"independent"
8,4035,"independent"
6,4036,"independent"
4,4037,"independent"
10,4038,"independent"
10,4039,"independent"
6,4040,"independent"
6,4041,"independent"
6,4042,"independent"
6,4043,"independent"
8,4044,"independent"
8,4045,"independent"
6,4046,"independent"
8,4047,"independent"
10,4048,"independent"
10,4049,"independent"
8,4050,"independent"
14,4051,"independent"
12,4052,"independent"
6,4053,"independent"
6,4054,"independent"
6,4055,"independent"
6,4056,"independent"
8,4057,"independent"
10,4058,"independent"
4,4059,"independent"
10,4060,"independent"
8,4061,"independent"
6,4062,"independent"
10,4063,"independent"
8,4064,"independent"
4,4065,"independent"
8,4066,"independent"
12,4067,"independent"
6,4068,"independent"
6,4069,"independent"
10,4070,"independent"
8,4071,"independent"
8,4072,"independent"
12,4073,"independent"
6,4074,"independent"
8,4075,"independent"
6,4076,"independent"
8,4077,"independent"
6,4078,"independent"
6,4079,"independent"
6,4080,"independent"
12,4081,"independent"
10,4082,"independent"
10,4083,"independent"
6,4084,"independent"
8,4085,"independent"
6,4086,"independent"
8,4087,"independent"
8,4088,"independent"
8,4089,"independent"
10,4090,"independent"
8,4091,"independent"
4,4092,"independent"
6,4093,"independent"
10,4094,"independent"
10,4095,"independent"
6,4096,"independent"
6,4097,"independent"
6,4098,"independent"
12,4099,"independent"
6,4100,"independent"
6,4101,"independent"
6,4102,"independent"
6,4103,"independent"
12,4104,"independent"
12,4105,"independent"
10,4106,"independent"
6,4107,"independent"
10,4108,"independent"
12,4109,"independent"
10,4110,"independent"
8,4111,"independent"
6,4112,"independent"
10,4113,"independent"
10,4114,"independent"
14,4115,"independent"
6,4116,"independent"
8,4117,"independent"
8,4118,"independent"
10,4119,"independent"
8,4120,"independent"
12,4121,"independent"
10,4122,"independent"
6,4123,"independent"
10,4124,"independent"
12,4125,"independent"
8,4126,"independent"
6,4127,"independent"
12,4128,"independent"
6,4129,"independent"
8,4130,"independent"
10,4131,"independent"
10,4132,"independent"
6,4133,"independent"
12,4134,"independent"
8,4135,"independent"
8,4136,"independent"
6,4137,"independent"
8,4138,"independent"
8,4139,"independent"
10,4140,"independent"
6,4141,"independent"
10,4142,"independent"
8,4143,"independent"
8,4144,"independent"
4,4145,"independent"
10,4146,"independent"
10,4147,"independent"
12,4148,"independent"
10,4149,"independent"
12,4150,"independent"
10,4151,"independent"
12,4152,"independent"
10,4153,"independent"
6,4154,"independent"
8,4155,"independent"
10,4156,"independent"
8,4157,"independent"
4,4158,"independent"
8,4159,"independent"
10,4160,"independent"
6,4161,"independent"
10,4162,"independent"
8,4163,"independent"
6,4164,"independent"
10,4165,"independent"
10,4166,"independent"
8,4167,"independent"
6,4168,"independent"
8,4169,"independent"
8,4170,"independent"
6,4171,"independent"
8,4172,"independent"
6,4173,"independent"
8,4174,"independent"
6,4175,"independent"
10,4176,"independent"
8,4177,"independent"
10,4178,"independent"
8,4179,"independent"
8,4180,"independent"
10,4181,"independent"
8,4182,"independent"
6,4183,"independent"
4,4184,"independent"
10,4185,"independent"
6,4186,"independent"
6,4187,"independent"
8,4188,"independent"
8,4189,"independent"
8,4190,"independent"
8,4191,"independent"
8,4192,"independent"
8,4193,"independent"
8,4194,"independent"
10,4195,"independent"
10,4196,"independent"
6,4197,"independent"
8,4198,"independent"
6,4199,"independent"
6,4200,"independent"
8,4201,"independent"
8,4202,"independent"
10,4203,"independent"
6,4204,"independent"
8,4205,"independent"
10,4206,"independent"
6,4207,"independent"
4,4208,"independent"
6,4209,"independent"
8,4210,"independent"
4,4211,"independent"
12,4212,"independent"
14,4213,"independent"
6,4214,"independent"
8,4215,"independent"
6,4216,"independent"
12,4217,"independent"
4,4218,"independent"
10,4219,"independent"
10,4220,"independent"
2,4221,"independent"
6,4222,"independent"
8,4223,"independent"
4,4224,"independent"
8,4225,"independent"
6,4226,"independent"
10,4227,"independent"
14,4228,"independent"
10,4229,"independent"
8,4230,"independent"
10,4231,"independent"
8,4232,"independent"
8,4233,"independent"
10,4234,"independent"
8,4235,"independent"
6,4236,"independent"
6,4237,"independent"
6,4238,"independent"
10,4239,"independent"
10,4240,"independent"
10,4241,"independent"
8,4242,"independent"
6,4243,"independent"
10,4244,"independent"
6,4245,"independent"
6,4246,"independent"
8,4247,"independent"
6,4248,"independent"
4,4249,"independent"
6,4250,"independent"
12,4251,"independent"
8,4252,"independent"
8,4253,"independent"
6,4254,"independent"
6,4255,"independent"
10,4256,"independent"
12,4257,"independent"
4,4258,"independent"
12,4259,"independent"
10,4260,"independent"
8,4261,"independent"
10,4262,"independent"
8,4263,"independent"
6,4264,"independent"
8,4265,"independent"
4,4266,"independent"
8,4267,"independent"
6,4268,"independent"
6,4269,"independent"
6,4270,"independent"
8,4271,"independent"
12,4272,"independent"
4,4273,"independent"
10,4274,"independent"
6,4275,"independent"
16,4276,"independent"
6,4277,"independent"
8,4278,"independent"
8,4279,"independent"
6,4280,"independent"
4,4281,"independent"
8,4282,"independent"
6,4283,"independent"
8,4284,"independent"
8,4285,"independent"
10,4286,"independent"
8,4287,"independent"
8,4288,"independent"
10,4289,"independent"
10,4290,"independent"
14,4291,"independent"
8,4292,"independent"
10,4293,"independent"
8,4294,"independent"
6,4295,"independent"
6,4296,"independent"
4,4297,"independent"
8,4298,"independent"
10,4299,"independent"
8,4300,"independent"
10,4301,"independent"
8,4302,"independent"
8,4303,"independent"
6,4304,"independent"
4,4305,"independent"
4,4306,"independent"
8,4307,"independent"
10,4308,"independent"
6,4309,"independent"
8,4310,"independent"
6,4311,"independent"
6,4312,"independent"
8,4313,"independent"
8,4314,"independent"
14,4315,"independent"
8,4316,"independent"
6,4317,"independent"
6,4318,"independent"
10,4319,"independent"
6,4320,"independent"
10,4321,"independent"
8,4322,"independent"
6,4323,"independent"
10,4324,"independent"
8,4325,"independent"
8,4326,"independent"
10,4327,"independent"
6,4328,"independent"
8,4329,"independent"
6,4330,"independent"
10,4331,"independent"
6,4332,"independent"
8,4333,"independent"
10,4334,"independent"
8,4335,"independent"
4,4336,"independent"
12,4337,"independent"
4,4338,"independent"
10,4339,"independent"
12,4340,"independent"
10,4341,"independent"
8,4342,"independent"
8,4343,"independent"
8,4344,"independent"
6,4345,"independent"
4,4346,"independent"
8,4347,"independent"
4,4348,"independent"
10,4349,"independent"
12,4350,"independent"
6,4351,"independent"
4,4352,"independent"
12,4353,"independent"
8,4354,"independent"
6,4355,"independent"
10,4356,"independent"
6,4357,"independent"
8,4358,"independent"
4,4359,"independent"
10,4360,"independent"
12,4361,"independent"
6,4362,"independent"
6,4363,"independent"
6,4364,"independent"
8,4365,"independent"
10,4366,"independent"
4,4367,"independent"
8,4368,"independent"
6,4369,"independent"
10,4370,"independent"
2,4371,"independent"
8,4372,"independent"
8,4373,"independent"
12,4374,"independent"
6,4375,"independent"
6,4376,"independent"
12,4377,"independent"
6,4378,"independent"
6,4379,"independent"
10,4380,"independent"
8,4381,"independent"
8,4382,"independent"
6,4383,"independent"
6,4384,"independent"
6,4385,"independent"
6,4386,"independent"
4,4387,"independent"
6,4388,"independent"
6,4389,"independent"
12,4390,"independent"
10,4391,"independent"
6,4392,"independent"
10,4393,"independent"
6,4394,"independent"
4,4395,"independent"
6,4396,"independent"
6,4397,"independent"
8,4398,"independent"
10,4399,"independent"
6,4400,"independent"
8,4401,"independent"
12,4402,"independent"
6,4403,"independent"
8,4404,"independent"
8,4405,"independent"
4,4406,"independent"
12,4407,"independent"
8,4408,"independent"
6,4409,"independent"
6,4410,"independent"
10,4411,"independent"
8,4412,"independent"
8,4413,"independent"
6,4414,"independent"
8,4415,"independent"
6,4416,"independent"
8,4417,"independent"
12,4418,"independent"
8,4419,"independent"
6,4420,"independent"
4,4421,"independent"
8,4422,"independent"
8,4423,"independent"
8,4424,"independent"
10,4425,"independent"
8,4426,"independent"
6,4427,"independent"
8,4428,"independent"
6,4429,"independent"
8,4430,"independent"
8,4431,"independent"
6,4432,"independent"
10,4433,"independent"
8,4434,"independent"
8,4435,"independent"
8,4436,"independent"
8,4437,"independent"
4,4438,"independent"
10,4439,"independent"
6,4440,"independent"
8,4441,"independent"
12,4442,"independent"
8,4443,"independent"
4,4444,"independent"
6,4445,"independent"
10,4446,"independent"
10,4447,"independent"
4,4448,"independent"
10,4449,"independent"
10,4450,"independent"
12,4451,"independent"
6,4452,"independent"
10,4453,"independent"
8,4454,"independent"
10,4455,"independent"
10,4456,"independent"
6,4457,"independent"
10,4458,"independent"
12,4459,"independent"
12,4460,"independent"
12,4461,"independent"
4,4462,"independent"
10,4463,"independent"
8,4464,"independent"
6,4465,"independent"
8,4466,"independent"
10,4467,"independent"
14,4468,"independent"
8,4469,"independent"
10,4470,"independent"
8,4471,"independent"
10,4472,"independent"
8,4473,"independent"
8,4474,"independent"
4,4475,"independent"
10,4476,"independent"
10,4477,"independent"
8,4478,"independent"
6,4479,"independent"
4,4480,"independent"
6,4481,"independent"
8,4482,"independent"
8,4483,"independent"
6,4484,"independent"
10,4485,"independent"
6,4486,"independent"
10,4487,"independent"
10,4488,"independent"
6,4489,"independent"
6,4490,"independent"
4,4491,"independent"
6,4492,"independent"
10,4493,"independent"
6,4494,"independent"
8,4495,"independent"
2,4496,"independent"
10,4497,"independent"
8,4498,"independent"
6,4499,"independent"
8,4500,"independent"
8,4501,"independent"
12,4502,"independent"
6,4503,"independent"
6,4504,"independent"
4,4505,"independent"
8,4506,"independent"
8,4507,"independent"
8,4508,"independent"
6,4509,"independent"
6,4510,"independent"
4,4511,"independent"
4,4512,"independent"
4,4513,"independent"
8,4514,"independent"
10,4515,"independent"
12,4516,"independent"
8,4517,"independent"
10,4518,"independent"
8,4519,"independent"
10,4520,"independent"
10,4521,"independent"
6,4522,"independent"
10,4523,"independent"
6,4524,"independent"
8,4525,"independent"
6,4526,"independent"
6,4527,"independent"
8,4528,"independent"
4,4529,"independent"
12,4530,"independent"
12,4531,"independent"
10,4532,"independent"
14,4533,"independent"
4,4534,"independent"
6,4535,"independent"
6,4536,"independent"
8,4537,"independent"
12,4538,"independent"
10,4539,"independent"
12,4540,"independent"
6,4541,"independent"
10,4542,"independent"
4,4543,"independent"
6,4544,"independent"
10,4545,"independent"
6,4546,"independent"
6,4547,"independent"
8,4548,"independent"
10,4549,"independent"
10,4550,"independent"
6,4551,"independent"
10,4552,"independent"
6,4553,"independent"
6,4554,"independent"
12,4555,"independent"
10,4556,"independent"
8,4557,"independent"
10,4558,"independent"
8,4559,"independent"
6,4560,"independent"
10,4561,"independent"
10,4562,"independent"
6,4563,"independent"
10,4564,"independent"
8,4565,"independent"
4,4566,"independent"
10,4567,"independent"
6,4568,"independent"
14,4569,"independent"
8,4570,"independent"
8,4571,"independent"
6,4572,"independent"
6,4573,"independent"
8,4574,"independent"
8,4575,"independent"
10,4576,"independent"
6,4577,"independent"
10,4578,"independent"
8,4579,"independent"
12,4580,"independent"
8,4581,"independent"
4,4582,"independent"
16,4583,"independent"
8,4584,"independent"
10,4585,"independent"
6,4586,"independent"
6,4587,"independent"
8,4588,"independent"
4,4589,"independent"
8,4590,"independent"
10,4591,"independent"
8,4592,"independent"
8,4593,"independent"
12,4594,"independent"
10,4595,"independent"
12,4596,"independent"
12,4597,"independent"
8,4598,"independent"
10,4599,"independent"
6,4600,"independent"
6,4601,"independent"
8,4602,"independent"
8,4603,"independent"
6,4604,"independent"
4,4605,"independent"
4,4606,"independent"
2,4607,"independent"
8,4608,"independent"
6,4609,"independent"
8,4610,"independent"
6,4611,"independent"
6,4612,"independent"
8,4613,"independent"
10,4614,"independent"
4,4615,"independent"
8,4616,"independent"
8,4617,"independent"
4,4618,"independent"
12,4619,"independent"
10,4620,"independent"
12,4621,"independent"
4,4622,"independent"
8,4623,"independent"
4,4624,"independent"
8,4625,"independent"
10,4626,"independent"
8,4627,"independent"
8,4628,"independent"
8,4629,"independent"
10,4630,"independent"
4,4631,"independent"
6,4632,"independent"
10,4633,"independent"
6,4634,"independent"
6,4635,"independent"
14,4636,"independent"
12,4637,"independent"
8,4638,"independent"
6,4639,"independent"
8,4640,"independent"
10,4641,"independent"
6,4642,"independent"
8,4643,"independent"
6,4644,"independent"
8,4645,"independent"
8,4646,"independent"
6,4647,"independent"
10,4648,"independent"
8,4649,"independent"
12,4650,"independent"
4,4651,"independent"
8,4652,"independent"
10,4653,"independent"
8,4654,"independent"
8,4655,"independent"
8,4656,"independent"
8,4657,"independent"
6,4658,"independent"
6,4659,"independent"
8,4660,"independent"
8,4661,"independent"
6,4662,"independent"
12,4663,"independent"
6,4664,"independent"
8,4665,"independent"
8,4666,"independent"
8,4667,"independent"
12,4668,"independent"
2,4669,"independent"
4,4670,"independent"
6,4671,"independent"
6,4672,"independent"
8,4673,"independent"
8,4674,"independent"
8,4675,"independent"
14,4676,"independent"
8,4677,"independent"
8,4678,"independent"
10,4679,"independent"
4,4680,"independent"
10,4681,"independent"
10,4682,"independent"
10,4683,"independent"
10,4684,"independent"
4,4685,"independent"
8,4686,"independent"
6,4687,"independent"
8,4688,"independent"
12,4689,"independent"
12,4690,"independent"
12,4691,"independent"
6,4692,"independent"
6,4693,"independent"
10,4694,"independent"
10,4695,"independent"
8,4696,"independent"
4,4697,"independent"
8,4698,"independent"
10,4699,"independent"
2,4700,"independent"
2,4701,"independent"
6,4702,"independent"
8,4703,"independent"
10,4704,"independent"
4,4705,"independent"
14,4706,"independent"
4,4707,"independent"
4,4708,"independent"
12,4709,"independent"
6,4710,"independent"
2,4711,"independent"
8,4712,"independent"
8,4713,"independent"
8,4714,"independent"
10,4715,"independent"
12,4716,"independent"
6,4717,"independent"
10,4718,"independent"
10,4719,"independent"
6,4720,"independent"
12,4721,"independent"
10,4722,"independent"
10,4723,"independent"
14,4724,"independent"
10,4725,"independent"
8,4726,"independent"
12,4727,"independent"
8,4728,"independent"
8,4729,"independent"
6,4730,"independent"
8,4731,"independent"
10,4732,"independent"
10,4733,"independent"
4,4734,"independent"
8,4735,"independent"
6,4736,"independent"
10,4737,"independent"
8,4738,"independent"
12,4739,"independent"
8,4740,"independent"
8,4741,"independent"
14,4742,"independent"
8,4743,"independent"
8,4744,"independent"
8,4745,"independent"
10,4746,"independent"
8,4747,"independent"
4,4748,"independent"
10,4749,"independent"
8,4750,"independent"
6,4751,"independent"
6,4752,"independent"
8,4753,"independent"
10,4754,"independent"
4,4755,"independent"
8,4756,"independent"
8,4757,"independent"
8,4758,"independent"
6,4759,"independent"
6,4760,"independent"
14,4761,"independent"
10,4762,"independent"
8,4763,"independent"
12,4764,"independent"
8,4765,"independent"
8,4766,"independent"
2,4767,"independent"
12,4768,"independent"
8,4769,"independent"
10,4770,"independent"
8,4771,"independent"
10,4772,"independent"
8,4773,"independent"
6,4774,"independent"
10,4775,"independent"
6,4776,"independent"
8,4777,"independent"
8,4778,"independent"
6,4779,"independent"
10,4780,"independent"
10,4781,"independent"
8,4782,"independent"
6,4783,"independent"
8,4784,"independent"
10,4785,"independent"
6,4786,"independent"
8,4787,"independent"
8,4788,"independent"
10,4789,"independent"
10,4790,"independent"
12,4791,"independent"
8,4792,"independent"
10,4793,"independent"
10,4794,"independent"
8,4795,"independent"
8,4796,"independent"
6,4797,"independent"
6,4798,"independent"
10,4799,"independent"
8,4800,"independent"
8,4801,"independent"
10,4802,"independent"
8,4803,"independent"
14,4804,"independent"
8,4805,"independent"
8,4806,"independent"
6,4807,"independent"
8,4808,"independent"
10,4809,"independent"
4,4810,"independent"
8,4811,"independent"
4,4812,"independent"
16,4813,"independent"
10,4814,"independent"
6,4815,"independent"
6,4816,"independent"
8,4817,"independent"
6,4818,"independent"
6,4819,"independent"
4,4820,"independent"
6,4821,"independent"
6,4822,"independent"
6,4823,"independent"
6,4824,"independent"
10,4825,"independent"
10,4826,"independent"
8,4827,"independent"
6,4828,"independent"
6,4829,"independent"
8,4830,"independent"
16,4831,"independent"
4,4832,"independent"
8,4833,"independent"
4,4834,"independent"
4,4835,"independent"
8,4836,"independent"
4,4837,"independent"
8,4838,"independent"
12,4839,"independent"
10,4840,"independent"
12,4841,"independent"
10,4842,"independent"
8,4843,"independent"
10,4844,"independent"
12,4845,"independent"
6,4846,"independent"
8,4847,"independent"
12,4848,"independent"
6,4849,"independent"
12,4850,"independent"
12,4851,"independent"
2,4852,"independent"
6,4853,"independent"
8,4854,"independent"
8,4855,"independent"
10,4856,"independent"
8,4857,"independent"
8,4858,"independent"
8,4859,"independent"
8,4860,"independent"
10,4861,"independent"
8,4862,"independent"
6,4863,"independent"
8,4864,"independent"
8,4865,"independent"
10,4866,"independent"
12,4867,"independent"
8,4868,"independent"
4,4869,"independent"
12,4870,"independent"
6,4871,"independent"
8,4872,"independent"
10,4873,"independent"
4,4874,"independent"
14,4875,"independent"
6,4876,"independent"
8,4877,"independent"
4,4878,"independent"
10,4879,"independent"
8,4880,"independent"
8,4881,"independent"
12,4882,"independent"
6,4883,"independent"
6,4884,"independent"
12,4885,"independent"
6,4886,"independent"
8,4887,"independent"
6,4888,"independent"
12,4889,"independent"
8,4890,"independent"
6,4891,"independent"
6,4892,"independent"
6,4893,"independent"
8,4894,"independent"
8,4895,"independent"
2,4896,"independent"
12,4897,"independent"
8,4898,"independent"
12,4899,"independent"
6,4900,"independent"
4,4901,"independent"
6,4902,"independent"
12,4903,"independent"
6,4904,"independent"
12,4905,"independent"
6,4906,"independent"
8,4907,"independent"
4,4908,"independent"
8,4909,"independent"
8,4910,"independent"
4,4911,"independent"
6,4912,"independent"
8,4913,"independent"
4,4914,"independent"
12,4915,"independent"
8,4916,"independent"
10,4917,"independent"
10,4918,"independent"
12,4919,"independent"
10,4920,"independent"
2,4921,"independent"
12,4922,"independent"
12,4923,"independent"
4,4924,"independent"
12,4925,"independent"
4,4926,"independent"
10,4927,"independent"
10,4928,"independent"
8,4929,"independent"
10,4930,"independent"
10,4931,"independent"
4,4932,"independent"
10,4933,"independent"
12,4934,"independent"
8,4935,"independent"
8,4936,"independent"
12,4937,"independent"
10,4938,"independent"
8,4939,"independent"
10,4940,"independent"
14,4941,"independent"
4,4942,"independent"
12,4943,"independent"
10,4944,"independent"
6,4945,"independent"
8,4946,"independent"
6,4947,"independent"
4,4948,"independent"
8,4949,"independent"
4,4950,"independent"
10,4951,"independent"
8,4952,"independent"
8,4953,"independent"
6,4954,"independent"
6,4955,"independent"
8,4956,"independent"
8,4957,"independent"
8,4958,"independent"
8,4959,"independent"
10,4960,"independent"
14,4961,"independent"
10,4962,"independent"
8,4963,"independent"
8,4964,"independent"
14,4965,"independent"
10,4966,"independent"
4,4967,"independent"
10,4968,"independent"
10,4969,"independent"
6,4970,"independent"
12,4971,"independent"
10,4972,"independent"
10,4973,"independent"
8,4974,"independent"
6,4975,"independent"
8,4976,"independent"
6,4977,"independent"
8,4978,"independent"
6,4979,"independent"
6,4980,"independent"
12,4981,"independent"
10,4982,"independent"
10,4983,"independent"
10,4984,"independent"
10,4985,"independent"
8,4986,"independent"
8,4987,"independent"
14,4988,"independent"
4,4989,"independent"
6,4990,"independent"
10,4991,"independent"
12,4992,"independent"
8,4993,"independent"
6,4994,"independent"
8,4995,"independent"
12,4996,"independent"
10,4997,"independent"
8,4998,"independent"
8,4999,"independent"
8,5000,"independent"
10,5001,"independent"
4,5002,"independent"
6,5003,"independent"
12,5004,"independent"
8,5005,"independent"
8,5006,"independent"
8,5007,"independent"
6,5008,"independent"
10,5009,"independent"
12,5010,"independent"
4,5011,"independent"
8,5012,"independent"
2,5013,"independent"
10,5014,"independent"
4,5015,"independent"
10,5016,"independent"
8,5017,"independent"
8,5018,"independent"
6,5019,"independent"
6,5020,"independent"
8,5021,"independent"
12,5022,"independent"
10,5023,"independent"
4,5024,"independent"
6,5025,"independent"
10,5026,"independent"
2,5027,"independent"
10,5028,"independent"
12,5029,"independent"
8,5030,"independent"
10,5031,"independent"
12,5032,"independent"
12,5033,"independent"
4,5034,"independent"
10,5035,"independent"
10,5036,"independent"
4,5037,"independent"
8,5038,"independent"
8,5039,"independent"
10,5040,"independent"
6,5041,"independent"
8,5042,"independent"
6,5043,"independent"
6,5044,"independent"
6,5045,"independent"
8,5046,"independent"
10,5047,"independent"
8,5048,"independent"
8,5049,"independent"
12,5050,"independent"
14,5051,"independent"
10,5052,"independent"
10,5053,"independent"
8,5054,"independent"
4,5055,"independent"
12,5056,"independent"
6,5057,"independent"
6,5058,"independent"
10,5059,"independent"
8,5060,"independent"
16,5061,"independent"
8,5062,"independent"
10,5063,"independent"
4,5064,"independent"
8,5065,"independent"
6,5066,"independent"
12,5067,"independent"
10,5068,"independent"
14,5069,"independent"
6,5070,"independent"
12,5071,"independent"
6,5072,"independent"
8,5073,"independent"
12,5074,"independent"
6,5075,"independent"
6,5076,"independent"
8,5077,"independent"
10,5078,"independent"
8,5079,"independent"
6,5080,"independent"
12,5081,"independent"
8,5082,"independent"
10,5083,"independent"
10,5084,"independent"
12,5085,"independent"
8,5086,"independent"
10,5087,"independent"
8,5088,"independent"
8,5089,"independent"
6,5090,"independent"
6,5091,"independent"
8,5092,"independent"
6,5093,"independent"
4,5094,"independent"
4,5095,"independent"
6,5096,"independent"
4,5097,"independent"
8,5098,"independent"
8,5099,"independent"
8,5100,"independent"
8,5101,"independent"
8,5102,"independent"
6,5103,"independent"
10,5104,"independent"
8,5105,"independent"
14,5106,"independent"
12,5107,"independent"
12,5108,"independent"
6,5109,"independent"
2,5110,"independent"
8,5111,"independent"
10,5112,"independent"
8,5113,"independent"
10,5114,"independent"
8,5115,"independent"
10,5116,"independent"
14,5117,"independent"
6,5118,"independent"
6,5119,"independent"
6,5120,"independent"
10,5121,"independent"
8,5122,"independent"
6,5123,"independent"
10,5124,"independent"
8,5125,"independent"
6,5126,"independent"
8,5127,"independent"
6,5128,"independent"
8,5129,"independent"
8,5130,"independent"
6,5131,"independent"
8,5132,"independent"
6,5133,"independent"
6,5134,"independent"
10,5135,"independent"
4,5136,"independent"
8,5137,"independent"
6,5138,"independent"
8,5139,"independent"
2,5140,"independent"
6,5141,"independent"
6,5142,"independent"
8,5143,"independent"
8,5144,"independent"
12,5145,"independent"
6,5146,"independent"
8,5147,"independent"
8,5148,"independent"
14,5149,"independent"
4,5150,"independent"
4,5151,"independent"
6,5152,"independent"
14,5153,"independent"
4,5154,"independent"
10,5155,"independent"
6,5156,"independent"
10,5157,"independent"
10,5158,"independent"
4,5159,"independent"
8,5160,"independent"
6,5161,"independent"
6,5162,"independent"
10,5163,"independent"
8,5164,"independent"
6,5165,"independent"
12,5166,"independent"
6,5167,"independent"
4,5168,"independent"
8,5169,"independent"
10,5170,"independent"
6,5171,"independent"
6,5172,"independent"
6,5173,"independent"
8,5174,"independent"
6,5175,"independent"
4,5176,"independent"
10,5177,"independent"
8,5178,"independent"
8,5179,"independent"
2,5180,"independent"
8,5181,"independent"
10,5182,"independent"
10,5183,"independent"
8,5184,"independent"
6,5185,"independent"
10,5186,"independent"
8,5187,"independent"
8,5188,"independent"
4,5189,"independent"
8,5190,"independent"
10,5191,"independent"
8,5192,"independent"
8,5193,"independent"
10,5194,"independent"
10,5195,"independent"
10,5196,"independent"
12,5197,"independent"
2,5198,"independent"
10,5199,"independent"
10,5200,"independent"
10,5201,"independent"
8,5202,"independent"
8,5203,"independent"
8,5204,"independent"
14,5205,"independent"
8,5206,"independent"
10,5207,"independent"
6,5208,"independent"
6,5209,"independent"
6,5210,"independent"
6,5211,"independent"
10,5212,"independent"
8,5213,"independent"
10,5214,"independent"
6,5215,"independent"
6,5216,"independent"
6,5217,"independent"
8,5218,"independent"
12,5219,"independent"
6,5220,"independent"
8,5221,"independent"
6,5222,"independent"
8,5223,"independent"
6,5224,"independent"
4,5225,"independent"
8,5226,"independent"
10,5227,"independent"
10,5228,"independent"
8,5229,"independent"
6,5230,"independent"
4,5231,"independent"
8,5232,"independent"
4,5233,"independent"
6,5234,"independent"
12,5235,"independent"
4,5236,"independent"
6,5237,"independent"
4,5238,"independent"
8,5239,"independent"
10,5240,"independent"
4,5241,"independent"
8,5242,"independent"
2,5243,"independent"
8,5244,"independent"
6,5245,"independent"
6,5246,"independent"
8,5247,"independent"
8,5248,"independent"
6,5249,"independent"
12,5250,"independent"
10,5251,"independent"
8,5252,"independent"
8,5253,"independent"
6,5254,"independent"
10,5255,"independent"
6,5256,"independent"
12,5257,"independent"
14,5258,"independent"
8,5259,"independent"
6,5260,"independent"
6,5261,"independent"
10,5262,"independent"
8,5263,"independent"
6,5264,"independent"
6,5265,"independent"
4,5266,"independent"
8,5267,"independent"
10,5268,"independent"
8,5269,"independent"
4,5270,"independent"
6,5271,"independent"
6,5272,"independent"
10,5273,"independent"
12,5274,"independent"
16,5275,"independent"
8,5276,"independent"
10,5277,"independent"
12,5278,"independent"
4,5279,"independent"
10,5280,"independent"
8,5281,"independent"
10,5282,"independent"
10,5283,"independent"
6,5284,"independent"
8,5285,"independent"
8,5286,"independent"
8,5287,"independent"
6,5288,"independent"
14,5289,"independent"
10,5290,"independent"
8,5291,"independent"
8,5292,"independent"
6,5293,"independent"
6,5294,"independent"
10,5295,"independent"
4,5296,"independent"
4,5297,"independent"
10,5298,"independent"
6,5299,"independent"
12,5300,"independent"
8,5301,"independent"
8,5302,"independent"
10,5303,"independent"
8,5304,"independent"
14,5305,"independent"
6,5306,"independent"
8,5307,"independent"
8,5308,"independent"
6,5309,"independent"
2,5310,"independent"
2,5311,"independent"
12,5312,"independent"
4,5313,"independent"
8,5314,"independent"
8,5315,"independent"
8,5316,"independent"
6,5317,"independent"
12,5318,"independent"
6,5319,"independent"
8,5320,"independent"
8,5321,"independent"
8,5322,"independent"
8,5323,"independent"
10,5324,"independent"
8,5325,"independent"
2,5326,"independent"
6,5327,"independent"
4,5328,"independent"
12,5329,"independent"
10,5330,"independent"
4,5331,"independent"
6,5332,"independent"
4,5333,"independent"
12,5334,"independent"
10,5335,"independent"
10,5336,"independent"
8,5337,"independent"
10,5338,"independent"
6,5339,"independent"
8,5340,"independent"
8,5341,"independent"
8,5342,"independent"
8,5343,"independent"
10,5344,"independent"
12,5345,"independent"
12,5346,"independent"
6,5347,"independent"
8,5348,"independent"
4,5349,"independent"
6,5350,"independent"
8,5351,"independent"
8,5352,"independent"
8,5353,"independent"
10,5354,"independent"
10,5355,"independent"
6,5356,"independent"
12,5357,"independent"
8,5358,"independent"
8,5359,"independent"
8,5360,"independent"
10,5361,"independent"
12,5362,"independent"
8,5363,"independent"
4,5364,"independent"
10,5365,"independent"
8,5366,"independent"
8,5367,"independent"
4,5368,"independent"
10,5369,"independent"
12,5370,"independent"
8,5371,"independent"
4,5372,"independent"
8,5373,"independent"
10,5374,"independent"
6,5375,"independent"
10,5376,"independent"
14,5377,"independent"
6,5378,"independent"
2,5379,"independent"
10,5380,"independent"
8,5381,"independent"
10,5382,"independent"
8,5383,"independent"
12,5384,"independent"
10,5385,"independent"
10,5386,"independent"
6,5387,"independent"
12,5388,"independent"
8,5389,"independent"
14,5390,"independent"
4,5391,"independent"
8,5392,"independent"
10,5393,"independent"
10,5394,"independent"
6,5395,"independent"
6,5396,"independent"
12,5397,"independent"
4,5398,"independent"
10,5399,"independent"
10,5400,"independent"
6,5401,"independent"
8,5402,"independent"
6,5403,"independent"
8,5404,"independent"
6,5405,"independent"
10,5406,"independent"
10,5407,"independent"
4,5408,"independent"
8,5409,"independent"
6,5410,"independent"
8,5411,"independent"
8,5412,"independent"
10,5413,"independent"
6,5414,"independent"
2,5415,"independent"
6,5416,"independent"
6,5417,"independent"
10,5418,"independent"
6,5419,"independent"
12,5420,"independent"
8,5421,"independent"
8,5422,"independent"
8,5423,"independent"
12,5424,"independent"
4,5425,"independent"
4,5426,"independent"
6,5427,"independent"
12,5428,"independent"
8,5429,"independent"
6,5430,"independent"
8,5431,"independent"
14,5432,"independent"
6,5433,"independent"
6,5434,"independent"
8,5435,"independent"
10,5436,"independent"
6,5437,"independent"
10,5438,"independent"
6,5439,"independent"
12,5440,"independent"
6,5441,"independent"
10,5442,"independent"
10,5443,"independent"
8,5444,"independent"
6,5445,"independent"
10,5446,"independent"
10,5447,"independent"
12,5448,"independent"
12,5449,"independent"
10,5450,"independent"
8,5451,"independent"
10,5452,"independent"
8,5453,"independent"
6,5454,"independent"
10,5455,"independent"
4,5456,"independent"
8,5457,"independent"
8,5458,"independent"
8,5459,"independent"
8,5460,"independent"
6,5461,"independent"
6,5462,"independent"
8,5463,"independent"
6,5464,"independent"
8,5465,"independent"
8,5466,"independent"
6,5467,"independent"
8,5468,"independent"
8,5469,"independent"
8,5470,"independent"
8,5471,"independent"
8,5472,"independent"
6,5473,"independent"
4,5474,"independent"
6,5475,"independent"
8,5476,"independent"
10,5477,"independent"
6,5478,"independent"
8,5479,"independent"
12,5480,"independent"
10,5481,"independent"
10,5482,"independent"
8,5483,"independent"
6,5484,"independent"
12,5485,"independent"
8,5486,"independent"
6,5487,"independent"
4,5488,"independent"
6,5489,"independent"
6,5490,"independent"
6,5491,"independent"
4,5492,"independent"
10,5493,"independent"
8,5494,"independent"
10,5495,"independent"
8,5496,"independent"
8,5497,"independent"
8,5498,"independent"
8,5499,"independent"
12,5500,"independent"
8,5501,"independent"
10,5502,"independent"
10,5503,"independent"
6,5504,"independent"
8,5505,"independent"
10,5506,"independent"
4,5507,"independent"
10,5508,"independent"
8,5509,"independent"
4,5510,"independent"
8,5511,"independent"
10,5512,"independent"
12,5513,"independent"
8,5514,"independent"
10,5515,"independent"
6,5516,"independent"
8,5517,"independent"
8,5518,"independent"
8,5519,"independent"
12,5520,"independent"
10,5521,"independent"
6,5522,"independent"
14,5523,"independent"
6,5524,"independent"
10,5525,"independent"
10,5526,"independent"
6,5527,"independent"
6,5528,"independent"
2,5529,"independent"
6,5530,"independent"
8,5531,"independent"
6,5532,"independent"
6,5533,"independent"
8,5534,"independent"
12,5535,"independent"
14,5536,"independent"
8,5537,"independent"
10,5538,"independent"
12,5539,"independent"
6,5540,"independent"
6,5541,"independent"
6,5542,"independent"
8,5543,"independent"
6,5544,"independent"
14,5545,"independent"
10,5546,"independent"
2,5547,"independent"
12,5548,"independent"
8,5549,"independent"
4,5550,"independent"
6,5551,"independent"
10,5552,"independent"
4,5553,"independent"
8,5554,"independent"
8,5555,"independent"
6,5556,"independent"
10,5557,"independent"
8,5558,"independent"
10,5559,"independent"
12,5560,"independent"
8,5561,"independent"
6,5562,"independent"
8,5563,"independent"
12,5564,"independent"
8,5565,"independent"
8,5566,"independent"
10,5567,"independent"
8,5568,"independent"
10,5569,"independent"
10,5570,"independent"
6,5571,"independent"
8,5572,"independent"
12,5573,"independent"
14,5574,"independent"
12,5575,"independent"
8,5576,"independent"
10,5577,"independent"
8,5578,"independent"
2,5579,"independent"
12,5580,"independent"
12,5581,"independent"
12,5582,"independent"
8,5583,"independent"
4,5584,"independent"
10,5585,"independent"
6,5586,"independent"
8,5587,"independent"
8,5588,"independent"
4,5589,"independent"
8,5590,"independent"
8,5591,"independent"
8,5592,"independent"
6,5593,"independent"
6,5594,"independent"
8,5595,"independent"
4,5596,"independent"
6,5597,"independent"
10,5598,"independent"
8,5599,"independent"
12,5600,"independent"
12,5601,"independent"
6,5602,"independent"
10,5603,"independent"
10,5604,"independent"
6,5605,"independent"
8,5606,"independent"
4,5607,"independent"
2,5608,"independent"
10,5609,"independent"
8,5610,"independent"
8,5611,"independent"
10,5612,"independent"
6,5613,"independent"
6,5614,"independent"
8,5615,"independent"
8,5616,"independent"
10,5617,"independent"
10,5618,"independent"
12,5619,"independent"
6,5620,"independent"
8,5621,"independent"
8,5622,"independent"
6,5623,"independent"
8,5624,"independent"
4,5625,"independent"
4,5626,"independent"
4,5627,"independent"
12,5628,"independent"
12,5629,"independent"
8,5630,"independent"
10,5631,"independent"
12,5632,"independent"
6,5633,"independent"
14,5634,"independent"
8,5635,"independent"
8,5636,"independent"
8,5637,"independent"
8,5638,"independent"
12,5639,"independent"
4,5640,"independent"
8,5641,"independent"
10,5642,"independent"
12,5643,"independent"
12,5644,"independent"
6,5645,"independent"
10,5646,"independent"
10,5647,"independent"
10,5648,"independent"
10,5649,"independent"
10,5650,"independent"
4,5651,"independent"
6,5652,"independent"
8,5653,"independent"
6,5654,"independent"
2,5655,"independent"
10,5656,"independent"
14,5657,"independent"
8,5658,"independent"
8,5659,"independent"
12,5660,"independent"
6,5661,"independent"
8,5662,"independent"
12,5663,"independent"
6,5664,"independent"
10,5665,"independent"
8,5666,"independent"
4,5667,"independent"
8,5668,"independent"
6,5669,"independent"
10,5670,"independent"
8,5671,"independent"
8,5672,"independent"
6,5673,"independent"
10,5674,"independent"
12,5675,"independent"
10,5676,"independent"
6,5677,"independent"
10,5678,"independent"
8,5679,"independent"
8,5680,"independent"
4,5681,"independent"
10,5682,"independent"
8,5683,"independent"
8,5684,"independent"
8,5685,"independent"
4,5686,"independent"
12,5687,"independent"
6,5688,"independent"
6,5689,"independent"
2,5690,"independent"
8,5691,"independent"
12,5692,"independent"
12,5693,"independent"
12,5694,"independent"
10,5695,"independent"
6,5696,"independent"
6,5697,"independent"
10,5698,"independent"
10,5699,"independent"
8,5700,"independent"
8,5701,"independent"
10,5702,"independent"
8,5703,"independent"
8,5704,"independent"
8,5705,"independent"
8,5706,"independent"
8,5707,"independent"
14,5708,"independent"
8,5709,"independent"
12,5710,"independent"
6,5711,"independent"
8,5712,"independent"
4,5713,"independent"
10,5714,"independent"
12,5715,"independent"
8,5716,"independent"
8,5717,"independent"
8,5718,"independent"
6,5719,"independent"
10,5720,"independent"
6,5721,"independent"
4,5722,"independent"
10,5723,"independent"
10,5724,"independent"
10,5725,"independent"
8,5726,"independent"
8,5727,"independent"
10,5728,"independent"
6,5729,"independent"
12,5730,"independent"
8,5731,"independent"
10,5732,"independent"
10,5733,"independent"
8,5734,"independent"
6,5735,"independent"
2,5736,"independent"
8,5737,"independent"
4,5738,"independent"
10,5739,"independent"
10,5740,"independent"
4,5741,"independent"
8,5742,"independent"
2,5743,"independent"
10,5744,"independent"
10,5745,"independent"
8,5746,"independent"
6,5747,"independent"
8,5748,"independent"
10,5749,"independent"
8,5750,"independent"
6,5751,"independent"
8,5752,"independent"
4,5753,"independent"
14,5754,"independent"
12,5755,"independent"
10,5756,"independent"
6,5757,"independent"
10,5758,"independent"
8,5759,"independent"
10,5760,"independent"
4,5761,"independent"
10,5762,"independent"
12,5763,"independent"
6,5764,"independent"
10,5765,"independent"
12,5766,"independent"
10,5767,"independent"
6,5768,"independent"
10,5769,"independent"
6,5770,"independent"
10,5771,"independent"
10,5772,"independent"
8,5773,"independent"
10,5774,"independent"
6,5775,"independent"
12,5776,"independent"
12,5777,"independent"
8,5778,"independent"
12,5779,"independent"
10,5780,"independent"
10,5781,"independent"
6,5782,"independent"
14,5783,"independent"
6,5784,"independent"
12,5785,"independent"
12,5786,"independent"
4,5787,"independent"
8,5788,"independent"
6,5789,"independent"
4,5790,"independent"
6,5791,"independent"
10,5792,"independent"
6,5793,"independent"
8,5794,"independent"
6,5795,"independent"
8,5796,"independent"
4,5797,"independent"
6,5798,"independent"
12,5799,"independent"
8,5800,"independent"
8,5801,"independent"
8,5802,"independent"
2,5803,"independent"
10,5804,"independent"
8,5805,"independent"
8,5806,"independent"
6,5807,"independent"
6,5808,"independent"
10,5809,"independent"
10,5810,"independent"
8,5811,"independent"
4,5812,"independent"
10,5813,"independent"
6,5814,"independent"
4,5815,"independent"
10,5816,"independent"
8,5817,"independent"
4,5818,"independent"
8,5819,"independent"
6,5820,"independent"
4,5821,"independent"
16,5822,"independent"
12,5823,"independent"
10,5824,"independent"
8,5825,"independent"
8,5826,"independent"
6,5827,"independent"
8,5828,"independent"
6,5829,"independent"
8,5830,"independent"
4,5831,"independent"
10,5832,"independent"
12,5833,"independent"
10,5834,"independent"
6,5835,"independent"
10,5836,"independent"
10,5837,"independent"
12,5838,"independent"
6,5839,"independent"
6,5840,"independent"
4,5841,"independent"
6,5842,"independent"
8,5843,"independent"
6,5844,"independent"
10,5845,"independent"
6,5846,"independent"
6,5847,"independent"
12,5848,"independent"
4,5849,"independent"
10,5850,"independent"
8,5851,"independent"
6,5852,"independent"
10,5853,"independent"
10,5854,"independent"
12,5855,"independent"
8,5856,"independent"
6,5857,"independent"
6,5858,"independent"
12,5859,"independent"
8,5860,"independent"
10,5861,"independent"
6,5862,"independent"
8,5863,"independent"
8,5864,"independent"
8,5865,"independent"
10,5866,"independent"
6,5867,"independent"
6,5868,"independent"
8,5869,"independent"
4,5870,"independent"
10,5871,"independent"
10,5872,"independent"
4,5873,"independent"
6,5874,"independent"
10,5875,"independent"
10,5876,"independent"
12,5877,"independent"
4,5878,"independent"
8,5879,"independent"
12,5880,"independent"
8,5881,"independent"
12,5882,"independent"
8,5883,"independent"
8,5884,"independent"
6,5885,"independent"
10,5886,"independent"
4,5887,"independent"
6,5888,"independent"
6,5889,"independent"
6,5890,"independent"
8,5891,"independent"
8,5892,"independent"
4,5893,"independent"
2,5894,"independent"
10,5895,"independent"
14,5896,"independent"
4,5897,"independent"
4,5898,"independent"
4,5899,"independent"
10,5900,"independent"
10,5901,"independent"
14,5902,"independent"
6,5903,"independent"
10,5904,"independent"
10,5905,"independent"
10,5906,"independent"
6,5907,"independent"
8,5908,"independent"
12,5909,"independent"
4,5910,"independent"
10,5911,"independent"
8,5912,"independent"
10,5913,"independent"
8,5914,"independent"
6,5915,"independent"
8,5916,"independent"
10,5917,"independent"
6,5918,"independent"
6,5919,"independent"
10,5920,"independent"
12,5921,"independent"
6,5922,"independent"
6,5923,"independent"
8,5924,"independent"
12,5925,"independent"
4,5926,"independent"
6,5927,"independent"
8,5928,"independent"
4,5929,"independent"
8,5930,"independent"
4,5931,"independent"
10,5932,"independent"
12,5933,"independent"
12,5934,"independent"
4,5935,"independent"
8,5936,"independent"
10,5937,"independent"
8,5938,"independent"
12,5939,"independent"
6,5940,"independent"
6,5941,"independent"
8,5942,"independent"
4,5943,"independent"
8,5944,"independent"
4,5945,"independent"
6,5946,"independent"
10,5947,"independent"
4,5948,"independent"
4,5949,"independent"
8,5950,"independent"
10,5951,"independent"
8,5952,"independent"
6,5953,"independent"
6,5954,"independent"
0,5955,"independent"
8,5956,"independent"
10,5957,"independent"
8,5958,"independent"
10,5959,"independent"
8,5960,"independent"
12,5961,"independent"
4,5962,"independent"
12,5963,"independent"
8,5964,"independent"
4,5965,"independent"
6,5966,"independent"
8,5967,"independent"
10,5968,"independent"
10,5969,"independent"
6,5970,"independent"
4,5971,"independent"
10,5972,"independent"
8,5973,"independent"
6,5974,"independent"
10,5975,"independent"
6,5976,"independent"
4,5977,"independent"
12,5978,"independent"
10,5979,"independent"
8,5980,"independent"
10,5981,"independent"
8,5982,"independent"
10,5983,"independent"
6,5984,"independent"
10,5985,"independent"
6,5986,"independent"
8,5987,"independent"
8,5988,"independent"
10,5989,"independent"
8,5990,"independent"
10,5991,"independent"
10,5992,"independent"
10,5993,"independent"
4,5994,"independent"
6,5995,"independent"
8,5996,"independent"
8,5997,"independent"
6,5998,"independent"
8,5999,"independent"
6,6000,"independent"
14,6001,"independent"
6,6002,"independent"
8,6003,"independent"
4,6004,"independent"
10,6005,"independent"
8,6006,"independent"
6,6007,"independent"
8,6008,"independent"
12,6009,"independent"
10,6010,"independent"
8,6011,"independent"
10,6012,"independent"
12,6013,"independent"
6,6014,"independent"
6,6015,"independent"
8,6016,"independent"
8,6017,"independent"
8,6018,"independent"
8,6019,"independent"
6,6020,"independent"
8,6021,"independent"
8,6022,"independent"
10,6023,"independent"
14,6024,"independent"
6,6025,"independent"
8,6026,"independent"
12,6027,"independent"
8,6028,"independent"
6,6029,"independent"
6,6030,"independent"
8,6031,"independent"
6,6032,"independent"
12,6033,"independent"
8,6034,"independent"
18,6035,"independent"
10,6036,"independent"
10,6037,"independent"
14,6038,"independent"
10,6039,"independent"
14,6040,"independent"
6,6041,"independent"
4,6042,"independent"
6,6043,"independent"
12,6044,"independent"
10,6045,"independent"
12,6046,"independent"
10,6047,"independent"
8,6048,"independent"
6,6049,"independent"
10,6050,"independent"
10,6051,"independent"
10,6052,"independent"
6,6053,"independent"
14,6054,"independent"
8,6055,"independent"
8,6056,"independent"
6,6057,"independent"
8,6058,"independent"
14,6059,"independent"
4,6060,"independent"
6,6061,"independent"
8,6062,"independent"
2,6063,"independent"
8,6064,"independent"
10,6065,"independent"
4,6066,"independent"
12,6067,"independent"
4,6068,"independent"
10,6069,"independent"
8,6070,"independent"
6,6071,"independent"
10,6072,"independent"
6,6073,"independent"
10,6074,"independent"
4,6075,"independent"
8,6076,"independent"
12,6077,"independent"
14,6078,"independent"
8,6079,"independent"
2,6080,"independent"
4,6081,"independent"
4,6082,"independent"
12,6083,"independent"
10,6084,"independent"
4,6085,"independent"
10,6086,"independent"
6,6087,"independent"
12,6088,"independent"
8,6089,"independent"
8,6090,"independent"
10,6091,"independent"
6,6092,"independent"
10,6093,"independent"
10,6094,"independent"
8,6095,"independent"
14,6096,"independent"
8,6097,"independent"
6,6098,"independent"
6,6099,"independent"
8,6100,"independent"
8,6101,"independent"
8,6102,"independent"
8,6103,"independent"
8,6104,"independent"
10,6105,"independent"
16,6106,"independent"
10,6107,"independent"
6,6108,"independent"
8,6109,"independent"
10,6110,"independent"
12,6111,"independent"
6,6112,"independent"
10,6113,"independent"
12,6114,"independent"
8,6115,"independent"
6,6116,"independent"
8,6117,"independent"
6,6118,"independent"
6,6119,"independent"
6,6120,"independent"
6,6121,"independent"
12,6122,"independent"
10,6123,"independent"
6,6124,"independent"
8,6125,"independent"
4,6126,"independent"
8,6127,"independent"
10,6128,"independent"
6,6129,"independent"
4,6130,"independent"
4,6131,"independent"
6,6132,"independent"
8,6133,"independent"
6,6134,"independent"
8,6135,"independent"
8,6136,"independent"
4,6137,"independent"
8,6138,"independent"
8,6139,"independent"
6,6140,"independent"
4,6141,"independent"
6,6142,"independent"
8,6143,"independent"
12,6144,"independent"
6,6145,"independent"
6,6146,"independent"
6,6147,"independent"
12,6148,"independent"
12,6149,"independent"
4,6150,"independent"
12,6151,"independent"
10,6152,"independent"
4,6153,"independent"
8,6154,"independent"
8,6155,"independent"
8,6156,"independent"
6,6157,"independent"
8,6158,"independent"
2,6159,"independent"
8,6160,"independent"
6,6161,"independent"
6,6162,"independent"
10,6163,"independent"
6,6164,"independent"
8,6165,"independent"
12,6166,"independent"
10,6167,"independent"
10,6168,"independent"
10,6169,"independent"
10,6170,"independent"
8,6171,"independent"
8,6172,"independent"
4,6173,"independent"
8,6174,"independent"
8,6175,"independent"
8,6176,"independent"
10,6177,"independent"
8,6178,"independent"
10,6179,"independent"
12,6180,"independent"
8,6181,"independent"
6,6182,"independent"
10,6183,"independent"
8,6184,"independent"
10,6185,"independent"
10,6186,"independent"
6,6187,"independent"
6,6188,"independent"
6,6189,"independent"
10,6190,"independent"
6,6191,"independent"
10,6192,"independent"
8,6193,"independent"
6,6194,"independent"
8,6195,"independent"
8,6196,"independent"
4,6197,"independent"
8,6198,"independent"
4,6199,"independent"
6,6200,"independent"
8,6201,"independent"
10,6202,"independent"
4,6203,"independent"
16,6204,"independent"
8,6205,"independent"
10,6206,"independent"
8,6207,"independent"
8,6208,"independent"
8,6209,"independent"
4,6210,"independent"
6,6211,"independent"
8,6212,"independent"
8,6213,"independent"
4,6214,"independent"
6,6215,"independent"
8,6216,"independent"
10,6217,"independent"
10,6218,"independent"
8,6219,"independent"
10,6220,"independent"
10,6221,"independent"
8,6222,"independent"
8,6223,"independent"
4,6224,"independent"
12,6225,"independent"
8,6226,"independent"
2,6227,"independent"
6,6228,"independent"
2,6229,"independent"
6,6230,"independent"
8,6231,"independent"
6,6232,"independent"
10,6233,"independent"
4,6234,"independent"
8,6235,"independent"
14,6236,"independent"
10,6237,"independent"
6,6238,"independent"
12,6239,"independent"
12,6240,"independent"
10,6241,"independent"
8,6242,"independent"
8,6243,"independent"
6,6244,"independent"
10,6245,"independent"
12,6246,"independent"
4,6247,"independent"
6,6248,"independent"
6,6249,"independent"
10,6250,"independent"
10,6251,"independent"
10,6252,"independent"
12,6253,"independent"
8,6254,"independent"
8,6255,"independent"
8,6256,"independent"
8,6257,"independent"
6,6258,"independent"
6,6259,"independent"
12,6260,"independent"
8,6261,"independent"
6,6262,"independent"
6,6263,"independent"
4,6264,"independent"
8,6265,"independent"
10,6266,"independent"
8,6267,"independent"
6,6268,"independent"
8,6269,"independent"
12,6270,"independent"
6,6271,"independent"
8,6272,"independent"
4,6273,"independent"
6,6274,"independent"
4,6275,"independent"
6,6276,"independent"
8,6277,"independent"
8,6278,"independent"
14,6279,"independent"
6,6280,"independent"
6,6281,"independent"
2,6282,"independent"
6,6283,"independent"
6,6284,"independent"
6,6285,"independent"
8,6286,"independent"
6,6287,"independent"
6,6288,"independent"
6,6289,"independent"
6,6290,"independent"
12,6291,"independent"
6,6292,"independent"
4,6293,"independent"
12,6294,"independent"
6,6295,"independent"
8,6296,"independent"
8,6297,"independent"
10,6298,"independent"
10,6299,"independent"
10,6300,"independent"
6,6301,"independent"
8,6302,"independent"
8,6303,"independent"
6,6304,"independent"
6,6305,"independent"
6,6306,"independent"
6,6307,"independent"
8,6308,"independent"
4,6309,"independent"
4,6310,"independent"
6,6311,"independent"
8,6312,"independent"
8,6313,"independent"
8,6314,"independent"
8,6315,"independent"
8,6316,"independent"
12,6317,"independent"
6,6318,"independent"
8,6319,"independent"
6,6320,"independent"
4,6321,"independent"
10,6322,"independent"
10,6323,"independent"
6,6324,"independent"
12,6325,"independent"
8,6326,"independent"
8,6327,"independent"
8,6328,"independent"
4,6329,"independent"
10,6330,"independent"
6,6331,"independent"
2,6332,"independent"
4,6333,"independent"
8,6334,"independent"
8,6335,"independent"
12,6336,"independent"
4,6337,"independent"
8,6338,"independent"
8,6339,"independent"
10,6340,"independent"
12,6341,"independent"
6,6342,"independent"
8,6343,"independent"
12,6344,"independent"
14,6345,"independent"
4,6346,"independent"
10,6347,"independent"
8,6348,"independent"
8,6349,"independent"
10,6350,"independent"
8,6351,"independent"
8,6352,"independent"
6,6353,"independent"
10,6354,"independent"
8,6355,"independent"
4,6356,"independent"
12,6357,"independent"
8,6358,"independent"
8,6359,"independent"
6,6360,"independent"
8,6361,"independent"
4,6362,"independent"
4,6363,"independent"
10,6364,"independent"
10,6365,"independent"
12,6366,"independent"
10,6367,"independent"
10,6368,"independent"
8,6369,"independent"
8,6370,"independent"
6,6371,"independent"
8,6372,"independent"
10,6373,"independent"
6,6374,"independent"
8,6375,"independent"
8,6376,"independent"
12,6377,"independent"
8,6378,"independent"
6,6379,"independent"
8,6380,"independent"
12,6381,"independent"
6,6382,"independent"
8,6383,"independent"
8,6384,"independent"
8,6385,"independent"
12,6386,"independent"
8,6387,"independent"
8,6388,"independent"
8,6389,"independent"
8,6390,"independent"
8,6391,"independent"
6,6392,"independent"
6,6393,"independent"
12,6394,"independent"
6,6395,"independent"
8,6396,"independent"
6,6397,"independent"
6,6398,"independent"
6,6399,"independent"
6,6400,"independent"
12,6401,"independent"
10,6402,"independent"
6,6403,"independent"
10,6404,"independent"
6,6405,"independent"
10,6406,"independent"
12,6407,"independent"
8,6408,"independent"
4,6409,"independent"
10,6410,"independent"
10,6411,"independent"
6,6412,"independent"
14,6413,"independent"
8,6414,"independent"
4,6415,"independent"
4,6416,"independent"
6,6417,"independent"
6,6418,"independent"
14,6419,"independent"
12,6420,"independent"
6,6421,"independent"
6,6422,"independent"
10,6423,"independent"
10,6424,"independent"
4,6425,"independent"
6,6426,"independent"
4,6427,"independent"
6,6428,"independent"
8,6429,"independent"
8,6430,"independent"
6,6431,"independent"
4,6432,"independent"
6,6433,"independent"
8,6434,"independent"
14,6435,"independent"
12,6436,"independent"
12,6437,"independent"
10,6438,"independent"
6,6439,"independent"
6,6440,"independent"
6,6441,"independent"
6,6442,"independent"
6,6443,"independent"
6,6444,"independent"
2,6445,"independent"
8,6446,"independent"
8,6447,"independent"
8,6448,"independent"
12,6449,"independent"
10,6450,"independent"
8,6451,"independent"
10,6452,"independent"
10,6453,"independent"
8,6454,"independent"
6,6455,"independent"
6,6456,"independent"
10,6457,"independent"
6,6458,"independent"
6,6459,"independent"
8,6460,"independent"
12,6461,"independent"
10,6462,"independent"
12,6463,"independent"
8,6464,"independent"
8,6465,"independent"
8,6466,"independent"
12,6467,"independent"
14,6468,"independent"
6,6469,"independent"
6,6470,"independent"
8,6471,"independent"
8,6472,"independent"
8,6473,"independent"
12,6474,"independent"
8,6475,"independent"
6,6476,"independent"
8,6477,"independent"
8,6478,"independent"
8,6479,"independent"
12,6480,"independent"
10,6481,"independent"
8,6482,"independent"
6,6483,"independent"
8,6484,"independent"
4,6485,"independent"
10,6486,"independent"
8,6487,"independent"
8,6488,"independent"
10,6489,"independent"
10,6490,"independent"
8,6491,"independent"
12,6492,"independent"
10,6493,"independent"
10,6494,"independent"
4,6495,"independent"
8,6496,"independent"
4,6497,"independent"
12,6498,"independent"
6,6499,"independent"
6,6500,"independent"
8,6501,"independent"
8,6502,"independent"
10,6503,"independent"
8,6504,"independent"
8,6505,"independent"
8,6506,"independent"
8,6507,"independent"
8,6508,"independent"
4,6509,"independent"
12,6510,"independent"
6,6511,"independent"
6,6512,"independent"
10,6513,"independent"
10,6514,"independent"
6,6515,"independent"
10,6516,"independent"
8,6517,"independent"
6,6518,"independent"
2,6519,"independent"
8,6520,"independent"
6,6521,"independent"
8,6522,"independent"
10,6523,"independent"
12,6524,"independent"
6,6525,"independent"
10,6526,"independent"
8,6527,"independent"
8,6528,"independent"
14,6529,"independent"
10,6530,"independent"
6,6531,"independent"
8,6532,"independent"
4,6533,"independent"
4,6534,"independent"
8,6535,"independent"
10,6536,"independent"
8,6537,"independent"
10,6538,"independent"
8,6539,"independent"
8,6540,"independent"
4,6541,"independent"
8,6542,"independent"
4,6543,"independent"
6,6544,"independent"
4,6545,"independent"
8,6546,"independent"
4,6547,"independent"
4,6548,"independent"
4,6549,"independent"
6,6550,"independent"
12,6551,"independent"
12,6552,"independent"
8,6553,"independent"
6,6554,"independent"
8,6555,"independent"
8,6556,"independent"
8,6557,"independent"
8,6558,"independent"
12,6559,"independent"
8,6560,"independent"
8,6561,"independent"
6,6562,"independent"
8,6563,"independent"
10,6564,"independent"
4,6565,"independent"
6,6566,"independent"
8,6567,"independent"
6,6568,"independent"
6,6569,"independent"
16,6570,"independent"
8,6571,"independent"
10,6572,"independent"
8,6573,"independent"
6,6574,"independent"
2,6575,"independent"
10,6576,"independent"
6,6577,"independent"
12,6578,"independent"
6,6579,"independent"
4,6580,"independent"
4,6581,"independent"
4,6582,"independent"
8,6583,"independent"
10,6584,"independent"
4,6585,"independent"
8,6586,"independent"
10,6587,"independent"
8,6588,"independent"
12,6589,"independent"
6,6590,"independent"
6,6591,"independent"
8,6592,"independent"
8,6593,"independent"
10,6594,"independent"
10,6595,"independent"
8,6596,"independent"
10,6597,"independent"
6,6598,"independent"
10,6599,"independent"
10,6600,"independent"
8,6601,"independent"
12,6602,"independent"
8,6603,"independent"
8,6604,"independent"
10,6605,"independent"
4,6606,"independent"
4,6607,"independent"
8,6608,"independent"
4,6609,"independent"
6,6610,"independent"
10,6611,"independent"
10,6612,"independent"
10,6613,"independent"
4,6614,"independent"
10,6615,"independent"
10,6616,"independent"
6,6617,"independent"
10,6618,"independent"
6,6619,"independent"
10,6620,"independent"
8,6621,"independent"
2,6622,"independent"
8,6623,"independent"
12,6624,"independent"
10,6625,"independent"
4,6626,"independent"
6,6627,"independent"
0,6628,"independent"
10,6629,"independent"
12,6630,"independent"
10,6631,"independent"
12,6632,"independent"
12,6633,"independent"
8,6634,"independent"
10,6635,"independent"
8,6636,"independent"
4,6637,"independent"
8,6638,"independent"
10,6639,"independent"
12,6640,"independent"
8,6641,"independent"
6,6642,"independent"
6,6643,"independent"
10,6644,"independent"
6,6645,"independent"
12,6646,"independent"
8,6647,"independent"
12,6648,"independent"
4,6649,"independent"
2,6650,"independent"
10,6651,"independent"
10,6652,"independent"
6,6653,"independent"
12,6654,"independent"
6,6655,"independent"
10,6656,"independent"
8,6657,"independent"
4,6658,"independent"
4,6659,"independent"
6,6660,"independent"
8,6661,"independent"
6,6662,"independent"
10,6663,"independent"
8,6664,"independent"
8,6665,"independent"
8,6666,"independent"
14,6667,"independent"
6,6668,"independent"
8,6669,"independent"
10,6670,"independent"
12,6671,"independent"
8,6672,"independent"
6,6673,"independent"
4,6674,"independent"
2,6675,"independent"
6,6676,"independent"
8,6677,"independent"
10,6678,"independent"
8,6679,"independent"
4,6680,"independent"
6,6681,"independent"
6,6682,"independent"
6,6683,"independent"
4,6684,"independent"
10,6685,"independent"
8,6686,"independent"
4,6687,"independent"
6,6688,"independent"
8,6689,"independent"
10,6690,"independent"
8,6691,"independent"
8,6692,"independent"
10,6693,"independent"
8,6694,"independent"
12,6695,"independent"
6,6696,"independent"
8,6697,"independent"
10,6698,"independent"
10,6699,"independent"
12,6700,"independent"
8,6701,"independent"
6,6702,"independent"
12,6703,"independent"
6,6704,"independent"
8,6705,"independent"
8,6706,"independent"
10,6707,"independent"
8,6708,"independent"
8,6709,"independent"
10,6710,"independent"
6,6711,"independent"
6,6712,"independent"
8,6713,"independent"
10,6714,"independent"
10,6715,"independent"
12,6716,"independent"
6,6717,"independent"
6,6718,"independent"
6,6719,"independent"
8,6720,"independent"
6,6721,"independent"
8,6722,"independent"
10,6723,"independent"
6,6724,"independent"
12,6725,"independent"
6,6726,"independent"
4,6727,"independent"
8,6728,"independent"
6,6729,"independent"
6,6730,"independent"
8,6731,"independent"
6,6732,"independent"
10,6733,"independent"
8,6734,"independent"
12,6735,"independent"
6,6736,"independent"
4,6737,"independent"
8,6738,"independent"
8,6739,"independent"
8,6740,"independent"
8,6741,"independent"
8,6742,"independent"
8,6743,"independent"
4,6744,"independent"
6,6745,"independent"
6,6746,"independent"
2,6747,"independent"
6,6748,"independent"
4,6749,"independent"
8,6750,"independent"
8,6751,"independent"
10,6752,"independent"
6,6753,"independent"
8,6754,"independent"
4,6755,"independent"
8,6756,"independent"
12,6757,"independent"
8,6758,"independent"
8,6759,"independent"
10,6760,"independent"
4,6761,"independent"
2,6762,"independent"
6,6763,"independent"
8,6764,"independent"
10,6765,"independent"
8,6766,"independent"
14,6767,"independent"
10,6768,"independent"
6,6769,"independent"
12,6770,"independent"
10,6771,"independent"
10,6772,"independent"
10,6773,"independent"
6,6774,"independent"
10,6775,"independent"
16,6776,"independent"
12,6777,"independent"
6,6778,"independent"
10,6779,"independent"
6,6780,"independent"
8,6781,"independent"
8,6782,"independent"
8,6783,"independent"
4,6784,"independent"
8,6785,"independent"
12,6786,"independent"
12,6787,"independent"
10,6788,"independent"
4,6789,"independent"
8,6790,"independent"
6,6791,"independent"
6,6792,"independent"
4,6793,"independent"
8,6794,"independent"
10,6795,"independent"
8,6796,"independent"
6,6797,"independent"
8,6798,"independent"
6,6799,"independent"
8,6800,"independent"
10,6801,"independent"
6,6802,"independent"
8,6803,"independent"
10,6804,"independent"
4,6805,"independent"
4,6806,"independent"
12,6807,"independent"
14,6808,"independent"
12,6809,"independent"
12,6810,"independent"
8,6811,"independent"
10,6812,"independent"
4,6813,"independent"
6,6814,"independent"
6,6815,"independent"
8,6816,"independent"
4,6817,"independent"
6,6818,"independent"
8,6819,"independent"
12,6820,"independent"
4,6821,"independent"
8,6822,"independent"
10,6823,"independent"
6,6824,"independent"
14,6825,"independent"
8,6826,"independent"
12,6827,"independent"
8,6828,"independent"
12,6829,"independent"
8,6830,"independent"
6,6831,"independent"
6,6832,"independent"
4,6833,"independent"
2,6834,"independent"
4,6835,"independent"
6,6836,"independent"
10,6837,"independent"
8,6838,"independent"
10,6839,"independent"
6,6840,"independent"
4,6841,"independent"
8,6842,"independent"
8,6843,"independent"
6,6844,"independent"
8,6845,"independent"
8,6846,"independent"
12,6847,"independent"
10,6848,"independent"
10,6849,"independent"
8,6850,"independent"
12,6851,"independent"
10,6852,"independent"
6,6853,"independent"
4,6854,"independent"
10,6855,"independent"
4,6856,"independent"
4,6857,"independent"
12,6858,"independent"
10,6859,"independent"
12,6860,"independent"
8,6861,"independent"
10,6862,"independent"
10,6863,"independent"
8,6864,"independent"
6,6865,"independent"
10,6866,"independent"
6,6867,"independent"
10,6868,"independent"
2,6869,"independent"
12,6870,"independent"
4,6871,"independent"
12,6872,"independent"
6,6873,"independent"
6,6874,"independent"
6,6875,"independent"
8,6876,"independent"
10,6877,"independent"
8,6878,"independent"
10,6879,"independent"
8,6880,"independent"
6,6881,"independent"
12,6882,"independent"
6,6883,"independent"
10,6884,"independent"
8,6885,"independent"
4,6886,"independent"
10,6887,"independent"
2,6888,"independent"
6,6889,"independent"
6,6890,"independent"
8,6891,"independent"
8,6892,"independent"
8,6893,"independent"
10,6894,"independent"
4,6895,"independent"
6,6896,"independent"
8,6897,"independent"
6,6898,"independent"
8,6899,"independent"
8,6900,"independent"
8,6901,"independent"
12,6902,"independent"
6,6903,"independent"
6,6904,"independent"
6,6905,"independent"
2,6906,"independent"
6,6907,"independent"
6,6908,"independent"
6,6909,"independent"
8,6910,"independent"
10,6911,"independent"
2,6912,"independent"
4,6913,"independent"
4,6914,"independent"
12,6915,"independent"
10,6916,"independent"
6,6917,"independent"
10,6918,"independent"
8,6919,"independent"
6,6920,"independent"
8,6921,"independent"
14,6922,"independent"
10,6923,"independent"
4,6924,"independent"
4,6925,"independent"
8,6926,"independent"
8,6927,"independent"
6,6928,"independent"
6,6929,"independent"
10,6930,"independent"
6,6931,"independent"
10,6932,"independent"
10,6933,"independent"
8,6934,"independent"
8,6935,"independent"
6,6936,"independent"
8,6937,"independent"
6,6938,"independent"
6,6939,"independent"
10,6940,"independent"
8,6941,"independent"
8,6942,"independent"
8,6943,"independent"
6,6944,"independent"
10,6945,"independent"
2,6946,"independent"
12,6947,"independent"
10,6948,"independent"
10,6949,"independent"
8,6950,"independent"
8,6951,"independent"
6,6952,"independent"
6,6953,"independent"
6,6954,"independent"
4,6955,"independent"
8,6956,"independent"
4,6957,"independent"
14,6958,"independent"
6,6959,"independent"
10,6960,"independent"
8,6961,"independent"
10,6962,"independent"
6,6963,"independent"
8,6964,"independent"
8,6965,"independent"
8,6966,"independent"
10,6967,"independent"
12,6968,"independent"
8,6969,"independent"
8,6970,"independent"
8,6971,"independent"
6,6972,"independent"
6,6973,"independent"
8,6974,"independent"
10,6975,"independent"
8,6976,"independent"
6,6977,"independent"
8,6978,"independent"
6,6979,"independent"
12,6980,"independent"
6,6981,"independent"
4,6982,"independent"
10,6983,"independent"
4,6984,"independent"
10,6985,"independent"
8,6986,"independent"
6,6987,"independent"
10,6988,"independent"
8,6989,"independent"
6,6990,"independent"
8,6991,"independent"
10,6992,"independent"
4,6993,"independent"
10,6994,"independent"
6,6995,"independent"
12,6996,"independent"
10,6997,"independent"
8,6998,"independent"
8,6999,"independent"
10,7000,"independent"
8,7001,"independent"
12,7002,"independent"
10,7003,"independent"
10,7004,"independent"
6,7005,"independent"
8,7006,"independent"
8,7007,"independent"
4,7008,"independent"
4,7009,"independent"
4,7010,"independent"
10,7011,"independent"
6,7012,"independent"
12,7013,"independent"
10,7014,"independent"
6,7015,"independent"
10,7016,"independent"
14,7017,"independent"
12,7018,"independent"
6,7019,"independent"
12,7020,"independent"
8,7021,"independent"
14,7022,"independent"
10,7023,"independent"
6,7024,"independent"
8,7025,"independent"
8,7026,"independent"
6,7027,"independent"
12,7028,"independent"
10,7029,"independent"
10,7030,"independent"
6,7031,"independent"
10,7032,"independent"
8,7033,"independent"
10,7034,"independent"
6,7035,"independent"
8,7036,"independent"
4,7037,"independent"
4,7038,"independent"
8,7039,"independent"
4,7040,"independent"
10,7041,"independent"
6,7042,"independent"
8,7043,"independent"
8,7044,"independent"
12,7045,"independent"
8,7046,"independent"
8,7047,"independent"
6,7048,"independent"
10,7049,"independent"
6,7050,"independent"
8,7051,"independent"
8,7052,"independent"
8,7053,"independent"
6,7054,"independent"
8,7055,"independent"
10,7056,"independent"
8,7057,"independent"
6,7058,"independent"
6,7059,"independent"
8,7060,"independent"
8,7061,"independent"
6,7062,"independent"
8,7063,"independent"
10,7064,"independent"
10,7065,"independent"
6,7066,"independent"
6,7067,"independent"
8,7068,"independent"
6,7069,"independent"
2,7070,"independent"
6,7071,"independent"
2,7072,"independent"
6,7073,"independent"
10,7074,"independent"
14,7075,"independent"
12,7076,"independent"
10,7077,"independent"
6,7078,"independent"
4,7079,"independent"
4,7080,"independent"
6,7081,"independent"
8,7082,"independent"
8,7083,"independent"
8,7084,"independent"
8,7085,"independent"
8,7086,"independent"
6,7087,"independent"
12,7088,"independent"
12,7089,"independent"
6,7090,"independent"
6,7091,"independent"
14,7092,"independent"
10,7093,"independent"
6,7094,"independent"
4,7095,"independent"
6,7096,"independent"
10,7097,"independent"
10,7098,"independent"
10,7099,"independent"
6,7100,"independent"
10,7101,"independent"
6,7102,"independent"
6,7103,"independent"
10,7104,"independent"
8,7105,"independent"
10,7106,"independent"
6,7107,"independent"
6,7108,"independent"
10,7109,"independent"
6,7110,"independent"
6,7111,"independent"
12,7112,"independent"
8,7113,"independent"
6,7114,"independent"
6,7115,"independent"
6,7116,"independent"
10,7117,"independent"
6,7118,"independent"
8,7119,"independent"
10,7120,"independent"
8,7121,"independent"
8,7122,"independent"
10,7123,"independent"
6,7124,"independent"
8,7125,"independent"
10,7126,"independent"
6,7127,"independent"
10,7128,"independent"
6,7129,"independent"
2,7130,"independent"
12,7131,"independent"
6,7132,"independent"
4,7133,"independent"
8,7134,"independent"
6,7135,"independent"
10,7136,"independent"
8,7137,"independent"
6,7138,"independent"
6,7139,"independent"
10,7140,"independent"
8,7141,"independent"
6,7142,"independent"
4,7143,"independent"
2,7144,"independent"
8,7145,"independent"
10,7146,"independent"
6,7147,"independent"
6,7148,"independent"
4,7149,"independent"
8,7150,"independent"
6,7151,"independent"
8,7152,"independent"
8,7153,"independent"
6,7154,"independent"
2,7155,"independent"
8,7156,"independent"
16,7157,"independent"
12,7158,"independent"
10,7159,"independent"
8,7160,"independent"
6,7161,"independent"
8,7162,"independent"
8,7163,"independent"
10,7164,"independent"
12,7165,"independent"
6,7166,"independent"
6,7167,"independent"
10,7168,"independent"
4,7169,"independent"
10,7170,"independent"
12,7171,"independent"
6,7172,"independent"
4,7173,"independent"
6,7174,"independent"
8,7175,"independent"
6,7176,"independent"
8,7177,"independent"
6,7178,"independent"
6,7179,"independent"
8,7180,"independent"
8,7181,"independent"
10,7182,"independent"
10,7183,"independent"
8,7184,"independent"
10,7185,"independent"
8,7186,"independent"
6,7187,"independent"
8,7188,"independent"
12,7189,"independent"
6,7190,"independent"
12,7191,"independent"
2,7192,"independent"
12,7193,"independent"
12,7194,"independent"
8,7195,"independent"
10,7196,"independent"
8,7197,"independent"
12,7198,"independent"
10,7199,"independent"
6,7200,"independent"
10,7201,"independent"
8,7202,"independent"
8,7203,"independent"
6,7204,"independent"
6,7205,"independent"
6,7206,"independent"
8,7207,"independent"
4,7208,"independent"
6,7209,"independent"
8,7210,"independent"
12,7211,"independent"
6,7212,"independent"
10,7213,"independent"
12,7214,"independent"
8,7215,"independent"
8,7216,"independent"
6,7217,"independent"
10,7218,"independent"
6,7219,"independent"
8,7220,"independent"
14,7221,"independent"
6,7222,"independent"
14,7223,"independent"
6,7224,"independent"
10,7225,"independent"
10,7226,"independent"
8,7227,"independent"
12,7228,"independent"
10,7229,"independent"
8,7230,"independent"
8,7231,"independent"
10,7232,"independent"
8,7233,"independent"
10,7234,"independent"
8,7235,"independent"
12,7236,"independent"
8,7237,"independent"
10,7238,"independent"
14,7239,"independent"
6,7240,"independent"
8,7241,"independent"
6,7242,"independent"
12,7243,"independent"
2,7244,"independent"
8,7245,"independent"
8,7246,"independent"
6,7247,"independent"
10,7248,"independent"
12,7249,"independent"
10,7250,"independent"
10,7251,"independent"
6,7252,"independent"
8,7253,"independent"
4,7254,"independent"
10,7255,"independent"
6,7256,"independent"
8,7257,"independent"
8,7258,"independent"
8,7259,"independent"
8,7260,"independent"
4,7261,"independent"
6,7262,"independent"
8,7263,"independent"
10,7264,"independent"
10,7265,"independent"
12,7266,"independent"
8,7267,"independent"
8,7268,"independent"
6,7269,"independent"
6,7270,"independent"
10,7271,"independent"
8,7272,"independent"
4,7273,"independent"
12,7274,"independent"
10,7275,"independent"
10,7276,"independent"
6,7277,"independent"
8,7278,"independent"
6,7279,"independent"
8,7280,"independent"
6,7281,"independent"
8,7282,"independent"
6,7283,"independent"
2,7284,"independent"
8,7285,"independent"
10,7286,"independent"
10,7287,"independent"
8,7288,"independent"
14,7289,"independent"
8,7290,"independent"
4,7291,"independent"
6,7292,"independent"
8,7293,"independent"
8,7294,"independent"
8,7295,"independent"
12,7296,"independent"
6,7297,"independent"
10,7298,"independent"
10,7299,"independent"
10,7300,"independent"
10,7301,"independent"
14,7302,"independent"
8,7303,"independent"
8,7304,"independent"
14,7305,"independent"
8,7306,"independent"
10,7307,"independent"
4,7308,"independent"
12,7309,"independent"
2,7310,"independent"
12,7311,"independent"
8,7312,"independent"
4,7313,"independent"
6,7314,"independent"
10,7315,"independent"
10,7316,"independent"
8,7317,"independent"
10,7318,"independent"
10,7319,"independent"
10,7320,"independent"
10,7321,"independent"
8,7322,"independent"
4,7323,"independent"
8,7324,"independent"
8,7325,"independent"
8,7326,"independent"
6,7327,"independent"
8,7328,"independent"
2,7329,"independent"
12,7330,"independent"
12,7331,"independent"
2,7332,"independent"
8,7333,"independent"
8,7334,"independent"
8,7335,"independent"
10,7336,"independent"
10,7337,"independent"
8,7338,"independent"
6,7339,"independent"
10,7340,"independent"
10,7341,"independent"
6,7342,"independent"
8,7343,"independent"
10,7344,"independent"
10,7345,"independent"
8,7346,"independent"
10,7347,"independent"
12,7348,"independent"
14,7349,"independent"
6,7350,"independent"
10,7351,"independent"
6,7352,"independent"
12,7353,"independent"
6,7354,"independent"
10,7355,"independent"
4,7356,"independent"
6,7357,"independent"
2,7358,"independent"
12,7359,"independent"
6,7360,"independent"
8,7361,"independent"
10,7362,"independent"
10,7363,"independent"
10,7364,"independent"
8,7365,"independent"
4,7366,"independent"
4,7367,"independent"
6,7368,"independent"
8,7369,"independent"
8,7370,"independent"
6,7371,"independent"
8,7372,"independent"
10,7373,"independent"
6,7374,"independent"
8,7375,"independent"
6,7376,"independent"
4,7377,"independent"
6,7378,"independent"
8,7379,"independent"
10,7380,"independent"
8,7381,"independent"
0,7382,"independent"
4,7383,"independent"
4,7384,"independent"
10,7385,"independent"
2,7386,"independent"
6,7387,"independent"
10,7388,"independent"
8,7389,"independent"
8,7390,"independent"
4,7391,"independent"
8,7392,"independent"
10,7393,"independent"
6,7394,"independent"
12,7395,"independent"
14,7396,"independent"
6,7397,"independent"
4,7398,"independent"
12,7399,"independent"
8,7400,"independent"
10,7401,"independent"
8,7402,"independent"
8,7403,"independent"
6,7404,"independent"
4,7405,"independent"
6,7406,"independent"
12,7407,"independent"
4,7408,"independent"
6,7409,"independent"
4,7410,"independent"
12,7411,"independent"
10,7412,"independent"
4,7413,"independent"
8,7414,"independent"
6,7415,"independent"
12,7416,"independent"
10,7417,"independent"
8,7418,"independent"
10,7419,"independent"
10,7420,"independent"
10,7421,"independent"
12,7422,"independent"
6,7423,"independent"
10,7424,"independent"
6,7425,"independent"
6,7426,"independent"
14,7427,"independent"
10,7428,"independent"
2,7429,"independent"
10,7430,"independent"
10,7431,"independent"
6,7432,"independent"
8,7433,"independent"
4,7434,"independent"
12,7435,"independent"
4,7436,"independent"
10,7437,"independent"
8,7438,"independent"
10,7439,"independent"
8,7440,"independent"
4,7441,"independent"
10,7442,"independent"
4,7443,"independent"
14,7444,"independent"
8,7445,"independent"
10,7446,"independent"
8,7447,"independent"
14,7448,"independent"
16,7449,"independent"
6,7450,"independent"
4,7451,"independent"
12,7452,"independent"
8,7453,"independent"
8,7454,"independent"
8,7455,"independent"
10,7456,"independent"
10,7457,"independent"
6,7458,"independent"
8,7459,"independent"
6,7460,"independent"
4,7461,"independent"
6,7462,"independent"
16,7463,"independent"
12,7464,"independent"
12,7465,"independent"
6,7466,"independent"
6,7467,"independent"
8,7468,"independent"
6,7469,"independent"
6,7470,"independent"
4,7471,"independent"
6,7472,"independent"
8,7473,"independent"
4,7474,"independent"
6,7475,"independent"
8,7476,"independent"
12,7477,"independent"
4,7478,"independent"
8,7479,"independent"
6,7480,"independent"
8,7481,"independent"
8,7482,"independent"
8,7483,"independent"
6,7484,"independent"
6,7485,"independent"
16,7486,"independent"
6,7487,"independent"
8,7488,"independent"
6,7489,"independent"
4,7490,"independent"
8,7491,"independent"
4,7492,"independent"
10,7493,"independent"
12,7494,"independent"
4,7495,"independent"
12,7496,"independent"
6,7497,"independent"
6,7498,"independent"
6,7499,"independent"
12,7500,"independent"
8,7501,"independent"
10,7502,"independent"
2,7503,"independent"
6,7504,"independent"
12,7505,"independent"
6,7506,"independent"
8,7507,"independent"
8,7508,"independent"
6,7509,"independent"
6,7510,"independent"
8,7511,"independent"
10,7512,"independent"
14,7513,"independent"
12,7514,"independent"
8,7515,"independent"
8,7516,"independent"
10,7517,"independent"
6,7518,"independent"
8,7519,"independent"
6,7520,"independent"
4,7521,"independent"
10,7522,"independent"
10,7523,"independent"
10,7524,"independent"
6,7525,"independent"
8,7526,"independent"
10,7527,"independent"
10,7528,"independent"
4,7529,"independent"
10,7530,"independent"
8,7531,"independent"
12,7532,"independent"
10,7533,"independent"
6,7534,"independent"
6,7535,"independent"
8,7536,"independent"
8,7537,"independent"
12,7538,"independent"
12,7539,"independent"
8,7540,"independent"
6,7541,"independent"
8,7542,"independent"
2,7543,"independent"
8,7544,"independent"
12,7545,"independent"
8,7546,"independent"
6,7547,"independent"
2,7548,"independent"
10,7549,"independent"
8,7550,"independent"
14,7551,"independent"
6,7552,"independent"
10,7553,"independent"
6,7554,"independent"
10,7555,"independent"
10,7556,"independent"
12,7557,"independent"
10,7558,"independent"
10,7559,"independent"
2,7560,"independent"
10,7561,"independent"
10,7562,"independent"
10,7563,"independent"
8,7564,"independent"
10,7565,"independent"
10,7566,"independent"
8,7567,"independent"
8,7568,"independent"
10,7569,"independent"
8,7570,"independent"
6,7571,"independent"
6,7572,"independent"
8,7573,"independent"
10,7574,"independent"
8,7575,"independent"
6,7576,"independent"
6,7577,"independent"
6,7578,"independent"
14,7579,"independent"
8,7580,"independent"
8,7581,"independent"
4,7582,"independent"
6,7583,"independent"
8,7584,"independent"
6,7585,"independent"
6,7586,"independent"
6,7587,"independent"
6,7588,"independent"
6,7589,"independent"
8,7590,"independent"
10,7591,"independent"
10,7592,"independent"
8,7593,"independent"
6,7594,"independent"
2,7595,"independent"
4,7596,"independent"
8,7597,"independent"
8,7598,"independent"
10,7599,"independent"
6,7600,"independent"
4,7601,"independent"
6,7602,"independent"
10,7603,"independent"
6,7604,"independent"
10,7605,"independent"
6,7606,"independent"
8,7607,"independent"
14,7608,"independent"
12,7609,"independent"
8,7610,"independent"
8,7611,"independent"
6,7612,"independent"
6,7613,"independent"
10,7614,"independent"
8,7615,"independent"
2,7616,"independent"
8,7617,"independent"
8,7618,"independent"
10,7619,"independent"
10,7620,"independent"
8,7621,"independent"
10,7622,"independent"
10,7623,"independent"
14,7624,"independent"
4,7625,"independent"
12,7626,"independent"
10,7627,"independent"
8,7628,"independent"
10,7629,"independent"
16,7630,"independent"
10,7631,"independent"
8,7632,"independent"
10,7633,"independent"
8,7634,"independent"
6,7635,"independent"
8,7636,"independent"
4,7637,"independent"
10,7638,"independent"
10,7639,"independent"
12,7640,"independent"
8,7641,"independent"
8,7642,"independent"
8,7643,"independent"
6,7644,"independent"
8,7645,"independent"
2,7646,"independent"
14,7647,"independent"
6,7648,"independent"
8,7649,"independent"
8,7650,"independent"
8,7651,"independent"
8,7652,"independent"
8,7653,"independent"
6,7654,"independent"
8,7655,"independent"
10,7656,"independent"
2,7657,"independent"
8,7658,"independent"
12,7659,"independent"
8,7660,"independent"
8,7661,"independent"
10,7662,"independent"
6,7663,"independent"
8,7664,"independent"
8,7665,"independent"
8,7666,"independent"
6,7667,"independent"
10,7668,"independent"
8,7669,"independent"
4,7670,"independent"
10,7671,"independent"
6,7672,"independent"
6,7673,"independent"
8,7674,"independent"
6,7675,"independent"
8,7676,"independent"
8,7677,"independent"
6,7678,"independent"
10,7679,"independent"
10,7680,"independent"
4,7681,"independent"
4,7682,"independent"
8,7683,"independent"
6,7684,"independent"
14,7685,"independent"
6,7686,"independent"
8,7687,"independent"
6,7688,"independent"
6,7689,"independent"
8,7690,"independent"
10,7691,"independent"
6,7692,"independent"
8,7693,"independent"
4,7694,"independent"
8,7695,"independent"
8,7696,"independent"
4,7697,"independent"
8,7698,"independent"
6,7699,"independent"
12,7700,"independent"
6,7701,"independent"
8,7702,"independent"
10,7703,"independent"
8,7704,"independent"
6,7705,"independent"
6,7706,"independent"
8,7707,"independent"
8,7708,"independent"
14,7709,"independent"
12,7710,"independent"
6,7711,"independent"
6,7712,"independent"
4,7713,"independent"
4,7714,"independent"
14,7715,"independent"
6,7716,"independent"
4,7717,"independent"
10,7718,"independent"
10,7719,"independent"
8,7720,"independent"
4,7721,"independent"
8,7722,"independent"
10,7723,"independent"
10,7724,"independent"
6,7725,"independent"
14,7726,"independent"
6,7727,"independent"
6,7728,"independent"
6,7729,"independent"
8,7730,"independent"
6,7731,"independent"
6,7732,"independent"
12,7733,"independent"
10,7734,"independent"
8,7735,"independent"
6,7736,"independent"
8,7737,"independent"
8,7738,"independent"
4,7739,"independent"
10,7740,"independent"
8,7741,"independent"
10,7742,"independent"
8,7743,"independent"
10,7744,"independent"
12,7745,"independent"
10,7746,"independent"
8,7747,"independent"
8,7748,"independent"
6,7749,"independent"
10,7750,"independent"
6,7751,"independent"
8,7752,"independent"
6,7753,"independent"
10,7754,"independent"
12,7755,"independent"
14,7756,"independent"
10,7757,"independent"
4,7758,"independent"
8,7759,"independent"
8,7760,"independent"
4,7761,"independent"
2,7762,"independent"
10,7763,"independent"
8,7764,"independent"
4,7765,"independent"
8,7766,"independent"
6,7767,"independent"
4,7768,"independent"
8,7769,"independent"
6,7770,"independent"
8,7771,"independent"
6,7772,"independent"
4,7773,"independent"
10,7774,"independent"
12,7775,"independent"
12,7776,"independent"
8,7777,"independent"
10,7778,"independent"
4,7779,"independent"
6,7780,"independent"
4,7781,"independent"
8,7782,"independent"
12,7783,"independent"
6,7784,"independent"
8,7785,"independent"
10,7786,"independent"
8,7787,"independent"
10,7788,"independent"
8,7789,"independent"
4,7790,"independent"
10,7791,"independent"
6,7792,"independent"
8,7793,"independent"
10,7794,"independent"
6,7795,"independent"
6,7796,"independent"
8,7797,"independent"
8,7798,"independent"
10,7799,"independent"
10,7800,"independent"
8,7801,"independent"
8,7802,"independent"
8,7803,"independent"
10,7804,"independent"
8,7805,"independent"
12,7806,"independent"
4,7807,"independent"
10,7808,"independent"
10,7809,"independent"
6,7810,"independent"
8,7811,"independent"
10,7812,"independent"
8,7813,"independent"
10,7814,"independent"
8,7815,"independent"
12,7816,"independent"
10,7817,"independent"
4,7818,"independent"
10,7819,"independent"
4,7820,"independent"
6,7821,"independent"
8,7822,"independent"
6,7823,"independent"
4,7824,"independent"
2,7825,"independent"
8,7826,"independent"
14,7827,"independent"
12,7828,"independent"
12,7829,"independent"
6,7830,"independent"
6,7831,"independent"
4,7832,"independent"
12,7833,"independent"
8,7834,"independent"
10,7835,"independent"
12,7836,"independent"
8,7837,"independent"
4,7838,"independent"
10,7839,"independent"
8,7840,"independent"
8,7841,"independent"
8,7842,"independent"
10,7843,"independent"
6,7844,"independent"
10,7845,"independent"
8,7846,"independent"
8,7847,"independent"
8,7848,"independent"
10,7849,"independent"
10,7850,"independent"
8,7851,"independent"
8,7852,"independent"
8,7853,"independent"
14,7854,"independent"
10,7855,"independent"
8,7856,"independent"
6,7857,"independent"
8,7858,"independent"
4,7859,"independent"
8,7860,"independent"
0,7861,"independent"
10,7862,"independent"
10,7863,"independent"
6,7864,"independent"
6,7865,"independent"
8,7866,"independent"
14,7867,"independent"
10,7868,"independent"
4,7869,"independent"
12,7870,"independent"
12,7871,"independent"
4,7872,"independent"
8,7873,"independent"
8,7874,"independent"
14,7875,"independent"
6,7876,"independent"
8,7877,"independent"
8,7878,"independent"
6,7879,"independent"
4,7880,"independent"
4,7881,"independent"
10,7882,"independent"
8,7883,"independent"
10,7884,"independent"
8,7885,"independent"
4,7886,"independent"
8,7887,"independent"
12,7888,"independent"
8,7889,"independent"
10,7890,"independent"
8,7891,"independent"
14,7892,"independent"
6,7893,"independent"
10,7894,"independent"
6,7895,"independent"
6,7896,"independent"
8,7897,"independent"
8,7898,"independent"
6,7899,"independent"
8,7900,"independent"
6,7901,"independent"
14,7902,"independent"
4,7903,"independent"
8,7904,"independent"
10,7905,"independent"
10,7906,"independent"
8,7907,"independent"
8,7908,"independent"
4,7909,"independent"
6,7910,"independent"
6,7911,"independent"
12,7912,"independent"
6,7913,"independent"
10,7914,"independent"
10,7915,"independent"
8,7916,"independent"
6,7917,"independent"
10,7918,"independent"
12,7919,"independent"
8,7920,"independent"
12,7921,"independent"
10,7922,"independent"
6,7923,"independent"
8,7924,"independent"
2,7925,"independent"
6,7926,"independent"
8,7927,"independent"
8,7928,"independent"
8,7929,"independent"
4,7930,"independent"
6,7931,"independent"
8,7932,"independent"
10,7933,"independent"
8,7934,"independent"
8,7935,"independent"
10,7936,"independent"
8,7937,"independent"
10,7938,"independent"
8,7939,"independent"
10,7940,"independent"
10,7941,"independent"
6,7942,"independent"
6,7943,"independent"
4,7944,"independent"
4,7945,"independent"
4,7946,"independent"
8,7947,"independent"
8,7948,"independent"
4,7949,"independent"
12,7950,"independent"
8,7951,"independent"
6,7952,"independent"
6,7953,"independent"
10,7954,"independent"
10,7955,"independent"
6,7956,"independent"
4,7957,"independent"
12,7958,"independent"
10,7959,"independent"
8,7960,"independent"
10,7961,"independent"
10,7962,"independent"
10,7963,"independent"
10,7964,"independent"
6,7965,"independent"
12,7966,"independent"
2,7967,"independent"
6,7968,"independent"
6,7969,"independent"
8,7970,"independent"
6,7971,"independent"
10,7972,"independent"
10,7973,"independent"
8,7974,"independent"
6,7975,"independent"
6,7976,"independent"
12,7977,"independent"
10,7978,"independent"
8,7979,"independent"
10,7980,"independent"
6,7981,"independent"
8,7982,"independent"
6,7983,"independent"
6,7984,"independent"
6,7985,"independent"
4,7986,"independent"
8,7987,"independent"
8,7988,"independent"
14,7989,"independent"
10,7990,"independent"
10,7991,"independent"
14,7992,"independent"
6,7993,"independent"
10,7994,"independent"
8,7995,"independent"
6,7996,"independent"
6,7997,"independent"
8,7998,"independent"
6,7999,"independent"
8,8000,"independent"
10,8001,"independent"
4,8002,"independent"
4,8003,"independent"
14,8004,"independent"
10,8005,"independent"
10,8006,"independent"
8,8007,"independent"
8,8008,"independent"
4,8009,"independent"
6,8010,"independent"
12,8011,"independent"
10,8012,"independent"
4,8013,"independent"
12,8014,"independent"
8,8015,"independent"
6,8016,"independent"
8,8017,"independent"
4,8018,"independent"
12,8019,"independent"
6,8020,"independent"
6,8021,"independent"
10,8022,"independent"
8,8023,"independent"
8,8024,"independent"
6,8025,"independent"
10,8026,"independent"
10,8027,"independent"
4,8028,"independent"
8,8029,"independent"
8,8030,"independent"
6,8031,"independent"
6,8032,"independent"
8,8033,"independent"
14,8034,"independent"
6,8035,"independent"
10,8036,"independent"
8,8037,"independent"
8,8038,"independent"
6,8039,"independent"
12,8040,"independent"
8,8041,"independent"
8,8042,"independent"
6,8043,"independent"
10,8044,"independent"
6,8045,"independent"
4,8046,"independent"
10,8047,"independent"
8,8048,"independent"
8,8049,"independent"
6,8050,"independent"
8,8051,"independent"
10,8052,"independent"
8,8053,"independent"
8,8054,"independent"
8,8055,"independent"
6,8056,"independent"
6,8057,"independent"
8,8058,"independent"
12,8059,"independent"
8,8060,"independent"
6,8061,"independent"
4,8062,"independent"
8,8063,"independent"
4,8064,"independent"
8,8065,"independent"
8,8066,"independent"
8,8067,"independent"
8,8068,"independent"
10,8069,"independent"
4,8070,"independent"
8,8071,"independent"
10,8072,"independent"
8,8073,"independent"
10,8074,"independent"
12,8075,"independent"
6,8076,"independent"
10,8077,"independent"
6,8078,"independent"
10,8079,"independent"
8,8080,"independent"
8,8081,"independent"
10,8082,"independent"
4,8083,"independent"
6,8084,"independent"
10,8085,"independent"
10,8086,"independent"
6,8087,"independent"
12,8088,"independent"
10,8089,"independent"
8,8090,"independent"
8,8091,"independent"
8,8092,"independent"
10,8093,"independent"
12,8094,"independent"
4,8095,"independent"
4,8096,"independent"
8,8097,"independent"
8,8098,"independent"
6,8099,"independent"
6,8100,"independent"
10,8101,"independent"
8,8102,"independent"
8,8103,"independent"
8,8104,"independent"
10,8105,"independent"
4,8106,"independent"
10,8107,"independent"
2,8108,"independent"
4,8109,"independent"
10,8110,"independent"
4,8111,"independent"
4,8112,"independent"
8,8113,"independent"
4,8114,"independent"
4,8115,"independent"
10,8116,"independent"
6,8117,"independent"
12,8118,"independent"
6,8119,"independent"
8,8120,"independent"
8,8121,"independent"
12,8122,"independent"
8,8123,"independent"
6,8124,"independent"
10,8125,"independent"
8,8126,"independent"
6,8127,"independent"
4,8128,"independent"
6,8129,"independent"
6,8130,"independent"
8,8131,"independent"
6,8132,"independent"
6,8133,"independent"
12,8134,"independent"
10,8135,"independent"
6,8136,"independent"
6,8137,"independent"
6,8138,"independent"
8,8139,"independent"
10,8140,"independent"
12,8141,"independent"
8,8142,"independent"
6,8143,"independent"
8,8144,"independent"
12,8145,"independent"
10,8146,"independent"
6,8147,"independent"
8,8148,"independent"
6,8149,"independent"
6,8150,"independent"
10,8151,"independent"
8,8152,"independent"
14,8153,"independent"
10,8154,"independent"
8,8155,"independent"
6,8156,"independent"
10,8157,"independent"
6,8158,"independent"
10,8159,"independent"
8,8160,"independent"
12,8161,"independent"
10,8162,"independent"
8,8163,"independent"
6,8164,"independent"
8,8165,"independent"
10,8166,"independent"
12,8167,"independent"
12,8168,"independent"
2,8169,"independent"
8,8170,"independent"
6,8171,"independent"
16,8172,"independent"
10,8173,"independent"
6,8174,"independent"
10,8175,"independent"
8,8176,"independent"
8,8177,"independent"
10,8178,"independent"
8,8179,"independent"
6,8180,"independent"
8,8181,"independent"
14,8182,"independent"
6,8183,"independent"
8,8184,"independent"
10,8185,"independent"
6,8186,"independent"
8,8187,"independent"
10,8188,"independent"
10,8189,"independent"
8,8190,"independent"
8,8191,"independent"
12,8192,"independent"
10,8193,"independent"
6,8194,"independent"
6,8195,"independent"
8,8196,"independent"
8,8197,"independent"
14,8198,"independent"
4,8199,"independent"
8,8200,"independent"
8,8201,"independent"
4,8202,"independent"
6,8203,"independent"
8,8204,"independent"
10,8205,"independent"
12,8206,"independent"
8,8207,"independent"
12,8208,"independent"
12,8209,"independent"
10,8210,"independent"
6,8211,"independent"
10,8212,"independent"
8,8213,"independent"
8,8214,"independent"
8,8215,"independent"
10,8216,"independent"
10,8217,"independent"
2,8218,"independent"
8,8219,"independent"
10,8220,"independent"
8,8221,"independent"
10,8222,"independent"
8,8223,"independent"
10,8224,"independent"
8,8225,"independent"
6,8226,"independent"
8,8227,"independent"
4,8228,"independent"
10,8229,"independent"
10,8230,"independent"
12,8231,"independent"
4,8232,"independent"
8,8233,"independent"
12,8234,"independent"
10,8235,"independent"
2,8236,"independent"
10,8237,"independent"
6,8238,"independent"
14,8239,"independent"
8,8240,"independent"
10,8241,"independent"
8,8242,"independent"
8,8243,"independent"
8,8244,"independent"
8,8245,"independent"
12,8246,"independent"
6,8247,"independent"
8,8248,"independent"
12,8249,"independent"
6,8250,"independent"
10,8251,"independent"
6,8252,"independent"
6,8253,"independent"
6,8254,"independent"
10,8255,"independent"
8,8256,"independent"
14,8257,"independent"
6,8258,"independent"
6,8259,"independent"
8,8260,"independent"
6,8261,"independent"
6,8262,"independent"
6,8263,"independent"
10,8264,"independent"
8,8265,"independent"
8,8266,"independent"
12,8267,"independent"
8,8268,"independent"
10,8269,"independent"
10,8270,"independent"
6,8271,"independent"
6,8272,"independent"
8,8273,"independent"
8,8274,"independent"
8,8275,"independent"
16,8276,"independent"
10,8277,"independent"
10,8278,"independent"
8,8279,"independent"
6,8280,"independent"
6,8281,"independent"
6,8282,"independent"
10,8283,"independent"
12,8284,"independent"
6,8285,"independent"
8,8286,"independent"
6,8287,"independent"
10,8288,"independent"
12,8289,"independent"
4,8290,"independent"
4,8291,"independent"
10,8292,"independent"
4,8293,"independent"
8,8294,"independent"
10,8295,"independent"
10,8296,"independent"
8,8297,"independent"
10,8298,"independent"
6,8299,"independent"
8,8300,"independent"
8,8301,"independent"
4,8302,"independent"
8,8303,"independent"
2,8304,"independent"
6,8305,"independent"
8,8306,"independent"
4,8307,"independent"
6,8308,"independent"
8,8309,"independent"
6,8310,"independent"
6,8311,"independent"
12,8312,"independent"
8,8313,"independent"
8,8314,"independent"
8,8315,"independent"
8,8316,"independent"
8,8317,"independent"
6,8318,"independent"
10,8319,"independent"
8,8320,"independent"
8,8321,"independent"
8,8322,"independent"
2,8323,"independent"
6,8324,"independent"
10,8325,"independent"
12,8326,"independent"
8,8327,"independent"
6,8328,"independent"
8,8329,"independent"
10,8330,"independent"
10,8331,"independent"
4,8332,"independent"
6,8333,"independent"
6,8334,"independent"
6,8335,"independent"
8,8336,"independent"
4,8337,"independent"
6,8338,"independent"
4,8339,"independent"
10,8340,"independent"
12,8341,"independent"
8,8342,"independent"
12,8343,"independent"
6,8344,"independent"
4,8345,"independent"
6,8346,"independent"
8,8347,"independent"
6,8348,"independent"
8,8349,"independent"
8,8350,"independent"
12,8351,"independent"
10,8352,"independent"
6,8353,"independent"
6,8354,"independent"
10,8355,"independent"
12,8356,"independent"
8,8357,"independent"
6,8358,"independent"
10,8359,"independent"
8,8360,"independent"
6,8361,"independent"
8,8362,"independent"
6,8363,"independent"
6,8364,"independent"
8,8365,"independent"
10,8366,"independent"
6,8367,"independent"
6,8368,"independent"
12,8369,"independent"
8,8370,"independent"
8,8371,"independent"
6,8372,"independent"
8,8373,"independent"
6,8374,"independent"
12,8375,"independent"
8,8376,"independent"
8,8377,"independent"
8,8378,"independent"
6,8379,"independent"
8,8380,"independent"
6,8381,"independent"
6,8382,"independent"
4,8383,"independent"
8,8384,"independent"
8,8385,"independent"
8,8386,"independent"
4,8387,"independent"
10,8388,"independent"
10,8389,"independent"
6,8390,"independent"
10,8391,"independent"
6,8392,"independent"
10,8393,"independent"
12,8394,"independent"
8,8395,"independent"
8,8396,"independent"
4,8397,"independent"
8,8398,"independent"
8,8399,"independent"
8,8400,"independent"
8,8401,"independent"
8,8402,"independent"
12,8403,"independent"
4,8404,"independent"
6,8405,"independent"
14,8406,"independent"
12,8407,"independent"
10,8408,"independent"
6,8409,"independent"
8,8410,"independent"
10,8411,"independent"
8,8412,"independent"
6,8413,"independent"
10,8414,"independent"
6,8415,"independent"
6,8416,"independent"
8,8417,"independent"
8,8418,"independent"
10,8419,"independent"
6,8420,"independent"
8,8421,"independent"
4,8422,"independent"
10,8423,"independent"
4,8424,"independent"
8,8425,"independent"
4,8426,"independent"
6,8427,"independent"
2,8428,"independent"
10,8429,"independent"
2,8430,"independent"
2,8431,"independent"
4,8432,"independent"
12,8433,"independent"
6,8434,"independent"
10,8435,"independent"
8,8436,"independent"
10,8437,"independent"
10,8438,"independent"
10,8439,"independent"
8,8440,"independent"
8,8441,"independent"
8,8442,"independent"
6,8443,"independent"
12,8444,"independent"
10,8445,"independent"
8,8446,"independent"
12,8447,"independent"
4,8448,"independent"
14,8449,"independent"
12,8450,"independent"
10,8451,"independent"
6,8452,"independent"
8,8453,"independent"
8,8454,"independent"
10,8455,"independent"
8,8456,"independent"
10,8457,"independent"
6,8458,"independent"
4,8459,"independent"
6,8460,"independent"
10,8461,"independent"
12,8462,"independent"
8,8463,"independent"
4,8464,"independent"
8,8465,"independent"
8,8466,"independent"
6,8467,"independent"
10,8468,"independent"
8,8469,"independent"
12,8470,"independent"
8,8471,"independent"
10,8472,"independent"
12,8473,"independent"
6,8474,"independent"
4,8475,"independent"
8,8476,"independent"
10,8477,"independent"
6,8478,"independent"
8,8479,"independent"
12,8480,"independent"
12,8481,"independent"
10,8482,"independent"
8,8483,"independent"
8,8484,"independent"
12,8485,"independent"
4,8486,"independent"
8,8487,"independent"
6,8488,"independent"
10,8489,"independent"
10,8490,"independent"
6,8491,"independent"
10,8492,"independent"
8,8493,"independent"
10,8494,"independent"
8,8495,"independent"
10,8496,"independent"
8,8497,"independent"
10,8498,"independent"
8,8499,"independent"
6,8500,"independent"
6,8501,"independent"
8,8502,"independent"
8,8503,"independent"
8,8504,"independent"
10,8505,"independent"
4,8506,"independent"
8,8507,"independent"
10,8508,"independent"
6,8509,"independent"
8,8510,"independent"
8,8511,"independent"
8,8512,"independent"
8,8513,"independent"
4,8514,"independent"
8,8515,"independent"
10,8516,"independent"
8,8517,"independent"
8,8518,"independent"
8,8519,"independent"
10,8520,"independent"
6,8521,"independent"
10,8522,"independent"
8,8523,"independent"
14,8524,"independent"
10,8525,"independent"
8,8526,"independent"
4,8527,"independent"
6,8528,"independent"
12,8529,"independent"
6,8530,"independent"
4,8531,"independent"
12,8532,"independent"
10,8533,"independent"
10,8534,"independent"
6,8535,"independent"
8,8536,"independent"
8,8537,"independent"
6,8538,"independent"
8,8539,"independent"
8,8540,"independent"
10,8541,"independent"
6,8542,"independent"
12,8543,"independent"
10,8544,"independent"
6,8545,"independent"
6,8546,"independent"
10,8547,"independent"
8,8548,"independent"
10,8549,"independent"
8,8550,"independent"
8,8551,"independent"
6,8552,"independent"
8,8553,"independent"
12,8554,"independent"
6,8555,"independent"
4,8556,"independent"
8,8557,"independent"
10,8558,"independent"
8,8559,"independent"
6,8560,"independent"
8,8561,"independent"
8,8562,"independent"
4,8563,"independent"
4,8564,"independent"
8,8565,"independent"
10,8566,"independent"
10,8567,"independent"
12,8568,"independent"
8,8569,"independent"
6,8570,"independent"
6,8571,"independent"
12,8572,"independent"
8,8573,"independent"
8,8574,"independent"
6,8575,"independent"
8,8576,"independent"
8,8577,"independent"
12,8578,"independent"
6,8579,"independent"
8,8580,"independent"
10,8581,"independent"
6,8582,"independent"
6,8583,"independent"
10,8584,"independent"
10,8585,"independent"
6,8586,"independent"
10,8587,"independent"
6,8588,"independent"
12,8589,"independent"
8,8590,"independent"
4,8591,"independent"
8,8592,"independent"
6,8593,"independent"
6,8594,"independent"
4,8595,"independent"
4,8596,"independent"
12,8597,"independent"
8,8598,"independent"
8,8599,"independent"
12,8600,"independent"
8,8601,"independent"
6,8602,"independent"
8,8603,"independent"
8,8604,"independent"
6,8605,"independent"
4,8606,"independent"
10,8607,"independent"
10,8608,"independent"
8,8609,"independent"
10,8610,"independent"
8,8611,"independent"
6,8612,"independent"
6,8613,"independent"
10,8614,"independent"
10,8615,"independent"
10,8616,"independent"
10,8617,"independent"
6,8618,"independent"
8,8619,"independent"
8,8620,"independent"
8,8621,"independent"
8,8622,"independent"
8,8623,"independent"
6,8624,"independent"
6,8625,"independent"
10,8626,"independent"
8,8627,"independent"
8,8628,"independent"
10,8629,"independent"
4,8630,"independent"
8,8631,"independent"
6,8632,"independent"
10,8633,"independent"
10,8634,"independent"
6,8635,"independent"
10,8636,"independent"
8,8637,"independent"
8,8638,"independent"
14,8639,"independent"
6,8640,"independent"
8,8641,"independent"
8,8642,"independent"
6,8643,"independent"
10,8644,"independent"
8,8645,"independent"
8,8646,"independent"
4,8647,"independent"
8,8648,"independent"
10,8649,"independent"
10,8650,"independent"
8,8651,"independent"
14,8652,"independent"
8,8653,"independent"
8,8654,"independent"
6,8655,"independent"
6,8656,"independent"
6,8657,"independent"
10,8658,"independent"
8,8659,"independent"
6,8660,"independent"
6,8661,"independent"
8,8662,"independent"
10,8663,"independent"
8,8664,"independent"
10,8665,"independent"
10,8666,"independent"
6,8667,"independent"
10,8668,"independent"
8,8669,"independent"
8,8670,"independent"
10,8671,"independent"
10,8672,"independent"
8,8673,"independent"
8,8674,"independent"
12,8675,"independent"
8,8676,"independent"
12,8677,"independent"
8,8678,"independent"
4,8679,"independent"
6,8680,"independent"
8,8681,"independent"
10,8682,"independent"
6,8683,"independent"
6,8684,"independent"
10,8685,"independent"
6,8686,"independent"
10,8687,"independent"
10,8688,"independent"
12,8689,"independent"
6,8690,"independent"
8,8691,"independent"
6,8692,"independent"
8,8693,"independent"
6,8694,"independent"
10,8695,"independent"
10,8696,"independent"
8,8697,"independent"
8,8698,"independent"
10,8699,"independent"
8,8700,"independent"
8,8701,"independent"
8,8702,"independent"
6,8703,"independent"
8,8704,"independent"
8,8705,"independent"
6,8706,"independent"
6,8707,"independent"
10,8708,"independent"
8,8709,"independent"
8,8710,"independent"
6,8711,"independent"
6,8712,"independent"
6,8713,"independent"
10,8714,"independent"
8,8715,"independent"
6,8716,"independent"
14,8717,"independent"
8,8718,"independent"
8,8719,"independent"
10,8720,"independent"
10,8721,"independent"
6,8722,"independent"
10,8723,"independent"
8,8724,"independent"
8,8725,"independent"
8,8726,"independent"
4,8727,"independent"
10,8728,"independent"
12,8729,"independent"
6,8730,"independent"
8,8731,"independent"
8,8732,"independent"
6,8733,"independent"
10,8734,"independent"
8,8735,"independent"
12,8736,"independent"
6,8737,"independent"
8,8738,"independent"
8,8739,"independent"
6,8740,"independent"
10,8741,"independent"
8,8742,"independent"
10,8743,"independent"
6,8744,"independent"
8,8745,"independent"
8,8746,"independent"
6,8747,"independent"
8,8748,"independent"
4,8749,"independent"
6,8750,"independent"
10,8751,"independent"
6,8752,"independent"
8,8753,"independent"
8,8754,"independent"
10,8755,"independent"
8,8756,"independent"
6,8757,"independent"
8,8758,"independent"
8,8759,"independent"
10,8760,"independent"
2,8761,"independent"
6,8762,"independent"
8,8763,"independent"
8,8764,"independent"
6,8765,"independent"
6,8766,"independent"
8,8767,"independent"
10,8768,"independent"
4,8769,"independent"
14,8770,"independent"
8,8771,"independent"
10,8772,"independent"
8,8773,"independent"
12,8774,"independent"
8,8775,"independent"
8,8776,"independent"
6,8777,"independent"
6,8778,"independent"
6,8779,"independent"
14,8780,"independent"
10,8781,"independent"
8,8782,"independent"
2,8783,"independent"
6,8784,"independent"
6,8785,"independent"
10,8786,"independent"
10,8787,"independent"
10,8788,"independent"
4,8789,"independent"
6,8790,"independent"
4,8791,"independent"
8,8792,"independent"
2,8793,"independent"
12,8794,"independent"
8,8795,"independent"
8,8796,"independent"
8,8797,"independent"
10,8798,"independent"
10,8799,"independent"
14,8800,"independent"
6,8801,"independent"
6,8802,"independent"
8,8803,"independent"
8,8804,"independent"
10,8805,"independent"
8,8806,"independent"
6,8807,"independent"
8,8808,"independent"
6,8809,"independent"
6,8810,"independent"
6,8811,"independent"
8,8812,"independent"
4,8813,"independent"
8,8814,"independent"
4,8815,"independent"
8,8816,"independent"
4,8817,"independent"
8,8818,"independent"
8,8819,"independent"
8,8820,"independent"
12,8821,"independent"
6,8822,"independent"
10,8823,"independent"
10,8824,"independent"
10,8825,"independent"
12,8826,"independent"
10,8827,"independent"
6,8828,"independent"
6,8829,"independent"
10,8830,"independent"
10,8831,"independent"
10,8832,"independent"
12,8833,"independent"
12,8834,"independent"
6,8835,"independent"
10,8836,"independent"
6,8837,"independent"
4,8838,"independent"
6,8839,"independent"
2,8840,"independent"
8,8841,"independent"
8,8842,"independent"
6,8843,"independent"
6,8844,"independent"
10,8845,"independent"
6,8846,"independent"
8,8847,"independent"
8,8848,"independent"
10,8849,"independent"
16,8850,"independent"
10,8851,"independent"
6,8852,"independent"
12,8853,"independent"
10,8854,"independent"
12,8855,"independent"
8,8856,"independent"
6,8857,"independent"
4,8858,"independent"
4,8859,"independent"
6,8860,"independent"
12,8861,"independent"
10,8862,"independent"
6,8863,"independent"
6,8864,"independent"
4,8865,"independent"
8,8866,"independent"
10,8867,"independent"
12,8868,"independent"
10,8869,"independent"
6,8870,"independent"
8,8871,"independent"
4,8872,"independent"
8,8873,"independent"
10,8874,"independent"
6,8875,"independent"
10,8876,"independent"
12,8877,"independent"
8,8878,"independent"
10,8879,"independent"
8,8880,"independent"
8,8881,"independent"
10,8882,"independent"
6,8883,"independent"
8,8884,"independent"
6,8885,"independent"
6,8886,"independent"
10,8887,"independent"
10,8888,"independent"
12,8889,"independent"
8,8890,"independent"
6,8891,"independent"
10,8892,"independent"
10,8893,"independent"
8,8894,"independent"
8,8895,"independent"
4,8896,"independent"
8,8897,"independent"
6,8898,"independent"
8,8899,"independent"
14,8900,"independent"
10,8901,"independent"
6,8902,"independent"
10,8903,"independent"
8,8904,"independent"
10,8905,"independent"
6,8906,"independent"
8,8907,"independent"
10,8908,"independent"
6,8909,"independent"
12,8910,"independent"
10,8911,"independent"
10,8912,"independent"
12,8913,"independent"
6,8914,"independent"
4,8915,"independent"
8,8916,"independent"
12,8917,"independent"
6,8918,"independent"
10,8919,"independent"
6,8920,"independent"
6,8921,"independent"
12,8922,"independent"
14,8923,"independent"
12,8924,"independent"
6,8925,"independent"
8,8926,"independent"
6,8927,"independent"
2,8928,"independent"
6,8929,"independent"
6,8930,"independent"
10,8931,"independent"
14,8932,"independent"
6,8933,"independent"
8,8934,"independent"
10,8935,"independent"
6,8936,"independent"
10,8937,"independent"
10,8938,"independent"
10,8939,"independent"
6,8940,"independent"
8,8941,"independent"
6,8942,"independent"
4,8943,"independent"
0,8944,"independent"
10,8945,"independent"
8,8946,"independent"
12,8947,"independent"
8,8948,"independent"
10,8949,"independent"
12,8950,"independent"
10,8951,"independent"
12,8952,"independent"
8,8953,"independent"
8,8954,"independent"
10,8955,"independent"
10,8956,"independent"
6,8957,"independent"
6,8958,"independent"
8,8959,"independent"
8,8960,"independent"
8,8961,"independent"
8,8962,"independent"
8,8963,"independent"
10,8964,"independent"
10,8965,"independent"
2,8966,"independent"
12,8967,"independent"
10,8968,"independent"
4,8969,"independent"
8,8970,"independent"
12,8971,"independent"
2,8972,"independent"
6,8973,"independent"
8,8974,"independent"
8,8975,"independent"
10,8976,"independent"
6,8977,"independent"
4,8978,"independent"
8,8979,"independent"
8,8980,"independent"
8,8981,"independent"
8,8982,"independent"
8,8983,"independent"
4,8984,"independent"
12,8985,"independent"
8,8986,"independent"
8,8987,"independent"
4,8988,"independent"
6,8989,"independent"
6,8990,"independent"
6,8991,"independent"
8,8992,"independent"
8,8993,"independent"
6,8994,"independent"
6,8995,"independent"
10,8996,"independent"
8,8997,"independent"
8,8998,"independent"
6,8999,"independent"
8,9000,"independent"
8,9001,"independent"
6,1,"dependent"
12,2,"dependent"
12,3,"dependent"
12,4,"dependent"
14,5,"dependent"
10,6,"dependent"
10,7,"dependent"
10,8,"dependent"
10,9,"dependent"
14,10,"dependent"
10,11,"dependent"
10,12,"dependent"
6,13,"dependent"
12,14,"dependent"
8,15,"dependent"
8,16,"dependent"
8,17,"dependent"
10,18,"dependent"
14,19,"dependent"
14,20,"dependent"
8,21,"dependent"
14,22,"dependent"
16,23,"dependent"
12,24,"dependent"
10,25,"dependent"
10,26,"dependent"
8,27,"dependent"
12,28,"dependent"
8,29,"dependent"
8,30,"dependent"
12,31,"dependent"
8,32,"dependent"
8,33,"dependent"
14,34,"dependent"
12,35,"dependent"
12,36,"dependent"
10,37,"dependent"
10,38,"dependent"
12,39,"dependent"
16,40,"dependent"
14,41,"dependent"
14,42,"dependent"
10,43,"dependent"
14,44,"dependent"
10,45,"dependent"
8,46,"dependent"
12,47,"dependent"
12,48,"dependent"
12,49,"dependent"
8,50,"dependent"
10,51,"dependent"
8,52,"dependent"
6,53,"dependent"
10,54,"dependent"
12,55,"dependent"
16,56,"dependent"
12,57,"dependent"
6,58,"dependent"
8,59,"dependent"
12,60,"dependent"
8,61,"dependent"
14,62,"dependent"
10,63,"dependent"
14,64,"dependent"
8,65,"dependent"
10,66,"dependent"
14,67,"dependent"
14,68,"dependent"
12,69,"dependent"
10,70,"dependent"
10,71,"dependent"
6,72,"dependent"
12,73,"dependent"
12,74,"dependent"
12,75,"dependent"
10,76,"dependent"
6,77,"dependent"
14,78,"dependent"
12,79,"dependent"
14,80,"dependent"
14,81,"dependent"
10,82,"dependent"
10,83,"dependent"
8,84,"dependent"
10,85,"dependent"
10,86,"dependent"
14,87,"dependent"
14,88,"dependent"
10,89,"dependent"
10,90,"dependent"
14,91,"dependent"
12,92,"dependent"
8,93,"dependent"
10,94,"dependent"
10,95,"dependent"
6,96,"dependent"
10,97,"dependent"
8,98,"dependent"
8,99,"dependent"
8,100,"dependent"
14,101,"dependent"
14,102,"dependent"
16,103,"dependent"
10,104,"dependent"
8,105,"dependent"
12,106,"dependent"
12,107,"dependent"
8,108,"dependent"
14,109,"dependent"
14,110,"dependent"
12,111,"dependent"
14,112,"dependent"
12,113,"dependent"
14,114,"dependent"
12,115,"dependent"
10,116,"dependent"
12,117,"dependent"
14,118,"dependent"
16,119,"dependent"
14,120,"dependent"
10,121,"dependent"
10,122,"dependent"
10,123,"dependent"
10,124,"dependent"
16,125,"dependent"
12,126,"dependent"
6,127,"dependent"
16,128,"dependent"
8,129,"dependent"
14,130,"dependent"
8,131,"dependent"
14,132,"dependent"
10,133,"dependent"
10,134,"dependent"
10,135,"dependent"
8,136,"dependent"
8,137,"dependent"
8,138,"dependent"
8,139,"dependent"
8,140,"dependent"
12,141,"dependent"
8,142,"dependent"
14,143,"dependent"
12,144,"dependent"
14,145,"dependent"
16,146,"dependent"
8,147,"dependent"
8,148,"dependent"
14,149,"dependent"
14,150,"dependent"
8,151,"dependent"
8,152,"dependent"
12,153,"dependent"
6,154,"dependent"
8,155,"dependent"
12,156,"dependent"
6,157,"dependent"
12,158,"dependent"
10,159,"dependent"
10,160,"dependent"
8,161,"dependent"
14,162,"dependent"
12,163,"dependent"
12,164,"dependent"
10,165,"dependent"
8,166,"dependent"
12,167,"dependent"
8,168,"dependent"
10,169,"dependent"
8,170,"dependent"
12,171,"dependent"
10,172,"dependent"
12,173,"dependent"
8,174,"dependent"
12,175,"dependent"
10,176,"dependent"
8,177,"dependent"
8,178,"dependent"
10,179,"dependent"
12,180,"dependent"
10,181,"dependent"
10,182,"dependent"
10,183,"dependent"
12,184,"dependent"
10,185,"dependent"
8,186,"dependent"
12,187,"dependent"
10,188,"dependent"
10,189,"dependent"
12,190,"dependent"
16,191,"dependent"
10,192,"dependent"
12,193,"dependent"
12,194,"dependent"
8,195,"dependent"
8,196,"dependent"
8,197,"dependent"
14,198,"dependent"
10,199,"dependent"
10,200,"dependent"
14,201,"dependent"
12,202,"dependent"
12,203,"dependent"
10,204,"dependent"
10,205,"dependent"
10,206,"dependent"
8,207,"dependent"
8,208,"dependent"
8,209,"dependent"
8,210,"dependent"
10,211,"dependent"
12,212,"dependent"
10,213,"dependent"
14,214,"dependent"
8,215,"dependent"
16,216,"dependent"
12,217,"dependent"
16,218,"dependent"
10,219,"dependent"
12,220,"dependent"
14,221,"dependent"
10,222,"dependent"
10,223,"dependent"
12,224,"dependent"
16,225,"dependent"
14,226,"dependent"
10,227,"dependent"
8,228,"dependent"
10,229,"dependent"
10,230,"dependent"
8,231,"dependent"
10,232,"dependent"
12,233,"dependent"
12,234,"dependent"
8,235,"dependent"
12,236,"dependent"
14,237,"dependent"
12,238,"dependent"
8,239,"dependent"
8,240,"dependent"
8,241,"dependent"
10,242,"dependent"
10,243,"dependent"
12,244,"dependent"
12,245,"dependent"
8,246,"dependent"
12,247,"dependent"
8,248,"dependent"
10,249,"dependent"
12,250,"dependent"
10,251,"dependent"
12,252,"dependent"
14,253,"dependent"
14,254,"dependent"
10,255,"dependent"
12,256,"dependent"
10,257,"dependent"
10,258,"dependent"
10,259,"dependent"
14,260,"dependent"
12,261,"dependent"
14,262,"dependent"
12,263,"dependent"
8,264,"dependent"
10,265,"dependent"
10,266,"dependent"
14,267,"dependent"
10,268,"dependent"
12,269,"dependent"
12,270,"dependent"
12,271,"dependent"
12,272,"dependent"
10,273,"dependent"
12,274,"dependent"
10,275,"dependent"
14,276,"dependent"
6,277,"dependent"
12,278,"dependent"
12,279,"dependent"
10,280,"dependent"
8,281,"dependent"
10,282,"dependent"
8,283,"dependent"
10,284,"dependent"
12,285,"dependent"
12,286,"dependent"
12,287,"dependent"
10,288,"dependent"
4,289,"dependent"
8,290,"dependent"
14,291,"dependent"
10,292,"dependent"
12,293,"dependent"
12,294,"dependent"
8,295,"dependent"
6,296,"dependent"
8,297,"dependent"
8,298,"dependent"
8,299,"dependent"
10,300,"dependent"
14,301,"dependent"
10,302,"dependent"
12,303,"dependent"
10,304,"dependent"
10,305,"dependent"
10,306,"dependent"
10,307,"dependent"
8,308,"dependent"
8,309,"dependent"
12,310,"dependent"
12,311,"dependent"
14,312,"dependent"
10,313,"dependent"
10,314,"dependent"
14,315,"dependent"
8,316,"dependent"
14,317,"dependent"
12,318,"dependent"
12,319,"dependent"
14,320,"dependent"
12,321,"dependent"
16,322,"dependent"
8,323,"dependent"
6,324,"dependent"
10,325,"dependent"
8,326,"dependent"
14,327,"dependent"
16,328,"dependent"
14,329,"dependent"
12,330,"dependent"
14,331,"dependent"
10,332,"dependent"
12,333,"dependent"
16,334,"dependent"
14,335,"dependent"
10,336,"dependent"
14,337,"dependent"
10,338,"dependent"
6,339,"dependent"
10,340,"dependent"
10,341,"dependent"
6,342,"dependent"
12,343,"dependent"
14,344,"dependent"
10,345,"dependent"
6,346,"dependent"
12,347,"dependent"
10,348,"dependent"
14,349,"dependent"
12,350,"dependent"
12,351,"dependent"
12,352,"dependent"
10,353,"dependent"
12,354,"dependent"
14,355,"dependent"
10,356,"dependent"
12,357,"dependent"
12,358,"dependent"
10,359,"dependent"
8,360,"dependent"
12,361,"dependent"
8,362,"dependent"
8,363,"dependent"
14,364,"dependent"
10,365,"dependent"
8,366,"dependent"
14,367,"dependent"
10,368,"dependent"
10,369,"dependent"
12,370,"dependent"
10,371,"dependent"
16,372,"dependent"
10,373,"dependent"
12,374,"dependent"
10,375,"dependent"
10,376,"dependent"
12,377,"dependent"
12,378,"dependent"
6,379,"dependent"
8,380,"dependent"
12,381,"dependent"
10,382,"dependent"
12,383,"dependent"
16,384,"dependent"
10,385,"dependent"
12,386,"dependent"
8,387,"dependent"
16,388,"dependent"
14,389,"dependent"
16,390,"dependent"
16,391,"dependent"
14,392,"dependent"
14,393,"dependent"
12,394,"dependent"
8,395,"dependent"
14,396,"dependent"
8,397,"dependent"
12,398,"dependent"
10,399,"dependent"
12,400,"dependent"
10,401,"dependent"
14,402,"dependent"
10,403,"dependent"
12,404,"dependent"
8,405,"dependent"
8,406,"dependent"
8,407,"dependent"
14,408,"dependent"
16,409,"dependent"
14,410,"dependent"
14,411,"dependent"
12,412,"dependent"
12,413,"dependent"
16,414,"dependent"
10,415,"dependent"
14,416,"dependent"
10,417,"dependent"
10,418,"dependent"
10,419,"dependent"
6,420,"dependent"
12,421,"dependent"
10,422,"dependent"
10,423,"dependent"
8,424,"dependent"
8,425,"dependent"
8,426,"dependent"
8,427,"dependent"
10,428,"dependent"
8,429,"dependent"
12,430,"dependent"
12,431,"dependent"
12,432,"dependent"
8,433,"dependent"
16,434,"dependent"
12,435,"dependent"
6,436,"dependent"
6,437,"dependent"
14,438,"dependent"
8,439,"dependent"
12,440,"dependent"
12,441,"dependent"
8,442,"dependent"
8,443,"dependent"
8,444,"dependent"
8,445,"dependent"
10,446,"dependent"
8,447,"dependent"
10,448,"dependent"
14,449,"dependent"
10,450,"dependent"
8,451,"dependent"
8,452,"dependent"
12,453,"dependent"
10,454,"dependent"
14,455,"dependent"
12,456,"dependent"
10,457,"dependent"
14,458,"dependent"
10,459,"dependent"
10,460,"dependent"
12,461,"dependent"
12,462,"dependent"
10,463,"dependent"
10,464,"dependent"
14,465,"dependent"
10,466,"dependent"
8,467,"dependent"
10,468,"dependent"
14,469,"dependent"
8,470,"dependent"
14,471,"dependent"
10,472,"dependent"
12,473,"dependent"
6,474,"dependent"
8,475,"dependent"
12,476,"dependent"
8,477,"dependent"
12,478,"dependent"
12,479,"dependent"
8,480,"dependent"
10,481,"dependent"
10,482,"dependent"
12,483,"dependent"
12,484,"dependent"
12,485,"dependent"
10,486,"dependent"
14,487,"dependent"
10,488,"dependent"
12,489,"dependent"
10,490,"dependent"
10,491,"dependent"
14,492,"dependent"
14,493,"dependent"
8,494,"dependent"
14,495,"dependent"
14,496,"dependent"
14,497,"dependent"
10,498,"dependent"
12,499,"dependent"
10,500,"dependent"
10,501,"dependent"
18,502,"dependent"
8,503,"dependent"
10,504,"dependent"
12,505,"dependent"
4,506,"dependent"
12,507,"dependent"
10,508,"dependent"
16,509,"dependent"
10,510,"dependent"
10,511,"dependent"
8,512,"dependent"
14,513,"dependent"
10,514,"dependent"
12,515,"dependent"
10,516,"dependent"
16,517,"dependent"
8,518,"dependent"
12,519,"dependent"
18,520,"dependent"
12,521,"dependent"
12,522,"dependent"
12,523,"dependent"
6,524,"dependent"
12,525,"dependent"
12,526,"dependent"
12,527,"dependent"
12,528,"dependent"
12,529,"dependent"
16,530,"dependent"
8,531,"dependent"
12,532,"dependent"
12,533,"dependent"
10,534,"dependent"
10,535,"dependent"
8,536,"dependent"
8,537,"dependent"
14,538,"dependent"
8,539,"dependent"
12,540,"dependent"
14,541,"dependent"
10,542,"dependent"
10,543,"dependent"
8,544,"dependent"
12,545,"dependent"
14,546,"dependent"
12,547,"dependent"
10,548,"dependent"
10,549,"dependent"
8,550,"dependent"
8,551,"dependent"
8,552,"dependent"
8,553,"dependent"
6,554,"dependent"
12,555,"dependent"
10,556,"dependent"
12,557,"dependent"
10,558,"dependent"
12,559,"dependent"
16,560,"dependent"
6,561,"dependent"
12,562,"dependent"
10,563,"dependent"
10,564,"dependent"
10,565,"dependent"
14,566,"dependent"
14,567,"dependent"
14,568,"dependent"
12,569,"dependent"
10,570,"dependent"
10,571,"dependent"
8,572,"dependent"
14,573,"dependent"
10,574,"dependent"
12,575,"dependent"
10,576,"dependent"
12,577,"dependent"
10,578,"dependent"
14,579,"dependent"
12,580,"dependent"
8,581,"dependent"
8,582,"dependent"
14,583,"dependent"
10,584,"dependent"
8,585,"dependent"
8,586,"dependent"
12,587,"dependent"
18,588,"dependent"
14,589,"dependent"
12,590,"dependent"
6,591,"dependent"
10,592,"dependent"
12,593,"dependent"
14,594,"dependent"
6,595,"dependent"
8,596,"dependent"
8,597,"dependent"
12,598,"dependent"
8,599,"dependent"
8,600,"dependent"
12,601,"dependent"
8,602,"dependent"
14,603,"dependent"
12,604,"dependent"
10,605,"dependent"
12,606,"dependent"
8,607,"dependent"
14,608,"dependent"
10,609,"dependent"
12,610,"dependent"
6,611,"dependent"
14,612,"dependent"
8,613,"dependent"
8,614,"dependent"
10,615,"dependent"
8,616,"dependent"
8,617,"dependent"
12,618,"dependent"
14,619,"dependent"
12,620,"dependent"
10,621,"dependent"
16,622,"dependent"
10,623,"dependent"
12,624,"dependent"
14,625,"dependent"
10,626,"dependent"
10,627,"dependent"
10,628,"dependent"
14,629,"dependent"
12,630,"dependent"
14,631,"dependent"
10,632,"dependent"
12,633,"dependent"
12,634,"dependent"
14,635,"dependent"
14,636,"dependent"
12,637,"dependent"
10,638,"dependent"
10,639,"dependent"
12,640,"dependent"
12,641,"dependent"
10,642,"dependent"
10,643,"dependent"
10,644,"dependent"
10,645,"dependent"
16,646,"dependent"
10,647,"dependent"
10,648,"dependent"
12,649,"dependent"
6,650,"dependent"
10,651,"dependent"
8,652,"dependent"
14,653,"dependent"
8,654,"dependent"
12,655,"dependent"
6,656,"dependent"
14,657,"dependent"
12,658,"dependent"
8,659,"dependent"
12,660,"dependent"
10,661,"dependent"
10,662,"dependent"
10,663,"dependent"
6,664,"dependent"
8,665,"dependent"
10,666,"dependent"
14,667,"dependent"
12,668,"dependent"
14,669,"dependent"
8,670,"dependent"
10,671,"dependent"
6,672,"dependent"
10,673,"dependent"
10,674,"dependent"
14,675,"dependent"
14,676,"dependent"
8,677,"dependent"
12,678,"dependent"
12,679,"dependent"
12,680,"dependent"
12,681,"dependent"
6,682,"dependent"
10,683,"dependent"
10,684,"dependent"
14,685,"dependent"
12,686,"dependent"
10,687,"dependent"
12,688,"dependent"
8,689,"dependent"
16,690,"dependent"
10,691,"dependent"
14,692,"dependent"
16,693,"dependent"
14,694,"dependent"
10,695,"dependent"
14,696,"dependent"
10,697,"dependent"
10,698,"dependent"
12,699,"dependent"
10,700,"dependent"
8,701,"dependent"
6,702,"dependent"
12,703,"dependent"
14,704,"dependent"
14,705,"dependent"
10,706,"dependent"
16,707,"dependent"
14,708,"dependent"
12,709,"dependent"
10,710,"dependent"
12,711,"dependent"
12,712,"dependent"
10,713,"dependent"
12,714,"dependent"
8,715,"dependent"
10,716,"dependent"
8,717,"dependent"
10,718,"dependent"
12,719,"dependent"
12,720,"dependent"
12,721,"dependent"
12,722,"dependent"
8,723,"dependent"
10,724,"dependent"
10,725,"dependent"
10,726,"dependent"
10,727,"dependent"
12,728,"dependent"
10,729,"dependent"
10,730,"dependent"
10,731,"dependent"
10,732,"dependent"
12,733,"dependent"
12,734,"dependent"
10,735,"dependent"
12,736,"dependent"
16,737,"dependent"
14,738,"dependent"
10,739,"dependent"
8,740,"dependent"
10,741,"dependent"
6,742,"dependent"
14,743,"dependent"
14,744,"dependent"
16,745,"dependent"
12,746,"dependent"
10,747,"dependent"
10,748,"dependent"
6,749,"dependent"
14,750,"dependent"
12,751,"dependent"
8,752,"dependent"
10,753,"dependent"
10,754,"dependent"
12,755,"dependent"
8,756,"dependent"
12,757,"dependent"
14,758,"dependent"
14,759,"dependent"
6,760,"dependent"
8,761,"dependent"
8,762,"dependent"
10,763,"dependent"
8,764,"dependent"
10,765,"dependent"
16,766,"dependent"
10,767,"dependent"
10,768,"dependent"
10,769,"dependent"
8,770,"dependent"
12,771,"dependent"
12,772,"dependent"
12,773,"dependent"
12,774,"dependent"
8,775,"dependent"
12,776,"dependent"
12,777,"dependent"
8,778,"dependent"
10,779,"dependent"
14,780,"dependent"
12,781,"dependent"
12,782,"dependent"
14,783,"dependent"
12,784,"dependent"
12,785,"dependent"
12,786,"dependent"
12,787,"dependent"
10,788,"dependent"
14,789,"dependent"
12,790,"dependent"
12,791,"dependent"
14,792,"dependent"
14,793,"dependent"
12,794,"dependent"
12,795,"dependent"
8,796,"dependent"
12,797,"dependent"
10,798,"dependent"
10,799,"dependent"
4,800,"dependent"
10,801,"dependent"
14,802,"dependent"
6,803,"dependent"
16,804,"dependent"
10,805,"dependent"
12,806,"dependent"
14,807,"dependent"
8,808,"dependent"
14,809,"dependent"
8,810,"dependent"
12,811,"dependent"
12,812,"dependent"
14,813,"dependent"
14,814,"dependent"
8,815,"dependent"
8,816,"dependent"
12,817,"dependent"
6,818,"dependent"
6,819,"dependent"
10,820,"dependent"
6,821,"dependent"
8,822,"dependent"
6,823,"dependent"
12,824,"dependent"
10,825,"dependent"
10,826,"dependent"
8,827,"dependent"
10,828,"dependent"
12,829,"dependent"
12,830,"dependent"
10,831,"dependent"
8,832,"dependent"
12,833,"dependent"
10,834,"dependent"
16,835,"dependent"
8,836,"dependent"
10,837,"dependent"
10,838,"dependent"
10,839,"dependent"
10,840,"dependent"
14,841,"dependent"
6,842,"dependent"
6,843,"dependent"
8,844,"dependent"
10,845,"dependent"
10,846,"dependent"
8,847,"dependent"
14,848,"dependent"
14,849,"dependent"
10,850,"dependent"
10,851,"dependent"
12,852,"dependent"
14,853,"dependent"
12,854,"dependent"
12,855,"dependent"
12,856,"dependent"
14,857,"dependent"
10,858,"dependent"
8,859,"dependent"
12,860,"dependent"
14,861,"dependent"
10,862,"dependent"
12,863,"dependent"
14,864,"dependent"
10,865,"dependent"
16,866,"dependent"
8,867,"dependent"
12,868,"dependent"
8,869,"dependent"
14,870,"dependent"
12,871,"dependent"
8,872,"dependent"
8,873,"dependent"
10,874,"dependent"
10,875,"dependent"
12,876,"dependent"
10,877,"dependent"
12,878,"dependent"
8,879,"dependent"
10,880,"dependent"
16,881,"dependent"
10,882,"dependent"
12,883,"dependent"
12,884,"dependent"
12,885,"dependent"
14,886,"dependent"
12,887,"dependent"
12,888,"dependent"
10,889,"dependent"
12,890,"dependent"
12,891,"dependent"
10,892,"dependent"
14,893,"dependent"
6,894,"dependent"
10,895,"dependent"
12,896,"dependent"
10,897,"dependent"
12,898,"dependent"
14,899,"dependent"
12,900,"dependent"
12,901,"dependent"
10,902,"dependent"
14,903,"dependent"
12,904,"dependent"
10,905,"dependent"
10,906,"dependent"
8,907,"dependent"
6,908,"dependent"
6,909,"dependent"
10,910,"dependent"
12,911,"dependent"
10,912,"dependent"
12,913,"dependent"
16,914,"dependent"
14,915,"dependent"
10,916,"dependent"
12,917,"dependent"
8,918,"dependent"
12,919,"dependent"
10,920,"dependent"
12,921,"dependent"
12,922,"dependent"
14,923,"dependent"
10,924,"dependent"
12,925,"dependent"
14,926,"dependent"
8,927,"dependent"
10,928,"dependent"
8,929,"dependent"
12,930,"dependent"
8,931,"dependent"
10,932,"dependent"
12,933,"dependent"
10,934,"dependent"
12,935,"dependent"
12,936,"dependent"
8,937,"dependent"
10,938,"dependent"
12,939,"dependent"
14,940,"dependent"
10,941,"dependent"
10,942,"dependent"
12,943,"dependent"
12,944,"dependent"
14,945,"dependent"
12,946,"dependent"
12,947,"dependent"
14,948,"dependent"
16,949,"dependent"
18,950,"dependent"
12,951,"dependent"
12,952,"dependent"
14,953,"dependent"
12,954,"dependent"
14,955,"dependent"
12,956,"dependent"
10,957,"dependent"
12,958,"dependent"
12,959,"dependent"
10,960,"dependent"
12,961,"dependent"
12,962,"dependent"
16,963,"dependent"
12,964,"dependent"
10,965,"dependent"
14,966,"dependent"
12,967,"dependent"
8,968,"dependent"
8,969,"dependent"
12,970,"dependent"
10,971,"dependent"
12,972,"dependent"
8,973,"dependent"
10,974,"dependent"
12,975,"dependent"
8,976,"dependent"
12,977,"dependent"
12,978,"dependent"
12,979,"dependent"
12,980,"dependent"
12,981,"dependent"
10,982,"dependent"
12,983,"dependent"
14,984,"dependent"
10,985,"dependent"
10,986,"dependent"
10,987,"dependent"
12,988,"dependent"
12,989,"dependent"
6,990,"dependent"
12,991,"dependent"
10,992,"dependent"
16,993,"dependent"
12,994,"dependent"
8,995,"dependent"
8,996,"dependent"
10,997,"dependent"
10,998,"dependent"
14,999,"dependent"
12,1000,"dependent"
12,1001,"dependent"
8,1002,"dependent"
10,1003,"dependent"
12,1004,"dependent"
10,1005,"dependent"
10,1006,"dependent"
14,1007,"dependent"
12,1008,"dependent"
10,1009,"dependent"
14,1010,"dependent"
12,1011,"dependent"
12,1012,"dependent"
10,1013,"dependent"
10,1014,"dependent"
12,1015,"dependent"
10,1016,"dependent"
10,1017,"dependent"
12,1018,"dependent"
10,1019,"dependent"
10,1020,"dependent"
12,1021,"dependent"
12,1022,"dependent"
14,1023,"dependent"
14,1024,"dependent"
14,1025,"dependent"
8,1026,"dependent"
6,1027,"dependent"
10,1028,"dependent"
16,1029,"dependent"
10,1030,"dependent"
12,1031,"dependent"
8,1032,"dependent"
8,1033,"dependent"
10,1034,"dependent"
12,1035,"dependent"
6,1036,"dependent"
14,1037,"dependent"
14,1038,"dependent"
14,1039,"dependent"
10,1040,"dependent"
8,1041,"dependent"
10,1042,"dependent"
6,1043,"dependent"
18,1044,"dependent"
12,1045,"dependent"
10,1046,"dependent"
8,1047,"dependent"
14,1048,"dependent"
10,1049,"dependent"
10,1050,"dependent"
14,1051,"dependent"
12,1052,"dependent"
10,1053,"dependent"
12,1054,"dependent"
12,1055,"dependent"
10,1056,"dependent"
10,1057,"dependent"
10,1058,"dependent"
12,1059,"dependent"
18,1060,"dependent"
12,1061,"dependent"
14,1062,"dependent"
8,1063,"dependent"
10,1064,"dependent"
10,1065,"dependent"
12,1066,"dependent"
8,1067,"dependent"
12,1068,"dependent"
16,1069,"dependent"
12,1070,"dependent"
12,1071,"dependent"
14,1072,"dependent"
16,1073,"dependent"
10,1074,"dependent"
14,1075,"dependent"
10,1076,"dependent"
14,1077,"dependent"
10,1078,"dependent"
16,1079,"dependent"
10,1080,"dependent"
14,1081,"dependent"
6,1082,"dependent"
8,1083,"dependent"
10,1084,"dependent"
10,1085,"dependent"
14,1086,"dependent"
14,1087,"dependent"
8,1088,"dependent"
10,1089,"dependent"
10,1090,"dependent"
14,1091,"dependent"
10,1092,"dependent"
12,1093,"dependent"
8,1094,"dependent"
12,1095,"dependent"
12,1096,"dependent"
8,1097,"dependent"
14,1098,"dependent"
6,1099,"dependent"
10,1100,"dependent"
12,1101,"dependent"
12,1102,"dependent"
14,1103,"dependent"
8,1104,"dependent"
12,1105,"dependent"
10,1106,"dependent"
8,1107,"dependent"
14,1108,"dependent"
10,1109,"dependent"
12,1110,"dependent"
12,1111,"dependent"
14,1112,"dependent"
14,1113,"dependent"
14,1114,"dependent"
14,1115,"dependent"
12,1116,"dependent"
14,1117,"dependent"
10,1118,"dependent"
12,1119,"dependent"
8,1120,"dependent"
8,1121,"dependent"
8,1122,"dependent"
12,1123,"dependent"
14,1124,"dependent"
10,1125,"dependent"
12,1126,"dependent"
12,1127,"dependent"
14,1128,"dependent"
10,1129,"dependent"
14,1130,"dependent"
12,1131,"dependent"
12,1132,"dependent"
12,1133,"dependent"
8,1134,"dependent"
4,1135,"dependent"
6,1136,"dependent"
10,1137,"dependent"
8,1138,"dependent"
8,1139,"dependent"
10,1140,"dependent"
10,1141,"dependent"
12,1142,"dependent"
10,1143,"dependent"
14,1144,"dependent"
12,1145,"dependent"
14,1146,"dependent"
8,1147,"dependent"
10,1148,"dependent"
8,1149,"dependent"
12,1150,"dependent"
8,1151,"dependent"
10,1152,"dependent"
10,1153,"dependent"
12,1154,"dependent"
8,1155,"dependent"
14,1156,"dependent"
8,1157,"dependent"
14,1158,"dependent"
12,1159,"dependent"
10,1160,"dependent"
12,1161,"dependent"
12,1162,"dependent"
10,1163,"dependent"
8,1164,"dependent"
10,1165,"dependent"
14,1166,"dependent"
6,1167,"dependent"
8,1168,"dependent"
8,1169,"dependent"
12,1170,"dependent"
8,1171,"dependent"
12,1172,"dependent"
10,1173,"dependent"
14,1174,"dependent"
10,1175,"dependent"
10,1176,"dependent"
8,1177,"dependent"
10,1178,"dependent"
10,1179,"dependent"
8,1180,"dependent"
14,1181,"dependent"
10,1182,"dependent"
14,1183,"dependent"
10,1184,"dependent"
10,1185,"dependent"
12,1186,"dependent"
12,1187,"dependent"
10,1188,"dependent"
10,1189,"dependent"
12,1190,"dependent"
10,1191,"dependent"
8,1192,"dependent"
8,1193,"dependent"
12,1194,"dependent"
14,1195,"dependent"
8,1196,"dependent"
12,1197,"dependent"
10,1198,"dependent"
14,1199,"dependent"
6,1200,"dependent"
12,1201,"dependent"
10,1202,"dependent"
16,1203,"dependent"
10,1204,"dependent"
6,1205,"dependent"
12,1206,"dependent"
12,1207,"dependent"
10,1208,"dependent"
14,1209,"dependent"
10,1210,"dependent"
8,1211,"dependent"
12,1212,"dependent"
10,1213,"dependent"
6,1214,"dependent"
10,1215,"dependent"
8,1216,"dependent"
12,1217,"dependent"
16,1218,"dependent"
14,1219,"dependent"
12,1220,"dependent"
8,1221,"dependent"
14,1222,"dependent"
10,1223,"dependent"
10,1224,"dependent"
10,1225,"dependent"
14,1226,"dependent"
6,1227,"dependent"
8,1228,"dependent"
6,1229,"dependent"
10,1230,"dependent"
14,1231,"dependent"
12,1232,"dependent"
12,1233,"dependent"
12,1234,"dependent"
12,1235,"dependent"
12,1236,"dependent"
12,1237,"dependent"
12,1238,"dependent"
10,1239,"dependent"
8,1240,"dependent"
14,1241,"dependent"
14,1242,"dependent"
10,1243,"dependent"
10,1244,"dependent"
10,1245,"dependent"
10,1246,"dependent"
10,1247,"dependent"
14,1248,"dependent"
6,1249,"dependent"
10,1250,"dependent"
12,1251,"dependent"
6,1252,"dependent"
16,1253,"dependent"
12,1254,"dependent"
6,1255,"dependent"
12,1256,"dependent"
10,1257,"dependent"
12,1258,"dependent"
14,1259,"dependent"
8,1260,"dependent"
14,1261,"dependent"
14,1262,"dependent"
10,1263,"dependent"
12,1264,"dependent"
10,1265,"dependent"
8,1266,"dependent"
10,1267,"dependent"
8,1268,"dependent"
12,1269,"dependent"
12,1270,"dependent"
8,1271,"dependent"
8,1272,"dependent"
10,1273,"dependent"
14,1274,"dependent"
12,1275,"dependent"
14,1276,"dependent"
10,1277,"dependent"
14,1278,"dependent"
8,1279,"dependent"
10,1280,"dependent"
6,1281,"dependent"
10,1282,"dependent"
10,1283,"dependent"
12,1284,"dependent"
10,1285,"dependent"
10,1286,"dependent"
12,1287,"dependent"
8,1288,"dependent"
10,1289,"dependent"
14,1290,"dependent"
12,1291,"dependent"
14,1292,"dependent"
12,1293,"dependent"
12,1294,"dependent"
8,1295,"dependent"
10,1296,"dependent"
10,1297,"dependent"
14,1298,"dependent"
14,1299,"dependent"
12,1300,"dependent"
6,1301,"dependent"
16,1302,"dependent"
12,1303,"dependent"
10,1304,"dependent"
8,1305,"dependent"
10,1306,"dependent"
6,1307,"dependent"
8,1308,"dependent"
8,1309,"dependent"
8,1310,"dependent"
14,1311,"dependent"
12,1312,"dependent"
6,1313,"dependent"
14,1314,"dependent"
14,1315,"dependent"
8,1316,"dependent"
8,1317,"dependent"
10,1318,"dependent"
10,1319,"dependent"
12,1320,"dependent"
12,1321,"dependent"
10,1322,"dependent"
12,1323,"dependent"
12,1324,"dependent"
10,1325,"dependent"
12,1326,"dependent"
10,1327,"dependent"
10,1328,"dependent"
10,1329,"dependent"
14,1330,"dependent"
8,1331,"dependent"
10,1332,"dependent"
12,1333,"dependent"
10,1334,"dependent"
10,1335,"dependent"
8,1336,"dependent"
6,1337,"dependent"
8,1338,"dependent"
12,1339,"dependent"
10,1340,"dependent"
8,1341,"dependent"
12,1342,"dependent"
12,1343,"dependent"
8,1344,"dependent"
12,1345,"dependent"
10,1346,"dependent"
10,1347,"dependent"
12,1348,"dependent"
10,1349,"dependent"
12,1350,"dependent"
14,1351,"dependent"
10,1352,"dependent"
8,1353,"dependent"
10,1354,"dependent"
8,1355,"dependent"
10,1356,"dependent"
12,1357,"dependent"
14,1358,"dependent"
16,1359,"dependent"
14,1360,"dependent"
10,1361,"dependent"
10,1362,"dependent"
12,1363,"dependent"
10,1364,"dependent"
10,1365,"dependent"
14,1366,"dependent"
8,1367,"dependent"
14,1368,"dependent"
10,1369,"dependent"
14,1370,"dependent"
10,1371,"dependent"
12,1372,"dependent"
10,1373,"dependent"
14,1374,"dependent"
12,1375,"dependent"
10,1376,"dependent"
12,1377,"dependent"
12,1378,"dependent"
16,1379,"dependent"
10,1380,"dependent"
6,1381,"dependent"
10,1382,"dependent"
10,1383,"dependent"
12,1384,"dependent"
12,1385,"dependent"
12,1386,"dependent"
14,1387,"dependent"
12,1388,"dependent"
10,1389,"dependent"
14,1390,"dependent"
10,1391,"dependent"
12,1392,"dependent"
12,1393,"dependent"
16,1394,"dependent"
10,1395,"dependent"
12,1396,"dependent"
12,1397,"dependent"
10,1398,"dependent"
14,1399,"dependent"
12,1400,"dependent"
12,1401,"dependent"
10,1402,"dependent"
8,1403,"dependent"
12,1404,"dependent"
10,1405,"dependent"
10,1406,"dependent"
8,1407,"dependent"
14,1408,"dependent"
12,1409,"dependent"
6,1410,"dependent"
12,1411,"dependent"
14,1412,"dependent"
10,1413,"dependent"
12,1414,"dependent"
10,1415,"dependent"
12,1416,"dependent"
14,1417,"dependent"
12,1418,"dependent"
12,1419,"dependent"
8,1420,"dependent"
14,1421,"dependent"
16,1422,"dependent"
12,1423,"dependent"
6,1424,"dependent"
10,1425,"dependent"
8,1426,"dependent"
8,1427,"dependent"
8,1428,"dependent"
10,1429,"dependent"
12,1430,"dependent"
12,1431,"dependent"
12,1432,"dependent"
12,1433,"dependent"
6,1434,"dependent"
12,1435,"dependent"
10,1436,"dependent"
10,1437,"dependent"
10,1438,"dependent"
10,1439,"dependent"
8,1440,"dependent"
8,1441,"dependent"
14,1442,"dependent"
14,1443,"dependent"
12,1444,"dependent"
10,1445,"dependent"
12,1446,"dependent"
10,1447,"dependent"
12,1448,"dependent"
10,1449,"dependent"
8,1450,"dependent"
12,1451,"dependent"
6,1452,"dependent"
12,1453,"dependent"
10,1454,"dependent"
14,1455,"dependent"
14,1456,"dependent"
12,1457,"dependent"
14,1458,"dependent"
10,1459,"dependent"
10,1460,"dependent"
10,1461,"dependent"
10,1462,"dependent"
14,1463,"dependent"
6,1464,"dependent"
14,1465,"dependent"
14,1466,"dependent"
12,1467,"dependent"
12,1468,"dependent"
10,1469,"dependent"
12,1470,"dependent"
12,1471,"dependent"
6,1472,"dependent"
10,1473,"dependent"
14,1474,"dependent"
8,1475,"dependent"
10,1476,"dependent"
12,1477,"dependent"
12,1478,"dependent"
8,1479,"dependent"
12,1480,"dependent"
10,1481,"dependent"
12,1482,"dependent"
10,1483,"dependent"
10,1484,"dependent"
8,1485,"dependent"
10,1486,"dependent"
10,1487,"dependent"
10,1488,"dependent"
10,1489,"dependent"
10,1490,"dependent"
16,1491,"dependent"
12,1492,"dependent"
12,1493,"dependent"
14,1494,"dependent"
10,1495,"dependent"
8,1496,"dependent"
10,1497,"dependent"
14,1498,"dependent"
10,1499,"dependent"
10,1500,"dependent"
16,1501,"dependent"
8,1502,"dependent"
12,1503,"dependent"
10,1504,"dependent"
12,1505,"dependent"
10,1506,"dependent"
12,1507,"dependent"
14,1508,"dependent"
12,1509,"dependent"
8,1510,"dependent"
10,1511,"dependent"
12,1512,"dependent"
14,1513,"dependent"
12,1514,"dependent"
10,1515,"dependent"
14,1516,"dependent"
14,1517,"dependent"
12,1518,"dependent"
12,1519,"dependent"
10,1520,"dependent"
14,1521,"dependent"
10,1522,"dependent"
12,1523,"dependent"
10,1524,"dependent"
10,1525,"dependent"
10,1526,"dependent"
8,1527,"dependent"
10,1528,"dependent"
10,1529,"dependent"
6,1530,"dependent"
12,1531,"dependent"
10,1532,"dependent"
6,1533,"dependent"
12,1534,"dependent"
14,1535,"dependent"
6,1536,"dependent"
14,1537,"dependent"
10,1538,"dependent"
10,1539,"dependent"
10,1540,"dependent"
10,1541,"dependent"
12,1542,"dependent"
12,1543,"dependent"
12,1544,"dependent"
10,1545,"dependent"
6,1546,"dependent"
12,1547,"dependent"
8,1548,"dependent"
12,1549,"dependent"
12,1550,"dependent"
14,1551,"dependent"
12,1552,"dependent"
16,1553,"dependent"
14,1554,"dependent"
10,1555,"dependent"
12,1556,"dependent"
8,1557,"dependent"
8,1558,"dependent"
14,1559,"dependent"
8,1560,"dependent"
12,1561,"dependent"
10,1562,"dependent"
10,1563,"dependent"
14,1564,"dependent"
12,1565,"dependent"
12,1566,"dependent"
10,1567,"dependent"
8,1568,"dependent"
8,1569,"dependent"
12,1570,"dependent"
14,1571,"dependent"
10,1572,"dependent"
12,1573,"dependent"
8,1574,"dependent"
6,1575,"dependent"
14,1576,"dependent"
10,1577,"dependent"
10,1578,"dependent"
12,1579,"dependent"
10,1580,"dependent"
12,1581,"dependent"
14,1582,"dependent"
10,1583,"dependent"
10,1584,"dependent"
8,1585,"dependent"
12,1586,"dependent"
12,1587,"dependent"
10,1588,"dependent"
12,1589,"dependent"
10,1590,"dependent"
6,1591,"dependent"
14,1592,"dependent"
10,1593,"dependent"
10,1594,"dependent"
12,1595,"dependent"
12,1596,"dependent"
6,1597,"dependent"
8,1598,"dependent"
12,1599,"dependent"
8,1600,"dependent"
8,1601,"dependent"
8,1602,"dependent"
12,1603,"dependent"
12,1604,"dependent"
14,1605,"dependent"
14,1606,"dependent"
12,1607,"dependent"
12,1608,"dependent"
10,1609,"dependent"
12,1610,"dependent"
12,1611,"dependent"
12,1612,"dependent"
10,1613,"dependent"
10,1614,"dependent"
14,1615,"dependent"
8,1616,"dependent"
14,1617,"dependent"
8,1618,"dependent"
12,1619,"dependent"
12,1620,"dependent"
14,1621,"dependent"
12,1622,"dependent"
10,1623,"dependent"
12,1624,"dependent"
14,1625,"dependent"
12,1626,"dependent"
16,1627,"dependent"
14,1628,"dependent"
8,1629,"dependent"
10,1630,"dependent"
10,1631,"dependent"
12,1632,"dependent"
12,1633,"dependent"
8,1634,"dependent"
12,1635,"dependent"
14,1636,"dependent"
8,1637,"dependent"
16,1638,"dependent"
14,1639,"dependent"
10,1640,"dependent"
12,1641,"dependent"
10,1642,"dependent"
10,1643,"dependent"
12,1644,"dependent"
8,1645,"dependent"
12,1646,"dependent"
12,1647,"dependent"
16,1648,"dependent"
12,1649,"dependent"
14,1650,"dependent"
16,1651,"dependent"
12,1652,"dependent"
10,1653,"dependent"
8,1654,"dependent"
12,1655,"dependent"
12,1656,"dependent"
12,1657,"dependent"
12,1658,"dependent"
14,1659,"dependent"
12,1660,"dependent"
8,1661,"dependent"
4,1662,"dependent"
10,1663,"dependent"
14,1664,"dependent"
12,1665,"dependent"
16,1666,"dependent"
6,1667,"dependent"
8,1668,"dependent"
12,1669,"dependent"
12,1670,"dependent"
16,1671,"dependent"
12,1672,"dependent"
14,1673,"dependent"
12,1674,"dependent"
12,1675,"dependent"
8,1676,"dependent"
8,1677,"dependent"
10,1678,"dependent"
6,1679,"dependent"
8,1680,"dependent"
12,1681,"dependent"
14,1682,"dependent"
12,1683,"dependent"
8,1684,"dependent"
10,1685,"dependent"
14,1686,"dependent"
6,1687,"dependent"
8,1688,"dependent"
12,1689,"dependent"
12,1690,"dependent"
10,1691,"dependent"
10,1692,"dependent"
14,1693,"dependent"
10,1694,"dependent"
14,1695,"dependent"
6,1696,"dependent"
10,1697,"dependent"
10,1698,"dependent"
14,1699,"dependent"
14,1700,"dependent"
12,1701,"dependent"
10,1702,"dependent"
10,1703,"dependent"
10,1704,"dependent"
12,1705,"dependent"
8,1706,"dependent"
8,1707,"dependent"
14,1708,"dependent"
8,1709,"dependent"
12,1710,"dependent"
12,1711,"dependent"
6,1712,"dependent"
8,1713,"dependent"
12,1714,"dependent"
8,1715,"dependent"
8,1716,"dependent"
12,1717,"dependent"
12,1718,"dependent"
8,1719,"dependent"
14,1720,"dependent"
8,1721,"dependent"
8,1722,"dependent"
12,1723,"dependent"
16,1724,"dependent"
10,1725,"dependent"
6,1726,"dependent"
12,1727,"dependent"
10,1728,"dependent"
8,1729,"dependent"
10,1730,"dependent"
18,1731,"dependent"
12,1732,"dependent"
10,1733,"dependent"
10,1734,"dependent"
14,1735,"dependent"
14,1736,"dependent"
16,1737,"dependent"
12,1738,"dependent"
8,1739,"dependent"
12,1740,"dependent"
12,1741,"dependent"
10,1742,"dependent"
12,1743,"dependent"
6,1744,"dependent"
8,1745,"dependent"
8,1746,"dependent"
10,1747,"dependent"
8,1748,"dependent"
8,1749,"dependent"
10,1750,"dependent"
8,1751,"dependent"
8,1752,"dependent"
6,1753,"dependent"
14,1754,"dependent"
12,1755,"dependent"
14,1756,"dependent"
12,1757,"dependent"
14,1758,"dependent"
10,1759,"dependent"
14,1760,"dependent"
10,1761,"dependent"
10,1762,"dependent"
10,1763,"dependent"
14,1764,"dependent"
8,1765,"dependent"
12,1766,"dependent"
12,1767,"dependent"
12,1768,"dependent"
12,1769,"dependent"
10,1770,"dependent"
14,1771,"dependent"
14,1772,"dependent"
12,1773,"dependent"
10,1774,"dependent"
12,1775,"dependent"
12,1776,"dependent"
8,1777,"dependent"
14,1778,"dependent"
10,1779,"dependent"
12,1780,"dependent"
12,1781,"dependent"
14,1782,"dependent"
8,1783,"dependent"
8,1784,"dependent"
12,1785,"dependent"
12,1786,"dependent"
6,1787,"dependent"
10,1788,"dependent"
14,1789,"dependent"
10,1790,"dependent"
10,1791,"dependent"
10,1792,"dependent"
10,1793,"dependent"
12,1794,"dependent"
12,1795,"dependent"
10,1796,"dependent"
12,1797,"dependent"
12,1798,"dependent"
10,1799,"dependent"
14,1800,"dependent"
16,1801,"dependent"
12,1802,"dependent"
14,1803,"dependent"
12,1804,"dependent"
14,1805,"dependent"
12,1806,"dependent"
14,1807,"dependent"
8,1808,"dependent"
10,1809,"dependent"
12,1810,"dependent"
12,1811,"dependent"
16,1812,"dependent"
12,1813,"dependent"
8,1814,"dependent"
10,1815,"dependent"
8,1816,"dependent"
12,1817,"dependent"
10,1818,"dependent"
12,1819,"dependent"
12,1820,"dependent"
12,1821,"dependent"
10,1822,"dependent"
10,1823,"dependent"
12,1824,"dependent"
12,1825,"dependent"
8,1826,"dependent"
14,1827,"dependent"
12,1828,"dependent"
10,1829,"dependent"
16,1830,"dependent"
14,1831,"dependent"
12,1832,"dependent"
16,1833,"dependent"
12,1834,"dependent"
10,1835,"dependent"
14,1836,"dependent"
10,1837,"dependent"
10,1838,"dependent"
14,1839,"dependent"
12,1840,"dependent"
10,1841,"dependent"
8,1842,"dependent"
14,1843,"dependent"
8,1844,"dependent"
6,1845,"dependent"
8,1846,"dependent"
12,1847,"dependent"
6,1848,"dependent"
12,1849,"dependent"
12,1850,"dependent"
12,1851,"dependent"
12,1852,"dependent"
10,1853,"dependent"
6,1854,"dependent"
14,1855,"dependent"
8,1856,"dependent"
12,1857,"dependent"
10,1858,"dependent"
14,1859,"dependent"
14,1860,"dependent"
6,1861,"dependent"
12,1862,"dependent"
10,1863,"dependent"
10,1864,"dependent"
12,1865,"dependent"
12,1866,"dependent"
14,1867,"dependent"
10,1868,"dependent"
10,1869,"dependent"
8,1870,"dependent"
12,1871,"dependent"
10,1872,"dependent"
6,1873,"dependent"
12,1874,"dependent"
10,1875,"dependent"
16,1876,"dependent"
12,1877,"dependent"
10,1878,"dependent"
10,1879,"dependent"
8,1880,"dependent"
10,1881,"dependent"
14,1882,"dependent"
12,1883,"dependent"
8,1884,"dependent"
10,1885,"dependent"
10,1886,"dependent"
12,1887,"dependent"
8,1888,"dependent"
14,1889,"dependent"
10,1890,"dependent"
10,1891,"dependent"
12,1892,"dependent"
16,1893,"dependent"
12,1894,"dependent"
10,1895,"dependent"
8,1896,"dependent"
10,1897,"dependent"
16,1898,"dependent"
16,1899,"dependent"
8,1900,"dependent"
10,1901,"dependent"
14,1902,"dependent"
10,1903,"dependent"
16,1904,"dependent"
10,1905,"dependent"
10,1906,"dependent"
12,1907,"dependent"
10,1908,"dependent"
12,1909,"dependent"
16,1910,"dependent"
14,1911,"dependent"
12,1912,"dependent"
14,1913,"dependent"
10,1914,"dependent"
14,1915,"dependent"
14,1916,"dependent"
12,1917,"dependent"
6,1918,"dependent"
12,1919,"dependent"
10,1920,"dependent"
8,1921,"dependent"
12,1922,"dependent"
10,1923,"dependent"
10,1924,"dependent"
14,1925,"dependent"
10,1926,"dependent"
12,1927,"dependent"
14,1928,"dependent"
14,1929,"dependent"
10,1930,"dependent"
10,1931,"dependent"
8,1932,"dependent"
12,1933,"dependent"
12,1934,"dependent"
6,1935,"dependent"
14,1936,"dependent"
14,1937,"dependent"
8,1938,"dependent"
8,1939,"dependent"
12,1940,"dependent"
8,1941,"dependent"
12,1942,"dependent"
12,1943,"dependent"
14,1944,"dependent"
8,1945,"dependent"
8,1946,"dependent"
8,1947,"dependent"
12,1948,"dependent"
10,1949,"dependent"
14,1950,"dependent"
14,1951,"dependent"
12,1952,"dependent"
12,1953,"dependent"
12,1954,"dependent"
10,1955,"dependent"
8,1956,"dependent"
14,1957,"dependent"
12,1958,"dependent"
18,1959,"dependent"
10,1960,"dependent"
10,1961,"dependent"
12,1962,"dependent"
6,1963,"dependent"
14,1964,"dependent"
12,1965,"dependent"
10,1966,"dependent"
12,1967,"dependent"
14,1968,"dependent"
10,1969,"dependent"
12,1970,"dependent"
10,1971,"dependent"
8,1972,"dependent"
8,1973,"dependent"
8,1974,"dependent"
10,1975,"dependent"
10,1976,"dependent"
12,1977,"dependent"
16,1978,"dependent"
10,1979,"dependent"
8,1980,"dependent"
14,1981,"dependent"
10,1982,"dependent"
10,1983,"dependent"
8,1984,"dependent"
12,1985,"dependent"
8,1986,"dependent"
12,1987,"dependent"
10,1988,"dependent"
12,1989,"dependent"
6,1990,"dependent"
8,1991,"dependent"
10,1992,"dependent"
8,1993,"dependent"
10,1994,"dependent"
14,1995,"dependent"
12,1996,"dependent"
12,1997,"dependent"
12,1998,"dependent"
8,1999,"dependent"
10,2000,"dependent"
8,2001,"dependent"
10,2002,"dependent"
10,2003,"dependent"
10,2004,"dependent"
14,2005,"dependent"
12,2006,"dependent"
10,2007,"dependent"
12,2008,"dependent"
10,2009,"dependent"
8,2010,"dependent"
12,2011,"dependent"
12,2012,"dependent"
10,2013,"dependent"
12,2014,"dependent"
10,2015,"dependent"
14,2016,"dependent"
8,2017,"dependent"
10,2018,"dependent"
14,2019,"dependent"
10,2020,"dependent"
12,2021,"dependent"
8,2022,"dependent"
12,2023,"dependent"
16,2024,"dependent"
14,2025,"dependent"
8,2026,"dependent"
10,2027,"dependent"
12,2028,"dependent"
8,2029,"dependent"
12,2030,"dependent"
6,2031,"dependent"
14,2032,"dependent"
10,2033,"dependent"
8,2034,"dependent"
10,2035,"dependent"
14,2036,"dependent"
14,2037,"dependent"
10,2038,"dependent"
12,2039,"dependent"
14,2040,"dependent"
8,2041,"dependent"
12,2042,"dependent"
10,2043,"dependent"
12,2044,"dependent"
16,2045,"dependent"
16,2046,"dependent"
12,2047,"dependent"
8,2048,"dependent"
10,2049,"dependent"
12,2050,"dependent"
8,2051,"dependent"
10,2052,"dependent"
14,2053,"dependent"
10,2054,"dependent"
14,2055,"dependent"
12,2056,"dependent"
12,2057,"dependent"
14,2058,"dependent"
10,2059,"dependent"
12,2060,"dependent"
12,2061,"dependent"
8,2062,"dependent"
14,2063,"dependent"
12,2064,"dependent"
10,2065,"dependent"
10,2066,"dependent"
14,2067,"dependent"
16,2068,"dependent"
14,2069,"dependent"
10,2070,"dependent"
12,2071,"dependent"
10,2072,"dependent"
8,2073,"dependent"
14,2074,"dependent"
8,2075,"dependent"
12,2076,"dependent"
10,2077,"dependent"
16,2078,"dependent"
12,2079,"dependent"
10,2080,"dependent"
8,2081,"dependent"
14,2082,"dependent"
12,2083,"dependent"
12,2084,"dependent"
8,2085,"dependent"
14,2086,"dependent"
10,2087,"dependent"
8,2088,"dependent"
12,2089,"dependent"
12,2090,"dependent"
12,2091,"dependent"
14,2092,"dependent"
14,2093,"dependent"
14,2094,"dependent"
14,2095,"dependent"
14,2096,"dependent"
12,2097,"dependent"
8,2098,"dependent"
10,2099,"dependent"
12,2100,"dependent"
12,2101,"dependent"
14,2102,"dependent"
10,2103,"dependent"
10,2104,"dependent"
12,2105,"dependent"
12,2106,"dependent"
10,2107,"dependent"
10,2108,"dependent"
8,2109,"dependent"
10,2110,"dependent"
12,2111,"dependent"
8,2112,"dependent"
10,2113,"dependent"
12,2114,"dependent"
10,2115,"dependent"
12,2116,"dependent"
12,2117,"dependent"
14,2118,"dependent"
12,2119,"dependent"
10,2120,"dependent"
10,2121,"dependent"
10,2122,"dependent"
12,2123,"dependent"
16,2124,"dependent"
12,2125,"dependent"
8,2126,"dependent"
12,2127,"dependent"
8,2128,"dependent"
10,2129,"dependent"
8,2130,"dependent"
12,2131,"dependent"
12,2132,"dependent"
10,2133,"dependent"
10,2134,"dependent"
12,2135,"dependent"
8,2136,"dependent"
10,2137,"dependent"
8,2138,"dependent"
14,2139,"dependent"
12,2140,"dependent"
8,2141,"dependent"
10,2142,"dependent"
14,2143,"dependent"
16,2144,"dependent"
8,2145,"dependent"
8,2146,"dependent"
10,2147,"dependent"
8,2148,"dependent"
12,2149,"dependent"
12,2150,"dependent"
12,2151,"dependent"
12,2152,"dependent"
16,2153,"dependent"
10,2154,"dependent"
12,2155,"dependent"
10,2156,"dependent"
12,2157,"dependent"
10,2158,"dependent"
12,2159,"dependent"
12,2160,"dependent"
16,2161,"dependent"
8,2162,"dependent"
10,2163,"dependent"
10,2164,"dependent"
14,2165,"dependent"
14,2166,"dependent"
12,2167,"dependent"
12,2168,"dependent"
12,2169,"dependent"
12,2170,"dependent"
10,2171,"dependent"
8,2172,"dependent"
10,2173,"dependent"
6,2174,"dependent"
12,2175,"dependent"
8,2176,"dependent"
14,2177,"dependent"
12,2178,"dependent"
10,2179,"dependent"
12,2180,"dependent"
12,2181,"dependent"
4,2182,"dependent"
10,2183,"dependent"
10,2184,"dependent"
12,2185,"dependent"
12,2186,"dependent"
14,2187,"dependent"
8,2188,"dependent"
12,2189,"dependent"
10,2190,"dependent"
16,2191,"dependent"
14,2192,"dependent"
10,2193,"dependent"
10,2194,"dependent"
14,2195,"dependent"
12,2196,"dependent"
12,2197,"dependent"
10,2198,"dependent"
12,2199,"dependent"
12,2200,"dependent"
14,2201,"dependent"
14,2202,"dependent"
14,2203,"dependent"
12,2204,"dependent"
12,2205,"dependent"
8,2206,"dependent"
8,2207,"dependent"
12,2208,"dependent"
10,2209,"dependent"
12,2210,"dependent"
12,2211,"dependent"
16,2212,"dependent"
12,2213,"dependent"
16,2214,"dependent"
12,2215,"dependent"
12,2216,"dependent"
10,2217,"dependent"
14,2218,"dependent"
14,2219,"dependent"
14,2220,"dependent"
14,2221,"dependent"
14,2222,"dependent"
14,2223,"dependent"
12,2224,"dependent"
12,2225,"dependent"
6,2226,"dependent"
12,2227,"dependent"
10,2228,"dependent"
12,2229,"dependent"
8,2230,"dependent"
12,2231,"dependent"
14,2232,"dependent"
14,2233,"dependent"
12,2234,"dependent"
10,2235,"dependent"
14,2236,"dependent"
10,2237,"dependent"
12,2238,"dependent"
6,2239,"dependent"
14,2240,"dependent"
8,2241,"dependent"
4,2242,"dependent"
10,2243,"dependent"
6,2244,"dependent"
8,2245,"dependent"
10,2246,"dependent"
10,2247,"dependent"
8,2248,"dependent"
12,2249,"dependent"
12,2250,"dependent"
14,2251,"dependent"
8,2252,"dependent"
10,2253,"dependent"
8,2254,"dependent"
12,2255,"dependent"
10,2256,"dependent"
12,2257,"dependent"
12,2258,"dependent"
8,2259,"dependent"
12,2260,"dependent"
12,2261,"dependent"
14,2262,"dependent"
10,2263,"dependent"
10,2264,"dependent"
8,2265,"dependent"
14,2266,"dependent"
8,2267,"dependent"
14,2268,"dependent"
12,2269,"dependent"
14,2270,"dependent"
10,2271,"dependent"
6,2272,"dependent"
4,2273,"dependent"
10,2274,"dependent"
10,2275,"dependent"
8,2276,"dependent"
12,2277,"dependent"
14,2278,"dependent"
12,2279,"dependent"
10,2280,"dependent"
10,2281,"dependent"
8,2282,"dependent"
16,2283,"dependent"
10,2284,"dependent"
8,2285,"dependent"
10,2286,"dependent"
14,2287,"dependent"
14,2288,"dependent"
16,2289,"dependent"
8,2290,"dependent"
8,2291,"dependent"
6,2292,"dependent"
12,2293,"dependent"
14,2294,"dependent"
12,2295,"dependent"
10,2296,"dependent"
10,2297,"dependent"
10,2298,"dependent"
12,2299,"dependent"
10,2300,"dependent"
8,2301,"dependent"
10,2302,"dependent"
12,2303,"dependent"
14,2304,"dependent"
12,2305,"dependent"
8,2306,"dependent"
6,2307,"dependent"
10,2308,"dependent"
14,2309,"dependent"
10,2310,"dependent"
10,2311,"dependent"
14,2312,"dependent"
10,2313,"dependent"
10,2314,"dependent"
8,2315,"dependent"
6,2316,"dependent"
14,2317,"dependent"
10,2318,"dependent"
12,2319,"dependent"
12,2320,"dependent"
10,2321,"dependent"
12,2322,"dependent"
12,2323,"dependent"
12,2324,"dependent"
10,2325,"dependent"
12,2326,"dependent"
14,2327,"dependent"
14,2328,"dependent"
12,2329,"dependent"
10,2330,"dependent"
12,2331,"dependent"
10,2332,"dependent"
10,2333,"dependent"
12,2334,"dependent"
14,2335,"dependent"
18,2336,"dependent"
10,2337,"dependent"
10,2338,"dependent"
12,2339,"dependent"
14,2340,"dependent"
14,2341,"dependent"
12,2342,"dependent"
10,2343,"dependent"
12,2344,"dependent"
12,2345,"dependent"
12,2346,"dependent"
8,2347,"dependent"
10,2348,"dependent"
12,2349,"dependent"
14,2350,"dependent"
16,2351,"dependent"
8,2352,"dependent"
8,2353,"dependent"
12,2354,"dependent"
10,2355,"dependent"
12,2356,"dependent"
12,2357,"dependent"
14,2358,"dependent"
10,2359,"dependent"
16,2360,"dependent"
16,2361,"dependent"
14,2362,"dependent"
10,2363,"dependent"
12,2364,"dependent"
12,2365,"dependent"
12,2366,"dependent"
10,2367,"dependent"
14,2368,"dependent"
8,2369,"dependent"
10,2370,"dependent"
10,2371,"dependent"
10,2372,"dependent"
12,2373,"dependent"
10,2374,"dependent"
12,2375,"dependent"
10,2376,"dependent"
6,2377,"dependent"
10,2378,"dependent"
10,2379,"dependent"
10,2380,"dependent"
10,2381,"dependent"
10,2382,"dependent"
10,2383,"dependent"
12,2384,"dependent"
12,2385,"dependent"
10,2386,"dependent"
12,2387,"dependent"
16,2388,"dependent"
12,2389,"dependent"
10,2390,"dependent"
12,2391,"dependent"
12,2392,"dependent"
12,2393,"dependent"
14,2394,"dependent"
10,2395,"dependent"
12,2396,"dependent"
10,2397,"dependent"
14,2398,"dependent"
18,2399,"dependent"
10,2400,"dependent"
8,2401,"dependent"
6,2402,"dependent"
8,2403,"dependent"
14,2404,"dependent"
10,2405,"dependent"
8,2406,"dependent"
12,2407,"dependent"
10,2408,"dependent"
10,2409,"dependent"
12,2410,"dependent"
14,2411,"dependent"
10,2412,"dependent"
8,2413,"dependent"
12,2414,"dependent"
10,2415,"dependent"
8,2416,"dependent"
10,2417,"dependent"
8,2418,"dependent"
8,2419,"dependent"
12,2420,"dependent"
8,2421,"dependent"
12,2422,"dependent"
10,2423,"dependent"
10,2424,"dependent"
8,2425,"dependent"
12,2426,"dependent"
10,2427,"dependent"
14,2428,"dependent"
14,2429,"dependent"
14,2430,"dependent"
8,2431,"dependent"
14,2432,"dependent"
10,2433,"dependent"
12,2434,"dependent"
12,2435,"dependent"
12,2436,"dependent"
8,2437,"dependent"
10,2438,"dependent"
14,2439,"dependent"
12,2440,"dependent"
12,2441,"dependent"
12,2442,"dependent"
10,2443,"dependent"
6,2444,"dependent"
12,2445,"dependent"
16,2446,"dependent"
12,2447,"dependent"
4,2448,"dependent"
10,2449,"dependent"
12,2450,"dependent"
8,2451,"dependent"
16,2452,"dependent"
16,2453,"dependent"
10,2454,"dependent"
10,2455,"dependent"
16,2456,"dependent"
14,2457,"dependent"
12,2458,"dependent"
10,2459,"dependent"
10,2460,"dependent"
10,2461,"dependent"
10,2462,"dependent"
12,2463,"dependent"
12,2464,"dependent"
10,2465,"dependent"
18,2466,"dependent"
10,2467,"dependent"
12,2468,"dependent"
12,2469,"dependent"
12,2470,"dependent"
8,2471,"dependent"
14,2472,"dependent"
8,2473,"dependent"
10,2474,"dependent"
14,2475,"dependent"
12,2476,"dependent"
12,2477,"dependent"
10,2478,"dependent"
12,2479,"dependent"
12,2480,"dependent"
10,2481,"dependent"
14,2482,"dependent"
14,2483,"dependent"
8,2484,"dependent"
10,2485,"dependent"
8,2486,"dependent"
8,2487,"dependent"
14,2488,"dependent"
8,2489,"dependent"
10,2490,"dependent"
10,2491,"dependent"
10,2492,"dependent"
8,2493,"dependent"
10,2494,"dependent"
10,2495,"dependent"
16,2496,"dependent"
10,2497,"dependent"
8,2498,"dependent"
8,2499,"dependent"
14,2500,"dependent"
12,2501,"dependent"
8,2502,"dependent"
12,2503,"dependent"
10,2504,"dependent"
12,2505,"dependent"
10,2506,"dependent"
14,2507,"dependent"
8,2508,"dependent"
8,2509,"dependent"
12,2510,"dependent"
10,2511,"dependent"
14,2512,"dependent"
10,2513,"dependent"
12,2514,"dependent"
8,2515,"dependent"
10,2516,"dependent"
8,2517,"dependent"
14,2518,"dependent"
12,2519,"dependent"
10,2520,"dependent"
10,2521,"dependent"
14,2522,"dependent"
10,2523,"dependent"
10,2524,"dependent"
8,2525,"dependent"
12,2526,"dependent"
10,2527,"dependent"
10,2528,"dependent"
12,2529,"dependent"
18,2530,"dependent"
12,2531,"dependent"
8,2532,"dependent"
10,2533,"dependent"
10,2534,"dependent"
12,2535,"dependent"
12,2536,"dependent"
12,2537,"dependent"
12,2538,"dependent"
10,2539,"dependent"
8,2540,"dependent"
14,2541,"dependent"
12,2542,"dependent"
10,2543,"dependent"
12,2544,"dependent"
10,2545,"dependent"
8,2546,"dependent"
12,2547,"dependent"
14,2548,"dependent"
12,2549,"dependent"
16,2550,"dependent"
18,2551,"dependent"
10,2552,"dependent"
14,2553,"dependent"
10,2554,"dependent"
8,2555,"dependent"
12,2556,"dependent"
10,2557,"dependent"
10,2558,"dependent"
14,2559,"dependent"
12,2560,"dependent"
12,2561,"dependent"
10,2562,"dependent"
12,2563,"dependent"
6,2564,"dependent"
4,2565,"dependent"
10,2566,"dependent"
8,2567,"dependent"
12,2568,"dependent"
14,2569,"dependent"
8,2570,"dependent"
12,2571,"dependent"
10,2572,"dependent"
12,2573,"dependent"
12,2574,"dependent"
12,2575,"dependent"
10,2576,"dependent"
12,2577,"dependent"
10,2578,"dependent"
14,2579,"dependent"
8,2580,"dependent"
12,2581,"dependent"
8,2582,"dependent"
14,2583,"dependent"
10,2584,"dependent"
12,2585,"dependent"
12,2586,"dependent"
8,2587,"dependent"
12,2588,"dependent"
10,2589,"dependent"
10,2590,"dependent"
12,2591,"dependent"
8,2592,"dependent"
12,2593,"dependent"
14,2594,"dependent"
8,2595,"dependent"
12,2596,"dependent"
12,2597,"dependent"
12,2598,"dependent"
10,2599,"dependent"
10,2600,"dependent"
6,2601,"dependent"
12,2602,"dependent"
16,2603,"dependent"
14,2604,"dependent"
12,2605,"dependent"
10,2606,"dependent"
10,2607,"dependent"
10,2608,"dependent"
10,2609,"dependent"
16,2610,"dependent"
12,2611,"dependent"
12,2612,"dependent"
12,2613,"dependent"
12,2614,"dependent"
8,2615,"dependent"
12,2616,"dependent"
12,2617,"dependent"
10,2618,"dependent"
8,2619,"dependent"
12,2620,"dependent"
10,2621,"dependent"
12,2622,"dependent"
8,2623,"dependent"
10,2624,"dependent"
16,2625,"dependent"
14,2626,"dependent"
14,2627,"dependent"
10,2628,"dependent"
8,2629,"dependent"
12,2630,"dependent"
12,2631,"dependent"
14,2632,"dependent"
12,2633,"dependent"
10,2634,"dependent"
14,2635,"dependent"
10,2636,"dependent"
12,2637,"dependent"
10,2638,"dependent"
14,2639,"dependent"
10,2640,"dependent"
10,2641,"dependent"
10,2642,"dependent"
10,2643,"dependent"
10,2644,"dependent"
8,2645,"dependent"
10,2646,"dependent"
8,2647,"dependent"
8,2648,"dependent"
12,2649,"dependent"
12,2650,"dependent"
12,2651,"dependent"
10,2652,"dependent"
12,2653,"dependent"
10,2654,"dependent"
14,2655,"dependent"
10,2656,"dependent"
12,2657,"dependent"
10,2658,"dependent"
8,2659,"dependent"
14,2660,"dependent"
12,2661,"dependent"
8,2662,"dependent"
8,2663,"dependent"
8,2664,"dependent"
10,2665,"dependent"
10,2666,"dependent"
14,2667,"dependent"
10,2668,"dependent"
14,2669,"dependent"
8,2670,"dependent"
14,2671,"dependent"
16,2672,"dependent"
12,2673,"dependent"
14,2674,"dependent"
8,2675,"dependent"
10,2676,"dependent"
10,2677,"dependent"
16,2678,"dependent"
14,2679,"dependent"
8,2680,"dependent"
8,2681,"dependent"
10,2682,"dependent"
8,2683,"dependent"
10,2684,"dependent"
6,2685,"dependent"
10,2686,"dependent"
12,2687,"dependent"
14,2688,"dependent"
12,2689,"dependent"
12,2690,"dependent"
10,2691,"dependent"
12,2692,"dependent"
8,2693,"dependent"
6,2694,"dependent"
12,2695,"dependent"
10,2696,"dependent"
12,2697,"dependent"
12,2698,"dependent"
10,2699,"dependent"
10,2700,"dependent"
12,2701,"dependent"
10,2702,"dependent"
12,2703,"dependent"
14,2704,"dependent"
14,2705,"dependent"
12,2706,"dependent"
14,2707,"dependent"
12,2708,"dependent"
14,2709,"dependent"
14,2710,"dependent"
12,2711,"dependent"
14,2712,"dependent"
8,2713,"dependent"
10,2714,"dependent"
10,2715,"dependent"
10,2716,"dependent"
6,2717,"dependent"
14,2718,"dependent"
12,2719,"dependent"
6,2720,"dependent"
10,2721,"dependent"
10,2722,"dependent"
10,2723,"dependent"
10,2724,"dependent"
10,2725,"dependent"
8,2726,"dependent"
6,2727,"dependent"
12,2728,"dependent"
10,2729,"dependent"
12,2730,"dependent"
6,2731,"dependent"
8,2732,"dependent"
12,2733,"dependent"
10,2734,"dependent"
10,2735,"dependent"
12,2736,"dependent"
10,2737,"dependent"
14,2738,"dependent"
16,2739,"dependent"
12,2740,"dependent"
12,2741,"dependent"
10,2742,"dependent"
8,2743,"dependent"
10,2744,"dependent"
12,2745,"dependent"
14,2746,"dependent"
6,2747,"dependent"
10,2748,"dependent"
8,2749,"dependent"
12,2750,"dependent"
10,2751,"dependent"
12,2752,"dependent"
10,2753,"dependent"
16,2754,"dependent"
12,2755,"dependent"
10,2756,"dependent"
14,2757,"dependent"
10,2758,"dependent"
12,2759,"dependent"
14,2760,"dependent"
14,2761,"dependent"
10,2762,"dependent"
14,2763,"dependent"
10,2764,"dependent"
14,2765,"dependent"
14,2766,"dependent"
12,2767,"dependent"
12,2768,"dependent"
12,2769,"dependent"
10,2770,"dependent"
12,2771,"dependent"
8,2772,"dependent"
12,2773,"dependent"
4,2774,"dependent"
10,2775,"dependent"
12,2776,"dependent"
12,2777,"dependent"
10,2778,"dependent"
6,2779,"dependent"
14,2780,"dependent"
8,2781,"dependent"
8,2782,"dependent"
12,2783,"dependent"
10,2784,"dependent"
12,2785,"dependent"
14,2786,"dependent"
10,2787,"dependent"
10,2788,"dependent"
12,2789,"dependent"
14,2790,"dependent"
12,2791,"dependent"
14,2792,"dependent"
8,2793,"dependent"
12,2794,"dependent"
12,2795,"dependent"
12,2796,"dependent"
8,2797,"dependent"
10,2798,"dependent"
12,2799,"dependent"
10,2800,"dependent"
8,2801,"dependent"
14,2802,"dependent"
10,2803,"dependent"
16,2804,"dependent"
10,2805,"dependent"
12,2806,"dependent"
8,2807,"dependent"
8,2808,"dependent"
6,2809,"dependent"
10,2810,"dependent"
14,2811,"dependent"
10,2812,"dependent"
8,2813,"dependent"
10,2814,"dependent"
10,2815,"dependent"
14,2816,"dependent"
12,2817,"dependent"
14,2818,"dependent"
12,2819,"dependent"
12,2820,"dependent"
14,2821,"dependent"
14,2822,"dependent"
10,2823,"dependent"
10,2824,"dependent"
12,2825,"dependent"
8,2826,"dependent"
10,2827,"dependent"
14,2828,"dependent"
12,2829,"dependent"
16,2830,"dependent"
12,2831,"dependent"
14,2832,"dependent"
12,2833,"dependent"
8,2834,"dependent"
10,2835,"dependent"
10,2836,"dependent"
12,2837,"dependent"
8,2838,"dependent"
10,2839,"dependent"
10,2840,"dependent"
10,2841,"dependent"
10,2842,"dependent"
14,2843,"dependent"
12,2844,"dependent"
12,2845,"dependent"
14,2846,"dependent"
14,2847,"dependent"
12,2848,"dependent"
8,2849,"dependent"
6,2850,"dependent"
14,2851,"dependent"
10,2852,"dependent"
12,2853,"dependent"
12,2854,"dependent"
16,2855,"dependent"
12,2856,"dependent"
10,2857,"dependent"
6,2858,"dependent"
12,2859,"dependent"
12,2860,"dependent"
12,2861,"dependent"
12,2862,"dependent"
10,2863,"dependent"
12,2864,"dependent"
12,2865,"dependent"
12,2866,"dependent"
10,2867,"dependent"
12,2868,"dependent"
14,2869,"dependent"
10,2870,"dependent"
14,2871,"dependent"
10,2872,"dependent"
10,2873,"dependent"
10,2874,"dependent"
8,2875,"dependent"
10,2876,"dependent"
12,2877,"dependent"
6,2878,"dependent"
12,2879,"dependent"
10,2880,"dependent"
12,2881,"dependent"
10,2882,"dependent"
10,2883,"dependent"
8,2884,"dependent"
12,2885,"dependent"
10,2886,"dependent"
12,2887,"dependent"
10,2888,"dependent"
8,2889,"dependent"
14,2890,"dependent"
10,2891,"dependent"
6,2892,"dependent"
8,2893,"dependent"
12,2894,"dependent"
10,2895,"dependent"
12,2896,"dependent"
12,2897,"dependent"
8,2898,"dependent"
12,2899,"dependent"
10,2900,"dependent"
6,2901,"dependent"
14,2902,"dependent"
6,2903,"dependent"
6,2904,"dependent"
8,2905,"dependent"
14,2906,"dependent"
10,2907,"dependent"
14,2908,"dependent"
8,2909,"dependent"
12,2910,"dependent"
12,2911,"dependent"
10,2912,"dependent"
12,2913,"dependent"
10,2914,"dependent"
10,2915,"dependent"
6,2916,"dependent"
12,2917,"dependent"
14,2918,"dependent"
8,2919,"dependent"
8,2920,"dependent"
8,2921,"dependent"
10,2922,"dependent"
10,2923,"dependent"
12,2924,"dependent"
10,2925,"dependent"
6,2926,"dependent"
12,2927,"dependent"
10,2928,"dependent"
14,2929,"dependent"
10,2930,"dependent"
8,2931,"dependent"
12,2932,"dependent"
8,2933,"dependent"
16,2934,"dependent"
10,2935,"dependent"
12,2936,"dependent"
14,2937,"dependent"
12,2938,"dependent"
10,2939,"dependent"
16,2940,"dependent"
12,2941,"dependent"
10,2942,"dependent"
12,2943,"dependent"
14,2944,"dependent"
8,2945,"dependent"
4,2946,"dependent"
12,2947,"dependent"
10,2948,"dependent"
8,2949,"dependent"
14,2950,"dependent"
12,2951,"dependent"
8,2952,"dependent"
8,2953,"dependent"
14,2954,"dependent"
12,2955,"dependent"
8,2956,"dependent"
14,2957,"dependent"
16,2958,"dependent"
16,2959,"dependent"
12,2960,"dependent"
14,2961,"dependent"
10,2962,"dependent"
12,2963,"dependent"
16,2964,"dependent"
10,2965,"dependent"
12,2966,"dependent"
4,2967,"dependent"
12,2968,"dependent"
12,2969,"dependent"
10,2970,"dependent"
10,2971,"dependent"
10,2972,"dependent"
10,2973,"dependent"
8,2974,"dependent"
8,2975,"dependent"
12,2976,"dependent"
12,2977,"dependent"
14,2978,"dependent"
8,2979,"dependent"
12,2980,"dependent"
10,2981,"dependent"
10,2982,"dependent"
10,2983,"dependent"
10,2984,"dependent"
14,2985,"dependent"
6,2986,"dependent"
10,2987,"dependent"
12,2988,"dependent"
10,2989,"dependent"
12,2990,"dependent"
12,2991,"dependent"
12,2992,"dependent"
10,2993,"dependent"
14,2994,"dependent"
10,2995,"dependent"
12,2996,"dependent"
8,2997,"dependent"
8,2998,"dependent"
6,2999,"dependent"
12,3000,"dependent"
10,3001,"dependent"
10,3002,"dependent"
12,3003,"dependent"
12,3004,"dependent"
12,3005,"dependent"
10,3006,"dependent"
10,3007,"dependent"
14,3008,"dependent"
12,3009,"dependent"
8,3010,"dependent"
12,3011,"dependent"
12,3012,"dependent"
8,3013,"dependent"
16,3014,"dependent"
8,3015,"dependent"
10,3016,"dependent"
14,3017,"dependent"
16,3018,"dependent"
10,3019,"dependent"
8,3020,"dependent"
10,3021,"dependent"
12,3022,"dependent"
14,3023,"dependent"
8,3024,"dependent"
10,3025,"dependent"
8,3026,"dependent"
12,3027,"dependent"
12,3028,"dependent"
8,3029,"dependent"
12,3030,"dependent"
6,3031,"dependent"
12,3032,"dependent"
12,3033,"dependent"
14,3034,"dependent"
14,3035,"dependent"
10,3036,"dependent"
10,3037,"dependent"
12,3038,"dependent"
8,3039,"dependent"
10,3040,"dependent"
10,3041,"dependent"
12,3042,"dependent"
8,3043,"dependent"
16,3044,"dependent"
10,3045,"dependent"
6,3046,"dependent"
12,3047,"dependent"
12,3048,"dependent"
12,3049,"dependent"
10,3050,"dependent"
10,3051,"dependent"
10,3052,"dependent"
8,3053,"dependent"
12,3054,"dependent"
10,3055,"dependent"
14,3056,"dependent"
10,3057,"dependent"
14,3058,"dependent"
12,3059,"dependent"
10,3060,"dependent"
10,3061,"dependent"
12,3062,"dependent"
14,3063,"dependent"
10,3064,"dependent"
10,3065,"dependent"
12,3066,"dependent"
16,3067,"dependent"
8,3068,"dependent"
12,3069,"dependent"
14,3070,"dependent"
12,3071,"dependent"
10,3072,"dependent"
8,3073,"dependent"
8,3074,"dependent"
10,3075,"dependent"
10,3076,"dependent"
10,3077,"dependent"
10,3078,"dependent"
10,3079,"dependent"
12,3080,"dependent"
10,3081,"dependent"
10,3082,"dependent"
8,3083,"dependent"
10,3084,"dependent"
10,3085,"dependent"
12,3086,"dependent"
8,3087,"dependent"
4,3088,"dependent"
16,3089,"dependent"
10,3090,"dependent"
10,3091,"dependent"
12,3092,"dependent"
12,3093,"dependent"
10,3094,"dependent"
12,3095,"dependent"
14,3096,"dependent"
8,3097,"dependent"
14,3098,"dependent"
12,3099,"dependent"
12,3100,"dependent"
12,3101,"dependent"
10,3102,"dependent"
12,3103,"dependent"
18,3104,"dependent"
16,3105,"dependent"
12,3106,"dependent"
8,3107,"dependent"
10,3108,"dependent"
10,3109,"dependent"
12,3110,"dependent"
10,3111,"dependent"
10,3112,"dependent"
16,3113,"dependent"
12,3114,"dependent"
10,3115,"dependent"
10,3116,"dependent"
12,3117,"dependent"
10,3118,"dependent"
6,3119,"dependent"
10,3120,"dependent"
10,3121,"dependent"
12,3122,"dependent"
12,3123,"dependent"
8,3124,"dependent"
10,3125,"dependent"
14,3126,"dependent"
10,3127,"dependent"
12,3128,"dependent"
12,3129,"dependent"
6,3130,"dependent"
12,3131,"dependent"
12,3132,"dependent"
12,3133,"dependent"
8,3134,"dependent"
10,3135,"dependent"
8,3136,"dependent"
10,3137,"dependent"
16,3138,"dependent"
10,3139,"dependent"
12,3140,"dependent"
16,3141,"dependent"
8,3142,"dependent"
10,3143,"dependent"
8,3144,"dependent"
12,3145,"dependent"
8,3146,"dependent"
12,3147,"dependent"
10,3148,"dependent"
10,3149,"dependent"
10,3150,"dependent"
14,3151,"dependent"
10,3152,"dependent"
8,3153,"dependent"
14,3154,"dependent"
12,3155,"dependent"
14,3156,"dependent"
12,3157,"dependent"
12,3158,"dependent"
12,3159,"dependent"
8,3160,"dependent"
12,3161,"dependent"
10,3162,"dependent"
12,3163,"dependent"
12,3164,"dependent"
8,3165,"dependent"
8,3166,"dependent"
12,3167,"dependent"
12,3168,"dependent"
14,3169,"dependent"
6,3170,"dependent"
10,3171,"dependent"
12,3172,"dependent"
12,3173,"dependent"
12,3174,"dependent"
10,3175,"dependent"
12,3176,"dependent"
8,3177,"dependent"
10,3178,"dependent"
12,3179,"dependent"
12,3180,"dependent"
12,3181,"dependent"
8,3182,"dependent"
12,3183,"dependent"
12,3184,"dependent"
14,3185,"dependent"
14,3186,"dependent"
10,3187,"dependent"
6,3188,"dependent"
16,3189,"dependent"
8,3190,"dependent"
6,3191,"dependent"
12,3192,"dependent"
14,3193,"dependent"
14,3194,"dependent"
10,3195,"dependent"
10,3196,"dependent"
12,3197,"dependent"
14,3198,"dependent"
10,3199,"dependent"
12,3200,"dependent"
8,3201,"dependent"
12,3202,"dependent"
10,3203,"dependent"
6,3204,"dependent"
10,3205,"dependent"
12,3206,"dependent"
12,3207,"dependent"
10,3208,"dependent"
10,3209,"dependent"
14,3210,"dependent"
8,3211,"dependent"
12,3212,"dependent"
8,3213,"dependent"
10,3214,"dependent"
14,3215,"dependent"
12,3216,"dependent"
10,3217,"dependent"
10,3218,"dependent"
10,3219,"dependent"
10,3220,"dependent"
10,3221,"dependent"
14,3222,"dependent"
6,3223,"dependent"
12,3224,"dependent"
14,3225,"dependent"
12,3226,"dependent"
10,3227,"dependent"
10,3228,"dependent"
10,3229,"dependent"
8,3230,"dependent"
10,3231,"dependent"
12,3232,"dependent"
6,3233,"dependent"
8,3234,"dependent"
10,3235,"dependent"
8,3236,"dependent"
12,3237,"dependent"
10,3238,"dependent"
10,3239,"dependent"
8,3240,"dependent"
14,3241,"dependent"
14,3242,"dependent"
12,3243,"dependent"
10,3244,"dependent"
14,3245,"dependent"
10,3246,"dependent"
8,3247,"dependent"
10,3248,"dependent"
14,3249,"dependent"
14,3250,"dependent"
10,3251,"dependent"
12,3252,"dependent"
16,3253,"dependent"
12,3254,"dependent"
12,3255,"dependent"
10,3256,"dependent"
8,3257,"dependent"
10,3258,"dependent"
12,3259,"dependent"
14,3260,"dependent"
10,3261,"dependent"
10,3262,"dependent"
14,3263,"dependent"
10,3264,"dependent"
14,3265,"dependent"
8,3266,"dependent"
4,3267,"dependent"
10,3268,"dependent"
10,3269,"dependent"
14,3270,"dependent"
8,3271,"dependent"
16,3272,"dependent"
14,3273,"dependent"
6,3274,"dependent"
12,3275,"dependent"
8,3276,"dependent"
12,3277,"dependent"
6,3278,"dependent"
14,3279,"dependent"
10,3280,"dependent"
14,3281,"dependent"
14,3282,"dependent"
12,3283,"dependent"
4,3284,"dependent"
10,3285,"dependent"
10,3286,"dependent"
12,3287,"dependent"
14,3288,"dependent"
12,3289,"dependent"
10,3290,"dependent"
12,3291,"dependent"
8,3292,"dependent"
10,3293,"dependent"
12,3294,"dependent"
12,3295,"dependent"
6,3296,"dependent"
14,3297,"dependent"
10,3298,"dependent"
12,3299,"dependent"
14,3300,"dependent"
10,3301,"dependent"
10,3302,"dependent"
16,3303,"dependent"
4,3304,"dependent"
12,3305,"dependent"
10,3306,"dependent"
8,3307,"dependent"
16,3308,"dependent"
12,3309,"dependent"
12,3310,"dependent"
8,3311,"dependent"
10,3312,"dependent"
12,3313,"dependent"
12,3314,"dependent"
8,3315,"dependent"
16,3316,"dependent"
12,3317,"dependent"
14,3318,"dependent"
12,3319,"dependent"
10,3320,"dependent"
10,3321,"dependent"
8,3322,"dependent"
10,3323,"dependent"
12,3324,"dependent"
8,3325,"dependent"
8,3326,"dependent"
12,3327,"dependent"
8,3328,"dependent"
12,3329,"dependent"
12,3330,"dependent"
14,3331,"dependent"
10,3332,"dependent"
14,3333,"dependent"
12,3334,"dependent"
12,3335,"dependent"
6,3336,"dependent"
12,3337,"dependent"
12,3338,"dependent"
10,3339,"dependent"
10,3340,"dependent"
14,3341,"dependent"
12,3342,"dependent"
14,3343,"dependent"
12,3344,"dependent"
12,3345,"dependent"
14,3346,"dependent"
16,3347,"dependent"
8,3348,"dependent"
14,3349,"dependent"
14,3350,"dependent"
10,3351,"dependent"
8,3352,"dependent"
10,3353,"dependent"
8,3354,"dependent"
10,3355,"dependent"
8,3356,"dependent"
12,3357,"dependent"
12,3358,"dependent"
12,3359,"dependent"
8,3360,"dependent"
10,3361,"dependent"
12,3362,"dependent"
10,3363,"dependent"
10,3364,"dependent"
12,3365,"dependent"
10,3366,"dependent"
12,3367,"dependent"
12,3368,"dependent"
14,3369,"dependent"
14,3370,"dependent"
12,3371,"dependent"
14,3372,"dependent"
12,3373,"dependent"
16,3374,"dependent"
10,3375,"dependent"
10,3376,"dependent"
12,3377,"dependent"
14,3378,"dependent"
12,3379,"dependent"
12,3380,"dependent"
16,3381,"dependent"
10,3382,"dependent"
10,3383,"dependent"
14,3384,"dependent"
14,3385,"dependent"
10,3386,"dependent"
10,3387,"dependent"
8,3388,"dependent"
10,3389,"dependent"
14,3390,"dependent"
12,3391,"dependent"
14,3392,"dependent"
10,3393,"dependent"
12,3394,"dependent"
14,3395,"dependent"
8,3396,"dependent"
10,3397,"dependent"
8,3398,"dependent"
12,3399,"dependent"
8,3400,"dependent"
10,3401,"dependent"
10,3402,"dependent"
8,3403,"dependent"
10,3404,"dependent"
4,3405,"dependent"
10,3406,"dependent"
12,3407,"dependent"
14,3408,"dependent"
12,3409,"dependent"
10,3410,"dependent"
10,3411,"dependent"
16,3412,"dependent"
14,3413,"dependent"
14,3414,"dependent"
10,3415,"dependent"
10,3416,"dependent"
14,3417,"dependent"
14,3418,"dependent"
10,3419,"dependent"
12,3420,"dependent"
10,3421,"dependent"
10,3422,"dependent"
8,3423,"dependent"
16,3424,"dependent"
16,3425,"dependent"
14,3426,"dependent"
14,3427,"dependent"
6,3428,"dependent"
12,3429,"dependent"
4,3430,"dependent"
10,3431,"dependent"
10,3432,"dependent"
12,3433,"dependent"
8,3434,"dependent"
8,3435,"dependent"
12,3436,"dependent"
12,3437,"dependent"
12,3438,"dependent"
6,3439,"dependent"
6,3440,"dependent"
12,3441,"dependent"
14,3442,"dependent"
12,3443,"dependent"
10,3444,"dependent"
10,3445,"dependent"
10,3446,"dependent"
8,3447,"dependent"
10,3448,"dependent"
10,3449,"dependent"
12,3450,"dependent"
10,3451,"dependent"
10,3452,"dependent"
8,3453,"dependent"
14,3454,"dependent"
16,3455,"dependent"
8,3456,"dependent"
12,3457,"dependent"
10,3458,"dependent"
10,3459,"dependent"
6,3460,"dependent"
10,3461,"dependent"
14,3462,"dependent"
12,3463,"dependent"
4,3464,"dependent"
10,3465,"dependent"
10,3466,"dependent"
6,3467,"dependent"
14,3468,"dependent"
10,3469,"dependent"
8,3470,"dependent"
8,3471,"dependent"
14,3472,"dependent"
8,3473,"dependent"
12,3474,"dependent"
10,3475,"dependent"
10,3476,"dependent"
8,3477,"dependent"
8,3478,"dependent"
10,3479,"dependent"
14,3480,"dependent"
10,3481,"dependent"
14,3482,"dependent"
10,3483,"dependent"
10,3484,"dependent"
6,3485,"dependent"
10,3486,"dependent"
14,3487,"dependent"
10,3488,"dependent"
4,3489,"dependent"
10,3490,"dependent"
14,3491,"dependent"
12,3492,"dependent"
8,3493,"dependent"
8,3494,"dependent"
12,3495,"dependent"
10,3496,"dependent"
12,3497,"dependent"
14,3498,"dependent"
12,3499,"dependent"
10,3500,"dependent"
8,3501,"dependent"
6,3502,"dependent"
8,3503,"dependent"
10,3504,"dependent"
10,3505,"dependent"
10,3506,"dependent"
12,3507,"dependent"
12,3508,"dependent"
10,3509,"dependent"
12,3510,"dependent"
12,3511,"dependent"
12,3512,"dependent"
14,3513,"dependent"
16,3514,"dependent"
14,3515,"dependent"
14,3516,"dependent"
14,3517,"dependent"
14,3518,"dependent"
12,3519,"dependent"
14,3520,"dependent"
8,3521,"dependent"
14,3522,"dependent"
10,3523,"dependent"
10,3524,"dependent"
14,3525,"dependent"
10,3526,"dependent"
8,3527,"dependent"
14,3528,"dependent"
16,3529,"dependent"
10,3530,"dependent"
10,3531,"dependent"
8,3532,"dependent"
14,3533,"dependent"
8,3534,"dependent"
14,3535,"dependent"
12,3536,"dependent"
10,3537,"dependent"
8,3538,"dependent"
14,3539,"dependent"
10,3540,"dependent"
12,3541,"dependent"
6,3542,"dependent"
12,3543,"dependent"
10,3544,"dependent"
12,3545,"dependent"
14,3546,"dependent"
10,3547,"dependent"
8,3548,"dependent"
8,3549,"dependent"
8,3550,"dependent"
12,3551,"dependent"
12,3552,"dependent"
12,3553,"dependent"
12,3554,"dependent"
8,3555,"dependent"
10,3556,"dependent"
12,3557,"dependent"
12,3558,"dependent"
10,3559,"dependent"
6,3560,"dependent"
14,3561,"dependent"
12,3562,"dependent"
10,3563,"dependent"
10,3564,"dependent"
14,3565,"dependent"
6,3566,"dependent"
10,3567,"dependent"
10,3568,"dependent"
8,3569,"dependent"
10,3570,"dependent"
12,3571,"dependent"
10,3572,"dependent"
8,3573,"dependent"
12,3574,"dependent"
14,3575,"dependent"
10,3576,"dependent"
10,3577,"dependent"
4,3578,"dependent"
10,3579,"dependent"
8,3580,"dependent"
12,3581,"dependent"
14,3582,"dependent"
10,3583,"dependent"
10,3584,"dependent"
16,3585,"dependent"
8,3586,"dependent"
8,3587,"dependent"
14,3588,"dependent"
8,3589,"dependent"
14,3590,"dependent"
12,3591,"dependent"
12,3592,"dependent"
12,3593,"dependent"
10,3594,"dependent"
12,3595,"dependent"
14,3596,"dependent"
12,3597,"dependent"
10,3598,"dependent"
10,3599,"dependent"
12,3600,"dependent"
8,3601,"dependent"
16,3602,"dependent"
10,3603,"dependent"
14,3604,"dependent"
8,3605,"dependent"
10,3606,"dependent"
8,3607,"dependent"
14,3608,"dependent"
10,3609,"dependent"
12,3610,"dependent"
12,3611,"dependent"
12,3612,"dependent"
12,3613,"dependent"
16,3614,"dependent"
6,3615,"dependent"
8,3616,"dependent"
12,3617,"dependent"
14,3618,"dependent"
12,3619,"dependent"
8,3620,"dependent"
14,3621,"dependent"
10,3622,"dependent"
8,3623,"dependent"
14,3624,"dependent"
16,3625,"dependent"
10,3626,"dependent"
6,3627,"dependent"
10,3628,"dependent"
16,3629,"dependent"
12,3630,"dependent"
12,3631,"dependent"
10,3632,"dependent"
12,3633,"dependent"
10,3634,"dependent"
10,3635,"dependent"
8,3636,"dependent"
8,3637,"dependent"
12,3638,"dependent"
12,3639,"dependent"
14,3640,"dependent"
10,3641,"dependent"
8,3642,"dependent"
14,3643,"dependent"
10,3644,"dependent"
8,3645,"dependent"
10,3646,"dependent"
12,3647,"dependent"
14,3648,"dependent"
12,3649,"dependent"
10,3650,"dependent"
14,3651,"dependent"
10,3652,"dependent"
10,3653,"dependent"
14,3654,"dependent"
10,3655,"dependent"
10,3656,"dependent"
12,3657,"dependent"
8,3658,"dependent"
8,3659,"dependent"
12,3660,"dependent"
14,3661,"dependent"
14,3662,"dependent"
14,3663,"dependent"
12,3664,"dependent"
10,3665,"dependent"
10,3666,"dependent"
8,3667,"dependent"
8,3668,"dependent"
12,3669,"dependent"
10,3670,"dependent"
8,3671,"dependent"
12,3672,"dependent"
14,3673,"dependent"
10,3674,"dependent"
12,3675,"dependent"
12,3676,"dependent"
6,3677,"dependent"
12,3678,"dependent"
8,3679,"dependent"
12,3680,"dependent"
14,3681,"dependent"
8,3682,"dependent"
10,3683,"dependent"
16,3684,"dependent"
12,3685,"dependent"
10,3686,"dependent"
18,3687,"dependent"
14,3688,"dependent"
6,3689,"dependent"
14,3690,"dependent"
8,3691,"dependent"
12,3692,"dependent"
12,3693,"dependent"
12,3694,"dependent"
14,3695,"dependent"
14,3696,"dependent"
16,3697,"dependent"
10,3698,"dependent"
12,3699,"dependent"
10,3700,"dependent"
20,3701,"dependent"
10,3702,"dependent"
12,3703,"dependent"
16,3704,"dependent"
10,3705,"dependent"
12,3706,"dependent"
8,3707,"dependent"
12,3708,"dependent"
12,3709,"dependent"
12,3710,"dependent"
12,3711,"dependent"
6,3712,"dependent"
12,3713,"dependent"
8,3714,"dependent"
10,3715,"dependent"
10,3716,"dependent"
10,3717,"dependent"
10,3718,"dependent"
14,3719,"dependent"
14,3720,"dependent"
12,3721,"dependent"
12,3722,"dependent"
10,3723,"dependent"
12,3724,"dependent"
12,3725,"dependent"
12,3726,"dependent"
16,3727,"dependent"
8,3728,"dependent"
14,3729,"dependent"
14,3730,"dependent"
12,3731,"dependent"
16,3732,"dependent"
10,3733,"dependent"
8,3734,"dependent"
12,3735,"dependent"
8,3736,"dependent"
12,3737,"dependent"
12,3738,"dependent"
10,3739,"dependent"
12,3740,"dependent"
12,3741,"dependent"
14,3742,"dependent"
10,3743,"dependent"
14,3744,"dependent"
12,3745,"dependent"
12,3746,"dependent"
12,3747,"dependent"
6,3748,"dependent"
12,3749,"dependent"
6,3750,"dependent"
10,3751,"dependent"
14,3752,"dependent"
10,3753,"dependent"
12,3754,"dependent"
10,3755,"dependent"
12,3756,"dependent"
10,3757,"dependent"
8,3758,"dependent"
12,3759,"dependent"
12,3760,"dependent"
12,3761,"dependent"
12,3762,"dependent"
10,3763,"dependent"
10,3764,"dependent"
14,3765,"dependent"
14,3766,"dependent"
10,3767,"dependent"
10,3768,"dependent"
10,3769,"dependent"
8,3770,"dependent"
10,3771,"dependent"
12,3772,"dependent"
10,3773,"dependent"
12,3774,"dependent"
10,3775,"dependent"
16,3776,"dependent"
10,3777,"dependent"
8,3778,"dependent"
8,3779,"dependent"
10,3780,"dependent"
12,3781,"dependent"
10,3782,"dependent"
12,3783,"dependent"
10,3784,"dependent"
12,3785,"dependent"
10,3786,"dependent"
14,3787,"dependent"
10,3788,"dependent"
8,3789,"dependent"
12,3790,"dependent"
12,3791,"dependent"
10,3792,"dependent"
8,3793,"dependent"
14,3794,"dependent"
14,3795,"dependent"
10,3796,"dependent"
12,3797,"dependent"
16,3798,"dependent"
12,3799,"dependent"
10,3800,"dependent"
14,3801,"dependent"
14,3802,"dependent"
12,3803,"dependent"
14,3804,"dependent"
14,3805,"dependent"
12,3806,"dependent"
10,3807,"dependent"
8,3808,"dependent"
12,3809,"dependent"
14,3810,"dependent"
16,3811,"dependent"
14,3812,"dependent"
14,3813,"dependent"
10,3814,"dependent"
14,3815,"dependent"
12,3816,"dependent"
12,3817,"dependent"
8,3818,"dependent"
12,3819,"dependent"
12,3820,"dependent"
14,3821,"dependent"
6,3822,"dependent"
12,3823,"dependent"
12,3824,"dependent"
14,3825,"dependent"
12,3826,"dependent"
16,3827,"dependent"
12,3828,"dependent"
10,3829,"dependent"
10,3830,"dependent"
14,3831,"dependent"
10,3832,"dependent"
14,3833,"dependent"
8,3834,"dependent"
12,3835,"dependent"
10,3836,"dependent"
10,3837,"dependent"
14,3838,"dependent"
12,3839,"dependent"
12,3840,"dependent"
12,3841,"dependent"
10,3842,"dependent"
10,3843,"dependent"
14,3844,"dependent"
12,3845,"dependent"
12,3846,"dependent"
10,3847,"dependent"
10,3848,"dependent"
12,3849,"dependent"
10,3850,"dependent"
14,3851,"dependent"
12,3852,"dependent"
12,3853,"dependent"
10,3854,"dependent"
8,3855,"dependent"
12,3856,"dependent"
10,3857,"dependent"
10,3858,"dependent"
12,3859,"dependent"
10,3860,"dependent"
10,3861,"dependent"
8,3862,"dependent"
14,3863,"dependent"
8,3864,"dependent"
8,3865,"dependent"
14,3866,"dependent"
8,3867,"dependent"
10,3868,"dependent"
14,3869,"dependent"
12,3870,"dependent"
10,3871,"dependent"
12,3872,"dependent"
12,3873,"dependent"
16,3874,"dependent"
10,3875,"dependent"
8,3876,"dependent"
10,3877,"dependent"
8,3878,"dependent"
14,3879,"dependent"
12,3880,"dependent"
8,3881,"dependent"
10,3882,"dependent"
10,3883,"dependent"
10,3884,"dependent"
8,3885,"dependent"
10,3886,"dependent"
12,3887,"dependent"
10,3888,"dependent"
14,3889,"dependent"
12,3890,"dependent"
12,3891,"dependent"
12,3892,"dependent"
6,3893,"dependent"
14,3894,"dependent"
12,3895,"dependent"
10,3896,"dependent"
10,3897,"dependent"
12,3898,"dependent"
8,3899,"dependent"
10,3900,"dependent"
8,3901,"dependent"
14,3902,"dependent"
12,3903,"dependent"
6,3904,"dependent"
12,3905,"dependent"
14,3906,"dependent"
8,3907,"dependent"
8,3908,"dependent"
12,3909,"dependent"
10,3910,"dependent"
12,3911,"dependent"
8,3912,"dependent"
10,3913,"dependent"
14,3914,"dependent"
12,3915,"dependent"
12,3916,"dependent"
12,3917,"dependent"
8,3918,"dependent"
12,3919,"dependent"
12,3920,"dependent"
12,3921,"dependent"
10,3922,"dependent"
14,3923,"dependent"
8,3924,"dependent"
8,3925,"dependent"
12,3926,"dependent"
16,3927,"dependent"
10,3928,"dependent"
12,3929,"dependent"
12,3930,"dependent"
10,3931,"dependent"
14,3932,"dependent"
12,3933,"dependent"
6,3934,"dependent"
12,3935,"dependent"
10,3936,"dependent"
10,3937,"dependent"
10,3938,"dependent"
12,3939,"dependent"
12,3940,"dependent"
6,3941,"dependent"
12,3942,"dependent"
12,3943,"dependent"
10,3944,"dependent"
14,3945,"dependent"
8,3946,"dependent"
10,3947,"dependent"
14,3948,"dependent"
12,3949,"dependent"
10,3950,"dependent"
8,3951,"dependent"
8,3952,"dependent"
12,3953,"dependent"
12,3954,"dependent"
12,3955,"dependent"
12,3956,"dependent"
12,3957,"dependent"
12,3958,"dependent"
10,3959,"dependent"
12,3960,"dependent"
14,3961,"dependent"
12,3962,"dependent"
12,3963,"dependent"
6,3964,"dependent"
14,3965,"dependent"
10,3966,"dependent"
10,3967,"dependent"
8,3968,"dependent"
12,3969,"dependent"
14,3970,"dependent"
12,3971,"dependent"
14,3972,"dependent"
8,3973,"dependent"
10,3974,"dependent"
12,3975,"dependent"
12,3976,"dependent"
10,3977,"dependent"
14,3978,"dependent"
10,3979,"dependent"
8,3980,"dependent"
14,3981,"dependent"
12,3982,"dependent"
6,3983,"dependent"
12,3984,"dependent"
8,3985,"dependent"
8,3986,"dependent"
12,3987,"dependent"
16,3988,"dependent"
8,3989,"dependent"
12,3990,"dependent"
14,3991,"dependent"
14,3992,"dependent"
10,3993,"dependent"
10,3994,"dependent"
12,3995,"dependent"
8,3996,"dependent"
8,3997,"dependent"
10,3998,"dependent"
10,3999,"dependent"
12,4000,"dependent"
12,4001,"dependent"
12,4002,"dependent"
14,4003,"dependent"
12,4004,"dependent"
12,4005,"dependent"
10,4006,"dependent"
12,4007,"dependent"
10,4008,"dependent"
10,4009,"dependent"
10,4010,"dependent"
12,4011,"dependent"
14,4012,"dependent"
12,4013,"dependent"
14,4014,"dependent"
10,4015,"dependent"
12,4016,"dependent"
12,4017,"dependent"
10,4018,"dependent"
14,4019,"dependent"
12,4020,"dependent"
8,4021,"dependent"
8,4022,"dependent"
12,4023,"dependent"
12,4024,"dependent"
10,4025,"dependent"
10,4026,"dependent"
14,4027,"dependent"
18,4028,"dependent"
10,4029,"dependent"
16,4030,"dependent"
14,4031,"dependent"
8,4032,"dependent"
10,4033,"dependent"
12,4034,"dependent"
12,4035,"dependent"
8,4036,"dependent"
10,4037,"dependent"
8,4038,"dependent"
10,4039,"dependent"
10,4040,"dependent"
10,4041,"dependent"
10,4042,"dependent"
10,4043,"dependent"
12,4044,"dependent"
8,4045,"dependent"
12,4046,"dependent"
10,4047,"dependent"
16,4048,"dependent"
12,4049,"dependent"
12,4050,"dependent"
10,4051,"dependent"
12,4052,"dependent"
8,4053,"dependent"
16,4054,"dependent"
10,4055,"dependent"
12,4056,"dependent"
8,4057,"dependent"
12,4058,"dependent"
12,4059,"dependent"
12,4060,"dependent"
12,4061,"dependent"
10,4062,"dependent"
16,4063,"dependent"
8,4064,"dependent"
6,4065,"dependent"
10,4066,"dependent"
12,4067,"dependent"
12,4068,"dependent"
16,4069,"dependent"
12,4070,"dependent"
14,4071,"dependent"
8,4072,"dependent"
12,4073,"dependent"
12,4074,"dependent"
12,4075,"dependent"
10,4076,"dependent"
12,4077,"dependent"
12,4078,"dependent"
10,4079,"dependent"
12,4080,"dependent"
6,4081,"dependent"
8,4082,"dependent"
12,4083,"dependent"
12,4084,"dependent"
4,4085,"dependent"
12,4086,"dependent"
10,4087,"dependent"
16,4088,"dependent"
12,4089,"dependent"
10,4090,"dependent"
14,4091,"dependent"
12,4092,"dependent"
12,4093,"dependent"
10,4094,"dependent"
10,4095,"dependent"
12,4096,"dependent"
10,4097,"dependent"
8,4098,"dependent"
12,4099,"dependent"
8,4100,"dependent"
12,4101,"dependent"
10,4102,"dependent"
8,4103,"dependent"
10,4104,"dependent"
10,4105,"dependent"
10,4106,"dependent"
12,4107,"dependent"
14,4108,"dependent"
12,4109,"dependent"
10,4110,"dependent"
16,4111,"dependent"
10,4112,"dependent"
8,4113,"dependent"
12,4114,"dependent"
14,4115,"dependent"
10,4116,"dependent"
10,4117,"dependent"
8,4118,"dependent"
12,4119,"dependent"
12,4120,"dependent"
8,4121,"dependent"
12,4122,"dependent"
14,4123,"dependent"
12,4124,"dependent"
10,4125,"dependent"
12,4126,"dependent"
12,4127,"dependent"
14,4128,"dependent"
8,4129,"dependent"
12,4130,"dependent"
12,4131,"dependent"
10,4132,"dependent"
12,4133,"dependent"
6,4134,"dependent"
12,4135,"dependent"
12,4136,"dependent"
14,4137,"dependent"
12,4138,"dependent"
10,4139,"dependent"
16,4140,"dependent"
12,4141,"dependent"
10,4142,"dependent"
14,4143,"dependent"
12,4144,"dependent"
8,4145,"dependent"
10,4146,"dependent"
8,4147,"dependent"
6,4148,"dependent"
12,4149,"dependent"
10,4150,"dependent"
12,4151,"dependent"
10,4152,"dependent"
10,4153,"dependent"
10,4154,"dependent"
8,4155,"dependent"
8,4156,"dependent"
12,4157,"dependent"
14,4158,"dependent"
14,4159,"dependent"
8,4160,"dependent"
10,4161,"dependent"
8,4162,"dependent"
10,4163,"dependent"
10,4164,"dependent"
12,4165,"dependent"
8,4166,"dependent"
10,4167,"dependent"
18,4168,"dependent"
12,4169,"dependent"
12,4170,"dependent"
14,4171,"dependent"
10,4172,"dependent"
14,4173,"dependent"
10,4174,"dependent"
10,4175,"dependent"
10,4176,"dependent"
12,4177,"dependent"
10,4178,"dependent"
10,4179,"dependent"
12,4180,"dependent"
10,4181,"dependent"
12,4182,"dependent"
10,4183,"dependent"
8,4184,"dependent"
12,4185,"dependent"
12,4186,"dependent"
10,4187,"dependent"
12,4188,"dependent"
14,4189,"dependent"
12,4190,"dependent"
8,4191,"dependent"
8,4192,"dependent"
14,4193,"dependent"
14,4194,"dependent"
12,4195,"dependent"
10,4196,"dependent"
12,4197,"dependent"
14,4198,"dependent"
6,4199,"dependent"
12,4200,"dependent"
10,4201,"dependent"
8,4202,"dependent"
14,4203,"dependent"
10,4204,"dependent"
12,4205,"dependent"
8,4206,"dependent"
12,4207,"dependent"
14,4208,"dependent"
12,4209,"dependent"
12,4210,"dependent"
10,4211,"dependent"
12,4212,"dependent"
8,4213,"dependent"
8,4214,"dependent"
12,4215,"dependent"
8,4216,"dependent"
10,4217,"dependent"
12,4218,"dependent"
12,4219,"dependent"
6,4220,"dependent"
8,4221,"dependent"
10,4222,"dependent"
14,4223,"dependent"
10,4224,"dependent"
12,4225,"dependent"
14,4226,"dependent"
10,4227,"dependent"
14,4228,"dependent"
8,4229,"dependent"
8,4230,"dependent"
12,4231,"dependent"
10,4232,"dependent"
10,4233,"dependent"
10,4234,"dependent"
12,4235,"dependent"
14,4236,"dependent"
12,4237,"dependent"
10,4238,"dependent"
14,4239,"dependent"
10,4240,"dependent"
8,4241,"dependent"
12,4242,"dependent"
8,4243,"dependent"
12,4244,"dependent"
10,4245,"dependent"
10,4246,"dependent"
8,4247,"dependent"
10,4248,"dependent"
12,4249,"dependent"
8,4250,"dependent"
12,4251,"dependent"
10,4252,"dependent"
6,4253,"dependent"
10,4254,"dependent"
12,4255,"dependent"
12,4256,"dependent"
10,4257,"dependent"
10,4258,"dependent"
12,4259,"dependent"
12,4260,"dependent"
16,4261,"dependent"
16,4262,"dependent"
6,4263,"dependent"
12,4264,"dependent"
10,4265,"dependent"
12,4266,"dependent"
12,4267,"dependent"
10,4268,"dependent"
12,4269,"dependent"
8,4270,"dependent"
12,4271,"dependent"
12,4272,"dependent"
10,4273,"dependent"
10,4274,"dependent"
12,4275,"dependent"
10,4276,"dependent"
12,4277,"dependent"
12,4278,"dependent"
10,4279,"dependent"
14,4280,"dependent"
14,4281,"dependent"
8,4282,"dependent"
8,4283,"dependent"
10,4284,"dependent"
10,4285,"dependent"
10,4286,"dependent"
12,4287,"dependent"
12,4288,"dependent"
8,4289,"dependent"
12,4290,"dependent"
10,4291,"dependent"
8,4292,"dependent"
10,4293,"dependent"
14,4294,"dependent"
12,4295,"dependent"
12,4296,"dependent"
12,4297,"dependent"
8,4298,"dependent"
8,4299,"dependent"
8,4300,"dependent"
14,4301,"dependent"
10,4302,"dependent"
10,4303,"dependent"
8,4304,"dependent"
10,4305,"dependent"
14,4306,"dependent"
12,4307,"dependent"
8,4308,"dependent"
10,4309,"dependent"
16,4310,"dependent"
10,4311,"dependent"
8,4312,"dependent"
10,4313,"dependent"
10,4314,"dependent"
10,4315,"dependent"
14,4316,"dependent"
12,4317,"dependent"
14,4318,"dependent"
10,4319,"dependent"
8,4320,"dependent"
12,4321,"dependent"
12,4322,"dependent"
10,4323,"dependent"
14,4324,"dependent"
12,4325,"dependent"
12,4326,"dependent"
12,4327,"dependent"
16,4328,"dependent"
16,4329,"dependent"
8,4330,"dependent"
10,4331,"dependent"
14,4332,"dependent"
10,4333,"dependent"
14,4334,"dependent"
12,4335,"dependent"
10,4336,"dependent"
10,4337,"dependent"
10,4338,"dependent"
12,4339,"dependent"
10,4340,"dependent"
8,4341,"dependent"
10,4342,"dependent"
16,4343,"dependent"
4,4344,"dependent"
10,4345,"dependent"
12,4346,"dependent"
14,4347,"dependent"
8,4348,"dependent"
10,4349,"dependent"
12,4350,"dependent"
12,4351,"dependent"
12,4352,"dependent"
12,4353,"dependent"
14,4354,"dependent"
8,4355,"dependent"
12,4356,"dependent"
12,4357,"dependent"
8,4358,"dependent"
14,4359,"dependent"
12,4360,"dependent"
12,4361,"dependent"
12,4362,"dependent"
8,4363,"dependent"
12,4364,"dependent"
12,4365,"dependent"
12,4366,"dependent"
10,4367,"dependent"
14,4368,"dependent"
12,4369,"dependent"
14,4370,"dependent"
8,4371,"dependent"
10,4372,"dependent"
14,4373,"dependent"
8,4374,"dependent"
18,4375,"dependent"
10,4376,"dependent"
14,4377,"dependent"
10,4378,"dependent"
10,4379,"dependent"
12,4380,"dependent"
12,4381,"dependent"
12,4382,"dependent"
10,4383,"dependent"
6,4384,"dependent"
8,4385,"dependent"
14,4386,"dependent"
14,4387,"dependent"
10,4388,"dependent"
10,4389,"dependent"
12,4390,"dependent"
8,4391,"dependent"
8,4392,"dependent"
10,4393,"dependent"
8,4394,"dependent"
8,4395,"dependent"
14,4396,"dependent"
12,4397,"dependent"
10,4398,"dependent"
12,4399,"dependent"
10,4400,"dependent"
10,4401,"dependent"
12,4402,"dependent"
12,4403,"dependent"
8,4404,"dependent"
12,4405,"dependent"
12,4406,"dependent"
10,4407,"dependent"
14,4408,"dependent"
16,4409,"dependent"
4,4410,"dependent"
6,4411,"dependent"
10,4412,"dependent"
10,4413,"dependent"
6,4414,"dependent"
12,4415,"dependent"
14,4416,"dependent"
12,4417,"dependent"
10,4418,"dependent"
12,4419,"dependent"
14,4420,"dependent"
10,4421,"dependent"
10,4422,"dependent"
10,4423,"dependent"
12,4424,"dependent"
10,4425,"dependent"
12,4426,"dependent"
12,4427,"dependent"
14,4428,"dependent"
14,4429,"dependent"
10,4430,"dependent"
12,4431,"dependent"
16,4432,"dependent"
10,4433,"dependent"
12,4434,"dependent"
12,4435,"dependent"
8,4436,"dependent"
12,4437,"dependent"
10,4438,"dependent"
12,4439,"dependent"
12,4440,"dependent"
10,4441,"dependent"
8,4442,"dependent"
10,4443,"dependent"
6,4444,"dependent"
10,4445,"dependent"
14,4446,"dependent"
14,4447,"dependent"
14,4448,"dependent"
10,4449,"dependent"
10,4450,"dependent"
12,4451,"dependent"
12,4452,"dependent"
8,4453,"dependent"
10,4454,"dependent"
8,4455,"dependent"
6,4456,"dependent"
8,4457,"dependent"
10,4458,"dependent"
10,4459,"dependent"
10,4460,"dependent"
16,4461,"dependent"
8,4462,"dependent"
12,4463,"dependent"
10,4464,"dependent"
12,4465,"dependent"
12,4466,"dependent"
12,4467,"dependent"
12,4468,"dependent"
8,4469,"dependent"
10,4470,"dependent"
8,4471,"dependent"
10,4472,"dependent"
10,4473,"dependent"
10,4474,"dependent"
10,4475,"dependent"
12,4476,"dependent"
8,4477,"dependent"
12,4478,"dependent"
14,4479,"dependent"
8,4480,"dependent"
14,4481,"dependent"
8,4482,"dependent"
14,4483,"dependent"
12,4484,"dependent"
8,4485,"dependent"
8,4486,"dependent"
8,4487,"dependent"
10,4488,"dependent"
12,4489,"dependent"
10,4490,"dependent"
12,4491,"dependent"
8,4492,"dependent"
14,4493,"dependent"
8,4494,"dependent"
14,4495,"dependent"
10,4496,"dependent"
12,4497,"dependent"
10,4498,"dependent"
8,4499,"dependent"
8,4500,"dependent"
10,4501,"dependent"
12,4502,"dependent"
12,4503,"dependent"
14,4504,"dependent"
6,4505,"dependent"
10,4506,"dependent"
8,4507,"dependent"
10,4508,"dependent"
8,4509,"dependent"
10,4510,"dependent"
16,4511,"dependent"
16,4512,"dependent"
12,4513,"dependent"
10,4514,"dependent"
12,4515,"dependent"
6,4516,"dependent"
12,4517,"dependent"
14,4518,"dependent"
8,4519,"dependent"
12,4520,"dependent"
8,4521,"dependent"
10,4522,"dependent"
12,4523,"dependent"
12,4524,"dependent"
12,4525,"dependent"
10,4526,"dependent"
12,4527,"dependent"
10,4528,"dependent"
8,4529,"dependent"
12,4530,"dependent"
14,4531,"dependent"
12,4532,"dependent"
12,4533,"dependent"
10,4534,"dependent"
8,4535,"dependent"
12,4536,"dependent"
14,4537,"dependent"
8,4538,"dependent"
12,4539,"dependent"
12,4540,"dependent"
12,4541,"dependent"
10,4542,"dependent"
10,4543,"dependent"
10,4544,"dependent"
8,4545,"dependent"
10,4546,"dependent"
12,4547,"dependent"
10,4548,"dependent"
14,4549,"dependent"
6,4550,"dependent"
12,4551,"dependent"
12,4552,"dependent"
10,4553,"dependent"
12,4554,"dependent"
12,4555,"dependent"
8,4556,"dependent"
10,4557,"dependent"
12,4558,"dependent"
10,4559,"dependent"
10,4560,"dependent"
12,4561,"dependent"
8,4562,"dependent"
12,4563,"dependent"
12,4564,"dependent"
12,4565,"dependent"
8,4566,"dependent"
12,4567,"dependent"
8,4568,"dependent"
16,4569,"dependent"
12,4570,"dependent"
10,4571,"dependent"
8,4572,"dependent"
12,4573,"dependent"
18,4574,"dependent"
12,4575,"dependent"
10,4576,"dependent"
12,4577,"dependent"
10,4578,"dependent"
18,4579,"dependent"
14,4580,"dependent"
8,4581,"dependent"
10,4582,"dependent"
8,4583,"dependent"
10,4584,"dependent"
10,4585,"dependent"
10,4586,"dependent"
12,4587,"dependent"
10,4588,"dependent"
12,4589,"dependent"
12,4590,"dependent"
10,4591,"dependent"
12,4592,"dependent"
10,4593,"dependent"
12,4594,"dependent"
12,4595,"dependent"
12,4596,"dependent"
10,4597,"dependent"
12,4598,"dependent"
12,4599,"dependent"
8,4600,"dependent"
12,4601,"dependent"
12,4602,"dependent"
4,4603,"dependent"
14,4604,"dependent"
16,4605,"dependent"
12,4606,"dependent"
12,4607,"dependent"
14,4608,"dependent"
18,4609,"dependent"
14,4610,"dependent"
8,4611,"dependent"
14,4612,"dependent"
12,4613,"dependent"
12,4614,"dependent"
14,4615,"dependent"
14,4616,"dependent"
12,4617,"dependent"
12,4618,"dependent"
10,4619,"dependent"
16,4620,"dependent"
12,4621,"dependent"
12,4622,"dependent"
10,4623,"dependent"
10,4624,"dependent"
10,4625,"dependent"
8,4626,"dependent"
12,4627,"dependent"
12,4628,"dependent"
10,4629,"dependent"
14,4630,"dependent"
14,4631,"dependent"
10,4632,"dependent"
8,4633,"dependent"
10,4634,"dependent"
8,4635,"dependent"
10,4636,"dependent"
12,4637,"dependent"
14,4638,"dependent"
10,4639,"dependent"
12,4640,"dependent"
10,4641,"dependent"
12,4642,"dependent"
14,4643,"dependent"
12,4644,"dependent"
12,4645,"dependent"
12,4646,"dependent"
10,4647,"dependent"
12,4648,"dependent"
12,4649,"dependent"
10,4650,"dependent"
8,4651,"dependent"
14,4652,"dependent"
8,4653,"dependent"
10,4654,"dependent"
12,4655,"dependent"
14,4656,"dependent"
10,4657,"dependent"
12,4658,"dependent"
8,4659,"dependent"
6,4660,"dependent"
10,4661,"dependent"
12,4662,"dependent"
10,4663,"dependent"
12,4664,"dependent"
10,4665,"dependent"
10,4666,"dependent"
12,4667,"dependent"
8,4668,"dependent"
12,4669,"dependent"
14,4670,"dependent"
12,4671,"dependent"
12,4672,"dependent"
10,4673,"dependent"
10,4674,"dependent"
12,4675,"dependent"
12,4676,"dependent"
12,4677,"dependent"
10,4678,"dependent"
8,4679,"dependent"
14,4680,"dependent"
4,4681,"dependent"
14,4682,"dependent"
14,4683,"dependent"
8,4684,"dependent"
12,4685,"dependent"
10,4686,"dependent"
12,4687,"dependent"
12,4688,"dependent"
8,4689,"dependent"
12,4690,"dependent"
8,4691,"dependent"
14,4692,"dependent"
6,4693,"dependent"
8,4694,"dependent"
12,4695,"dependent"
14,4696,"dependent"
10,4697,"dependent"
10,4698,"dependent"
12,4699,"dependent"
16,4700,"dependent"
8,4701,"dependent"
12,4702,"dependent"
12,4703,"dependent"
12,4704,"dependent"
10,4705,"dependent"
12,4706,"dependent"
12,4707,"dependent"
12,4708,"dependent"
10,4709,"dependent"
12,4710,"dependent"
10,4711,"dependent"
12,4712,"dependent"
8,4713,"dependent"
12,4714,"dependent"
16,4715,"dependent"
12,4716,"dependent"
12,4717,"dependent"
12,4718,"dependent"
12,4719,"dependent"
12,4720,"dependent"
8,4721,"dependent"
10,4722,"dependent"
12,4723,"dependent"
12,4724,"dependent"
12,4725,"dependent"
8,4726,"dependent"
10,4727,"dependent"
10,4728,"dependent"
6,4729,"dependent"
12,4730,"dependent"
12,4731,"dependent"
12,4732,"dependent"
14,4733,"dependent"
16,4734,"dependent"
14,4735,"dependent"
12,4736,"dependent"
10,4737,"dependent"
10,4738,"dependent"
14,4739,"dependent"
10,4740,"dependent"
14,4741,"dependent"
16,4742,"dependent"
8,4743,"dependent"
12,4744,"dependent"
10,4745,"dependent"
6,4746,"dependent"
12,4747,"dependent"
8,4748,"dependent"
10,4749,"dependent"
12,4750,"dependent"
10,4751,"dependent"
10,4752,"dependent"
12,4753,"dependent"
12,4754,"dependent"
12,4755,"dependent"
12,4756,"dependent"
10,4757,"dependent"
10,4758,"dependent"
10,4759,"dependent"
8,4760,"dependent"
14,4761,"dependent"
8,4762,"dependent"
14,4763,"dependent"
14,4764,"dependent"
12,4765,"dependent"
8,4766,"dependent"
8,4767,"dependent"
14,4768,"dependent"
8,4769,"dependent"
10,4770,"dependent"
10,4771,"dependent"
14,4772,"dependent"
14,4773,"dependent"
12,4774,"dependent"
12,4775,"dependent"
12,4776,"dependent"
12,4777,"dependent"
8,4778,"dependent"
10,4779,"dependent"
14,4780,"dependent"
14,4781,"dependent"
8,4782,"dependent"
10,4783,"dependent"
8,4784,"dependent"
12,4785,"dependent"
10,4786,"dependent"
12,4787,"dependent"
8,4788,"dependent"
10,4789,"dependent"
12,4790,"dependent"
10,4791,"dependent"
12,4792,"dependent"
16,4793,"dependent"
10,4794,"dependent"
10,4795,"dependent"
14,4796,"dependent"
14,4797,"dependent"
16,4798,"dependent"
12,4799,"dependent"
16,4800,"dependent"
10,4801,"dependent"
8,4802,"dependent"
12,4803,"dependent"
10,4804,"dependent"
10,4805,"dependent"
10,4806,"dependent"
8,4807,"dependent"
8,4808,"dependent"
10,4809,"dependent"
8,4810,"dependent"
14,4811,"dependent"
10,4812,"dependent"
14,4813,"dependent"
12,4814,"dependent"
8,4815,"dependent"
12,4816,"dependent"
14,4817,"dependent"
12,4818,"dependent"
10,4819,"dependent"
14,4820,"dependent"
10,4821,"dependent"
12,4822,"dependent"
10,4823,"dependent"
16,4824,"dependent"
12,4825,"dependent"
12,4826,"dependent"
14,4827,"dependent"
10,4828,"dependent"
12,4829,"dependent"
12,4830,"dependent"
12,4831,"dependent"
12,4832,"dependent"
10,4833,"dependent"
10,4834,"dependent"
14,4835,"dependent"
12,4836,"dependent"
14,4837,"dependent"
10,4838,"dependent"
6,4839,"dependent"
10,4840,"dependent"
10,4841,"dependent"
14,4842,"dependent"
12,4843,"dependent"
10,4844,"dependent"
8,4845,"dependent"
10,4846,"dependent"
8,4847,"dependent"
10,4848,"dependent"
12,4849,"dependent"
10,4850,"dependent"
14,4851,"dependent"
14,4852,"dependent"
12,4853,"dependent"
6,4854,"dependent"
16,4855,"dependent"
10,4856,"dependent"
10,4857,"dependent"
8,4858,"dependent"
10,4859,"dependent"
10,4860,"dependent"
12,4861,"dependent"
10,4862,"dependent"
12,4863,"dependent"
12,4864,"dependent"
14,4865,"dependent"
16,4866,"dependent"
14,4867,"dependent"
12,4868,"dependent"
12,4869,"dependent"
14,4870,"dependent"
12,4871,"dependent"
12,4872,"dependent"
14,4873,"dependent"
10,4874,"dependent"
12,4875,"dependent"
8,4876,"dependent"
10,4877,"dependent"
10,4878,"dependent"
10,4879,"dependent"
10,4880,"dependent"
14,4881,"dependent"
16,4882,"dependent"
12,4883,"dependent"
10,4884,"dependent"
12,4885,"dependent"
14,4886,"dependent"
10,4887,"dependent"
10,4888,"dependent"
12,4889,"dependent"
10,4890,"dependent"
12,4891,"dependent"
10,4892,"dependent"
12,4893,"dependent"
12,4894,"dependent"
8,4895,"dependent"
14,4896,"dependent"
16,4897,"dependent"
10,4898,"dependent"
12,4899,"dependent"
4,4900,"dependent"
10,4901,"dependent"
10,4902,"dependent"
12,4903,"dependent"
8,4904,"dependent"
16,4905,"dependent"
10,4906,"dependent"
12,4907,"dependent"
16,4908,"dependent"
8,4909,"dependent"
6,4910,"dependent"
12,4911,"dependent"
14,4912,"dependent"
10,4913,"dependent"
12,4914,"dependent"
14,4915,"dependent"
10,4916,"dependent"
12,4917,"dependent"
10,4918,"dependent"
10,4919,"dependent"
12,4920,"dependent"
12,4921,"dependent"
8,4922,"dependent"
14,4923,"dependent"
10,4924,"dependent"
18,4925,"dependent"
14,4926,"dependent"
10,4927,"dependent"
10,4928,"dependent"
10,4929,"dependent"
10,4930,"dependent"
10,4931,"dependent"
8,4932,"dependent"
10,4933,"dependent"
10,4934,"dependent"
14,4935,"dependent"
10,4936,"dependent"
12,4937,"dependent"
8,4938,"dependent"
10,4939,"dependent"
12,4940,"dependent"
6,4941,"dependent"
10,4942,"dependent"
12,4943,"dependent"
12,4944,"dependent"
14,4945,"dependent"
14,4946,"dependent"
6,4947,"dependent"
8,4948,"dependent"
8,4949,"dependent"
10,4950,"dependent"
12,4951,"dependent"
10,4952,"dependent"
10,4953,"dependent"
14,4954,"dependent"
12,4955,"dependent"
8,4956,"dependent"
6,4957,"dependent"
8,4958,"dependent"
12,4959,"dependent"
10,4960,"dependent"
14,4961,"dependent"
14,4962,"dependent"
6,4963,"dependent"
12,4964,"dependent"
8,4965,"dependent"
10,4966,"dependent"
8,4967,"dependent"
8,4968,"dependent"
12,4969,"dependent"
10,4970,"dependent"
16,4971,"dependent"
14,4972,"dependent"
14,4973,"dependent"
12,4974,"dependent"
14,4975,"dependent"
14,4976,"dependent"
14,4977,"dependent"
12,4978,"dependent"
12,4979,"dependent"
10,4980,"dependent"
10,4981,"dependent"
6,4982,"dependent"
10,4983,"dependent"
12,4984,"dependent"
8,4985,"dependent"
12,4986,"dependent"
10,4987,"dependent"
12,4988,"dependent"
10,4989,"dependent"
10,4990,"dependent"
14,4991,"dependent"
14,4992,"dependent"
14,4993,"dependent"
10,4994,"dependent"
12,4995,"dependent"
14,4996,"dependent"
8,4997,"dependent"
12,4998,"dependent"
10,4999,"dependent"
10,5000,"dependent"
8,5001,"dependent"
8,5002,"dependent"
10,5003,"dependent"
14,5004,"dependent"
8,5005,"dependent"
10,5006,"dependent"
8,5007,"dependent"
16,5008,"dependent"
6,5009,"dependent"
12,5010,"dependent"
8,5011,"dependent"
10,5012,"dependent"
10,5013,"dependent"
10,5014,"dependent"
8,5015,"dependent"
10,5016,"dependent"
8,5017,"dependent"
14,5018,"dependent"
8,5019,"dependent"
12,5020,"dependent"
12,5021,"dependent"
10,5022,"dependent"
8,5023,"dependent"
14,5024,"dependent"
10,5025,"dependent"
8,5026,"dependent"
12,5027,"dependent"
8,5028,"dependent"
10,5029,"dependent"
12,5030,"dependent"
14,5031,"dependent"
12,5032,"dependent"
14,5033,"dependent"
14,5034,"dependent"
14,5035,"dependent"
14,5036,"dependent"
6,5037,"dependent"
14,5038,"dependent"
8,5039,"dependent"
12,5040,"dependent"
14,5041,"dependent"
10,5042,"dependent"
8,5043,"dependent"
10,5044,"dependent"
12,5045,"dependent"
12,5046,"dependent"
8,5047,"dependent"
14,5048,"dependent"
10,5049,"dependent"
12,5050,"dependent"
6,5051,"dependent"
10,5052,"dependent"
8,5053,"dependent"
14,5054,"dependent"
10,5055,"dependent"
8,5056,"dependent"
14,5057,"dependent"
10,5058,"dependent"
10,5059,"dependent"
12,5060,"dependent"
8,5061,"dependent"
10,5062,"dependent"
8,5063,"dependent"
8,5064,"dependent"
8,5065,"dependent"
14,5066,"dependent"
10,5067,"dependent"
10,5068,"dependent"
14,5069,"dependent"
6,5070,"dependent"
8,5071,"dependent"
10,5072,"dependent"
12,5073,"dependent"
10,5074,"dependent"
10,5075,"dependent"
12,5076,"dependent"
12,5077,"dependent"
10,5078,"dependent"
14,5079,"dependent"
12,5080,"dependent"
12,5081,"dependent"
12,5082,"dependent"
10,5083,"dependent"
12,5084,"dependent"
8,5085,"dependent"
16,5086,"dependent"
4,5087,"dependent"
10,5088,"dependent"
10,5089,"dependent"
12,5090,"dependent"
12,5091,"dependent"
10,5092,"dependent"
6,5093,"dependent"
8,5094,"dependent"
14,5095,"dependent"
10,5096,"dependent"
12,5097,"dependent"
14,5098,"dependent"
8,5099,"dependent"
12,5100,"dependent"
12,5101,"dependent"
10,5102,"dependent"
14,5103,"dependent"
16,5104,"dependent"
14,5105,"dependent"
14,5106,"dependent"
8,5107,"dependent"
14,5108,"dependent"
8,5109,"dependent"
10,5110,"dependent"
14,5111,"dependent"
14,5112,"dependent"
10,5113,"dependent"
12,5114,"dependent"
8,5115,"dependent"
12,5116,"dependent"
10,5117,"dependent"
12,5118,"dependent"
10,5119,"dependent"
12,5120,"dependent"
12,5121,"dependent"
12,5122,"dependent"
8,5123,"dependent"
10,5124,"dependent"
12,5125,"dependent"
12,5126,"dependent"
12,5127,"dependent"
12,5128,"dependent"
16,5129,"dependent"
14,5130,"dependent"
10,5131,"dependent"
10,5132,"dependent"
10,5133,"dependent"
8,5134,"dependent"
10,5135,"dependent"
6,5136,"dependent"
8,5137,"dependent"
12,5138,"dependent"
12,5139,"dependent"
10,5140,"dependent"
8,5141,"dependent"
12,5142,"dependent"
12,5143,"dependent"
16,5144,"dependent"
12,5145,"dependent"
12,5146,"dependent"
10,5147,"dependent"
12,5148,"dependent"
8,5149,"dependent"
12,5150,"dependent"
14,5151,"dependent"
12,5152,"dependent"
10,5153,"dependent"
12,5154,"dependent"
12,5155,"dependent"
8,5156,"dependent"
8,5157,"dependent"
10,5158,"dependent"
14,5159,"dependent"
14,5160,"dependent"
16,5161,"dependent"
10,5162,"dependent"
10,5163,"dependent"
14,5164,"dependent"
16,5165,"dependent"
14,5166,"dependent"
12,5167,"dependent"
10,5168,"dependent"
6,5169,"dependent"
8,5170,"dependent"
12,5171,"dependent"
12,5172,"dependent"
10,5173,"dependent"
8,5174,"dependent"
10,5175,"dependent"
10,5176,"dependent"
10,5177,"dependent"
12,5178,"dependent"
10,5179,"dependent"
10,5180,"dependent"
8,5181,"dependent"
10,5182,"dependent"
12,5183,"dependent"
10,5184,"dependent"
6,5185,"dependent"
12,5186,"dependent"
8,5187,"dependent"
14,5188,"dependent"
12,5189,"dependent"
12,5190,"dependent"
14,5191,"dependent"
12,5192,"dependent"
8,5193,"dependent"
14,5194,"dependent"
10,5195,"dependent"
12,5196,"dependent"
12,5197,"dependent"
10,5198,"dependent"
10,5199,"dependent"
10,5200,"dependent"
12,5201,"dependent"
12,5202,"dependent"
8,5203,"dependent"
6,5204,"dependent"
8,5205,"dependent"
8,5206,"dependent"
12,5207,"dependent"
12,5208,"dependent"
14,5209,"dependent"
8,5210,"dependent"
12,5211,"dependent"
14,5212,"dependent"
8,5213,"dependent"
10,5214,"dependent"
14,5215,"dependent"
12,5216,"dependent"
12,5217,"dependent"
14,5218,"dependent"
14,5219,"dependent"
12,5220,"dependent"
10,5221,"dependent"
10,5222,"dependent"
12,5223,"dependent"
12,5224,"dependent"
12,5225,"dependent"
12,5226,"dependent"
12,5227,"dependent"
8,5228,"dependent"
10,5229,"dependent"
12,5230,"dependent"
14,5231,"dependent"
12,5232,"dependent"
12,5233,"dependent"
12,5234,"dependent"
6,5235,"dependent"
8,5236,"dependent"
14,5237,"dependent"
8,5238,"dependent"
10,5239,"dependent"
10,5240,"dependent"
10,5241,"dependent"
10,5242,"dependent"
10,5243,"dependent"
6,5244,"dependent"
6,5245,"dependent"
12,5246,"dependent"
12,5247,"dependent"
14,5248,"dependent"
14,5249,"dependent"
14,5250,"dependent"
12,5251,"dependent"
14,5252,"dependent"
8,5253,"dependent"
12,5254,"dependent"
8,5255,"dependent"
10,5256,"dependent"
14,5257,"dependent"
12,5258,"dependent"
10,5259,"dependent"
12,5260,"dependent"
16,5261,"dependent"
12,5262,"dependent"
12,5263,"dependent"
8,5264,"dependent"
10,5265,"dependent"
12,5266,"dependent"
18,5267,"dependent"
10,5268,"dependent"
10,5269,"dependent"
10,5270,"dependent"
16,5271,"dependent"
10,5272,"dependent"
8,5273,"dependent"
10,5274,"dependent"
8,5275,"dependent"
12,5276,"dependent"
12,5277,"dependent"
12,5278,"dependent"
12,5279,"dependent"
12,5280,"dependent"
10,5281,"dependent"
12,5282,"dependent"
12,5283,"dependent"
12,5284,"dependent"
10,5285,"dependent"
8,5286,"dependent"
8,5287,"dependent"
12,5288,"dependent"
6,5289,"dependent"
6,5290,"dependent"
10,5291,"dependent"
12,5292,"dependent"
8,5293,"dependent"
12,5294,"dependent"
10,5295,"dependent"
12,5296,"dependent"
6,5297,"dependent"
10,5298,"dependent"
12,5299,"dependent"
14,5300,"dependent"
14,5301,"dependent"
12,5302,"dependent"
8,5303,"dependent"
10,5304,"dependent"
12,5305,"dependent"
10,5306,"dependent"
10,5307,"dependent"
14,5308,"dependent"
12,5309,"dependent"
8,5310,"dependent"
12,5311,"dependent"
16,5312,"dependent"
14,5313,"dependent"
12,5314,"dependent"
14,5315,"dependent"
14,5316,"dependent"
14,5317,"dependent"
16,5318,"dependent"
12,5319,"dependent"
8,5320,"dependent"
14,5321,"dependent"
12,5322,"dependent"
10,5323,"dependent"
14,5324,"dependent"
14,5325,"dependent"
12,5326,"dependent"
8,5327,"dependent"
12,5328,"dependent"
14,5329,"dependent"
8,5330,"dependent"
10,5331,"dependent"
12,5332,"dependent"
10,5333,"dependent"
10,5334,"dependent"
14,5335,"dependent"
8,5336,"dependent"
12,5337,"dependent"
12,5338,"dependent"
14,5339,"dependent"
10,5340,"dependent"
12,5341,"dependent"
8,5342,"dependent"
10,5343,"dependent"
12,5344,"dependent"
10,5345,"dependent"
10,5346,"dependent"
10,5347,"dependent"
10,5348,"dependent"
10,5349,"dependent"
12,5350,"dependent"
12,5351,"dependent"
10,5352,"dependent"
16,5353,"dependent"
12,5354,"dependent"
12,5355,"dependent"
8,5356,"dependent"
12,5357,"dependent"
8,5358,"dependent"
16,5359,"dependent"
10,5360,"dependent"
18,5361,"dependent"
16,5362,"dependent"
12,5363,"dependent"
10,5364,"dependent"
8,5365,"dependent"
8,5366,"dependent"
10,5367,"dependent"
12,5368,"dependent"
12,5369,"dependent"
12,5370,"dependent"
6,5371,"dependent"
10,5372,"dependent"
12,5373,"dependent"
8,5374,"dependent"
10,5375,"dependent"
10,5376,"dependent"
8,5377,"dependent"
16,5378,"dependent"
14,5379,"dependent"
10,5380,"dependent"
8,5381,"dependent"
6,5382,"dependent"
14,5383,"dependent"
8,5384,"dependent"
10,5385,"dependent"
10,5386,"dependent"
10,5387,"dependent"
10,5388,"dependent"
10,5389,"dependent"
12,5390,"dependent"
14,5391,"dependent"
12,5392,"dependent"
12,5393,"dependent"
16,5394,"dependent"
14,5395,"dependent"
14,5396,"dependent"
8,5397,"dependent"
12,5398,"dependent"
10,5399,"dependent"
8,5400,"dependent"
8,5401,"dependent"
10,5402,"dependent"
10,5403,"dependent"
10,5404,"dependent"
8,5405,"dependent"
14,5406,"dependent"
8,5407,"dependent"
10,5408,"dependent"
12,5409,"dependent"
12,5410,"dependent"
6,5411,"dependent"
12,5412,"dependent"
10,5413,"dependent"
10,5414,"dependent"
12,5415,"dependent"
10,5416,"dependent"
4,5417,"dependent"
10,5418,"dependent"
12,5419,"dependent"
18,5420,"dependent"
10,5421,"dependent"
12,5422,"dependent"
12,5423,"dependent"
16,5424,"dependent"
8,5425,"dependent"
12,5426,"dependent"
8,5427,"dependent"
12,5428,"dependent"
12,5429,"dependent"
10,5430,"dependent"
8,5431,"dependent"
10,5432,"dependent"
12,5433,"dependent"
6,5434,"dependent"
12,5435,"dependent"
8,5436,"dependent"
10,5437,"dependent"
8,5438,"dependent"
16,5439,"dependent"
14,5440,"dependent"
12,5441,"dependent"
8,5442,"dependent"
12,5443,"dependent"
10,5444,"dependent"
12,5445,"dependent"
8,5446,"dependent"
12,5447,"dependent"
14,5448,"dependent"
14,5449,"dependent"
10,5450,"dependent"
10,5451,"dependent"
12,5452,"dependent"
10,5453,"dependent"
10,5454,"dependent"
14,5455,"dependent"
8,5456,"dependent"
8,5457,"dependent"
8,5458,"dependent"
10,5459,"dependent"
14,5460,"dependent"
8,5461,"dependent"
12,5462,"dependent"
10,5463,"dependent"
10,5464,"dependent"
12,5465,"dependent"
8,5466,"dependent"
10,5467,"dependent"
10,5468,"dependent"
8,5469,"dependent"
12,5470,"dependent"
12,5471,"dependent"
12,5472,"dependent"
10,5473,"dependent"
14,5474,"dependent"
14,5475,"dependent"
10,5476,"dependent"
12,5477,"dependent"
10,5478,"dependent"
12,5479,"dependent"
8,5480,"dependent"
12,5481,"dependent"
12,5482,"dependent"
14,5483,"dependent"
12,5484,"dependent"
14,5485,"dependent"
10,5486,"dependent"
12,5487,"dependent"
10,5488,"dependent"
12,5489,"dependent"
10,5490,"dependent"
12,5491,"dependent"
10,5492,"dependent"
14,5493,"dependent"
8,5494,"dependent"
8,5495,"dependent"
8,5496,"dependent"
10,5497,"dependent"
10,5498,"dependent"
12,5499,"dependent"
8,5500,"dependent"
12,5501,"dependent"
14,5502,"dependent"
16,5503,"dependent"
14,5504,"dependent"
8,5505,"dependent"
14,5506,"dependent"
12,5507,"dependent"
12,5508,"dependent"
14,5509,"dependent"
8,5510,"dependent"
12,5511,"dependent"
8,5512,"dependent"
10,5513,"dependent"
12,5514,"dependent"
12,5515,"dependent"
14,5516,"dependent"
10,5517,"dependent"
12,5518,"dependent"
12,5519,"dependent"
10,5520,"dependent"
10,5521,"dependent"
14,5522,"dependent"
8,5523,"dependent"
10,5524,"dependent"
10,5525,"dependent"
10,5526,"dependent"
10,5527,"dependent"
10,5528,"dependent"
10,5529,"dependent"
8,5530,"dependent"
10,5531,"dependent"
10,5532,"dependent"
8,5533,"dependent"
12,5534,"dependent"
12,5535,"dependent"
6,5536,"dependent"
8,5537,"dependent"
12,5538,"dependent"
14,5539,"dependent"
14,5540,"dependent"
12,5541,"dependent"
10,5542,"dependent"
10,5543,"dependent"
14,5544,"dependent"
10,5545,"dependent"
10,5546,"dependent"
12,5547,"dependent"
12,5548,"dependent"
10,5549,"dependent"
16,5550,"dependent"
4,5551,"dependent"
10,5552,"dependent"
10,5553,"dependent"
14,5554,"dependent"
10,5555,"dependent"
12,5556,"dependent"
14,5557,"dependent"
14,5558,"dependent"
10,5559,"dependent"
12,5560,"dependent"
8,5561,"dependent"
10,5562,"dependent"
12,5563,"dependent"
10,5564,"dependent"
10,5565,"dependent"
10,5566,"dependent"
8,5567,"dependent"
6,5568,"dependent"
14,5569,"dependent"
8,5570,"dependent"
12,5571,"dependent"
10,5572,"dependent"
10,5573,"dependent"
10,5574,"dependent"
12,5575,"dependent"
14,5576,"dependent"
12,5577,"dependent"
12,5578,"dependent"
12,5579,"dependent"
14,5580,"dependent"
10,5581,"dependent"
12,5582,"dependent"
10,5583,"dependent"
10,5584,"dependent"
12,5585,"dependent"
12,5586,"dependent"
12,5587,"dependent"
14,5588,"dependent"
16,5589,"dependent"
10,5590,"dependent"
8,5591,"dependent"
14,5592,"dependent"
14,5593,"dependent"
10,5594,"dependent"
14,5595,"dependent"
12,5596,"dependent"
14,5597,"dependent"
10,5598,"dependent"
14,5599,"dependent"
12,5600,"dependent"
12,5601,"dependent"
14,5602,"dependent"
12,5603,"dependent"
8,5604,"dependent"
8,5605,"dependent"
6,5606,"dependent"
12,5607,"dependent"
10,5608,"dependent"
10,5609,"dependent"
8,5610,"dependent"
14,5611,"dependent"
6,5612,"dependent"
10,5613,"dependent"
12,5614,"dependent"
12,5615,"dependent"
16,5616,"dependent"
10,5617,"dependent"
8,5618,"dependent"
14,5619,"dependent"
12,5620,"dependent"
10,5621,"dependent"
8,5622,"dependent"
12,5623,"dependent"
10,5624,"dependent"
10,5625,"dependent"
12,5626,"dependent"
8,5627,"dependent"
6,5628,"dependent"
12,5629,"dependent"
12,5630,"dependent"
8,5631,"dependent"
10,5632,"dependent"
12,5633,"dependent"
10,5634,"dependent"
12,5635,"dependent"
12,5636,"dependent"
10,5637,"dependent"
12,5638,"dependent"
10,5639,"dependent"
6,5640,"dependent"
8,5641,"dependent"
16,5642,"dependent"
12,5643,"dependent"
12,5644,"dependent"
8,5645,"dependent"
12,5646,"dependent"
12,5647,"dependent"
8,5648,"dependent"
14,5649,"dependent"
14,5650,"dependent"
12,5651,"dependent"
12,5652,"dependent"
8,5653,"dependent"
12,5654,"dependent"
10,5655,"dependent"
12,5656,"dependent"
14,5657,"dependent"
8,5658,"dependent"
10,5659,"dependent"
10,5660,"dependent"
14,5661,"dependent"
14,5662,"dependent"
12,5663,"dependent"
12,5664,"dependent"
8,5665,"dependent"
12,5666,"dependent"
10,5667,"dependent"
10,5668,"dependent"
14,5669,"dependent"
10,5670,"dependent"
12,5671,"dependent"
12,5672,"dependent"
6,5673,"dependent"
8,5674,"dependent"
8,5675,"dependent"
8,5676,"dependent"
12,5677,"dependent"
12,5678,"dependent"
10,5679,"dependent"
10,5680,"dependent"
8,5681,"dependent"
10,5682,"dependent"
10,5683,"dependent"
12,5684,"dependent"
14,5685,"dependent"
10,5686,"dependent"
12,5687,"dependent"
12,5688,"dependent"
10,5689,"dependent"
10,5690,"dependent"
12,5691,"dependent"
14,5692,"dependent"
10,5693,"dependent"
12,5694,"dependent"
10,5695,"dependent"
6,5696,"dependent"
16,5697,"dependent"
12,5698,"dependent"
16,5699,"dependent"
12,5700,"dependent"
10,5701,"dependent"
10,5702,"dependent"
10,5703,"dependent"
16,5704,"dependent"
10,5705,"dependent"
14,5706,"dependent"
8,5707,"dependent"
12,5708,"dependent"
12,5709,"dependent"
12,5710,"dependent"
12,5711,"dependent"
12,5712,"dependent"
10,5713,"dependent"
10,5714,"dependent"
12,5715,"dependent"
8,5716,"dependent"
14,5717,"dependent"
10,5718,"dependent"
14,5719,"dependent"
10,5720,"dependent"
10,5721,"dependent"
14,5722,"dependent"
12,5723,"dependent"
12,5724,"dependent"
10,5725,"dependent"
14,5726,"dependent"
14,5727,"dependent"
14,5728,"dependent"
12,5729,"dependent"
8,5730,"dependent"
12,5731,"dependent"
10,5732,"dependent"
6,5733,"dependent"
14,5734,"dependent"
12,5735,"dependent"
14,5736,"dependent"
12,5737,"dependent"
10,5738,"dependent"
8,5739,"dependent"
10,5740,"dependent"
12,5741,"dependent"
10,5742,"dependent"
12,5743,"dependent"
12,5744,"dependent"
14,5745,"dependent"
12,5746,"dependent"
10,5747,"dependent"
12,5748,"dependent"
16,5749,"dependent"
12,5750,"dependent"
6,5751,"dependent"
10,5752,"dependent"
12,5753,"dependent"
14,5754,"dependent"
16,5755,"dependent"
12,5756,"dependent"
10,5757,"dependent"
16,5758,"dependent"
10,5759,"dependent"
12,5760,"dependent"
14,5761,"dependent"
14,5762,"dependent"
12,5763,"dependent"
10,5764,"dependent"
6,5765,"dependent"
12,5766,"dependent"
10,5767,"dependent"
10,5768,"dependent"
8,5769,"dependent"
12,5770,"dependent"
14,5771,"dependent"
8,5772,"dependent"
8,5773,"dependent"
12,5774,"dependent"
10,5775,"dependent"
12,5776,"dependent"
8,5777,"dependent"
12,5778,"dependent"
12,5779,"dependent"
12,5780,"dependent"
10,5781,"dependent"
10,5782,"dependent"
10,5783,"dependent"
12,5784,"dependent"
12,5785,"dependent"
8,5786,"dependent"
10,5787,"dependent"
14,5788,"dependent"
12,5789,"dependent"
14,5790,"dependent"
6,5791,"dependent"
10,5792,"dependent"
14,5793,"dependent"
12,5794,"dependent"
6,5795,"dependent"
12,5796,"dependent"
8,5797,"dependent"
12,5798,"dependent"
14,5799,"dependent"
8,5800,"dependent"
14,5801,"dependent"
12,5802,"dependent"
14,5803,"dependent"
10,5804,"dependent"
12,5805,"dependent"
6,5806,"dependent"
10,5807,"dependent"
10,5808,"dependent"
10,5809,"dependent"
10,5810,"dependent"
6,5811,"dependent"
10,5812,"dependent"
10,5813,"dependent"
8,5814,"dependent"
8,5815,"dependent"
12,5816,"dependent"
10,5817,"dependent"
14,5818,"dependent"
8,5819,"dependent"
14,5820,"dependent"
12,5821,"dependent"
12,5822,"dependent"
12,5823,"dependent"
12,5824,"dependent"
12,5825,"dependent"
10,5826,"dependent"
8,5827,"dependent"
12,5828,"dependent"
10,5829,"dependent"
12,5830,"dependent"
12,5831,"dependent"
10,5832,"dependent"
10,5833,"dependent"
14,5834,"dependent"
8,5835,"dependent"
16,5836,"dependent"
10,5837,"dependent"
10,5838,"dependent"
12,5839,"dependent"
14,5840,"dependent"
8,5841,"dependent"
14,5842,"dependent"
12,5843,"dependent"
16,5844,"dependent"
12,5845,"dependent"
12,5846,"dependent"
12,5847,"dependent"
12,5848,"dependent"
12,5849,"dependent"
10,5850,"dependent"
14,5851,"dependent"
12,5852,"dependent"
14,5853,"dependent"
16,5854,"dependent"
12,5855,"dependent"
14,5856,"dependent"
14,5857,"dependent"
10,5858,"dependent"
12,5859,"dependent"
12,5860,"dependent"
12,5861,"dependent"
12,5862,"dependent"
12,5863,"dependent"
12,5864,"dependent"
8,5865,"dependent"
8,5866,"dependent"
10,5867,"dependent"
6,5868,"dependent"
10,5869,"dependent"
12,5870,"dependent"
12,5871,"dependent"
14,5872,"dependent"
8,5873,"dependent"
14,5874,"dependent"
10,5875,"dependent"
10,5876,"dependent"
14,5877,"dependent"
12,5878,"dependent"
12,5879,"dependent"
8,5880,"dependent"
12,5881,"dependent"
6,5882,"dependent"
8,5883,"dependent"
8,5884,"dependent"
8,5885,"dependent"
14,5886,"dependent"
10,5887,"dependent"
8,5888,"dependent"
12,5889,"dependent"
14,5890,"dependent"
8,5891,"dependent"
8,5892,"dependent"
12,5893,"dependent"
10,5894,"dependent"
12,5895,"dependent"
10,5896,"dependent"
14,5897,"dependent"
12,5898,"dependent"
10,5899,"dependent"
10,5900,"dependent"
8,5901,"dependent"
10,5902,"dependent"
10,5903,"dependent"
10,5904,"dependent"
8,5905,"dependent"
10,5906,"dependent"
10,5907,"dependent"
14,5908,"dependent"
12,5909,"dependent"
12,5910,"dependent"
14,5911,"dependent"
14,5912,"dependent"
12,5913,"dependent"
14,5914,"dependent"
12,5915,"dependent"
14,5916,"dependent"
8,5917,"dependent"
12,5918,"dependent"
14,5919,"dependent"
16,5920,"dependent"
10,5921,"dependent"
14,5922,"dependent"
10,5923,"dependent"
14,5924,"dependent"
12,5925,"dependent"
10,5926,"dependent"
14,5927,"dependent"
8,5928,"dependent"
14,5929,"dependent"
8,5930,"dependent"
10,5931,"dependent"
12,5932,"dependent"
8,5933,"dependent"
14,5934,"dependent"
10,5935,"dependent"
8,5936,"dependent"
12,5937,"dependent"
16,5938,"dependent"
12,5939,"dependent"
10,5940,"dependent"
10,5941,"dependent"
8,5942,"dependent"
12,5943,"dependent"
12,5944,"dependent"
16,5945,"dependent"
10,5946,"dependent"
14,5947,"dependent"
8,5948,"dependent"
14,5949,"dependent"
16,5950,"dependent"
12,5951,"dependent"
10,5952,"dependent"
8,5953,"dependent"
8,5954,"dependent"
10,5955,"dependent"
10,5956,"dependent"
12,5957,"dependent"
12,5958,"dependent"
14,5959,"dependent"
16,5960,"dependent"
14,5961,"dependent"
10,5962,"dependent"
10,5963,"dependent"
12,5964,"dependent"
12,5965,"dependent"
12,5966,"dependent"
8,5967,"dependent"
12,5968,"dependent"
12,5969,"dependent"
12,5970,"dependent"
10,5971,"dependent"
12,5972,"dependent"
12,5973,"dependent"
14,5974,"dependent"
10,5975,"dependent"
12,5976,"dependent"
12,5977,"dependent"
12,5978,"dependent"
12,5979,"dependent"
16,5980,"dependent"
8,5981,"dependent"
10,5982,"dependent"
10,5983,"dependent"
14,5984,"dependent"
12,5985,"dependent"
16,5986,"dependent"
14,5987,"dependent"
12,5988,"dependent"
6,5989,"dependent"
6,5990,"dependent"
12,5991,"dependent"
6,5992,"dependent"
12,5993,"dependent"
12,5994,"dependent"
6,5995,"dependent"
12,5996,"dependent"
10,5997,"dependent"
6,5998,"dependent"
6,5999,"dependent"
12,6000,"dependent"
16,6001,"dependent"
16,6002,"dependent"
14,6003,"dependent"
8,6004,"dependent"
8,6005,"dependent"
12,6006,"dependent"
8,6007,"dependent"
12,6008,"dependent"
10,6009,"dependent"
10,6010,"dependent"
14,6011,"dependent"
10,6012,"dependent"
10,6013,"dependent"
12,6014,"dependent"
12,6015,"dependent"
10,6016,"dependent"
10,6017,"dependent"
12,6018,"dependent"
14,6019,"dependent"
10,6020,"dependent"
10,6021,"dependent"
10,6022,"dependent"
12,6023,"dependent"
10,6024,"dependent"
14,6025,"dependent"
10,6026,"dependent"
10,6027,"dependent"
8,6028,"dependent"
14,6029,"dependent"
10,6030,"dependent"
12,6031,"dependent"
14,6032,"dependent"
10,6033,"dependent"
10,6034,"dependent"
12,6035,"dependent"
12,6036,"dependent"
10,6037,"dependent"
8,6038,"dependent"
8,6039,"dependent"
8,6040,"dependent"
8,6041,"dependent"
12,6042,"dependent"
8,6043,"dependent"
8,6044,"dependent"
10,6045,"dependent"
8,6046,"dependent"
8,6047,"dependent"
16,6048,"dependent"
10,6049,"dependent"
8,6050,"dependent"
10,6051,"dependent"
16,6052,"dependent"
10,6053,"dependent"
10,6054,"dependent"
10,6055,"dependent"
10,6056,"dependent"
14,6057,"dependent"
8,6058,"dependent"
14,6059,"dependent"
16,6060,"dependent"
16,6061,"dependent"
8,6062,"dependent"
8,6063,"dependent"
12,6064,"dependent"
10,6065,"dependent"
10,6066,"dependent"
12,6067,"dependent"
8,6068,"dependent"
12,6069,"dependent"
10,6070,"dependent"
10,6071,"dependent"
8,6072,"dependent"
8,6073,"dependent"
12,6074,"dependent"
12,6075,"dependent"
10,6076,"dependent"
6,6077,"dependent"
10,6078,"dependent"
14,6079,"dependent"
10,6080,"dependent"
14,6081,"dependent"
8,6082,"dependent"
12,6083,"dependent"
8,6084,"dependent"
10,6085,"dependent"
14,6086,"dependent"
10,6087,"dependent"
12,6088,"dependent"
14,6089,"dependent"
12,6090,"dependent"
12,6091,"dependent"
10,6092,"dependent"
10,6093,"dependent"
12,6094,"dependent"
10,6095,"dependent"
12,6096,"dependent"
8,6097,"dependent"
6,6098,"dependent"
10,6099,"dependent"
8,6100,"dependent"
10,6101,"dependent"
10,6102,"dependent"
10,6103,"dependent"
10,6104,"dependent"
14,6105,"dependent"
14,6106,"dependent"
8,6107,"dependent"
8,6108,"dependent"
10,6109,"dependent"
12,6110,"dependent"
10,6111,"dependent"
12,6112,"dependent"
12,6113,"dependent"
10,6114,"dependent"
12,6115,"dependent"
10,6116,"dependent"
12,6117,"dependent"
8,6118,"dependent"
12,6119,"dependent"
12,6120,"dependent"
10,6121,"dependent"
10,6122,"dependent"
10,6123,"dependent"
10,6124,"dependent"
14,6125,"dependent"
8,6126,"dependent"
14,6127,"dependent"
8,6128,"dependent"
12,6129,"dependent"
8,6130,"dependent"
8,6131,"dependent"
10,6132,"dependent"
10,6133,"dependent"
16,6134,"dependent"
10,6135,"dependent"
8,6136,"dependent"
10,6137,"dependent"
14,6138,"dependent"
14,6139,"dependent"
12,6140,"dependent"
12,6141,"dependent"
8,6142,"dependent"
14,6143,"dependent"
12,6144,"dependent"
12,6145,"dependent"
14,6146,"dependent"
14,6147,"dependent"
12,6148,"dependent"
8,6149,"dependent"
12,6150,"dependent"
12,6151,"dependent"
10,6152,"dependent"
14,6153,"dependent"
10,6154,"dependent"
14,6155,"dependent"
14,6156,"dependent"
14,6157,"dependent"
12,6158,"dependent"
12,6159,"dependent"
14,6160,"dependent"
14,6161,"dependent"
8,6162,"dependent"
12,6163,"dependent"
10,6164,"dependent"
10,6165,"dependent"
8,6166,"dependent"
12,6167,"dependent"
14,6168,"dependent"
8,6169,"dependent"
10,6170,"dependent"
14,6171,"dependent"
4,6172,"dependent"
8,6173,"dependent"
14,6174,"dependent"
14,6175,"dependent"
8,6176,"dependent"
10,6177,"dependent"
10,6178,"dependent"
10,6179,"dependent"
10,6180,"dependent"
12,6181,"dependent"
10,6182,"dependent"
10,6183,"dependent"
10,6184,"dependent"
12,6185,"dependent"
10,6186,"dependent"
14,6187,"dependent"
10,6188,"dependent"
8,6189,"dependent"
12,6190,"dependent"
8,6191,"dependent"
12,6192,"dependent"
10,6193,"dependent"
16,6194,"dependent"
12,6195,"dependent"
10,6196,"dependent"
14,6197,"dependent"
12,6198,"dependent"
10,6199,"dependent"
12,6200,"dependent"
14,6201,"dependent"
10,6202,"dependent"
6,6203,"dependent"
10,6204,"dependent"
12,6205,"dependent"
10,6206,"dependent"
10,6207,"dependent"
8,6208,"dependent"
12,6209,"dependent"
14,6210,"dependent"
8,6211,"dependent"
10,6212,"dependent"
6,6213,"dependent"
14,6214,"dependent"
10,6215,"dependent"
12,6216,"dependent"
8,6217,"dependent"
10,6218,"dependent"
10,6219,"dependent"
10,6220,"dependent"
10,6221,"dependent"
12,6222,"dependent"
16,6223,"dependent"
10,6224,"dependent"
12,6225,"dependent"
6,6226,"dependent"
8,6227,"dependent"
12,6228,"dependent"
16,6229,"dependent"
12,6230,"dependent"
12,6231,"dependent"
14,6232,"dependent"
18,6233,"dependent"
16,6234,"dependent"
10,6235,"dependent"
12,6236,"dependent"
6,6237,"dependent"
14,6238,"dependent"
10,6239,"dependent"
14,6240,"dependent"
8,6241,"dependent"
12,6242,"dependent"
8,6243,"dependent"
10,6244,"dependent"
14,6245,"dependent"
10,6246,"dependent"
12,6247,"dependent"
12,6248,"dependent"
10,6249,"dependent"
10,6250,"dependent"
12,6251,"dependent"
10,6252,"dependent"
10,6253,"dependent"
12,6254,"dependent"
12,6255,"dependent"
10,6256,"dependent"
6,6257,"dependent"
12,6258,"dependent"
10,6259,"dependent"
14,6260,"dependent"
10,6261,"dependent"
10,6262,"dependent"
8,6263,"dependent"
12,6264,"dependent"
14,6265,"dependent"
10,6266,"dependent"
10,6267,"dependent"
14,6268,"dependent"
10,6269,"dependent"
14,6270,"dependent"
14,6271,"dependent"
10,6272,"dependent"
12,6273,"dependent"
6,6274,"dependent"
12,6275,"dependent"
12,6276,"dependent"
8,6277,"dependent"
12,6278,"dependent"
10,6279,"dependent"
14,6280,"dependent"
10,6281,"dependent"
8,6282,"dependent"
10,6283,"dependent"
14,6284,"dependent"
14,6285,"dependent"
12,6286,"dependent"
8,6287,"dependent"
12,6288,"dependent"
6,6289,"dependent"
12,6290,"dependent"
10,6291,"dependent"
10,6292,"dependent"
10,6293,"dependent"
10,6294,"dependent"
14,6295,"dependent"
8,6296,"dependent"
12,6297,"dependent"
12,6298,"dependent"
10,6299,"dependent"
12,6300,"dependent"
8,6301,"dependent"
12,6302,"dependent"
8,6303,"dependent"
6,6304,"dependent"
10,6305,"dependent"
12,6306,"dependent"
10,6307,"dependent"
10,6308,"dependent"
12,6309,"dependent"
10,6310,"dependent"
12,6311,"dependent"
10,6312,"dependent"
10,6313,"dependent"
12,6314,"dependent"
6,6315,"dependent"
14,6316,"dependent"
8,6317,"dependent"
12,6318,"dependent"
12,6319,"dependent"
10,6320,"dependent"
16,6321,"dependent"
12,6322,"dependent"
12,6323,"dependent"
10,6324,"dependent"
10,6325,"dependent"
12,6326,"dependent"
14,6327,"dependent"
12,6328,"dependent"
12,6329,"dependent"
12,6330,"dependent"
12,6331,"dependent"
12,6332,"dependent"
8,6333,"dependent"
8,6334,"dependent"
12,6335,"dependent"
10,6336,"dependent"
10,6337,"dependent"
14,6338,"dependent"
6,6339,"dependent"
8,6340,"dependent"
14,6341,"dependent"
8,6342,"dependent"
6,6343,"dependent"
8,6344,"dependent"
10,6345,"dependent"
10,6346,"dependent"
8,6347,"dependent"
12,6348,"dependent"
8,6349,"dependent"
12,6350,"dependent"
10,6351,"dependent"
10,6352,"dependent"
8,6353,"dependent"
8,6354,"dependent"
10,6355,"dependent"
8,6356,"dependent"
14,6357,"dependent"
10,6358,"dependent"
12,6359,"dependent"
14,6360,"dependent"
12,6361,"dependent"
10,6362,"dependent"
10,6363,"dependent"
12,6364,"dependent"
12,6365,"dependent"
8,6366,"dependent"
8,6367,"dependent"
12,6368,"dependent"
14,6369,"dependent"
8,6370,"dependent"
4,6371,"dependent"
10,6372,"dependent"
12,6373,"dependent"
12,6374,"dependent"
10,6375,"dependent"
12,6376,"dependent"
10,6377,"dependent"
10,6378,"dependent"
10,6379,"dependent"
14,6380,"dependent"
12,6381,"dependent"
10,6382,"dependent"
8,6383,"dependent"
10,6384,"dependent"
12,6385,"dependent"
10,6386,"dependent"
12,6387,"dependent"
12,6388,"dependent"
10,6389,"dependent"
8,6390,"dependent"
12,6391,"dependent"
12,6392,"dependent"
12,6393,"dependent"
10,6394,"dependent"
10,6395,"dependent"
10,6396,"dependent"
8,6397,"dependent"
12,6398,"dependent"
14,6399,"dependent"
12,6400,"dependent"
12,6401,"dependent"
14,6402,"dependent"
14,6403,"dependent"
10,6404,"dependent"
14,6405,"dependent"
12,6406,"dependent"
12,6407,"dependent"
12,6408,"dependent"
12,6409,"dependent"
8,6410,"dependent"
10,6411,"dependent"
10,6412,"dependent"
8,6413,"dependent"
8,6414,"dependent"
10,6415,"dependent"
6,6416,"dependent"
10,6417,"dependent"
14,6418,"dependent"
8,6419,"dependent"
14,6420,"dependent"
8,6421,"dependent"
8,6422,"dependent"
8,6423,"dependent"
12,6424,"dependent"
12,6425,"dependent"
10,6426,"dependent"
8,6427,"dependent"
10,6428,"dependent"
12,6429,"dependent"
12,6430,"dependent"
10,6431,"dependent"
10,6432,"dependent"
14,6433,"dependent"
12,6434,"dependent"
12,6435,"dependent"
10,6436,"dependent"
12,6437,"dependent"
10,6438,"dependent"
6,6439,"dependent"
14,6440,"dependent"
8,6441,"dependent"
14,6442,"dependent"
8,6443,"dependent"
10,6444,"dependent"
8,6445,"dependent"
8,6446,"dependent"
8,6447,"dependent"
6,6448,"dependent"
12,6449,"dependent"
10,6450,"dependent"
10,6451,"dependent"
14,6452,"dependent"
12,6453,"dependent"
14,6454,"dependent"
12,6455,"dependent"
8,6456,"dependent"
10,6457,"dependent"
14,6458,"dependent"
14,6459,"dependent"
14,6460,"dependent"
14,6461,"dependent"
8,6462,"dependent"
14,6463,"dependent"
14,6464,"dependent"
10,6465,"dependent"
14,6466,"dependent"
12,6467,"dependent"
12,6468,"dependent"
10,6469,"dependent"
8,6470,"dependent"
8,6471,"dependent"
10,6472,"dependent"
14,6473,"dependent"
10,6474,"dependent"
10,6475,"dependent"
12,6476,"dependent"
10,6477,"dependent"
10,6478,"dependent"
14,6479,"dependent"
14,6480,"dependent"
8,6481,"dependent"
10,6482,"dependent"
10,6483,"dependent"
10,6484,"dependent"
10,6485,"dependent"
10,6486,"dependent"
12,6487,"dependent"
14,6488,"dependent"
12,6489,"dependent"
8,6490,"dependent"
10,6491,"dependent"
14,6492,"dependent"
14,6493,"dependent"
14,6494,"dependent"
8,6495,"dependent"
12,6496,"dependent"
12,6497,"dependent"
12,6498,"dependent"
12,6499,"dependent"
14,6500,"dependent"
14,6501,"dependent"
6,6502,"dependent"
12,6503,"dependent"
10,6504,"dependent"
10,6505,"dependent"
10,6506,"dependent"
12,6507,"dependent"
14,6508,"dependent"
10,6509,"dependent"
10,6510,"dependent"
12,6511,"dependent"
8,6512,"dependent"
8,6513,"dependent"
12,6514,"dependent"
12,6515,"dependent"
12,6516,"dependent"
10,6517,"dependent"
14,6518,"dependent"
8,6519,"dependent"
10,6520,"dependent"
12,6521,"dependent"
12,6522,"dependent"
12,6523,"dependent"
6,6524,"dependent"
12,6525,"dependent"
10,6526,"dependent"
12,6527,"dependent"
10,6528,"dependent"
12,6529,"dependent"
8,6530,"dependent"
14,6531,"dependent"
6,6532,"dependent"
12,6533,"dependent"
10,6534,"dependent"
12,6535,"dependent"
10,6536,"dependent"
12,6537,"dependent"
14,6538,"dependent"
12,6539,"dependent"
16,6540,"dependent"
10,6541,"dependent"
10,6542,"dependent"
8,6543,"dependent"
12,6544,"dependent"
10,6545,"dependent"
10,6546,"dependent"
12,6547,"dependent"
10,6548,"dependent"
6,6549,"dependent"
14,6550,"dependent"
8,6551,"dependent"
10,6552,"dependent"
12,6553,"dependent"
10,6554,"dependent"
12,6555,"dependent"
8,6556,"dependent"
12,6557,"dependent"
16,6558,"dependent"
8,6559,"dependent"
16,6560,"dependent"
12,6561,"dependent"
8,6562,"dependent"
10,6563,"dependent"
10,6564,"dependent"
16,6565,"dependent"
10,6566,"dependent"
10,6567,"dependent"
10,6568,"dependent"
18,6569,"dependent"
14,6570,"dependent"
8,6571,"dependent"
14,6572,"dependent"
10,6573,"dependent"
8,6574,"dependent"
12,6575,"dependent"
12,6576,"dependent"
10,6577,"dependent"
10,6578,"dependent"
8,6579,"dependent"
16,6580,"dependent"
6,6581,"dependent"
10,6582,"dependent"
6,6583,"dependent"
10,6584,"dependent"
8,6585,"dependent"
8,6586,"dependent"
10,6587,"dependent"
8,6588,"dependent"
12,6589,"dependent"
10,6590,"dependent"
10,6591,"dependent"
12,6592,"dependent"
14,6593,"dependent"
10,6594,"dependent"
14,6595,"dependent"
12,6596,"dependent"
10,6597,"dependent"
6,6598,"dependent"
10,6599,"dependent"
6,6600,"dependent"
12,6601,"dependent"
12,6602,"dependent"
10,6603,"dependent"
12,6604,"dependent"
12,6605,"dependent"
10,6606,"dependent"
12,6607,"dependent"
10,6608,"dependent"
14,6609,"dependent"
14,6610,"dependent"
16,6611,"dependent"
8,6612,"dependent"
10,6613,"dependent"
10,6614,"dependent"
12,6615,"dependent"
10,6616,"dependent"
8,6617,"dependent"
6,6618,"dependent"
8,6619,"dependent"
12,6620,"dependent"
14,6621,"dependent"
12,6622,"dependent"
10,6623,"dependent"
6,6624,"dependent"
8,6625,"dependent"
10,6626,"dependent"
10,6627,"dependent"
14,6628,"dependent"
10,6629,"dependent"
10,6630,"dependent"
10,6631,"dependent"
10,6632,"dependent"
10,6633,"dependent"
12,6634,"dependent"
12,6635,"dependent"
12,6636,"dependent"
10,6637,"dependent"
6,6638,"dependent"
8,6639,"dependent"
8,6640,"dependent"
12,6641,"dependent"
16,6642,"dependent"
10,6643,"dependent"
8,6644,"dependent"
12,6645,"dependent"
14,6646,"dependent"
12,6647,"dependent"
12,6648,"dependent"
6,6649,"dependent"
6,6650,"dependent"
10,6651,"dependent"
14,6652,"dependent"
12,6653,"dependent"
10,6654,"dependent"
12,6655,"dependent"
10,6656,"dependent"
12,6657,"dependent"
6,6658,"dependent"
12,6659,"dependent"
12,6660,"dependent"
14,6661,"dependent"
12,6662,"dependent"
14,6663,"dependent"
6,6664,"dependent"
12,6665,"dependent"
12,6666,"dependent"
8,6667,"dependent"
10,6668,"dependent"
8,6669,"dependent"
12,6670,"dependent"
12,6671,"dependent"
14,6672,"dependent"
10,6673,"dependent"
14,6674,"dependent"
8,6675,"dependent"
14,6676,"dependent"
12,6677,"dependent"
14,6678,"dependent"
12,6679,"dependent"
14,6680,"dependent"
14,6681,"dependent"
8,6682,"dependent"
10,6683,"dependent"
6,6684,"dependent"
8,6685,"dependent"
10,6686,"dependent"
12,6687,"dependent"
14,6688,"dependent"
8,6689,"dependent"
12,6690,"dependent"
12,6691,"dependent"
8,6692,"dependent"
8,6693,"dependent"
14,6694,"dependent"
10,6695,"dependent"
8,6696,"dependent"
10,6697,"dependent"
8,6698,"dependent"
12,6699,"dependent"
14,6700,"dependent"
12,6701,"dependent"
8,6702,"dependent"
10,6703,"dependent"
10,6704,"dependent"
10,6705,"dependent"
14,6706,"dependent"
12,6707,"dependent"
8,6708,"dependent"
10,6709,"dependent"
16,6710,"dependent"
16,6711,"dependent"
8,6712,"dependent"
6,6713,"dependent"
8,6714,"dependent"
10,6715,"dependent"
8,6716,"dependent"
14,6717,"dependent"
14,6718,"dependent"
12,6719,"dependent"
14,6720,"dependent"
12,6721,"dependent"
14,6722,"dependent"
10,6723,"dependent"
12,6724,"dependent"
8,6725,"dependent"
12,6726,"dependent"
8,6727,"dependent"
8,6728,"dependent"
12,6729,"dependent"
14,6730,"dependent"
12,6731,"dependent"
12,6732,"dependent"
10,6733,"dependent"
10,6734,"dependent"
10,6735,"dependent"
6,6736,"dependent"
14,6737,"dependent"
14,6738,"dependent"
8,6739,"dependent"
12,6740,"dependent"
16,6741,"dependent"
14,6742,"dependent"
6,6743,"dependent"
14,6744,"dependent"
6,6745,"dependent"
12,6746,"dependent"
10,6747,"dependent"
6,6748,"dependent"
6,6749,"dependent"
14,6750,"dependent"
12,6751,"dependent"
12,6752,"dependent"
10,6753,"dependent"
6,6754,"dependent"
10,6755,"dependent"
12,6756,"dependent"
8,6757,"dependent"
10,6758,"dependent"
10,6759,"dependent"
14,6760,"dependent"
10,6761,"dependent"
8,6762,"dependent"
14,6763,"dependent"
8,6764,"dependent"
10,6765,"dependent"
12,6766,"dependent"
10,6767,"dependent"
16,6768,"dependent"
14,6769,"dependent"
10,6770,"dependent"
8,6771,"dependent"
16,6772,"dependent"
12,6773,"dependent"
14,6774,"dependent"
10,6775,"dependent"
10,6776,"dependent"
14,6777,"dependent"
6,6778,"dependent"
12,6779,"dependent"
10,6780,"dependent"
10,6781,"dependent"
10,6782,"dependent"
10,6783,"dependent"
14,6784,"dependent"
10,6785,"dependent"
12,6786,"dependent"
6,6787,"dependent"
10,6788,"dependent"
10,6789,"dependent"
10,6790,"dependent"
10,6791,"dependent"
8,6792,"dependent"
8,6793,"dependent"
14,6794,"dependent"
14,6795,"dependent"
10,6796,"dependent"
12,6797,"dependent"
16,6798,"dependent"
10,6799,"dependent"
8,6800,"dependent"
6,6801,"dependent"
12,6802,"dependent"
10,6803,"dependent"
8,6804,"dependent"
6,6805,"dependent"
10,6806,"dependent"
12,6807,"dependent"
10,6808,"dependent"
12,6809,"dependent"
12,6810,"dependent"
12,6811,"dependent"
10,6812,"dependent"
12,6813,"dependent"
10,6814,"dependent"
8,6815,"dependent"
12,6816,"dependent"
12,6817,"dependent"
8,6818,"dependent"
12,6819,"dependent"
18,6820,"dependent"
8,6821,"dependent"
14,6822,"dependent"
18,6823,"dependent"
14,6824,"dependent"
14,6825,"dependent"
6,6826,"dependent"
12,6827,"dependent"
12,6828,"dependent"
14,6829,"dependent"
10,6830,"dependent"
12,6831,"dependent"
10,6832,"dependent"
8,6833,"dependent"
12,6834,"dependent"
12,6835,"dependent"
14,6836,"dependent"
12,6837,"dependent"
12,6838,"dependent"
10,6839,"dependent"
8,6840,"dependent"
12,6841,"dependent"
10,6842,"dependent"
12,6843,"dependent"
12,6844,"dependent"
8,6845,"dependent"
10,6846,"dependent"
10,6847,"dependent"
12,6848,"dependent"
10,6849,"dependent"
6,6850,"dependent"
14,6851,"dependent"
10,6852,"dependent"
12,6853,"dependent"
10,6854,"dependent"
10,6855,"dependent"
8,6856,"dependent"
12,6857,"dependent"
12,6858,"dependent"
12,6859,"dependent"
10,6860,"dependent"
14,6861,"dependent"
14,6862,"dependent"
14,6863,"dependent"
8,6864,"dependent"
12,6865,"dependent"
8,6866,"dependent"
12,6867,"dependent"
6,6868,"dependent"
16,6869,"dependent"
8,6870,"dependent"
12,6871,"dependent"
10,6872,"dependent"
6,6873,"dependent"
12,6874,"dependent"
8,6875,"dependent"
12,6876,"dependent"
10,6877,"dependent"
10,6878,"dependent"
10,6879,"dependent"
18,6880,"dependent"
14,6881,"dependent"
10,6882,"dependent"
8,6883,"dependent"
10,6884,"dependent"
12,6885,"dependent"
6,6886,"dependent"
12,6887,"dependent"
10,6888,"dependent"
8,6889,"dependent"
8,6890,"dependent"
12,6891,"dependent"
12,6892,"dependent"
12,6893,"dependent"
14,6894,"dependent"
10,6895,"dependent"
6,6896,"dependent"
12,6897,"dependent"
12,6898,"dependent"
12,6899,"dependent"
8,6900,"dependent"
10,6901,"dependent"
8,6902,"dependent"
10,6903,"dependent"
8,6904,"dependent"
12,6905,"dependent"
6,6906,"dependent"
10,6907,"dependent"
10,6908,"dependent"
16,6909,"dependent"
8,6910,"dependent"
12,6911,"dependent"
10,6912,"dependent"
12,6913,"dependent"
10,6914,"dependent"
12,6915,"dependent"
12,6916,"dependent"
12,6917,"dependent"
14,6918,"dependent"
12,6919,"dependent"
6,6920,"dependent"
10,6921,"dependent"
10,6922,"dependent"
10,6923,"dependent"
14,6924,"dependent"
10,6925,"dependent"
10,6926,"dependent"
12,6927,"dependent"
16,6928,"dependent"
10,6929,"dependent"
10,6930,"dependent"
12,6931,"dependent"
8,6932,"dependent"
12,6933,"dependent"
8,6934,"dependent"
8,6935,"dependent"
8,6936,"dependent"
10,6937,"dependent"
8,6938,"dependent"
14,6939,"dependent"
10,6940,"dependent"
8,6941,"dependent"
10,6942,"dependent"
12,6943,"dependent"
8,6944,"dependent"
10,6945,"dependent"
8,6946,"dependent"
16,6947,"dependent"
12,6948,"dependent"
12,6949,"dependent"
14,6950,"dependent"
10,6951,"dependent"
10,6952,"dependent"
16,6953,"dependent"
12,6954,"dependent"
10,6955,"dependent"
10,6956,"dependent"
14,6957,"dependent"
12,6958,"dependent"
12,6959,"dependent"
12,6960,"dependent"
10,6961,"dependent"
16,6962,"dependent"
10,6963,"dependent"
6,6964,"dependent"
8,6965,"dependent"
14,6966,"dependent"
8,6967,"dependent"
16,6968,"dependent"
8,6969,"dependent"
10,6970,"dependent"
10,6971,"dependent"
10,6972,"dependent"
6,6973,"dependent"
12,6974,"dependent"
10,6975,"dependent"
12,6976,"dependent"
12,6977,"dependent"
8,6978,"dependent"
12,6979,"dependent"
12,6980,"dependent"
10,6981,"dependent"
14,6982,"dependent"
10,6983,"dependent"
12,6984,"dependent"
12,6985,"dependent"
10,6986,"dependent"
8,6987,"dependent"
10,6988,"dependent"
12,6989,"dependent"
8,6990,"dependent"
12,6991,"dependent"
14,6992,"dependent"
10,6993,"dependent"
8,6994,"dependent"
12,6995,"dependent"
10,6996,"dependent"
8,6997,"dependent"
8,6998,"dependent"
8,6999,"dependent"
10,7000,"dependent"
10,7001,"dependent"
10,7002,"dependent"
10,7003,"dependent"
14,7004,"dependent"
14,7005,"dependent"
10,7006,"dependent"
14,7007,"dependent"
10,7008,"dependent"
8,7009,"dependent"
14,7010,"dependent"
12,7011,"dependent"
10,7012,"dependent"
10,7013,"dependent"
12,7014,"dependent"
12,7015,"dependent"
6,7016,"dependent"
8,7017,"dependent"
6,7018,"dependent"
10,7019,"dependent"
14,7020,"dependent"
8,7021,"dependent"
12,7022,"dependent"
10,7023,"dependent"
8,7024,"dependent"
10,7025,"dependent"
8,7026,"dependent"
8,7027,"dependent"
12,7028,"dependent"
10,7029,"dependent"
12,7030,"dependent"
12,7031,"dependent"
10,7032,"dependent"
12,7033,"dependent"
14,7034,"dependent"
8,7035,"dependent"
10,7036,"dependent"
8,7037,"dependent"
10,7038,"dependent"
8,7039,"dependent"
10,7040,"dependent"
6,7041,"dependent"
14,7042,"dependent"
12,7043,"dependent"
10,7044,"dependent"
10,7045,"dependent"
12,7046,"dependent"
10,7047,"dependent"
10,7048,"dependent"
10,7049,"dependent"
12,7050,"dependent"
8,7051,"dependent"
12,7052,"dependent"
8,7053,"dependent"
8,7054,"dependent"
12,7055,"dependent"
14,7056,"dependent"
12,7057,"dependent"
10,7058,"dependent"
12,7059,"dependent"
12,7060,"dependent"
10,7061,"dependent"
8,7062,"dependent"
8,7063,"dependent"
12,7064,"dependent"
12,7065,"dependent"
10,7066,"dependent"
14,7067,"dependent"
8,7068,"dependent"
10,7069,"dependent"
10,7070,"dependent"
12,7071,"dependent"
12,7072,"dependent"
12,7073,"dependent"
10,7074,"dependent"
8,7075,"dependent"
12,7076,"dependent"
6,7077,"dependent"
8,7078,"dependent"
14,7079,"dependent"
10,7080,"dependent"
10,7081,"dependent"
14,7082,"dependent"
14,7083,"dependent"
12,7084,"dependent"
10,7085,"dependent"
10,7086,"dependent"
8,7087,"dependent"
8,7088,"dependent"
8,7089,"dependent"
10,7090,"dependent"
12,7091,"dependent"
10,7092,"dependent"
6,7093,"dependent"
6,7094,"dependent"
16,7095,"dependent"
14,7096,"dependent"
6,7097,"dependent"
14,7098,"dependent"
10,7099,"dependent"
10,7100,"dependent"
10,7101,"dependent"
14,7102,"dependent"
12,7103,"dependent"
12,7104,"dependent"
14,7105,"dependent"
14,7106,"dependent"
10,7107,"dependent"
10,7108,"dependent"
16,7109,"dependent"
8,7110,"dependent"
8,7111,"dependent"
10,7112,"dependent"
10,7113,"dependent"
8,7114,"dependent"
10,7115,"dependent"
14,7116,"dependent"
8,7117,"dependent"
10,7118,"dependent"
12,7119,"dependent"
12,7120,"dependent"
8,7121,"dependent"
10,7122,"dependent"
12,7123,"dependent"
16,7124,"dependent"
12,7125,"dependent"
14,7126,"dependent"
12,7127,"dependent"
14,7128,"dependent"
10,7129,"dependent"
12,7130,"dependent"
14,7131,"dependent"
12,7132,"dependent"
12,7133,"dependent"
10,7134,"dependent"
16,7135,"dependent"
10,7136,"dependent"
12,7137,"dependent"
8,7138,"dependent"
12,7139,"dependent"
14,7140,"dependent"
12,7141,"dependent"
10,7142,"dependent"
14,7143,"dependent"
12,7144,"dependent"
14,7145,"dependent"
16,7146,"dependent"
10,7147,"dependent"
12,7148,"dependent"
16,7149,"dependent"
14,7150,"dependent"
10,7151,"dependent"
8,7152,"dependent"
6,7153,"dependent"
10,7154,"dependent"
10,7155,"dependent"
14,7156,"dependent"
12,7157,"dependent"
8,7158,"dependent"
10,7159,"dependent"
10,7160,"dependent"
8,7161,"dependent"
14,7162,"dependent"
12,7163,"dependent"
10,7164,"dependent"
12,7165,"dependent"
12,7166,"dependent"
16,7167,"dependent"
10,7168,"dependent"
10,7169,"dependent"
12,7170,"dependent"
8,7171,"dependent"
16,7172,"dependent"
12,7173,"dependent"
14,7174,"dependent"
12,7175,"dependent"
12,7176,"dependent"
10,7177,"dependent"
10,7178,"dependent"
12,7179,"dependent"
8,7180,"dependent"
12,7181,"dependent"
10,7182,"dependent"
14,7183,"dependent"
8,7184,"dependent"
10,7185,"dependent"
14,7186,"dependent"
6,7187,"dependent"
14,7188,"dependent"
8,7189,"dependent"
12,7190,"dependent"
10,7191,"dependent"
12,7192,"dependent"
12,7193,"dependent"
14,7194,"dependent"
12,7195,"dependent"
8,7196,"dependent"
12,7197,"dependent"
14,7198,"dependent"
12,7199,"dependent"
12,7200,"dependent"
8,7201,"dependent"
16,7202,"dependent"
10,7203,"dependent"
10,7204,"dependent"
14,7205,"dependent"
10,7206,"dependent"
6,7207,"dependent"
10,7208,"dependent"
10,7209,"dependent"
10,7210,"dependent"
14,7211,"dependent"
14,7212,"dependent"
14,7213,"dependent"
10,7214,"dependent"
10,7215,"dependent"
14,7216,"dependent"
14,7217,"dependent"
12,7218,"dependent"
16,7219,"dependent"
12,7220,"dependent"
8,7221,"dependent"
10,7222,"dependent"
12,7223,"dependent"
12,7224,"dependent"
10,7225,"dependent"
8,7226,"dependent"
12,7227,"dependent"
12,7228,"dependent"
16,7229,"dependent"
12,7230,"dependent"
10,7231,"dependent"
6,7232,"dependent"
8,7233,"dependent"
14,7234,"dependent"
10,7235,"dependent"
8,7236,"dependent"
12,7237,"dependent"
10,7238,"dependent"
6,7239,"dependent"
12,7240,"dependent"
8,7241,"dependent"
4,7242,"dependent"
8,7243,"dependent"
10,7244,"dependent"
8,7245,"dependent"
10,7246,"dependent"
10,7247,"dependent"
10,7248,"dependent"
12,7249,"dependent"
12,7250,"dependent"
12,7251,"dependent"
8,7252,"dependent"
10,7253,"dependent"
10,7254,"dependent"
14,7255,"dependent"
12,7256,"dependent"
10,7257,"dependent"
10,7258,"dependent"
16,7259,"dependent"
12,7260,"dependent"
12,7261,"dependent"
16,7262,"dependent"
14,7263,"dependent"
12,7264,"dependent"
8,7265,"dependent"
10,7266,"dependent"
10,7267,"dependent"
10,7268,"dependent"
12,7269,"dependent"
10,7270,"dependent"
14,7271,"dependent"
8,7272,"dependent"
10,7273,"dependent"
10,7274,"dependent"
12,7275,"dependent"
10,7276,"dependent"
10,7277,"dependent"
12,7278,"dependent"
10,7279,"dependent"
14,7280,"dependent"
10,7281,"dependent"
12,7282,"dependent"
14,7283,"dependent"
10,7284,"dependent"
8,7285,"dependent"
10,7286,"dependent"
12,7287,"dependent"
16,7288,"dependent"
12,7289,"dependent"
10,7290,"dependent"
16,7291,"dependent"
12,7292,"dependent"
12,7293,"dependent"
10,7294,"dependent"
10,7295,"dependent"
16,7296,"dependent"
10,7297,"dependent"
4,7298,"dependent"
14,7299,"dependent"
10,7300,"dependent"
14,7301,"dependent"
8,7302,"dependent"
8,7303,"dependent"
16,7304,"dependent"
8,7305,"dependent"
8,7306,"dependent"
12,7307,"dependent"
14,7308,"dependent"
14,7309,"dependent"
10,7310,"dependent"
10,7311,"dependent"
8,7312,"dependent"
10,7313,"dependent"
10,7314,"dependent"
10,7315,"dependent"
10,7316,"dependent"
14,7317,"dependent"
10,7318,"dependent"
12,7319,"dependent"
12,7320,"dependent"
8,7321,"dependent"
12,7322,"dependent"
6,7323,"dependent"
12,7324,"dependent"
8,7325,"dependent"
6,7326,"dependent"
10,7327,"dependent"
12,7328,"dependent"
6,7329,"dependent"
10,7330,"dependent"
14,7331,"dependent"
10,7332,"dependent"
10,7333,"dependent"
6,7334,"dependent"
10,7335,"dependent"
6,7336,"dependent"
12,7337,"dependent"
14,7338,"dependent"
12,7339,"dependent"
10,7340,"dependent"
10,7341,"dependent"
8,7342,"dependent"
8,7343,"dependent"
10,7344,"dependent"
10,7345,"dependent"
12,7346,"dependent"
10,7347,"dependent"
10,7348,"dependent"
12,7349,"dependent"
12,7350,"dependent"
10,7351,"dependent"
10,7352,"dependent"
12,7353,"dependent"
8,7354,"dependent"
10,7355,"dependent"
12,7356,"dependent"
14,7357,"dependent"
8,7358,"dependent"
8,7359,"dependent"
14,7360,"dependent"
8,7361,"dependent"
10,7362,"dependent"
14,7363,"dependent"
12,7364,"dependent"
10,7365,"dependent"
12,7366,"dependent"
12,7367,"dependent"
10,7368,"dependent"
8,7369,"dependent"
12,7370,"dependent"
14,7371,"dependent"
10,7372,"dependent"
10,7373,"dependent"
4,7374,"dependent"
16,7375,"dependent"
10,7376,"dependent"
12,7377,"dependent"
10,7378,"dependent"
6,7379,"dependent"
14,7380,"dependent"
10,7381,"dependent"
8,7382,"dependent"
10,7383,"dependent"
12,7384,"dependent"
6,7385,"dependent"
12,7386,"dependent"
10,7387,"dependent"
8,7388,"dependent"
14,7389,"dependent"
12,7390,"dependent"
14,7391,"dependent"
4,7392,"dependent"
14,7393,"dependent"
12,7394,"dependent"
10,7395,"dependent"
8,7396,"dependent"
10,7397,"dependent"
8,7398,"dependent"
12,7399,"dependent"
8,7400,"dependent"
12,7401,"dependent"
10,7402,"dependent"
10,7403,"dependent"
6,7404,"dependent"
8,7405,"dependent"
6,7406,"dependent"
14,7407,"dependent"
8,7408,"dependent"
12,7409,"dependent"
14,7410,"dependent"
14,7411,"dependent"
12,7412,"dependent"
10,7413,"dependent"
12,7414,"dependent"
12,7415,"dependent"
12,7416,"dependent"
8,7417,"dependent"
12,7418,"dependent"
12,7419,"dependent"
6,7420,"dependent"
10,7421,"dependent"
6,7422,"dependent"
12,7423,"dependent"
6,7424,"dependent"
10,7425,"dependent"
6,7426,"dependent"
8,7427,"dependent"
12,7428,"dependent"
14,7429,"dependent"
8,7430,"dependent"
10,7431,"dependent"
10,7432,"dependent"
10,7433,"dependent"
12,7434,"dependent"
8,7435,"dependent"
14,7436,"dependent"
12,7437,"dependent"
10,7438,"dependent"
8,7439,"dependent"
10,7440,"dependent"
14,7441,"dependent"
10,7442,"dependent"
10,7443,"dependent"
14,7444,"dependent"
8,7445,"dependent"
10,7446,"dependent"
8,7447,"dependent"
10,7448,"dependent"
10,7449,"dependent"
10,7450,"dependent"
12,7451,"dependent"
12,7452,"dependent"
10,7453,"dependent"
10,7454,"dependent"
10,7455,"dependent"
6,7456,"dependent"
12,7457,"dependent"
16,7458,"dependent"
14,7459,"dependent"
16,7460,"dependent"
8,7461,"dependent"
14,7462,"dependent"
10,7463,"dependent"
12,7464,"dependent"
10,7465,"dependent"
16,7466,"dependent"
10,7467,"dependent"
12,7468,"dependent"
8,7469,"dependent"
10,7470,"dependent"
12,7471,"dependent"
16,7472,"dependent"
12,7473,"dependent"
10,7474,"dependent"
12,7475,"dependent"
10,7476,"dependent"
12,7477,"dependent"
8,7478,"dependent"
8,7479,"dependent"
12,7480,"dependent"
12,7481,"dependent"
10,7482,"dependent"
8,7483,"dependent"
12,7484,"dependent"
10,7485,"dependent"
12,7486,"dependent"
12,7487,"dependent"
12,7488,"dependent"
6,7489,"dependent"
10,7490,"dependent"
6,7491,"dependent"
12,7492,"dependent"
16,7493,"dependent"
10,7494,"dependent"
10,7495,"dependent"
12,7496,"dependent"
12,7497,"dependent"
12,7498,"dependent"
10,7499,"dependent"
6,7500,"dependent"
10,7501,"dependent"
14,7502,"dependent"
6,7503,"dependent"
12,7504,"dependent"
14,7505,"dependent"
10,7506,"dependent"
12,7507,"dependent"
8,7508,"dependent"
10,7509,"dependent"
12,7510,"dependent"
14,7511,"dependent"
10,7512,"dependent"
8,7513,"dependent"
8,7514,"dependent"
10,7515,"dependent"
10,7516,"dependent"
8,7517,"dependent"
10,7518,"dependent"
6,7519,"dependent"
12,7520,"dependent"
8,7521,"dependent"
8,7522,"dependent"
8,7523,"dependent"
10,7524,"dependent"
12,7525,"dependent"
8,7526,"dependent"
14,7527,"dependent"
8,7528,"dependent"
8,7529,"dependent"
8,7530,"dependent"
12,7531,"dependent"
10,7532,"dependent"
16,7533,"dependent"
14,7534,"dependent"
10,7535,"dependent"
14,7536,"dependent"
10,7537,"dependent"
10,7538,"dependent"
16,7539,"dependent"
10,7540,"dependent"
12,7541,"dependent"
10,7542,"dependent"
16,7543,"dependent"
12,7544,"dependent"
10,7545,"dependent"
12,7546,"dependent"
8,7547,"dependent"
12,7548,"dependent"
14,7549,"dependent"
10,7550,"dependent"
14,7551,"dependent"
12,7552,"dependent"
8,7553,"dependent"
10,7554,"dependent"
12,7555,"dependent"
10,7556,"dependent"
12,7557,"dependent"
8,7558,"dependent"
10,7559,"dependent"
8,7560,"dependent"
12,7561,"dependent"
12,7562,"dependent"
14,7563,"dependent"
12,7564,"dependent"
12,7565,"dependent"
10,7566,"dependent"
10,7567,"dependent"
14,7568,"dependent"
14,7569,"dependent"
12,7570,"dependent"
10,7571,"dependent"
10,7572,"dependent"
12,7573,"dependent"
8,7574,"dependent"
12,7575,"dependent"
12,7576,"dependent"
8,7577,"dependent"
10,7578,"dependent"
10,7579,"dependent"
8,7580,"dependent"
12,7581,"dependent"
10,7582,"dependent"
8,7583,"dependent"
12,7584,"dependent"
16,7585,"dependent"
6,7586,"dependent"
10,7587,"dependent"
14,7588,"dependent"
12,7589,"dependent"
12,7590,"dependent"
12,7591,"dependent"
8,7592,"dependent"
10,7593,"dependent"
12,7594,"dependent"
10,7595,"dependent"
14,7596,"dependent"
12,7597,"dependent"
12,7598,"dependent"
6,7599,"dependent"
12,7600,"dependent"
10,7601,"dependent"
14,7602,"dependent"
10,7603,"dependent"
10,7604,"dependent"
10,7605,"dependent"
12,7606,"dependent"
12,7607,"dependent"
14,7608,"dependent"
8,7609,"dependent"
10,7610,"dependent"
10,7611,"dependent"
10,7612,"dependent"
10,7613,"dependent"
14,7614,"dependent"
14,7615,"dependent"
10,7616,"dependent"
12,7617,"dependent"
10,7618,"dependent"
8,7619,"dependent"
12,7620,"dependent"
12,7621,"dependent"
10,7622,"dependent"
12,7623,"dependent"
10,7624,"dependent"
8,7625,"dependent"
10,7626,"dependent"
10,7627,"dependent"
12,7628,"dependent"
14,7629,"dependent"
10,7630,"dependent"
12,7631,"dependent"
12,7632,"dependent"
14,7633,"dependent"
8,7634,"dependent"
8,7635,"dependent"
12,7636,"dependent"
12,7637,"dependent"
10,7638,"dependent"
12,7639,"dependent"
10,7640,"dependent"
6,7641,"dependent"
14,7642,"dependent"
8,7643,"dependent"
12,7644,"dependent"
14,7645,"dependent"
16,7646,"dependent"
16,7647,"dependent"
10,7648,"dependent"
14,7649,"dependent"
14,7650,"dependent"
10,7651,"dependent"
10,7652,"dependent"
14,7653,"dependent"
10,7654,"dependent"
12,7655,"dependent"
10,7656,"dependent"
10,7657,"dependent"
16,7658,"dependent"
10,7659,"dependent"
10,7660,"dependent"
10,7661,"dependent"
10,7662,"dependent"
10,7663,"dependent"
8,7664,"dependent"
10,7665,"dependent"
10,7666,"dependent"
14,7667,"dependent"
8,7668,"dependent"
12,7669,"dependent"
16,7670,"dependent"
10,7671,"dependent"
6,7672,"dependent"
12,7673,"dependent"
8,7674,"dependent"
10,7675,"dependent"
8,7676,"dependent"
8,7677,"dependent"
14,7678,"dependent"
6,7679,"dependent"
10,7680,"dependent"
12,7681,"dependent"
14,7682,"dependent"
12,7683,"dependent"
10,7684,"dependent"
14,7685,"dependent"
10,7686,"dependent"
12,7687,"dependent"
14,7688,"dependent"
14,7689,"dependent"
6,7690,"dependent"
10,7691,"dependent"
10,7692,"dependent"
10,7693,"dependent"
14,7694,"dependent"
12,7695,"dependent"
14,7696,"dependent"
10,7697,"dependent"
10,7698,"dependent"
10,7699,"dependent"
8,7700,"dependent"
16,7701,"dependent"
12,7702,"dependent"
10,7703,"dependent"
6,7704,"dependent"
12,7705,"dependent"
10,7706,"dependent"
10,7707,"dependent"
18,7708,"dependent"
12,7709,"dependent"
12,7710,"dependent"
6,7711,"dependent"
16,7712,"dependent"
14,7713,"dependent"
16,7714,"dependent"
16,7715,"dependent"
10,7716,"dependent"
6,7717,"dependent"
8,7718,"dependent"
14,7719,"dependent"
8,7720,"dependent"
10,7721,"dependent"
6,7722,"dependent"
8,7723,"dependent"
14,7724,"dependent"
10,7725,"dependent"
10,7726,"dependent"
10,7727,"dependent"
10,7728,"dependent"
14,7729,"dependent"
4,7730,"dependent"
12,7731,"dependent"
14,7732,"dependent"
12,7733,"dependent"
10,7734,"dependent"
12,7735,"dependent"
8,7736,"dependent"
8,7737,"dependent"
12,7738,"dependent"
10,7739,"dependent"
10,7740,"dependent"
8,7741,"dependent"
16,7742,"dependent"
12,7743,"dependent"
8,7744,"dependent"
8,7745,"dependent"
12,7746,"dependent"
16,7747,"dependent"
14,7748,"dependent"
10,7749,"dependent"
14,7750,"dependent"
14,7751,"dependent"
12,7752,"dependent"
12,7753,"dependent"
12,7754,"dependent"
8,7755,"dependent"
10,7756,"dependent"
14,7757,"dependent"
12,7758,"dependent"
10,7759,"dependent"
8,7760,"dependent"
10,7761,"dependent"
12,7762,"dependent"
10,7763,"dependent"
10,7764,"dependent"
12,7765,"dependent"
10,7766,"dependent"
12,7767,"dependent"
10,7768,"dependent"
12,7769,"dependent"
10,7770,"dependent"
12,7771,"dependent"
12,7772,"dependent"
14,7773,"dependent"
16,7774,"dependent"
8,7775,"dependent"
10,7776,"dependent"
10,7777,"dependent"
14,7778,"dependent"
10,7779,"dependent"
16,7780,"dependent"
14,7781,"dependent"
6,7782,"dependent"
12,7783,"dependent"
14,7784,"dependent"
10,7785,"dependent"
8,7786,"dependent"
8,7787,"dependent"
14,7788,"dependent"
14,7789,"dependent"
10,7790,"dependent"
8,7791,"dependent"
8,7792,"dependent"
12,7793,"dependent"
14,7794,"dependent"
12,7795,"dependent"
10,7796,"dependent"
12,7797,"dependent"
14,7798,"dependent"
10,7799,"dependent"
10,7800,"dependent"
12,7801,"dependent"
10,7802,"dependent"
10,7803,"dependent"
12,7804,"dependent"
10,7805,"dependent"
12,7806,"dependent"
12,7807,"dependent"
12,7808,"dependent"
6,7809,"dependent"
6,7810,"dependent"
10,7811,"dependent"
12,7812,"dependent"
12,7813,"dependent"
6,7814,"dependent"
10,7815,"dependent"
16,7816,"dependent"
12,7817,"dependent"
10,7818,"dependent"
14,7819,"dependent"
10,7820,"dependent"
12,7821,"dependent"
16,7822,"dependent"
12,7823,"dependent"
10,7824,"dependent"
8,7825,"dependent"
8,7826,"dependent"
8,7827,"dependent"
12,7828,"dependent"
16,7829,"dependent"
12,7830,"dependent"
14,7831,"dependent"
12,7832,"dependent"
10,7833,"dependent"
10,7834,"dependent"
16,7835,"dependent"
14,7836,"dependent"
12,7837,"dependent"
16,7838,"dependent"
10,7839,"dependent"
14,7840,"dependent"
10,7841,"dependent"
12,7842,"dependent"
14,7843,"dependent"
8,7844,"dependent"
6,7845,"dependent"
12,7846,"dependent"
10,7847,"dependent"
10,7848,"dependent"
8,7849,"dependent"
10,7850,"dependent"
10,7851,"dependent"
12,7852,"dependent"
10,7853,"dependent"
12,7854,"dependent"
10,7855,"dependent"
12,7856,"dependent"
8,7857,"dependent"
10,7858,"dependent"
16,7859,"dependent"
12,7860,"dependent"
12,7861,"dependent"
12,7862,"dependent"
16,7863,"dependent"
16,7864,"dependent"
12,7865,"dependent"
16,7866,"dependent"
14,7867,"dependent"
14,7868,"dependent"
10,7869,"dependent"
8,7870,"dependent"
8,7871,"dependent"
12,7872,"dependent"
12,7873,"dependent"
8,7874,"dependent"
12,7875,"dependent"
12,7876,"dependent"
14,7877,"dependent"
6,7878,"dependent"
10,7879,"dependent"
8,7880,"dependent"
10,7881,"dependent"
14,7882,"dependent"
6,7883,"dependent"
8,7884,"dependent"
12,7885,"dependent"
10,7886,"dependent"
10,7887,"dependent"
8,7888,"dependent"
14,7889,"dependent"
10,7890,"dependent"
10,7891,"dependent"
10,7892,"dependent"
16,7893,"dependent"
12,7894,"dependent"
10,7895,"dependent"
12,7896,"dependent"
8,7897,"dependent"
14,7898,"dependent"
12,7899,"dependent"
10,7900,"dependent"
8,7901,"dependent"
8,7902,"dependent"
16,7903,"dependent"
12,7904,"dependent"
12,7905,"dependent"
10,7906,"dependent"
12,7907,"dependent"
12,7908,"dependent"
12,7909,"dependent"
14,7910,"dependent"
6,7911,"dependent"
14,7912,"dependent"
10,7913,"dependent"
10,7914,"dependent"
10,7915,"dependent"
14,7916,"dependent"
8,7917,"dependent"
10,7918,"dependent"
6,7919,"dependent"
10,7920,"dependent"
14,7921,"dependent"
8,7922,"dependent"
8,7923,"dependent"
10,7924,"dependent"
8,7925,"dependent"
12,7926,"dependent"
10,7927,"dependent"
14,7928,"dependent"
10,7929,"dependent"
8,7930,"dependent"
10,7931,"dependent"
12,7932,"dependent"
14,7933,"dependent"
6,7934,"dependent"
10,7935,"dependent"
8,7936,"dependent"
10,7937,"dependent"
10,7938,"dependent"
8,7939,"dependent"
14,7940,"dependent"
10,7941,"dependent"
6,7942,"dependent"
6,7943,"dependent"
14,7944,"dependent"
12,7945,"dependent"
10,7946,"dependent"
10,7947,"dependent"
16,7948,"dependent"
14,7949,"dependent"
14,7950,"dependent"
12,7951,"dependent"
14,7952,"dependent"
14,7953,"dependent"
16,7954,"dependent"
14,7955,"dependent"
6,7956,"dependent"
14,7957,"dependent"
10,7958,"dependent"
12,7959,"dependent"
12,7960,"dependent"
14,7961,"dependent"
8,7962,"dependent"
8,7963,"dependent"
14,7964,"dependent"
8,7965,"dependent"
10,7966,"dependent"
12,7967,"dependent"
12,7968,"dependent"
10,7969,"dependent"
10,7970,"dependent"
6,7971,"dependent"
8,7972,"dependent"
12,7973,"dependent"
16,7974,"dependent"
14,7975,"dependent"
6,7976,"dependent"
16,7977,"dependent"
10,7978,"dependent"
12,7979,"dependent"
10,7980,"dependent"
14,7981,"dependent"
14,7982,"dependent"
8,7983,"dependent"
10,7984,"dependent"
8,7985,"dependent"
16,7986,"dependent"
10,7987,"dependent"
10,7988,"dependent"
10,7989,"dependent"
12,7990,"dependent"
14,7991,"dependent"
14,7992,"dependent"
8,7993,"dependent"
8,7994,"dependent"
12,7995,"dependent"
14,7996,"dependent"
12,7997,"dependent"
6,7998,"dependent"
12,7999,"dependent"
10,8000,"dependent"
8,8001,"dependent"
10,8002,"dependent"
8,8003,"dependent"
8,8004,"dependent"
12,8005,"dependent"
8,8006,"dependent"
14,8007,"dependent"
12,8008,"dependent"
10,8009,"dependent"
12,8010,"dependent"
12,8011,"dependent"
12,8012,"dependent"
10,8013,"dependent"
6,8014,"dependent"
6,8015,"dependent"
8,8016,"dependent"
12,8017,"dependent"
14,8018,"dependent"
10,8019,"dependent"
12,8020,"dependent"
14,8021,"dependent"
10,8022,"dependent"
14,8023,"dependent"
8,8024,"dependent"
14,8025,"dependent"
8,8026,"dependent"
8,8027,"dependent"
10,8028,"dependent"
8,8029,"dependent"
10,8030,"dependent"
12,8031,"dependent"
10,8032,"dependent"
10,8033,"dependent"
8,8034,"dependent"
10,8035,"dependent"
10,8036,"dependent"
8,8037,"dependent"
12,8038,"dependent"
10,8039,"dependent"
16,8040,"dependent"
8,8041,"dependent"
10,8042,"dependent"
8,8043,"dependent"
10,8044,"dependent"
12,8045,"dependent"
14,8046,"dependent"
14,8047,"dependent"
6,8048,"dependent"
12,8049,"dependent"
10,8050,"dependent"
10,8051,"dependent"
10,8052,"dependent"
12,8053,"dependent"
10,8054,"dependent"
8,8055,"dependent"
12,8056,"dependent"
12,8057,"dependent"
12,8058,"dependent"
10,8059,"dependent"
12,8060,"dependent"
12,8061,"dependent"
10,8062,"dependent"
10,8063,"dependent"
12,8064,"dependent"
10,8065,"dependent"
12,8066,"dependent"
14,8067,"dependent"
14,8068,"dependent"
10,8069,"dependent"
8,8070,"dependent"
12,8071,"dependent"
14,8072,"dependent"
12,8073,"dependent"
14,8074,"dependent"
12,8075,"dependent"
12,8076,"dependent"
10,8077,"dependent"
4,8078,"dependent"
4,8079,"dependent"
12,8080,"dependent"
16,8081,"dependent"
8,8082,"dependent"
12,8083,"dependent"
10,8084,"dependent"
12,8085,"dependent"
12,8086,"dependent"
8,8087,"dependent"
12,8088,"dependent"
8,8089,"dependent"
8,8090,"dependent"
12,8091,"dependent"
14,8092,"dependent"
10,8093,"dependent"
14,8094,"dependent"
16,8095,"dependent"
14,8096,"dependent"
10,8097,"dependent"
8,8098,"dependent"
12,8099,"dependent"
14,8100,"dependent"
14,8101,"dependent"
6,8102,"dependent"
10,8103,"dependent"
14,8104,"dependent"
10,8105,"dependent"
12,8106,"dependent"
12,8107,"dependent"
10,8108,"dependent"
8,8109,"dependent"
8,8110,"dependent"
10,8111,"dependent"
10,8112,"dependent"
12,8113,"dependent"
10,8114,"dependent"
10,8115,"dependent"
10,8116,"dependent"
12,8117,"dependent"
14,8118,"dependent"
16,8119,"dependent"
14,8120,"dependent"
12,8121,"dependent"
16,8122,"dependent"
12,8123,"dependent"
10,8124,"dependent"
12,8125,"dependent"
10,8126,"dependent"
6,8127,"dependent"
10,8128,"dependent"
12,8129,"dependent"
12,8130,"dependent"
16,8131,"dependent"
12,8132,"dependent"
8,8133,"dependent"
10,8134,"dependent"
10,8135,"dependent"
6,8136,"dependent"
8,8137,"dependent"
14,8138,"dependent"
8,8139,"dependent"
10,8140,"dependent"
10,8141,"dependent"
10,8142,"dependent"
10,8143,"dependent"
8,8144,"dependent"
10,8145,"dependent"
14,8146,"dependent"
12,8147,"dependent"
8,8148,"dependent"
10,8149,"dependent"
12,8150,"dependent"
10,8151,"dependent"
10,8152,"dependent"
12,8153,"dependent"
10,8154,"dependent"
10,8155,"dependent"
8,8156,"dependent"
8,8157,"dependent"
6,8158,"dependent"
10,8159,"dependent"
8,8160,"dependent"
14,8161,"dependent"
10,8162,"dependent"
8,8163,"dependent"
12,8164,"dependent"
10,8165,"dependent"
6,8166,"dependent"
10,8167,"dependent"
10,8168,"dependent"
10,8169,"dependent"
10,8170,"dependent"
12,8171,"dependent"
8,8172,"dependent"
6,8173,"dependent"
14,8174,"dependent"
6,8175,"dependent"
12,8176,"dependent"
12,8177,"dependent"
12,8178,"dependent"
10,8179,"dependent"
10,8180,"dependent"
12,8181,"dependent"
12,8182,"dependent"
12,8183,"dependent"
14,8184,"dependent"
8,8185,"dependent"
12,8186,"dependent"
12,8187,"dependent"
10,8188,"dependent"
12,8189,"dependent"
16,8190,"dependent"
12,8191,"dependent"
10,8192,"dependent"
10,8193,"dependent"
14,8194,"dependent"
16,8195,"dependent"
10,8196,"dependent"
8,8197,"dependent"
10,8198,"dependent"
10,8199,"dependent"
12,8200,"dependent"
14,8201,"dependent"
10,8202,"dependent"
12,8203,"dependent"
6,8204,"dependent"
10,8205,"dependent"
6,8206,"dependent"
16,8207,"dependent"
16,8208,"dependent"
8,8209,"dependent"
12,8210,"dependent"
14,8211,"dependent"
10,8212,"dependent"
6,8213,"dependent"
14,8214,"dependent"
14,8215,"dependent"
14,8216,"dependent"
6,8217,"dependent"
10,8218,"dependent"
12,8219,"dependent"
14,8220,"dependent"
16,8221,"dependent"
12,8222,"dependent"
14,8223,"dependent"
12,8224,"dependent"
14,8225,"dependent"
12,8226,"dependent"
12,8227,"dependent"
10,8228,"dependent"
14,8229,"dependent"
12,8230,"dependent"
8,8231,"dependent"
10,8232,"dependent"
12,8233,"dependent"
8,8234,"dependent"
14,8235,"dependent"
12,8236,"dependent"
14,8237,"dependent"
12,8238,"dependent"
12,8239,"dependent"
10,8240,"dependent"
10,8241,"dependent"
10,8242,"dependent"
10,8243,"dependent"
16,8244,"dependent"
12,8245,"dependent"
10,8246,"dependent"
10,8247,"dependent"
10,8248,"dependent"
10,8249,"dependent"
14,8250,"dependent"
12,8251,"dependent"
14,8252,"dependent"
12,8253,"dependent"
12,8254,"dependent"
8,8255,"dependent"
10,8256,"dependent"
10,8257,"dependent"
10,8258,"dependent"
8,8259,"dependent"
12,8260,"dependent"
10,8261,"dependent"
10,8262,"dependent"
8,8263,"dependent"
12,8264,"dependent"
12,8265,"dependent"
8,8266,"dependent"
12,8267,"dependent"
8,8268,"dependent"
10,8269,"dependent"
12,8270,"dependent"
6,8271,"dependent"
12,8272,"dependent"
10,8273,"dependent"
10,8274,"dependent"
8,8275,"dependent"
12,8276,"dependent"
12,8277,"dependent"
12,8278,"dependent"
12,8279,"dependent"
14,8280,"dependent"
14,8281,"dependent"
14,8282,"dependent"
12,8283,"dependent"
14,8284,"dependent"
14,8285,"dependent"
10,8286,"dependent"
10,8287,"dependent"
6,8288,"dependent"
10,8289,"dependent"
12,8290,"dependent"
14,8291,"dependent"
12,8292,"dependent"
12,8293,"dependent"
8,8294,"dependent"
8,8295,"dependent"
12,8296,"dependent"
14,8297,"dependent"
12,8298,"dependent"
8,8299,"dependent"
12,8300,"dependent"
12,8301,"dependent"
16,8302,"dependent"
8,8303,"dependent"
14,8304,"dependent"
18,8305,"dependent"
12,8306,"dependent"
8,8307,"dependent"
12,8308,"dependent"
14,8309,"dependent"
12,8310,"dependent"
12,8311,"dependent"
10,8312,"dependent"
10,8313,"dependent"
10,8314,"dependent"
10,8315,"dependent"
10,8316,"dependent"
14,8317,"dependent"
10,8318,"dependent"
14,8319,"dependent"
14,8320,"dependent"
12,8321,"dependent"
10,8322,"dependent"
8,8323,"dependent"
10,8324,"dependent"
6,8325,"dependent"
10,8326,"dependent"
12,8327,"dependent"
12,8328,"dependent"
16,8329,"dependent"
10,8330,"dependent"
12,8331,"dependent"
14,8332,"dependent"
4,8333,"dependent"
12,8334,"dependent"
12,8335,"dependent"
12,8336,"dependent"
10,8337,"dependent"
14,8338,"dependent"
12,8339,"dependent"
14,8340,"dependent"
10,8341,"dependent"
14,8342,"dependent"
10,8343,"dependent"
12,8344,"dependent"
12,8345,"dependent"
10,8346,"dependent"
10,8347,"dependent"
10,8348,"dependent"
10,8349,"dependent"
14,8350,"dependent"
10,8351,"dependent"
10,8352,"dependent"
12,8353,"dependent"
10,8354,"dependent"
10,8355,"dependent"
12,8356,"dependent"
14,8357,"dependent"
8,8358,"dependent"
8,8359,"dependent"
12,8360,"dependent"
8,8361,"dependent"
10,8362,"dependent"
10,8363,"dependent"
10,8364,"dependent"
10,8365,"dependent"
12,8366,"dependent"
8,8367,"dependent"
12,8368,"dependent"
10,8369,"dependent"
12,8370,"dependent"
10,8371,"dependent"
10,8372,"dependent"
14,8373,"dependent"
12,8374,"dependent"
10,8375,"dependent"
8,8376,"dependent"
10,8377,"dependent"
10,8378,"dependent"
10,8379,"dependent"
12,8380,"dependent"
10,8381,"dependent"
12,8382,"dependent"
8,8383,"dependent"
8,8384,"dependent"
8,8385,"dependent"
12,8386,"dependent"
10,8387,"dependent"
10,8388,"dependent"
8,8389,"dependent"
16,8390,"dependent"
12,8391,"dependent"
14,8392,"dependent"
14,8393,"dependent"
8,8394,"dependent"
10,8395,"dependent"
10,8396,"dependent"
14,8397,"dependent"
12,8398,"dependent"
12,8399,"dependent"
10,8400,"dependent"
12,8401,"dependent"
12,8402,"dependent"
10,8403,"dependent"
12,8404,"dependent"
4,8405,"dependent"
10,8406,"dependent"
18,8407,"dependent"
10,8408,"dependent"
10,8409,"dependent"
12,8410,"dependent"
12,8411,"dependent"
10,8412,"dependent"
12,8413,"dependent"
14,8414,"dependent"
14,8415,"dependent"
12,8416,"dependent"
12,8417,"dependent"
12,8418,"dependent"
14,8419,"dependent"
10,8420,"dependent"
12,8421,"dependent"
12,8422,"dependent"
10,8423,"dependent"
12,8424,"dependent"
10,8425,"dependent"
16,8426,"dependent"
10,8427,"dependent"
12,8428,"dependent"
8,8429,"dependent"
10,8430,"dependent"
14,8431,"dependent"
12,8432,"dependent"
12,8433,"dependent"
12,8434,"dependent"
12,8435,"dependent"
10,8436,"dependent"
10,8437,"dependent"
12,8438,"dependent"
10,8439,"dependent"
12,8440,"dependent"
10,8441,"dependent"
10,8442,"dependent"
12,8443,"dependent"
8,8444,"dependent"
8,8445,"dependent"
12,8446,"dependent"
12,8447,"dependent"
12,8448,"dependent"
10,8449,"dependent"
8,8450,"dependent"
16,8451,"dependent"
10,8452,"dependent"
14,8453,"dependent"
14,8454,"dependent"
8,8455,"dependent"
14,8456,"dependent"
10,8457,"dependent"
12,8458,"dependent"
10,8459,"dependent"
10,8460,"dependent"
12,8461,"dependent"
12,8462,"dependent"
16,8463,"dependent"
8,8464,"dependent"
12,8465,"dependent"
10,8466,"dependent"
10,8467,"dependent"
10,8468,"dependent"
12,8469,"dependent"
10,8470,"dependent"
8,8471,"dependent"
8,8472,"dependent"
12,8473,"dependent"
14,8474,"dependent"
10,8475,"dependent"
12,8476,"dependent"
14,8477,"dependent"
16,8478,"dependent"
14,8479,"dependent"
10,8480,"dependent"
10,8481,"dependent"
14,8482,"dependent"
8,8483,"dependent"
8,8484,"dependent"
8,8485,"dependent"
8,8486,"dependent"
14,8487,"dependent"
10,8488,"dependent"
6,8489,"dependent"
14,8490,"dependent"
12,8491,"dependent"
10,8492,"dependent"
12,8493,"dependent"
12,8494,"dependent"
12,8495,"dependent"
8,8496,"dependent"
12,8497,"dependent"
8,8498,"dependent"
12,8499,"dependent"
14,8500,"dependent"
14,8501,"dependent"
12,8502,"dependent"
10,8503,"dependent"
10,8504,"dependent"
12,8505,"dependent"
10,8506,"dependent"
10,8507,"dependent"
10,8508,"dependent"
8,8509,"dependent"
14,8510,"dependent"
10,8511,"dependent"
12,8512,"dependent"
14,8513,"dependent"
6,8514,"dependent"
10,8515,"dependent"
6,8516,"dependent"
8,8517,"dependent"
12,8518,"dependent"
12,8519,"dependent"
12,8520,"dependent"
12,8521,"dependent"
10,8522,"dependent"
14,8523,"dependent"
12,8524,"dependent"
14,8525,"dependent"
14,8526,"dependent"
14,8527,"dependent"
10,8528,"dependent"
10,8529,"dependent"
14,8530,"dependent"
8,8531,"dependent"
14,8532,"dependent"
8,8533,"dependent"
18,8534,"dependent"
4,8535,"dependent"
10,8536,"dependent"
10,8537,"dependent"
14,8538,"dependent"
10,8539,"dependent"
4,8540,"dependent"
12,8541,"dependent"
10,8542,"dependent"
12,8543,"dependent"
10,8544,"dependent"
12,8545,"dependent"
8,8546,"dependent"
10,8547,"dependent"
10,8548,"dependent"
14,8549,"dependent"
10,8550,"dependent"
12,8551,"dependent"
10,8552,"dependent"
6,8553,"dependent"
12,8554,"dependent"
10,8555,"dependent"
16,8556,"dependent"
10,8557,"dependent"
10,8558,"dependent"
10,8559,"dependent"
10,8560,"dependent"
10,8561,"dependent"
12,8562,"dependent"
10,8563,"dependent"
8,8564,"dependent"
12,8565,"dependent"
12,8566,"dependent"
12,8567,"dependent"
8,8568,"dependent"
12,8569,"dependent"
8,8570,"dependent"
12,8571,"dependent"
12,8572,"dependent"
10,8573,"dependent"
12,8574,"dependent"
12,8575,"dependent"
12,8576,"dependent"
16,8577,"dependent"
10,8578,"dependent"
14,8579,"dependent"
12,8580,"dependent"
12,8581,"dependent"
12,8582,"dependent"
8,8583,"dependent"
16,8584,"dependent"
14,8585,"dependent"
8,8586,"dependent"
10,8587,"dependent"
14,8588,"dependent"
12,8589,"dependent"
6,8590,"dependent"
12,8591,"dependent"
12,8592,"dependent"
14,8593,"dependent"
12,8594,"dependent"
10,8595,"dependent"
12,8596,"dependent"
10,8597,"dependent"
12,8598,"dependent"
10,8599,"dependent"
14,8600,"dependent"
10,8601,"dependent"
8,8602,"dependent"
12,8603,"dependent"
10,8604,"dependent"
8,8605,"dependent"
10,8606,"dependent"
14,8607,"dependent"
10,8608,"dependent"
16,8609,"dependent"
10,8610,"dependent"
10,8611,"dependent"
14,8612,"dependent"
14,8613,"dependent"
14,8614,"dependent"
14,8615,"dependent"
10,8616,"dependent"
12,8617,"dependent"
14,8618,"dependent"
8,8619,"dependent"
14,8620,"dependent"
8,8621,"dependent"
10,8622,"dependent"
12,8623,"dependent"
10,8624,"dependent"
12,8625,"dependent"
18,8626,"dependent"
12,8627,"dependent"
12,8628,"dependent"
12,8629,"dependent"
10,8630,"dependent"
12,8631,"dependent"
8,8632,"dependent"
14,8633,"dependent"
14,8634,"dependent"
10,8635,"dependent"
10,8636,"dependent"
14,8637,"dependent"
10,8638,"dependent"
10,8639,"dependent"
12,8640,"dependent"
10,8641,"dependent"
10,8642,"dependent"
8,8643,"dependent"
14,8644,"dependent"
12,8645,"dependent"
14,8646,"dependent"
14,8647,"dependent"
10,8648,"dependent"
12,8649,"dependent"
12,8650,"dependent"
10,8651,"dependent"
10,8652,"dependent"
14,8653,"dependent"
12,8654,"dependent"
14,8655,"dependent"
10,8656,"dependent"
10,8657,"dependent"
14,8658,"dependent"
10,8659,"dependent"
10,8660,"dependent"
14,8661,"dependent"
10,8662,"dependent"
14,8663,"dependent"
12,8664,"dependent"
14,8665,"dependent"
10,8666,"dependent"
8,8667,"dependent"
10,8668,"dependent"
10,8669,"dependent"
8,8670,"dependent"
12,8671,"dependent"
14,8672,"dependent"
14,8673,"dependent"
12,8674,"dependent"
12,8675,"dependent"
12,8676,"dependent"
12,8677,"dependent"
10,8678,"dependent"
8,8679,"dependent"
16,8680,"dependent"
12,8681,"dependent"
14,8682,"dependent"
10,8683,"dependent"
16,8684,"dependent"
12,8685,"dependent"
14,8686,"dependent"
10,8687,"dependent"
12,8688,"dependent"
12,8689,"dependent"
14,8690,"dependent"
10,8691,"dependent"
10,8692,"dependent"
12,8693,"dependent"
14,8694,"dependent"
10,8695,"dependent"
14,8696,"dependent"
10,8697,"dependent"
8,8698,"dependent"
12,8699,"dependent"
10,8700,"dependent"
14,8701,"dependent"
8,8702,"dependent"
12,8703,"dependent"
12,8704,"dependent"
4,8705,"dependent"
8,8706,"dependent"
12,8707,"dependent"
10,8708,"dependent"
8,8709,"dependent"
10,8710,"dependent"
10,8711,"dependent"
12,8712,"dependent"
10,8713,"dependent"
8,8714,"dependent"
16,8715,"dependent"
10,8716,"dependent"
8,8717,"dependent"
18,8718,"dependent"
10,8719,"dependent"
14,8720,"dependent"
12,8721,"dependent"
8,8722,"dependent"
10,8723,"dependent"
16,8724,"dependent"
10,8725,"dependent"
8,8726,"dependent"
10,8727,"dependent"
12,8728,"dependent"
10,8729,"dependent"
14,8730,"dependent"
12,8731,"dependent"
10,8732,"dependent"
10,8733,"dependent"
10,8734,"dependent"
8,8735,"dependent"
12,8736,"dependent"
14,8737,"dependent"
12,8738,"dependent"
12,8739,"dependent"
14,8740,"dependent"
10,8741,"dependent"
10,8742,"dependent"
12,8743,"dependent"
8,8744,"dependent"
10,8745,"dependent"
8,8746,"dependent"
14,8747,"dependent"
16,8748,"dependent"
14,8749,"dependent"
10,8750,"dependent"
6,8751,"dependent"
12,8752,"dependent"
8,8753,"dependent"
10,8754,"dependent"
12,8755,"dependent"
8,8756,"dependent"
10,8757,"dependent"
12,8758,"dependent"
14,8759,"dependent"
8,8760,"dependent"
8,8761,"dependent"
8,8762,"dependent"
8,8763,"dependent"
10,8764,"dependent"
14,8765,"dependent"
10,8766,"dependent"
10,8767,"dependent"
14,8768,"dependent"
14,8769,"dependent"
10,8770,"dependent"
12,8771,"dependent"
8,8772,"dependent"
8,8773,"dependent"
16,8774,"dependent"
12,8775,"dependent"
8,8776,"dependent"
16,8777,"dependent"
12,8778,"dependent"
12,8779,"dependent"
8,8780,"dependent"
10,8781,"dependent"
8,8782,"dependent"
10,8783,"dependent"
12,8784,"dependent"
8,8785,"dependent"
12,8786,"dependent"
14,8787,"dependent"
10,8788,"dependent"
6,8789,"dependent"
12,8790,"dependent"
8,8791,"dependent"
10,8792,"dependent"
12,8793,"dependent"
10,8794,"dependent"
14,8795,"dependent"
10,8796,"dependent"
14,8797,"dependent"
12,8798,"dependent"
12,8799,"dependent"
12,8800,"dependent"
14,8801,"dependent"
12,8802,"dependent"
10,8803,"dependent"
12,8804,"dependent"
10,8805,"dependent"
14,8806,"dependent"
8,8807,"dependent"
14,8808,"dependent"
8,8809,"dependent"
10,8810,"dependent"
12,8811,"dependent"
12,8812,"dependent"
12,8813,"dependent"
8,8814,"dependent"
6,8815,"dependent"
8,8816,"dependent"
8,8817,"dependent"
16,8818,"dependent"
14,8819,"dependent"
14,8820,"dependent"
10,8821,"dependent"
8,8822,"dependent"
12,8823,"dependent"
12,8824,"dependent"
8,8825,"dependent"
10,8826,"dependent"
8,8827,"dependent"
8,8828,"dependent"
12,8829,"dependent"
8,8830,"dependent"
14,8831,"dependent"
10,8832,"dependent"
14,8833,"dependent"
12,8834,"dependent"
12,8835,"dependent"
10,8836,"dependent"
12,8837,"dependent"
10,8838,"dependent"
12,8839,"dependent"
12,8840,"dependent"
12,8841,"dependent"
8,8842,"dependent"
10,8843,"dependent"
12,8844,"dependent"
14,8845,"dependent"
10,8846,"dependent"
8,8847,"dependent"
10,8848,"dependent"
16,8849,"dependent"
12,8850,"dependent"
12,8851,"dependent"
12,8852,"dependent"
16,8853,"dependent"
12,8854,"dependent"
8,8855,"dependent"
10,8856,"dependent"
10,8857,"dependent"
12,8858,"dependent"
10,8859,"dependent"
10,8860,"dependent"
10,8861,"dependent"
10,8862,"dependent"
12,8863,"dependent"
12,8864,"dependent"
10,8865,"dependent"
8,8866,"dependent"
12,8867,"dependent"
12,8868,"dependent"
10,8869,"dependent"
10,8870,"dependent"
10,8871,"dependent"
10,8872,"dependent"
10,8873,"dependent"
6,8874,"dependent"
8,8875,"dependent"
8,8876,"dependent"
10,8877,"dependent"
10,8878,"dependent"
10,8879,"dependent"
12,8880,"dependent"
12,8881,"dependent"
12,8882,"dependent"
14,8883,"dependent"
10,8884,"dependent"
10,8885,"dependent"
10,8886,"dependent"
8,8887,"dependent"
12,8888,"dependent"
8,8889,"dependent"
10,8890,"dependent"
12,8891,"dependent"
14,8892,"dependent"
8,8893,"dependent"
10,8894,"dependent"
12,8895,"dependent"
12,8896,"dependent"
10,8897,"dependent"
16,8898,"dependent"
14,8899,"dependent"
12,8900,"dependent"
8,8901,"dependent"
8,8902,"dependent"
12,8903,"dependent"
10,8904,"dependent"
10,8905,"dependent"
10,8906,"dependent"
12,8907,"dependent"
14,8908,"dependent"
10,8909,"dependent"
4,8910,"dependent"
6,8911,"dependent"
10,8912,"dependent"
12,8913,"dependent"
10,8914,"dependent"
10,8915,"dependent"
10,8916,"dependent"
10,8917,"dependent"
8,8918,"dependent"
14,8919,"dependent"
6,8920,"dependent"
12,8921,"dependent"
8,8922,"dependent"
12,8923,"dependent"
10,8924,"dependent"
10,8925,"dependent"
10,8926,"dependent"
12,8927,"dependent"
12,8928,"dependent"
14,8929,"dependent"
8,8930,"dependent"
8,8931,"dependent"
8,8932,"dependent"
12,8933,"dependent"
8,8934,"dependent"
10,8935,"dependent"
14,8936,"dependent"
14,8937,"dependent"
10,8938,"dependent"
14,8939,"dependent"
12,8940,"dependent"
12,8941,"dependent"
10,8942,"dependent"
10,8943,"dependent"
14,8944,"dependent"
12,8945,"dependent"
10,8946,"dependent"
10,8947,"dependent"
8,8948,"dependent"
8,8949,"dependent"
10,8950,"dependent"
12,8951,"dependent"
10,8952,"dependent"
12,8953,"dependent"
16,8954,"dependent"
12,8955,"dependent"
8,8956,"dependent"
4,8957,"dependent"
8,8958,"dependent"
12,8959,"dependent"
12,8960,"dependent"
4,8961,"dependent"
10,8962,"dependent"
8,8963,"dependent"
14,8964,"dependent"
12,8965,"dependent"
12,8966,"dependent"
10,8967,"dependent"
12,8968,"dependent"
8,8969,"dependent"
10,8970,"dependent"
14,8971,"dependent"
8,8972,"dependent"
10,8973,"dependent"
8,8974,"dependent"
8,8975,"dependent"
10,8976,"dependent"
14,8977,"dependent"
14,8978,"dependent"
10,8979,"dependent"
12,8980,"dependent"
12,8981,"dependent"
14,8982,"dependent"
8,8983,"dependent"
12,8984,"dependent"
10,8985,"dependent"
10,8986,"dependent"
10,8987,"dependent"
10,8988,"dependent"
16,8989,"dependent"
14,8990,"dependent"
14,8991,"dependent"
12,8992,"dependent"
8,8993,"dependent"
12,8994,"dependent"
14,8995,"dependent"
12,8996,"dependent"
12,8997,"dependent"
12,8998,"dependent"
14,8999,"dependent"
8,9000,"dependent"
12,9001,"dependent"
