"RF","tree_id","dataset"
0,1,"independent"
0,2,"independent"
0,3,"independent"
2,4,"independent"
0,5,"independent"
2,6,"independent"
2,7,"independent"
2,8,"independent"
2,9,"independent"
2,10,"independent"
0,11,"independent"
2,12,"independent"
2,13,"independent"
2,14,"independent"
0,15,"independent"
2,16,"independent"
0,17,"independent"
0,18,"independent"
0,19,"independent"
0,20,"independent"
2,21,"independent"
0,22,"independent"
2,23,"independent"
0,24,"independent"
0,25,"independent"
2,26,"independent"
0,27,"independent"
0,28,"independent"
2,29,"independent"
2,30,"independent"
0,31,"independent"
0,32,"independent"
0,33,"independent"
2,34,"independent"
0,35,"independent"
2,36,"independent"
2,37,"independent"
0,38,"independent"
2,39,"independent"
0,40,"independent"
2,41,"independent"
2,42,"independent"
0,43,"independent"
2,44,"independent"
2,45,"independent"
2,46,"independent"
0,47,"independent"
0,48,"independent"
2,49,"independent"
2,50,"independent"
2,51,"independent"
2,52,"independent"
2,53,"independent"
2,54,"independent"
2,55,"independent"
2,56,"independent"
2,57,"independent"
0,58,"independent"
2,59,"independent"
2,60,"independent"
0,61,"independent"
0,62,"independent"
0,63,"independent"
2,64,"independent"
2,65,"independent"
0,66,"independent"
2,67,"independent"
2,68,"independent"
2,69,"independent"
0,70,"independent"
0,71,"independent"
2,72,"independent"
0,73,"independent"
0,74,"independent"
2,75,"independent"
0,76,"independent"
2,77,"independent"
2,78,"independent"
2,79,"independent"
2,80,"independent"
2,81,"independent"
2,82,"independent"
0,83,"independent"
0,84,"independent"
2,85,"independent"
2,86,"independent"
2,87,"independent"
2,88,"independent"
2,89,"independent"
0,90,"independent"
4,91,"independent"
0,92,"independent"
0,93,"independent"
0,94,"independent"
2,95,"independent"
2,96,"independent"
2,97,"independent"
2,98,"independent"
0,99,"independent"
2,100,"independent"
2,101,"independent"
2,102,"independent"
0,103,"independent"
2,104,"independent"
2,105,"independent"
0,106,"independent"
2,107,"independent"
0,108,"independent"
2,109,"independent"
2,110,"independent"
2,111,"independent"
2,112,"independent"
2,113,"independent"
2,114,"independent"
0,115,"independent"
2,116,"independent"
2,117,"independent"
2,118,"independent"
0,119,"independent"
0,120,"independent"
2,121,"independent"
0,122,"independent"
0,123,"independent"
0,124,"independent"
0,125,"independent"
2,126,"independent"
2,127,"independent"
0,128,"independent"
2,129,"independent"
0,130,"independent"
0,131,"independent"
2,132,"independent"
0,133,"independent"
2,134,"independent"
2,135,"independent"
0,136,"independent"
0,137,"independent"
0,138,"independent"
2,139,"independent"
0,140,"independent"
0,141,"independent"
2,142,"independent"
0,143,"independent"
2,144,"independent"
0,145,"independent"
0,146,"independent"
2,147,"independent"
2,148,"independent"
0,149,"independent"
2,150,"independent"
0,151,"independent"
0,152,"independent"
0,153,"independent"
0,154,"independent"
4,155,"independent"
2,156,"independent"
2,157,"independent"
0,158,"independent"
0,159,"independent"
0,160,"independent"
0,161,"independent"
2,162,"independent"
0,163,"independent"
2,164,"independent"
2,165,"independent"
2,166,"independent"
0,167,"independent"
2,168,"independent"
0,169,"independent"
2,170,"independent"
0,171,"independent"
2,172,"independent"
0,173,"independent"
2,174,"independent"
2,175,"independent"
0,176,"independent"
2,177,"independent"
2,178,"independent"
2,179,"independent"
0,180,"independent"
2,181,"independent"
0,182,"independent"
2,183,"independent"
0,184,"independent"
2,185,"independent"
0,186,"independent"
0,187,"independent"
2,188,"independent"
2,189,"independent"
2,190,"independent"
0,191,"independent"
2,192,"independent"
0,193,"independent"
2,194,"independent"
0,195,"independent"
0,196,"independent"
0,197,"independent"
2,198,"independent"
2,199,"independent"
0,200,"independent"
2,201,"independent"
0,202,"independent"
2,203,"independent"
2,204,"independent"
2,205,"independent"
0,206,"independent"
0,207,"independent"
2,208,"independent"
0,209,"independent"
2,210,"independent"
0,211,"independent"
2,212,"independent"
2,213,"independent"
2,214,"independent"
2,215,"independent"
0,216,"independent"
2,217,"independent"
2,218,"independent"
2,219,"independent"
2,220,"independent"
0,221,"independent"
2,222,"independent"
0,223,"independent"
0,224,"independent"
2,225,"independent"
2,226,"independent"
2,227,"independent"
0,228,"independent"
2,229,"independent"
2,230,"independent"
0,231,"independent"
0,232,"independent"
2,233,"independent"
2,234,"independent"
0,235,"independent"
0,236,"independent"
0,237,"independent"
0,238,"independent"
2,239,"independent"
0,240,"independent"
0,241,"independent"
0,242,"independent"
2,243,"independent"
0,244,"independent"
2,245,"independent"
2,246,"independent"
0,247,"independent"
2,248,"independent"
2,249,"independent"
2,250,"independent"
0,251,"independent"
2,252,"independent"
0,253,"independent"
0,254,"independent"
0,255,"independent"
2,256,"independent"
0,257,"independent"
2,258,"independent"
2,259,"independent"
2,260,"independent"
2,261,"independent"
0,262,"independent"
2,263,"independent"
2,264,"independent"
2,265,"independent"
2,266,"independent"
0,267,"independent"
2,268,"independent"
0,269,"independent"
2,270,"independent"
0,271,"independent"
0,272,"independent"
2,273,"independent"
0,274,"independent"
2,275,"independent"
2,276,"independent"
0,277,"independent"
2,278,"independent"
2,279,"independent"
2,280,"independent"
2,281,"independent"
0,282,"independent"
2,283,"independent"
0,284,"independent"
0,285,"independent"
0,286,"independent"
0,287,"independent"
0,288,"independent"
4,289,"independent"
2,290,"independent"
2,291,"independent"
2,292,"independent"
2,293,"independent"
0,294,"independent"
2,295,"independent"
0,296,"independent"
0,297,"independent"
0,298,"independent"
2,299,"independent"
0,300,"independent"
2,301,"independent"
2,302,"independent"
2,303,"independent"
0,304,"independent"
0,305,"independent"
2,306,"independent"
0,307,"independent"
0,308,"independent"
2,309,"independent"
2,310,"independent"
0,311,"independent"
2,312,"independent"
2,313,"independent"
0,314,"independent"
2,315,"independent"
2,316,"independent"
0,317,"independent"
2,318,"independent"
2,319,"independent"
0,320,"independent"
2,321,"independent"
2,322,"independent"
0,323,"independent"
2,324,"independent"
2,325,"independent"
0,326,"independent"
0,327,"independent"
2,328,"independent"
0,329,"independent"
2,330,"independent"
2,331,"independent"
0,332,"independent"
0,333,"independent"
2,334,"independent"
2,335,"independent"
0,336,"independent"
2,337,"independent"
2,338,"independent"
2,339,"independent"
0,340,"independent"
0,341,"independent"
2,342,"independent"
2,343,"independent"
2,344,"independent"
2,345,"independent"
2,346,"independent"
2,347,"independent"
2,348,"independent"
2,349,"independent"
2,350,"independent"
2,351,"independent"
2,352,"independent"
2,353,"independent"
0,354,"independent"
2,355,"independent"
0,356,"independent"
2,357,"independent"
0,358,"independent"
2,359,"independent"
2,360,"independent"
2,361,"independent"
2,362,"independent"
2,363,"independent"
2,364,"independent"
2,365,"independent"
0,366,"independent"
0,367,"independent"
0,368,"independent"
2,369,"independent"
2,370,"independent"
0,371,"independent"
2,372,"independent"
2,373,"independent"
0,374,"independent"
0,375,"independent"
2,376,"independent"
2,377,"independent"
2,378,"independent"
2,379,"independent"
2,380,"independent"
2,381,"independent"
2,382,"independent"
2,383,"independent"
2,384,"independent"
0,385,"independent"
0,386,"independent"
2,387,"independent"
2,388,"independent"
2,389,"independent"
2,390,"independent"
0,391,"independent"
2,392,"independent"
2,393,"independent"
2,394,"independent"
0,395,"independent"
2,396,"independent"
2,397,"independent"
2,398,"independent"
0,399,"independent"
0,400,"independent"
2,401,"independent"
2,402,"independent"
2,403,"independent"
2,404,"independent"
2,405,"independent"
2,406,"independent"
2,407,"independent"
0,408,"independent"
0,409,"independent"
0,410,"independent"
2,411,"independent"
2,412,"independent"
2,413,"independent"
2,414,"independent"
0,415,"independent"
2,416,"independent"
0,417,"independent"
2,418,"independent"
4,419,"independent"
2,420,"independent"
2,421,"independent"
0,422,"independent"
2,423,"independent"
2,424,"independent"
0,425,"independent"
0,426,"independent"
2,427,"independent"
0,428,"independent"
2,429,"independent"
0,430,"independent"
0,431,"independent"
2,432,"independent"
2,433,"independent"
4,434,"independent"
2,435,"independent"
0,436,"independent"
0,437,"independent"
2,438,"independent"
0,439,"independent"
2,440,"independent"
2,441,"independent"
2,442,"independent"
2,443,"independent"
2,444,"independent"
0,445,"independent"
0,446,"independent"
2,447,"independent"
2,448,"independent"
2,449,"independent"
0,450,"independent"
2,451,"independent"
2,452,"independent"
0,453,"independent"
0,454,"independent"
0,455,"independent"
2,456,"independent"
2,457,"independent"
2,458,"independent"
4,459,"independent"
0,460,"independent"
0,461,"independent"
2,462,"independent"
2,463,"independent"
0,464,"independent"
0,465,"independent"
0,466,"independent"
2,467,"independent"
2,468,"independent"
2,469,"independent"
2,470,"independent"
0,471,"independent"
2,472,"independent"
2,473,"independent"
0,474,"independent"
2,475,"independent"
0,476,"independent"
2,477,"independent"
0,478,"independent"
2,479,"independent"
0,480,"independent"
2,481,"independent"
0,482,"independent"
2,483,"independent"
0,484,"independent"
2,485,"independent"
2,486,"independent"
0,487,"independent"
2,488,"independent"
2,489,"independent"
0,490,"independent"
2,491,"independent"
0,492,"independent"
2,493,"independent"
2,494,"independent"
0,495,"independent"
2,496,"independent"
2,497,"independent"
2,498,"independent"
2,499,"independent"
2,500,"independent"
0,501,"independent"
0,502,"independent"
0,503,"independent"
2,504,"independent"
2,505,"independent"
2,506,"independent"
0,507,"independent"
2,508,"independent"
0,509,"independent"
2,510,"independent"
2,511,"independent"
2,512,"independent"
2,513,"independent"
2,514,"independent"
2,515,"independent"
0,516,"independent"
0,517,"independent"
2,518,"independent"
2,519,"independent"
0,520,"independent"
0,521,"independent"
2,522,"independent"
0,523,"independent"
2,524,"independent"
2,525,"independent"
2,526,"independent"
2,527,"independent"
2,528,"independent"
0,529,"independent"
2,530,"independent"
2,531,"independent"
2,532,"independent"
2,533,"independent"
2,534,"independent"
0,535,"independent"
2,536,"independent"
2,537,"independent"
4,538,"independent"
2,539,"independent"
0,540,"independent"
2,541,"independent"
0,542,"independent"
0,543,"independent"
0,544,"independent"
2,545,"independent"
0,546,"independent"
2,547,"independent"
2,548,"independent"
0,549,"independent"
4,550,"independent"
0,551,"independent"
2,552,"independent"
2,553,"independent"
0,554,"independent"
0,555,"independent"
2,556,"independent"
2,557,"independent"
2,558,"independent"
2,559,"independent"
2,560,"independent"
2,561,"independent"
0,562,"independent"
0,563,"independent"
2,564,"independent"
0,565,"independent"
2,566,"independent"
2,567,"independent"
0,568,"independent"
2,569,"independent"
2,570,"independent"
0,571,"independent"
4,572,"independent"
2,573,"independent"
2,574,"independent"
0,575,"independent"
2,576,"independent"
2,577,"independent"
0,578,"independent"
2,579,"independent"
2,580,"independent"
0,581,"independent"
2,582,"independent"
2,583,"independent"
2,584,"independent"
2,585,"independent"
2,586,"independent"
0,587,"independent"
2,588,"independent"
2,589,"independent"
2,590,"independent"
2,591,"independent"
0,592,"independent"
0,593,"independent"
2,594,"independent"
2,595,"independent"
2,596,"independent"
2,597,"independent"
2,598,"independent"
2,599,"independent"
0,600,"independent"
0,601,"independent"
0,602,"independent"
2,603,"independent"
2,604,"independent"
2,605,"independent"
0,606,"independent"
0,607,"independent"
0,608,"independent"
2,609,"independent"
2,610,"independent"
0,611,"independent"
2,612,"independent"
2,613,"independent"
2,614,"independent"
2,615,"independent"
2,616,"independent"
2,617,"independent"
2,618,"independent"
2,619,"independent"
2,620,"independent"
0,621,"independent"
2,622,"independent"
0,623,"independent"
2,624,"independent"
0,625,"independent"
2,626,"independent"
0,627,"independent"
2,628,"independent"
0,629,"independent"
2,630,"independent"
2,631,"independent"
2,632,"independent"
0,633,"independent"
0,634,"independent"
0,635,"independent"
2,636,"independent"
2,637,"independent"
2,638,"independent"
2,639,"independent"
2,640,"independent"
0,641,"independent"
2,642,"independent"
2,643,"independent"
2,644,"independent"
2,645,"independent"
0,646,"independent"
0,647,"independent"
2,648,"independent"
2,649,"independent"
2,650,"independent"
2,651,"independent"
2,652,"independent"
2,653,"independent"
2,654,"independent"
2,655,"independent"
2,656,"independent"
0,657,"independent"
2,658,"independent"
2,659,"independent"
2,660,"independent"
0,661,"independent"
0,662,"independent"
0,663,"independent"
2,664,"independent"
0,665,"independent"
2,666,"independent"
0,667,"independent"
0,668,"independent"
0,669,"independent"
2,670,"independent"
2,671,"independent"
0,672,"independent"
0,673,"independent"
2,674,"independent"
2,675,"independent"
2,676,"independent"
0,677,"independent"
2,678,"independent"
2,679,"independent"
0,680,"independent"
2,681,"independent"
0,682,"independent"
2,683,"independent"
0,684,"independent"
2,685,"independent"
4,686,"independent"
2,687,"independent"
0,688,"independent"
0,689,"independent"
2,690,"independent"
2,691,"independent"
0,692,"independent"
2,693,"independent"
0,694,"independent"
2,695,"independent"
2,696,"independent"
2,697,"independent"
2,698,"independent"
2,699,"independent"
2,700,"independent"
2,701,"independent"
0,702,"independent"
2,703,"independent"
0,704,"independent"
2,705,"independent"
4,706,"independent"
2,707,"independent"
2,708,"independent"
0,709,"independent"
2,710,"independent"
2,711,"independent"
2,712,"independent"
2,713,"independent"
2,714,"independent"
0,715,"independent"
2,716,"independent"
0,717,"independent"
2,718,"independent"
2,719,"independent"
2,720,"independent"
2,721,"independent"
2,722,"independent"
2,723,"independent"
0,724,"independent"
2,725,"independent"
2,726,"independent"
2,727,"independent"
0,728,"independent"
2,729,"independent"
2,730,"independent"
2,731,"independent"
2,732,"independent"
2,733,"independent"
2,734,"independent"
0,735,"independent"
0,736,"independent"
0,737,"independent"
0,738,"independent"
2,739,"independent"
2,740,"independent"
2,741,"independent"
2,742,"independent"
0,743,"independent"
2,744,"independent"
2,745,"independent"
2,746,"independent"
2,747,"independent"
2,748,"independent"
0,749,"independent"
2,750,"independent"
0,751,"independent"
0,752,"independent"
2,753,"independent"
2,754,"independent"
2,755,"independent"
2,756,"independent"
2,757,"independent"
2,758,"independent"
2,759,"independent"
0,760,"independent"
0,761,"independent"
2,762,"independent"
0,763,"independent"
2,764,"independent"
0,765,"independent"
2,766,"independent"
2,767,"independent"
0,768,"independent"
0,769,"independent"
2,770,"independent"
0,771,"independent"
2,772,"independent"
2,773,"independent"
2,774,"independent"
2,775,"independent"
2,776,"independent"
2,777,"independent"
2,778,"independent"
0,779,"independent"
2,780,"independent"
2,781,"independent"
2,782,"independent"
0,783,"independent"
4,784,"independent"
2,785,"independent"
0,786,"independent"
0,787,"independent"
2,788,"independent"
2,789,"independent"
2,790,"independent"
2,791,"independent"
2,792,"independent"
2,793,"independent"
0,794,"independent"
0,795,"independent"
0,796,"independent"
0,797,"independent"
0,798,"independent"
0,799,"independent"
2,800,"independent"
2,801,"independent"
0,802,"independent"
2,803,"independent"
0,804,"independent"
2,805,"independent"
4,806,"independent"
2,807,"independent"
2,808,"independent"
2,809,"independent"
0,810,"independent"
2,811,"independent"
2,812,"independent"
2,813,"independent"
2,814,"independent"
0,815,"independent"
0,816,"independent"
2,817,"independent"
2,818,"independent"
2,819,"independent"
2,820,"independent"
2,821,"independent"
2,822,"independent"
0,823,"independent"
2,824,"independent"
2,825,"independent"
2,826,"independent"
0,827,"independent"
0,828,"independent"
0,829,"independent"
2,830,"independent"
0,831,"independent"
2,832,"independent"
2,833,"independent"
2,834,"independent"
0,835,"independent"
2,836,"independent"
2,837,"independent"
2,838,"independent"
2,839,"independent"
0,840,"independent"
2,841,"independent"
0,842,"independent"
2,843,"independent"
0,844,"independent"
2,845,"independent"
2,846,"independent"
2,847,"independent"
2,848,"independent"
0,849,"independent"
2,850,"independent"
2,851,"independent"
0,852,"independent"
0,853,"independent"
0,854,"independent"
0,855,"independent"
2,856,"independent"
2,857,"independent"
0,858,"independent"
2,859,"independent"
2,860,"independent"
2,861,"independent"
0,862,"independent"
2,863,"independent"
2,864,"independent"
2,865,"independent"
0,866,"independent"
0,867,"independent"
2,868,"independent"
2,869,"independent"
0,870,"independent"
0,871,"independent"
2,872,"independent"
0,873,"independent"
0,874,"independent"
2,875,"independent"
0,876,"independent"
0,877,"independent"
2,878,"independent"
0,879,"independent"
2,880,"independent"
2,881,"independent"
0,882,"independent"
0,883,"independent"
0,884,"independent"
2,885,"independent"
2,886,"independent"
2,887,"independent"
0,888,"independent"
2,889,"independent"
0,890,"independent"
0,891,"independent"
2,892,"independent"
0,893,"independent"
2,894,"independent"
2,895,"independent"
0,896,"independent"
2,897,"independent"
0,898,"independent"
2,899,"independent"
0,900,"independent"
2,901,"independent"
0,902,"independent"
0,903,"independent"
0,904,"independent"
2,905,"independent"
2,906,"independent"
0,907,"independent"
2,908,"independent"
2,909,"independent"
2,910,"independent"
2,911,"independent"
2,912,"independent"
2,913,"independent"
0,914,"independent"
2,915,"independent"
2,916,"independent"
0,917,"independent"
2,918,"independent"
0,919,"independent"
0,920,"independent"
0,921,"independent"
0,922,"independent"
2,923,"independent"
2,924,"independent"
0,925,"independent"
2,926,"independent"
2,927,"independent"
2,928,"independent"
0,929,"independent"
0,930,"independent"
0,931,"independent"
2,932,"independent"
2,933,"independent"
2,934,"independent"
2,935,"independent"
0,936,"independent"
0,937,"independent"
2,938,"independent"
0,939,"independent"
0,940,"independent"
0,941,"independent"
0,942,"independent"
0,943,"independent"
0,944,"independent"
0,945,"independent"
0,946,"independent"
0,947,"independent"
2,948,"independent"
0,949,"independent"
0,950,"independent"
2,951,"independent"
2,952,"independent"
2,953,"independent"
0,954,"independent"
0,955,"independent"
2,956,"independent"
2,957,"independent"
0,958,"independent"
2,959,"independent"
0,960,"independent"
0,961,"independent"
2,962,"independent"
4,963,"independent"
0,964,"independent"
0,965,"independent"
2,966,"independent"
2,967,"independent"
0,968,"independent"
2,969,"independent"
2,970,"independent"
2,971,"independent"
4,972,"independent"
0,973,"independent"
2,974,"independent"
0,975,"independent"
2,976,"independent"
2,977,"independent"
2,978,"independent"
0,979,"independent"
2,980,"independent"
0,981,"independent"
0,982,"independent"
0,983,"independent"
2,984,"independent"
2,985,"independent"
2,986,"independent"
0,987,"independent"
2,988,"independent"
0,989,"independent"
0,990,"independent"
2,991,"independent"
0,992,"independent"
0,993,"independent"
0,994,"independent"
2,995,"independent"
0,996,"independent"
2,997,"independent"
0,998,"independent"
2,999,"independent"
2,1000,"independent"
2,1001,"independent"
2,1002,"independent"
2,1003,"independent"
2,1004,"independent"
2,1005,"independent"
4,1006,"independent"
0,1007,"independent"
0,1008,"independent"
0,1009,"independent"
0,1010,"independent"
0,1011,"independent"
2,1012,"independent"
2,1013,"independent"
2,1014,"independent"
2,1015,"independent"
0,1016,"independent"
2,1017,"independent"
2,1018,"independent"
0,1019,"independent"
0,1020,"independent"
2,1021,"independent"
2,1022,"independent"
2,1023,"independent"
0,1024,"independent"
2,1025,"independent"
0,1026,"independent"
2,1027,"independent"
0,1028,"independent"
0,1029,"independent"
0,1030,"independent"
0,1031,"independent"
2,1032,"independent"
0,1033,"independent"
2,1034,"independent"
0,1035,"independent"
2,1036,"independent"
0,1037,"independent"
2,1038,"independent"
0,1039,"independent"
2,1040,"independent"
0,1041,"independent"
0,1042,"independent"
0,1043,"independent"
2,1044,"independent"
2,1045,"independent"
0,1046,"independent"
2,1047,"independent"
0,1048,"independent"
0,1049,"independent"
2,1050,"independent"
0,1051,"independent"
2,1052,"independent"
0,1053,"independent"
0,1054,"independent"
2,1055,"independent"
0,1056,"independent"
0,1057,"independent"
2,1058,"independent"
0,1059,"independent"
0,1060,"independent"
0,1061,"independent"
0,1062,"independent"
2,1063,"independent"
0,1064,"independent"
2,1065,"independent"
2,1066,"independent"
2,1067,"independent"
0,1068,"independent"
0,1069,"independent"
0,1070,"independent"
2,1071,"independent"
2,1072,"independent"
4,1073,"independent"
0,1074,"independent"
2,1075,"independent"
2,1076,"independent"
0,1077,"independent"
2,1078,"independent"
2,1079,"independent"
2,1080,"independent"
0,1081,"independent"
2,1082,"independent"
2,1083,"independent"
0,1084,"independent"
0,1085,"independent"
2,1086,"independent"
0,1087,"independent"
2,1088,"independent"
0,1089,"independent"
2,1090,"independent"
0,1091,"independent"
2,1092,"independent"
2,1093,"independent"
0,1094,"independent"
2,1095,"independent"
2,1096,"independent"
2,1097,"independent"
0,1098,"independent"
2,1099,"independent"
2,1100,"independent"
2,1101,"independent"
0,1102,"independent"
2,1103,"independent"
0,1104,"independent"
4,1105,"independent"
0,1106,"independent"
2,1107,"independent"
2,1108,"independent"
0,1109,"independent"
2,1110,"independent"
0,1111,"independent"
2,1112,"independent"
2,1113,"independent"
2,1114,"independent"
2,1115,"independent"
2,1116,"independent"
0,1117,"independent"
0,1118,"independent"
0,1119,"independent"
2,1120,"independent"
2,1121,"independent"
0,1122,"independent"
2,1123,"independent"
2,1124,"independent"
0,1125,"independent"
2,1126,"independent"
0,1127,"independent"
2,1128,"independent"
2,1129,"independent"
2,1130,"independent"
0,1131,"independent"
0,1132,"independent"
0,1133,"independent"
2,1134,"independent"
2,1135,"independent"
0,1136,"independent"
2,1137,"independent"
0,1138,"independent"
2,1139,"independent"
0,1140,"independent"
0,1141,"independent"
2,1142,"independent"
2,1143,"independent"
2,1144,"independent"
2,1145,"independent"
2,1146,"independent"
0,1147,"independent"
2,1148,"independent"
2,1149,"independent"
0,1150,"independent"
0,1151,"independent"
0,1152,"independent"
2,1153,"independent"
2,1154,"independent"
2,1155,"independent"
0,1156,"independent"
0,1157,"independent"
2,1158,"independent"
0,1159,"independent"
2,1160,"independent"
0,1161,"independent"
0,1162,"independent"
2,1163,"independent"
2,1164,"independent"
2,1165,"independent"
0,1166,"independent"
2,1167,"independent"
0,1168,"independent"
0,1169,"independent"
0,1170,"independent"
0,1171,"independent"
2,1172,"independent"
2,1173,"independent"
0,1174,"independent"
2,1175,"independent"
0,1176,"independent"
0,1177,"independent"
2,1178,"independent"
0,1179,"independent"
2,1180,"independent"
2,1181,"independent"
2,1182,"independent"
2,1183,"independent"
0,1184,"independent"
0,1185,"independent"
0,1186,"independent"
2,1187,"independent"
2,1188,"independent"
0,1189,"independent"
2,1190,"independent"
2,1191,"independent"
4,1192,"independent"
0,1193,"independent"
0,1194,"independent"
2,1195,"independent"
2,1196,"independent"
2,1197,"independent"
2,1198,"independent"
2,1199,"independent"
2,1200,"independent"
2,1201,"independent"
0,1202,"independent"
0,1203,"independent"
2,1204,"independent"
2,1205,"independent"
0,1206,"independent"
2,1207,"independent"
0,1208,"independent"
2,1209,"independent"
0,1210,"independent"
0,1211,"independent"
2,1212,"independent"
4,1213,"independent"
0,1214,"independent"
2,1215,"independent"
2,1216,"independent"
2,1217,"independent"
0,1218,"independent"
2,1219,"independent"
2,1220,"independent"
2,1221,"independent"
2,1222,"independent"
2,1223,"independent"
0,1224,"independent"
2,1225,"independent"
2,1226,"independent"
2,1227,"independent"
2,1228,"independent"
0,1229,"independent"
2,1230,"independent"
0,1231,"independent"
0,1232,"independent"
0,1233,"independent"
2,1234,"independent"
0,1235,"independent"
2,1236,"independent"
2,1237,"independent"
0,1238,"independent"
2,1239,"independent"
2,1240,"independent"
2,1241,"independent"
0,1242,"independent"
0,1243,"independent"
2,1244,"independent"
2,1245,"independent"
2,1246,"independent"
2,1247,"independent"
0,1248,"independent"
0,1249,"independent"
0,1250,"independent"
0,1251,"independent"
0,1252,"independent"
0,1253,"independent"
2,1254,"independent"
0,1255,"independent"
2,1256,"independent"
2,1257,"independent"
0,1258,"independent"
0,1259,"independent"
2,1260,"independent"
0,1261,"independent"
0,1262,"independent"
2,1263,"independent"
2,1264,"independent"
2,1265,"independent"
0,1266,"independent"
0,1267,"independent"
0,1268,"independent"
2,1269,"independent"
0,1270,"independent"
2,1271,"independent"
2,1272,"independent"
0,1273,"independent"
2,1274,"independent"
2,1275,"independent"
2,1276,"independent"
2,1277,"independent"
0,1278,"independent"
2,1279,"independent"
0,1280,"independent"
0,1281,"independent"
0,1282,"independent"
2,1283,"independent"
2,1284,"independent"
0,1285,"independent"
2,1286,"independent"
2,1287,"independent"
0,1288,"independent"
0,1289,"independent"
0,1290,"independent"
2,1291,"independent"
2,1292,"independent"
2,1293,"independent"
0,1294,"independent"
2,1295,"independent"
2,1296,"independent"
0,1297,"independent"
0,1298,"independent"
0,1299,"independent"
2,1300,"independent"
0,1301,"independent"
0,1302,"independent"
2,1303,"independent"
0,1304,"independent"
2,1305,"independent"
2,1306,"independent"
0,1307,"independent"
0,1308,"independent"
2,1309,"independent"
2,1310,"independent"
0,1311,"independent"
2,1312,"independent"
0,1313,"independent"
0,1314,"independent"
2,1315,"independent"
2,1316,"independent"
2,1317,"independent"
2,1318,"independent"
2,1319,"independent"
0,1320,"independent"
2,1321,"independent"
2,1322,"independent"
2,1323,"independent"
2,1324,"independent"
2,1325,"independent"
2,1326,"independent"
2,1327,"independent"
2,1328,"independent"
0,1329,"independent"
0,1330,"independent"
0,1331,"independent"
0,1332,"independent"
2,1333,"independent"
0,1334,"independent"
2,1335,"independent"
2,1336,"independent"
0,1337,"independent"
2,1338,"independent"
0,1339,"independent"
2,1340,"independent"
0,1341,"independent"
0,1342,"independent"
2,1343,"independent"
0,1344,"independent"
2,1345,"independent"
2,1346,"independent"
0,1347,"independent"
2,1348,"independent"
0,1349,"independent"
0,1350,"independent"
2,1351,"independent"
2,1352,"independent"
0,1353,"independent"
0,1354,"independent"
0,1355,"independent"
2,1356,"independent"
0,1357,"independent"
2,1358,"independent"
0,1359,"independent"
0,1360,"independent"
0,1361,"independent"
2,1362,"independent"
2,1363,"independent"
0,1364,"independent"
2,1365,"independent"
2,1366,"independent"
2,1367,"independent"
2,1368,"independent"
0,1369,"independent"
0,1370,"independent"
0,1371,"independent"
2,1372,"independent"
0,1373,"independent"
0,1374,"independent"
2,1375,"independent"
0,1376,"independent"
2,1377,"independent"
0,1378,"independent"
2,1379,"independent"
2,1380,"independent"
2,1381,"independent"
2,1382,"independent"
2,1383,"independent"
0,1384,"independent"
2,1385,"independent"
0,1386,"independent"
2,1387,"independent"
0,1388,"independent"
2,1389,"independent"
0,1390,"independent"
2,1391,"independent"
2,1392,"independent"
2,1393,"independent"
2,1394,"independent"
2,1395,"independent"
2,1396,"independent"
2,1397,"independent"
2,1398,"independent"
0,1399,"independent"
0,1400,"independent"
0,1401,"independent"
0,1402,"independent"
2,1403,"independent"
0,1404,"independent"
0,1405,"independent"
2,1406,"independent"
2,1407,"independent"
2,1408,"independent"
0,1409,"independent"
2,1410,"independent"
2,1411,"independent"
0,1412,"independent"
0,1413,"independent"
2,1414,"independent"
2,1415,"independent"
0,1416,"independent"
2,1417,"independent"
2,1418,"independent"
2,1419,"independent"
0,1420,"independent"
2,1421,"independent"
0,1422,"independent"
0,1423,"independent"
2,1424,"independent"
0,1425,"independent"
2,1426,"independent"
2,1427,"independent"
0,1428,"independent"
2,1429,"independent"
2,1430,"independent"
2,1431,"independent"
2,1432,"independent"
2,1433,"independent"
2,1434,"independent"
0,1435,"independent"
2,1436,"independent"
2,1437,"independent"
0,1438,"independent"
2,1439,"independent"
2,1440,"independent"
2,1441,"independent"
0,1442,"independent"
0,1443,"independent"
0,1444,"independent"
2,1445,"independent"
0,1446,"independent"
2,1447,"independent"
0,1448,"independent"
2,1449,"independent"
2,1450,"independent"
2,1451,"independent"
0,1452,"independent"
2,1453,"independent"
0,1454,"independent"
0,1455,"independent"
0,1456,"independent"
0,1457,"independent"
0,1458,"independent"
0,1459,"independent"
2,1460,"independent"
2,1461,"independent"
0,1462,"independent"
0,1463,"independent"
0,1464,"independent"
2,1465,"independent"
0,1466,"independent"
2,1467,"independent"
0,1468,"independent"
2,1469,"independent"
2,1470,"independent"
0,1471,"independent"
2,1472,"independent"
2,1473,"independent"
2,1474,"independent"
2,1475,"independent"
2,1476,"independent"
0,1477,"independent"
0,1478,"independent"
2,1479,"independent"
0,1480,"independent"
0,1481,"independent"
2,1482,"independent"
2,1483,"independent"
0,1484,"independent"
2,1485,"independent"
2,1486,"independent"
2,1487,"independent"
0,1488,"independent"
2,1489,"independent"
2,1490,"independent"
4,1491,"independent"
0,1492,"independent"
0,1493,"independent"
2,1494,"independent"
0,1495,"independent"
2,1496,"independent"
2,1497,"independent"
0,1498,"independent"
0,1499,"independent"
0,1500,"independent"
2,1501,"independent"
2,1502,"independent"
2,1503,"independent"
0,1504,"independent"
2,1505,"independent"
2,1506,"independent"
2,1507,"independent"
0,1508,"independent"
0,1509,"independent"
2,1510,"independent"
2,1511,"independent"
0,1512,"independent"
2,1513,"independent"
0,1514,"independent"
2,1515,"independent"
2,1516,"independent"
4,1517,"independent"
0,1518,"independent"
0,1519,"independent"
0,1520,"independent"
2,1521,"independent"
2,1522,"independent"
0,1523,"independent"
0,1524,"independent"
0,1525,"independent"
0,1526,"independent"
0,1527,"independent"
2,1528,"independent"
0,1529,"independent"
2,1530,"independent"
0,1531,"independent"
0,1532,"independent"
0,1533,"independent"
2,1534,"independent"
2,1535,"independent"
2,1536,"independent"
2,1537,"independent"
2,1538,"independent"
0,1539,"independent"
2,1540,"independent"
0,1541,"independent"
2,1542,"independent"
0,1543,"independent"
2,1544,"independent"
0,1545,"independent"
2,1546,"independent"
2,1547,"independent"
0,1548,"independent"
0,1549,"independent"
0,1550,"independent"
2,1551,"independent"
2,1552,"independent"
2,1553,"independent"
0,1554,"independent"
2,1555,"independent"
0,1556,"independent"
2,1557,"independent"
0,1558,"independent"
0,1559,"independent"
2,1560,"independent"
2,1561,"independent"
0,1562,"independent"
2,1563,"independent"
2,1564,"independent"
0,1565,"independent"
2,1566,"independent"
2,1567,"independent"
2,1568,"independent"
0,1569,"independent"
0,1570,"independent"
2,1571,"independent"
2,1572,"independent"
0,1573,"independent"
2,1574,"independent"
2,1575,"independent"
2,1576,"independent"
2,1577,"independent"
0,1578,"independent"
2,1579,"independent"
2,1580,"independent"
0,1581,"independent"
2,1582,"independent"
2,1583,"independent"
0,1584,"independent"
2,1585,"independent"
0,1586,"independent"
0,1587,"independent"
2,1588,"independent"
2,1589,"independent"
2,1590,"independent"
2,1591,"independent"
0,1592,"independent"
2,1593,"independent"
2,1594,"independent"
0,1595,"independent"
0,1596,"independent"
0,1597,"independent"
2,1598,"independent"
0,1599,"independent"
2,1600,"independent"
2,1601,"independent"
2,1602,"independent"
2,1603,"independent"
2,1604,"independent"
2,1605,"independent"
0,1606,"independent"
0,1607,"independent"
0,1608,"independent"
0,1609,"independent"
0,1610,"independent"
2,1611,"independent"
2,1612,"independent"
0,1613,"independent"
2,1614,"independent"
0,1615,"independent"
2,1616,"independent"
2,1617,"independent"
0,1618,"independent"
0,1619,"independent"
2,1620,"independent"
0,1621,"independent"
2,1622,"independent"
0,1623,"independent"
0,1624,"independent"
0,1625,"independent"
0,1626,"independent"
0,1627,"independent"
0,1628,"independent"
0,1629,"independent"
2,1630,"independent"
0,1631,"independent"
0,1632,"independent"
0,1633,"independent"
2,1634,"independent"
2,1635,"independent"
2,1636,"independent"
2,1637,"independent"
0,1638,"independent"
2,1639,"independent"
0,1640,"independent"
0,1641,"independent"
2,1642,"independent"
2,1643,"independent"
2,1644,"independent"
2,1645,"independent"
0,1646,"independent"
0,1647,"independent"
0,1648,"independent"
0,1649,"independent"
0,1650,"independent"
2,1651,"independent"
2,1652,"independent"
2,1653,"independent"
2,1654,"independent"
2,1655,"independent"
2,1656,"independent"
0,1657,"independent"
2,1658,"independent"
0,1659,"independent"
2,1660,"independent"
0,1661,"independent"
0,1662,"independent"
0,1663,"independent"
0,1664,"independent"
0,1665,"independent"
0,1666,"independent"
4,1667,"independent"
0,1668,"independent"
2,1669,"independent"
0,1670,"independent"
2,1671,"independent"
2,1672,"independent"
2,1673,"independent"
2,1674,"independent"
0,1675,"independent"
0,1676,"independent"
2,1677,"independent"
2,1678,"independent"
2,1679,"independent"
0,1680,"independent"
2,1681,"independent"
0,1682,"independent"
0,1683,"independent"
2,1684,"independent"
0,1685,"independent"
0,1686,"independent"
2,1687,"independent"
0,1688,"independent"
2,1689,"independent"
0,1690,"independent"
0,1691,"independent"
2,1692,"independent"
2,1693,"independent"
2,1694,"independent"
0,1695,"independent"
0,1696,"independent"
2,1697,"independent"
0,1698,"independent"
2,1699,"independent"
2,1700,"independent"
2,1701,"independent"
2,1702,"independent"
0,1703,"independent"
0,1704,"independent"
0,1705,"independent"
2,1706,"independent"
2,1707,"independent"
0,1708,"independent"
2,1709,"independent"
0,1710,"independent"
2,1711,"independent"
2,1712,"independent"
0,1713,"independent"
4,1714,"independent"
2,1715,"independent"
0,1716,"independent"
2,1717,"independent"
2,1718,"independent"
2,1719,"independent"
2,1720,"independent"
2,1721,"independent"
2,1722,"independent"
2,1723,"independent"
0,1724,"independent"
0,1725,"independent"
0,1726,"independent"
2,1727,"independent"
2,1728,"independent"
2,1729,"independent"
2,1730,"independent"
0,1731,"independent"
0,1732,"independent"
0,1733,"independent"
0,1734,"independent"
2,1735,"independent"
2,1736,"independent"
0,1737,"independent"
2,1738,"independent"
2,1739,"independent"
0,1740,"independent"
2,1741,"independent"
2,1742,"independent"
0,1743,"independent"
0,1744,"independent"
0,1745,"independent"
2,1746,"independent"
0,1747,"independent"
0,1748,"independent"
0,1749,"independent"
2,1750,"independent"
2,1751,"independent"
0,1752,"independent"
2,1753,"independent"
0,1754,"independent"
2,1755,"independent"
0,1756,"independent"
2,1757,"independent"
0,1758,"independent"
2,1759,"independent"
2,1760,"independent"
0,1761,"independent"
0,1762,"independent"
2,1763,"independent"
2,1764,"independent"
2,1765,"independent"
2,1766,"independent"
0,1767,"independent"
2,1768,"independent"
2,1769,"independent"
2,1770,"independent"
4,1771,"independent"
0,1772,"independent"
2,1773,"independent"
2,1774,"independent"
2,1775,"independent"
2,1776,"independent"
0,1777,"independent"
2,1778,"independent"
2,1779,"independent"
2,1780,"independent"
2,1781,"independent"
0,1782,"independent"
2,1783,"independent"
2,1784,"independent"
0,1785,"independent"
0,1786,"independent"
0,1787,"independent"
2,1788,"independent"
0,1789,"independent"
0,1790,"independent"
2,1791,"independent"
2,1792,"independent"
0,1793,"independent"
0,1794,"independent"
0,1795,"independent"
2,1796,"independent"
0,1797,"independent"
2,1798,"independent"
0,1799,"independent"
0,1800,"independent"
2,1801,"independent"
2,1802,"independent"
0,1803,"independent"
0,1804,"independent"
0,1805,"independent"
2,1806,"independent"
2,1807,"independent"
2,1808,"independent"
0,1809,"independent"
2,1810,"independent"
2,1811,"independent"
2,1812,"independent"
0,1813,"independent"
2,1814,"independent"
2,1815,"independent"
2,1816,"independent"
0,1817,"independent"
2,1818,"independent"
2,1819,"independent"
2,1820,"independent"
2,1821,"independent"
2,1822,"independent"
0,1823,"independent"
0,1824,"independent"
0,1825,"independent"
2,1826,"independent"
0,1827,"independent"
0,1828,"independent"
0,1829,"independent"
2,1830,"independent"
0,1831,"independent"
0,1832,"independent"
2,1833,"independent"
2,1834,"independent"
2,1835,"independent"
2,1836,"independent"
2,1837,"independent"
0,1838,"independent"
0,1839,"independent"
2,1840,"independent"
0,1841,"independent"
0,1842,"independent"
0,1843,"independent"
0,1844,"independent"
2,1845,"independent"
0,1846,"independent"
2,1847,"independent"
0,1848,"independent"
2,1849,"independent"
2,1850,"independent"
0,1851,"independent"
0,1852,"independent"
0,1853,"independent"
0,1854,"independent"
0,1855,"independent"
2,1856,"independent"
2,1857,"independent"
2,1858,"independent"
0,1859,"independent"
2,1860,"independent"
0,1861,"independent"
0,1862,"independent"
0,1863,"independent"
2,1864,"independent"
2,1865,"independent"
0,1866,"independent"
0,1867,"independent"
0,1868,"independent"
2,1869,"independent"
2,1870,"independent"
2,1871,"independent"
2,1872,"independent"
2,1873,"independent"
2,1874,"independent"
2,1875,"independent"
2,1876,"independent"
0,1877,"independent"
0,1878,"independent"
2,1879,"independent"
0,1880,"independent"
2,1881,"independent"
2,1882,"independent"
2,1883,"independent"
0,1884,"independent"
2,1885,"independent"
0,1886,"independent"
2,1887,"independent"
2,1888,"independent"
2,1889,"independent"
2,1890,"independent"
2,1891,"independent"
0,1892,"independent"
2,1893,"independent"
2,1894,"independent"
2,1895,"independent"
2,1896,"independent"
2,1897,"independent"
2,1898,"independent"
2,1899,"independent"
2,1900,"independent"
2,1901,"independent"
0,1902,"independent"
2,1903,"independent"
2,1904,"independent"
0,1905,"independent"
2,1906,"independent"
0,1907,"independent"
2,1908,"independent"
0,1909,"independent"
2,1910,"independent"
0,1911,"independent"
4,1912,"independent"
2,1913,"independent"
0,1914,"independent"
2,1915,"independent"
0,1916,"independent"
0,1917,"independent"
0,1918,"independent"
0,1919,"independent"
0,1920,"independent"
0,1921,"independent"
2,1922,"independent"
4,1923,"independent"
2,1924,"independent"
2,1925,"independent"
0,1926,"independent"
0,1927,"independent"
2,1928,"independent"
0,1929,"independent"
0,1930,"independent"
2,1931,"independent"
2,1932,"independent"
2,1933,"independent"
0,1934,"independent"
2,1935,"independent"
0,1936,"independent"
2,1937,"independent"
2,1938,"independent"
2,1939,"independent"
0,1940,"independent"
2,1941,"independent"
0,1942,"independent"
0,1943,"independent"
2,1944,"independent"
2,1945,"independent"
0,1946,"independent"
0,1947,"independent"
0,1948,"independent"
0,1949,"independent"
2,1950,"independent"
2,1951,"independent"
2,1952,"independent"
2,1953,"independent"
2,1954,"independent"
0,1955,"independent"
2,1956,"independent"
2,1957,"independent"
2,1958,"independent"
2,1959,"independent"
0,1960,"independent"
2,1961,"independent"
0,1962,"independent"
0,1963,"independent"
2,1964,"independent"
2,1965,"independent"
0,1966,"independent"
2,1967,"independent"
2,1968,"independent"
2,1969,"independent"
0,1970,"independent"
0,1971,"independent"
2,1972,"independent"
0,1973,"independent"
0,1974,"independent"
2,1975,"independent"
2,1976,"independent"
0,1977,"independent"
0,1978,"independent"
2,1979,"independent"
2,1980,"independent"
0,1981,"independent"
0,1982,"independent"
0,1983,"independent"
2,1984,"independent"
2,1985,"independent"
0,1986,"independent"
2,1987,"independent"
2,1988,"independent"
0,1989,"independent"
0,1990,"independent"
0,1991,"independent"
0,1992,"independent"
0,1993,"independent"
2,1994,"independent"
2,1995,"independent"
2,1996,"independent"
2,1997,"independent"
0,1998,"independent"
2,1999,"independent"
2,2000,"independent"
2,2001,"independent"
0,2002,"independent"
0,2003,"independent"
0,2004,"independent"
0,2005,"independent"
2,2006,"independent"
0,2007,"independent"
0,2008,"independent"
0,2009,"independent"
2,2010,"independent"
2,2011,"independent"
2,2012,"independent"
0,2013,"independent"
0,2014,"independent"
2,2015,"independent"
2,2016,"independent"
0,2017,"independent"
2,2018,"independent"
2,2019,"independent"
0,2020,"independent"
2,2021,"independent"
0,2022,"independent"
2,2023,"independent"
0,2024,"independent"
2,2025,"independent"
0,2026,"independent"
2,2027,"independent"
0,2028,"independent"
2,2029,"independent"
2,2030,"independent"
2,2031,"independent"
0,2032,"independent"
0,2033,"independent"
0,2034,"independent"
2,2035,"independent"
4,2036,"independent"
0,2037,"independent"
0,2038,"independent"
0,2039,"independent"
0,2040,"independent"
2,2041,"independent"
2,2042,"independent"
0,2043,"independent"
2,2044,"independent"
2,2045,"independent"
2,2046,"independent"
0,2047,"independent"
2,2048,"independent"
2,2049,"independent"
0,2050,"independent"
2,2051,"independent"
2,2052,"independent"
2,2053,"independent"
0,2054,"independent"
0,2055,"independent"
0,2056,"independent"
2,2057,"independent"
2,2058,"independent"
2,2059,"independent"
2,2060,"independent"
2,2061,"independent"
2,2062,"independent"
2,2063,"independent"
2,2064,"independent"
2,2065,"independent"
2,2066,"independent"
0,2067,"independent"
0,2068,"independent"
0,2069,"independent"
0,2070,"independent"
2,2071,"independent"
0,2072,"independent"
2,2073,"independent"
0,2074,"independent"
2,2075,"independent"
2,2076,"independent"
0,2077,"independent"
0,2078,"independent"
2,2079,"independent"
2,2080,"independent"
0,2081,"independent"
2,2082,"independent"
0,2083,"independent"
2,2084,"independent"
4,2085,"independent"
0,2086,"independent"
2,2087,"independent"
2,2088,"independent"
0,2089,"independent"
0,2090,"independent"
0,2091,"independent"
2,2092,"independent"
2,2093,"independent"
2,2094,"independent"
2,2095,"independent"
2,2096,"independent"
2,2097,"independent"
2,2098,"independent"
2,2099,"independent"
0,2100,"independent"
2,2101,"independent"
0,2102,"independent"
2,2103,"independent"
2,2104,"independent"
2,2105,"independent"
0,2106,"independent"
0,2107,"independent"
0,2108,"independent"
2,2109,"independent"
4,2110,"independent"
0,2111,"independent"
2,2112,"independent"
0,2113,"independent"
0,2114,"independent"
2,2115,"independent"
2,2116,"independent"
2,2117,"independent"
0,2118,"independent"
2,2119,"independent"
0,2120,"independent"
2,2121,"independent"
2,2122,"independent"
0,2123,"independent"
2,2124,"independent"
0,2125,"independent"
2,2126,"independent"
2,2127,"independent"
0,2128,"independent"
2,2129,"independent"
0,2130,"independent"
0,2131,"independent"
0,2132,"independent"
2,2133,"independent"
2,2134,"independent"
0,2135,"independent"
2,2136,"independent"
0,2137,"independent"
0,2138,"independent"
0,2139,"independent"
0,2140,"independent"
2,2141,"independent"
0,2142,"independent"
2,2143,"independent"
0,2144,"independent"
2,2145,"independent"
0,2146,"independent"
0,2147,"independent"
0,2148,"independent"
2,2149,"independent"
0,2150,"independent"
0,2151,"independent"
2,2152,"independent"
2,2153,"independent"
0,2154,"independent"
2,2155,"independent"
2,2156,"independent"
2,2157,"independent"
2,2158,"independent"
2,2159,"independent"
0,2160,"independent"
0,2161,"independent"
2,2162,"independent"
2,2163,"independent"
2,2164,"independent"
2,2165,"independent"
2,2166,"independent"
2,2167,"independent"
0,2168,"independent"
2,2169,"independent"
2,2170,"independent"
2,2171,"independent"
0,2172,"independent"
0,2173,"independent"
2,2174,"independent"
0,2175,"independent"
0,2176,"independent"
2,2177,"independent"
2,2178,"independent"
0,2179,"independent"
2,2180,"independent"
0,2181,"independent"
2,2182,"independent"
0,2183,"independent"
2,2184,"independent"
0,2185,"independent"
0,2186,"independent"
4,2187,"independent"
2,2188,"independent"
0,2189,"independent"
2,2190,"independent"
0,2191,"independent"
0,2192,"independent"
0,2193,"independent"
0,2194,"independent"
0,2195,"independent"
2,2196,"independent"
2,2197,"independent"
0,2198,"independent"
2,2199,"independent"
0,2200,"independent"
0,2201,"independent"
0,2202,"independent"
2,2203,"independent"
0,2204,"independent"
2,2205,"independent"
2,2206,"independent"
0,2207,"independent"
0,2208,"independent"
0,2209,"independent"
0,2210,"independent"
0,2211,"independent"
2,2212,"independent"
2,2213,"independent"
0,2214,"independent"
0,2215,"independent"
0,2216,"independent"
2,2217,"independent"
0,2218,"independent"
0,2219,"independent"
0,2220,"independent"
0,2221,"independent"
0,2222,"independent"
2,2223,"independent"
2,2224,"independent"
2,2225,"independent"
2,2226,"independent"
0,2227,"independent"
2,2228,"independent"
2,2229,"independent"
2,2230,"independent"
0,2231,"independent"
2,2232,"independent"
2,2233,"independent"
2,2234,"independent"
2,2235,"independent"
2,2236,"independent"
2,2237,"independent"
2,2238,"independent"
2,2239,"independent"
0,2240,"independent"
2,2241,"independent"
2,2242,"independent"
2,2243,"independent"
2,2244,"independent"
2,2245,"independent"
2,2246,"independent"
0,2247,"independent"
0,2248,"independent"
2,2249,"independent"
2,2250,"independent"
2,2251,"independent"
0,2252,"independent"
2,2253,"independent"
0,2254,"independent"
0,2255,"independent"
2,2256,"independent"
0,2257,"independent"
0,2258,"independent"
0,2259,"independent"
2,2260,"independent"
2,2261,"independent"
2,2262,"independent"
0,2263,"independent"
0,2264,"independent"
0,2265,"independent"
0,2266,"independent"
2,2267,"independent"
2,2268,"independent"
2,2269,"independent"
2,2270,"independent"
2,2271,"independent"
2,2272,"independent"
0,2273,"independent"
2,2274,"independent"
0,2275,"independent"
0,2276,"independent"
2,2277,"independent"
0,2278,"independent"
0,2279,"independent"
2,2280,"independent"
0,2281,"independent"
2,2282,"independent"
2,2283,"independent"
2,2284,"independent"
2,2285,"independent"
2,2286,"independent"
0,2287,"independent"
2,2288,"independent"
2,2289,"independent"
2,2290,"independent"
0,2291,"independent"
0,2292,"independent"
2,2293,"independent"
2,2294,"independent"
2,2295,"independent"
0,2296,"independent"
0,2297,"independent"
0,2298,"independent"
0,2299,"independent"
2,2300,"independent"
2,2301,"independent"
0,2302,"independent"
2,2303,"independent"
2,2304,"independent"
2,2305,"independent"
2,2306,"independent"
0,2307,"independent"
2,2308,"independent"
0,2309,"independent"
2,2310,"independent"
0,2311,"independent"
2,2312,"independent"
2,2313,"independent"
2,2314,"independent"
2,2315,"independent"
2,2316,"independent"
0,2317,"independent"
2,2318,"independent"
2,2319,"independent"
2,2320,"independent"
2,2321,"independent"
2,2322,"independent"
2,2323,"independent"
0,2324,"independent"
2,2325,"independent"
0,2326,"independent"
2,2327,"independent"
2,2328,"independent"
2,2329,"independent"
2,2330,"independent"
0,2331,"independent"
0,2332,"independent"
0,2333,"independent"
0,2334,"independent"
0,2335,"independent"
0,2336,"independent"
0,2337,"independent"
2,2338,"independent"
2,2339,"independent"
0,2340,"independent"
0,2341,"independent"
0,2342,"independent"
2,2343,"independent"
2,2344,"independent"
0,2345,"independent"
0,2346,"independent"
0,2347,"independent"
0,2348,"independent"
2,2349,"independent"
0,2350,"independent"
0,2351,"independent"
2,2352,"independent"
0,2353,"independent"
2,2354,"independent"
0,2355,"independent"
0,2356,"independent"
0,2357,"independent"
2,2358,"independent"
2,2359,"independent"
0,2360,"independent"
2,2361,"independent"
2,2362,"independent"
2,2363,"independent"
4,2364,"independent"
2,2365,"independent"
2,2366,"independent"
0,2367,"independent"
0,2368,"independent"
2,2369,"independent"
2,2370,"independent"
2,2371,"independent"
0,2372,"independent"
2,2373,"independent"
2,2374,"independent"
2,2375,"independent"
2,2376,"independent"
2,2377,"independent"
0,2378,"independent"
0,2379,"independent"
2,2380,"independent"
0,2381,"independent"
0,2382,"independent"
2,2383,"independent"
2,2384,"independent"
2,2385,"independent"
0,2386,"independent"
2,2387,"independent"
2,2388,"independent"
4,2389,"independent"
0,2390,"independent"
0,2391,"independent"
2,2392,"independent"
0,2393,"independent"
0,2394,"independent"
2,2395,"independent"
2,2396,"independent"
0,2397,"independent"
0,2398,"independent"
2,2399,"independent"
2,2400,"independent"
0,2401,"independent"
0,2402,"independent"
2,2403,"independent"
0,2404,"independent"
2,2405,"independent"
2,2406,"independent"
2,2407,"independent"
0,2408,"independent"
0,2409,"independent"
0,2410,"independent"
2,2411,"independent"
2,2412,"independent"
0,2413,"independent"
0,2414,"independent"
2,2415,"independent"
0,2416,"independent"
2,2417,"independent"
0,2418,"independent"
2,2419,"independent"
2,2420,"independent"
2,2421,"independent"
2,2422,"independent"
0,2423,"independent"
0,2424,"independent"
0,2425,"independent"
2,2426,"independent"
2,2427,"independent"
0,2428,"independent"
2,2429,"independent"
2,2430,"independent"
2,2431,"independent"
0,2432,"independent"
0,2433,"independent"
2,2434,"independent"
0,2435,"independent"
0,2436,"independent"
2,2437,"independent"
2,2438,"independent"
2,2439,"independent"
2,2440,"independent"
0,2441,"independent"
2,2442,"independent"
0,2443,"independent"
0,2444,"independent"
2,2445,"independent"
0,2446,"independent"
0,2447,"independent"
2,2448,"independent"
2,2449,"independent"
0,2450,"independent"
0,2451,"independent"
2,2452,"independent"
0,2453,"independent"
0,2454,"independent"
2,2455,"independent"
2,2456,"independent"
2,2457,"independent"
0,2458,"independent"
0,2459,"independent"
2,2460,"independent"
2,2461,"independent"
0,2462,"independent"
2,2463,"independent"
0,2464,"independent"
2,2465,"independent"
0,2466,"independent"
2,2467,"independent"
0,2468,"independent"
2,2469,"independent"
2,2470,"independent"
0,2471,"independent"
2,2472,"independent"
2,2473,"independent"
2,2474,"independent"
2,2475,"independent"
2,2476,"independent"
2,2477,"independent"
2,2478,"independent"
2,2479,"independent"
2,2480,"independent"
2,2481,"independent"
2,2482,"independent"
0,2483,"independent"
0,2484,"independent"
0,2485,"independent"
2,2486,"independent"
2,2487,"independent"
0,2488,"independent"
2,2489,"independent"
2,2490,"independent"
0,2491,"independent"
0,2492,"independent"
2,2493,"independent"
2,2494,"independent"
2,2495,"independent"
2,2496,"independent"
0,2497,"independent"
2,2498,"independent"
2,2499,"independent"
2,2500,"independent"
2,2501,"independent"
0,2502,"independent"
2,2503,"independent"
0,2504,"independent"
2,2505,"independent"
2,2506,"independent"
2,2507,"independent"
0,2508,"independent"
2,2509,"independent"
2,2510,"independent"
0,2511,"independent"
0,2512,"independent"
2,2513,"independent"
2,2514,"independent"
0,2515,"independent"
2,2516,"independent"
0,2517,"independent"
2,2518,"independent"
0,2519,"independent"
0,2520,"independent"
0,2521,"independent"
2,2522,"independent"
0,2523,"independent"
0,2524,"independent"
0,2525,"independent"
2,2526,"independent"
2,2527,"independent"
2,2528,"independent"
2,2529,"independent"
2,2530,"independent"
0,2531,"independent"
0,2532,"independent"
0,2533,"independent"
0,2534,"independent"
2,2535,"independent"
2,2536,"independent"
0,2537,"independent"
2,2538,"independent"
2,2539,"independent"
0,2540,"independent"
2,2541,"independent"
2,2542,"independent"
2,2543,"independent"
2,2544,"independent"
2,2545,"independent"
2,2546,"independent"
0,2547,"independent"
2,2548,"independent"
0,2549,"independent"
2,2550,"independent"
2,2551,"independent"
0,2552,"independent"
2,2553,"independent"
0,2554,"independent"
2,2555,"independent"
0,2556,"independent"
2,2557,"independent"
0,2558,"independent"
0,2559,"independent"
2,2560,"independent"
2,2561,"independent"
2,2562,"independent"
2,2563,"independent"
0,2564,"independent"
0,2565,"independent"
2,2566,"independent"
2,2567,"independent"
2,2568,"independent"
0,2569,"independent"
2,2570,"independent"
2,2571,"independent"
0,2572,"independent"
2,2573,"independent"
2,2574,"independent"
2,2575,"independent"
2,2576,"independent"
2,2577,"independent"
2,2578,"independent"
2,2579,"independent"
0,2580,"independent"
2,2581,"independent"
2,2582,"independent"
0,2583,"independent"
2,2584,"independent"
2,2585,"independent"
2,2586,"independent"
2,2587,"independent"
0,2588,"independent"
2,2589,"independent"
2,2590,"independent"
2,2591,"independent"
0,2592,"independent"
2,2593,"independent"
2,2594,"independent"
2,2595,"independent"
2,2596,"independent"
0,2597,"independent"
2,2598,"independent"
0,2599,"independent"
2,2600,"independent"
0,2601,"independent"
2,2602,"independent"
2,2603,"independent"
2,2604,"independent"
2,2605,"independent"
0,2606,"independent"
0,2607,"independent"
2,2608,"independent"
0,2609,"independent"
2,2610,"independent"
0,2611,"independent"
2,2612,"independent"
2,2613,"independent"
2,2614,"independent"
0,2615,"independent"
0,2616,"independent"
0,2617,"independent"
0,2618,"independent"
2,2619,"independent"
2,2620,"independent"
2,2621,"independent"
2,2622,"independent"
2,2623,"independent"
2,2624,"independent"
0,2625,"independent"
2,2626,"independent"
0,2627,"independent"
2,2628,"independent"
2,2629,"independent"
0,2630,"independent"
2,2631,"independent"
2,2632,"independent"
2,2633,"independent"
2,2634,"independent"
0,2635,"independent"
2,2636,"independent"
2,2637,"independent"
2,2638,"independent"
2,2639,"independent"
2,2640,"independent"
0,2641,"independent"
2,2642,"independent"
2,2643,"independent"
2,2644,"independent"
2,2645,"independent"
2,2646,"independent"
0,2647,"independent"
0,2648,"independent"
2,2649,"independent"
2,2650,"independent"
2,2651,"independent"
2,2652,"independent"
2,2653,"independent"
2,2654,"independent"
2,2655,"independent"
2,2656,"independent"
0,2657,"independent"
4,2658,"independent"
0,2659,"independent"
0,2660,"independent"
0,2661,"independent"
2,2662,"independent"
2,2663,"independent"
0,2664,"independent"
0,2665,"independent"
2,2666,"independent"
0,2667,"independent"
0,2668,"independent"
2,2669,"independent"
0,2670,"independent"
2,2671,"independent"
0,2672,"independent"
0,2673,"independent"
2,2674,"independent"
2,2675,"independent"
0,2676,"independent"
0,2677,"independent"
0,2678,"independent"
0,2679,"independent"
2,2680,"independent"
2,2681,"independent"
0,2682,"independent"
2,2683,"independent"
2,2684,"independent"
2,2685,"independent"
2,2686,"independent"
2,2687,"independent"
2,2688,"independent"
2,2689,"independent"
2,2690,"independent"
2,2691,"independent"
2,2692,"independent"
2,2693,"independent"
0,2694,"independent"
2,2695,"independent"
0,2696,"independent"
2,2697,"independent"
2,2698,"independent"
2,2699,"independent"
0,2700,"independent"
0,2701,"independent"
2,2702,"independent"
0,2703,"independent"
0,2704,"independent"
0,2705,"independent"
0,2706,"independent"
2,2707,"independent"
2,2708,"independent"
2,2709,"independent"
2,2710,"independent"
2,2711,"independent"
0,2712,"independent"
0,2713,"independent"
0,2714,"independent"
0,2715,"independent"
2,2716,"independent"
2,2717,"independent"
2,2718,"independent"
2,2719,"independent"
2,2720,"independent"
0,2721,"independent"
0,2722,"independent"
2,2723,"independent"
2,2724,"independent"
2,2725,"independent"
2,2726,"independent"
0,2727,"independent"
0,2728,"independent"
0,2729,"independent"
0,2730,"independent"
0,2731,"independent"
0,2732,"independent"
2,2733,"independent"
2,2734,"independent"
0,2735,"independent"
0,2736,"independent"
0,2737,"independent"
2,2738,"independent"
2,2739,"independent"
0,2740,"independent"
2,2741,"independent"
2,2742,"independent"
2,2743,"independent"
0,2744,"independent"
0,2745,"independent"
2,2746,"independent"
0,2747,"independent"
0,2748,"independent"
0,2749,"independent"
2,2750,"independent"
0,2751,"independent"
2,2752,"independent"
2,2753,"independent"
2,2754,"independent"
2,2755,"independent"
2,2756,"independent"
0,2757,"independent"
2,2758,"independent"
2,2759,"independent"
0,2760,"independent"
2,2761,"independent"
0,2762,"independent"
2,2763,"independent"
2,2764,"independent"
0,2765,"independent"
0,2766,"independent"
2,2767,"independent"
2,2768,"independent"
0,2769,"independent"
0,2770,"independent"
0,2771,"independent"
2,2772,"independent"
0,2773,"independent"
0,2774,"independent"
2,2775,"independent"
0,2776,"independent"
2,2777,"independent"
2,2778,"independent"
0,2779,"independent"
0,2780,"independent"
2,2781,"independent"
2,2782,"independent"
2,2783,"independent"
0,2784,"independent"
2,2785,"independent"
2,2786,"independent"
2,2787,"independent"
2,2788,"independent"
0,2789,"independent"
2,2790,"independent"
2,2791,"independent"
0,2792,"independent"
0,2793,"independent"
2,2794,"independent"
2,2795,"independent"
2,2796,"independent"
0,2797,"independent"
2,2798,"independent"
0,2799,"independent"
2,2800,"independent"
0,2801,"independent"
2,2802,"independent"
2,2803,"independent"
0,2804,"independent"
2,2805,"independent"
0,2806,"independent"
2,2807,"independent"
2,2808,"independent"
2,2809,"independent"
0,2810,"independent"
2,2811,"independent"
2,2812,"independent"
2,2813,"independent"
2,2814,"independent"
2,2815,"independent"
2,2816,"independent"
2,2817,"independent"
2,2818,"independent"
2,2819,"independent"
2,2820,"independent"
2,2821,"independent"
2,2822,"independent"
0,2823,"independent"
0,2824,"independent"
2,2825,"independent"
0,2826,"independent"
2,2827,"independent"
2,2828,"independent"
2,2829,"independent"
0,2830,"independent"
0,2831,"independent"
2,2832,"independent"
2,2833,"independent"
2,2834,"independent"
2,2835,"independent"
0,2836,"independent"
2,2837,"independent"
2,2838,"independent"
2,2839,"independent"
2,2840,"independent"
2,2841,"independent"
0,2842,"independent"
2,2843,"independent"
2,2844,"independent"
2,2845,"independent"
2,2846,"independent"
0,2847,"independent"
2,2848,"independent"
0,2849,"independent"
2,2850,"independent"
2,2851,"independent"
2,2852,"independent"
0,2853,"independent"
0,2854,"independent"
2,2855,"independent"
0,2856,"independent"
2,2857,"independent"
2,2858,"independent"
0,2859,"independent"
2,2860,"independent"
2,2861,"independent"
2,2862,"independent"
0,2863,"independent"
0,2864,"independent"
2,2865,"independent"
2,2866,"independent"
2,2867,"independent"
0,2868,"independent"
0,2869,"independent"
2,2870,"independent"
2,2871,"independent"
2,2872,"independent"
2,2873,"independent"
2,2874,"independent"
0,2875,"independent"
0,2876,"independent"
0,2877,"independent"
0,2878,"independent"
2,2879,"independent"
2,2880,"independent"
2,2881,"independent"
0,2882,"independent"
0,2883,"independent"
2,2884,"independent"
2,2885,"independent"
2,2886,"independent"
2,2887,"independent"
0,2888,"independent"
0,2889,"independent"
0,2890,"independent"
0,2891,"independent"
2,2892,"independent"
0,2893,"independent"
2,2894,"independent"
2,2895,"independent"
2,2896,"independent"
2,2897,"independent"
2,2898,"independent"
0,2899,"independent"
2,2900,"independent"
0,2901,"independent"
0,2902,"independent"
2,2903,"independent"
2,2904,"independent"
2,2905,"independent"
2,2906,"independent"
0,2907,"independent"
0,2908,"independent"
0,2909,"independent"
0,2910,"independent"
2,2911,"independent"
2,2912,"independent"
2,2913,"independent"
2,2914,"independent"
2,2915,"independent"
0,2916,"independent"
0,2917,"independent"
0,2918,"independent"
0,2919,"independent"
2,2920,"independent"
2,2921,"independent"
0,2922,"independent"
0,2923,"independent"
2,2924,"independent"
2,2925,"independent"
2,2926,"independent"
2,2927,"independent"
2,2928,"independent"
2,2929,"independent"
2,2930,"independent"
2,2931,"independent"
0,2932,"independent"
0,2933,"independent"
2,2934,"independent"
2,2935,"independent"
4,2936,"independent"
2,2937,"independent"
0,2938,"independent"
0,2939,"independent"
2,2940,"independent"
2,2941,"independent"
2,2942,"independent"
2,2943,"independent"
0,2944,"independent"
0,2945,"independent"
4,2946,"independent"
2,2947,"independent"
2,2948,"independent"
0,2949,"independent"
2,2950,"independent"
0,2951,"independent"
0,2952,"independent"
2,2953,"independent"
2,2954,"independent"
2,2955,"independent"
2,2956,"independent"
2,2957,"independent"
0,2958,"independent"
0,2959,"independent"
0,2960,"independent"
2,2961,"independent"
0,2962,"independent"
2,2963,"independent"
2,2964,"independent"
0,2965,"independent"
0,2966,"independent"
0,2967,"independent"
2,2968,"independent"
0,2969,"independent"
2,2970,"independent"
0,2971,"independent"
2,2972,"independent"
0,2973,"independent"
2,2974,"independent"
2,2975,"independent"
0,2976,"independent"
2,2977,"independent"
0,2978,"independent"
0,2979,"independent"
0,2980,"independent"
2,2981,"independent"
0,2982,"independent"
2,2983,"independent"
2,2984,"independent"
2,2985,"independent"
2,2986,"independent"
0,2987,"independent"
2,2988,"independent"
0,2989,"independent"
0,2990,"independent"
2,2991,"independent"
2,2992,"independent"
2,2993,"independent"
0,2994,"independent"
2,2995,"independent"
0,2996,"independent"
0,2997,"independent"
2,2998,"independent"
0,2999,"independent"
4,3000,"independent"
2,3001,"independent"
2,3002,"independent"
0,3003,"independent"
2,3004,"independent"
2,3005,"independent"
2,3006,"independent"
2,3007,"independent"
0,3008,"independent"
2,3009,"independent"
2,3010,"independent"
2,3011,"independent"
2,3012,"independent"
2,3013,"independent"
0,3014,"independent"
2,3015,"independent"
0,3016,"independent"
2,3017,"independent"
2,3018,"independent"
2,3019,"independent"
2,3020,"independent"
4,3021,"independent"
0,3022,"independent"
0,3023,"independent"
0,3024,"independent"
0,3025,"independent"
2,3026,"independent"
2,3027,"independent"
2,3028,"independent"
2,3029,"independent"
2,3030,"independent"
2,3031,"independent"
0,3032,"independent"
2,3033,"independent"
0,3034,"independent"
0,3035,"independent"
2,3036,"independent"
2,3037,"independent"
2,3038,"independent"
2,3039,"independent"
2,3040,"independent"
2,3041,"independent"
2,3042,"independent"
2,3043,"independent"
2,3044,"independent"
0,3045,"independent"
0,3046,"independent"
0,3047,"independent"
2,3048,"independent"
2,3049,"independent"
0,3050,"independent"
0,3051,"independent"
0,3052,"independent"
2,3053,"independent"
0,3054,"independent"
0,3055,"independent"
0,3056,"independent"
0,3057,"independent"
0,3058,"independent"
2,3059,"independent"
2,3060,"independent"
0,3061,"independent"
2,3062,"independent"
2,3063,"independent"
2,3064,"independent"
2,3065,"independent"
2,3066,"independent"
2,3067,"independent"
2,3068,"independent"
2,3069,"independent"
0,3070,"independent"
2,3071,"independent"
0,3072,"independent"
0,3073,"independent"
2,3074,"independent"
0,3075,"independent"
2,3076,"independent"
2,3077,"independent"
2,3078,"independent"
2,3079,"independent"
2,3080,"independent"
2,3081,"independent"
2,3082,"independent"
0,3083,"independent"
0,3084,"independent"
2,3085,"independent"
0,3086,"independent"
0,3087,"independent"
0,3088,"independent"
2,3089,"independent"
2,3090,"independent"
2,3091,"independent"
2,3092,"independent"
2,3093,"independent"
2,3094,"independent"
2,3095,"independent"
0,3096,"independent"
2,3097,"independent"
2,3098,"independent"
0,3099,"independent"
2,3100,"independent"
2,3101,"independent"
0,3102,"independent"
2,3103,"independent"
0,3104,"independent"
0,3105,"independent"
0,3106,"independent"
0,3107,"independent"
0,3108,"independent"
0,3109,"independent"
2,3110,"independent"
2,3111,"independent"
2,3112,"independent"
0,3113,"independent"
0,3114,"independent"
2,3115,"independent"
0,3116,"independent"
0,3117,"independent"
2,3118,"independent"
2,3119,"independent"
0,3120,"independent"
2,3121,"independent"
2,3122,"independent"
0,3123,"independent"
2,3124,"independent"
2,3125,"independent"
4,3126,"independent"
2,3127,"independent"
0,3128,"independent"
0,3129,"independent"
0,3130,"independent"
0,3131,"independent"
0,3132,"independent"
2,3133,"independent"
2,3134,"independent"
2,3135,"independent"
0,3136,"independent"
2,3137,"independent"
0,3138,"independent"
2,3139,"independent"
0,3140,"independent"
2,3141,"independent"
2,3142,"independent"
2,3143,"independent"
0,3144,"independent"
0,3145,"independent"
0,3146,"independent"
0,3147,"independent"
2,3148,"independent"
2,3149,"independent"
2,3150,"independent"
0,3151,"independent"
2,3152,"independent"
2,3153,"independent"
2,3154,"independent"
2,3155,"independent"
2,3156,"independent"
2,3157,"independent"
2,3158,"independent"
0,3159,"independent"
0,3160,"independent"
2,3161,"independent"
2,3162,"independent"
0,3163,"independent"
2,3164,"independent"
2,3165,"independent"
2,3166,"independent"
2,3167,"independent"
2,3168,"independent"
0,3169,"independent"
2,3170,"independent"
2,3171,"independent"
2,3172,"independent"
2,3173,"independent"
2,3174,"independent"
2,3175,"independent"
0,3176,"independent"
2,3177,"independent"
0,3178,"independent"
0,3179,"independent"
0,3180,"independent"
0,3181,"independent"
0,3182,"independent"
0,3183,"independent"
0,3184,"independent"
2,3185,"independent"
0,3186,"independent"
2,3187,"independent"
2,3188,"independent"
0,3189,"independent"
0,3190,"independent"
0,3191,"independent"
2,3192,"independent"
2,3193,"independent"
2,3194,"independent"
0,3195,"independent"
0,3196,"independent"
2,3197,"independent"
2,3198,"independent"
2,3199,"independent"
0,3200,"independent"
2,3201,"independent"
2,3202,"independent"
2,3203,"independent"
2,3204,"independent"
2,3205,"independent"
2,3206,"independent"
2,3207,"independent"
2,3208,"independent"
2,3209,"independent"
2,3210,"independent"
2,3211,"independent"
0,3212,"independent"
2,3213,"independent"
2,3214,"independent"
2,3215,"independent"
0,3216,"independent"
0,3217,"independent"
2,3218,"independent"
0,3219,"independent"
2,3220,"independent"
4,3221,"independent"
2,3222,"independent"
0,3223,"independent"
0,3224,"independent"
0,3225,"independent"
2,3226,"independent"
0,3227,"independent"
0,3228,"independent"
2,3229,"independent"
0,3230,"independent"
2,3231,"independent"
2,3232,"independent"
0,3233,"independent"
2,3234,"independent"
2,3235,"independent"
2,3236,"independent"
0,3237,"independent"
2,3238,"independent"
0,3239,"independent"
0,3240,"independent"
2,3241,"independent"
2,3242,"independent"
2,3243,"independent"
0,3244,"independent"
2,3245,"independent"
2,3246,"independent"
2,3247,"independent"
2,3248,"independent"
2,3249,"independent"
2,3250,"independent"
2,3251,"independent"
2,3252,"independent"
2,3253,"independent"
2,3254,"independent"
2,3255,"independent"
2,3256,"independent"
2,3257,"independent"
2,3258,"independent"
2,3259,"independent"
0,3260,"independent"
0,3261,"independent"
2,3262,"independent"
0,3263,"independent"
2,3264,"independent"
0,3265,"independent"
0,3266,"independent"
2,3267,"independent"
0,3268,"independent"
0,3269,"independent"
2,3270,"independent"
0,3271,"independent"
2,3272,"independent"
2,3273,"independent"
2,3274,"independent"
2,3275,"independent"
0,3276,"independent"
2,3277,"independent"
0,3278,"independent"
2,3279,"independent"
0,3280,"independent"
0,3281,"independent"
2,3282,"independent"
2,3283,"independent"
2,3284,"independent"
0,3285,"independent"
2,3286,"independent"
2,3287,"independent"
2,3288,"independent"
4,3289,"independent"
0,3290,"independent"
0,3291,"independent"
2,3292,"independent"
2,3293,"independent"
0,3294,"independent"
2,3295,"independent"
0,3296,"independent"
0,3297,"independent"
2,3298,"independent"
2,3299,"independent"
2,3300,"independent"
0,3301,"independent"
2,3302,"independent"
0,3303,"independent"
0,3304,"independent"
2,3305,"independent"
2,3306,"independent"
2,3307,"independent"
2,3308,"independent"
2,3309,"independent"
2,3310,"independent"
0,3311,"independent"
2,3312,"independent"
0,3313,"independent"
2,3314,"independent"
0,3315,"independent"
2,3316,"independent"
2,3317,"independent"
2,3318,"independent"
0,3319,"independent"
2,3320,"independent"
2,3321,"independent"
2,3322,"independent"
2,3323,"independent"
2,3324,"independent"
2,3325,"independent"
0,3326,"independent"
4,3327,"independent"
2,3328,"independent"
0,3329,"independent"
0,3330,"independent"
2,3331,"independent"
2,3332,"independent"
0,3333,"independent"
0,3334,"independent"
2,3335,"independent"
0,3336,"independent"
2,3337,"independent"
0,3338,"independent"
2,3339,"independent"
0,3340,"independent"
2,3341,"independent"
0,3342,"independent"
2,3343,"independent"
0,3344,"independent"
2,3345,"independent"
2,3346,"independent"
2,3347,"independent"
0,3348,"independent"
0,3349,"independent"
0,3350,"independent"
0,3351,"independent"
2,3352,"independent"
2,3353,"independent"
0,3354,"independent"
0,3355,"independent"
2,3356,"independent"
0,3357,"independent"
0,3358,"independent"
2,3359,"independent"
0,3360,"independent"
0,3361,"independent"
2,3362,"independent"
2,3363,"independent"
0,3364,"independent"
2,3365,"independent"
0,3366,"independent"
0,3367,"independent"
2,3368,"independent"
0,3369,"independent"
2,3370,"independent"
2,3371,"independent"
2,3372,"independent"
2,3373,"independent"
2,3374,"independent"
0,3375,"independent"
2,3376,"independent"
2,3377,"independent"
2,3378,"independent"
0,3379,"independent"
2,3380,"independent"
4,3381,"independent"
0,3382,"independent"
2,3383,"independent"
0,3384,"independent"
0,3385,"independent"
2,3386,"independent"
4,3387,"independent"
2,3388,"independent"
0,3389,"independent"
0,3390,"independent"
2,3391,"independent"
2,3392,"independent"
0,3393,"independent"
2,3394,"independent"
2,3395,"independent"
2,3396,"independent"
2,3397,"independent"
0,3398,"independent"
2,3399,"independent"
2,3400,"independent"
2,3401,"independent"
2,3402,"independent"
2,3403,"independent"
0,3404,"independent"
0,3405,"independent"
2,3406,"independent"
2,3407,"independent"
2,3408,"independent"
2,3409,"independent"
2,3410,"independent"
2,3411,"independent"
0,3412,"independent"
4,3413,"independent"
2,3414,"independent"
0,3415,"independent"
2,3416,"independent"
0,3417,"independent"
2,3418,"independent"
2,3419,"independent"
2,3420,"independent"
0,3421,"independent"
0,3422,"independent"
0,3423,"independent"
0,3424,"independent"
2,3425,"independent"
0,3426,"independent"
2,3427,"independent"
0,3428,"independent"
2,3429,"independent"
2,3430,"independent"
2,3431,"independent"
0,3432,"independent"
2,3433,"independent"
0,3434,"independent"
2,3435,"independent"
2,3436,"independent"
2,3437,"independent"
0,3438,"independent"
2,3439,"independent"
2,3440,"independent"
2,3441,"independent"
2,3442,"independent"
2,3443,"independent"
2,3444,"independent"
2,3445,"independent"
0,3446,"independent"
0,3447,"independent"
2,3448,"independent"
0,3449,"independent"
0,3450,"independent"
2,3451,"independent"
2,3452,"independent"
2,3453,"independent"
2,3454,"independent"
2,3455,"independent"
0,3456,"independent"
2,3457,"independent"
2,3458,"independent"
0,3459,"independent"
0,3460,"independent"
2,3461,"independent"
2,3462,"independent"
0,3463,"independent"
0,3464,"independent"
0,3465,"independent"
2,3466,"independent"
2,3467,"independent"
0,3468,"independent"
2,3469,"independent"
0,3470,"independent"
2,3471,"independent"
2,3472,"independent"
0,3473,"independent"
2,3474,"independent"
2,3475,"independent"
0,3476,"independent"
2,3477,"independent"
0,3478,"independent"
2,3479,"independent"
2,3480,"independent"
0,3481,"independent"
2,3482,"independent"
2,3483,"independent"
2,3484,"independent"
2,3485,"independent"
2,3486,"independent"
2,3487,"independent"
0,3488,"independent"
2,3489,"independent"
2,3490,"independent"
2,3491,"independent"
2,3492,"independent"
2,3493,"independent"
2,3494,"independent"
2,3495,"independent"
0,3496,"independent"
0,3497,"independent"
2,3498,"independent"
0,3499,"independent"
0,3500,"independent"
2,3501,"independent"
2,3502,"independent"
0,3503,"independent"
4,3504,"independent"
2,3505,"independent"
0,3506,"independent"
2,3507,"independent"
0,3508,"independent"
0,3509,"independent"
2,3510,"independent"
0,3511,"independent"
2,3512,"independent"
0,3513,"independent"
2,3514,"independent"
2,3515,"independent"
2,3516,"independent"
0,3517,"independent"
2,3518,"independent"
0,3519,"independent"
2,3520,"independent"
0,3521,"independent"
2,3522,"independent"
2,3523,"independent"
2,3524,"independent"
0,3525,"independent"
0,3526,"independent"
2,3527,"independent"
0,3528,"independent"
2,3529,"independent"
2,3530,"independent"
2,3531,"independent"
0,3532,"independent"
2,3533,"independent"
2,3534,"independent"
0,3535,"independent"
2,3536,"independent"
0,3537,"independent"
0,3538,"independent"
2,3539,"independent"
2,3540,"independent"
0,3541,"independent"
2,3542,"independent"
0,3543,"independent"
0,3544,"independent"
4,3545,"independent"
0,3546,"independent"
2,3547,"independent"
2,3548,"independent"
2,3549,"independent"
2,3550,"independent"
2,3551,"independent"
2,3552,"independent"
2,3553,"independent"
0,3554,"independent"
2,3555,"independent"
2,3556,"independent"
2,3557,"independent"
2,3558,"independent"
2,3559,"independent"
2,3560,"independent"
2,3561,"independent"
0,3562,"independent"
4,3563,"independent"
0,3564,"independent"
0,3565,"independent"
0,3566,"independent"
0,3567,"independent"
0,3568,"independent"
0,3569,"independent"
2,3570,"independent"
2,3571,"independent"
2,3572,"independent"
0,3573,"independent"
2,3574,"independent"
2,3575,"independent"
2,3576,"independent"
2,3577,"independent"
0,3578,"independent"
4,3579,"independent"
2,3580,"independent"
2,3581,"independent"
0,3582,"independent"
2,3583,"independent"
2,3584,"independent"
0,3585,"independent"
2,3586,"independent"
2,3587,"independent"
2,3588,"independent"
2,3589,"independent"
0,3590,"independent"
0,3591,"independent"
2,3592,"independent"
2,3593,"independent"
0,3594,"independent"
0,3595,"independent"
2,3596,"independent"
0,3597,"independent"
0,3598,"independent"
2,3599,"independent"
0,3600,"independent"
2,3601,"independent"
2,3602,"independent"
0,3603,"independent"
2,3604,"independent"
2,3605,"independent"
2,3606,"independent"
2,3607,"independent"
2,3608,"independent"
2,3609,"independent"
2,3610,"independent"
0,3611,"independent"
0,3612,"independent"
2,3613,"independent"
2,3614,"independent"
2,3615,"independent"
2,3616,"independent"
2,3617,"independent"
2,3618,"independent"
2,3619,"independent"
2,3620,"independent"
0,3621,"independent"
2,3622,"independent"
2,3623,"independent"
2,3624,"independent"
2,3625,"independent"
0,3626,"independent"
0,3627,"independent"
2,3628,"independent"
2,3629,"independent"
2,3630,"independent"
2,3631,"independent"
2,3632,"independent"
2,3633,"independent"
2,3634,"independent"
2,3635,"independent"
0,3636,"independent"
2,3637,"independent"
2,3638,"independent"
0,3639,"independent"
2,3640,"independent"
0,3641,"independent"
0,3642,"independent"
2,3643,"independent"
2,3644,"independent"
2,3645,"independent"
2,3646,"independent"
0,3647,"independent"
4,3648,"independent"
0,3649,"independent"
0,3650,"independent"
0,3651,"independent"
0,3652,"independent"
2,3653,"independent"
2,3654,"independent"
2,3655,"independent"
2,3656,"independent"
2,3657,"independent"
2,3658,"independent"
0,3659,"independent"
2,3660,"independent"
2,3661,"independent"
2,3662,"independent"
0,3663,"independent"
2,3664,"independent"
0,3665,"independent"
0,3666,"independent"
0,3667,"independent"
2,3668,"independent"
0,3669,"independent"
2,3670,"independent"
0,3671,"independent"
4,3672,"independent"
2,3673,"independent"
2,3674,"independent"
0,3675,"independent"
0,3676,"independent"
0,3677,"independent"
0,3678,"independent"
2,3679,"independent"
2,3680,"independent"
2,3681,"independent"
0,3682,"independent"
0,3683,"independent"
2,3684,"independent"
2,3685,"independent"
0,3686,"independent"
0,3687,"independent"
2,3688,"independent"
0,3689,"independent"
0,3690,"independent"
2,3691,"independent"
0,3692,"independent"
0,3693,"independent"
2,3694,"independent"
2,3695,"independent"
0,3696,"independent"
0,3697,"independent"
2,3698,"independent"
2,3699,"independent"
2,3700,"independent"
0,3701,"independent"
2,3702,"independent"
0,3703,"independent"
0,3704,"independent"
2,3705,"independent"
0,3706,"independent"
2,3707,"independent"
2,3708,"independent"
2,3709,"independent"
0,3710,"independent"
2,3711,"independent"
2,3712,"independent"
0,3713,"independent"
2,3714,"independent"
2,3715,"independent"
2,3716,"independent"
2,3717,"independent"
0,3718,"independent"
0,3719,"independent"
0,3720,"independent"
0,3721,"independent"
0,3722,"independent"
2,3723,"independent"
2,3724,"independent"
2,3725,"independent"
2,3726,"independent"
0,3727,"independent"
0,3728,"independent"
2,3729,"independent"
0,3730,"independent"
2,3731,"independent"
0,3732,"independent"
2,3733,"independent"
2,3734,"independent"
2,3735,"independent"
2,3736,"independent"
2,3737,"independent"
0,3738,"independent"
2,3739,"independent"
0,3740,"independent"
2,3741,"independent"
0,3742,"independent"
2,3743,"independent"
0,3744,"independent"
0,3745,"independent"
2,3746,"independent"
0,3747,"independent"
2,3748,"independent"
2,3749,"independent"
0,3750,"independent"
2,3751,"independent"
2,3752,"independent"
2,3753,"independent"
2,3754,"independent"
2,3755,"independent"
0,3756,"independent"
0,3757,"independent"
0,3758,"independent"
2,3759,"independent"
2,3760,"independent"
0,3761,"independent"
2,3762,"independent"
0,3763,"independent"
0,3764,"independent"
0,3765,"independent"
0,3766,"independent"
0,3767,"independent"
2,3768,"independent"
2,3769,"independent"
2,3770,"independent"
2,3771,"independent"
2,3772,"independent"
0,3773,"independent"
2,3774,"independent"
2,3775,"independent"
0,3776,"independent"
0,3777,"independent"
2,3778,"independent"
0,3779,"independent"
0,3780,"independent"
0,3781,"independent"
2,3782,"independent"
0,3783,"independent"
0,3784,"independent"
2,3785,"independent"
2,3786,"independent"
0,3787,"independent"
2,3788,"independent"
0,3789,"independent"
2,3790,"independent"
4,3791,"independent"
2,3792,"independent"
2,3793,"independent"
2,3794,"independent"
0,3795,"independent"
2,3796,"independent"
2,3797,"independent"
0,3798,"independent"
0,3799,"independent"
2,3800,"independent"
2,3801,"independent"
2,3802,"independent"
2,3803,"independent"
0,3804,"independent"
2,3805,"independent"
2,3806,"independent"
0,3807,"independent"
0,3808,"independent"
2,3809,"independent"
0,3810,"independent"
2,3811,"independent"
0,3812,"independent"
0,3813,"independent"
0,3814,"independent"
0,3815,"independent"
0,3816,"independent"
2,3817,"independent"
0,3818,"independent"
0,3819,"independent"
2,3820,"independent"
2,3821,"independent"
0,3822,"independent"
4,3823,"independent"
0,3824,"independent"
2,3825,"independent"
0,3826,"independent"
2,3827,"independent"
2,3828,"independent"
0,3829,"independent"
0,3830,"independent"
0,3831,"independent"
0,3832,"independent"
2,3833,"independent"
2,3834,"independent"
0,3835,"independent"
2,3836,"independent"
2,3837,"independent"
2,3838,"independent"
2,3839,"independent"
0,3840,"independent"
2,3841,"independent"
0,3842,"independent"
0,3843,"independent"
2,3844,"independent"
2,3845,"independent"
0,3846,"independent"
2,3847,"independent"
0,3848,"independent"
2,3849,"independent"
0,3850,"independent"
2,3851,"independent"
2,3852,"independent"
2,3853,"independent"
0,3854,"independent"
2,3855,"independent"
0,3856,"independent"
2,3857,"independent"
2,3858,"independent"
2,3859,"independent"
2,3860,"independent"
0,3861,"independent"
2,3862,"independent"
0,3863,"independent"
2,3864,"independent"
2,3865,"independent"
2,3866,"independent"
0,3867,"independent"
0,3868,"independent"
2,3869,"independent"
0,3870,"independent"
0,3871,"independent"
2,3872,"independent"
2,3873,"independent"
2,3874,"independent"
0,3875,"independent"
0,3876,"independent"
0,3877,"independent"
2,3878,"independent"
0,3879,"independent"
0,3880,"independent"
2,3881,"independent"
2,3882,"independent"
2,3883,"independent"
2,3884,"independent"
2,3885,"independent"
2,3886,"independent"
2,3887,"independent"
0,3888,"independent"
2,3889,"independent"
2,3890,"independent"
2,3891,"independent"
0,3892,"independent"
0,3893,"independent"
2,3894,"independent"
2,3895,"independent"
2,3896,"independent"
0,3897,"independent"
2,3898,"independent"
2,3899,"independent"
2,3900,"independent"
0,3901,"independent"
0,3902,"independent"
2,3903,"independent"
2,3904,"independent"
0,3905,"independent"
2,3906,"independent"
2,3907,"independent"
0,3908,"independent"
2,3909,"independent"
0,3910,"independent"
0,3911,"independent"
2,3912,"independent"
0,3913,"independent"
2,3914,"independent"
2,3915,"independent"
2,3916,"independent"
2,3917,"independent"
0,3918,"independent"
0,3919,"independent"
0,3920,"independent"
2,3921,"independent"
2,3922,"independent"
0,3923,"independent"
2,3924,"independent"
2,3925,"independent"
2,3926,"independent"
0,3927,"independent"
0,3928,"independent"
0,3929,"independent"
2,3930,"independent"
2,3931,"independent"
2,3932,"independent"
0,3933,"independent"
2,3934,"independent"
2,3935,"independent"
0,3936,"independent"
2,3937,"independent"
0,3938,"independent"
0,3939,"independent"
2,3940,"independent"
0,3941,"independent"
2,3942,"independent"
2,3943,"independent"
2,3944,"independent"
0,3945,"independent"
2,3946,"independent"
0,3947,"independent"
2,3948,"independent"
0,3949,"independent"
2,3950,"independent"
0,3951,"independent"
2,3952,"independent"
0,3953,"independent"
2,3954,"independent"
0,3955,"independent"
2,3956,"independent"
2,3957,"independent"
0,3958,"independent"
0,3959,"independent"
0,3960,"independent"
0,3961,"independent"
2,3962,"independent"
2,3963,"independent"
2,3964,"independent"
2,3965,"independent"
0,3966,"independent"
2,3967,"independent"
2,3968,"independent"
2,3969,"independent"
2,3970,"independent"
0,3971,"independent"
0,3972,"independent"
2,3973,"independent"
0,3974,"independent"
2,3975,"independent"
2,3976,"independent"
0,3977,"independent"
2,3978,"independent"
0,3979,"independent"
2,3980,"independent"
0,3981,"independent"
4,3982,"independent"
2,3983,"independent"
0,3984,"independent"
2,3985,"independent"
0,3986,"independent"
2,3987,"independent"
2,3988,"independent"
0,3989,"independent"
0,3990,"independent"
2,3991,"independent"
2,3992,"independent"
2,3993,"independent"
0,3994,"independent"
2,3995,"independent"
2,3996,"independent"
0,3997,"independent"
2,3998,"independent"
0,3999,"independent"
2,4000,"independent"
2,4001,"independent"
2,4002,"independent"
2,4003,"independent"
0,4004,"independent"
2,4005,"independent"
2,4006,"independent"
0,4007,"independent"
2,4008,"independent"
2,4009,"independent"
0,4010,"independent"
2,4011,"independent"
2,4012,"independent"
2,4013,"independent"
0,4014,"independent"
2,4015,"independent"
2,4016,"independent"
2,4017,"independent"
2,4018,"independent"
2,4019,"independent"
0,4020,"independent"
2,4021,"independent"
2,4022,"independent"
0,4023,"independent"
0,4024,"independent"
0,4025,"independent"
2,4026,"independent"
2,4027,"independent"
0,4028,"independent"
0,4029,"independent"
2,4030,"independent"
2,4031,"independent"
0,4032,"independent"
0,4033,"independent"
2,4034,"independent"
2,4035,"independent"
2,4036,"independent"
0,4037,"independent"
0,4038,"independent"
2,4039,"independent"
2,4040,"independent"
2,4041,"independent"
0,4042,"independent"
0,4043,"independent"
0,4044,"independent"
0,4045,"independent"
0,4046,"independent"
0,4047,"independent"
0,4048,"independent"
0,4049,"independent"
2,4050,"independent"
2,4051,"independent"
2,4052,"independent"
0,4053,"independent"
2,4054,"independent"
0,4055,"independent"
0,4056,"independent"
0,4057,"independent"
2,4058,"independent"
0,4059,"independent"
2,4060,"independent"
2,4061,"independent"
2,4062,"independent"
0,4063,"independent"
2,4064,"independent"
2,4065,"independent"
2,4066,"independent"
0,4067,"independent"
0,4068,"independent"
0,4069,"independent"
2,4070,"independent"
2,4071,"independent"
2,4072,"independent"
2,4073,"independent"
2,4074,"independent"
0,4075,"independent"
0,4076,"independent"
0,4077,"independent"
2,4078,"independent"
0,4079,"independent"
0,4080,"independent"
0,4081,"independent"
2,4082,"independent"
2,4083,"independent"
2,4084,"independent"
2,4085,"independent"
2,4086,"independent"
2,4087,"independent"
2,4088,"independent"
2,4089,"independent"
0,4090,"independent"
2,4091,"independent"
2,4092,"independent"
2,4093,"independent"
2,4094,"independent"
0,4095,"independent"
2,4096,"independent"
2,4097,"independent"
2,4098,"independent"
0,4099,"independent"
2,4100,"independent"
0,4101,"independent"
0,4102,"independent"
2,4103,"independent"
2,4104,"independent"
2,4105,"independent"
0,4106,"independent"
0,4107,"independent"
2,4108,"independent"
2,4109,"independent"
2,4110,"independent"
2,4111,"independent"
2,4112,"independent"
2,4113,"independent"
2,4114,"independent"
2,4115,"independent"
2,4116,"independent"
0,4117,"independent"
2,4118,"independent"
2,4119,"independent"
2,4120,"independent"
0,4121,"independent"
0,4122,"independent"
2,4123,"independent"
2,4124,"independent"
2,4125,"independent"
2,4126,"independent"
2,4127,"independent"
2,4128,"independent"
2,4129,"independent"
2,4130,"independent"
2,4131,"independent"
2,4132,"independent"
0,4133,"independent"
0,4134,"independent"
2,4135,"independent"
0,4136,"independent"
0,4137,"independent"
0,4138,"independent"
2,4139,"independent"
2,4140,"independent"
0,4141,"independent"
2,4142,"independent"
0,4143,"independent"
0,4144,"independent"
0,4145,"independent"
2,4146,"independent"
0,4147,"independent"
0,4148,"independent"
2,4149,"independent"
0,4150,"independent"
2,4151,"independent"
2,4152,"independent"
2,4153,"independent"
2,4154,"independent"
0,4155,"independent"
0,4156,"independent"
0,4157,"independent"
2,4158,"independent"
2,4159,"independent"
0,4160,"independent"
2,4161,"independent"
0,4162,"independent"
2,4163,"independent"
0,4164,"independent"
2,4165,"independent"
0,4166,"independent"
2,4167,"independent"
4,4168,"independent"
2,4169,"independent"
0,4170,"independent"
0,4171,"independent"
2,4172,"independent"
0,4173,"independent"
2,4174,"independent"
2,4175,"independent"
2,4176,"independent"
2,4177,"independent"
0,4178,"independent"
2,4179,"independent"
0,4180,"independent"
0,4181,"independent"
2,4182,"independent"
2,4183,"independent"
0,4184,"independent"
2,4185,"independent"
2,4186,"independent"
0,4187,"independent"
2,4188,"independent"
0,4189,"independent"
0,4190,"independent"
2,4191,"independent"
2,4192,"independent"
2,4193,"independent"
2,4194,"independent"
2,4195,"independent"
2,4196,"independent"
2,4197,"independent"
2,4198,"independent"
2,4199,"independent"
2,4200,"independent"
2,4201,"independent"
2,4202,"independent"
0,4203,"independent"
2,4204,"independent"
2,4205,"independent"
2,4206,"independent"
2,4207,"independent"
2,4208,"independent"
2,4209,"independent"
0,4210,"independent"
2,4211,"independent"
2,4212,"independent"
0,4213,"independent"
0,4214,"independent"
0,4215,"independent"
0,4216,"independent"
0,4217,"independent"
0,4218,"independent"
2,4219,"independent"
0,4220,"independent"
2,4221,"independent"
2,4222,"independent"
0,4223,"independent"
2,4224,"independent"
0,4225,"independent"
0,4226,"independent"
2,4227,"independent"
2,4228,"independent"
0,4229,"independent"
2,4230,"independent"
0,4231,"independent"
0,4232,"independent"
0,4233,"independent"
2,4234,"independent"
0,4235,"independent"
0,4236,"independent"
0,4237,"independent"
2,4238,"independent"
2,4239,"independent"
0,4240,"independent"
2,4241,"independent"
2,4242,"independent"
2,4243,"independent"
0,4244,"independent"
2,4245,"independent"
2,4246,"independent"
2,4247,"independent"
0,4248,"independent"
2,4249,"independent"
0,4250,"independent"
0,4251,"independent"
2,4252,"independent"
2,4253,"independent"
0,4254,"independent"
0,4255,"independent"
2,4256,"independent"
0,4257,"independent"
2,4258,"independent"
0,4259,"independent"
0,4260,"independent"
0,4261,"independent"
0,4262,"independent"
2,4263,"independent"
0,4264,"independent"
0,4265,"independent"
2,4266,"independent"
2,4267,"independent"
0,4268,"independent"
2,4269,"independent"
2,4270,"independent"
0,4271,"independent"
0,4272,"independent"
2,4273,"independent"
0,4274,"independent"
2,4275,"independent"
2,4276,"independent"
0,4277,"independent"
2,4278,"independent"
2,4279,"independent"
0,4280,"independent"
2,4281,"independent"
0,4282,"independent"
0,4283,"independent"
0,4284,"independent"
4,4285,"independent"
2,4286,"independent"
2,4287,"independent"
0,4288,"independent"
0,4289,"independent"
4,4290,"independent"
0,4291,"independent"
0,4292,"independent"
2,4293,"independent"
0,4294,"independent"
2,4295,"independent"
0,4296,"independent"
2,4297,"independent"
2,4298,"independent"
2,4299,"independent"
2,4300,"independent"
0,4301,"independent"
0,4302,"independent"
2,4303,"independent"
4,4304,"independent"
0,4305,"independent"
2,4306,"independent"
2,4307,"independent"
2,4308,"independent"
4,4309,"independent"
2,4310,"independent"
0,4311,"independent"
2,4312,"independent"
2,4313,"independent"
2,4314,"independent"
2,4315,"independent"
0,4316,"independent"
0,4317,"independent"
0,4318,"independent"
0,4319,"independent"
2,4320,"independent"
2,4321,"independent"
0,4322,"independent"
0,4323,"independent"
0,4324,"independent"
2,4325,"independent"
0,4326,"independent"
0,4327,"independent"
2,4328,"independent"
0,4329,"independent"
2,4330,"independent"
2,4331,"independent"
0,4332,"independent"
0,4333,"independent"
2,4334,"independent"
2,4335,"independent"
0,4336,"independent"
2,4337,"independent"
2,4338,"independent"
2,4339,"independent"
0,4340,"independent"
2,4341,"independent"
0,4342,"independent"
0,4343,"independent"
0,4344,"independent"
2,4345,"independent"
0,4346,"independent"
2,4347,"independent"
0,4348,"independent"
2,4349,"independent"
2,4350,"independent"
0,4351,"independent"
2,4352,"independent"
0,4353,"independent"
2,4354,"independent"
0,4355,"independent"
2,4356,"independent"
0,4357,"independent"
0,4358,"independent"
2,4359,"independent"
2,4360,"independent"
2,4361,"independent"
0,4362,"independent"
2,4363,"independent"
0,4364,"independent"
0,4365,"independent"
2,4366,"independent"
2,4367,"independent"
2,4368,"independent"
4,4369,"independent"
2,4370,"independent"
2,4371,"independent"
0,4372,"independent"
0,4373,"independent"
2,4374,"independent"
2,4375,"independent"
2,4376,"independent"
0,4377,"independent"
0,4378,"independent"
2,4379,"independent"
4,4380,"independent"
0,4381,"independent"
2,4382,"independent"
2,4383,"independent"
2,4384,"independent"
2,4385,"independent"
0,4386,"independent"
0,4387,"independent"
0,4388,"independent"
0,4389,"independent"
0,4390,"independent"
0,4391,"independent"
2,4392,"independent"
2,4393,"independent"
2,4394,"independent"
2,4395,"independent"
2,4396,"independent"
2,4397,"independent"
2,4398,"independent"
0,4399,"independent"
0,4400,"independent"
0,4401,"independent"
0,4402,"independent"
0,4403,"independent"
2,4404,"independent"
0,4405,"independent"
0,4406,"independent"
2,4407,"independent"
2,4408,"independent"
2,4409,"independent"
0,4410,"independent"
4,4411,"independent"
2,4412,"independent"
0,4413,"independent"
0,4414,"independent"
2,4415,"independent"
2,4416,"independent"
0,4417,"independent"
0,4418,"independent"
0,4419,"independent"
0,4420,"independent"
0,4421,"independent"
0,4422,"independent"
2,4423,"independent"
0,4424,"independent"
2,4425,"independent"
2,4426,"independent"
2,4427,"independent"
0,4428,"independent"
4,4429,"independent"
2,4430,"independent"
2,4431,"independent"
0,4432,"independent"
2,4433,"independent"
0,4434,"independent"
2,4435,"independent"
0,4436,"independent"
2,4437,"independent"
0,4438,"independent"
0,4439,"independent"
0,4440,"independent"
0,4441,"independent"
0,4442,"independent"
0,4443,"independent"
0,4444,"independent"
0,4445,"independent"
2,4446,"independent"
2,4447,"independent"
0,4448,"independent"
2,4449,"independent"
2,4450,"independent"
2,4451,"independent"
0,4452,"independent"
0,4453,"independent"
2,4454,"independent"
0,4455,"independent"
0,4456,"independent"
0,4457,"independent"
2,4458,"independent"
0,4459,"independent"
0,4460,"independent"
0,4461,"independent"
2,4462,"independent"
0,4463,"independent"
2,4464,"independent"
2,4465,"independent"
2,4466,"independent"
2,4467,"independent"
2,4468,"independent"
2,4469,"independent"
2,4470,"independent"
2,4471,"independent"
2,4472,"independent"
2,4473,"independent"
2,4474,"independent"
0,4475,"independent"
2,4476,"independent"
2,4477,"independent"
0,4478,"independent"
2,4479,"independent"
0,4480,"independent"
2,4481,"independent"
0,4482,"independent"
0,4483,"independent"
0,4484,"independent"
2,4485,"independent"
0,4486,"independent"
2,4487,"independent"
0,4488,"independent"
2,4489,"independent"
0,4490,"independent"
0,4491,"independent"
2,4492,"independent"
0,4493,"independent"
2,4494,"independent"
2,4495,"independent"
2,4496,"independent"
2,4497,"independent"
2,4498,"independent"
0,4499,"independent"
0,4500,"independent"
2,4501,"independent"
2,4502,"independent"
0,4503,"independent"
2,4504,"independent"
2,4505,"independent"
2,4506,"independent"
2,4507,"independent"
0,4508,"independent"
2,4509,"independent"
0,4510,"independent"
2,4511,"independent"
2,4512,"independent"
2,4513,"independent"
0,4514,"independent"
2,4515,"independent"
0,4516,"independent"
0,4517,"independent"
2,4518,"independent"
2,4519,"independent"
0,4520,"independent"
2,4521,"independent"
2,4522,"independent"
0,4523,"independent"
0,4524,"independent"
0,4525,"independent"
2,4526,"independent"
2,4527,"independent"
2,4528,"independent"
2,4529,"independent"
2,4530,"independent"
0,4531,"independent"
2,4532,"independent"
2,4533,"independent"
2,4534,"independent"
2,4535,"independent"
2,4536,"independent"
0,4537,"independent"
2,4538,"independent"
2,4539,"independent"
2,4540,"independent"
2,4541,"independent"
2,4542,"independent"
2,4543,"independent"
0,4544,"independent"
0,4545,"independent"
2,4546,"independent"
0,4547,"independent"
0,4548,"independent"
2,4549,"independent"
0,4550,"independent"
0,4551,"independent"
2,4552,"independent"
2,4553,"independent"
0,4554,"independent"
0,4555,"independent"
2,4556,"independent"
2,4557,"independent"
2,4558,"independent"
2,4559,"independent"
0,4560,"independent"
2,4561,"independent"
2,4562,"independent"
4,4563,"independent"
0,4564,"independent"
0,4565,"independent"
2,4566,"independent"
2,4567,"independent"
0,4568,"independent"
2,4569,"independent"
2,4570,"independent"
2,4571,"independent"
2,4572,"independent"
0,4573,"independent"
0,4574,"independent"
2,4575,"independent"
2,4576,"independent"
2,4577,"independent"
0,4578,"independent"
2,4579,"independent"
2,4580,"independent"
0,4581,"independent"
2,4582,"independent"
2,4583,"independent"
0,4584,"independent"
4,4585,"independent"
0,4586,"independent"
2,4587,"independent"
0,4588,"independent"
0,4589,"independent"
0,4590,"independent"
2,4591,"independent"
2,4592,"independent"
0,4593,"independent"
2,4594,"independent"
2,4595,"independent"
0,4596,"independent"
0,4597,"independent"
2,4598,"independent"
2,4599,"independent"
0,4600,"independent"
2,4601,"independent"
2,4602,"independent"
0,4603,"independent"
0,4604,"independent"
2,4605,"independent"
2,4606,"independent"
0,4607,"independent"
0,4608,"independent"
2,4609,"independent"
0,4610,"independent"
2,4611,"independent"
2,4612,"independent"
0,4613,"independent"
0,4614,"independent"
2,4615,"independent"
2,4616,"independent"
2,4617,"independent"
2,4618,"independent"
0,4619,"independent"
0,4620,"independent"
2,4621,"independent"
2,4622,"independent"
2,4623,"independent"
2,4624,"independent"
0,4625,"independent"
2,4626,"independent"
0,4627,"independent"
0,4628,"independent"
2,4629,"independent"
2,4630,"independent"
2,4631,"independent"
2,4632,"independent"
0,4633,"independent"
2,4634,"independent"
2,4635,"independent"
2,4636,"independent"
2,4637,"independent"
0,4638,"independent"
2,4639,"independent"
0,4640,"independent"
2,4641,"independent"
2,4642,"independent"
0,4643,"independent"
0,4644,"independent"
2,4645,"independent"
0,4646,"independent"
0,4647,"independent"
2,4648,"independent"
2,4649,"independent"
2,4650,"independent"
2,4651,"independent"
2,4652,"independent"
2,4653,"independent"
2,4654,"independent"
0,4655,"independent"
2,4656,"independent"
0,4657,"independent"
4,4658,"independent"
2,4659,"independent"
2,4660,"independent"
2,4661,"independent"
0,4662,"independent"
0,4663,"independent"
2,4664,"independent"
2,4665,"independent"
2,4666,"independent"
2,4667,"independent"
2,4668,"independent"
0,4669,"independent"
0,4670,"independent"
2,4671,"independent"
0,4672,"independent"
2,4673,"independent"
2,4674,"independent"
0,4675,"independent"
0,4676,"independent"
4,4677,"independent"
2,4678,"independent"
0,4679,"independent"
2,4680,"independent"
2,4681,"independent"
2,4682,"independent"
2,4683,"independent"
2,4684,"independent"
2,4685,"independent"
2,4686,"independent"
0,4687,"independent"
2,4688,"independent"
2,4689,"independent"
2,4690,"independent"
2,4691,"independent"
0,4692,"independent"
0,4693,"independent"
2,4694,"independent"
0,4695,"independent"
0,4696,"independent"
2,4697,"independent"
2,4698,"independent"
2,4699,"independent"
2,4700,"independent"
0,4701,"independent"
0,4702,"independent"
2,4703,"independent"
2,4704,"independent"
2,4705,"independent"
2,4706,"independent"
2,4707,"independent"
2,4708,"independent"
2,4709,"independent"
0,4710,"independent"
2,4711,"independent"
2,4712,"independent"
0,4713,"independent"
0,4714,"independent"
2,4715,"independent"
2,4716,"independent"
0,4717,"independent"
2,4718,"independent"
2,4719,"independent"
2,4720,"independent"
2,4721,"independent"
2,4722,"independent"
2,4723,"independent"
2,4724,"independent"
0,4725,"independent"
0,4726,"independent"
2,4727,"independent"
2,4728,"independent"
0,4729,"independent"
2,4730,"independent"
0,4731,"independent"
2,4732,"independent"
0,4733,"independent"
0,4734,"independent"
0,4735,"independent"
2,4736,"independent"
0,4737,"independent"
2,4738,"independent"
2,4739,"independent"
0,4740,"independent"
2,4741,"independent"
2,4742,"independent"
2,4743,"independent"
2,4744,"independent"
2,4745,"independent"
0,4746,"independent"
0,4747,"independent"
0,4748,"independent"
2,4749,"independent"
2,4750,"independent"
2,4751,"independent"
2,4752,"independent"
2,4753,"independent"
2,4754,"independent"
2,4755,"independent"
0,4756,"independent"
2,4757,"independent"
2,4758,"independent"
2,4759,"independent"
0,4760,"independent"
0,4761,"independent"
0,4762,"independent"
2,4763,"independent"
2,4764,"independent"
0,4765,"independent"
2,4766,"independent"
2,4767,"independent"
2,4768,"independent"
0,4769,"independent"
0,4770,"independent"
0,4771,"independent"
0,4772,"independent"
2,4773,"independent"
2,4774,"independent"
0,4775,"independent"
2,4776,"independent"
0,4777,"independent"
2,4778,"independent"
0,4779,"independent"
2,4780,"independent"
2,4781,"independent"
0,4782,"independent"
2,4783,"independent"
2,4784,"independent"
2,4785,"independent"
2,4786,"independent"
0,4787,"independent"
2,4788,"independent"
2,4789,"independent"
0,4790,"independent"
0,4791,"independent"
0,4792,"independent"
0,4793,"independent"
2,4794,"independent"
2,4795,"independent"
2,4796,"independent"
0,4797,"independent"
0,4798,"independent"
0,4799,"independent"
2,4800,"independent"
2,4801,"independent"
2,4802,"independent"
2,4803,"independent"
0,4804,"independent"
2,4805,"independent"
0,4806,"independent"
2,4807,"independent"
0,4808,"independent"
2,4809,"independent"
0,4810,"independent"
2,4811,"independent"
2,4812,"independent"
2,4813,"independent"
2,4814,"independent"
2,4815,"independent"
0,4816,"independent"
4,4817,"independent"
2,4818,"independent"
2,4819,"independent"
2,4820,"independent"
2,4821,"independent"
2,4822,"independent"
2,4823,"independent"
0,4824,"independent"
0,4825,"independent"
2,4826,"independent"
0,4827,"independent"
0,4828,"independent"
0,4829,"independent"
2,4830,"independent"
0,4831,"independent"
2,4832,"independent"
0,4833,"independent"
2,4834,"independent"
2,4835,"independent"
2,4836,"independent"
0,4837,"independent"
0,4838,"independent"
0,4839,"independent"
0,4840,"independent"
2,4841,"independent"
2,4842,"independent"
2,4843,"independent"
0,4844,"independent"
0,4845,"independent"
2,4846,"independent"
0,4847,"independent"
0,4848,"independent"
0,4849,"independent"
2,4850,"independent"
0,4851,"independent"
4,4852,"independent"
2,4853,"independent"
2,4854,"independent"
2,4855,"independent"
2,4856,"independent"
0,4857,"independent"
2,4858,"independent"
0,4859,"independent"
2,4860,"independent"
2,4861,"independent"
2,4862,"independent"
2,4863,"independent"
2,4864,"independent"
0,4865,"independent"
0,4866,"independent"
2,4867,"independent"
2,4868,"independent"
2,4869,"independent"
2,4870,"independent"
2,4871,"independent"
2,4872,"independent"
2,4873,"independent"
0,4874,"independent"
0,4875,"independent"
2,4876,"independent"
2,4877,"independent"
2,4878,"independent"
2,4879,"independent"
2,4880,"independent"
2,4881,"independent"
0,4882,"independent"
2,4883,"independent"
2,4884,"independent"
2,4885,"independent"
2,4886,"independent"
2,4887,"independent"
2,4888,"independent"
2,4889,"independent"
0,4890,"independent"
2,4891,"independent"
2,4892,"independent"
2,4893,"independent"
0,4894,"independent"
0,4895,"independent"
2,4896,"independent"
2,4897,"independent"
0,4898,"independent"
0,4899,"independent"
2,4900,"independent"
2,4901,"independent"
0,4902,"independent"
2,4903,"independent"
0,4904,"independent"
2,4905,"independent"
2,4906,"independent"
2,4907,"independent"
0,4908,"independent"
2,4909,"independent"
2,4910,"independent"
0,4911,"independent"
2,4912,"independent"
2,4913,"independent"
2,4914,"independent"
2,4915,"independent"
0,4916,"independent"
2,4917,"independent"
0,4918,"independent"
0,4919,"independent"
2,4920,"independent"
0,4921,"independent"
2,4922,"independent"
2,4923,"independent"
0,4924,"independent"
2,4925,"independent"
2,4926,"independent"
2,4927,"independent"
0,4928,"independent"
2,4929,"independent"
2,4930,"independent"
2,4931,"independent"
0,4932,"independent"
2,4933,"independent"
2,4934,"independent"
2,4935,"independent"
2,4936,"independent"
2,4937,"independent"
0,4938,"independent"
2,4939,"independent"
0,4940,"independent"
2,4941,"independent"
0,4942,"independent"
2,4943,"independent"
0,4944,"independent"
2,4945,"independent"
2,4946,"independent"
2,4947,"independent"
0,4948,"independent"
2,4949,"independent"
0,4950,"independent"
2,4951,"independent"
2,4952,"independent"
2,4953,"independent"
2,4954,"independent"
0,4955,"independent"
2,4956,"independent"
0,4957,"independent"
0,4958,"independent"
0,4959,"independent"
2,4960,"independent"
2,4961,"independent"
2,4962,"independent"
0,4963,"independent"
2,4964,"independent"
0,4965,"independent"
0,4966,"independent"
2,4967,"independent"
2,4968,"independent"
4,4969,"independent"
2,4970,"independent"
2,4971,"independent"
2,4972,"independent"
2,4973,"independent"
2,4974,"independent"
2,4975,"independent"
2,4976,"independent"
0,4977,"independent"
0,4978,"independent"
2,4979,"independent"
2,4980,"independent"
2,4981,"independent"
2,4982,"independent"
2,4983,"independent"
2,4984,"independent"
2,4985,"independent"
0,4986,"independent"
0,4987,"independent"
0,4988,"independent"
0,4989,"independent"
2,4990,"independent"
0,4991,"independent"
2,4992,"independent"
2,4993,"independent"
0,4994,"independent"
2,4995,"independent"
2,4996,"independent"
0,4997,"independent"
0,4998,"independent"
2,4999,"independent"
2,5000,"independent"
0,5001,"independent"
2,5002,"independent"
2,5003,"independent"
4,5004,"independent"
0,5005,"independent"
2,5006,"independent"
2,5007,"independent"
0,5008,"independent"
0,5009,"independent"
2,5010,"independent"
2,5011,"independent"
2,5012,"independent"
0,5013,"independent"
0,5014,"independent"
0,5015,"independent"
2,5016,"independent"
2,5017,"independent"
2,5018,"independent"
0,5019,"independent"
0,5020,"independent"
2,5021,"independent"
0,5022,"independent"
2,5023,"independent"
2,5024,"independent"
2,5025,"independent"
0,5026,"independent"
0,5027,"independent"
0,5028,"independent"
2,5029,"independent"
2,5030,"independent"
2,5031,"independent"
0,5032,"independent"
2,5033,"independent"
2,5034,"independent"
2,5035,"independent"
2,5036,"independent"
2,5037,"independent"
2,5038,"independent"
0,5039,"independent"
0,5040,"independent"
0,5041,"independent"
2,5042,"independent"
2,5043,"independent"
2,5044,"independent"
0,5045,"independent"
0,5046,"independent"
2,5047,"independent"
2,5048,"independent"
2,5049,"independent"
0,5050,"independent"
2,5051,"independent"
2,5052,"independent"
2,5053,"independent"
4,5054,"independent"
2,5055,"independent"
0,5056,"independent"
2,5057,"independent"
2,5058,"independent"
2,5059,"independent"
0,5060,"independent"
0,5061,"independent"
0,5062,"independent"
0,5063,"independent"
2,5064,"independent"
2,5065,"independent"
2,5066,"independent"
2,5067,"independent"
2,5068,"independent"
2,5069,"independent"
2,5070,"independent"
0,5071,"independent"
0,5072,"independent"
0,5073,"independent"
0,5074,"independent"
2,5075,"independent"
0,5076,"independent"
2,5077,"independent"
0,5078,"independent"
2,5079,"independent"
2,5080,"independent"
2,5081,"independent"
0,5082,"independent"
2,5083,"independent"
2,5084,"independent"
0,5085,"independent"
0,5086,"independent"
2,5087,"independent"
2,5088,"independent"
2,5089,"independent"
4,5090,"independent"
2,5091,"independent"
0,5092,"independent"
2,5093,"independent"
0,5094,"independent"
0,5095,"independent"
2,5096,"independent"
0,5097,"independent"
0,5098,"independent"
0,5099,"independent"
0,5100,"independent"
0,5101,"independent"
0,5102,"independent"
2,5103,"independent"
0,5104,"independent"
2,5105,"independent"
2,5106,"independent"
2,5107,"independent"
2,5108,"independent"
0,5109,"independent"
0,5110,"independent"
2,5111,"independent"
2,5112,"independent"
2,5113,"independent"
0,5114,"independent"
2,5115,"independent"
2,5116,"independent"
2,5117,"independent"
2,5118,"independent"
2,5119,"independent"
2,5120,"independent"
0,5121,"independent"
0,5122,"independent"
2,5123,"independent"
2,5124,"independent"
2,5125,"independent"
0,5126,"independent"
2,5127,"independent"
0,5128,"independent"
2,5129,"independent"
2,5130,"independent"
0,5131,"independent"
2,5132,"independent"
0,5133,"independent"
2,5134,"independent"
0,5135,"independent"
2,5136,"independent"
2,5137,"independent"
2,5138,"independent"
0,5139,"independent"
0,5140,"independent"
2,5141,"independent"
2,5142,"independent"
0,5143,"independent"
2,5144,"independent"
2,5145,"independent"
2,5146,"independent"
0,5147,"independent"
0,5148,"independent"
0,5149,"independent"
2,5150,"independent"
0,5151,"independent"
0,5152,"independent"
2,5153,"independent"
2,5154,"independent"
0,5155,"independent"
2,5156,"independent"
0,5157,"independent"
2,5158,"independent"
2,5159,"independent"
2,5160,"independent"
0,5161,"independent"
0,5162,"independent"
0,5163,"independent"
0,5164,"independent"
2,5165,"independent"
2,5166,"independent"
2,5167,"independent"
0,5168,"independent"
2,5169,"independent"
0,5170,"independent"
0,5171,"independent"
2,5172,"independent"
2,5173,"independent"
0,5174,"independent"
0,5175,"independent"
0,5176,"independent"
2,5177,"independent"
2,5178,"independent"
0,5179,"independent"
0,5180,"independent"
4,5181,"independent"
0,5182,"independent"
0,5183,"independent"
0,5184,"independent"
0,5185,"independent"
0,5186,"independent"
2,5187,"independent"
2,5188,"independent"
2,5189,"independent"
2,5190,"independent"
2,5191,"independent"
0,5192,"independent"
0,5193,"independent"
0,5194,"independent"
2,5195,"independent"
2,5196,"independent"
0,5197,"independent"
0,5198,"independent"
2,5199,"independent"
2,5200,"independent"
2,5201,"independent"
2,5202,"independent"
0,5203,"independent"
0,5204,"independent"
0,5205,"independent"
2,5206,"independent"
0,5207,"independent"
0,5208,"independent"
2,5209,"independent"
2,5210,"independent"
2,5211,"independent"
0,5212,"independent"
0,5213,"independent"
0,5214,"independent"
2,5215,"independent"
0,5216,"independent"
2,5217,"independent"
2,5218,"independent"
2,5219,"independent"
2,5220,"independent"
2,5221,"independent"
2,5222,"independent"
0,5223,"independent"
2,5224,"independent"
0,5225,"independent"
0,5226,"independent"
2,5227,"independent"
0,5228,"independent"
2,5229,"independent"
2,5230,"independent"
2,5231,"independent"
2,5232,"independent"
2,5233,"independent"
2,5234,"independent"
0,5235,"independent"
0,5236,"independent"
0,5237,"independent"
2,5238,"independent"
2,5239,"independent"
2,5240,"independent"
0,5241,"independent"
0,5242,"independent"
2,5243,"independent"
0,5244,"independent"
0,5245,"independent"
0,5246,"independent"
2,5247,"independent"
0,5248,"independent"
2,5249,"independent"
2,5250,"independent"
0,5251,"independent"
0,5252,"independent"
0,5253,"independent"
0,5254,"independent"
4,5255,"independent"
0,5256,"independent"
2,5257,"independent"
2,5258,"independent"
0,5259,"independent"
2,5260,"independent"
0,5261,"independent"
2,5262,"independent"
2,5263,"independent"
4,5264,"independent"
2,5265,"independent"
2,5266,"independent"
2,5267,"independent"
0,5268,"independent"
0,5269,"independent"
2,5270,"independent"
2,5271,"independent"
2,5272,"independent"
2,5273,"independent"
2,5274,"independent"
2,5275,"independent"
2,5276,"independent"
0,5277,"independent"
2,5278,"independent"
2,5279,"independent"
2,5280,"independent"
0,5281,"independent"
0,5282,"independent"
0,5283,"independent"
0,5284,"independent"
2,5285,"independent"
2,5286,"independent"
0,5287,"independent"
2,5288,"independent"
0,5289,"independent"
2,5290,"independent"
2,5291,"independent"
0,5292,"independent"
2,5293,"independent"
2,5294,"independent"
2,5295,"independent"
4,5296,"independent"
2,5297,"independent"
2,5298,"independent"
0,5299,"independent"
2,5300,"independent"
2,5301,"independent"
0,5302,"independent"
2,5303,"independent"
2,5304,"independent"
2,5305,"independent"
0,5306,"independent"
2,5307,"independent"
2,5308,"independent"
0,5309,"independent"
0,5310,"independent"
2,5311,"independent"
0,5312,"independent"
2,5313,"independent"
0,5314,"independent"
0,5315,"independent"
2,5316,"independent"
2,5317,"independent"
0,5318,"independent"
0,5319,"independent"
2,5320,"independent"
0,5321,"independent"
0,5322,"independent"
0,5323,"independent"
2,5324,"independent"
2,5325,"independent"
0,5326,"independent"
2,5327,"independent"
0,5328,"independent"
2,5329,"independent"
2,5330,"independent"
2,5331,"independent"
2,5332,"independent"
2,5333,"independent"
2,5334,"independent"
2,5335,"independent"
0,5336,"independent"
0,5337,"independent"
0,5338,"independent"
2,5339,"independent"
0,5340,"independent"
0,5341,"independent"
2,5342,"independent"
0,5343,"independent"
0,5344,"independent"
2,5345,"independent"
2,5346,"independent"
0,5347,"independent"
2,5348,"independent"
2,5349,"independent"
2,5350,"independent"
2,5351,"independent"
2,5352,"independent"
2,5353,"independent"
0,5354,"independent"
2,5355,"independent"
2,5356,"independent"
2,5357,"independent"
2,5358,"independent"
2,5359,"independent"
0,5360,"independent"
2,5361,"independent"
0,5362,"independent"
2,5363,"independent"
0,5364,"independent"
2,5365,"independent"
2,5366,"independent"
2,5367,"independent"
2,5368,"independent"
0,5369,"independent"
2,5370,"independent"
0,5371,"independent"
2,5372,"independent"
0,5373,"independent"
0,5374,"independent"
2,5375,"independent"
2,5376,"independent"
2,5377,"independent"
2,5378,"independent"
0,5379,"independent"
2,5380,"independent"
0,5381,"independent"
2,5382,"independent"
2,5383,"independent"
2,5384,"independent"
0,5385,"independent"
2,5386,"independent"
0,5387,"independent"
0,5388,"independent"
0,5389,"independent"
2,5390,"independent"
2,5391,"independent"
0,5392,"independent"
2,5393,"independent"
2,5394,"independent"
2,5395,"independent"
0,5396,"independent"
2,5397,"independent"
0,5398,"independent"
2,5399,"independent"
0,5400,"independent"
2,5401,"independent"
2,5402,"independent"
0,5403,"independent"
0,5404,"independent"
0,5405,"independent"
0,5406,"independent"
0,5407,"independent"
0,5408,"independent"
0,5409,"independent"
0,5410,"independent"
0,5411,"independent"
2,5412,"independent"
2,5413,"independent"
0,5414,"independent"
0,5415,"independent"
2,5416,"independent"
0,5417,"independent"
0,5418,"independent"
0,5419,"independent"
0,5420,"independent"
0,5421,"independent"
2,5422,"independent"
2,5423,"independent"
0,5424,"independent"
2,5425,"independent"
2,5426,"independent"
0,5427,"independent"
0,5428,"independent"
2,5429,"independent"
0,5430,"independent"
2,5431,"independent"
2,5432,"independent"
0,5433,"independent"
0,5434,"independent"
2,5435,"independent"
0,5436,"independent"
0,5437,"independent"
0,5438,"independent"
2,5439,"independent"
0,5440,"independent"
0,5441,"independent"
0,5442,"independent"
0,5443,"independent"
0,5444,"independent"
2,5445,"independent"
0,5446,"independent"
0,5447,"independent"
0,5448,"independent"
2,5449,"independent"
2,5450,"independent"
2,5451,"independent"
2,5452,"independent"
0,5453,"independent"
2,5454,"independent"
2,5455,"independent"
2,5456,"independent"
2,5457,"independent"
2,5458,"independent"
2,5459,"independent"
0,5460,"independent"
2,5461,"independent"
0,5462,"independent"
0,5463,"independent"
2,5464,"independent"
2,5465,"independent"
2,5466,"independent"
2,5467,"independent"
2,5468,"independent"
0,5469,"independent"
0,5470,"independent"
2,5471,"independent"
0,5472,"independent"
0,5473,"independent"
0,5474,"independent"
2,5475,"independent"
2,5476,"independent"
0,5477,"independent"
0,5478,"independent"
2,5479,"independent"
2,5480,"independent"
2,5481,"independent"
0,5482,"independent"
0,5483,"independent"
2,5484,"independent"
0,5485,"independent"
2,5486,"independent"
2,5487,"independent"
0,5488,"independent"
0,5489,"independent"
2,5490,"independent"
0,5491,"independent"
2,5492,"independent"
2,5493,"independent"
2,5494,"independent"
0,5495,"independent"
0,5496,"independent"
2,5497,"independent"
2,5498,"independent"
2,5499,"independent"
2,5500,"independent"
0,5501,"independent"
0,5502,"independent"
0,5503,"independent"
0,5504,"independent"
2,5505,"independent"
2,5506,"independent"
0,5507,"independent"
0,5508,"independent"
0,5509,"independent"
0,5510,"independent"
0,5511,"independent"
2,5512,"independent"
2,5513,"independent"
2,5514,"independent"
0,5515,"independent"
0,5516,"independent"
2,5517,"independent"
0,5518,"independent"
2,5519,"independent"
2,5520,"independent"
2,5521,"independent"
2,5522,"independent"
0,5523,"independent"
0,5524,"independent"
2,5525,"independent"
0,5526,"independent"
0,5527,"independent"
0,5528,"independent"
2,5529,"independent"
2,5530,"independent"
0,5531,"independent"
2,5532,"independent"
2,5533,"independent"
2,5534,"independent"
2,5535,"independent"
2,5536,"independent"
2,5537,"independent"
0,5538,"independent"
2,5539,"independent"
0,5540,"independent"
2,5541,"independent"
0,5542,"independent"
2,5543,"independent"
0,5544,"independent"
0,5545,"independent"
2,5546,"independent"
2,5547,"independent"
2,5548,"independent"
0,5549,"independent"
2,5550,"independent"
0,5551,"independent"
2,5552,"independent"
2,5553,"independent"
2,5554,"independent"
2,5555,"independent"
2,5556,"independent"
2,5557,"independent"
2,5558,"independent"
0,5559,"independent"
2,5560,"independent"
2,5561,"independent"
0,5562,"independent"
4,5563,"independent"
0,5564,"independent"
2,5565,"independent"
2,5566,"independent"
2,5567,"independent"
0,5568,"independent"
0,5569,"independent"
2,5570,"independent"
0,5571,"independent"
2,5572,"independent"
2,5573,"independent"
0,5574,"independent"
2,5575,"independent"
2,5576,"independent"
2,5577,"independent"
0,5578,"independent"
2,5579,"independent"
0,5580,"independent"
2,5581,"independent"
2,5582,"independent"
0,5583,"independent"
2,5584,"independent"
2,5585,"independent"
2,5586,"independent"
2,5587,"independent"
0,5588,"independent"
0,5589,"independent"
0,5590,"independent"
0,5591,"independent"
0,5592,"independent"
0,5593,"independent"
2,5594,"independent"
2,5595,"independent"
2,5596,"independent"
2,5597,"independent"
0,5598,"independent"
0,5599,"independent"
2,5600,"independent"
2,5601,"independent"
0,5602,"independent"
2,5603,"independent"
0,5604,"independent"
0,5605,"independent"
2,5606,"independent"
2,5607,"independent"
2,5608,"independent"
2,5609,"independent"
0,5610,"independent"
0,5611,"independent"
0,5612,"independent"
2,5613,"independent"
0,5614,"independent"
2,5615,"independent"
0,5616,"independent"
2,5617,"independent"
2,5618,"independent"
2,5619,"independent"
0,5620,"independent"
0,5621,"independent"
2,5622,"independent"
2,5623,"independent"
2,5624,"independent"
2,5625,"independent"
2,5626,"independent"
2,5627,"independent"
2,5628,"independent"
0,5629,"independent"
2,5630,"independent"
2,5631,"independent"
2,5632,"independent"
2,5633,"independent"
2,5634,"independent"
2,5635,"independent"
0,5636,"independent"
2,5637,"independent"
2,5638,"independent"
2,5639,"independent"
2,5640,"independent"
0,5641,"independent"
2,5642,"independent"
0,5643,"independent"
0,5644,"independent"
0,5645,"independent"
0,5646,"independent"
2,5647,"independent"
2,5648,"independent"
2,5649,"independent"
0,5650,"independent"
2,5651,"independent"
0,5652,"independent"
0,5653,"independent"
4,5654,"independent"
2,5655,"independent"
0,5656,"independent"
2,5657,"independent"
0,5658,"independent"
0,5659,"independent"
0,5660,"independent"
0,5661,"independent"
2,5662,"independent"
2,5663,"independent"
2,5664,"independent"
0,5665,"independent"
0,5666,"independent"
2,5667,"independent"
2,5668,"independent"
2,5669,"independent"
0,5670,"independent"
2,5671,"independent"
2,5672,"independent"
2,5673,"independent"
2,5674,"independent"
2,5675,"independent"
2,5676,"independent"
0,5677,"independent"
2,5678,"independent"
2,5679,"independent"
0,5680,"independent"
0,5681,"independent"
2,5682,"independent"
2,5683,"independent"
2,5684,"independent"
2,5685,"independent"
0,5686,"independent"
2,5687,"independent"
4,5688,"independent"
2,5689,"independent"
0,5690,"independent"
2,5691,"independent"
2,5692,"independent"
2,5693,"independent"
0,5694,"independent"
2,5695,"independent"
0,5696,"independent"
2,5697,"independent"
2,5698,"independent"
0,5699,"independent"
2,5700,"independent"
2,5701,"independent"
0,5702,"independent"
2,5703,"independent"
2,5704,"independent"
2,5705,"independent"
0,5706,"independent"
2,5707,"independent"
2,5708,"independent"
0,5709,"independent"
2,5710,"independent"
2,5711,"independent"
2,5712,"independent"
0,5713,"independent"
2,5714,"independent"
4,5715,"independent"
2,5716,"independent"
2,5717,"independent"
4,5718,"independent"
2,5719,"independent"
2,5720,"independent"
2,5721,"independent"
2,5722,"independent"
0,5723,"independent"
0,5724,"independent"
2,5725,"independent"
2,5726,"independent"
0,5727,"independent"
2,5728,"independent"
2,5729,"independent"
2,5730,"independent"
2,5731,"independent"
0,5732,"independent"
2,5733,"independent"
0,5734,"independent"
0,5735,"independent"
2,5736,"independent"
0,5737,"independent"
0,5738,"independent"
0,5739,"independent"
0,5740,"independent"
2,5741,"independent"
2,5742,"independent"
2,5743,"independent"
0,5744,"independent"
4,5745,"independent"
0,5746,"independent"
4,5747,"independent"
0,5748,"independent"
2,5749,"independent"
0,5750,"independent"
0,5751,"independent"
2,5752,"independent"
0,5753,"independent"
2,5754,"independent"
0,5755,"independent"
2,5756,"independent"
0,5757,"independent"
0,5758,"independent"
0,5759,"independent"
0,5760,"independent"
0,5761,"independent"
0,5762,"independent"
0,5763,"independent"
2,5764,"independent"
0,5765,"independent"
2,5766,"independent"
0,5767,"independent"
2,5768,"independent"
2,5769,"independent"
4,5770,"independent"
2,5771,"independent"
2,5772,"independent"
2,5773,"independent"
2,5774,"independent"
2,5775,"independent"
2,5776,"independent"
2,5777,"independent"
2,5778,"independent"
2,5779,"independent"
2,5780,"independent"
0,5781,"independent"
2,5782,"independent"
0,5783,"independent"
2,5784,"independent"
2,5785,"independent"
2,5786,"independent"
0,5787,"independent"
0,5788,"independent"
2,5789,"independent"
0,5790,"independent"
0,5791,"independent"
0,5792,"independent"
2,5793,"independent"
0,5794,"independent"
2,5795,"independent"
2,5796,"independent"
0,5797,"independent"
2,5798,"independent"
2,5799,"independent"
2,5800,"independent"
2,5801,"independent"
2,5802,"independent"
2,5803,"independent"
2,5804,"independent"
0,5805,"independent"
2,5806,"independent"
0,5807,"independent"
2,5808,"independent"
0,5809,"independent"
0,5810,"independent"
2,5811,"independent"
0,5812,"independent"
0,5813,"independent"
2,5814,"independent"
0,5815,"independent"
2,5816,"independent"
2,5817,"independent"
2,5818,"independent"
2,5819,"independent"
2,5820,"independent"
2,5821,"independent"
0,5822,"independent"
0,5823,"independent"
4,5824,"independent"
2,5825,"independent"
2,5826,"independent"
2,5827,"independent"
2,5828,"independent"
2,5829,"independent"
2,5830,"independent"
2,5831,"independent"
0,5832,"independent"
0,5833,"independent"
2,5834,"independent"
0,5835,"independent"
0,5836,"independent"
2,5837,"independent"
2,5838,"independent"
0,5839,"independent"
2,5840,"independent"
4,5841,"independent"
4,5842,"independent"
0,5843,"independent"
0,5844,"independent"
2,5845,"independent"
0,5846,"independent"
0,5847,"independent"
2,5848,"independent"
2,5849,"independent"
2,5850,"independent"
2,5851,"independent"
0,5852,"independent"
2,5853,"independent"
0,5854,"independent"
2,5855,"independent"
2,5856,"independent"
2,5857,"independent"
2,5858,"independent"
2,5859,"independent"
2,5860,"independent"
2,5861,"independent"
0,5862,"independent"
2,5863,"independent"
2,5864,"independent"
0,5865,"independent"
2,5866,"independent"
2,5867,"independent"
0,5868,"independent"
2,5869,"independent"
0,5870,"independent"
0,5871,"independent"
0,5872,"independent"
2,5873,"independent"
2,5874,"independent"
0,5875,"independent"
0,5876,"independent"
2,5877,"independent"
0,5878,"independent"
0,5879,"independent"
2,5880,"independent"
2,5881,"independent"
0,5882,"independent"
2,5883,"independent"
0,5884,"independent"
2,5885,"independent"
0,5886,"independent"
2,5887,"independent"
0,5888,"independent"
0,5889,"independent"
0,5890,"independent"
2,5891,"independent"
0,5892,"independent"
2,5893,"independent"
0,5894,"independent"
2,5895,"independent"
2,5896,"independent"
2,5897,"independent"
2,5898,"independent"
0,5899,"independent"
2,5900,"independent"
2,5901,"independent"
0,5902,"independent"
2,5903,"independent"
2,5904,"independent"
2,5905,"independent"
2,5906,"independent"
2,5907,"independent"
2,5908,"independent"
2,5909,"independent"
2,5910,"independent"
4,5911,"independent"
0,5912,"independent"
2,5913,"independent"
2,5914,"independent"
2,5915,"independent"
0,5916,"independent"
2,5917,"independent"
2,5918,"independent"
0,5919,"independent"
2,5920,"independent"
2,5921,"independent"
2,5922,"independent"
2,5923,"independent"
0,5924,"independent"
2,5925,"independent"
2,5926,"independent"
0,5927,"independent"
2,5928,"independent"
2,5929,"independent"
2,5930,"independent"
2,5931,"independent"
2,5932,"independent"
2,5933,"independent"
2,5934,"independent"
2,5935,"independent"
0,5936,"independent"
2,5937,"independent"
2,5938,"independent"
2,5939,"independent"
2,5940,"independent"
2,5941,"independent"
0,5942,"independent"
0,5943,"independent"
2,5944,"independent"
0,5945,"independent"
0,5946,"independent"
0,5947,"independent"
0,5948,"independent"
0,5949,"independent"
0,5950,"independent"
2,5951,"independent"
2,5952,"independent"
2,5953,"independent"
2,5954,"independent"
2,5955,"independent"
2,5956,"independent"
0,5957,"independent"
0,5958,"independent"
0,5959,"independent"
0,5960,"independent"
2,5961,"independent"
2,5962,"independent"
2,5963,"independent"
2,5964,"independent"
2,5965,"independent"
0,5966,"independent"
2,5967,"independent"
2,5968,"independent"
0,5969,"independent"
2,5970,"independent"
0,5971,"independent"
0,5972,"independent"
0,5973,"independent"
0,5974,"independent"
2,5975,"independent"
0,5976,"independent"
0,5977,"independent"
2,5978,"independent"
2,5979,"independent"
2,5980,"independent"
2,5981,"independent"
2,5982,"independent"
2,5983,"independent"
2,5984,"independent"
2,5985,"independent"
0,5986,"independent"
0,5987,"independent"
2,5988,"independent"
0,5989,"independent"
2,5990,"independent"
0,5991,"independent"
0,5992,"independent"
2,5993,"independent"
2,5994,"independent"
2,5995,"independent"
2,5996,"independent"
2,5997,"independent"
2,5998,"independent"
2,5999,"independent"
0,6000,"independent"
0,6001,"independent"
0,6002,"independent"
2,6003,"independent"
2,6004,"independent"
2,6005,"independent"
2,6006,"independent"
2,6007,"independent"
0,6008,"independent"
0,6009,"independent"
0,6010,"independent"
2,6011,"independent"
0,6012,"independent"
0,6013,"independent"
0,6014,"independent"
0,6015,"independent"
2,6016,"independent"
0,6017,"independent"
2,6018,"independent"
0,6019,"independent"
2,6020,"independent"
2,6021,"independent"
0,6022,"independent"
2,6023,"independent"
2,6024,"independent"
0,6025,"independent"
2,6026,"independent"
2,6027,"independent"
0,6028,"independent"
0,6029,"independent"
0,6030,"independent"
2,6031,"independent"
2,6032,"independent"
0,6033,"independent"
4,6034,"independent"
2,6035,"independent"
0,6036,"independent"
0,6037,"independent"
0,6038,"independent"
2,6039,"independent"
0,6040,"independent"
0,6041,"independent"
0,6042,"independent"
2,6043,"independent"
0,6044,"independent"
2,6045,"independent"
0,6046,"independent"
0,6047,"independent"
0,6048,"independent"
0,6049,"independent"
0,6050,"independent"
0,6051,"independent"
0,6052,"independent"
2,6053,"independent"
0,6054,"independent"
0,6055,"independent"
2,6056,"independent"
0,6057,"independent"
2,6058,"independent"
2,6059,"independent"
0,6060,"independent"
2,6061,"independent"
2,6062,"independent"
2,6063,"independent"
2,6064,"independent"
2,6065,"independent"
2,6066,"independent"
0,6067,"independent"
0,6068,"independent"
2,6069,"independent"
2,6070,"independent"
2,6071,"independent"
0,6072,"independent"
2,6073,"independent"
0,6074,"independent"
0,6075,"independent"
4,6076,"independent"
0,6077,"independent"
2,6078,"independent"
2,6079,"independent"
0,6080,"independent"
0,6081,"independent"
0,6082,"independent"
2,6083,"independent"
2,6084,"independent"
0,6085,"independent"
2,6086,"independent"
0,6087,"independent"
2,6088,"independent"
2,6089,"independent"
2,6090,"independent"
2,6091,"independent"
2,6092,"independent"
0,6093,"independent"
0,6094,"independent"
2,6095,"independent"
2,6096,"independent"
2,6097,"independent"
2,6098,"independent"
0,6099,"independent"
0,6100,"independent"
2,6101,"independent"
2,6102,"independent"
2,6103,"independent"
0,6104,"independent"
0,6105,"independent"
0,6106,"independent"
2,6107,"independent"
0,6108,"independent"
2,6109,"independent"
2,6110,"independent"
0,6111,"independent"
2,6112,"independent"
2,6113,"independent"
0,6114,"independent"
2,6115,"independent"
2,6116,"independent"
0,6117,"independent"
2,6118,"independent"
2,6119,"independent"
0,6120,"independent"
2,6121,"independent"
0,6122,"independent"
2,6123,"independent"
0,6124,"independent"
2,6125,"independent"
0,6126,"independent"
2,6127,"independent"
2,6128,"independent"
0,6129,"independent"
2,6130,"independent"
0,6131,"independent"
2,6132,"independent"
2,6133,"independent"
2,6134,"independent"
2,6135,"independent"
2,6136,"independent"
2,6137,"independent"
0,6138,"independent"
0,6139,"independent"
2,6140,"independent"
0,6141,"independent"
0,6142,"independent"
0,6143,"independent"
2,6144,"independent"
0,6145,"independent"
0,6146,"independent"
0,6147,"independent"
0,6148,"independent"
2,6149,"independent"
2,6150,"independent"
2,6151,"independent"
2,6152,"independent"
2,6153,"independent"
2,6154,"independent"
2,6155,"independent"
2,6156,"independent"
0,6157,"independent"
2,6158,"independent"
0,6159,"independent"
2,6160,"independent"
0,6161,"independent"
0,6162,"independent"
0,6163,"independent"
0,6164,"independent"
0,6165,"independent"
0,6166,"independent"
2,6167,"independent"
2,6168,"independent"
0,6169,"independent"
2,6170,"independent"
2,6171,"independent"
2,6172,"independent"
2,6173,"independent"
2,6174,"independent"
0,6175,"independent"
2,6176,"independent"
2,6177,"independent"
0,6178,"independent"
2,6179,"independent"
0,6180,"independent"
0,6181,"independent"
2,6182,"independent"
2,6183,"independent"
0,6184,"independent"
0,6185,"independent"
0,6186,"independent"
2,6187,"independent"
2,6188,"independent"
2,6189,"independent"
0,6190,"independent"
2,6191,"independent"
2,6192,"independent"
2,6193,"independent"
2,6194,"independent"
2,6195,"independent"
2,6196,"independent"
2,6197,"independent"
0,6198,"independent"
0,6199,"independent"
0,6200,"independent"
0,6201,"independent"
2,6202,"independent"
0,6203,"independent"
2,6204,"independent"
2,6205,"independent"
0,6206,"independent"
2,6207,"independent"
0,6208,"independent"
2,6209,"independent"
2,6210,"independent"
0,6211,"independent"
2,6212,"independent"
2,6213,"independent"
2,6214,"independent"
2,6215,"independent"
0,6216,"independent"
2,6217,"independent"
2,6218,"independent"
0,6219,"independent"
0,6220,"independent"
0,6221,"independent"
0,6222,"independent"
2,6223,"independent"
0,6224,"independent"
0,6225,"independent"
2,6226,"independent"
2,6227,"independent"
2,6228,"independent"
4,6229,"independent"
2,6230,"independent"
2,6231,"independent"
0,6232,"independent"
2,6233,"independent"
2,6234,"independent"
0,6235,"independent"
2,6236,"independent"
2,6237,"independent"
0,6238,"independent"
2,6239,"independent"
2,6240,"independent"
2,6241,"independent"
0,6242,"independent"
2,6243,"independent"
0,6244,"independent"
0,6245,"independent"
2,6246,"independent"
0,6247,"independent"
2,6248,"independent"
0,6249,"independent"
0,6250,"independent"
2,6251,"independent"
0,6252,"independent"
2,6253,"independent"
2,6254,"independent"
2,6255,"independent"
2,6256,"independent"
2,6257,"independent"
0,6258,"independent"
0,6259,"independent"
2,6260,"independent"
2,6261,"independent"
2,6262,"independent"
0,6263,"independent"
2,6264,"independent"
2,6265,"independent"
0,6266,"independent"
0,6267,"independent"
2,6268,"independent"
2,6269,"independent"
0,6270,"independent"
2,6271,"independent"
2,6272,"independent"
2,6273,"independent"
0,6274,"independent"
2,6275,"independent"
0,6276,"independent"
0,6277,"independent"
2,6278,"independent"
2,6279,"independent"
2,6280,"independent"
0,6281,"independent"
0,6282,"independent"
2,6283,"independent"
2,6284,"independent"
0,6285,"independent"
2,6286,"independent"
2,6287,"independent"
2,6288,"independent"
0,6289,"independent"
0,6290,"independent"
0,6291,"independent"
0,6292,"independent"
0,6293,"independent"
0,6294,"independent"
0,6295,"independent"
2,6296,"independent"
0,6297,"independent"
2,6298,"independent"
2,6299,"independent"
0,6300,"independent"
0,6301,"independent"
0,6302,"independent"
2,6303,"independent"
2,6304,"independent"
0,6305,"independent"
2,6306,"independent"
0,6307,"independent"
0,6308,"independent"
2,6309,"independent"
2,6310,"independent"
2,6311,"independent"
0,6312,"independent"
2,6313,"independent"
2,6314,"independent"
2,6315,"independent"
2,6316,"independent"
2,6317,"independent"
2,6318,"independent"
2,6319,"independent"
0,6320,"independent"
2,6321,"independent"
0,6322,"independent"
0,6323,"independent"
2,6324,"independent"
2,6325,"independent"
0,6326,"independent"
0,6327,"independent"
0,6328,"independent"
0,6329,"independent"
2,6330,"independent"
2,6331,"independent"
2,6332,"independent"
2,6333,"independent"
2,6334,"independent"
2,6335,"independent"
2,6336,"independent"
2,6337,"independent"
0,6338,"independent"
2,6339,"independent"
0,6340,"independent"
2,6341,"independent"
0,6342,"independent"
2,6343,"independent"
0,6344,"independent"
0,6345,"independent"
2,6346,"independent"
0,6347,"independent"
2,6348,"independent"
2,6349,"independent"
2,6350,"independent"
2,6351,"independent"
0,6352,"independent"
0,6353,"independent"
2,6354,"independent"
0,6355,"independent"
2,6356,"independent"
0,6357,"independent"
2,6358,"independent"
0,6359,"independent"
0,6360,"independent"
0,6361,"independent"
0,6362,"independent"
2,6363,"independent"
0,6364,"independent"
2,6365,"independent"
2,6366,"independent"
2,6367,"independent"
2,6368,"independent"
2,6369,"independent"
0,6370,"independent"
0,6371,"independent"
2,6372,"independent"
2,6373,"independent"
2,6374,"independent"
2,6375,"independent"
0,6376,"independent"
2,6377,"independent"
2,6378,"independent"
0,6379,"independent"
2,6380,"independent"
0,6381,"independent"
2,6382,"independent"
2,6383,"independent"
2,6384,"independent"
2,6385,"independent"
0,6386,"independent"
2,6387,"independent"
2,6388,"independent"
0,6389,"independent"
0,6390,"independent"
0,6391,"independent"
2,6392,"independent"
2,6393,"independent"
2,6394,"independent"
2,6395,"independent"
0,6396,"independent"
0,6397,"independent"
2,6398,"independent"
2,6399,"independent"
0,6400,"independent"
2,6401,"independent"
0,6402,"independent"
0,6403,"independent"
0,6404,"independent"
0,6405,"independent"
0,6406,"independent"
0,6407,"independent"
2,6408,"independent"
0,6409,"independent"
2,6410,"independent"
2,6411,"independent"
2,6412,"independent"
2,6413,"independent"
0,6414,"independent"
0,6415,"independent"
2,6416,"independent"
0,6417,"independent"
2,6418,"independent"
2,6419,"independent"
0,6420,"independent"
2,6421,"independent"
0,6422,"independent"
0,6423,"independent"
2,6424,"independent"
2,6425,"independent"
0,6426,"independent"
0,6427,"independent"
0,6428,"independent"
0,6429,"independent"
2,6430,"independent"
2,6431,"independent"
2,6432,"independent"
2,6433,"independent"
2,6434,"independent"
0,6435,"independent"
2,6436,"independent"
0,6437,"independent"
0,6438,"independent"
2,6439,"independent"
2,6440,"independent"
2,6441,"independent"
2,6442,"independent"
0,6443,"independent"
2,6444,"independent"
0,6445,"independent"
0,6446,"independent"
0,6447,"independent"
2,6448,"independent"
0,6449,"independent"
2,6450,"independent"
2,6451,"independent"
2,6452,"independent"
2,6453,"independent"
0,6454,"independent"
0,6455,"independent"
2,6456,"independent"
2,6457,"independent"
2,6458,"independent"
2,6459,"independent"
2,6460,"independent"
0,6461,"independent"
2,6462,"independent"
2,6463,"independent"
2,6464,"independent"
2,6465,"independent"
2,6466,"independent"
2,6467,"independent"
2,6468,"independent"
0,6469,"independent"
0,6470,"independent"
0,6471,"independent"
2,6472,"independent"
0,6473,"independent"
2,6474,"independent"
2,6475,"independent"
2,6476,"independent"
2,6477,"independent"
2,6478,"independent"
2,6479,"independent"
2,6480,"independent"
2,6481,"independent"
2,6482,"independent"
2,6483,"independent"
2,6484,"independent"
2,6485,"independent"
0,6486,"independent"
0,6487,"independent"
0,6488,"independent"
2,6489,"independent"
2,6490,"independent"
2,6491,"independent"
2,6492,"independent"
2,6493,"independent"
0,6494,"independent"
2,6495,"independent"
2,6496,"independent"
2,6497,"independent"
0,6498,"independent"
2,6499,"independent"
0,6500,"independent"
2,6501,"independent"
0,6502,"independent"
0,6503,"independent"
0,6504,"independent"
0,6505,"independent"
0,6506,"independent"
0,6507,"independent"
2,6508,"independent"
2,6509,"independent"
0,6510,"independent"
0,6511,"independent"
2,6512,"independent"
2,6513,"independent"
0,6514,"independent"
2,6515,"independent"
0,6516,"independent"
2,6517,"independent"
2,6518,"independent"
0,6519,"independent"
2,6520,"independent"
2,6521,"independent"
2,6522,"independent"
0,6523,"independent"
0,6524,"independent"
2,6525,"independent"
0,6526,"independent"
2,6527,"independent"
2,6528,"independent"
2,6529,"independent"
0,6530,"independent"
0,6531,"independent"
2,6532,"independent"
2,6533,"independent"
0,6534,"independent"
0,6535,"independent"
0,6536,"independent"
2,6537,"independent"
2,6538,"independent"
2,6539,"independent"
0,6540,"independent"
2,6541,"independent"
0,6542,"independent"
0,6543,"independent"
0,6544,"independent"
2,6545,"independent"
2,6546,"independent"
0,6547,"independent"
2,6548,"independent"
0,6549,"independent"
2,6550,"independent"
0,6551,"independent"
0,6552,"independent"
0,6553,"independent"
2,6554,"independent"
4,6555,"independent"
2,6556,"independent"
2,6557,"independent"
2,6558,"independent"
0,6559,"independent"
0,6560,"independent"
0,6561,"independent"
2,6562,"independent"
0,6563,"independent"
0,6564,"independent"
2,6565,"independent"
2,6566,"independent"
0,6567,"independent"
0,6568,"independent"
2,6569,"independent"
2,6570,"independent"
2,6571,"independent"
2,6572,"independent"
0,6573,"independent"
2,6574,"independent"
2,6575,"independent"
0,6576,"independent"
2,6577,"independent"
0,6578,"independent"
2,6579,"independent"
2,6580,"independent"
0,6581,"independent"
2,6582,"independent"
2,6583,"independent"
0,6584,"independent"
0,6585,"independent"
0,6586,"independent"
0,6587,"independent"
0,6588,"independent"
2,6589,"independent"
0,6590,"independent"
2,6591,"independent"
2,6592,"independent"
2,6593,"independent"
2,6594,"independent"
0,6595,"independent"
2,6596,"independent"
2,6597,"independent"
2,6598,"independent"
2,6599,"independent"
2,6600,"independent"
0,6601,"independent"
0,6602,"independent"
2,6603,"independent"
0,6604,"independent"
0,6605,"independent"
0,6606,"independent"
2,6607,"independent"
0,6608,"independent"
0,6609,"independent"
4,6610,"independent"
0,6611,"independent"
0,6612,"independent"
2,6613,"independent"
2,6614,"independent"
0,6615,"independent"
0,6616,"independent"
2,6617,"independent"
2,6618,"independent"
0,6619,"independent"
2,6620,"independent"
0,6621,"independent"
0,6622,"independent"
2,6623,"independent"
2,6624,"independent"
0,6625,"independent"
0,6626,"independent"
2,6627,"independent"
2,6628,"independent"
0,6629,"independent"
0,6630,"independent"
0,6631,"independent"
2,6632,"independent"
2,6633,"independent"
2,6634,"independent"
2,6635,"independent"
2,6636,"independent"
2,6637,"independent"
2,6638,"independent"
2,6639,"independent"
0,6640,"independent"
2,6641,"independent"
0,6642,"independent"
2,6643,"independent"
2,6644,"independent"
0,6645,"independent"
2,6646,"independent"
2,6647,"independent"
2,6648,"independent"
0,6649,"independent"
0,6650,"independent"
2,6651,"independent"
2,6652,"independent"
2,6653,"independent"
2,6654,"independent"
2,6655,"independent"
0,6656,"independent"
2,6657,"independent"
0,6658,"independent"
2,6659,"independent"
0,6660,"independent"
2,6661,"independent"
0,6662,"independent"
0,6663,"independent"
2,6664,"independent"
2,6665,"independent"
2,6666,"independent"
0,6667,"independent"
0,6668,"independent"
0,6669,"independent"
2,6670,"independent"
2,6671,"independent"
2,6672,"independent"
2,6673,"independent"
2,6674,"independent"
0,6675,"independent"
2,6676,"independent"
0,6677,"independent"
2,6678,"independent"
2,6679,"independent"
2,6680,"independent"
0,6681,"independent"
0,6682,"independent"
0,6683,"independent"
0,6684,"independent"
0,6685,"independent"
2,6686,"independent"
0,6687,"independent"
2,6688,"independent"
2,6689,"independent"
2,6690,"independent"
0,6691,"independent"
0,6692,"independent"
2,6693,"independent"
0,6694,"independent"
2,6695,"independent"
2,6696,"independent"
2,6697,"independent"
0,6698,"independent"
2,6699,"independent"
2,6700,"independent"
2,6701,"independent"
2,6702,"independent"
2,6703,"independent"
0,6704,"independent"
2,6705,"independent"
2,6706,"independent"
2,6707,"independent"
2,6708,"independent"
0,6709,"independent"
2,6710,"independent"
2,6711,"independent"
2,6712,"independent"
2,6713,"independent"
2,6714,"independent"
2,6715,"independent"
0,6716,"independent"
2,6717,"independent"
0,6718,"independent"
0,6719,"independent"
0,6720,"independent"
0,6721,"independent"
0,6722,"independent"
2,6723,"independent"
0,6724,"independent"
2,6725,"independent"
0,6726,"independent"
2,6727,"independent"
2,6728,"independent"
0,6729,"independent"
0,6730,"independent"
2,6731,"independent"
2,6732,"independent"
2,6733,"independent"
2,6734,"independent"
2,6735,"independent"
2,6736,"independent"
0,6737,"independent"
0,6738,"independent"
0,6739,"independent"
2,6740,"independent"
2,6741,"independent"
2,6742,"independent"
2,6743,"independent"
2,6744,"independent"
0,6745,"independent"
2,6746,"independent"
0,6747,"independent"
0,6748,"independent"
2,6749,"independent"
2,6750,"independent"
2,6751,"independent"
0,6752,"independent"
2,6753,"independent"
0,6754,"independent"
0,6755,"independent"
0,6756,"independent"
2,6757,"independent"
0,6758,"independent"
2,6759,"independent"
2,6760,"independent"
0,6761,"independent"
2,6762,"independent"
0,6763,"independent"
0,6764,"independent"
2,6765,"independent"
2,6766,"independent"
0,6767,"independent"
2,6768,"independent"
2,6769,"independent"
0,6770,"independent"
2,6771,"independent"
0,6772,"independent"
0,6773,"independent"
0,6774,"independent"
2,6775,"independent"
0,6776,"independent"
2,6777,"independent"
2,6778,"independent"
2,6779,"independent"
2,6780,"independent"
0,6781,"independent"
2,6782,"independent"
0,6783,"independent"
0,6784,"independent"
0,6785,"independent"
0,6786,"independent"
2,6787,"independent"
0,6788,"independent"
2,6789,"independent"
2,6790,"independent"
0,6791,"independent"
2,6792,"independent"
2,6793,"independent"
0,6794,"independent"
2,6795,"independent"
0,6796,"independent"
2,6797,"independent"
2,6798,"independent"
2,6799,"independent"
2,6800,"independent"
0,6801,"independent"
2,6802,"independent"
2,6803,"independent"
2,6804,"independent"
2,6805,"independent"
0,6806,"independent"
2,6807,"independent"
2,6808,"independent"
0,6809,"independent"
0,6810,"independent"
2,6811,"independent"
0,6812,"independent"
2,6813,"independent"
2,6814,"independent"
0,6815,"independent"
2,6816,"independent"
0,6817,"independent"
2,6818,"independent"
2,6819,"independent"
2,6820,"independent"
2,6821,"independent"
0,6822,"independent"
2,6823,"independent"
0,6824,"independent"
0,6825,"independent"
0,6826,"independent"
0,6827,"independent"
2,6828,"independent"
0,6829,"independent"
0,6830,"independent"
0,6831,"independent"
2,6832,"independent"
0,6833,"independent"
0,6834,"independent"
0,6835,"independent"
0,6836,"independent"
2,6837,"independent"
2,6838,"independent"
0,6839,"independent"
0,6840,"independent"
0,6841,"independent"
0,6842,"independent"
2,6843,"independent"
0,6844,"independent"
0,6845,"independent"
2,6846,"independent"
2,6847,"independent"
2,6848,"independent"
0,6849,"independent"
0,6850,"independent"
2,6851,"independent"
2,6852,"independent"
2,6853,"independent"
0,6854,"independent"
0,6855,"independent"
2,6856,"independent"
0,6857,"independent"
2,6858,"independent"
2,6859,"independent"
2,6860,"independent"
2,6861,"independent"
2,6862,"independent"
0,6863,"independent"
0,6864,"independent"
0,6865,"independent"
0,6866,"independent"
0,6867,"independent"
2,6868,"independent"
2,6869,"independent"
0,6870,"independent"
2,6871,"independent"
2,6872,"independent"
2,6873,"independent"
0,6874,"independent"
0,6875,"independent"
2,6876,"independent"
0,6877,"independent"
2,6878,"independent"
0,6879,"independent"
4,6880,"independent"
0,6881,"independent"
2,6882,"independent"
2,6883,"independent"
0,6884,"independent"
0,6885,"independent"
0,6886,"independent"
0,6887,"independent"
2,6888,"independent"
2,6889,"independent"
2,6890,"independent"
0,6891,"independent"
2,6892,"independent"
2,6893,"independent"
0,6894,"independent"
2,6895,"independent"
2,6896,"independent"
2,6897,"independent"
2,6898,"independent"
2,6899,"independent"
2,6900,"independent"
0,6901,"independent"
2,6902,"independent"
0,6903,"independent"
2,6904,"independent"
0,6905,"independent"
2,6906,"independent"
0,6907,"independent"
0,6908,"independent"
2,6909,"independent"
2,6910,"independent"
2,6911,"independent"
2,6912,"independent"
0,6913,"independent"
0,6914,"independent"
2,6915,"independent"
2,6916,"independent"
0,6917,"independent"
2,6918,"independent"
2,6919,"independent"
0,6920,"independent"
2,6921,"independent"
2,6922,"independent"
0,6923,"independent"
2,6924,"independent"
4,6925,"independent"
2,6926,"independent"
2,6927,"independent"
2,6928,"independent"
2,6929,"independent"
2,6930,"independent"
0,6931,"independent"
2,6932,"independent"
0,6933,"independent"
0,6934,"independent"
0,6935,"independent"
2,6936,"independent"
2,6937,"independent"
0,6938,"independent"
2,6939,"independent"
0,6940,"independent"
2,6941,"independent"
2,6942,"independent"
2,6943,"independent"
2,6944,"independent"
0,6945,"independent"
2,6946,"independent"
0,6947,"independent"
0,6948,"independent"
2,6949,"independent"
2,6950,"independent"
0,6951,"independent"
2,6952,"independent"
0,6953,"independent"
2,6954,"independent"
0,6955,"independent"
0,6956,"independent"
2,6957,"independent"
2,6958,"independent"
0,6959,"independent"
0,6960,"independent"
2,6961,"independent"
0,6962,"independent"
2,6963,"independent"
2,6964,"independent"
2,6965,"independent"
2,6966,"independent"
2,6967,"independent"
2,6968,"independent"
2,6969,"independent"
0,6970,"independent"
0,6971,"independent"
2,6972,"independent"
2,6973,"independent"
0,6974,"independent"
0,6975,"independent"
2,6976,"independent"
0,6977,"independent"
2,6978,"independent"
0,6979,"independent"
0,6980,"independent"
0,6981,"independent"
2,6982,"independent"
0,6983,"independent"
2,6984,"independent"
2,6985,"independent"
0,6986,"independent"
2,6987,"independent"
2,6988,"independent"
0,6989,"independent"
0,6990,"independent"
0,6991,"independent"
2,6992,"independent"
0,6993,"independent"
2,6994,"independent"
2,6995,"independent"
2,6996,"independent"
0,6997,"independent"
0,6998,"independent"
0,6999,"independent"
2,7000,"independent"
2,7001,"independent"
0,7002,"independent"
2,7003,"independent"
0,7004,"independent"
0,7005,"independent"
0,7006,"independent"
2,7007,"independent"
2,7008,"independent"
0,7009,"independent"
0,7010,"independent"
0,7011,"independent"
0,7012,"independent"
2,7013,"independent"
2,7014,"independent"
2,7015,"independent"
2,7016,"independent"
2,7017,"independent"
0,7018,"independent"
2,7019,"independent"
0,7020,"independent"
4,7021,"independent"
0,7022,"independent"
2,7023,"independent"
2,7024,"independent"
0,7025,"independent"
2,7026,"independent"
0,7027,"independent"
0,7028,"independent"
2,7029,"independent"
0,7030,"independent"
0,7031,"independent"
0,7032,"independent"
2,7033,"independent"
0,7034,"independent"
2,7035,"independent"
0,7036,"independent"
2,7037,"independent"
2,7038,"independent"
0,7039,"independent"
2,7040,"independent"
2,7041,"independent"
2,7042,"independent"
2,7043,"independent"
2,7044,"independent"
0,7045,"independent"
2,7046,"independent"
0,7047,"independent"
2,7048,"independent"
2,7049,"independent"
2,7050,"independent"
2,7051,"independent"
0,7052,"independent"
0,7053,"independent"
2,7054,"independent"
2,7055,"independent"
0,7056,"independent"
2,7057,"independent"
0,7058,"independent"
2,7059,"independent"
2,7060,"independent"
2,7061,"independent"
2,7062,"independent"
0,7063,"independent"
2,7064,"independent"
2,7065,"independent"
2,7066,"independent"
0,7067,"independent"
2,7068,"independent"
2,7069,"independent"
2,7070,"independent"
2,7071,"independent"
2,7072,"independent"
0,7073,"independent"
0,7074,"independent"
2,7075,"independent"
2,7076,"independent"
0,7077,"independent"
0,7078,"independent"
2,7079,"independent"
2,7080,"independent"
2,7081,"independent"
0,7082,"independent"
2,7083,"independent"
0,7084,"independent"
2,7085,"independent"
2,7086,"independent"
0,7087,"independent"
0,7088,"independent"
0,7089,"independent"
2,7090,"independent"
0,7091,"independent"
0,7092,"independent"
2,7093,"independent"
2,7094,"independent"
2,7095,"independent"
2,7096,"independent"
2,7097,"independent"
2,7098,"independent"
2,7099,"independent"
2,7100,"independent"
0,7101,"independent"
2,7102,"independent"
0,7103,"independent"
2,7104,"independent"
0,7105,"independent"
2,7106,"independent"
0,7107,"independent"
0,7108,"independent"
2,7109,"independent"
2,7110,"independent"
2,7111,"independent"
2,7112,"independent"
0,7113,"independent"
2,7114,"independent"
0,7115,"independent"
0,7116,"independent"
0,7117,"independent"
0,7118,"independent"
0,7119,"independent"
0,7120,"independent"
2,7121,"independent"
2,7122,"independent"
2,7123,"independent"
2,7124,"independent"
2,7125,"independent"
0,7126,"independent"
2,7127,"independent"
0,7128,"independent"
2,7129,"independent"
2,7130,"independent"
0,7131,"independent"
0,7132,"independent"
0,7133,"independent"
2,7134,"independent"
2,7135,"independent"
2,7136,"independent"
4,7137,"independent"
2,7138,"independent"
2,7139,"independent"
2,7140,"independent"
0,7141,"independent"
2,7142,"independent"
2,7143,"independent"
2,7144,"independent"
2,7145,"independent"
2,7146,"independent"
2,7147,"independent"
2,7148,"independent"
2,7149,"independent"
2,7150,"independent"
2,7151,"independent"
0,7152,"independent"
0,7153,"independent"
2,7154,"independent"
2,7155,"independent"
2,7156,"independent"
2,7157,"independent"
2,7158,"independent"
2,7159,"independent"
0,7160,"independent"
0,7161,"independent"
2,7162,"independent"
2,7163,"independent"
0,7164,"independent"
0,7165,"independent"
0,7166,"independent"
0,7167,"independent"
0,7168,"independent"
2,7169,"independent"
2,7170,"independent"
2,7171,"independent"
0,7172,"independent"
2,7173,"independent"
2,7174,"independent"
0,7175,"independent"
2,7176,"independent"
2,7177,"independent"
2,7178,"independent"
4,7179,"independent"
2,7180,"independent"
2,7181,"independent"
2,7182,"independent"
2,7183,"independent"
2,7184,"independent"
0,7185,"independent"
2,7186,"independent"
2,7187,"independent"
2,7188,"independent"
2,7189,"independent"
0,7190,"independent"
2,7191,"independent"
2,7192,"independent"
2,7193,"independent"
0,7194,"independent"
2,7195,"independent"
0,7196,"independent"
2,7197,"independent"
2,7198,"independent"
0,7199,"independent"
2,7200,"independent"
2,7201,"independent"
2,7202,"independent"
0,7203,"independent"
0,7204,"independent"
2,7205,"independent"
0,7206,"independent"
2,7207,"independent"
2,7208,"independent"
2,7209,"independent"
2,7210,"independent"
2,7211,"independent"
0,7212,"independent"
2,7213,"independent"
2,7214,"independent"
0,7215,"independent"
2,7216,"independent"
2,7217,"independent"
0,7218,"independent"
2,7219,"independent"
2,7220,"independent"
0,7221,"independent"
0,7222,"independent"
0,7223,"independent"
0,7224,"independent"
0,7225,"independent"
0,7226,"independent"
0,7227,"independent"
0,7228,"independent"
0,7229,"independent"
2,7230,"independent"
0,7231,"independent"
2,7232,"independent"
2,7233,"independent"
0,7234,"independent"
2,7235,"independent"
0,7236,"independent"
2,7237,"independent"
4,7238,"independent"
2,7239,"independent"
2,7240,"independent"
2,7241,"independent"
2,7242,"independent"
2,7243,"independent"
2,7244,"independent"
2,7245,"independent"
2,7246,"independent"
0,7247,"independent"
2,7248,"independent"
0,7249,"independent"
2,7250,"independent"
2,7251,"independent"
2,7252,"independent"
2,7253,"independent"
2,7254,"independent"
0,7255,"independent"
0,7256,"independent"
0,7257,"independent"
2,7258,"independent"
4,7259,"independent"
4,7260,"independent"
0,7261,"independent"
0,7262,"independent"
2,7263,"independent"
0,7264,"independent"
2,7265,"independent"
0,7266,"independent"
0,7267,"independent"
2,7268,"independent"
0,7269,"independent"
0,7270,"independent"
2,7271,"independent"
0,7272,"independent"
2,7273,"independent"
0,7274,"independent"
2,7275,"independent"
4,7276,"independent"
0,7277,"independent"
2,7278,"independent"
2,7279,"independent"
2,7280,"independent"
2,7281,"independent"
0,7282,"independent"
2,7283,"independent"
0,7284,"independent"
0,7285,"independent"
2,7286,"independent"
0,7287,"independent"
2,7288,"independent"
2,7289,"independent"
2,7290,"independent"
2,7291,"independent"
2,7292,"independent"
2,7293,"independent"
2,7294,"independent"
2,7295,"independent"
2,7296,"independent"
0,7297,"independent"
2,7298,"independent"
0,7299,"independent"
0,7300,"independent"
2,7301,"independent"
0,7302,"independent"
2,7303,"independent"
2,7304,"independent"
2,7305,"independent"
0,7306,"independent"
2,7307,"independent"
2,7308,"independent"
2,7309,"independent"
2,7310,"independent"
0,7311,"independent"
2,7312,"independent"
0,7313,"independent"
2,7314,"independent"
0,7315,"independent"
0,7316,"independent"
2,7317,"independent"
2,7318,"independent"
2,7319,"independent"
2,7320,"independent"
0,7321,"independent"
0,7322,"independent"
2,7323,"independent"
2,7324,"independent"
2,7325,"independent"
0,7326,"independent"
2,7327,"independent"
0,7328,"independent"
2,7329,"independent"
2,7330,"independent"
2,7331,"independent"
0,7332,"independent"
0,7333,"independent"
0,7334,"independent"
2,7335,"independent"
0,7336,"independent"
0,7337,"independent"
2,7338,"independent"
0,7339,"independent"
0,7340,"independent"
2,7341,"independent"
2,7342,"independent"
0,7343,"independent"
0,7344,"independent"
2,7345,"independent"
0,7346,"independent"
0,7347,"independent"
0,7348,"independent"
0,7349,"independent"
2,7350,"independent"
0,7351,"independent"
0,7352,"independent"
0,7353,"independent"
2,7354,"independent"
2,7355,"independent"
0,7356,"independent"
0,7357,"independent"
2,7358,"independent"
2,7359,"independent"
0,7360,"independent"
0,7361,"independent"
0,7362,"independent"
2,7363,"independent"
0,7364,"independent"
0,7365,"independent"
0,7366,"independent"
0,7367,"independent"
2,7368,"independent"
0,7369,"independent"
2,7370,"independent"
2,7371,"independent"
0,7372,"independent"
2,7373,"independent"
0,7374,"independent"
2,7375,"independent"
2,7376,"independent"
2,7377,"independent"
2,7378,"independent"
0,7379,"independent"
0,7380,"independent"
2,7381,"independent"
0,7382,"independent"
0,7383,"independent"
0,7384,"independent"
0,7385,"independent"
0,7386,"independent"
2,7387,"independent"
2,7388,"independent"
0,7389,"independent"
2,7390,"independent"
0,7391,"independent"
0,7392,"independent"
2,7393,"independent"
0,7394,"independent"
2,7395,"independent"
0,7396,"independent"
0,7397,"independent"
0,7398,"independent"
0,7399,"independent"
0,7400,"independent"
2,7401,"independent"
2,7402,"independent"
0,7403,"independent"
0,7404,"independent"
0,7405,"independent"
2,7406,"independent"
0,7407,"independent"
0,7408,"independent"
2,7409,"independent"
0,7410,"independent"
2,7411,"independent"
2,7412,"independent"
0,7413,"independent"
2,7414,"independent"
0,7415,"independent"
2,7416,"independent"
0,7417,"independent"
0,7418,"independent"
2,7419,"independent"
0,7420,"independent"
4,7421,"independent"
2,7422,"independent"
0,7423,"independent"
0,7424,"independent"
2,7425,"independent"
0,7426,"independent"
2,7427,"independent"
2,7428,"independent"
0,7429,"independent"
0,7430,"independent"
0,7431,"independent"
2,7432,"independent"
0,7433,"independent"
0,7434,"independent"
0,7435,"independent"
0,7436,"independent"
2,7437,"independent"
2,7438,"independent"
0,7439,"independent"
2,7440,"independent"
2,7441,"independent"
2,7442,"independent"
2,7443,"independent"
0,7444,"independent"
0,7445,"independent"
2,7446,"independent"
0,7447,"independent"
2,7448,"independent"
2,7449,"independent"
0,7450,"independent"
0,7451,"independent"
2,7452,"independent"
2,7453,"independent"
0,7454,"independent"
2,7455,"independent"
2,7456,"independent"
0,7457,"independent"
0,7458,"independent"
0,7459,"independent"
2,7460,"independent"
0,7461,"independent"
2,7462,"independent"
2,7463,"independent"
0,7464,"independent"
2,7465,"independent"
0,7466,"independent"
2,7467,"independent"
2,7468,"independent"
2,7469,"independent"
2,7470,"independent"
2,7471,"independent"
0,7472,"independent"
2,7473,"independent"
2,7474,"independent"
2,7475,"independent"
0,7476,"independent"
2,7477,"independent"
2,7478,"independent"
0,7479,"independent"
2,7480,"independent"
0,7481,"independent"
2,7482,"independent"
2,7483,"independent"
0,7484,"independent"
2,7485,"independent"
0,7486,"independent"
2,7487,"independent"
0,7488,"independent"
2,7489,"independent"
2,7490,"independent"
2,7491,"independent"
0,7492,"independent"
2,7493,"independent"
2,7494,"independent"
0,7495,"independent"
0,7496,"independent"
2,7497,"independent"
0,7498,"independent"
2,7499,"independent"
2,7500,"independent"
2,7501,"independent"
0,7502,"independent"
2,7503,"independent"
2,7504,"independent"
2,7505,"independent"
2,7506,"independent"
2,7507,"independent"
0,7508,"independent"
2,7509,"independent"
2,7510,"independent"
0,7511,"independent"
0,7512,"independent"
2,7513,"independent"
2,7514,"independent"
0,7515,"independent"
2,7516,"independent"
2,7517,"independent"
0,7518,"independent"
0,7519,"independent"
0,7520,"independent"
0,7521,"independent"
0,7522,"independent"
2,7523,"independent"
2,7524,"independent"
0,7525,"independent"
2,7526,"independent"
0,7527,"independent"
2,7528,"independent"
0,7529,"independent"
2,7530,"independent"
2,7531,"independent"
2,7532,"independent"
2,7533,"independent"
2,7534,"independent"
2,7535,"independent"
2,7536,"independent"
0,7537,"independent"
2,7538,"independent"
0,7539,"independent"
2,7540,"independent"
2,7541,"independent"
2,7542,"independent"
2,7543,"independent"
0,7544,"independent"
0,7545,"independent"
2,7546,"independent"
0,7547,"independent"
2,7548,"independent"
0,7549,"independent"
2,7550,"independent"
2,7551,"independent"
2,7552,"independent"
2,7553,"independent"
2,7554,"independent"
2,7555,"independent"
2,7556,"independent"
2,7557,"independent"
2,7558,"independent"
2,7559,"independent"
2,7560,"independent"
2,7561,"independent"
0,7562,"independent"
0,7563,"independent"
0,7564,"independent"
0,7565,"independent"
0,7566,"independent"
2,7567,"independent"
2,7568,"independent"
2,7569,"independent"
0,7570,"independent"
2,7571,"independent"
2,7572,"independent"
2,7573,"independent"
2,7574,"independent"
2,7575,"independent"
2,7576,"independent"
4,7577,"independent"
2,7578,"independent"
0,7579,"independent"
0,7580,"independent"
0,7581,"independent"
2,7582,"independent"
2,7583,"independent"
0,7584,"independent"
0,7585,"independent"
2,7586,"independent"
2,7587,"independent"
2,7588,"independent"
0,7589,"independent"
2,7590,"independent"
2,7591,"independent"
0,7592,"independent"
0,7593,"independent"
2,7594,"independent"
2,7595,"independent"
2,7596,"independent"
2,7597,"independent"
2,7598,"independent"
2,7599,"independent"
2,7600,"independent"
2,7601,"independent"
0,7602,"independent"
0,7603,"independent"
4,7604,"independent"
2,7605,"independent"
0,7606,"independent"
0,7607,"independent"
2,7608,"independent"
0,7609,"independent"
2,7610,"independent"
2,7611,"independent"
2,7612,"independent"
0,7613,"independent"
0,7614,"independent"
2,7615,"independent"
2,7616,"independent"
2,7617,"independent"
0,7618,"independent"
2,7619,"independent"
0,7620,"independent"
0,7621,"independent"
0,7622,"independent"
2,7623,"independent"
0,7624,"independent"
2,7625,"independent"
0,7626,"independent"
2,7627,"independent"
2,7628,"independent"
2,7629,"independent"
0,7630,"independent"
2,7631,"independent"
0,7632,"independent"
2,7633,"independent"
2,7634,"independent"
2,7635,"independent"
0,7636,"independent"
0,7637,"independent"
0,7638,"independent"
2,7639,"independent"
2,7640,"independent"
2,7641,"independent"
0,7642,"independent"
0,7643,"independent"
0,7644,"independent"
2,7645,"independent"
2,7646,"independent"
2,7647,"independent"
2,7648,"independent"
0,7649,"independent"
2,7650,"independent"
0,7651,"independent"
0,7652,"independent"
0,7653,"independent"
0,7654,"independent"
0,7655,"independent"
0,7656,"independent"
2,7657,"independent"
0,7658,"independent"
2,7659,"independent"
0,7660,"independent"
2,7661,"independent"
0,7662,"independent"
0,7663,"independent"
0,7664,"independent"
2,7665,"independent"
0,7666,"independent"
2,7667,"independent"
2,7668,"independent"
2,7669,"independent"
2,7670,"independent"
0,7671,"independent"
0,7672,"independent"
0,7673,"independent"
0,7674,"independent"
2,7675,"independent"
0,7676,"independent"
0,7677,"independent"
2,7678,"independent"
2,7679,"independent"
0,7680,"independent"
2,7681,"independent"
0,7682,"independent"
2,7683,"independent"
2,7684,"independent"
2,7685,"independent"
0,7686,"independent"
2,7687,"independent"
0,7688,"independent"
0,7689,"independent"
2,7690,"independent"
2,7691,"independent"
2,7692,"independent"
0,7693,"independent"
2,7694,"independent"
0,7695,"independent"
2,7696,"independent"
0,7697,"independent"
4,7698,"independent"
2,7699,"independent"
2,7700,"independent"
2,7701,"independent"
0,7702,"independent"
2,7703,"independent"
2,7704,"independent"
2,7705,"independent"
2,7706,"independent"
2,7707,"independent"
0,7708,"independent"
0,7709,"independent"
2,7710,"independent"
0,7711,"independent"
4,7712,"independent"
2,7713,"independent"
2,7714,"independent"
0,7715,"independent"
0,7716,"independent"
2,7717,"independent"
2,7718,"independent"
0,7719,"independent"
2,7720,"independent"
0,7721,"independent"
2,7722,"independent"
2,7723,"independent"
2,7724,"independent"
2,7725,"independent"
2,7726,"independent"
2,7727,"independent"
0,7728,"independent"
2,7729,"independent"
2,7730,"independent"
0,7731,"independent"
0,7732,"independent"
0,7733,"independent"
2,7734,"independent"
2,7735,"independent"
2,7736,"independent"
2,7737,"independent"
2,7738,"independent"
2,7739,"independent"
2,7740,"independent"
0,7741,"independent"
2,7742,"independent"
0,7743,"independent"
2,7744,"independent"
2,7745,"independent"
2,7746,"independent"
0,7747,"independent"
2,7748,"independent"
0,7749,"independent"
2,7750,"independent"
2,7751,"independent"
0,7752,"independent"
4,7753,"independent"
2,7754,"independent"
2,7755,"independent"
2,7756,"independent"
0,7757,"independent"
2,7758,"independent"
2,7759,"independent"
0,7760,"independent"
0,7761,"independent"
0,7762,"independent"
0,7763,"independent"
0,7764,"independent"
0,7765,"independent"
0,7766,"independent"
0,7767,"independent"
2,7768,"independent"
2,7769,"independent"
2,7770,"independent"
2,7771,"independent"
2,7772,"independent"
0,7773,"independent"
2,7774,"independent"
2,7775,"independent"
2,7776,"independent"
2,7777,"independent"
0,7778,"independent"
2,7779,"independent"
2,7780,"independent"
2,7781,"independent"
0,7782,"independent"
2,7783,"independent"
0,7784,"independent"
0,7785,"independent"
2,7786,"independent"
2,7787,"independent"
0,7788,"independent"
2,7789,"independent"
2,7790,"independent"
2,7791,"independent"
0,7792,"independent"
0,7793,"independent"
2,7794,"independent"
2,7795,"independent"
2,7796,"independent"
2,7797,"independent"
2,7798,"independent"
2,7799,"independent"
0,7800,"independent"
2,7801,"independent"
2,7802,"independent"
0,7803,"independent"
2,7804,"independent"
0,7805,"independent"
0,7806,"independent"
2,7807,"independent"
0,7808,"independent"
2,7809,"independent"
2,7810,"independent"
2,7811,"independent"
0,7812,"independent"
0,7813,"independent"
0,7814,"independent"
2,7815,"independent"
0,7816,"independent"
0,7817,"independent"
2,7818,"independent"
0,7819,"independent"
0,7820,"independent"
2,7821,"independent"
2,7822,"independent"
0,7823,"independent"
0,7824,"independent"
2,7825,"independent"
2,7826,"independent"
2,7827,"independent"
2,7828,"independent"
2,7829,"independent"
2,7830,"independent"
0,7831,"independent"
2,7832,"independent"
0,7833,"independent"
0,7834,"independent"
0,7835,"independent"
2,7836,"independent"
2,7837,"independent"
2,7838,"independent"
0,7839,"independent"
0,7840,"independent"
2,7841,"independent"
2,7842,"independent"
0,7843,"independent"
2,7844,"independent"
0,7845,"independent"
0,7846,"independent"
0,7847,"independent"
2,7848,"independent"
2,7849,"independent"
0,7850,"independent"
2,7851,"independent"
0,7852,"independent"
0,7853,"independent"
2,7854,"independent"
2,7855,"independent"
2,7856,"independent"
0,7857,"independent"
4,7858,"independent"
2,7859,"independent"
0,7860,"independent"
0,7861,"independent"
0,7862,"independent"
2,7863,"independent"
0,7864,"independent"
0,7865,"independent"
0,7866,"independent"
2,7867,"independent"
2,7868,"independent"
2,7869,"independent"
0,7870,"independent"
2,7871,"independent"
0,7872,"independent"
0,7873,"independent"
2,7874,"independent"
2,7875,"independent"
2,7876,"independent"
0,7877,"independent"
2,7878,"independent"
2,7879,"independent"
0,7880,"independent"
2,7881,"independent"
2,7882,"independent"
0,7883,"independent"
0,7884,"independent"
0,7885,"independent"
0,7886,"independent"
0,7887,"independent"
2,7888,"independent"
2,7889,"independent"
2,7890,"independent"
0,7891,"independent"
2,7892,"independent"
0,7893,"independent"
2,7894,"independent"
2,7895,"independent"
0,7896,"independent"
0,7897,"independent"
0,7898,"independent"
0,7899,"independent"
0,7900,"independent"
2,7901,"independent"
2,7902,"independent"
0,7903,"independent"
0,7904,"independent"
0,7905,"independent"
2,7906,"independent"
2,7907,"independent"
2,7908,"independent"
4,7909,"independent"
2,7910,"independent"
0,7911,"independent"
0,7912,"independent"
2,7913,"independent"
2,7914,"independent"
2,7915,"independent"
2,7916,"independent"
2,7917,"independent"
2,7918,"independent"
2,7919,"independent"
0,7920,"independent"
2,7921,"independent"
2,7922,"independent"
2,7923,"independent"
2,7924,"independent"
2,7925,"independent"
0,7926,"independent"
0,7927,"independent"
0,7928,"independent"
0,7929,"independent"
0,7930,"independent"
2,7931,"independent"
2,7932,"independent"
2,7933,"independent"
0,7934,"independent"
2,7935,"independent"
0,7936,"independent"
0,7937,"independent"
2,7938,"independent"
2,7939,"independent"
0,7940,"independent"
2,7941,"independent"
2,7942,"independent"
0,7943,"independent"
0,7944,"independent"
2,7945,"independent"
2,7946,"independent"
2,7947,"independent"
0,7948,"independent"
0,7949,"independent"
0,7950,"independent"
2,7951,"independent"
2,7952,"independent"
2,7953,"independent"
2,7954,"independent"
0,7955,"independent"
2,7956,"independent"
2,7957,"independent"
2,7958,"independent"
2,7959,"independent"
2,7960,"independent"
2,7961,"independent"
0,7962,"independent"
2,7963,"independent"
2,7964,"independent"
2,7965,"independent"
2,7966,"independent"
0,7967,"independent"
0,7968,"independent"
0,7969,"independent"
0,7970,"independent"
0,7971,"independent"
2,7972,"independent"
2,7973,"independent"
2,7974,"independent"
2,7975,"independent"
2,7976,"independent"
2,7977,"independent"
2,7978,"independent"
0,7979,"independent"
0,7980,"independent"
0,7981,"independent"
2,7982,"independent"
2,7983,"independent"
2,7984,"independent"
2,7985,"independent"
2,7986,"independent"
2,7987,"independent"
0,7988,"independent"
0,7989,"independent"
2,7990,"independent"
0,7991,"independent"
2,7992,"independent"
2,7993,"independent"
0,7994,"independent"
2,7995,"independent"
0,7996,"independent"
0,7997,"independent"
2,7998,"independent"
2,7999,"independent"
0,8000,"independent"
0,8001,"independent"
0,8002,"independent"
2,8003,"independent"
0,8004,"independent"
2,8005,"independent"
2,8006,"independent"
0,8007,"independent"
0,8008,"independent"
2,8009,"independent"
2,8010,"independent"
2,8011,"independent"
2,8012,"independent"
2,8013,"independent"
0,8014,"independent"
0,8015,"independent"
2,8016,"independent"
2,8017,"independent"
2,8018,"independent"
2,8019,"independent"
2,8020,"independent"
2,8021,"independent"
0,8022,"independent"
0,8023,"independent"
2,8024,"independent"
0,8025,"independent"
2,8026,"independent"
2,8027,"independent"
4,8028,"independent"
2,8029,"independent"
2,8030,"independent"
2,8031,"independent"
0,8032,"independent"
2,8033,"independent"
2,8034,"independent"
2,8035,"independent"
2,8036,"independent"
0,8037,"independent"
2,8038,"independent"
2,8039,"independent"
2,8040,"independent"
2,8041,"independent"
2,8042,"independent"
2,8043,"independent"
0,8044,"independent"
2,8045,"independent"
2,8046,"independent"
0,8047,"independent"
2,8048,"independent"
0,8049,"independent"
2,8050,"independent"
2,8051,"independent"
0,8052,"independent"
0,8053,"independent"
2,8054,"independent"
0,8055,"independent"
2,8056,"independent"
0,8057,"independent"
0,8058,"independent"
2,8059,"independent"
0,8060,"independent"
2,8061,"independent"
0,8062,"independent"
0,8063,"independent"
2,8064,"independent"
0,8065,"independent"
0,8066,"independent"
2,8067,"independent"
2,8068,"independent"
2,8069,"independent"
2,8070,"independent"
2,8071,"independent"
2,8072,"independent"
2,8073,"independent"
2,8074,"independent"
2,8075,"independent"
0,8076,"independent"
2,8077,"independent"
2,8078,"independent"
2,8079,"independent"
0,8080,"independent"
0,8081,"independent"
2,8082,"independent"
0,8083,"independent"
0,8084,"independent"
0,8085,"independent"
2,8086,"independent"
0,8087,"independent"
2,8088,"independent"
0,8089,"independent"
2,8090,"independent"
2,8091,"independent"
2,8092,"independent"
2,8093,"independent"
2,8094,"independent"
2,8095,"independent"
0,8096,"independent"
2,8097,"independent"
2,8098,"independent"
2,8099,"independent"
0,8100,"independent"
2,8101,"independent"
2,8102,"independent"
2,8103,"independent"
0,8104,"independent"
2,8105,"independent"
0,8106,"independent"
0,8107,"independent"
2,8108,"independent"
2,8109,"independent"
2,8110,"independent"
0,8111,"independent"
2,8112,"independent"
2,8113,"independent"
0,8114,"independent"
2,8115,"independent"
2,8116,"independent"
0,8117,"independent"
2,8118,"independent"
2,8119,"independent"
2,8120,"independent"
2,8121,"independent"
0,8122,"independent"
2,8123,"independent"
0,8124,"independent"
2,8125,"independent"
2,8126,"independent"
2,8127,"independent"
2,8128,"independent"
0,8129,"independent"
0,8130,"independent"
0,8131,"independent"
2,8132,"independent"
0,8133,"independent"
0,8134,"independent"
2,8135,"independent"
2,8136,"independent"
0,8137,"independent"
2,8138,"independent"
0,8139,"independent"
2,8140,"independent"
2,8141,"independent"
2,8142,"independent"
2,8143,"independent"
0,8144,"independent"
0,8145,"independent"
2,8146,"independent"
0,8147,"independent"
2,8148,"independent"
0,8149,"independent"
2,8150,"independent"
0,8151,"independent"
2,8152,"independent"
0,8153,"independent"
0,8154,"independent"
2,8155,"independent"
2,8156,"independent"
0,8157,"independent"
0,8158,"independent"
2,8159,"independent"
2,8160,"independent"
2,8161,"independent"
0,8162,"independent"
2,8163,"independent"
2,8164,"independent"
0,8165,"independent"
2,8166,"independent"
0,8167,"independent"
0,8168,"independent"
2,8169,"independent"
2,8170,"independent"
2,8171,"independent"
0,8172,"independent"
2,8173,"independent"
0,8174,"independent"
0,8175,"independent"
2,8176,"independent"
0,8177,"independent"
0,8178,"independent"
2,8179,"independent"
2,8180,"independent"
2,8181,"independent"
2,8182,"independent"
2,8183,"independent"
2,8184,"independent"
0,8185,"independent"
0,8186,"independent"
2,8187,"independent"
2,8188,"independent"
0,8189,"independent"
0,8190,"independent"
2,8191,"independent"
2,8192,"independent"
2,8193,"independent"
2,8194,"independent"
2,8195,"independent"
0,8196,"independent"
2,8197,"independent"
0,8198,"independent"
0,8199,"independent"
2,8200,"independent"
0,8201,"independent"
2,8202,"independent"
2,8203,"independent"
2,8204,"independent"
0,8205,"independent"
0,8206,"independent"
2,8207,"independent"
0,8208,"independent"
2,8209,"independent"
2,8210,"independent"
0,8211,"independent"
2,8212,"independent"
0,8213,"independent"
2,8214,"independent"
2,8215,"independent"
2,8216,"independent"
0,8217,"independent"
2,8218,"independent"
2,8219,"independent"
0,8220,"independent"
0,8221,"independent"
2,8222,"independent"
0,8223,"independent"
2,8224,"independent"
2,8225,"independent"
2,8226,"independent"
2,8227,"independent"
2,8228,"independent"
2,8229,"independent"
0,8230,"independent"
0,8231,"independent"
0,8232,"independent"
0,8233,"independent"
0,8234,"independent"
0,8235,"independent"
2,8236,"independent"
0,8237,"independent"
2,8238,"independent"
2,8239,"independent"
2,8240,"independent"
2,8241,"independent"
2,8242,"independent"
2,8243,"independent"
2,8244,"independent"
2,8245,"independent"
0,8246,"independent"
0,8247,"independent"
2,8248,"independent"
0,8249,"independent"
0,8250,"independent"
0,8251,"independent"
0,8252,"independent"
2,8253,"independent"
2,8254,"independent"
2,8255,"independent"
2,8256,"independent"
0,8257,"independent"
0,8258,"independent"
2,8259,"independent"
0,8260,"independent"
0,8261,"independent"
0,8262,"independent"
2,8263,"independent"
0,8264,"independent"
4,8265,"independent"
0,8266,"independent"
2,8267,"independent"
2,8268,"independent"
2,8269,"independent"
2,8270,"independent"
2,8271,"independent"
0,8272,"independent"
0,8273,"independent"
2,8274,"independent"
2,8275,"independent"
0,8276,"independent"
2,8277,"independent"
0,8278,"independent"
0,8279,"independent"
2,8280,"independent"
2,8281,"independent"
2,8282,"independent"
0,8283,"independent"
2,8284,"independent"
0,8285,"independent"
2,8286,"independent"
2,8287,"independent"
2,8288,"independent"
0,8289,"independent"
2,8290,"independent"
2,8291,"independent"
2,8292,"independent"
0,8293,"independent"
2,8294,"independent"
2,8295,"independent"
0,8296,"independent"
0,8297,"independent"
2,8298,"independent"
2,8299,"independent"
0,8300,"independent"
0,8301,"independent"
2,8302,"independent"
2,8303,"independent"
2,8304,"independent"
0,8305,"independent"
2,8306,"independent"
2,8307,"independent"
2,8308,"independent"
2,8309,"independent"
2,8310,"independent"
2,8311,"independent"
2,8312,"independent"
2,8313,"independent"
0,8314,"independent"
0,8315,"independent"
0,8316,"independent"
2,8317,"independent"
0,8318,"independent"
2,8319,"independent"
2,8320,"independent"
2,8321,"independent"
2,8322,"independent"
0,8323,"independent"
0,8324,"independent"
2,8325,"independent"
0,8326,"independent"
2,8327,"independent"
0,8328,"independent"
2,8329,"independent"
2,8330,"independent"
0,8331,"independent"
2,8332,"independent"
2,8333,"independent"
2,8334,"independent"
0,8335,"independent"
0,8336,"independent"
0,8337,"independent"
2,8338,"independent"
2,8339,"independent"
0,8340,"independent"
0,8341,"independent"
2,8342,"independent"
2,8343,"independent"
2,8344,"independent"
0,8345,"independent"
2,8346,"independent"
0,8347,"independent"
2,8348,"independent"
2,8349,"independent"
2,8350,"independent"
0,8351,"independent"
0,8352,"independent"
2,8353,"independent"
0,8354,"independent"
0,8355,"independent"
0,8356,"independent"
2,8357,"independent"
0,8358,"independent"
2,8359,"independent"
2,8360,"independent"
0,8361,"independent"
0,8362,"independent"
2,8363,"independent"
2,8364,"independent"
2,8365,"independent"
2,8366,"independent"
2,8367,"independent"
2,8368,"independent"
2,8369,"independent"
2,8370,"independent"
2,8371,"independent"
2,8372,"independent"
2,8373,"independent"
2,8374,"independent"
0,8375,"independent"
2,8376,"independent"
2,8377,"independent"
2,8378,"independent"
2,8379,"independent"
0,8380,"independent"
0,8381,"independent"
0,8382,"independent"
2,8383,"independent"
0,8384,"independent"
0,8385,"independent"
2,8386,"independent"
2,8387,"independent"
0,8388,"independent"
2,8389,"independent"
0,8390,"independent"
2,8391,"independent"
0,8392,"independent"
0,8393,"independent"
2,8394,"independent"
2,8395,"independent"
0,8396,"independent"
2,8397,"independent"
2,8398,"independent"
2,8399,"independent"
2,8400,"independent"
2,8401,"independent"
4,8402,"independent"
0,8403,"independent"
2,8404,"independent"
2,8405,"independent"
2,8406,"independent"
0,8407,"independent"
0,8408,"independent"
2,8409,"independent"
0,8410,"independent"
0,8411,"independent"
0,8412,"independent"
2,8413,"independent"
2,8414,"independent"
0,8415,"independent"
2,8416,"independent"
0,8417,"independent"
0,8418,"independent"
2,8419,"independent"
0,8420,"independent"
2,8421,"independent"
2,8422,"independent"
2,8423,"independent"
0,8424,"independent"
2,8425,"independent"
0,8426,"independent"
2,8427,"independent"
2,8428,"independent"
0,8429,"independent"
2,8430,"independent"
0,8431,"independent"
0,8432,"independent"
0,8433,"independent"
2,8434,"independent"
2,8435,"independent"
2,8436,"independent"
0,8437,"independent"
2,8438,"independent"
2,8439,"independent"
2,8440,"independent"
0,8441,"independent"
2,8442,"independent"
2,8443,"independent"
2,8444,"independent"
0,8445,"independent"
0,8446,"independent"
2,8447,"independent"
2,8448,"independent"
0,8449,"independent"
0,8450,"independent"
2,8451,"independent"
2,8452,"independent"
2,8453,"independent"
2,8454,"independent"
0,8455,"independent"
2,8456,"independent"
0,8457,"independent"
0,8458,"independent"
2,8459,"independent"
2,8460,"independent"
2,8461,"independent"
2,8462,"independent"
2,8463,"independent"
2,8464,"independent"
0,8465,"independent"
0,8466,"independent"
0,8467,"independent"
2,8468,"independent"
2,8469,"independent"
0,8470,"independent"
0,8471,"independent"
0,8472,"independent"
2,8473,"independent"
0,8474,"independent"
0,8475,"independent"
0,8476,"independent"
2,8477,"independent"
0,8478,"independent"
2,8479,"independent"
2,8480,"independent"
2,8481,"independent"
2,8482,"independent"
2,8483,"independent"
0,8484,"independent"
0,8485,"independent"
2,8486,"independent"
0,8487,"independent"
0,8488,"independent"
2,8489,"independent"
0,8490,"independent"
0,8491,"independent"
2,8492,"independent"
2,8493,"independent"
0,8494,"independent"
2,8495,"independent"
2,8496,"independent"
2,8497,"independent"
2,8498,"independent"
0,8499,"independent"
0,8500,"independent"
2,8501,"independent"
2,8502,"independent"
0,8503,"independent"
2,8504,"independent"
2,8505,"independent"
0,8506,"independent"
0,8507,"independent"
2,8508,"independent"
2,8509,"independent"
0,8510,"independent"
2,8511,"independent"
2,8512,"independent"
2,8513,"independent"
2,8514,"independent"
2,8515,"independent"
2,8516,"independent"
2,8517,"independent"
2,8518,"independent"
2,8519,"independent"
0,8520,"independent"
2,8521,"independent"
2,8522,"independent"
0,8523,"independent"
2,8524,"independent"
0,8525,"independent"
2,8526,"independent"
0,8527,"independent"
0,8528,"independent"
2,8529,"independent"
0,8530,"independent"
2,8531,"independent"
2,8532,"independent"
2,8533,"independent"
0,8534,"independent"
2,8535,"independent"
0,8536,"independent"
2,8537,"independent"
2,8538,"independent"
0,8539,"independent"
2,8540,"independent"
0,8541,"independent"
2,8542,"independent"
2,8543,"independent"
0,8544,"independent"
2,8545,"independent"
0,8546,"independent"
0,8547,"independent"
2,8548,"independent"
0,8549,"independent"
2,8550,"independent"
0,8551,"independent"
4,8552,"independent"
2,8553,"independent"
0,8554,"independent"
0,8555,"independent"
2,8556,"independent"
0,8557,"independent"
2,8558,"independent"
0,8559,"independent"
0,8560,"independent"
0,8561,"independent"
2,8562,"independent"
2,8563,"independent"
2,8564,"independent"
2,8565,"independent"
0,8566,"independent"
2,8567,"independent"
2,8568,"independent"
2,8569,"independent"
2,8570,"independent"
0,8571,"independent"
2,8572,"independent"
2,8573,"independent"
0,8574,"independent"
2,8575,"independent"
0,8576,"independent"
0,8577,"independent"
2,8578,"independent"
2,8579,"independent"
0,8580,"independent"
2,8581,"independent"
0,8582,"independent"
2,8583,"independent"
0,8584,"independent"
2,8585,"independent"
2,8586,"independent"
0,8587,"independent"
2,8588,"independent"
0,8589,"independent"
2,8590,"independent"
2,8591,"independent"
2,8592,"independent"
0,8593,"independent"
2,8594,"independent"
0,8595,"independent"
2,8596,"independent"
0,8597,"independent"
2,8598,"independent"
2,8599,"independent"
2,8600,"independent"
4,8601,"independent"
2,8602,"independent"
0,8603,"independent"
0,8604,"independent"
2,8605,"independent"
2,8606,"independent"
2,8607,"independent"
0,8608,"independent"
2,8609,"independent"
2,8610,"independent"
2,8611,"independent"
0,8612,"independent"
0,8613,"independent"
2,8614,"independent"
0,8615,"independent"
0,8616,"independent"
2,8617,"independent"
2,8618,"independent"
2,8619,"independent"
2,8620,"independent"
0,8621,"independent"
2,8622,"independent"
0,8623,"independent"
0,8624,"independent"
2,8625,"independent"
0,8626,"independent"
2,8627,"independent"
2,8628,"independent"
0,8629,"independent"
0,8630,"independent"
4,8631,"independent"
2,8632,"independent"
0,8633,"independent"
0,8634,"independent"
2,8635,"independent"
0,8636,"independent"
2,8637,"independent"
4,8638,"independent"
0,8639,"independent"
2,8640,"independent"
2,8641,"independent"
0,8642,"independent"
2,8643,"independent"
2,8644,"independent"
0,8645,"independent"
0,8646,"independent"
0,8647,"independent"
0,8648,"independent"
0,8649,"independent"
2,8650,"independent"
0,8651,"independent"
0,8652,"independent"
0,8653,"independent"
0,8654,"independent"
0,8655,"independent"
2,8656,"independent"
2,8657,"independent"
0,8658,"independent"
2,8659,"independent"
0,8660,"independent"
0,8661,"independent"
0,8662,"independent"
2,8663,"independent"
0,8664,"independent"
0,8665,"independent"
2,8666,"independent"
2,8667,"independent"
2,8668,"independent"
0,8669,"independent"
2,8670,"independent"
2,8671,"independent"
2,8672,"independent"
2,8673,"independent"
0,8674,"independent"
2,8675,"independent"
0,8676,"independent"
0,8677,"independent"
0,8678,"independent"
2,8679,"independent"
0,8680,"independent"
0,8681,"independent"
0,8682,"independent"
0,8683,"independent"
2,8684,"independent"
0,8685,"independent"
0,8686,"independent"
2,8687,"independent"
0,8688,"independent"
0,8689,"independent"
0,8690,"independent"
0,8691,"independent"
4,8692,"independent"
2,8693,"independent"
0,8694,"independent"
0,8695,"independent"
0,8696,"independent"
0,8697,"independent"
0,8698,"independent"
2,8699,"independent"
0,8700,"independent"
0,8701,"independent"
0,8702,"independent"
2,8703,"independent"
0,8704,"independent"
0,8705,"independent"
2,8706,"independent"
2,8707,"independent"
0,8708,"independent"
2,8709,"independent"
0,8710,"independent"
2,8711,"independent"
2,8712,"independent"
0,8713,"independent"
2,8714,"independent"
0,8715,"independent"
2,8716,"independent"
2,8717,"independent"
2,8718,"independent"
2,8719,"independent"
2,8720,"independent"
2,8721,"independent"
0,8722,"independent"
2,8723,"independent"
2,8724,"independent"
2,8725,"independent"
0,8726,"independent"
2,8727,"independent"
2,8728,"independent"
2,8729,"independent"
2,8730,"independent"
2,8731,"independent"
2,8732,"independent"
0,8733,"independent"
0,8734,"independent"
2,8735,"independent"
2,8736,"independent"
0,8737,"independent"
2,8738,"independent"
2,8739,"independent"
2,8740,"independent"
0,8741,"independent"
2,8742,"independent"
2,8743,"independent"
0,8744,"independent"
0,8745,"independent"
2,8746,"independent"
2,8747,"independent"
0,8748,"independent"
2,8749,"independent"
0,8750,"independent"
2,8751,"independent"
2,8752,"independent"
0,8753,"independent"
0,8754,"independent"
0,8755,"independent"
0,8756,"independent"
0,8757,"independent"
0,8758,"independent"
2,8759,"independent"
0,8760,"independent"
2,8761,"independent"
2,8762,"independent"
0,8763,"independent"
0,8764,"independent"
0,8765,"independent"
2,8766,"independent"
2,8767,"independent"
2,8768,"independent"
2,8769,"independent"
2,8770,"independent"
2,8771,"independent"
2,8772,"independent"
2,8773,"independent"
0,8774,"independent"
2,8775,"independent"
0,8776,"independent"
0,8777,"independent"
2,8778,"independent"
2,8779,"independent"
0,8780,"independent"
2,8781,"independent"
0,8782,"independent"
0,8783,"independent"
4,8784,"independent"
2,8785,"independent"
0,8786,"independent"
2,8787,"independent"
2,8788,"independent"
0,8789,"independent"
0,8790,"independent"
2,8791,"independent"
2,8792,"independent"
0,8793,"independent"
0,8794,"independent"
0,8795,"independent"
2,8796,"independent"
2,8797,"independent"
2,8798,"independent"
0,8799,"independent"
2,8800,"independent"
0,8801,"independent"
2,8802,"independent"
0,8803,"independent"
2,8804,"independent"
0,8805,"independent"
2,8806,"independent"
2,8807,"independent"
2,8808,"independent"
2,8809,"independent"
0,8810,"independent"
2,8811,"independent"
2,8812,"independent"
2,8813,"independent"
0,8814,"independent"
0,8815,"independent"
0,8816,"independent"
0,8817,"independent"
2,8818,"independent"
0,8819,"independent"
0,8820,"independent"
0,8821,"independent"
2,8822,"independent"
2,8823,"independent"
2,8824,"independent"
4,8825,"independent"
0,8826,"independent"
2,8827,"independent"
0,8828,"independent"
0,8829,"independent"
2,8830,"independent"
0,8831,"independent"
0,8832,"independent"
2,8833,"independent"
2,8834,"independent"
2,8835,"independent"
0,8836,"independent"
2,8837,"independent"
2,8838,"independent"
0,8839,"independent"
0,8840,"independent"
2,8841,"independent"
2,8842,"independent"
2,8843,"independent"
2,8844,"independent"
2,8845,"independent"
2,8846,"independent"
0,8847,"independent"
2,8848,"independent"
0,8849,"independent"
2,8850,"independent"
0,8851,"independent"
2,8852,"independent"
0,8853,"independent"
2,8854,"independent"
0,8855,"independent"
0,8856,"independent"
2,8857,"independent"
2,8858,"independent"
2,8859,"independent"
0,8860,"independent"
2,8861,"independent"
2,8862,"independent"
2,8863,"independent"
2,8864,"independent"
0,8865,"independent"
0,8866,"independent"
0,8867,"independent"
2,8868,"independent"
2,8869,"independent"
2,8870,"independent"
0,8871,"independent"
2,8872,"independent"
2,8873,"independent"
2,8874,"independent"
4,8875,"independent"
2,8876,"independent"
0,8877,"independent"
2,8878,"independent"
2,8879,"independent"
0,8880,"independent"
4,8881,"independent"
0,8882,"independent"
4,8883,"independent"
2,8884,"independent"
0,8885,"independent"
0,8886,"independent"
0,8887,"independent"
2,8888,"independent"
2,8889,"independent"
2,8890,"independent"
0,8891,"independent"
0,8892,"independent"
2,8893,"independent"
2,8894,"independent"
2,8895,"independent"
0,8896,"independent"
2,8897,"independent"
0,8898,"independent"
2,8899,"independent"
0,8900,"independent"
0,8901,"independent"
2,8902,"independent"
0,8903,"independent"
0,8904,"independent"
0,8905,"independent"
0,8906,"independent"
0,8907,"independent"
0,8908,"independent"
0,8909,"independent"
0,8910,"independent"
4,8911,"independent"
0,8912,"independent"
0,8913,"independent"
0,8914,"independent"
2,8915,"independent"
0,8916,"independent"
0,8917,"independent"
2,8918,"independent"
0,8919,"independent"
2,8920,"independent"
2,8921,"independent"
2,8922,"independent"
0,8923,"independent"
2,8924,"independent"
0,8925,"independent"
2,8926,"independent"
2,8927,"independent"
2,8928,"independent"
2,8929,"independent"
2,8930,"independent"
2,8931,"independent"
2,8932,"independent"
2,8933,"independent"
2,8934,"independent"
2,8935,"independent"
0,8936,"independent"
2,8937,"independent"
2,8938,"independent"
2,8939,"independent"
0,8940,"independent"
2,8941,"independent"
2,8942,"independent"
0,8943,"independent"
0,8944,"independent"
0,8945,"independent"
2,8946,"independent"
2,8947,"independent"
2,8948,"independent"
2,8949,"independent"
0,8950,"independent"
2,8951,"independent"
0,8952,"independent"
0,8953,"independent"
0,8954,"independent"
2,8955,"independent"
2,8956,"independent"
0,8957,"independent"
2,8958,"independent"
0,8959,"independent"
2,8960,"independent"
2,8961,"independent"
0,8962,"independent"
0,8963,"independent"
0,8964,"independent"
2,8965,"independent"
0,8966,"independent"
2,8967,"independent"
2,8968,"independent"
0,8969,"independent"
2,8970,"independent"
2,8971,"independent"
2,8972,"independent"
0,8973,"independent"
0,8974,"independent"
2,8975,"independent"
2,8976,"independent"
2,8977,"independent"
2,8978,"independent"
0,8979,"independent"
2,8980,"independent"
0,8981,"independent"
2,8982,"independent"
2,8983,"independent"
2,8984,"independent"
2,8985,"independent"
0,8986,"independent"
2,8987,"independent"
2,8988,"independent"
2,8989,"independent"
2,8990,"independent"
2,8991,"independent"
2,8992,"independent"
0,8993,"independent"
0,8994,"independent"
0,8995,"independent"
0,8996,"independent"
2,8997,"independent"
2,8998,"independent"
2,8999,"independent"
2,9000,"independent"
0,9001,"independent"
