"RF","tree_id","dataset"
46,1,"independent"
48,2,"independent"
46,3,"independent"
48,4,"independent"
46,5,"independent"
46,6,"independent"
46,7,"independent"
46,8,"independent"
44,9,"independent"
46,10,"independent"
46,11,"independent"
48,12,"independent"
48,13,"independent"
46,14,"independent"
44,15,"independent"
48,16,"independent"
48,17,"independent"
48,18,"independent"
50,19,"independent"
48,20,"independent"
46,21,"independent"
46,22,"independent"
46,23,"independent"
46,24,"independent"
46,25,"independent"
48,26,"independent"
48,27,"independent"
48,28,"independent"
48,29,"independent"
50,30,"independent"
46,31,"independent"
50,32,"independent"
48,33,"independent"
46,34,"independent"
48,35,"independent"
50,36,"independent"
50,37,"independent"
44,38,"independent"
46,39,"independent"
46,40,"independent"
46,41,"independent"
48,42,"independent"
48,43,"independent"
50,44,"independent"
46,45,"independent"
44,46,"independent"
48,47,"independent"
44,48,"independent"
44,49,"independent"
46,50,"independent"
46,51,"independent"
48,52,"independent"
48,53,"independent"
46,54,"independent"
46,55,"independent"
44,56,"independent"
44,57,"independent"
46,58,"independent"
50,59,"independent"
48,60,"independent"
46,61,"independent"
44,62,"independent"
50,63,"independent"
48,64,"independent"
48,65,"independent"
48,66,"independent"
48,67,"independent"
46,68,"independent"
46,69,"independent"
48,70,"independent"
48,71,"independent"
48,72,"independent"
44,73,"independent"
46,74,"independent"
44,75,"independent"
46,76,"independent"
50,77,"independent"
50,78,"independent"
48,79,"independent"
48,80,"independent"
48,81,"independent"
48,82,"independent"
44,83,"independent"
44,84,"independent"
48,85,"independent"
48,86,"independent"
46,87,"independent"
50,88,"independent"
48,89,"independent"
48,90,"independent"
46,91,"independent"
48,92,"independent"
46,93,"independent"
48,94,"independent"
46,95,"independent"
48,96,"independent"
46,97,"independent"
44,98,"independent"
48,99,"independent"
48,100,"independent"
48,101,"independent"
46,102,"independent"
46,103,"independent"
46,104,"independent"
44,105,"independent"
44,106,"independent"
48,107,"independent"
46,108,"independent"
46,109,"independent"
46,110,"independent"
46,111,"independent"
46,112,"independent"
46,113,"independent"
44,114,"independent"
48,115,"independent"
46,116,"independent"
46,117,"independent"
50,118,"independent"
44,119,"independent"
44,120,"independent"
48,121,"independent"
48,122,"independent"
44,123,"independent"
48,124,"independent"
48,125,"independent"
48,126,"independent"
46,127,"independent"
50,128,"independent"
48,129,"independent"
48,130,"independent"
50,131,"independent"
50,132,"independent"
46,133,"independent"
46,134,"independent"
44,135,"independent"
48,136,"independent"
46,137,"independent"
46,138,"independent"
48,139,"independent"
48,140,"independent"
46,141,"independent"
46,142,"independent"
50,143,"independent"
46,144,"independent"
46,145,"independent"
44,146,"independent"
44,147,"independent"
46,148,"independent"
46,149,"independent"
48,150,"independent"
48,151,"independent"
46,152,"independent"
46,153,"independent"
46,154,"independent"
46,155,"independent"
46,156,"independent"
48,157,"independent"
46,158,"independent"
46,159,"independent"
46,160,"independent"
48,161,"independent"
48,162,"independent"
48,163,"independent"
46,164,"independent"
46,165,"independent"
48,166,"independent"
44,167,"independent"
46,168,"independent"
46,169,"independent"
46,170,"independent"
46,171,"independent"
48,172,"independent"
48,173,"independent"
50,174,"independent"
46,175,"independent"
46,176,"independent"
46,177,"independent"
46,178,"independent"
48,179,"independent"
46,180,"independent"
48,181,"independent"
46,182,"independent"
48,183,"independent"
48,184,"independent"
44,185,"independent"
48,186,"independent"
50,187,"independent"
50,188,"independent"
48,189,"independent"
48,190,"independent"
46,191,"independent"
48,192,"independent"
48,193,"independent"
44,194,"independent"
48,195,"independent"
44,196,"independent"
44,197,"independent"
48,198,"independent"
50,199,"independent"
48,200,"independent"
44,201,"independent"
46,202,"independent"
46,203,"independent"
48,204,"independent"
44,205,"independent"
44,206,"independent"
44,207,"independent"
48,208,"independent"
48,209,"independent"
44,210,"independent"
48,211,"independent"
46,212,"independent"
44,213,"independent"
46,214,"independent"
48,215,"independent"
44,216,"independent"
48,217,"independent"
46,218,"independent"
46,219,"independent"
44,220,"independent"
48,221,"independent"
48,222,"independent"
48,223,"independent"
48,224,"independent"
44,225,"independent"
46,226,"independent"
50,227,"independent"
48,228,"independent"
50,229,"independent"
48,230,"independent"
48,231,"independent"
48,232,"independent"
44,233,"independent"
50,234,"independent"
48,235,"independent"
48,236,"independent"
46,237,"independent"
46,238,"independent"
46,239,"independent"
48,240,"independent"
48,241,"independent"
46,242,"independent"
48,243,"independent"
48,244,"independent"
46,245,"independent"
46,246,"independent"
46,247,"independent"
48,248,"independent"
46,249,"independent"
46,250,"independent"
44,251,"independent"
48,252,"independent"
46,253,"independent"
48,254,"independent"
44,255,"independent"
46,256,"independent"
48,257,"independent"
46,258,"independent"
48,259,"independent"
48,260,"independent"
46,261,"independent"
46,262,"independent"
46,263,"independent"
44,264,"independent"
46,265,"independent"
46,266,"independent"
44,267,"independent"
48,268,"independent"
48,269,"independent"
46,270,"independent"
46,271,"independent"
48,272,"independent"
48,273,"independent"
48,274,"independent"
48,275,"independent"
46,276,"independent"
44,277,"independent"
46,278,"independent"
46,279,"independent"
46,280,"independent"
48,281,"independent"
44,282,"independent"
46,283,"independent"
46,284,"independent"
46,285,"independent"
46,286,"independent"
46,287,"independent"
50,288,"independent"
48,289,"independent"
46,290,"independent"
48,291,"independent"
44,292,"independent"
44,293,"independent"
44,294,"independent"
44,295,"independent"
46,296,"independent"
46,297,"independent"
48,298,"independent"
46,299,"independent"
46,300,"independent"
48,301,"independent"
46,302,"independent"
46,303,"independent"
46,304,"independent"
46,305,"independent"
48,306,"independent"
46,307,"independent"
48,308,"independent"
48,309,"independent"
48,310,"independent"
44,311,"independent"
46,312,"independent"
46,313,"independent"
48,314,"independent"
46,315,"independent"
48,316,"independent"
46,317,"independent"
46,318,"independent"
48,319,"independent"
48,320,"independent"
46,321,"independent"
46,322,"independent"
44,323,"independent"
44,324,"independent"
48,325,"independent"
48,326,"independent"
46,327,"independent"
48,328,"independent"
48,329,"independent"
46,330,"independent"
50,331,"independent"
46,332,"independent"
52,333,"independent"
48,334,"independent"
48,335,"independent"
48,336,"independent"
46,337,"independent"
46,338,"independent"
48,339,"independent"
44,340,"independent"
46,341,"independent"
44,342,"independent"
44,343,"independent"
46,344,"independent"
48,345,"independent"
46,346,"independent"
48,347,"independent"
48,348,"independent"
46,349,"independent"
48,350,"independent"
48,351,"independent"
50,352,"independent"
50,353,"independent"
48,354,"independent"
50,355,"independent"
46,356,"independent"
46,357,"independent"
46,358,"independent"
44,359,"independent"
44,360,"independent"
46,361,"independent"
44,362,"independent"
46,363,"independent"
46,364,"independent"
48,365,"independent"
48,366,"independent"
48,367,"independent"
46,368,"independent"
46,369,"independent"
46,370,"independent"
46,371,"independent"
48,372,"independent"
46,373,"independent"
46,374,"independent"
48,375,"independent"
46,376,"independent"
50,377,"independent"
44,378,"independent"
48,379,"independent"
46,380,"independent"
48,381,"independent"
46,382,"independent"
50,383,"independent"
46,384,"independent"
44,385,"independent"
50,386,"independent"
46,387,"independent"
46,388,"independent"
44,389,"independent"
44,390,"independent"
46,391,"independent"
46,392,"independent"
48,393,"independent"
46,394,"independent"
48,395,"independent"
48,396,"independent"
46,397,"independent"
44,398,"independent"
44,399,"independent"
46,400,"independent"
48,401,"independent"
46,402,"independent"
46,403,"independent"
46,404,"independent"
48,405,"independent"
46,406,"independent"
46,407,"independent"
48,408,"independent"
44,409,"independent"
44,410,"independent"
46,411,"independent"
46,412,"independent"
48,413,"independent"
48,414,"independent"
44,415,"independent"
44,416,"independent"
44,417,"independent"
50,418,"independent"
48,419,"independent"
48,420,"independent"
46,421,"independent"
48,422,"independent"
46,423,"independent"
44,424,"independent"
48,425,"independent"
46,426,"independent"
44,427,"independent"
44,428,"independent"
44,429,"independent"
50,430,"independent"
48,431,"independent"
48,432,"independent"
48,433,"independent"
48,434,"independent"
48,435,"independent"
44,436,"independent"
44,437,"independent"
48,438,"independent"
46,439,"independent"
46,440,"independent"
52,441,"independent"
48,442,"independent"
46,443,"independent"
46,444,"independent"
48,445,"independent"
48,446,"independent"
48,447,"independent"
50,448,"independent"
50,449,"independent"
44,450,"independent"
46,451,"independent"
48,452,"independent"
48,453,"independent"
48,454,"independent"
50,455,"independent"
46,456,"independent"
46,457,"independent"
44,458,"independent"
46,459,"independent"
44,460,"independent"
44,461,"independent"
48,462,"independent"
44,463,"independent"
46,464,"independent"
48,465,"independent"
46,466,"independent"
46,467,"independent"
44,468,"independent"
46,469,"independent"
46,470,"independent"
50,471,"independent"
48,472,"independent"
50,473,"independent"
46,474,"independent"
46,475,"independent"
50,476,"independent"
46,477,"independent"
46,478,"independent"
44,479,"independent"
46,480,"independent"
48,481,"independent"
46,482,"independent"
48,483,"independent"
44,484,"independent"
48,485,"independent"
46,486,"independent"
46,487,"independent"
48,488,"independent"
46,489,"independent"
48,490,"independent"
50,491,"independent"
48,492,"independent"
46,493,"independent"
44,494,"independent"
44,495,"independent"
46,496,"independent"
44,497,"independent"
50,498,"independent"
46,499,"independent"
48,500,"independent"
44,501,"independent"
46,502,"independent"
46,503,"independent"
48,504,"independent"
46,505,"independent"
48,506,"independent"
50,507,"independent"
46,508,"independent"
48,509,"independent"
46,510,"independent"
46,511,"independent"
48,512,"independent"
44,513,"independent"
46,514,"independent"
46,515,"independent"
46,516,"independent"
44,517,"independent"
44,518,"independent"
44,519,"independent"
46,520,"independent"
48,521,"independent"
48,522,"independent"
48,523,"independent"
46,524,"independent"
46,525,"independent"
46,526,"independent"
46,527,"independent"
48,528,"independent"
48,529,"independent"
48,530,"independent"
50,531,"independent"
48,532,"independent"
46,533,"independent"
48,534,"independent"
48,535,"independent"
48,536,"independent"
48,537,"independent"
46,538,"independent"
46,539,"independent"
44,540,"independent"
48,541,"independent"
46,542,"independent"
46,543,"independent"
50,544,"independent"
46,545,"independent"
50,546,"independent"
46,547,"independent"
46,548,"independent"
48,549,"independent"
48,550,"independent"
48,551,"independent"
44,552,"independent"
46,553,"independent"
46,554,"independent"
44,555,"independent"
46,556,"independent"
48,557,"independent"
46,558,"independent"
48,559,"independent"
44,560,"independent"
44,561,"independent"
48,562,"independent"
50,563,"independent"
48,564,"independent"
46,565,"independent"
44,566,"independent"
46,567,"independent"
46,568,"independent"
44,569,"independent"
44,570,"independent"
44,571,"independent"
44,572,"independent"
44,573,"independent"
46,574,"independent"
44,575,"independent"
48,576,"independent"
48,577,"independent"
48,578,"independent"
48,579,"independent"
44,580,"independent"
46,581,"independent"
44,582,"independent"
48,583,"independent"
48,584,"independent"
48,585,"independent"
46,586,"independent"
46,587,"independent"
46,588,"independent"
46,589,"independent"
46,590,"independent"
50,591,"independent"
46,592,"independent"
48,593,"independent"
46,594,"independent"
44,595,"independent"
44,596,"independent"
44,597,"independent"
50,598,"independent"
46,599,"independent"
46,600,"independent"
46,601,"independent"
46,602,"independent"
48,603,"independent"
48,604,"independent"
48,605,"independent"
48,606,"independent"
50,607,"independent"
44,608,"independent"
48,609,"independent"
46,610,"independent"
44,611,"independent"
46,612,"independent"
48,613,"independent"
50,614,"independent"
44,615,"independent"
46,616,"independent"
48,617,"independent"
44,618,"independent"
48,619,"independent"
46,620,"independent"
46,621,"independent"
48,622,"independent"
46,623,"independent"
48,624,"independent"
46,625,"independent"
46,626,"independent"
44,627,"independent"
48,628,"independent"
44,629,"independent"
46,630,"independent"
48,631,"independent"
48,632,"independent"
48,633,"independent"
50,634,"independent"
50,635,"independent"
46,636,"independent"
48,637,"independent"
46,638,"independent"
48,639,"independent"
46,640,"independent"
44,641,"independent"
46,642,"independent"
44,643,"independent"
44,644,"independent"
48,645,"independent"
46,646,"independent"
46,647,"independent"
48,648,"independent"
46,649,"independent"
46,650,"independent"
44,651,"independent"
44,652,"independent"
44,653,"independent"
48,654,"independent"
50,655,"independent"
46,656,"independent"
46,657,"independent"
46,658,"independent"
46,659,"independent"
48,660,"independent"
46,661,"independent"
46,662,"independent"
46,663,"independent"
48,664,"independent"
48,665,"independent"
48,666,"independent"
46,667,"independent"
46,668,"independent"
44,669,"independent"
48,670,"independent"
46,671,"independent"
46,672,"independent"
46,673,"independent"
46,674,"independent"
46,675,"independent"
46,676,"independent"
48,677,"independent"
44,678,"independent"
48,679,"independent"
48,680,"independent"
44,681,"independent"
48,682,"independent"
46,683,"independent"
46,684,"independent"
48,685,"independent"
46,686,"independent"
46,687,"independent"
46,688,"independent"
46,689,"independent"
46,690,"independent"
46,691,"independent"
46,692,"independent"
50,693,"independent"
50,694,"independent"
46,695,"independent"
48,696,"independent"
46,697,"independent"
46,698,"independent"
46,699,"independent"
50,700,"independent"
46,701,"independent"
44,702,"independent"
46,703,"independent"
46,704,"independent"
48,705,"independent"
46,706,"independent"
46,707,"independent"
46,708,"independent"
44,709,"independent"
44,710,"independent"
46,711,"independent"
50,712,"independent"
48,713,"independent"
48,714,"independent"
50,715,"independent"
48,716,"independent"
48,717,"independent"
50,718,"independent"
48,719,"independent"
46,720,"independent"
46,721,"independent"
46,722,"independent"
48,723,"independent"
50,724,"independent"
46,725,"independent"
48,726,"independent"
48,727,"independent"
46,728,"independent"
46,729,"independent"
48,730,"independent"
46,731,"independent"
44,732,"independent"
48,733,"independent"
48,734,"independent"
48,735,"independent"
46,736,"independent"
48,737,"independent"
48,738,"independent"
48,739,"independent"
44,740,"independent"
48,741,"independent"
44,742,"independent"
46,743,"independent"
48,744,"independent"
48,745,"independent"
48,746,"independent"
46,747,"independent"
48,748,"independent"
48,749,"independent"
48,750,"independent"
50,751,"independent"
46,752,"independent"
44,753,"independent"
46,754,"independent"
46,755,"independent"
44,756,"independent"
46,757,"independent"
50,758,"independent"
46,759,"independent"
50,760,"independent"
48,761,"independent"
46,762,"independent"
48,763,"independent"
48,764,"independent"
46,765,"independent"
46,766,"independent"
46,767,"independent"
48,768,"independent"
46,769,"independent"
46,770,"independent"
44,771,"independent"
46,772,"independent"
46,773,"independent"
48,774,"independent"
46,775,"independent"
46,776,"independent"
48,777,"independent"
46,778,"independent"
46,779,"independent"
48,780,"independent"
48,781,"independent"
48,782,"independent"
48,783,"independent"
46,784,"independent"
46,785,"independent"
48,786,"independent"
46,787,"independent"
46,788,"independent"
44,789,"independent"
44,790,"independent"
48,791,"independent"
46,792,"independent"
48,793,"independent"
48,794,"independent"
50,795,"independent"
46,796,"independent"
46,797,"independent"
48,798,"independent"
48,799,"independent"
44,800,"independent"
44,801,"independent"
46,802,"independent"
50,803,"independent"
46,804,"independent"
46,805,"independent"
48,806,"independent"
48,807,"independent"
48,808,"independent"
46,809,"independent"
46,810,"independent"
48,811,"independent"
46,812,"independent"
46,813,"independent"
48,814,"independent"
48,815,"independent"
48,816,"independent"
48,817,"independent"
48,818,"independent"
46,819,"independent"
48,820,"independent"
46,821,"independent"
46,822,"independent"
48,823,"independent"
44,824,"independent"
46,825,"independent"
50,826,"independent"
44,827,"independent"
48,828,"independent"
48,829,"independent"
44,830,"independent"
46,831,"independent"
46,832,"independent"
46,833,"independent"
48,834,"independent"
48,835,"independent"
48,836,"independent"
48,837,"independent"
48,838,"independent"
48,839,"independent"
44,840,"independent"
46,841,"independent"
44,842,"independent"
46,843,"independent"
44,844,"independent"
46,845,"independent"
48,846,"independent"
46,847,"independent"
48,848,"independent"
46,849,"independent"
48,850,"independent"
46,851,"independent"
48,852,"independent"
50,853,"independent"
46,854,"independent"
50,855,"independent"
46,856,"independent"
48,857,"independent"
50,858,"independent"
46,859,"independent"
44,860,"independent"
46,861,"independent"
46,862,"independent"
46,863,"independent"
48,864,"independent"
46,865,"independent"
44,866,"independent"
48,867,"independent"
48,868,"independent"
48,869,"independent"
46,870,"independent"
46,871,"independent"
48,872,"independent"
48,873,"independent"
50,874,"independent"
50,875,"independent"
50,876,"independent"
46,877,"independent"
46,878,"independent"
44,879,"independent"
46,880,"independent"
50,881,"independent"
46,882,"independent"
48,883,"independent"
46,884,"independent"
48,885,"independent"
46,886,"independent"
44,887,"independent"
48,888,"independent"
48,889,"independent"
48,890,"independent"
50,891,"independent"
46,892,"independent"
48,893,"independent"
48,894,"independent"
48,895,"independent"
48,896,"independent"
50,897,"independent"
46,898,"independent"
46,899,"independent"
46,900,"independent"
44,901,"independent"
46,902,"independent"
46,903,"independent"
48,904,"independent"
48,905,"independent"
44,906,"independent"
46,907,"independent"
44,908,"independent"
48,909,"independent"
48,910,"independent"
48,911,"independent"
48,912,"independent"
48,913,"independent"
46,914,"independent"
46,915,"independent"
48,916,"independent"
46,917,"independent"
46,918,"independent"
48,919,"independent"
48,920,"independent"
50,921,"independent"
50,922,"independent"
50,923,"independent"
50,924,"independent"
46,925,"independent"
48,926,"independent"
50,927,"independent"
46,928,"independent"
46,929,"independent"
44,930,"independent"
46,931,"independent"
46,932,"independent"
48,933,"independent"
48,934,"independent"
44,935,"independent"
48,936,"independent"
46,937,"independent"
46,938,"independent"
46,939,"independent"
44,940,"independent"
48,941,"independent"
46,942,"independent"
48,943,"independent"
48,944,"independent"
50,945,"independent"
44,946,"independent"
44,947,"independent"
50,948,"independent"
46,949,"independent"
46,950,"independent"
46,951,"independent"
46,952,"independent"
44,953,"independent"
48,954,"independent"
44,955,"independent"
46,956,"independent"
46,957,"independent"
48,958,"independent"
46,959,"independent"
46,960,"independent"
50,961,"independent"
48,962,"independent"
46,963,"independent"
46,964,"independent"
48,965,"independent"
48,966,"independent"
44,967,"independent"
48,968,"independent"
48,969,"independent"
48,970,"independent"
48,971,"independent"
48,972,"independent"
46,973,"independent"
48,974,"independent"
50,975,"independent"
46,976,"independent"
44,977,"independent"
44,978,"independent"
48,979,"independent"
44,980,"independent"
46,981,"independent"
46,982,"independent"
48,983,"independent"
48,984,"independent"
46,985,"independent"
48,986,"independent"
44,987,"independent"
48,988,"independent"
46,989,"independent"
46,990,"independent"
48,991,"independent"
46,992,"independent"
48,993,"independent"
48,994,"independent"
48,995,"independent"
46,996,"independent"
46,997,"independent"
46,998,"independent"
46,999,"independent"
48,1000,"independent"
48,1001,"independent"
46,1002,"independent"
50,1003,"independent"
48,1004,"independent"
46,1005,"independent"
44,1006,"independent"
46,1007,"independent"
44,1008,"independent"
46,1009,"independent"
46,1010,"independent"
48,1011,"independent"
44,1012,"independent"
44,1013,"independent"
48,1014,"independent"
46,1015,"independent"
46,1016,"independent"
48,1017,"independent"
46,1018,"independent"
46,1019,"independent"
46,1020,"independent"
46,1021,"independent"
48,1022,"independent"
48,1023,"independent"
46,1024,"independent"
46,1025,"independent"
46,1026,"independent"
44,1027,"independent"
44,1028,"independent"
46,1029,"independent"
46,1030,"independent"
46,1031,"independent"
48,1032,"independent"
44,1033,"independent"
46,1034,"independent"
48,1035,"independent"
46,1036,"independent"
50,1037,"independent"
46,1038,"independent"
46,1039,"independent"
46,1040,"independent"
48,1041,"independent"
44,1042,"independent"
48,1043,"independent"
44,1044,"independent"
46,1045,"independent"
48,1046,"independent"
48,1047,"independent"
46,1048,"independent"
48,1049,"independent"
44,1050,"independent"
44,1051,"independent"
44,1052,"independent"
48,1053,"independent"
48,1054,"independent"
48,1055,"independent"
48,1056,"independent"
50,1057,"independent"
46,1058,"independent"
46,1059,"independent"
48,1060,"independent"
48,1061,"independent"
48,1062,"independent"
46,1063,"independent"
46,1064,"independent"
46,1065,"independent"
46,1066,"independent"
46,1067,"independent"
48,1068,"independent"
46,1069,"independent"
48,1070,"independent"
48,1071,"independent"
48,1072,"independent"
48,1073,"independent"
46,1074,"independent"
44,1075,"independent"
46,1076,"independent"
46,1077,"independent"
46,1078,"independent"
50,1079,"independent"
50,1080,"independent"
46,1081,"independent"
50,1082,"independent"
50,1083,"independent"
44,1084,"independent"
44,1085,"independent"
48,1086,"independent"
48,1087,"independent"
46,1088,"independent"
46,1089,"independent"
46,1090,"independent"
46,1091,"independent"
48,1092,"independent"
48,1093,"independent"
48,1094,"independent"
46,1095,"independent"
48,1096,"independent"
48,1097,"independent"
50,1098,"independent"
44,1099,"independent"
46,1100,"independent"
46,1101,"independent"
48,1102,"independent"
46,1103,"independent"
46,1104,"independent"
46,1105,"independent"
44,1106,"independent"
48,1107,"independent"
48,1108,"independent"
46,1109,"independent"
48,1110,"independent"
46,1111,"independent"
46,1112,"independent"
46,1113,"independent"
48,1114,"independent"
46,1115,"independent"
46,1116,"independent"
50,1117,"independent"
46,1118,"independent"
46,1119,"independent"
48,1120,"independent"
46,1121,"independent"
50,1122,"independent"
48,1123,"independent"
48,1124,"independent"
46,1125,"independent"
46,1126,"independent"
46,1127,"independent"
46,1128,"independent"
48,1129,"independent"
48,1130,"independent"
46,1131,"independent"
46,1132,"independent"
48,1133,"independent"
50,1134,"independent"
48,1135,"independent"
46,1136,"independent"
44,1137,"independent"
50,1138,"independent"
46,1139,"independent"
46,1140,"independent"
46,1141,"independent"
50,1142,"independent"
48,1143,"independent"
48,1144,"independent"
46,1145,"independent"
48,1146,"independent"
46,1147,"independent"
46,1148,"independent"
48,1149,"independent"
46,1150,"independent"
48,1151,"independent"
44,1152,"independent"
44,1153,"independent"
46,1154,"independent"
48,1155,"independent"
46,1156,"independent"
48,1157,"independent"
48,1158,"independent"
46,1159,"independent"
46,1160,"independent"
48,1161,"independent"
48,1162,"independent"
48,1163,"independent"
48,1164,"independent"
50,1165,"independent"
44,1166,"independent"
44,1167,"independent"
46,1168,"independent"
52,1169,"independent"
46,1170,"independent"
46,1171,"independent"
48,1172,"independent"
46,1173,"independent"
48,1174,"independent"
48,1175,"independent"
48,1176,"independent"
48,1177,"independent"
44,1178,"independent"
48,1179,"independent"
48,1180,"independent"
48,1181,"independent"
48,1182,"independent"
44,1183,"independent"
46,1184,"independent"
44,1185,"independent"
46,1186,"independent"
46,1187,"independent"
48,1188,"independent"
46,1189,"independent"
46,1190,"independent"
46,1191,"independent"
48,1192,"independent"
44,1193,"independent"
44,1194,"independent"
46,1195,"independent"
46,1196,"independent"
46,1197,"independent"
46,1198,"independent"
46,1199,"independent"
46,1200,"independent"
52,1201,"independent"
48,1202,"independent"
48,1203,"independent"
44,1204,"independent"
46,1205,"independent"
46,1206,"independent"
46,1207,"independent"
48,1208,"independent"
48,1209,"independent"
46,1210,"independent"
46,1211,"independent"
46,1212,"independent"
44,1213,"independent"
46,1214,"independent"
46,1215,"independent"
44,1216,"independent"
44,1217,"independent"
46,1218,"independent"
44,1219,"independent"
46,1220,"independent"
46,1221,"independent"
46,1222,"independent"
46,1223,"independent"
46,1224,"independent"
46,1225,"independent"
48,1226,"independent"
48,1227,"independent"
46,1228,"independent"
48,1229,"independent"
50,1230,"independent"
46,1231,"independent"
44,1232,"independent"
44,1233,"independent"
44,1234,"independent"
44,1235,"independent"
46,1236,"independent"
46,1237,"independent"
44,1238,"independent"
44,1239,"independent"
44,1240,"independent"
48,1241,"independent"
50,1242,"independent"
48,1243,"independent"
46,1244,"independent"
48,1245,"independent"
48,1246,"independent"
46,1247,"independent"
44,1248,"independent"
46,1249,"independent"
46,1250,"independent"
44,1251,"independent"
46,1252,"independent"
44,1253,"independent"
48,1254,"independent"
46,1255,"independent"
46,1256,"independent"
48,1257,"independent"
48,1258,"independent"
46,1259,"independent"
48,1260,"independent"
46,1261,"independent"
48,1262,"independent"
46,1263,"independent"
48,1264,"independent"
48,1265,"independent"
48,1266,"independent"
50,1267,"independent"
50,1268,"independent"
48,1269,"independent"
46,1270,"independent"
48,1271,"independent"
50,1272,"independent"
48,1273,"independent"
46,1274,"independent"
44,1275,"independent"
46,1276,"independent"
46,1277,"independent"
48,1278,"independent"
46,1279,"independent"
48,1280,"independent"
50,1281,"independent"
46,1282,"independent"
48,1283,"independent"
46,1284,"independent"
46,1285,"independent"
46,1286,"independent"
44,1287,"independent"
48,1288,"independent"
46,1289,"independent"
48,1290,"independent"
48,1291,"independent"
46,1292,"independent"
48,1293,"independent"
46,1294,"independent"
44,1295,"independent"
44,1296,"independent"
46,1297,"independent"
46,1298,"independent"
46,1299,"independent"
48,1300,"independent"
48,1301,"independent"
48,1302,"independent"
48,1303,"independent"
48,1304,"independent"
46,1305,"independent"
46,1306,"independent"
46,1307,"independent"
46,1308,"independent"
48,1309,"independent"
48,1310,"independent"
46,1311,"independent"
46,1312,"independent"
44,1313,"independent"
48,1314,"independent"
44,1315,"independent"
48,1316,"independent"
44,1317,"independent"
46,1318,"independent"
48,1319,"independent"
44,1320,"independent"
48,1321,"independent"
44,1322,"independent"
44,1323,"independent"
50,1324,"independent"
48,1325,"independent"
46,1326,"independent"
50,1327,"independent"
46,1328,"independent"
46,1329,"independent"
46,1330,"independent"
48,1331,"independent"
48,1332,"independent"
46,1333,"independent"
46,1334,"independent"
46,1335,"independent"
44,1336,"independent"
44,1337,"independent"
48,1338,"independent"
48,1339,"independent"
48,1340,"independent"
44,1341,"independent"
46,1342,"independent"
44,1343,"independent"
44,1344,"independent"
48,1345,"independent"
48,1346,"independent"
46,1347,"independent"
50,1348,"independent"
48,1349,"independent"
46,1350,"independent"
46,1351,"independent"
46,1352,"independent"
46,1353,"independent"
46,1354,"independent"
46,1355,"independent"
48,1356,"independent"
48,1357,"independent"
46,1358,"independent"
46,1359,"independent"
48,1360,"independent"
46,1361,"independent"
46,1362,"independent"
48,1363,"independent"
48,1364,"independent"
46,1365,"independent"
50,1366,"independent"
48,1367,"independent"
46,1368,"independent"
46,1369,"independent"
46,1370,"independent"
48,1371,"independent"
46,1372,"independent"
46,1373,"independent"
46,1374,"independent"
48,1375,"independent"
44,1376,"independent"
46,1377,"independent"
46,1378,"independent"
48,1379,"independent"
44,1380,"independent"
46,1381,"independent"
46,1382,"independent"
48,1383,"independent"
46,1384,"independent"
44,1385,"independent"
48,1386,"independent"
46,1387,"independent"
48,1388,"independent"
46,1389,"independent"
48,1390,"independent"
50,1391,"independent"
46,1392,"independent"
48,1393,"independent"
50,1394,"independent"
46,1395,"independent"
46,1396,"independent"
46,1397,"independent"
46,1398,"independent"
48,1399,"independent"
48,1400,"independent"
46,1401,"independent"
48,1402,"independent"
46,1403,"independent"
50,1404,"independent"
48,1405,"independent"
46,1406,"independent"
48,1407,"independent"
50,1408,"independent"
48,1409,"independent"
44,1410,"independent"
46,1411,"independent"
50,1412,"independent"
46,1413,"independent"
48,1414,"independent"
48,1415,"independent"
44,1416,"independent"
46,1417,"independent"
46,1418,"independent"
48,1419,"independent"
46,1420,"independent"
44,1421,"independent"
48,1422,"independent"
52,1423,"independent"
46,1424,"independent"
46,1425,"independent"
46,1426,"independent"
46,1427,"independent"
48,1428,"independent"
52,1429,"independent"
48,1430,"independent"
46,1431,"independent"
48,1432,"independent"
48,1433,"independent"
50,1434,"independent"
46,1435,"independent"
46,1436,"independent"
46,1437,"independent"
46,1438,"independent"
48,1439,"independent"
50,1440,"independent"
46,1441,"independent"
46,1442,"independent"
48,1443,"independent"
50,1444,"independent"
50,1445,"independent"
46,1446,"independent"
46,1447,"independent"
48,1448,"independent"
46,1449,"independent"
50,1450,"independent"
46,1451,"independent"
46,1452,"independent"
48,1453,"independent"
46,1454,"independent"
44,1455,"independent"
44,1456,"independent"
44,1457,"independent"
48,1458,"independent"
44,1459,"independent"
50,1460,"independent"
48,1461,"independent"
48,1462,"independent"
50,1463,"independent"
46,1464,"independent"
48,1465,"independent"
48,1466,"independent"
50,1467,"independent"
48,1468,"independent"
48,1469,"independent"
46,1470,"independent"
46,1471,"independent"
44,1472,"independent"
44,1473,"independent"
46,1474,"independent"
48,1475,"independent"
48,1476,"independent"
44,1477,"independent"
48,1478,"independent"
44,1479,"independent"
46,1480,"independent"
48,1481,"independent"
46,1482,"independent"
44,1483,"independent"
50,1484,"independent"
46,1485,"independent"
48,1486,"independent"
46,1487,"independent"
50,1488,"independent"
50,1489,"independent"
44,1490,"independent"
44,1491,"independent"
46,1492,"independent"
46,1493,"independent"
48,1494,"independent"
50,1495,"independent"
50,1496,"independent"
48,1497,"independent"
48,1498,"independent"
48,1499,"independent"
46,1500,"independent"
48,1501,"independent"
48,1502,"independent"
46,1503,"independent"
48,1504,"independent"
48,1505,"independent"
46,1506,"independent"
46,1507,"independent"
46,1508,"independent"
46,1509,"independent"
50,1510,"independent"
48,1511,"independent"
48,1512,"independent"
48,1513,"independent"
50,1514,"independent"
46,1515,"independent"
46,1516,"independent"
46,1517,"independent"
44,1518,"independent"
44,1519,"independent"
44,1520,"independent"
44,1521,"independent"
46,1522,"independent"
48,1523,"independent"
50,1524,"independent"
48,1525,"independent"
48,1526,"independent"
44,1527,"independent"
46,1528,"independent"
46,1529,"independent"
48,1530,"independent"
46,1531,"independent"
48,1532,"independent"
46,1533,"independent"
46,1534,"independent"
46,1535,"independent"
46,1536,"independent"
46,1537,"independent"
48,1538,"independent"
48,1539,"independent"
46,1540,"independent"
46,1541,"independent"
48,1542,"independent"
44,1543,"independent"
46,1544,"independent"
46,1545,"independent"
48,1546,"independent"
46,1547,"independent"
48,1548,"independent"
46,1549,"independent"
50,1550,"independent"
46,1551,"independent"
46,1552,"independent"
50,1553,"independent"
48,1554,"independent"
46,1555,"independent"
46,1556,"independent"
46,1557,"independent"
48,1558,"independent"
46,1559,"independent"
48,1560,"independent"
46,1561,"independent"
50,1562,"independent"
48,1563,"independent"
46,1564,"independent"
48,1565,"independent"
46,1566,"independent"
48,1567,"independent"
46,1568,"independent"
44,1569,"independent"
48,1570,"independent"
46,1571,"independent"
50,1572,"independent"
50,1573,"independent"
46,1574,"independent"
46,1575,"independent"
44,1576,"independent"
48,1577,"independent"
44,1578,"independent"
48,1579,"independent"
44,1580,"independent"
48,1581,"independent"
48,1582,"independent"
46,1583,"independent"
44,1584,"independent"
48,1585,"independent"
48,1586,"independent"
44,1587,"independent"
48,1588,"independent"
48,1589,"independent"
48,1590,"independent"
44,1591,"independent"
48,1592,"independent"
46,1593,"independent"
48,1594,"independent"
48,1595,"independent"
48,1596,"independent"
46,1597,"independent"
46,1598,"independent"
48,1599,"independent"
48,1600,"independent"
48,1601,"independent"
46,1602,"independent"
48,1603,"independent"
46,1604,"independent"
46,1605,"independent"
48,1606,"independent"
44,1607,"independent"
46,1608,"independent"
48,1609,"independent"
48,1610,"independent"
48,1611,"independent"
48,1612,"independent"
44,1613,"independent"
46,1614,"independent"
48,1615,"independent"
46,1616,"independent"
46,1617,"independent"
46,1618,"independent"
44,1619,"independent"
46,1620,"independent"
48,1621,"independent"
46,1622,"independent"
48,1623,"independent"
46,1624,"independent"
46,1625,"independent"
50,1626,"independent"
50,1627,"independent"
48,1628,"independent"
48,1629,"independent"
48,1630,"independent"
50,1631,"independent"
46,1632,"independent"
48,1633,"independent"
48,1634,"independent"
46,1635,"independent"
46,1636,"independent"
44,1637,"independent"
46,1638,"independent"
48,1639,"independent"
48,1640,"independent"
48,1641,"independent"
50,1642,"independent"
46,1643,"independent"
48,1644,"independent"
48,1645,"independent"
44,1646,"independent"
48,1647,"independent"
48,1648,"independent"
46,1649,"independent"
46,1650,"independent"
50,1651,"independent"
50,1652,"independent"
48,1653,"independent"
44,1654,"independent"
48,1655,"independent"
48,1656,"independent"
48,1657,"independent"
46,1658,"independent"
48,1659,"independent"
44,1660,"independent"
46,1661,"independent"
50,1662,"independent"
46,1663,"independent"
48,1664,"independent"
46,1665,"independent"
44,1666,"independent"
48,1667,"independent"
48,1668,"independent"
48,1669,"independent"
48,1670,"independent"
48,1671,"independent"
50,1672,"independent"
48,1673,"independent"
46,1674,"independent"
50,1675,"independent"
50,1676,"independent"
48,1677,"independent"
48,1678,"independent"
46,1679,"independent"
48,1680,"independent"
48,1681,"independent"
44,1682,"independent"
48,1683,"independent"
46,1684,"independent"
48,1685,"independent"
46,1686,"independent"
46,1687,"independent"
50,1688,"independent"
48,1689,"independent"
46,1690,"independent"
48,1691,"independent"
48,1692,"independent"
50,1693,"independent"
46,1694,"independent"
46,1695,"independent"
48,1696,"independent"
48,1697,"independent"
48,1698,"independent"
50,1699,"independent"
46,1700,"independent"
46,1701,"independent"
50,1702,"independent"
46,1703,"independent"
46,1704,"independent"
48,1705,"independent"
46,1706,"independent"
48,1707,"independent"
48,1708,"independent"
48,1709,"independent"
48,1710,"independent"
48,1711,"independent"
46,1712,"independent"
48,1713,"independent"
48,1714,"independent"
44,1715,"independent"
48,1716,"independent"
48,1717,"independent"
48,1718,"independent"
46,1719,"independent"
50,1720,"independent"
48,1721,"independent"
46,1722,"independent"
48,1723,"independent"
48,1724,"independent"
50,1725,"independent"
46,1726,"independent"
48,1727,"independent"
48,1728,"independent"
48,1729,"independent"
44,1730,"independent"
46,1731,"independent"
48,1732,"independent"
48,1733,"independent"
44,1734,"independent"
44,1735,"independent"
48,1736,"independent"
46,1737,"independent"
44,1738,"independent"
44,1739,"independent"
46,1740,"independent"
46,1741,"independent"
46,1742,"independent"
46,1743,"independent"
44,1744,"independent"
48,1745,"independent"
46,1746,"independent"
44,1747,"independent"
46,1748,"independent"
46,1749,"independent"
46,1750,"independent"
48,1751,"independent"
50,1752,"independent"
44,1753,"independent"
42,1754,"independent"
44,1755,"independent"
44,1756,"independent"
48,1757,"independent"
48,1758,"independent"
48,1759,"independent"
46,1760,"independent"
48,1761,"independent"
46,1762,"independent"
44,1763,"independent"
46,1764,"independent"
50,1765,"independent"
48,1766,"independent"
50,1767,"independent"
46,1768,"independent"
48,1769,"independent"
46,1770,"independent"
48,1771,"independent"
46,1772,"independent"
46,1773,"independent"
44,1774,"independent"
48,1775,"independent"
46,1776,"independent"
48,1777,"independent"
48,1778,"independent"
48,1779,"independent"
44,1780,"independent"
46,1781,"independent"
48,1782,"independent"
46,1783,"independent"
50,1784,"independent"
46,1785,"independent"
48,1786,"independent"
46,1787,"independent"
48,1788,"independent"
48,1789,"independent"
44,1790,"independent"
50,1791,"independent"
46,1792,"independent"
44,1793,"independent"
44,1794,"independent"
48,1795,"independent"
48,1796,"independent"
46,1797,"independent"
44,1798,"independent"
46,1799,"independent"
44,1800,"independent"
48,1801,"independent"
48,1802,"independent"
50,1803,"independent"
48,1804,"independent"
46,1805,"independent"
48,1806,"independent"
48,1807,"independent"
48,1808,"independent"
48,1809,"independent"
46,1810,"independent"
44,1811,"independent"
46,1812,"independent"
46,1813,"independent"
44,1814,"independent"
46,1815,"independent"
44,1816,"independent"
46,1817,"independent"
46,1818,"independent"
46,1819,"independent"
48,1820,"independent"
46,1821,"independent"
46,1822,"independent"
48,1823,"independent"
46,1824,"independent"
48,1825,"independent"
44,1826,"independent"
46,1827,"independent"
46,1828,"independent"
48,1829,"independent"
48,1830,"independent"
46,1831,"independent"
44,1832,"independent"
44,1833,"independent"
50,1834,"independent"
48,1835,"independent"
48,1836,"independent"
46,1837,"independent"
48,1838,"independent"
48,1839,"independent"
46,1840,"independent"
48,1841,"independent"
46,1842,"independent"
46,1843,"independent"
46,1844,"independent"
48,1845,"independent"
46,1846,"independent"
48,1847,"independent"
50,1848,"independent"
48,1849,"independent"
48,1850,"independent"
44,1851,"independent"
46,1852,"independent"
44,1853,"independent"
48,1854,"independent"
46,1855,"independent"
46,1856,"independent"
48,1857,"independent"
44,1858,"independent"
46,1859,"independent"
44,1860,"independent"
46,1861,"independent"
44,1862,"independent"
46,1863,"independent"
46,1864,"independent"
48,1865,"independent"
48,1866,"independent"
48,1867,"independent"
48,1868,"independent"
48,1869,"independent"
44,1870,"independent"
46,1871,"independent"
50,1872,"independent"
50,1873,"independent"
46,1874,"independent"
46,1875,"independent"
46,1876,"independent"
48,1877,"independent"
50,1878,"independent"
46,1879,"independent"
46,1880,"independent"
48,1881,"independent"
46,1882,"independent"
46,1883,"independent"
46,1884,"independent"
48,1885,"independent"
48,1886,"independent"
46,1887,"independent"
48,1888,"independent"
44,1889,"independent"
46,1890,"independent"
48,1891,"independent"
46,1892,"independent"
46,1893,"independent"
46,1894,"independent"
46,1895,"independent"
44,1896,"independent"
44,1897,"independent"
44,1898,"independent"
46,1899,"independent"
48,1900,"independent"
44,1901,"independent"
46,1902,"independent"
50,1903,"independent"
48,1904,"independent"
48,1905,"independent"
46,1906,"independent"
46,1907,"independent"
44,1908,"independent"
50,1909,"independent"
44,1910,"independent"
46,1911,"independent"
46,1912,"independent"
46,1913,"independent"
48,1914,"independent"
48,1915,"independent"
50,1916,"independent"
44,1917,"independent"
50,1918,"independent"
44,1919,"independent"
44,1920,"independent"
46,1921,"independent"
46,1922,"independent"
50,1923,"independent"
48,1924,"independent"
46,1925,"independent"
44,1926,"independent"
50,1927,"independent"
50,1928,"independent"
50,1929,"independent"
44,1930,"independent"
46,1931,"independent"
44,1932,"independent"
46,1933,"independent"
46,1934,"independent"
46,1935,"independent"
46,1936,"independent"
46,1937,"independent"
50,1938,"independent"
48,1939,"independent"
46,1940,"independent"
46,1941,"independent"
44,1942,"independent"
44,1943,"independent"
46,1944,"independent"
46,1945,"independent"
46,1946,"independent"
48,1947,"independent"
44,1948,"independent"
46,1949,"independent"
46,1950,"independent"
44,1951,"independent"
46,1952,"independent"
46,1953,"independent"
48,1954,"independent"
48,1955,"independent"
48,1956,"independent"
48,1957,"independent"
46,1958,"independent"
44,1959,"independent"
44,1960,"independent"
46,1961,"independent"
48,1962,"independent"
48,1963,"independent"
48,1964,"independent"
44,1965,"independent"
48,1966,"independent"
48,1967,"independent"
46,1968,"independent"
46,1969,"independent"
48,1970,"independent"
44,1971,"independent"
46,1972,"independent"
48,1973,"independent"
46,1974,"independent"
48,1975,"independent"
46,1976,"independent"
48,1977,"independent"
46,1978,"independent"
48,1979,"independent"
46,1980,"independent"
46,1981,"independent"
46,1982,"independent"
44,1983,"independent"
48,1984,"independent"
48,1985,"independent"
48,1986,"independent"
50,1987,"independent"
48,1988,"independent"
48,1989,"independent"
44,1990,"independent"
44,1991,"independent"
48,1992,"independent"
48,1993,"independent"
48,1994,"independent"
48,1995,"independent"
46,1996,"independent"
48,1997,"independent"
48,1998,"independent"
48,1999,"independent"
44,2000,"independent"
46,2001,"independent"
44,2002,"independent"
48,2003,"independent"
46,2004,"independent"
46,2005,"independent"
44,2006,"independent"
46,2007,"independent"
46,2008,"independent"
46,2009,"independent"
50,2010,"independent"
48,2011,"independent"
46,2012,"independent"
48,2013,"independent"
44,2014,"independent"
44,2015,"independent"
44,2016,"independent"
48,2017,"independent"
46,2018,"independent"
48,2019,"independent"
46,2020,"independent"
44,2021,"independent"
46,2022,"independent"
46,2023,"independent"
48,2024,"independent"
46,2025,"independent"
48,2026,"independent"
48,2027,"independent"
50,2028,"independent"
46,2029,"independent"
46,2030,"independent"
46,2031,"independent"
48,2032,"independent"
48,2033,"independent"
46,2034,"independent"
46,2035,"independent"
46,2036,"independent"
44,2037,"independent"
44,2038,"independent"
46,2039,"independent"
46,2040,"independent"
46,2041,"independent"
44,2042,"independent"
48,2043,"independent"
48,2044,"independent"
46,2045,"independent"
50,2046,"independent"
48,2047,"independent"
50,2048,"independent"
48,2049,"independent"
48,2050,"independent"
48,2051,"independent"
50,2052,"independent"
48,2053,"independent"
44,2054,"independent"
44,2055,"independent"
48,2056,"independent"
48,2057,"independent"
48,2058,"independent"
48,2059,"independent"
44,2060,"independent"
46,2061,"independent"
46,2062,"independent"
46,2063,"independent"
48,2064,"independent"
46,2065,"independent"
46,2066,"independent"
46,2067,"independent"
50,2068,"independent"
50,2069,"independent"
48,2070,"independent"
44,2071,"independent"
50,2072,"independent"
48,2073,"independent"
46,2074,"independent"
48,2075,"independent"
46,2076,"independent"
44,2077,"independent"
48,2078,"independent"
48,2079,"independent"
48,2080,"independent"
50,2081,"independent"
50,2082,"independent"
44,2083,"independent"
50,2084,"independent"
46,2085,"independent"
44,2086,"independent"
46,2087,"independent"
44,2088,"independent"
46,2089,"independent"
48,2090,"independent"
46,2091,"independent"
50,2092,"independent"
46,2093,"independent"
44,2094,"independent"
46,2095,"independent"
44,2096,"independent"
46,2097,"independent"
46,2098,"independent"
44,2099,"independent"
46,2100,"independent"
46,2101,"independent"
48,2102,"independent"
46,2103,"independent"
48,2104,"independent"
48,2105,"independent"
48,2106,"independent"
44,2107,"independent"
46,2108,"independent"
44,2109,"independent"
46,2110,"independent"
44,2111,"independent"
48,2112,"independent"
48,2113,"independent"
46,2114,"independent"
46,2115,"independent"
46,2116,"independent"
48,2117,"independent"
44,2118,"independent"
46,2119,"independent"
48,2120,"independent"
48,2121,"independent"
50,2122,"independent"
50,2123,"independent"
48,2124,"independent"
50,2125,"independent"
50,2126,"independent"
48,2127,"independent"
46,2128,"independent"
48,2129,"independent"
46,2130,"independent"
48,2131,"independent"
46,2132,"independent"
48,2133,"independent"
50,2134,"independent"
46,2135,"independent"
48,2136,"independent"
48,2137,"independent"
44,2138,"independent"
46,2139,"independent"
46,2140,"independent"
48,2141,"independent"
52,2142,"independent"
52,2143,"independent"
46,2144,"independent"
48,2145,"independent"
48,2146,"independent"
48,2147,"independent"
46,2148,"independent"
50,2149,"independent"
48,2150,"independent"
44,2151,"independent"
44,2152,"independent"
46,2153,"independent"
48,2154,"independent"
44,2155,"independent"
46,2156,"independent"
44,2157,"independent"
44,2158,"independent"
50,2159,"independent"
46,2160,"independent"
46,2161,"independent"
48,2162,"independent"
46,2163,"independent"
46,2164,"independent"
48,2165,"independent"
50,2166,"independent"
46,2167,"independent"
46,2168,"independent"
46,2169,"independent"
46,2170,"independent"
46,2171,"independent"
48,2172,"independent"
50,2173,"independent"
48,2174,"independent"
46,2175,"independent"
48,2176,"independent"
46,2177,"independent"
46,2178,"independent"
46,2179,"independent"
46,2180,"independent"
46,2181,"independent"
44,2182,"independent"
50,2183,"independent"
46,2184,"independent"
48,2185,"independent"
48,2186,"independent"
48,2187,"independent"
50,2188,"independent"
50,2189,"independent"
46,2190,"independent"
48,2191,"independent"
48,2192,"independent"
44,2193,"independent"
46,2194,"independent"
46,2195,"independent"
46,2196,"independent"
44,2197,"independent"
46,2198,"independent"
48,2199,"independent"
46,2200,"independent"
44,2201,"independent"
48,2202,"independent"
48,2203,"independent"
44,2204,"independent"
48,2205,"independent"
48,2206,"independent"
46,2207,"independent"
46,2208,"independent"
46,2209,"independent"
48,2210,"independent"
48,2211,"independent"
50,2212,"independent"
48,2213,"independent"
46,2214,"independent"
44,2215,"independent"
46,2216,"independent"
44,2217,"independent"
44,2218,"independent"
44,2219,"independent"
46,2220,"independent"
48,2221,"independent"
46,2222,"independent"
48,2223,"independent"
46,2224,"independent"
46,2225,"independent"
48,2226,"independent"
50,2227,"independent"
46,2228,"independent"
46,2229,"independent"
44,2230,"independent"
46,2231,"independent"
46,2232,"independent"
48,2233,"independent"
46,2234,"independent"
46,2235,"independent"
44,2236,"independent"
44,2237,"independent"
46,2238,"independent"
50,2239,"independent"
48,2240,"independent"
46,2241,"independent"
44,2242,"independent"
46,2243,"independent"
48,2244,"independent"
50,2245,"independent"
46,2246,"independent"
48,2247,"independent"
48,2248,"independent"
48,2249,"independent"
46,2250,"independent"
46,2251,"independent"
50,2252,"independent"
44,2253,"independent"
46,2254,"independent"
44,2255,"independent"
48,2256,"independent"
44,2257,"independent"
48,2258,"independent"
48,2259,"independent"
44,2260,"independent"
44,2261,"independent"
44,2262,"independent"
44,2263,"independent"
48,2264,"independent"
44,2265,"independent"
48,2266,"independent"
48,2267,"independent"
48,2268,"independent"
48,2269,"independent"
48,2270,"independent"
46,2271,"independent"
48,2272,"independent"
46,2273,"independent"
46,2274,"independent"
50,2275,"independent"
44,2276,"independent"
50,2277,"independent"
44,2278,"independent"
46,2279,"independent"
48,2280,"independent"
48,2281,"independent"
50,2282,"independent"
46,2283,"independent"
48,2284,"independent"
48,2285,"independent"
48,2286,"independent"
48,2287,"independent"
48,2288,"independent"
48,2289,"independent"
46,2290,"independent"
48,2291,"independent"
48,2292,"independent"
48,2293,"independent"
48,2294,"independent"
50,2295,"independent"
48,2296,"independent"
46,2297,"independent"
48,2298,"independent"
50,2299,"independent"
48,2300,"independent"
48,2301,"independent"
46,2302,"independent"
50,2303,"independent"
48,2304,"independent"
50,2305,"independent"
50,2306,"independent"
50,2307,"independent"
46,2308,"independent"
46,2309,"independent"
48,2310,"independent"
50,2311,"independent"
46,2312,"independent"
46,2313,"independent"
48,2314,"independent"
46,2315,"independent"
48,2316,"independent"
46,2317,"independent"
50,2318,"independent"
48,2319,"independent"
44,2320,"independent"
48,2321,"independent"
48,2322,"independent"
48,2323,"independent"
50,2324,"independent"
50,2325,"independent"
48,2326,"independent"
44,2327,"independent"
46,2328,"independent"
48,2329,"independent"
46,2330,"independent"
44,2331,"independent"
48,2332,"independent"
44,2333,"independent"
46,2334,"independent"
44,2335,"independent"
46,2336,"independent"
48,2337,"independent"
48,2338,"independent"
46,2339,"independent"
46,2340,"independent"
44,2341,"independent"
44,2342,"independent"
48,2343,"independent"
46,2344,"independent"
50,2345,"independent"
50,2346,"independent"
46,2347,"independent"
46,2348,"independent"
44,2349,"independent"
46,2350,"independent"
46,2351,"independent"
46,2352,"independent"
48,2353,"independent"
48,2354,"independent"
46,2355,"independent"
44,2356,"independent"
46,2357,"independent"
46,2358,"independent"
44,2359,"independent"
46,2360,"independent"
46,2361,"independent"
48,2362,"independent"
48,2363,"independent"
52,2364,"independent"
46,2365,"independent"
44,2366,"independent"
48,2367,"independent"
46,2368,"independent"
46,2369,"independent"
48,2370,"independent"
46,2371,"independent"
46,2372,"independent"
46,2373,"independent"
46,2374,"independent"
48,2375,"independent"
48,2376,"independent"
44,2377,"independent"
46,2378,"independent"
46,2379,"independent"
48,2380,"independent"
52,2381,"independent"
50,2382,"independent"
48,2383,"independent"
46,2384,"independent"
50,2385,"independent"
50,2386,"independent"
50,2387,"independent"
50,2388,"independent"
46,2389,"independent"
48,2390,"independent"
44,2391,"independent"
50,2392,"independent"
48,2393,"independent"
46,2394,"independent"
46,2395,"independent"
46,2396,"independent"
44,2397,"independent"
48,2398,"independent"
44,2399,"independent"
46,2400,"independent"
46,2401,"independent"
46,2402,"independent"
48,2403,"independent"
46,2404,"independent"
46,2405,"independent"
48,2406,"independent"
50,2407,"independent"
46,2408,"independent"
46,2409,"independent"
46,2410,"independent"
48,2411,"independent"
48,2412,"independent"
46,2413,"independent"
46,2414,"independent"
44,2415,"independent"
46,2416,"independent"
50,2417,"independent"
50,2418,"independent"
50,2419,"independent"
44,2420,"independent"
46,2421,"independent"
48,2422,"independent"
46,2423,"independent"
44,2424,"independent"
48,2425,"independent"
50,2426,"independent"
46,2427,"independent"
50,2428,"independent"
44,2429,"independent"
44,2430,"independent"
46,2431,"independent"
50,2432,"independent"
46,2433,"independent"
44,2434,"independent"
46,2435,"independent"
46,2436,"independent"
46,2437,"independent"
46,2438,"independent"
46,2439,"independent"
46,2440,"independent"
48,2441,"independent"
48,2442,"independent"
48,2443,"independent"
46,2444,"independent"
44,2445,"independent"
48,2446,"independent"
48,2447,"independent"
44,2448,"independent"
46,2449,"independent"
44,2450,"independent"
44,2451,"independent"
46,2452,"independent"
46,2453,"independent"
48,2454,"independent"
48,2455,"independent"
50,2456,"independent"
48,2457,"independent"
46,2458,"independent"
48,2459,"independent"
44,2460,"independent"
44,2461,"independent"
44,2462,"independent"
48,2463,"independent"
46,2464,"independent"
44,2465,"independent"
44,2466,"independent"
44,2467,"independent"
46,2468,"independent"
46,2469,"independent"
48,2470,"independent"
46,2471,"independent"
46,2472,"independent"
44,2473,"independent"
48,2474,"independent"
48,2475,"independent"
46,2476,"independent"
46,2477,"independent"
48,2478,"independent"
44,2479,"independent"
46,2480,"independent"
46,2481,"independent"
48,2482,"independent"
48,2483,"independent"
46,2484,"independent"
44,2485,"independent"
48,2486,"independent"
48,2487,"independent"
50,2488,"independent"
48,2489,"independent"
48,2490,"independent"
46,2491,"independent"
46,2492,"independent"
48,2493,"independent"
48,2494,"independent"
46,2495,"independent"
46,2496,"independent"
44,2497,"independent"
44,2498,"independent"
48,2499,"independent"
48,2500,"independent"
46,2501,"independent"
48,2502,"independent"
50,2503,"independent"
48,2504,"independent"
50,2505,"independent"
48,2506,"independent"
48,2507,"independent"
50,2508,"independent"
44,2509,"independent"
44,2510,"independent"
46,2511,"independent"
50,2512,"independent"
50,2513,"independent"
48,2514,"independent"
46,2515,"independent"
46,2516,"independent"
46,2517,"independent"
46,2518,"independent"
46,2519,"independent"
46,2520,"independent"
44,2521,"independent"
46,2522,"independent"
48,2523,"independent"
48,2524,"independent"
48,2525,"independent"
46,2526,"independent"
44,2527,"independent"
46,2528,"independent"
48,2529,"independent"
44,2530,"independent"
50,2531,"independent"
46,2532,"independent"
46,2533,"independent"
48,2534,"independent"
48,2535,"independent"
44,2536,"independent"
50,2537,"independent"
48,2538,"independent"
46,2539,"independent"
46,2540,"independent"
48,2541,"independent"
44,2542,"independent"
46,2543,"independent"
46,2544,"independent"
46,2545,"independent"
48,2546,"independent"
46,2547,"independent"
46,2548,"independent"
48,2549,"independent"
48,2550,"independent"
48,2551,"independent"
48,2552,"independent"
48,2553,"independent"
46,2554,"independent"
44,2555,"independent"
46,2556,"independent"
46,2557,"independent"
46,2558,"independent"
48,2559,"independent"
48,2560,"independent"
48,2561,"independent"
48,2562,"independent"
48,2563,"independent"
46,2564,"independent"
44,2565,"independent"
46,2566,"independent"
46,2567,"independent"
48,2568,"independent"
44,2569,"independent"
48,2570,"independent"
46,2571,"independent"
46,2572,"independent"
48,2573,"independent"
44,2574,"independent"
46,2575,"independent"
46,2576,"independent"
46,2577,"independent"
48,2578,"independent"
44,2579,"independent"
46,2580,"independent"
46,2581,"independent"
44,2582,"independent"
44,2583,"independent"
46,2584,"independent"
50,2585,"independent"
52,2586,"independent"
50,2587,"independent"
50,2588,"independent"
44,2589,"independent"
48,2590,"independent"
50,2591,"independent"
46,2592,"independent"
46,2593,"independent"
48,2594,"independent"
46,2595,"independent"
46,2596,"independent"
46,2597,"independent"
46,2598,"independent"
46,2599,"independent"
48,2600,"independent"
44,2601,"independent"
46,2602,"independent"
46,2603,"independent"
48,2604,"independent"
46,2605,"independent"
46,2606,"independent"
48,2607,"independent"
48,2608,"independent"
44,2609,"independent"
48,2610,"independent"
48,2611,"independent"
48,2612,"independent"
44,2613,"independent"
50,2614,"independent"
50,2615,"independent"
46,2616,"independent"
48,2617,"independent"
46,2618,"independent"
46,2619,"independent"
46,2620,"independent"
48,2621,"independent"
50,2622,"independent"
50,2623,"independent"
48,2624,"independent"
46,2625,"independent"
46,2626,"independent"
46,2627,"independent"
48,2628,"independent"
48,2629,"independent"
46,2630,"independent"
48,2631,"independent"
46,2632,"independent"
48,2633,"independent"
46,2634,"independent"
46,2635,"independent"
44,2636,"independent"
48,2637,"independent"
48,2638,"independent"
48,2639,"independent"
48,2640,"independent"
48,2641,"independent"
50,2642,"independent"
46,2643,"independent"
46,2644,"independent"
48,2645,"independent"
46,2646,"independent"
48,2647,"independent"
48,2648,"independent"
48,2649,"independent"
44,2650,"independent"
50,2651,"independent"
46,2652,"independent"
50,2653,"independent"
50,2654,"independent"
48,2655,"independent"
44,2656,"independent"
46,2657,"independent"
50,2658,"independent"
46,2659,"independent"
48,2660,"independent"
48,2661,"independent"
46,2662,"independent"
44,2663,"independent"
48,2664,"independent"
44,2665,"independent"
44,2666,"independent"
46,2667,"independent"
48,2668,"independent"
44,2669,"independent"
48,2670,"independent"
50,2671,"independent"
46,2672,"independent"
48,2673,"independent"
44,2674,"independent"
46,2675,"independent"
46,2676,"independent"
48,2677,"independent"
46,2678,"independent"
48,2679,"independent"
46,2680,"independent"
46,2681,"independent"
50,2682,"independent"
46,2683,"independent"
46,2684,"independent"
46,2685,"independent"
44,2686,"independent"
44,2687,"independent"
46,2688,"independent"
48,2689,"independent"
50,2690,"independent"
46,2691,"independent"
46,2692,"independent"
48,2693,"independent"
44,2694,"independent"
48,2695,"independent"
46,2696,"independent"
48,2697,"independent"
48,2698,"independent"
48,2699,"independent"
46,2700,"independent"
46,2701,"independent"
46,2702,"independent"
46,2703,"independent"
46,2704,"independent"
46,2705,"independent"
46,2706,"independent"
44,2707,"independent"
48,2708,"independent"
44,2709,"independent"
44,2710,"independent"
50,2711,"independent"
46,2712,"independent"
52,2713,"independent"
52,2714,"independent"
46,2715,"independent"
48,2716,"independent"
48,2717,"independent"
46,2718,"independent"
50,2719,"independent"
46,2720,"independent"
44,2721,"independent"
48,2722,"independent"
48,2723,"independent"
46,2724,"independent"
46,2725,"independent"
46,2726,"independent"
44,2727,"independent"
46,2728,"independent"
48,2729,"independent"
46,2730,"independent"
48,2731,"independent"
46,2732,"independent"
44,2733,"independent"
44,2734,"independent"
44,2735,"independent"
44,2736,"independent"
48,2737,"independent"
44,2738,"independent"
48,2739,"independent"
44,2740,"independent"
44,2741,"independent"
46,2742,"independent"
44,2743,"independent"
44,2744,"independent"
46,2745,"independent"
46,2746,"independent"
48,2747,"independent"
48,2748,"independent"
46,2749,"independent"
44,2750,"independent"
46,2751,"independent"
48,2752,"independent"
46,2753,"independent"
46,2754,"independent"
50,2755,"independent"
46,2756,"independent"
46,2757,"independent"
46,2758,"independent"
48,2759,"independent"
46,2760,"independent"
50,2761,"independent"
46,2762,"independent"
50,2763,"independent"
46,2764,"independent"
44,2765,"independent"
46,2766,"independent"
48,2767,"independent"
50,2768,"independent"
44,2769,"independent"
48,2770,"independent"
48,2771,"independent"
46,2772,"independent"
46,2773,"independent"
50,2774,"independent"
48,2775,"independent"
50,2776,"independent"
46,2777,"independent"
48,2778,"independent"
48,2779,"independent"
44,2780,"independent"
46,2781,"independent"
48,2782,"independent"
48,2783,"independent"
46,2784,"independent"
46,2785,"independent"
46,2786,"independent"
48,2787,"independent"
48,2788,"independent"
46,2789,"independent"
50,2790,"independent"
48,2791,"independent"
46,2792,"independent"
46,2793,"independent"
46,2794,"independent"
48,2795,"independent"
46,2796,"independent"
46,2797,"independent"
46,2798,"independent"
44,2799,"independent"
44,2800,"independent"
48,2801,"independent"
50,2802,"independent"
48,2803,"independent"
48,2804,"independent"
48,2805,"independent"
50,2806,"independent"
44,2807,"independent"
46,2808,"independent"
46,2809,"independent"
44,2810,"independent"
46,2811,"independent"
46,2812,"independent"
46,2813,"independent"
44,2814,"independent"
44,2815,"independent"
46,2816,"independent"
44,2817,"independent"
46,2818,"independent"
46,2819,"independent"
48,2820,"independent"
46,2821,"independent"
48,2822,"independent"
46,2823,"independent"
48,2824,"independent"
48,2825,"independent"
46,2826,"independent"
48,2827,"independent"
46,2828,"independent"
46,2829,"independent"
46,2830,"independent"
44,2831,"independent"
48,2832,"independent"
46,2833,"independent"
44,2834,"independent"
46,2835,"independent"
48,2836,"independent"
46,2837,"independent"
48,2838,"independent"
48,2839,"independent"
46,2840,"independent"
44,2841,"independent"
52,2842,"independent"
48,2843,"independent"
48,2844,"independent"
50,2845,"independent"
50,2846,"independent"
46,2847,"independent"
46,2848,"independent"
48,2849,"independent"
44,2850,"independent"
48,2851,"independent"
48,2852,"independent"
46,2853,"independent"
46,2854,"independent"
48,2855,"independent"
46,2856,"independent"
50,2857,"independent"
46,2858,"independent"
46,2859,"independent"
50,2860,"independent"
48,2861,"independent"
50,2862,"independent"
48,2863,"independent"
48,2864,"independent"
50,2865,"independent"
46,2866,"independent"
48,2867,"independent"
50,2868,"independent"
48,2869,"independent"
46,2870,"independent"
44,2871,"independent"
46,2872,"independent"
46,2873,"independent"
46,2874,"independent"
44,2875,"independent"
44,2876,"independent"
46,2877,"independent"
46,2878,"independent"
46,2879,"independent"
46,2880,"independent"
46,2881,"independent"
44,2882,"independent"
46,2883,"independent"
46,2884,"independent"
50,2885,"independent"
46,2886,"independent"
46,2887,"independent"
46,2888,"independent"
46,2889,"independent"
48,2890,"independent"
44,2891,"independent"
44,2892,"independent"
46,2893,"independent"
48,2894,"independent"
50,2895,"independent"
48,2896,"independent"
44,2897,"independent"
46,2898,"independent"
46,2899,"independent"
46,2900,"independent"
44,2901,"independent"
46,2902,"independent"
46,2903,"independent"
48,2904,"independent"
46,2905,"independent"
50,2906,"independent"
44,2907,"independent"
48,2908,"independent"
48,2909,"independent"
48,2910,"independent"
48,2911,"independent"
46,2912,"independent"
48,2913,"independent"
48,2914,"independent"
44,2915,"independent"
46,2916,"independent"
48,2917,"independent"
50,2918,"independent"
46,2919,"independent"
46,2920,"independent"
50,2921,"independent"
50,2922,"independent"
46,2923,"independent"
46,2924,"independent"
50,2925,"independent"
46,2926,"independent"
44,2927,"independent"
46,2928,"independent"
46,2929,"independent"
48,2930,"independent"
44,2931,"independent"
44,2932,"independent"
44,2933,"independent"
50,2934,"independent"
48,2935,"independent"
44,2936,"independent"
46,2937,"independent"
44,2938,"independent"
46,2939,"independent"
46,2940,"independent"
46,2941,"independent"
48,2942,"independent"
50,2943,"independent"
48,2944,"independent"
48,2945,"independent"
48,2946,"independent"
46,2947,"independent"
46,2948,"independent"
48,2949,"independent"
48,2950,"independent"
46,2951,"independent"
48,2952,"independent"
46,2953,"independent"
46,2954,"independent"
46,2955,"independent"
46,2956,"independent"
46,2957,"independent"
44,2958,"independent"
48,2959,"independent"
48,2960,"independent"
46,2961,"independent"
44,2962,"independent"
46,2963,"independent"
48,2964,"independent"
48,2965,"independent"
46,2966,"independent"
46,2967,"independent"
46,2968,"independent"
46,2969,"independent"
50,2970,"independent"
44,2971,"independent"
46,2972,"independent"
44,2973,"independent"
44,2974,"independent"
46,2975,"independent"
46,2976,"independent"
46,2977,"independent"
48,2978,"independent"
48,2979,"independent"
48,2980,"independent"
46,2981,"independent"
48,2982,"independent"
44,2983,"independent"
46,2984,"independent"
48,2985,"independent"
46,2986,"independent"
44,2987,"independent"
46,2988,"independent"
46,2989,"independent"
46,2990,"independent"
46,2991,"independent"
48,2992,"independent"
48,2993,"independent"
48,2994,"independent"
46,2995,"independent"
46,2996,"independent"
48,2997,"independent"
46,2998,"independent"
46,2999,"independent"
48,3000,"independent"
44,3001,"independent"
46,3002,"independent"
50,3003,"independent"
50,3004,"independent"
44,3005,"independent"
48,3006,"independent"
48,3007,"independent"
48,3008,"independent"
48,3009,"independent"
48,3010,"independent"
46,3011,"independent"
48,3012,"independent"
48,3013,"independent"
48,3014,"independent"
46,3015,"independent"
46,3016,"independent"
44,3017,"independent"
44,3018,"independent"
48,3019,"independent"
48,3020,"independent"
46,3021,"independent"
46,3022,"independent"
48,3023,"independent"
44,3024,"independent"
48,3025,"independent"
46,3026,"independent"
44,3027,"independent"
44,3028,"independent"
46,3029,"independent"
50,3030,"independent"
48,3031,"independent"
50,3032,"independent"
46,3033,"independent"
46,3034,"independent"
48,3035,"independent"
48,3036,"independent"
48,3037,"independent"
48,3038,"independent"
50,3039,"independent"
44,3040,"independent"
46,3041,"independent"
48,3042,"independent"
48,3043,"independent"
46,3044,"independent"
46,3045,"independent"
46,3046,"independent"
50,3047,"independent"
48,3048,"independent"
48,3049,"independent"
46,3050,"independent"
44,3051,"independent"
44,3052,"independent"
46,3053,"independent"
44,3054,"independent"
48,3055,"independent"
48,3056,"independent"
50,3057,"independent"
48,3058,"independent"
44,3059,"independent"
48,3060,"independent"
46,3061,"independent"
48,3062,"independent"
44,3063,"independent"
46,3064,"independent"
48,3065,"independent"
50,3066,"independent"
46,3067,"independent"
48,3068,"independent"
48,3069,"independent"
46,3070,"independent"
46,3071,"independent"
46,3072,"independent"
46,3073,"independent"
44,3074,"independent"
48,3075,"independent"
44,3076,"independent"
46,3077,"independent"
46,3078,"independent"
46,3079,"independent"
46,3080,"independent"
44,3081,"independent"
48,3082,"independent"
46,3083,"independent"
48,3084,"independent"
50,3085,"independent"
46,3086,"independent"
46,3087,"independent"
44,3088,"independent"
46,3089,"independent"
46,3090,"independent"
48,3091,"independent"
48,3092,"independent"
48,3093,"independent"
48,3094,"independent"
44,3095,"independent"
48,3096,"independent"
44,3097,"independent"
48,3098,"independent"
46,3099,"independent"
48,3100,"independent"
48,3101,"independent"
48,3102,"independent"
50,3103,"independent"
52,3104,"independent"
50,3105,"independent"
44,3106,"independent"
46,3107,"independent"
48,3108,"independent"
48,3109,"independent"
50,3110,"independent"
48,3111,"independent"
46,3112,"independent"
44,3113,"independent"
46,3114,"independent"
44,3115,"independent"
46,3116,"independent"
44,3117,"independent"
48,3118,"independent"
48,3119,"independent"
44,3120,"independent"
46,3121,"independent"
44,3122,"independent"
48,3123,"independent"
46,3124,"independent"
46,3125,"independent"
48,3126,"independent"
44,3127,"independent"
46,3128,"independent"
46,3129,"independent"
46,3130,"independent"
44,3131,"independent"
46,3132,"independent"
50,3133,"independent"
50,3134,"independent"
50,3135,"independent"
46,3136,"independent"
46,3137,"independent"
46,3138,"independent"
46,3139,"independent"
48,3140,"independent"
50,3141,"independent"
46,3142,"independent"
46,3143,"independent"
46,3144,"independent"
48,3145,"independent"
46,3146,"independent"
46,3147,"independent"
46,3148,"independent"
50,3149,"independent"
48,3150,"independent"
48,3151,"independent"
46,3152,"independent"
48,3153,"independent"
46,3154,"independent"
46,3155,"independent"
50,3156,"independent"
44,3157,"independent"
44,3158,"independent"
50,3159,"independent"
46,3160,"independent"
48,3161,"independent"
48,3162,"independent"
46,3163,"independent"
48,3164,"independent"
46,3165,"independent"
46,3166,"independent"
46,3167,"independent"
46,3168,"independent"
48,3169,"independent"
44,3170,"independent"
44,3171,"independent"
46,3172,"independent"
44,3173,"independent"
44,3174,"independent"
48,3175,"independent"
48,3176,"independent"
46,3177,"independent"
50,3178,"independent"
46,3179,"independent"
48,3180,"independent"
48,3181,"independent"
52,3182,"independent"
48,3183,"independent"
46,3184,"independent"
46,3185,"independent"
48,3186,"independent"
48,3187,"independent"
44,3188,"independent"
46,3189,"independent"
46,3190,"independent"
46,3191,"independent"
46,3192,"independent"
50,3193,"independent"
46,3194,"independent"
48,3195,"independent"
46,3196,"independent"
46,3197,"independent"
44,3198,"independent"
48,3199,"independent"
48,3200,"independent"
46,3201,"independent"
46,3202,"independent"
50,3203,"independent"
48,3204,"independent"
48,3205,"independent"
46,3206,"independent"
48,3207,"independent"
46,3208,"independent"
46,3209,"independent"
50,3210,"independent"
44,3211,"independent"
46,3212,"independent"
46,3213,"independent"
48,3214,"independent"
48,3215,"independent"
50,3216,"independent"
50,3217,"independent"
48,3218,"independent"
46,3219,"independent"
46,3220,"independent"
44,3221,"independent"
48,3222,"independent"
44,3223,"independent"
46,3224,"independent"
46,3225,"independent"
48,3226,"independent"
46,3227,"independent"
46,3228,"independent"
44,3229,"independent"
46,3230,"independent"
46,3231,"independent"
46,3232,"independent"
46,3233,"independent"
48,3234,"independent"
46,3235,"independent"
44,3236,"independent"
44,3237,"independent"
50,3238,"independent"
50,3239,"independent"
46,3240,"independent"
46,3241,"independent"
46,3242,"independent"
46,3243,"independent"
48,3244,"independent"
48,3245,"independent"
48,3246,"independent"
48,3247,"independent"
46,3248,"independent"
46,3249,"independent"
46,3250,"independent"
50,3251,"independent"
46,3252,"independent"
48,3253,"independent"
46,3254,"independent"
44,3255,"independent"
48,3256,"independent"
48,3257,"independent"
44,3258,"independent"
48,3259,"independent"
46,3260,"independent"
48,3261,"independent"
46,3262,"independent"
46,3263,"independent"
46,3264,"independent"
48,3265,"independent"
48,3266,"independent"
48,3267,"independent"
44,3268,"independent"
46,3269,"independent"
44,3270,"independent"
48,3271,"independent"
48,3272,"independent"
46,3273,"independent"
46,3274,"independent"
48,3275,"independent"
50,3276,"independent"
48,3277,"independent"
46,3278,"independent"
46,3279,"independent"
48,3280,"independent"
46,3281,"independent"
46,3282,"independent"
44,3283,"independent"
46,3284,"independent"
46,3285,"independent"
50,3286,"independent"
50,3287,"independent"
46,3288,"independent"
46,3289,"independent"
46,3290,"independent"
48,3291,"independent"
48,3292,"independent"
48,3293,"independent"
50,3294,"independent"
46,3295,"independent"
46,3296,"independent"
48,3297,"independent"
48,3298,"independent"
48,3299,"independent"
48,3300,"independent"
48,3301,"independent"
46,3302,"independent"
44,3303,"independent"
46,3304,"independent"
48,3305,"independent"
46,3306,"independent"
46,3307,"independent"
46,3308,"independent"
46,3309,"independent"
48,3310,"independent"
48,3311,"independent"
46,3312,"independent"
46,3313,"independent"
44,3314,"independent"
44,3315,"independent"
46,3316,"independent"
46,3317,"independent"
50,3318,"independent"
48,3319,"independent"
44,3320,"independent"
48,3321,"independent"
48,3322,"independent"
50,3323,"independent"
48,3324,"independent"
50,3325,"independent"
46,3326,"independent"
48,3327,"independent"
48,3328,"independent"
46,3329,"independent"
48,3330,"independent"
48,3331,"independent"
44,3332,"independent"
44,3333,"independent"
48,3334,"independent"
46,3335,"independent"
48,3336,"independent"
46,3337,"independent"
46,3338,"independent"
46,3339,"independent"
44,3340,"independent"
44,3341,"independent"
44,3342,"independent"
46,3343,"independent"
46,3344,"independent"
46,3345,"independent"
48,3346,"independent"
48,3347,"independent"
44,3348,"independent"
48,3349,"independent"
50,3350,"independent"
50,3351,"independent"
48,3352,"independent"
46,3353,"independent"
46,3354,"independent"
48,3355,"independent"
46,3356,"independent"
46,3357,"independent"
46,3358,"independent"
46,3359,"independent"
46,3360,"independent"
50,3361,"independent"
50,3362,"independent"
46,3363,"independent"
46,3364,"independent"
48,3365,"independent"
48,3366,"independent"
50,3367,"independent"
48,3368,"independent"
48,3369,"independent"
50,3370,"independent"
46,3371,"independent"
48,3372,"independent"
48,3373,"independent"
48,3374,"independent"
46,3375,"independent"
50,3376,"independent"
48,3377,"independent"
46,3378,"independent"
46,3379,"independent"
46,3380,"independent"
46,3381,"independent"
46,3382,"independent"
46,3383,"independent"
50,3384,"independent"
48,3385,"independent"
50,3386,"independent"
48,3387,"independent"
48,3388,"independent"
50,3389,"independent"
48,3390,"independent"
46,3391,"independent"
48,3392,"independent"
48,3393,"independent"
48,3394,"independent"
46,3395,"independent"
48,3396,"independent"
48,3397,"independent"
44,3398,"independent"
44,3399,"independent"
48,3400,"independent"
50,3401,"independent"
48,3402,"independent"
48,3403,"independent"
50,3404,"independent"
46,3405,"independent"
46,3406,"independent"
46,3407,"independent"
44,3408,"independent"
44,3409,"independent"
48,3410,"independent"
50,3411,"independent"
48,3412,"independent"
46,3413,"independent"
48,3414,"independent"
46,3415,"independent"
46,3416,"independent"
46,3417,"independent"
46,3418,"independent"
46,3419,"independent"
46,3420,"independent"
46,3421,"independent"
50,3422,"independent"
46,3423,"independent"
44,3424,"independent"
48,3425,"independent"
48,3426,"independent"
48,3427,"independent"
48,3428,"independent"
48,3429,"independent"
50,3430,"independent"
46,3431,"independent"
50,3432,"independent"
46,3433,"independent"
46,3434,"independent"
50,3435,"independent"
46,3436,"independent"
46,3437,"independent"
44,3438,"independent"
46,3439,"independent"
48,3440,"independent"
46,3441,"independent"
48,3442,"independent"
46,3443,"independent"
50,3444,"independent"
46,3445,"independent"
44,3446,"independent"
44,3447,"independent"
46,3448,"independent"
44,3449,"independent"
44,3450,"independent"
46,3451,"independent"
50,3452,"independent"
50,3453,"independent"
48,3454,"independent"
48,3455,"independent"
46,3456,"independent"
46,3457,"independent"
44,3458,"independent"
46,3459,"independent"
48,3460,"independent"
48,3461,"independent"
46,3462,"independent"
46,3463,"independent"
48,3464,"independent"
48,3465,"independent"
46,3466,"independent"
46,3467,"independent"
48,3468,"independent"
46,3469,"independent"
46,3470,"independent"
48,3471,"independent"
48,3472,"independent"
50,3473,"independent"
46,3474,"independent"
44,3475,"independent"
46,3476,"independent"
48,3477,"independent"
46,3478,"independent"
48,3479,"independent"
48,3480,"independent"
46,3481,"independent"
46,3482,"independent"
46,3483,"independent"
46,3484,"independent"
48,3485,"independent"
46,3486,"independent"
44,3487,"independent"
44,3488,"independent"
48,3489,"independent"
48,3490,"independent"
46,3491,"independent"
48,3492,"independent"
46,3493,"independent"
46,3494,"independent"
46,3495,"independent"
44,3496,"independent"
44,3497,"independent"
48,3498,"independent"
48,3499,"independent"
46,3500,"independent"
46,3501,"independent"
48,3502,"independent"
48,3503,"independent"
44,3504,"independent"
48,3505,"independent"
48,3506,"independent"
50,3507,"independent"
46,3508,"independent"
48,3509,"independent"
48,3510,"independent"
50,3511,"independent"
48,3512,"independent"
46,3513,"independent"
48,3514,"independent"
48,3515,"independent"
44,3516,"independent"
46,3517,"independent"
48,3518,"independent"
50,3519,"independent"
50,3520,"independent"
48,3521,"independent"
44,3522,"independent"
48,3523,"independent"
46,3524,"independent"
46,3525,"independent"
50,3526,"independent"
52,3527,"independent"
44,3528,"independent"
46,3529,"independent"
46,3530,"independent"
46,3531,"independent"
46,3532,"independent"
50,3533,"independent"
48,3534,"independent"
46,3535,"independent"
48,3536,"independent"
48,3537,"independent"
46,3538,"independent"
50,3539,"independent"
48,3540,"independent"
48,3541,"independent"
48,3542,"independent"
44,3543,"independent"
44,3544,"independent"
46,3545,"independent"
44,3546,"independent"
46,3547,"independent"
50,3548,"independent"
48,3549,"independent"
46,3550,"independent"
48,3551,"independent"
48,3552,"independent"
52,3553,"independent"
48,3554,"independent"
50,3555,"independent"
50,3556,"independent"
46,3557,"independent"
46,3558,"independent"
48,3559,"independent"
46,3560,"independent"
44,3561,"independent"
48,3562,"independent"
48,3563,"independent"
48,3564,"independent"
46,3565,"independent"
46,3566,"independent"
48,3567,"independent"
46,3568,"independent"
46,3569,"independent"
46,3570,"independent"
50,3571,"independent"
48,3572,"independent"
44,3573,"independent"
48,3574,"independent"
44,3575,"independent"
46,3576,"independent"
46,3577,"independent"
50,3578,"independent"
46,3579,"independent"
50,3580,"independent"
48,3581,"independent"
46,3582,"independent"
50,3583,"independent"
46,3584,"independent"
50,3585,"independent"
48,3586,"independent"
50,3587,"independent"
46,3588,"independent"
46,3589,"independent"
46,3590,"independent"
50,3591,"independent"
46,3592,"independent"
46,3593,"independent"
48,3594,"independent"
46,3595,"independent"
50,3596,"independent"
46,3597,"independent"
46,3598,"independent"
48,3599,"independent"
50,3600,"independent"
46,3601,"independent"
48,3602,"independent"
48,3603,"independent"
46,3604,"independent"
46,3605,"independent"
48,3606,"independent"
48,3607,"independent"
46,3608,"independent"
48,3609,"independent"
50,3610,"independent"
50,3611,"independent"
44,3612,"independent"
50,3613,"independent"
48,3614,"independent"
48,3615,"independent"
48,3616,"independent"
48,3617,"independent"
44,3618,"independent"
44,3619,"independent"
44,3620,"independent"
44,3621,"independent"
48,3622,"independent"
46,3623,"independent"
48,3624,"independent"
46,3625,"independent"
48,3626,"independent"
48,3627,"independent"
48,3628,"independent"
44,3629,"independent"
46,3630,"independent"
48,3631,"independent"
46,3632,"independent"
50,3633,"independent"
44,3634,"independent"
44,3635,"independent"
46,3636,"independent"
50,3637,"independent"
44,3638,"independent"
44,3639,"independent"
46,3640,"independent"
46,3641,"independent"
46,3642,"independent"
48,3643,"independent"
46,3644,"independent"
44,3645,"independent"
46,3646,"independent"
46,3647,"independent"
50,3648,"independent"
46,3649,"independent"
48,3650,"independent"
48,3651,"independent"
48,3652,"independent"
48,3653,"independent"
44,3654,"independent"
46,3655,"independent"
44,3656,"independent"
46,3657,"independent"
50,3658,"independent"
48,3659,"independent"
46,3660,"independent"
48,3661,"independent"
48,3662,"independent"
48,3663,"independent"
50,3664,"independent"
48,3665,"independent"
46,3666,"independent"
46,3667,"independent"
50,3668,"independent"
46,3669,"independent"
44,3670,"independent"
50,3671,"independent"
50,3672,"independent"
46,3673,"independent"
50,3674,"independent"
48,3675,"independent"
44,3676,"independent"
46,3677,"independent"
48,3678,"independent"
46,3679,"independent"
52,3680,"independent"
46,3681,"independent"
48,3682,"independent"
44,3683,"independent"
46,3684,"independent"
46,3685,"independent"
48,3686,"independent"
46,3687,"independent"
50,3688,"independent"
46,3689,"independent"
46,3690,"independent"
46,3691,"independent"
46,3692,"independent"
48,3693,"independent"
52,3694,"independent"
48,3695,"independent"
50,3696,"independent"
46,3697,"independent"
46,3698,"independent"
44,3699,"independent"
46,3700,"independent"
48,3701,"independent"
48,3702,"independent"
46,3703,"independent"
48,3704,"independent"
50,3705,"independent"
46,3706,"independent"
46,3707,"independent"
46,3708,"independent"
50,3709,"independent"
46,3710,"independent"
46,3711,"independent"
46,3712,"independent"
48,3713,"independent"
48,3714,"independent"
46,3715,"independent"
48,3716,"independent"
46,3717,"independent"
44,3718,"independent"
46,3719,"independent"
46,3720,"independent"
48,3721,"independent"
46,3722,"independent"
46,3723,"independent"
50,3724,"independent"
48,3725,"independent"
44,3726,"independent"
48,3727,"independent"
44,3728,"independent"
46,3729,"independent"
46,3730,"independent"
46,3731,"independent"
48,3732,"independent"
46,3733,"independent"
46,3734,"independent"
46,3735,"independent"
46,3736,"independent"
48,3737,"independent"
50,3738,"independent"
46,3739,"independent"
44,3740,"independent"
46,3741,"independent"
46,3742,"independent"
50,3743,"independent"
46,3744,"independent"
44,3745,"independent"
44,3746,"independent"
44,3747,"independent"
46,3748,"independent"
50,3749,"independent"
48,3750,"independent"
46,3751,"independent"
46,3752,"independent"
46,3753,"independent"
50,3754,"independent"
46,3755,"independent"
50,3756,"independent"
44,3757,"independent"
46,3758,"independent"
48,3759,"independent"
48,3760,"independent"
50,3761,"independent"
46,3762,"independent"
46,3763,"independent"
48,3764,"independent"
48,3765,"independent"
48,3766,"independent"
50,3767,"independent"
50,3768,"independent"
48,3769,"independent"
46,3770,"independent"
46,3771,"independent"
46,3772,"independent"
44,3773,"independent"
48,3774,"independent"
48,3775,"independent"
48,3776,"independent"
48,3777,"independent"
48,3778,"independent"
48,3779,"independent"
44,3780,"independent"
50,3781,"independent"
46,3782,"independent"
46,3783,"independent"
44,3784,"independent"
46,3785,"independent"
48,3786,"independent"
46,3787,"independent"
48,3788,"independent"
48,3789,"independent"
46,3790,"independent"
48,3791,"independent"
44,3792,"independent"
46,3793,"independent"
48,3794,"independent"
46,3795,"independent"
48,3796,"independent"
46,3797,"independent"
46,3798,"independent"
46,3799,"independent"
44,3800,"independent"
46,3801,"independent"
46,3802,"independent"
44,3803,"independent"
48,3804,"independent"
48,3805,"independent"
48,3806,"independent"
46,3807,"independent"
48,3808,"independent"
44,3809,"independent"
46,3810,"independent"
50,3811,"independent"
46,3812,"independent"
50,3813,"independent"
46,3814,"independent"
44,3815,"independent"
50,3816,"independent"
46,3817,"independent"
50,3818,"independent"
46,3819,"independent"
48,3820,"independent"
48,3821,"independent"
50,3822,"independent"
46,3823,"independent"
46,3824,"independent"
48,3825,"independent"
48,3826,"independent"
48,3827,"independent"
48,3828,"independent"
48,3829,"independent"
44,3830,"independent"
46,3831,"independent"
48,3832,"independent"
46,3833,"independent"
48,3834,"independent"
46,3835,"independent"
48,3836,"independent"
46,3837,"independent"
48,3838,"independent"
48,3839,"independent"
44,3840,"independent"
46,3841,"independent"
50,3842,"independent"
48,3843,"independent"
46,3844,"independent"
46,3845,"independent"
48,3846,"independent"
46,3847,"independent"
44,3848,"independent"
48,3849,"independent"
50,3850,"independent"
50,3851,"independent"
46,3852,"independent"
44,3853,"independent"
46,3854,"independent"
46,3855,"independent"
46,3856,"independent"
48,3857,"independent"
48,3858,"independent"
48,3859,"independent"
50,3860,"independent"
44,3861,"independent"
46,3862,"independent"
50,3863,"independent"
44,3864,"independent"
48,3865,"independent"
48,3866,"independent"
48,3867,"independent"
52,3868,"independent"
46,3869,"independent"
46,3870,"independent"
50,3871,"independent"
46,3872,"independent"
48,3873,"independent"
46,3874,"independent"
50,3875,"independent"
48,3876,"independent"
50,3877,"independent"
44,3878,"independent"
46,3879,"independent"
46,3880,"independent"
46,3881,"independent"
48,3882,"independent"
48,3883,"independent"
46,3884,"independent"
44,3885,"independent"
44,3886,"independent"
46,3887,"independent"
46,3888,"independent"
48,3889,"independent"
46,3890,"independent"
46,3891,"independent"
44,3892,"independent"
46,3893,"independent"
50,3894,"independent"
48,3895,"independent"
50,3896,"independent"
46,3897,"independent"
46,3898,"independent"
48,3899,"independent"
46,3900,"independent"
46,3901,"independent"
48,3902,"independent"
44,3903,"independent"
44,3904,"independent"
46,3905,"independent"
44,3906,"independent"
48,3907,"independent"
48,3908,"independent"
48,3909,"independent"
44,3910,"independent"
46,3911,"independent"
46,3912,"independent"
46,3913,"independent"
48,3914,"independent"
50,3915,"independent"
48,3916,"independent"
46,3917,"independent"
46,3918,"independent"
46,3919,"independent"
48,3920,"independent"
48,3921,"independent"
46,3922,"independent"
48,3923,"independent"
48,3924,"independent"
48,3925,"independent"
46,3926,"independent"
46,3927,"independent"
48,3928,"independent"
48,3929,"independent"
48,3930,"independent"
46,3931,"independent"
44,3932,"independent"
46,3933,"independent"
48,3934,"independent"
50,3935,"independent"
48,3936,"independent"
48,3937,"independent"
46,3938,"independent"
48,3939,"independent"
48,3940,"independent"
46,3941,"independent"
46,3942,"independent"
46,3943,"independent"
48,3944,"independent"
48,3945,"independent"
48,3946,"independent"
46,3947,"independent"
48,3948,"independent"
46,3949,"independent"
44,3950,"independent"
46,3951,"independent"
48,3952,"independent"
46,3953,"independent"
44,3954,"independent"
46,3955,"independent"
46,3956,"independent"
46,3957,"independent"
46,3958,"independent"
50,3959,"independent"
50,3960,"independent"
48,3961,"independent"
46,3962,"independent"
50,3963,"independent"
46,3964,"independent"
48,3965,"independent"
48,3966,"independent"
48,3967,"independent"
46,3968,"independent"
46,3969,"independent"
44,3970,"independent"
46,3971,"independent"
48,3972,"independent"
46,3973,"independent"
44,3974,"independent"
46,3975,"independent"
46,3976,"independent"
46,3977,"independent"
46,3978,"independent"
46,3979,"independent"
48,3980,"independent"
46,3981,"independent"
48,3982,"independent"
48,3983,"independent"
48,3984,"independent"
48,3985,"independent"
44,3986,"independent"
46,3987,"independent"
46,3988,"independent"
44,3989,"independent"
44,3990,"independent"
44,3991,"independent"
48,3992,"independent"
44,3993,"independent"
48,3994,"independent"
48,3995,"independent"
48,3996,"independent"
46,3997,"independent"
50,3998,"independent"
46,3999,"independent"
46,4000,"independent"
48,4001,"independent"
48,4002,"independent"
48,4003,"independent"
50,4004,"independent"
50,4005,"independent"
50,4006,"independent"
48,4007,"independent"
48,4008,"independent"
48,4009,"independent"
48,4010,"independent"
46,4011,"independent"
44,4012,"independent"
44,4013,"independent"
46,4014,"independent"
44,4015,"independent"
48,4016,"independent"
48,4017,"independent"
46,4018,"independent"
50,4019,"independent"
46,4020,"independent"
46,4021,"independent"
50,4022,"independent"
46,4023,"independent"
48,4024,"independent"
46,4025,"independent"
48,4026,"independent"
48,4027,"independent"
46,4028,"independent"
44,4029,"independent"
46,4030,"independent"
48,4031,"independent"
48,4032,"independent"
48,4033,"independent"
46,4034,"independent"
48,4035,"independent"
46,4036,"independent"
46,4037,"independent"
48,4038,"independent"
46,4039,"independent"
44,4040,"independent"
44,4041,"independent"
46,4042,"independent"
46,4043,"independent"
48,4044,"independent"
46,4045,"independent"
46,4046,"independent"
44,4047,"independent"
46,4048,"independent"
48,4049,"independent"
52,4050,"independent"
52,4051,"independent"
50,4052,"independent"
46,4053,"independent"
48,4054,"independent"
46,4055,"independent"
46,4056,"independent"
46,4057,"independent"
48,4058,"independent"
48,4059,"independent"
46,4060,"independent"
48,4061,"independent"
44,4062,"independent"
48,4063,"independent"
46,4064,"independent"
46,4065,"independent"
46,4066,"independent"
46,4067,"independent"
48,4068,"independent"
44,4069,"independent"
46,4070,"independent"
46,4071,"independent"
48,4072,"independent"
46,4073,"independent"
48,4074,"independent"
50,4075,"independent"
46,4076,"independent"
46,4077,"independent"
44,4078,"independent"
44,4079,"independent"
46,4080,"independent"
48,4081,"independent"
46,4082,"independent"
48,4083,"independent"
46,4084,"independent"
48,4085,"independent"
46,4086,"independent"
50,4087,"independent"
50,4088,"independent"
46,4089,"independent"
46,4090,"independent"
48,4091,"independent"
48,4092,"independent"
46,4093,"independent"
48,4094,"independent"
48,4095,"independent"
46,4096,"independent"
46,4097,"independent"
46,4098,"independent"
46,4099,"independent"
44,4100,"independent"
46,4101,"independent"
44,4102,"independent"
44,4103,"independent"
48,4104,"independent"
48,4105,"independent"
46,4106,"independent"
48,4107,"independent"
50,4108,"independent"
48,4109,"independent"
44,4110,"independent"
48,4111,"independent"
50,4112,"independent"
48,4113,"independent"
46,4114,"independent"
48,4115,"independent"
46,4116,"independent"
46,4117,"independent"
44,4118,"independent"
46,4119,"independent"
46,4120,"independent"
48,4121,"independent"
44,4122,"independent"
50,4123,"independent"
50,4124,"independent"
46,4125,"independent"
46,4126,"independent"
46,4127,"independent"
48,4128,"independent"
50,4129,"independent"
50,4130,"independent"
48,4131,"independent"
48,4132,"independent"
46,4133,"independent"
48,4134,"independent"
48,4135,"independent"
46,4136,"independent"
48,4137,"independent"
46,4138,"independent"
50,4139,"independent"
46,4140,"independent"
48,4141,"independent"
48,4142,"independent"
50,4143,"independent"
48,4144,"independent"
44,4145,"independent"
46,4146,"independent"
48,4147,"independent"
46,4148,"independent"
46,4149,"independent"
46,4150,"independent"
48,4151,"independent"
50,4152,"independent"
46,4153,"independent"
44,4154,"independent"
48,4155,"independent"
44,4156,"independent"
50,4157,"independent"
46,4158,"independent"
44,4159,"independent"
50,4160,"independent"
48,4161,"independent"
48,4162,"independent"
46,4163,"independent"
44,4164,"independent"
48,4165,"independent"
46,4166,"independent"
46,4167,"independent"
48,4168,"independent"
50,4169,"independent"
46,4170,"independent"
48,4171,"independent"
48,4172,"independent"
46,4173,"independent"
46,4174,"independent"
46,4175,"independent"
44,4176,"independent"
44,4177,"independent"
44,4178,"independent"
46,4179,"independent"
46,4180,"independent"
48,4181,"independent"
50,4182,"independent"
48,4183,"independent"
46,4184,"independent"
48,4185,"independent"
46,4186,"independent"
46,4187,"independent"
44,4188,"independent"
46,4189,"independent"
46,4190,"independent"
48,4191,"independent"
46,4192,"independent"
48,4193,"independent"
46,4194,"independent"
46,4195,"independent"
50,4196,"independent"
48,4197,"independent"
46,4198,"independent"
46,4199,"independent"
46,4200,"independent"
48,4201,"independent"
46,4202,"independent"
46,4203,"independent"
46,4204,"independent"
46,4205,"independent"
50,4206,"independent"
48,4207,"independent"
48,4208,"independent"
46,4209,"independent"
46,4210,"independent"
50,4211,"independent"
48,4212,"independent"
50,4213,"independent"
48,4214,"independent"
44,4215,"independent"
48,4216,"independent"
48,4217,"independent"
48,4218,"independent"
48,4219,"independent"
46,4220,"independent"
44,4221,"independent"
46,4222,"independent"
48,4223,"independent"
48,4224,"independent"
48,4225,"independent"
46,4226,"independent"
48,4227,"independent"
44,4228,"independent"
46,4229,"independent"
44,4230,"independent"
48,4231,"independent"
44,4232,"independent"
48,4233,"independent"
48,4234,"independent"
48,4235,"independent"
46,4236,"independent"
46,4237,"independent"
46,4238,"independent"
46,4239,"independent"
46,4240,"independent"
48,4241,"independent"
44,4242,"independent"
48,4243,"independent"
46,4244,"independent"
46,4245,"independent"
44,4246,"independent"
44,4247,"independent"
46,4248,"independent"
44,4249,"independent"
46,4250,"independent"
46,4251,"independent"
50,4252,"independent"
48,4253,"independent"
50,4254,"independent"
46,4255,"independent"
48,4256,"independent"
46,4257,"independent"
46,4258,"independent"
46,4259,"independent"
46,4260,"independent"
46,4261,"independent"
48,4262,"independent"
46,4263,"independent"
48,4264,"independent"
44,4265,"independent"
48,4266,"independent"
48,4267,"independent"
48,4268,"independent"
48,4269,"independent"
46,4270,"independent"
50,4271,"independent"
48,4272,"independent"
46,4273,"independent"
46,4274,"independent"
46,4275,"independent"
46,4276,"independent"
48,4277,"independent"
48,4278,"independent"
50,4279,"independent"
46,4280,"independent"
44,4281,"independent"
48,4282,"independent"
48,4283,"independent"
50,4284,"independent"
46,4285,"independent"
48,4286,"independent"
46,4287,"independent"
48,4288,"independent"
50,4289,"independent"
52,4290,"independent"
48,4291,"independent"
48,4292,"independent"
48,4293,"independent"
46,4294,"independent"
48,4295,"independent"
44,4296,"independent"
48,4297,"independent"
46,4298,"independent"
46,4299,"independent"
44,4300,"independent"
48,4301,"independent"
48,4302,"independent"
46,4303,"independent"
48,4304,"independent"
50,4305,"independent"
48,4306,"independent"
46,4307,"independent"
50,4308,"independent"
48,4309,"independent"
48,4310,"independent"
44,4311,"independent"
46,4312,"independent"
44,4313,"independent"
46,4314,"independent"
50,4315,"independent"
48,4316,"independent"
46,4317,"independent"
50,4318,"independent"
48,4319,"independent"
46,4320,"independent"
46,4321,"independent"
44,4322,"independent"
52,4323,"independent"
50,4324,"independent"
46,4325,"independent"
46,4326,"independent"
46,4327,"independent"
44,4328,"independent"
44,4329,"independent"
46,4330,"independent"
46,4331,"independent"
48,4332,"independent"
48,4333,"independent"
50,4334,"independent"
48,4335,"independent"
48,4336,"independent"
48,4337,"independent"
48,4338,"independent"
48,4339,"independent"
46,4340,"independent"
48,4341,"independent"
48,4342,"independent"
46,4343,"independent"
48,4344,"independent"
50,4345,"independent"
46,4346,"independent"
48,4347,"independent"
50,4348,"independent"
46,4349,"independent"
48,4350,"independent"
46,4351,"independent"
44,4352,"independent"
48,4353,"independent"
48,4354,"independent"
46,4355,"independent"
50,4356,"independent"
48,4357,"independent"
46,4358,"independent"
46,4359,"independent"
46,4360,"independent"
46,4361,"independent"
48,4362,"independent"
46,4363,"independent"
46,4364,"independent"
48,4365,"independent"
44,4366,"independent"
44,4367,"independent"
44,4368,"independent"
48,4369,"independent"
50,4370,"independent"
50,4371,"independent"
46,4372,"independent"
46,4373,"independent"
46,4374,"independent"
44,4375,"independent"
46,4376,"independent"
50,4377,"independent"
46,4378,"independent"
46,4379,"independent"
48,4380,"independent"
48,4381,"independent"
46,4382,"independent"
48,4383,"independent"
48,4384,"independent"
44,4385,"independent"
46,4386,"independent"
48,4387,"independent"
48,4388,"independent"
46,4389,"independent"
48,4390,"independent"
52,4391,"independent"
48,4392,"independent"
44,4393,"independent"
46,4394,"independent"
46,4395,"independent"
46,4396,"independent"
44,4397,"independent"
48,4398,"independent"
46,4399,"independent"
48,4400,"independent"
50,4401,"independent"
46,4402,"independent"
46,4403,"independent"
46,4404,"independent"
46,4405,"independent"
48,4406,"independent"
46,4407,"independent"
50,4408,"independent"
46,4409,"independent"
44,4410,"independent"
46,4411,"independent"
46,4412,"independent"
50,4413,"independent"
44,4414,"independent"
50,4415,"independent"
46,4416,"independent"
46,4417,"independent"
46,4418,"independent"
50,4419,"independent"
50,4420,"independent"
48,4421,"independent"
46,4422,"independent"
48,4423,"independent"
50,4424,"independent"
48,4425,"independent"
46,4426,"independent"
46,4427,"independent"
48,4428,"independent"
46,4429,"independent"
48,4430,"independent"
46,4431,"independent"
48,4432,"independent"
46,4433,"independent"
48,4434,"independent"
44,4435,"independent"
44,4436,"independent"
46,4437,"independent"
46,4438,"independent"
50,4439,"independent"
46,4440,"independent"
46,4441,"independent"
48,4442,"independent"
46,4443,"independent"
48,4444,"independent"
48,4445,"independent"
44,4446,"independent"
44,4447,"independent"
44,4448,"independent"
44,4449,"independent"
44,4450,"independent"
46,4451,"independent"
46,4452,"independent"
48,4453,"independent"
46,4454,"independent"
46,4455,"independent"
46,4456,"independent"
46,4457,"independent"
48,4458,"independent"
48,4459,"independent"
46,4460,"independent"
44,4461,"independent"
46,4462,"independent"
46,4463,"independent"
48,4464,"independent"
48,4465,"independent"
48,4466,"independent"
46,4467,"independent"
46,4468,"independent"
46,4469,"independent"
46,4470,"independent"
46,4471,"independent"
48,4472,"independent"
48,4473,"independent"
48,4474,"independent"
46,4475,"independent"
46,4476,"independent"
48,4477,"independent"
48,4478,"independent"
46,4479,"independent"
44,4480,"independent"
46,4481,"independent"
48,4482,"independent"
48,4483,"independent"
46,4484,"independent"
46,4485,"independent"
46,4486,"independent"
48,4487,"independent"
48,4488,"independent"
44,4489,"independent"
50,4490,"independent"
50,4491,"independent"
48,4492,"independent"
46,4493,"independent"
48,4494,"independent"
46,4495,"independent"
48,4496,"independent"
48,4497,"independent"
46,4498,"independent"
44,4499,"independent"
46,4500,"independent"
46,4501,"independent"
44,4502,"independent"
48,4503,"independent"
46,4504,"independent"
48,4505,"independent"
48,4506,"independent"
46,4507,"independent"
50,4508,"independent"
46,4509,"independent"
48,4510,"independent"
46,4511,"independent"
46,4512,"independent"
48,4513,"independent"
46,4514,"independent"
46,4515,"independent"
48,4516,"independent"
46,4517,"independent"
46,4518,"independent"
50,4519,"independent"
48,4520,"independent"
46,4521,"independent"
50,4522,"independent"
46,4523,"independent"
48,4524,"independent"
46,4525,"independent"
46,4526,"independent"
48,4527,"independent"
46,4528,"independent"
46,4529,"independent"
46,4530,"independent"
46,4531,"independent"
46,4532,"independent"
48,4533,"independent"
48,4534,"independent"
44,4535,"independent"
48,4536,"independent"
44,4537,"independent"
46,4538,"independent"
48,4539,"independent"
46,4540,"independent"
48,4541,"independent"
46,4542,"independent"
46,4543,"independent"
44,4544,"independent"
48,4545,"independent"
46,4546,"independent"
44,4547,"independent"
46,4548,"independent"
46,4549,"independent"
48,4550,"independent"
48,4551,"independent"
44,4552,"independent"
48,4553,"independent"
48,4554,"independent"
46,4555,"independent"
48,4556,"independent"
48,4557,"independent"
46,4558,"independent"
50,4559,"independent"
48,4560,"independent"
46,4561,"independent"
46,4562,"independent"
46,4563,"independent"
46,4564,"independent"
48,4565,"independent"
44,4566,"independent"
48,4567,"independent"
48,4568,"independent"
48,4569,"independent"
48,4570,"independent"
46,4571,"independent"
46,4572,"independent"
48,4573,"independent"
46,4574,"independent"
48,4575,"independent"
44,4576,"independent"
46,4577,"independent"
48,4578,"independent"
48,4579,"independent"
48,4580,"independent"
48,4581,"independent"
48,4582,"independent"
50,4583,"independent"
48,4584,"independent"
44,4585,"independent"
44,4586,"independent"
48,4587,"independent"
46,4588,"independent"
46,4589,"independent"
48,4590,"independent"
48,4591,"independent"
46,4592,"independent"
48,4593,"independent"
48,4594,"independent"
48,4595,"independent"
50,4596,"independent"
46,4597,"independent"
48,4598,"independent"
46,4599,"independent"
46,4600,"independent"
48,4601,"independent"
48,4602,"independent"
48,4603,"independent"
48,4604,"independent"
50,4605,"independent"
48,4606,"independent"
46,4607,"independent"
48,4608,"independent"
44,4609,"independent"
44,4610,"independent"
48,4611,"independent"
48,4612,"independent"
48,4613,"independent"
44,4614,"independent"
48,4615,"independent"
46,4616,"independent"
48,4617,"independent"
46,4618,"independent"
46,4619,"independent"
44,4620,"independent"
46,4621,"independent"
48,4622,"independent"
46,4623,"independent"
48,4624,"independent"
44,4625,"independent"
46,4626,"independent"
46,4627,"independent"
48,4628,"independent"
50,4629,"independent"
48,4630,"independent"
46,4631,"independent"
46,4632,"independent"
48,4633,"independent"
44,4634,"independent"
46,4635,"independent"
50,4636,"independent"
46,4637,"independent"
48,4638,"independent"
48,4639,"independent"
44,4640,"independent"
44,4641,"independent"
46,4642,"independent"
48,4643,"independent"
46,4644,"independent"
50,4645,"independent"
50,4646,"independent"
44,4647,"independent"
48,4648,"independent"
46,4649,"independent"
46,4650,"independent"
48,4651,"independent"
48,4652,"independent"
46,4653,"independent"
48,4654,"independent"
46,4655,"independent"
48,4656,"independent"
46,4657,"independent"
44,4658,"independent"
48,4659,"independent"
46,4660,"independent"
46,4661,"independent"
48,4662,"independent"
48,4663,"independent"
46,4664,"independent"
46,4665,"independent"
48,4666,"independent"
46,4667,"independent"
48,4668,"independent"
44,4669,"independent"
46,4670,"independent"
48,4671,"independent"
46,4672,"independent"
46,4673,"independent"
48,4674,"independent"
48,4675,"independent"
48,4676,"independent"
50,4677,"independent"
48,4678,"independent"
46,4679,"independent"
48,4680,"independent"
48,4681,"independent"
48,4682,"independent"
46,4683,"independent"
48,4684,"independent"
46,4685,"independent"
46,4686,"independent"
46,4687,"independent"
46,4688,"independent"
46,4689,"independent"
48,4690,"independent"
46,4691,"independent"
50,4692,"independent"
48,4693,"independent"
48,4694,"independent"
46,4695,"independent"
50,4696,"independent"
48,4697,"independent"
48,4698,"independent"
50,4699,"independent"
46,4700,"independent"
46,4701,"independent"
48,4702,"independent"
48,4703,"independent"
44,4704,"independent"
48,4705,"independent"
44,4706,"independent"
48,4707,"independent"
48,4708,"independent"
46,4709,"independent"
48,4710,"independent"
46,4711,"independent"
46,4712,"independent"
48,4713,"independent"
48,4714,"independent"
48,4715,"independent"
46,4716,"independent"
48,4717,"independent"
46,4718,"independent"
48,4719,"independent"
46,4720,"independent"
50,4721,"independent"
48,4722,"independent"
48,4723,"independent"
50,4724,"independent"
48,4725,"independent"
48,4726,"independent"
48,4727,"independent"
50,4728,"independent"
44,4729,"independent"
44,4730,"independent"
46,4731,"independent"
48,4732,"independent"
44,4733,"independent"
46,4734,"independent"
46,4735,"independent"
48,4736,"independent"
48,4737,"independent"
48,4738,"independent"
50,4739,"independent"
46,4740,"independent"
46,4741,"independent"
46,4742,"independent"
46,4743,"independent"
48,4744,"independent"
46,4745,"independent"
46,4746,"independent"
48,4747,"independent"
48,4748,"independent"
46,4749,"independent"
44,4750,"independent"
46,4751,"independent"
44,4752,"independent"
46,4753,"independent"
48,4754,"independent"
44,4755,"independent"
46,4756,"independent"
48,4757,"independent"
46,4758,"independent"
46,4759,"independent"
48,4760,"independent"
48,4761,"independent"
48,4762,"independent"
46,4763,"independent"
48,4764,"independent"
46,4765,"independent"
44,4766,"independent"
50,4767,"independent"
50,4768,"independent"
46,4769,"independent"
48,4770,"independent"
50,4771,"independent"
46,4772,"independent"
48,4773,"independent"
48,4774,"independent"
50,4775,"independent"
46,4776,"independent"
48,4777,"independent"
48,4778,"independent"
48,4779,"independent"
50,4780,"independent"
48,4781,"independent"
44,4782,"independent"
46,4783,"independent"
46,4784,"independent"
48,4785,"independent"
46,4786,"independent"
48,4787,"independent"
48,4788,"independent"
48,4789,"independent"
48,4790,"independent"
46,4791,"independent"
44,4792,"independent"
46,4793,"independent"
46,4794,"independent"
48,4795,"independent"
48,4796,"independent"
44,4797,"independent"
48,4798,"independent"
46,4799,"independent"
48,4800,"independent"
48,4801,"independent"
48,4802,"independent"
46,4803,"independent"
46,4804,"independent"
44,4805,"independent"
48,4806,"independent"
46,4807,"independent"
44,4808,"independent"
48,4809,"independent"
46,4810,"independent"
46,4811,"independent"
46,4812,"independent"
48,4813,"independent"
48,4814,"independent"
52,4815,"independent"
48,4816,"independent"
46,4817,"independent"
48,4818,"independent"
44,4819,"independent"
48,4820,"independent"
48,4821,"independent"
48,4822,"independent"
48,4823,"independent"
46,4824,"independent"
44,4825,"independent"
48,4826,"independent"
46,4827,"independent"
46,4828,"independent"
44,4829,"independent"
50,4830,"independent"
46,4831,"independent"
46,4832,"independent"
44,4833,"independent"
46,4834,"independent"
44,4835,"independent"
46,4836,"independent"
48,4837,"independent"
48,4838,"independent"
48,4839,"independent"
46,4840,"independent"
46,4841,"independent"
48,4842,"independent"
46,4843,"independent"
46,4844,"independent"
48,4845,"independent"
48,4846,"independent"
50,4847,"independent"
50,4848,"independent"
46,4849,"independent"
46,4850,"independent"
44,4851,"independent"
46,4852,"independent"
46,4853,"independent"
46,4854,"independent"
46,4855,"independent"
48,4856,"independent"
48,4857,"independent"
48,4858,"independent"
48,4859,"independent"
48,4860,"independent"
46,4861,"independent"
48,4862,"independent"
48,4863,"independent"
48,4864,"independent"
46,4865,"independent"
46,4866,"independent"
46,4867,"independent"
46,4868,"independent"
48,4869,"independent"
48,4870,"independent"
44,4871,"independent"
48,4872,"independent"
46,4873,"independent"
46,4874,"independent"
46,4875,"independent"
50,4876,"independent"
46,4877,"independent"
48,4878,"independent"
48,4879,"independent"
48,4880,"independent"
48,4881,"independent"
48,4882,"independent"
48,4883,"independent"
46,4884,"independent"
46,4885,"independent"
48,4886,"independent"
48,4887,"independent"
50,4888,"independent"
46,4889,"independent"
48,4890,"independent"
50,4891,"independent"
48,4892,"independent"
48,4893,"independent"
46,4894,"independent"
48,4895,"independent"
48,4896,"independent"
50,4897,"independent"
48,4898,"independent"
48,4899,"independent"
48,4900,"independent"
46,4901,"independent"
48,4902,"independent"
46,4903,"independent"
44,4904,"independent"
48,4905,"independent"
46,4906,"independent"
46,4907,"independent"
46,4908,"independent"
46,4909,"independent"
46,4910,"independent"
46,4911,"independent"
46,4912,"independent"
46,4913,"independent"
44,4914,"independent"
46,4915,"independent"
48,4916,"independent"
44,4917,"independent"
46,4918,"independent"
46,4919,"independent"
48,4920,"independent"
48,4921,"independent"
48,4922,"independent"
46,4923,"independent"
48,4924,"independent"
46,4925,"independent"
50,4926,"independent"
44,4927,"independent"
48,4928,"independent"
44,4929,"independent"
46,4930,"independent"
46,4931,"independent"
46,4932,"independent"
46,4933,"independent"
46,4934,"independent"
48,4935,"independent"
46,4936,"independent"
48,4937,"independent"
44,4938,"independent"
44,4939,"independent"
48,4940,"independent"
44,4941,"independent"
46,4942,"independent"
46,4943,"independent"
50,4944,"independent"
46,4945,"independent"
50,4946,"independent"
48,4947,"independent"
48,4948,"independent"
44,4949,"independent"
46,4950,"independent"
46,4951,"independent"
46,4952,"independent"
50,4953,"independent"
48,4954,"independent"
44,4955,"independent"
44,4956,"independent"
46,4957,"independent"
46,4958,"independent"
48,4959,"independent"
50,4960,"independent"
48,4961,"independent"
48,4962,"independent"
46,4963,"independent"
50,4964,"independent"
48,4965,"independent"
48,4966,"independent"
44,4967,"independent"
48,4968,"independent"
44,4969,"independent"
46,4970,"independent"
46,4971,"independent"
46,4972,"independent"
46,4973,"independent"
46,4974,"independent"
46,4975,"independent"
46,4976,"independent"
48,4977,"independent"
48,4978,"independent"
46,4979,"independent"
46,4980,"independent"
46,4981,"independent"
48,4982,"independent"
48,4983,"independent"
48,4984,"independent"
46,4985,"independent"
46,4986,"independent"
46,4987,"independent"
48,4988,"independent"
48,4989,"independent"
46,4990,"independent"
48,4991,"independent"
48,4992,"independent"
46,4993,"independent"
48,4994,"independent"
46,4995,"independent"
48,4996,"independent"
50,4997,"independent"
46,4998,"independent"
44,4999,"independent"
46,5000,"independent"
48,5001,"independent"
46,5002,"independent"
48,5003,"independent"
46,5004,"independent"
46,5005,"independent"
48,5006,"independent"
48,5007,"independent"
46,5008,"independent"
48,5009,"independent"
46,5010,"independent"
48,5011,"independent"
46,5012,"independent"
48,5013,"independent"
46,5014,"independent"
46,5015,"independent"
44,5016,"independent"
50,5017,"independent"
46,5018,"independent"
48,5019,"independent"
46,5020,"independent"
46,5021,"independent"
50,5022,"independent"
48,5023,"independent"
46,5024,"independent"
48,5025,"independent"
48,5026,"independent"
48,5027,"independent"
46,5028,"independent"
46,5029,"independent"
46,5030,"independent"
50,5031,"independent"
46,5032,"independent"
48,5033,"independent"
48,5034,"independent"
46,5035,"independent"
50,5036,"independent"
44,5037,"independent"
48,5038,"independent"
48,5039,"independent"
46,5040,"independent"
48,5041,"independent"
48,5042,"independent"
46,5043,"independent"
48,5044,"independent"
48,5045,"independent"
48,5046,"independent"
46,5047,"independent"
46,5048,"independent"
48,5049,"independent"
50,5050,"independent"
44,5051,"independent"
44,5052,"independent"
46,5053,"independent"
46,5054,"independent"
44,5055,"independent"
46,5056,"independent"
48,5057,"independent"
50,5058,"independent"
50,5059,"independent"
48,5060,"independent"
46,5061,"independent"
44,5062,"independent"
46,5063,"independent"
46,5064,"independent"
48,5065,"independent"
50,5066,"independent"
50,5067,"independent"
48,5068,"independent"
50,5069,"independent"
48,5070,"independent"
48,5071,"independent"
48,5072,"independent"
46,5073,"independent"
48,5074,"independent"
46,5075,"independent"
48,5076,"independent"
46,5077,"independent"
46,5078,"independent"
48,5079,"independent"
50,5080,"independent"
48,5081,"independent"
48,5082,"independent"
46,5083,"independent"
46,5084,"independent"
48,5085,"independent"
48,5086,"independent"
44,5087,"independent"
48,5088,"independent"
46,5089,"independent"
48,5090,"independent"
50,5091,"independent"
46,5092,"independent"
44,5093,"independent"
46,5094,"independent"
46,5095,"independent"
48,5096,"independent"
50,5097,"independent"
46,5098,"independent"
50,5099,"independent"
46,5100,"independent"
46,5101,"independent"
44,5102,"independent"
46,5103,"independent"
46,5104,"independent"
48,5105,"independent"
46,5106,"independent"
48,5107,"independent"
50,5108,"independent"
48,5109,"independent"
48,5110,"independent"
46,5111,"independent"
48,5112,"independent"
46,5113,"independent"
44,5114,"independent"
44,5115,"independent"
46,5116,"independent"
48,5117,"independent"
48,5118,"independent"
46,5119,"independent"
46,5120,"independent"
50,5121,"independent"
46,5122,"independent"
48,5123,"independent"
48,5124,"independent"
46,5125,"independent"
48,5126,"independent"
46,5127,"independent"
44,5128,"independent"
46,5129,"independent"
48,5130,"independent"
48,5131,"independent"
46,5132,"independent"
48,5133,"independent"
46,5134,"independent"
48,5135,"independent"
44,5136,"independent"
46,5137,"independent"
50,5138,"independent"
48,5139,"independent"
50,5140,"independent"
46,5141,"independent"
46,5142,"independent"
46,5143,"independent"
46,5144,"independent"
48,5145,"independent"
44,5146,"independent"
46,5147,"independent"
46,5148,"independent"
48,5149,"independent"
46,5150,"independent"
50,5151,"independent"
44,5152,"independent"
46,5153,"independent"
44,5154,"independent"
46,5155,"independent"
46,5156,"independent"
48,5157,"independent"
50,5158,"independent"
48,5159,"independent"
46,5160,"independent"
46,5161,"independent"
46,5162,"independent"
48,5163,"independent"
48,5164,"independent"
48,5165,"independent"
46,5166,"independent"
48,5167,"independent"
44,5168,"independent"
46,5169,"independent"
46,5170,"independent"
48,5171,"independent"
46,5172,"independent"
48,5173,"independent"
46,5174,"independent"
48,5175,"independent"
46,5176,"independent"
46,5177,"independent"
48,5178,"independent"
46,5179,"independent"
48,5180,"independent"
44,5181,"independent"
46,5182,"independent"
46,5183,"independent"
48,5184,"independent"
46,5185,"independent"
44,5186,"independent"
46,5187,"independent"
48,5188,"independent"
46,5189,"independent"
50,5190,"independent"
50,5191,"independent"
46,5192,"independent"
48,5193,"independent"
48,5194,"independent"
46,5195,"independent"
50,5196,"independent"
50,5197,"independent"
46,5198,"independent"
48,5199,"independent"
48,5200,"independent"
48,5201,"independent"
44,5202,"independent"
46,5203,"independent"
48,5204,"independent"
48,5205,"independent"
48,5206,"independent"
46,5207,"independent"
44,5208,"independent"
48,5209,"independent"
48,5210,"independent"
46,5211,"independent"
48,5212,"independent"
46,5213,"independent"
48,5214,"independent"
48,5215,"independent"
48,5216,"independent"
46,5217,"independent"
50,5218,"independent"
46,5219,"independent"
46,5220,"independent"
48,5221,"independent"
46,5222,"independent"
48,5223,"independent"
48,5224,"independent"
44,5225,"independent"
44,5226,"independent"
48,5227,"independent"
46,5228,"independent"
46,5229,"independent"
48,5230,"independent"
48,5231,"independent"
44,5232,"independent"
48,5233,"independent"
46,5234,"independent"
50,5235,"independent"
50,5236,"independent"
46,5237,"independent"
46,5238,"independent"
46,5239,"independent"
50,5240,"independent"
48,5241,"independent"
48,5242,"independent"
44,5243,"independent"
46,5244,"independent"
46,5245,"independent"
48,5246,"independent"
50,5247,"independent"
46,5248,"independent"
44,5249,"independent"
50,5250,"independent"
46,5251,"independent"
46,5252,"independent"
46,5253,"independent"
46,5254,"independent"
46,5255,"independent"
46,5256,"independent"
48,5257,"independent"
50,5258,"independent"
50,5259,"independent"
48,5260,"independent"
48,5261,"independent"
46,5262,"independent"
46,5263,"independent"
46,5264,"independent"
48,5265,"independent"
46,5266,"independent"
50,5267,"independent"
50,5268,"independent"
48,5269,"independent"
48,5270,"independent"
48,5271,"independent"
46,5272,"independent"
48,5273,"independent"
46,5274,"independent"
46,5275,"independent"
46,5276,"independent"
48,5277,"independent"
48,5278,"independent"
48,5279,"independent"
48,5280,"independent"
46,5281,"independent"
50,5282,"independent"
50,5283,"independent"
46,5284,"independent"
48,5285,"independent"
48,5286,"independent"
48,5287,"independent"
46,5288,"independent"
44,5289,"independent"
46,5290,"independent"
46,5291,"independent"
48,5292,"independent"
46,5293,"independent"
46,5294,"independent"
50,5295,"independent"
44,5296,"independent"
48,5297,"independent"
48,5298,"independent"
46,5299,"independent"
44,5300,"independent"
48,5301,"independent"
50,5302,"independent"
50,5303,"independent"
50,5304,"independent"
50,5305,"independent"
48,5306,"independent"
46,5307,"independent"
46,5308,"independent"
44,5309,"independent"
46,5310,"independent"
46,5311,"independent"
48,5312,"independent"
44,5313,"independent"
46,5314,"independent"
44,5315,"independent"
44,5316,"independent"
48,5317,"independent"
46,5318,"independent"
50,5319,"independent"
48,5320,"independent"
44,5321,"independent"
46,5322,"independent"
48,5323,"independent"
48,5324,"independent"
44,5325,"independent"
46,5326,"independent"
48,5327,"independent"
46,5328,"independent"
44,5329,"independent"
46,5330,"independent"
44,5331,"independent"
44,5332,"independent"
46,5333,"independent"
46,5334,"independent"
48,5335,"independent"
46,5336,"independent"
46,5337,"independent"
46,5338,"independent"
46,5339,"independent"
46,5340,"independent"
46,5341,"independent"
48,5342,"independent"
46,5343,"independent"
50,5344,"independent"
48,5345,"independent"
46,5346,"independent"
48,5347,"independent"
48,5348,"independent"
48,5349,"independent"
48,5350,"independent"
46,5351,"independent"
48,5352,"independent"
48,5353,"independent"
46,5354,"independent"
44,5355,"independent"
46,5356,"independent"
46,5357,"independent"
48,5358,"independent"
46,5359,"independent"
48,5360,"independent"
48,5361,"independent"
48,5362,"independent"
48,5363,"independent"
44,5364,"independent"
50,5365,"independent"
48,5366,"independent"
50,5367,"independent"
46,5368,"independent"
46,5369,"independent"
48,5370,"independent"
50,5371,"independent"
46,5372,"independent"
48,5373,"independent"
50,5374,"independent"
50,5375,"independent"
46,5376,"independent"
46,5377,"independent"
44,5378,"independent"
46,5379,"independent"
44,5380,"independent"
44,5381,"independent"
46,5382,"independent"
46,5383,"independent"
46,5384,"independent"
46,5385,"independent"
48,5386,"independent"
48,5387,"independent"
48,5388,"independent"
48,5389,"independent"
46,5390,"independent"
46,5391,"independent"
46,5392,"independent"
46,5393,"independent"
46,5394,"independent"
44,5395,"independent"
48,5396,"independent"
44,5397,"independent"
44,5398,"independent"
44,5399,"independent"
46,5400,"independent"
46,5401,"independent"
44,5402,"independent"
46,5403,"independent"
46,5404,"independent"
48,5405,"independent"
46,5406,"independent"
46,5407,"independent"
48,5408,"independent"
46,5409,"independent"
44,5410,"independent"
46,5411,"independent"
46,5412,"independent"
48,5413,"independent"
50,5414,"independent"
50,5415,"independent"
50,5416,"independent"
46,5417,"independent"
44,5418,"independent"
46,5419,"independent"
46,5420,"independent"
46,5421,"independent"
46,5422,"independent"
46,5423,"independent"
48,5424,"independent"
46,5425,"independent"
46,5426,"independent"
48,5427,"independent"
46,5428,"independent"
46,5429,"independent"
50,5430,"independent"
48,5431,"independent"
46,5432,"independent"
44,5433,"independent"
50,5434,"independent"
48,5435,"independent"
50,5436,"independent"
46,5437,"independent"
48,5438,"independent"
50,5439,"independent"
48,5440,"independent"
46,5441,"independent"
48,5442,"independent"
46,5443,"independent"
46,5444,"independent"
48,5445,"independent"
48,5446,"independent"
46,5447,"independent"
46,5448,"independent"
46,5449,"independent"
44,5450,"independent"
46,5451,"independent"
44,5452,"independent"
50,5453,"independent"
48,5454,"independent"
46,5455,"independent"
46,5456,"independent"
46,5457,"independent"
48,5458,"independent"
48,5459,"independent"
48,5460,"independent"
46,5461,"independent"
44,5462,"independent"
46,5463,"independent"
46,5464,"independent"
50,5465,"independent"
48,5466,"independent"
48,5467,"independent"
50,5468,"independent"
46,5469,"independent"
46,5470,"independent"
44,5471,"independent"
46,5472,"independent"
50,5473,"independent"
46,5474,"independent"
46,5475,"independent"
46,5476,"independent"
48,5477,"independent"
46,5478,"independent"
48,5479,"independent"
48,5480,"independent"
48,5481,"independent"
44,5482,"independent"
48,5483,"independent"
46,5484,"independent"
48,5485,"independent"
48,5486,"independent"
46,5487,"independent"
48,5488,"independent"
46,5489,"independent"
46,5490,"independent"
46,5491,"independent"
46,5492,"independent"
50,5493,"independent"
46,5494,"independent"
46,5495,"independent"
46,5496,"independent"
48,5497,"independent"
46,5498,"independent"
46,5499,"independent"
46,5500,"independent"
50,5501,"independent"
50,5502,"independent"
48,5503,"independent"
46,5504,"independent"
46,5505,"independent"
46,5506,"independent"
48,5507,"independent"
48,5508,"independent"
46,5509,"independent"
44,5510,"independent"
46,5511,"independent"
48,5512,"independent"
46,5513,"independent"
48,5514,"independent"
48,5515,"independent"
46,5516,"independent"
48,5517,"independent"
46,5518,"independent"
46,5519,"independent"
44,5520,"independent"
44,5521,"independent"
44,5522,"independent"
48,5523,"independent"
48,5524,"independent"
48,5525,"independent"
46,5526,"independent"
46,5527,"independent"
46,5528,"independent"
46,5529,"independent"
48,5530,"independent"
48,5531,"independent"
46,5532,"independent"
44,5533,"independent"
46,5534,"independent"
48,5535,"independent"
48,5536,"independent"
48,5537,"independent"
48,5538,"independent"
48,5539,"independent"
48,5540,"independent"
48,5541,"independent"
48,5542,"independent"
48,5543,"independent"
46,5544,"independent"
46,5545,"independent"
48,5546,"independent"
46,5547,"independent"
48,5548,"independent"
48,5549,"independent"
48,5550,"independent"
46,5551,"independent"
48,5552,"independent"
46,5553,"independent"
50,5554,"independent"
48,5555,"independent"
50,5556,"independent"
46,5557,"independent"
48,5558,"independent"
46,5559,"independent"
44,5560,"independent"
48,5561,"independent"
46,5562,"independent"
46,5563,"independent"
46,5564,"independent"
50,5565,"independent"
48,5566,"independent"
46,5567,"independent"
48,5568,"independent"
46,5569,"independent"
46,5570,"independent"
46,5571,"independent"
46,5572,"independent"
46,5573,"independent"
48,5574,"independent"
46,5575,"independent"
48,5576,"independent"
46,5577,"independent"
48,5578,"independent"
50,5579,"independent"
48,5580,"independent"
46,5581,"independent"
46,5582,"independent"
48,5583,"independent"
44,5584,"independent"
46,5585,"independent"
48,5586,"independent"
46,5587,"independent"
46,5588,"independent"
46,5589,"independent"
46,5590,"independent"
46,5591,"independent"
46,5592,"independent"
46,5593,"independent"
46,5594,"independent"
44,5595,"independent"
48,5596,"independent"
46,5597,"independent"
50,5598,"independent"
48,5599,"independent"
46,5600,"independent"
46,5601,"independent"
46,5602,"independent"
46,5603,"independent"
44,5604,"independent"
48,5605,"independent"
46,5606,"independent"
50,5607,"independent"
48,5608,"independent"
46,5609,"independent"
50,5610,"independent"
50,5611,"independent"
46,5612,"independent"
48,5613,"independent"
44,5614,"independent"
46,5615,"independent"
46,5616,"independent"
46,5617,"independent"
48,5618,"independent"
48,5619,"independent"
46,5620,"independent"
50,5621,"independent"
48,5622,"independent"
48,5623,"independent"
48,5624,"independent"
44,5625,"independent"
44,5626,"independent"
46,5627,"independent"
48,5628,"independent"
48,5629,"independent"
48,5630,"independent"
50,5631,"independent"
48,5632,"independent"
46,5633,"independent"
46,5634,"independent"
46,5635,"independent"
48,5636,"independent"
48,5637,"independent"
46,5638,"independent"
46,5639,"independent"
48,5640,"independent"
46,5641,"independent"
48,5642,"independent"
50,5643,"independent"
48,5644,"independent"
48,5645,"independent"
50,5646,"independent"
48,5647,"independent"
48,5648,"independent"
48,5649,"independent"
48,5650,"independent"
48,5651,"independent"
46,5652,"independent"
50,5653,"independent"
46,5654,"independent"
48,5655,"independent"
48,5656,"independent"
46,5657,"independent"
46,5658,"independent"
48,5659,"independent"
50,5660,"independent"
50,5661,"independent"
46,5662,"independent"
48,5663,"independent"
48,5664,"independent"
50,5665,"independent"
48,5666,"independent"
48,5667,"independent"
48,5668,"independent"
46,5669,"independent"
46,5670,"independent"
46,5671,"independent"
46,5672,"independent"
48,5673,"independent"
46,5674,"independent"
48,5675,"independent"
50,5676,"independent"
46,5677,"independent"
46,5678,"independent"
44,5679,"independent"
46,5680,"independent"
46,5681,"independent"
46,5682,"independent"
46,5683,"independent"
48,5684,"independent"
48,5685,"independent"
48,5686,"independent"
50,5687,"independent"
48,5688,"independent"
50,5689,"independent"
44,5690,"independent"
46,5691,"independent"
46,5692,"independent"
46,5693,"independent"
44,5694,"independent"
46,5695,"independent"
52,5696,"independent"
48,5697,"independent"
48,5698,"independent"
48,5699,"independent"
48,5700,"independent"
48,5701,"independent"
46,5702,"independent"
48,5703,"independent"
48,5704,"independent"
48,5705,"independent"
48,5706,"independent"
46,5707,"independent"
46,5708,"independent"
46,5709,"independent"
44,5710,"independent"
46,5711,"independent"
44,5712,"independent"
46,5713,"independent"
48,5714,"independent"
46,5715,"independent"
48,5716,"independent"
46,5717,"independent"
44,5718,"independent"
50,5719,"independent"
44,5720,"independent"
48,5721,"independent"
48,5722,"independent"
46,5723,"independent"
46,5724,"independent"
46,5725,"independent"
46,5726,"independent"
46,5727,"independent"
48,5728,"independent"
46,5729,"independent"
50,5730,"independent"
48,5731,"independent"
46,5732,"independent"
46,5733,"independent"
50,5734,"independent"
50,5735,"independent"
52,5736,"independent"
48,5737,"independent"
48,5738,"independent"
46,5739,"independent"
44,5740,"independent"
46,5741,"independent"
46,5742,"independent"
44,5743,"independent"
44,5744,"independent"
46,5745,"independent"
46,5746,"independent"
48,5747,"independent"
46,5748,"independent"
46,5749,"independent"
46,5750,"independent"
48,5751,"independent"
46,5752,"independent"
48,5753,"independent"
48,5754,"independent"
50,5755,"independent"
48,5756,"independent"
48,5757,"independent"
44,5758,"independent"
46,5759,"independent"
50,5760,"independent"
46,5761,"independent"
48,5762,"independent"
48,5763,"independent"
50,5764,"independent"
50,5765,"independent"
48,5766,"independent"
46,5767,"independent"
46,5768,"independent"
44,5769,"independent"
48,5770,"independent"
46,5771,"independent"
46,5772,"independent"
44,5773,"independent"
46,5774,"independent"
46,5775,"independent"
44,5776,"independent"
46,5777,"independent"
48,5778,"independent"
46,5779,"independent"
50,5780,"independent"
44,5781,"independent"
48,5782,"independent"
46,5783,"independent"
44,5784,"independent"
46,5785,"independent"
48,5786,"independent"
50,5787,"independent"
46,5788,"independent"
48,5789,"independent"
46,5790,"independent"
48,5791,"independent"
46,5792,"independent"
44,5793,"independent"
46,5794,"independent"
48,5795,"independent"
50,5796,"independent"
46,5797,"independent"
44,5798,"independent"
44,5799,"independent"
46,5800,"independent"
50,5801,"independent"
46,5802,"independent"
44,5803,"independent"
46,5804,"independent"
50,5805,"independent"
48,5806,"independent"
46,5807,"independent"
46,5808,"independent"
44,5809,"independent"
44,5810,"independent"
44,5811,"independent"
44,5812,"independent"
48,5813,"independent"
46,5814,"independent"
48,5815,"independent"
48,5816,"independent"
48,5817,"independent"
48,5818,"independent"
46,5819,"independent"
44,5820,"independent"
46,5821,"independent"
44,5822,"independent"
48,5823,"independent"
52,5824,"independent"
44,5825,"independent"
50,5826,"independent"
44,5827,"independent"
44,5828,"independent"
44,5829,"independent"
44,5830,"independent"
44,5831,"independent"
48,5832,"independent"
48,5833,"independent"
48,5834,"independent"
44,5835,"independent"
44,5836,"independent"
44,5837,"independent"
46,5838,"independent"
46,5839,"independent"
46,5840,"independent"
46,5841,"independent"
44,5842,"independent"
48,5843,"independent"
48,5844,"independent"
46,5845,"independent"
48,5846,"independent"
50,5847,"independent"
48,5848,"independent"
48,5849,"independent"
46,5850,"independent"
46,5851,"independent"
50,5852,"independent"
48,5853,"independent"
46,5854,"independent"
46,5855,"independent"
48,5856,"independent"
50,5857,"independent"
48,5858,"independent"
44,5859,"independent"
48,5860,"independent"
48,5861,"independent"
46,5862,"independent"
44,5863,"independent"
46,5864,"independent"
46,5865,"independent"
46,5866,"independent"
44,5867,"independent"
46,5868,"independent"
46,5869,"independent"
48,5870,"independent"
48,5871,"independent"
48,5872,"independent"
48,5873,"independent"
48,5874,"independent"
46,5875,"independent"
48,5876,"independent"
48,5877,"independent"
44,5878,"independent"
46,5879,"independent"
46,5880,"independent"
44,5881,"independent"
46,5882,"independent"
44,5883,"independent"
44,5884,"independent"
48,5885,"independent"
46,5886,"independent"
44,5887,"independent"
46,5888,"independent"
44,5889,"independent"
48,5890,"independent"
46,5891,"independent"
46,5892,"independent"
46,5893,"independent"
50,5894,"independent"
50,5895,"independent"
48,5896,"independent"
48,5897,"independent"
46,5898,"independent"
50,5899,"independent"
50,5900,"independent"
46,5901,"independent"
48,5902,"independent"
46,5903,"independent"
46,5904,"independent"
50,5905,"independent"
48,5906,"independent"
52,5907,"independent"
50,5908,"independent"
48,5909,"independent"
44,5910,"independent"
46,5911,"independent"
48,5912,"independent"
48,5913,"independent"
48,5914,"independent"
46,5915,"independent"
44,5916,"independent"
44,5917,"independent"
46,5918,"independent"
46,5919,"independent"
48,5920,"independent"
44,5921,"independent"
46,5922,"independent"
46,5923,"independent"
48,5924,"independent"
48,5925,"independent"
48,5926,"independent"
46,5927,"independent"
48,5928,"independent"
48,5929,"independent"
44,5930,"independent"
48,5931,"independent"
46,5932,"independent"
48,5933,"independent"
50,5934,"independent"
48,5935,"independent"
48,5936,"independent"
48,5937,"independent"
50,5938,"independent"
44,5939,"independent"
46,5940,"independent"
46,5941,"independent"
44,5942,"independent"
48,5943,"independent"
46,5944,"independent"
46,5945,"independent"
46,5946,"independent"
48,5947,"independent"
50,5948,"independent"
46,5949,"independent"
46,5950,"independent"
46,5951,"independent"
46,5952,"independent"
48,5953,"independent"
48,5954,"independent"
48,5955,"independent"
48,5956,"independent"
50,5957,"independent"
50,5958,"independent"
48,5959,"independent"
46,5960,"independent"
46,5961,"independent"
50,5962,"independent"
46,5963,"independent"
48,5964,"independent"
50,5965,"independent"
46,5966,"independent"
48,5967,"independent"
48,5968,"independent"
46,5969,"independent"
46,5970,"independent"
46,5971,"independent"
48,5972,"independent"
48,5973,"independent"
46,5974,"independent"
44,5975,"independent"
46,5976,"independent"
44,5977,"independent"
48,5978,"independent"
48,5979,"independent"
46,5980,"independent"
50,5981,"independent"
46,5982,"independent"
44,5983,"independent"
48,5984,"independent"
46,5985,"independent"
44,5986,"independent"
46,5987,"independent"
46,5988,"independent"
44,5989,"independent"
48,5990,"independent"
46,5991,"independent"
48,5992,"independent"
48,5993,"independent"
44,5994,"independent"
48,5995,"independent"
48,5996,"independent"
48,5997,"independent"
48,5998,"independent"
46,5999,"independent"
46,6000,"independent"
48,6001,"independent"
48,6002,"independent"
46,6003,"independent"
44,6004,"independent"
46,6005,"independent"
48,6006,"independent"
52,6007,"independent"
46,6008,"independent"
44,6009,"independent"
46,6010,"independent"
48,6011,"independent"
46,6012,"independent"
46,6013,"independent"
44,6014,"independent"
46,6015,"independent"
46,6016,"independent"
46,6017,"independent"
48,6018,"independent"
48,6019,"independent"
48,6020,"independent"
46,6021,"independent"
48,6022,"independent"
46,6023,"independent"
44,6024,"independent"
48,6025,"independent"
46,6026,"independent"
46,6027,"independent"
44,6028,"independent"
46,6029,"independent"
46,6030,"independent"
46,6031,"independent"
52,6032,"independent"
48,6033,"independent"
46,6034,"independent"
46,6035,"independent"
48,6036,"independent"
48,6037,"independent"
46,6038,"independent"
48,6039,"independent"
46,6040,"independent"
50,6041,"independent"
48,6042,"independent"
46,6043,"independent"
46,6044,"independent"
48,6045,"independent"
46,6046,"independent"
48,6047,"independent"
50,6048,"independent"
46,6049,"independent"
44,6050,"independent"
44,6051,"independent"
48,6052,"independent"
44,6053,"independent"
46,6054,"independent"
46,6055,"independent"
48,6056,"independent"
48,6057,"independent"
46,6058,"independent"
48,6059,"independent"
48,6060,"independent"
48,6061,"independent"
50,6062,"independent"
48,6063,"independent"
50,6064,"independent"
46,6065,"independent"
46,6066,"independent"
48,6067,"independent"
44,6068,"independent"
48,6069,"independent"
44,6070,"independent"
46,6071,"independent"
48,6072,"independent"
48,6073,"independent"
44,6074,"independent"
44,6075,"independent"
46,6076,"independent"
46,6077,"independent"
46,6078,"independent"
46,6079,"independent"
44,6080,"independent"
46,6081,"independent"
46,6082,"independent"
46,6083,"independent"
44,6084,"independent"
46,6085,"independent"
46,6086,"independent"
44,6087,"independent"
48,6088,"independent"
44,6089,"independent"
44,6090,"independent"
46,6091,"independent"
50,6092,"independent"
48,6093,"independent"
50,6094,"independent"
48,6095,"independent"
48,6096,"independent"
46,6097,"independent"
46,6098,"independent"
46,6099,"independent"
46,6100,"independent"
46,6101,"independent"
44,6102,"independent"
46,6103,"independent"
48,6104,"independent"
48,6105,"independent"
50,6106,"independent"
48,6107,"independent"
46,6108,"independent"
44,6109,"independent"
48,6110,"independent"
48,6111,"independent"
44,6112,"independent"
46,6113,"independent"
46,6114,"independent"
48,6115,"independent"
46,6116,"independent"
44,6117,"independent"
46,6118,"independent"
44,6119,"independent"
48,6120,"independent"
50,6121,"independent"
46,6122,"independent"
50,6123,"independent"
46,6124,"independent"
46,6125,"independent"
46,6126,"independent"
50,6127,"independent"
50,6128,"independent"
48,6129,"independent"
46,6130,"independent"
48,6131,"independent"
46,6132,"independent"
44,6133,"independent"
46,6134,"independent"
50,6135,"independent"
48,6136,"independent"
46,6137,"independent"
52,6138,"independent"
46,6139,"independent"
46,6140,"independent"
44,6141,"independent"
44,6142,"independent"
46,6143,"independent"
48,6144,"independent"
48,6145,"independent"
50,6146,"independent"
46,6147,"independent"
44,6148,"independent"
48,6149,"independent"
46,6150,"independent"
46,6151,"independent"
46,6152,"independent"
46,6153,"independent"
46,6154,"independent"
44,6155,"independent"
46,6156,"independent"
46,6157,"independent"
44,6158,"independent"
44,6159,"independent"
44,6160,"independent"
44,6161,"independent"
44,6162,"independent"
44,6163,"independent"
44,6164,"independent"
46,6165,"independent"
46,6166,"independent"
48,6167,"independent"
48,6168,"independent"
46,6169,"independent"
50,6170,"independent"
48,6171,"independent"
48,6172,"independent"
46,6173,"independent"
48,6174,"independent"
50,6175,"independent"
44,6176,"independent"
46,6177,"independent"
44,6178,"independent"
44,6179,"independent"
48,6180,"independent"
48,6181,"independent"
50,6182,"independent"
44,6183,"independent"
44,6184,"independent"
44,6185,"independent"
46,6186,"independent"
44,6187,"independent"
46,6188,"independent"
46,6189,"independent"
46,6190,"independent"
48,6191,"independent"
50,6192,"independent"
50,6193,"independent"
48,6194,"independent"
48,6195,"independent"
50,6196,"independent"
44,6197,"independent"
48,6198,"independent"
48,6199,"independent"
46,6200,"independent"
46,6201,"independent"
50,6202,"independent"
48,6203,"independent"
48,6204,"independent"
48,6205,"independent"
44,6206,"independent"
46,6207,"independent"
44,6208,"independent"
46,6209,"independent"
44,6210,"independent"
48,6211,"independent"
50,6212,"independent"
48,6213,"independent"
48,6214,"independent"
48,6215,"independent"
46,6216,"independent"
48,6217,"independent"
48,6218,"independent"
48,6219,"independent"
46,6220,"independent"
50,6221,"independent"
46,6222,"independent"
48,6223,"independent"
44,6224,"independent"
44,6225,"independent"
50,6226,"independent"
46,6227,"independent"
50,6228,"independent"
48,6229,"independent"
46,6230,"independent"
48,6231,"independent"
46,6232,"independent"
44,6233,"independent"
46,6234,"independent"
46,6235,"independent"
48,6236,"independent"
48,6237,"independent"
48,6238,"independent"
44,6239,"independent"
48,6240,"independent"
44,6241,"independent"
48,6242,"independent"
48,6243,"independent"
50,6244,"independent"
48,6245,"independent"
46,6246,"independent"
50,6247,"independent"
46,6248,"independent"
44,6249,"independent"
44,6250,"independent"
46,6251,"independent"
50,6252,"independent"
46,6253,"independent"
44,6254,"independent"
46,6255,"independent"
46,6256,"independent"
46,6257,"independent"
46,6258,"independent"
46,6259,"independent"
46,6260,"independent"
48,6261,"independent"
48,6262,"independent"
46,6263,"independent"
48,6264,"independent"
46,6265,"independent"
46,6266,"independent"
46,6267,"independent"
48,6268,"independent"
46,6269,"independent"
48,6270,"independent"
48,6271,"independent"
46,6272,"independent"
46,6273,"independent"
46,6274,"independent"
46,6275,"independent"
44,6276,"independent"
46,6277,"independent"
48,6278,"independent"
46,6279,"independent"
50,6280,"independent"
48,6281,"independent"
48,6282,"independent"
48,6283,"independent"
46,6284,"independent"
46,6285,"independent"
46,6286,"independent"
46,6287,"independent"
46,6288,"independent"
46,6289,"independent"
50,6290,"independent"
48,6291,"independent"
46,6292,"independent"
44,6293,"independent"
48,6294,"independent"
48,6295,"independent"
48,6296,"independent"
44,6297,"independent"
44,6298,"independent"
48,6299,"independent"
48,6300,"independent"
50,6301,"independent"
46,6302,"independent"
48,6303,"independent"
48,6304,"independent"
46,6305,"independent"
44,6306,"independent"
46,6307,"independent"
48,6308,"independent"
46,6309,"independent"
46,6310,"independent"
48,6311,"independent"
46,6312,"independent"
44,6313,"independent"
46,6314,"independent"
48,6315,"independent"
48,6316,"independent"
48,6317,"independent"
48,6318,"independent"
48,6319,"independent"
44,6320,"independent"
48,6321,"independent"
46,6322,"independent"
48,6323,"independent"
46,6324,"independent"
46,6325,"independent"
44,6326,"independent"
46,6327,"independent"
46,6328,"independent"
50,6329,"independent"
50,6330,"independent"
48,6331,"independent"
46,6332,"independent"
46,6333,"independent"
44,6334,"independent"
44,6335,"independent"
46,6336,"independent"
46,6337,"independent"
48,6338,"independent"
48,6339,"independent"
46,6340,"independent"
46,6341,"independent"
44,6342,"independent"
46,6343,"independent"
44,6344,"independent"
46,6345,"independent"
48,6346,"independent"
48,6347,"independent"
46,6348,"independent"
48,6349,"independent"
44,6350,"independent"
48,6351,"independent"
48,6352,"independent"
48,6353,"independent"
48,6354,"independent"
48,6355,"independent"
50,6356,"independent"
46,6357,"independent"
48,6358,"independent"
46,6359,"independent"
46,6360,"independent"
46,6361,"independent"
48,6362,"independent"
46,6363,"independent"
46,6364,"independent"
46,6365,"independent"
44,6366,"independent"
46,6367,"independent"
44,6368,"independent"
44,6369,"independent"
48,6370,"independent"
44,6371,"independent"
46,6372,"independent"
44,6373,"independent"
48,6374,"independent"
46,6375,"independent"
48,6376,"independent"
48,6377,"independent"
46,6378,"independent"
46,6379,"independent"
46,6380,"independent"
46,6381,"independent"
46,6382,"independent"
46,6383,"independent"
44,6384,"independent"
44,6385,"independent"
46,6386,"independent"
46,6387,"independent"
46,6388,"independent"
44,6389,"independent"
48,6390,"independent"
48,6391,"independent"
46,6392,"independent"
48,6393,"independent"
48,6394,"independent"
46,6395,"independent"
46,6396,"independent"
50,6397,"independent"
48,6398,"independent"
48,6399,"independent"
50,6400,"independent"
46,6401,"independent"
48,6402,"independent"
44,6403,"independent"
48,6404,"independent"
48,6405,"independent"
44,6406,"independent"
46,6407,"independent"
46,6408,"independent"
46,6409,"independent"
48,6410,"independent"
46,6411,"independent"
46,6412,"independent"
46,6413,"independent"
46,6414,"independent"
44,6415,"independent"
44,6416,"independent"
48,6417,"independent"
46,6418,"independent"
48,6419,"independent"
48,6420,"independent"
48,6421,"independent"
48,6422,"independent"
48,6423,"independent"
46,6424,"independent"
44,6425,"independent"
46,6426,"independent"
46,6427,"independent"
46,6428,"independent"
48,6429,"independent"
46,6430,"independent"
44,6431,"independent"
46,6432,"independent"
50,6433,"independent"
50,6434,"independent"
48,6435,"independent"
46,6436,"independent"
46,6437,"independent"
48,6438,"independent"
44,6439,"independent"
48,6440,"independent"
48,6441,"independent"
46,6442,"independent"
46,6443,"independent"
48,6444,"independent"
46,6445,"independent"
48,6446,"independent"
48,6447,"independent"
48,6448,"independent"
48,6449,"independent"
48,6450,"independent"
46,6451,"independent"
48,6452,"independent"
46,6453,"independent"
50,6454,"independent"
48,6455,"independent"
50,6456,"independent"
52,6457,"independent"
48,6458,"independent"
46,6459,"independent"
48,6460,"independent"
44,6461,"independent"
46,6462,"independent"
48,6463,"independent"
50,6464,"independent"
44,6465,"independent"
48,6466,"independent"
46,6467,"independent"
44,6468,"independent"
44,6469,"independent"
46,6470,"independent"
46,6471,"independent"
48,6472,"independent"
48,6473,"independent"
48,6474,"independent"
50,6475,"independent"
48,6476,"independent"
48,6477,"independent"
46,6478,"independent"
50,6479,"independent"
46,6480,"independent"
48,6481,"independent"
44,6482,"independent"
46,6483,"independent"
46,6484,"independent"
46,6485,"independent"
48,6486,"independent"
48,6487,"independent"
50,6488,"independent"
48,6489,"independent"
48,6490,"independent"
48,6491,"independent"
50,6492,"independent"
46,6493,"independent"
48,6494,"independent"
48,6495,"independent"
46,6496,"independent"
46,6497,"independent"
48,6498,"independent"
48,6499,"independent"
50,6500,"independent"
46,6501,"independent"
48,6502,"independent"
46,6503,"independent"
48,6504,"independent"
48,6505,"independent"
46,6506,"independent"
46,6507,"independent"
46,6508,"independent"
46,6509,"independent"
46,6510,"independent"
44,6511,"independent"
44,6512,"independent"
46,6513,"independent"
48,6514,"independent"
46,6515,"independent"
46,6516,"independent"
44,6517,"independent"
46,6518,"independent"
44,6519,"independent"
50,6520,"independent"
46,6521,"independent"
46,6522,"independent"
46,6523,"independent"
48,6524,"independent"
44,6525,"independent"
48,6526,"independent"
44,6527,"independent"
50,6528,"independent"
48,6529,"independent"
46,6530,"independent"
48,6531,"independent"
50,6532,"independent"
48,6533,"independent"
48,6534,"independent"
46,6535,"independent"
46,6536,"independent"
48,6537,"independent"
46,6538,"independent"
46,6539,"independent"
46,6540,"independent"
46,6541,"independent"
44,6542,"independent"
44,6543,"independent"
46,6544,"independent"
46,6545,"independent"
50,6546,"independent"
50,6547,"independent"
50,6548,"independent"
46,6549,"independent"
48,6550,"independent"
46,6551,"independent"
48,6552,"independent"
46,6553,"independent"
48,6554,"independent"
46,6555,"independent"
46,6556,"independent"
46,6557,"independent"
48,6558,"independent"
50,6559,"independent"
46,6560,"independent"
46,6561,"independent"
46,6562,"independent"
48,6563,"independent"
46,6564,"independent"
46,6565,"independent"
44,6566,"independent"
48,6567,"independent"
46,6568,"independent"
48,6569,"independent"
48,6570,"independent"
48,6571,"independent"
50,6572,"independent"
46,6573,"independent"
46,6574,"independent"
48,6575,"independent"
48,6576,"independent"
50,6577,"independent"
48,6578,"independent"
48,6579,"independent"
44,6580,"independent"
48,6581,"independent"
48,6582,"independent"
48,6583,"independent"
44,6584,"independent"
46,6585,"independent"
46,6586,"independent"
48,6587,"independent"
48,6588,"independent"
48,6589,"independent"
46,6590,"independent"
48,6591,"independent"
44,6592,"independent"
46,6593,"independent"
46,6594,"independent"
48,6595,"independent"
48,6596,"independent"
46,6597,"independent"
46,6598,"independent"
48,6599,"independent"
50,6600,"independent"
48,6601,"independent"
44,6602,"independent"
46,6603,"independent"
44,6604,"independent"
46,6605,"independent"
44,6606,"independent"
44,6607,"independent"
48,6608,"independent"
46,6609,"independent"
46,6610,"independent"
46,6611,"independent"
46,6612,"independent"
50,6613,"independent"
48,6614,"independent"
46,6615,"independent"
46,6616,"independent"
48,6617,"independent"
46,6618,"independent"
44,6619,"independent"
48,6620,"independent"
46,6621,"independent"
50,6622,"independent"
50,6623,"independent"
50,6624,"independent"
48,6625,"independent"
46,6626,"independent"
46,6627,"independent"
46,6628,"independent"
46,6629,"independent"
46,6630,"independent"
48,6631,"independent"
46,6632,"independent"
44,6633,"independent"
46,6634,"independent"
44,6635,"independent"
50,6636,"independent"
48,6637,"independent"
44,6638,"independent"
46,6639,"independent"
48,6640,"independent"
50,6641,"independent"
46,6642,"independent"
48,6643,"independent"
44,6644,"independent"
46,6645,"independent"
46,6646,"independent"
48,6647,"independent"
48,6648,"independent"
46,6649,"independent"
46,6650,"independent"
46,6651,"independent"
46,6652,"independent"
46,6653,"independent"
46,6654,"independent"
48,6655,"independent"
48,6656,"independent"
46,6657,"independent"
46,6658,"independent"
46,6659,"independent"
48,6660,"independent"
46,6661,"independent"
46,6662,"independent"
48,6663,"independent"
48,6664,"independent"
48,6665,"independent"
46,6666,"independent"
50,6667,"independent"
50,6668,"independent"
46,6669,"independent"
48,6670,"independent"
48,6671,"independent"
48,6672,"independent"
48,6673,"independent"
46,6674,"independent"
44,6675,"independent"
48,6676,"independent"
44,6677,"independent"
46,6678,"independent"
46,6679,"independent"
46,6680,"independent"
44,6681,"independent"
48,6682,"independent"
46,6683,"independent"
48,6684,"independent"
48,6685,"independent"
46,6686,"independent"
46,6687,"independent"
48,6688,"independent"
48,6689,"independent"
44,6690,"independent"
48,6691,"independent"
44,6692,"independent"
46,6693,"independent"
46,6694,"independent"
46,6695,"independent"
52,6696,"independent"
48,6697,"independent"
46,6698,"independent"
44,6699,"independent"
48,6700,"independent"
48,6701,"independent"
46,6702,"independent"
44,6703,"independent"
50,6704,"independent"
52,6705,"independent"
50,6706,"independent"
46,6707,"independent"
46,6708,"independent"
48,6709,"independent"
46,6710,"independent"
48,6711,"independent"
48,6712,"independent"
48,6713,"independent"
44,6714,"independent"
48,6715,"independent"
46,6716,"independent"
48,6717,"independent"
46,6718,"independent"
50,6719,"independent"
46,6720,"independent"
50,6721,"independent"
48,6722,"independent"
48,6723,"independent"
46,6724,"independent"
48,6725,"independent"
46,6726,"independent"
46,6727,"independent"
46,6728,"independent"
46,6729,"independent"
44,6730,"independent"
48,6731,"independent"
50,6732,"independent"
44,6733,"independent"
46,6734,"independent"
48,6735,"independent"
48,6736,"independent"
48,6737,"independent"
46,6738,"independent"
46,6739,"independent"
48,6740,"independent"
48,6741,"independent"
46,6742,"independent"
48,6743,"independent"
48,6744,"independent"
48,6745,"independent"
50,6746,"independent"
48,6747,"independent"
46,6748,"independent"
46,6749,"independent"
46,6750,"independent"
48,6751,"independent"
46,6752,"independent"
50,6753,"independent"
48,6754,"independent"
46,6755,"independent"
44,6756,"independent"
46,6757,"independent"
46,6758,"independent"
48,6759,"independent"
46,6760,"independent"
50,6761,"independent"
46,6762,"independent"
48,6763,"independent"
46,6764,"independent"
46,6765,"independent"
46,6766,"independent"
48,6767,"independent"
48,6768,"independent"
46,6769,"independent"
48,6770,"independent"
46,6771,"independent"
46,6772,"independent"
50,6773,"independent"
48,6774,"independent"
46,6775,"independent"
48,6776,"independent"
46,6777,"independent"
48,6778,"independent"
48,6779,"independent"
48,6780,"independent"
46,6781,"independent"
48,6782,"independent"
44,6783,"independent"
48,6784,"independent"
48,6785,"independent"
46,6786,"independent"
46,6787,"independent"
46,6788,"independent"
46,6789,"independent"
46,6790,"independent"
48,6791,"independent"
48,6792,"independent"
48,6793,"independent"
46,6794,"independent"
46,6795,"independent"
48,6796,"independent"
44,6797,"independent"
46,6798,"independent"
48,6799,"independent"
46,6800,"independent"
50,6801,"independent"
46,6802,"independent"
48,6803,"independent"
46,6804,"independent"
46,6805,"independent"
50,6806,"independent"
46,6807,"independent"
44,6808,"independent"
48,6809,"independent"
46,6810,"independent"
46,6811,"independent"
44,6812,"independent"
46,6813,"independent"
46,6814,"independent"
48,6815,"independent"
46,6816,"independent"
50,6817,"independent"
46,6818,"independent"
48,6819,"independent"
50,6820,"independent"
48,6821,"independent"
48,6822,"independent"
46,6823,"independent"
48,6824,"independent"
46,6825,"independent"
48,6826,"independent"
46,6827,"independent"
44,6828,"independent"
46,6829,"independent"
46,6830,"independent"
50,6831,"independent"
48,6832,"independent"
48,6833,"independent"
48,6834,"independent"
46,6835,"independent"
44,6836,"independent"
46,6837,"independent"
44,6838,"independent"
48,6839,"independent"
44,6840,"independent"
46,6841,"independent"
46,6842,"independent"
48,6843,"independent"
48,6844,"independent"
46,6845,"independent"
44,6846,"independent"
44,6847,"independent"
44,6848,"independent"
48,6849,"independent"
46,6850,"independent"
44,6851,"independent"
48,6852,"independent"
48,6853,"independent"
46,6854,"independent"
48,6855,"independent"
50,6856,"independent"
48,6857,"independent"
50,6858,"independent"
48,6859,"independent"
48,6860,"independent"
44,6861,"independent"
44,6862,"independent"
44,6863,"independent"
46,6864,"independent"
46,6865,"independent"
46,6866,"independent"
48,6867,"independent"
46,6868,"independent"
46,6869,"independent"
44,6870,"independent"
44,6871,"independent"
46,6872,"independent"
44,6873,"independent"
44,6874,"independent"
46,6875,"independent"
48,6876,"independent"
48,6877,"independent"
48,6878,"independent"
46,6879,"independent"
46,6880,"independent"
44,6881,"independent"
50,6882,"independent"
50,6883,"independent"
48,6884,"independent"
50,6885,"independent"
48,6886,"independent"
50,6887,"independent"
46,6888,"independent"
48,6889,"independent"
52,6890,"independent"
46,6891,"independent"
48,6892,"independent"
46,6893,"independent"
46,6894,"independent"
46,6895,"independent"
44,6896,"independent"
48,6897,"independent"
44,6898,"independent"
46,6899,"independent"
48,6900,"independent"
48,6901,"independent"
46,6902,"independent"
48,6903,"independent"
52,6904,"independent"
46,6905,"independent"
44,6906,"independent"
46,6907,"independent"
48,6908,"independent"
48,6909,"independent"
46,6910,"independent"
48,6911,"independent"
46,6912,"independent"
46,6913,"independent"
44,6914,"independent"
44,6915,"independent"
48,6916,"independent"
46,6917,"independent"
46,6918,"independent"
50,6919,"independent"
48,6920,"independent"
46,6921,"independent"
50,6922,"independent"
48,6923,"independent"
48,6924,"independent"
46,6925,"independent"
48,6926,"independent"
48,6927,"independent"
46,6928,"independent"
46,6929,"independent"
46,6930,"independent"
48,6931,"independent"
44,6932,"independent"
44,6933,"independent"
48,6934,"independent"
44,6935,"independent"
48,6936,"independent"
48,6937,"independent"
48,6938,"independent"
50,6939,"independent"
46,6940,"independent"
44,6941,"independent"
46,6942,"independent"
46,6943,"independent"
46,6944,"independent"
46,6945,"independent"
48,6946,"independent"
48,6947,"independent"
48,6948,"independent"
50,6949,"independent"
46,6950,"independent"
50,6951,"independent"
46,6952,"independent"
46,6953,"independent"
48,6954,"independent"
46,6955,"independent"
48,6956,"independent"
44,6957,"independent"
46,6958,"independent"
50,6959,"independent"
44,6960,"independent"
48,6961,"independent"
44,6962,"independent"
46,6963,"independent"
44,6964,"independent"
48,6965,"independent"
48,6966,"independent"
46,6967,"independent"
48,6968,"independent"
46,6969,"independent"
48,6970,"independent"
46,6971,"independent"
44,6972,"independent"
46,6973,"independent"
50,6974,"independent"
48,6975,"independent"
44,6976,"independent"
48,6977,"independent"
50,6978,"independent"
50,6979,"independent"
48,6980,"independent"
46,6981,"independent"
50,6982,"independent"
46,6983,"independent"
48,6984,"independent"
46,6985,"independent"
46,6986,"independent"
48,6987,"independent"
48,6988,"independent"
48,6989,"independent"
48,6990,"independent"
48,6991,"independent"
48,6992,"independent"
46,6993,"independent"
46,6994,"independent"
46,6995,"independent"
46,6996,"independent"
48,6997,"independent"
46,6998,"independent"
46,6999,"independent"
48,7000,"independent"
44,7001,"independent"
46,7002,"independent"
46,7003,"independent"
44,7004,"independent"
44,7005,"independent"
46,7006,"independent"
48,7007,"independent"
48,7008,"independent"
44,7009,"independent"
46,7010,"independent"
46,7011,"independent"
48,7012,"independent"
48,7013,"independent"
46,7014,"independent"
46,7015,"independent"
46,7016,"independent"
48,7017,"independent"
48,7018,"independent"
48,7019,"independent"
46,7020,"independent"
46,7021,"independent"
48,7022,"independent"
50,7023,"independent"
48,7024,"independent"
50,7025,"independent"
50,7026,"independent"
50,7027,"independent"
48,7028,"independent"
46,7029,"independent"
46,7030,"independent"
48,7031,"independent"
46,7032,"independent"
46,7033,"independent"
44,7034,"independent"
50,7035,"independent"
44,7036,"independent"
44,7037,"independent"
48,7038,"independent"
46,7039,"independent"
46,7040,"independent"
48,7041,"independent"
46,7042,"independent"
48,7043,"independent"
50,7044,"independent"
46,7045,"independent"
46,7046,"independent"
48,7047,"independent"
48,7048,"independent"
46,7049,"independent"
46,7050,"independent"
46,7051,"independent"
46,7052,"independent"
46,7053,"independent"
46,7054,"independent"
46,7055,"independent"
46,7056,"independent"
48,7057,"independent"
48,7058,"independent"
46,7059,"independent"
44,7060,"independent"
50,7061,"independent"
48,7062,"independent"
48,7063,"independent"
50,7064,"independent"
48,7065,"independent"
44,7066,"independent"
46,7067,"independent"
46,7068,"independent"
48,7069,"independent"
44,7070,"independent"
48,7071,"independent"
46,7072,"independent"
46,7073,"independent"
44,7074,"independent"
50,7075,"independent"
48,7076,"independent"
48,7077,"independent"
48,7078,"independent"
46,7079,"independent"
46,7080,"independent"
48,7081,"independent"
50,7082,"independent"
50,7083,"independent"
48,7084,"independent"
48,7085,"independent"
44,7086,"independent"
50,7087,"independent"
48,7088,"independent"
44,7089,"independent"
46,7090,"independent"
48,7091,"independent"
46,7092,"independent"
46,7093,"independent"
44,7094,"independent"
46,7095,"independent"
48,7096,"independent"
46,7097,"independent"
46,7098,"independent"
50,7099,"independent"
48,7100,"independent"
44,7101,"independent"
46,7102,"independent"
48,7103,"independent"
46,7104,"independent"
46,7105,"independent"
44,7106,"independent"
48,7107,"independent"
46,7108,"independent"
50,7109,"independent"
48,7110,"independent"
46,7111,"independent"
48,7112,"independent"
48,7113,"independent"
48,7114,"independent"
46,7115,"independent"
46,7116,"independent"
46,7117,"independent"
48,7118,"independent"
48,7119,"independent"
46,7120,"independent"
48,7121,"independent"
46,7122,"independent"
50,7123,"independent"
48,7124,"independent"
46,7125,"independent"
48,7126,"independent"
48,7127,"independent"
44,7128,"independent"
46,7129,"independent"
50,7130,"independent"
48,7131,"independent"
44,7132,"independent"
48,7133,"independent"
46,7134,"independent"
46,7135,"independent"
48,7136,"independent"
48,7137,"independent"
50,7138,"independent"
46,7139,"independent"
50,7140,"independent"
46,7141,"independent"
50,7142,"independent"
44,7143,"independent"
44,7144,"independent"
44,7145,"independent"
48,7146,"independent"
48,7147,"independent"
50,7148,"independent"
46,7149,"independent"
46,7150,"independent"
46,7151,"independent"
48,7152,"independent"
48,7153,"independent"
44,7154,"independent"
50,7155,"independent"
50,7156,"independent"
46,7157,"independent"
46,7158,"independent"
46,7159,"independent"
44,7160,"independent"
46,7161,"independent"
48,7162,"independent"
48,7163,"independent"
46,7164,"independent"
44,7165,"independent"
50,7166,"independent"
48,7167,"independent"
50,7168,"independent"
46,7169,"independent"
48,7170,"independent"
46,7171,"independent"
48,7172,"independent"
46,7173,"independent"
46,7174,"independent"
44,7175,"independent"
46,7176,"independent"
46,7177,"independent"
46,7178,"independent"
44,7179,"independent"
48,7180,"independent"
48,7181,"independent"
50,7182,"independent"
48,7183,"independent"
46,7184,"independent"
46,7185,"independent"
46,7186,"independent"
48,7187,"independent"
48,7188,"independent"
46,7189,"independent"
48,7190,"independent"
50,7191,"independent"
44,7192,"independent"
46,7193,"independent"
44,7194,"independent"
48,7195,"independent"
46,7196,"independent"
46,7197,"independent"
46,7198,"independent"
44,7199,"independent"
48,7200,"independent"
46,7201,"independent"
46,7202,"independent"
44,7203,"independent"
46,7204,"independent"
44,7205,"independent"
48,7206,"independent"
44,7207,"independent"
46,7208,"independent"
50,7209,"independent"
48,7210,"independent"
48,7211,"independent"
44,7212,"independent"
46,7213,"independent"
44,7214,"independent"
46,7215,"independent"
46,7216,"independent"
46,7217,"independent"
50,7218,"independent"
50,7219,"independent"
48,7220,"independent"
50,7221,"independent"
50,7222,"independent"
48,7223,"independent"
46,7224,"independent"
46,7225,"independent"
48,7226,"independent"
46,7227,"independent"
48,7228,"independent"
48,7229,"independent"
48,7230,"independent"
46,7231,"independent"
50,7232,"independent"
48,7233,"independent"
46,7234,"independent"
48,7235,"independent"
50,7236,"independent"
44,7237,"independent"
46,7238,"independent"
46,7239,"independent"
48,7240,"independent"
46,7241,"independent"
48,7242,"independent"
50,7243,"independent"
48,7244,"independent"
48,7245,"independent"
48,7246,"independent"
46,7247,"independent"
46,7248,"independent"
48,7249,"independent"
48,7250,"independent"
48,7251,"independent"
48,7252,"independent"
44,7253,"independent"
46,7254,"independent"
48,7255,"independent"
50,7256,"independent"
48,7257,"independent"
48,7258,"independent"
48,7259,"independent"
46,7260,"independent"
48,7261,"independent"
48,7262,"independent"
48,7263,"independent"
46,7264,"independent"
48,7265,"independent"
46,7266,"independent"
48,7267,"independent"
46,7268,"independent"
44,7269,"independent"
46,7270,"independent"
50,7271,"independent"
46,7272,"independent"
46,7273,"independent"
48,7274,"independent"
48,7275,"independent"
48,7276,"independent"
46,7277,"independent"
48,7278,"independent"
46,7279,"independent"
48,7280,"independent"
46,7281,"independent"
44,7282,"independent"
46,7283,"independent"
46,7284,"independent"
46,7285,"independent"
48,7286,"independent"
44,7287,"independent"
48,7288,"independent"
46,7289,"independent"
46,7290,"independent"
46,7291,"independent"
46,7292,"independent"
44,7293,"independent"
50,7294,"independent"
48,7295,"independent"
44,7296,"independent"
46,7297,"independent"
48,7298,"independent"
44,7299,"independent"
44,7300,"independent"
46,7301,"independent"
44,7302,"independent"
46,7303,"independent"
48,7304,"independent"
48,7305,"independent"
46,7306,"independent"
44,7307,"independent"
46,7308,"independent"
46,7309,"independent"
50,7310,"independent"
48,7311,"independent"
46,7312,"independent"
46,7313,"independent"
46,7314,"independent"
48,7315,"independent"
48,7316,"independent"
48,7317,"independent"
46,7318,"independent"
42,7319,"independent"
46,7320,"independent"
46,7321,"independent"
48,7322,"independent"
46,7323,"independent"
48,7324,"independent"
46,7325,"independent"
46,7326,"independent"
48,7327,"independent"
46,7328,"independent"
46,7329,"independent"
50,7330,"independent"
48,7331,"independent"
46,7332,"independent"
44,7333,"independent"
46,7334,"independent"
44,7335,"independent"
44,7336,"independent"
46,7337,"independent"
46,7338,"independent"
46,7339,"independent"
48,7340,"independent"
50,7341,"independent"
50,7342,"independent"
50,7343,"independent"
48,7344,"independent"
44,7345,"independent"
50,7346,"independent"
46,7347,"independent"
50,7348,"independent"
48,7349,"independent"
48,7350,"independent"
44,7351,"independent"
46,7352,"independent"
50,7353,"independent"
46,7354,"independent"
44,7355,"independent"
48,7356,"independent"
50,7357,"independent"
46,7358,"independent"
46,7359,"independent"
46,7360,"independent"
50,7361,"independent"
44,7362,"independent"
46,7363,"independent"
44,7364,"independent"
46,7365,"independent"
48,7366,"independent"
44,7367,"independent"
46,7368,"independent"
48,7369,"independent"
48,7370,"independent"
48,7371,"independent"
50,7372,"independent"
48,7373,"independent"
46,7374,"independent"
48,7375,"independent"
48,7376,"independent"
46,7377,"independent"
48,7378,"independent"
48,7379,"independent"
44,7380,"independent"
44,7381,"independent"
46,7382,"independent"
46,7383,"independent"
44,7384,"independent"
46,7385,"independent"
46,7386,"independent"
50,7387,"independent"
48,7388,"independent"
46,7389,"independent"
50,7390,"independent"
48,7391,"independent"
48,7392,"independent"
50,7393,"independent"
46,7394,"independent"
44,7395,"independent"
46,7396,"independent"
46,7397,"independent"
46,7398,"independent"
46,7399,"independent"
44,7400,"independent"
44,7401,"independent"
44,7402,"independent"
46,7403,"independent"
44,7404,"independent"
48,7405,"independent"
50,7406,"independent"
48,7407,"independent"
46,7408,"independent"
46,7409,"independent"
48,7410,"independent"
46,7411,"independent"
50,7412,"independent"
50,7413,"independent"
50,7414,"independent"
48,7415,"independent"
48,7416,"independent"
48,7417,"independent"
52,7418,"independent"
50,7419,"independent"
46,7420,"independent"
46,7421,"independent"
46,7422,"independent"
48,7423,"independent"
50,7424,"independent"
48,7425,"independent"
50,7426,"independent"
48,7427,"independent"
46,7428,"independent"
48,7429,"independent"
44,7430,"independent"
44,7431,"independent"
46,7432,"independent"
46,7433,"independent"
46,7434,"independent"
44,7435,"independent"
48,7436,"independent"
48,7437,"independent"
46,7438,"independent"
46,7439,"independent"
48,7440,"independent"
48,7441,"independent"
48,7442,"independent"
46,7443,"independent"
48,7444,"independent"
50,7445,"independent"
48,7446,"independent"
48,7447,"independent"
48,7448,"independent"
48,7449,"independent"
48,7450,"independent"
46,7451,"independent"
48,7452,"independent"
50,7453,"independent"
50,7454,"independent"
50,7455,"independent"
46,7456,"independent"
46,7457,"independent"
50,7458,"independent"
48,7459,"independent"
48,7460,"independent"
48,7461,"independent"
46,7462,"independent"
44,7463,"independent"
46,7464,"independent"
48,7465,"independent"
46,7466,"independent"
48,7467,"independent"
46,7468,"independent"
48,7469,"independent"
46,7470,"independent"
48,7471,"independent"
48,7472,"independent"
48,7473,"independent"
48,7474,"independent"
50,7475,"independent"
48,7476,"independent"
46,7477,"independent"
48,7478,"independent"
48,7479,"independent"
48,7480,"independent"
44,7481,"independent"
48,7482,"independent"
46,7483,"independent"
44,7484,"independent"
46,7485,"independent"
44,7486,"independent"
46,7487,"independent"
44,7488,"independent"
48,7489,"independent"
44,7490,"independent"
48,7491,"independent"
46,7492,"independent"
48,7493,"independent"
46,7494,"independent"
46,7495,"independent"
46,7496,"independent"
48,7497,"independent"
50,7498,"independent"
46,7499,"independent"
50,7500,"independent"
48,7501,"independent"
46,7502,"independent"
46,7503,"independent"
48,7504,"independent"
48,7505,"independent"
44,7506,"independent"
48,7507,"independent"
48,7508,"independent"
46,7509,"independent"
48,7510,"independent"
46,7511,"independent"
48,7512,"independent"
48,7513,"independent"
48,7514,"independent"
46,7515,"independent"
46,7516,"independent"
46,7517,"independent"
48,7518,"independent"
50,7519,"independent"
46,7520,"independent"
46,7521,"independent"
46,7522,"independent"
48,7523,"independent"
48,7524,"independent"
46,7525,"independent"
48,7526,"independent"
44,7527,"independent"
46,7528,"independent"
44,7529,"independent"
44,7530,"independent"
48,7531,"independent"
46,7532,"independent"
46,7533,"independent"
48,7534,"independent"
48,7535,"independent"
46,7536,"independent"
44,7537,"independent"
46,7538,"independent"
46,7539,"independent"
48,7540,"independent"
50,7541,"independent"
46,7542,"independent"
50,7543,"independent"
46,7544,"independent"
46,7545,"independent"
46,7546,"independent"
48,7547,"independent"
46,7548,"independent"
44,7549,"independent"
48,7550,"independent"
48,7551,"independent"
48,7552,"independent"
50,7553,"independent"
50,7554,"independent"
48,7555,"independent"
48,7556,"independent"
48,7557,"independent"
46,7558,"independent"
44,7559,"independent"
44,7560,"independent"
46,7561,"independent"
46,7562,"independent"
46,7563,"independent"
46,7564,"independent"
48,7565,"independent"
48,7566,"independent"
48,7567,"independent"
48,7568,"independent"
46,7569,"independent"
46,7570,"independent"
48,7571,"independent"
46,7572,"independent"
48,7573,"independent"
50,7574,"independent"
46,7575,"independent"
44,7576,"independent"
46,7577,"independent"
48,7578,"independent"
46,7579,"independent"
48,7580,"independent"
50,7581,"independent"
46,7582,"independent"
44,7583,"independent"
48,7584,"independent"
46,7585,"independent"
48,7586,"independent"
48,7587,"independent"
46,7588,"independent"
46,7589,"independent"
46,7590,"independent"
46,7591,"independent"
46,7592,"independent"
48,7593,"independent"
48,7594,"independent"
50,7595,"independent"
48,7596,"independent"
50,7597,"independent"
50,7598,"independent"
46,7599,"independent"
48,7600,"independent"
46,7601,"independent"
46,7602,"independent"
44,7603,"independent"
48,7604,"independent"
46,7605,"independent"
46,7606,"independent"
48,7607,"independent"
48,7608,"independent"
46,7609,"independent"
48,7610,"independent"
46,7611,"independent"
50,7612,"independent"
46,7613,"independent"
46,7614,"independent"
48,7615,"independent"
48,7616,"independent"
46,7617,"independent"
48,7618,"independent"
48,7619,"independent"
48,7620,"independent"
48,7621,"independent"
50,7622,"independent"
46,7623,"independent"
46,7624,"independent"
44,7625,"independent"
48,7626,"independent"
48,7627,"independent"
46,7628,"independent"
48,7629,"independent"
46,7630,"independent"
46,7631,"independent"
46,7632,"independent"
48,7633,"independent"
46,7634,"independent"
48,7635,"independent"
48,7636,"independent"
46,7637,"independent"
44,7638,"independent"
44,7639,"independent"
48,7640,"independent"
48,7641,"independent"
48,7642,"independent"
46,7643,"independent"
44,7644,"independent"
48,7645,"independent"
48,7646,"independent"
48,7647,"independent"
50,7648,"independent"
48,7649,"independent"
48,7650,"independent"
46,7651,"independent"
46,7652,"independent"
48,7653,"independent"
44,7654,"independent"
44,7655,"independent"
46,7656,"independent"
46,7657,"independent"
48,7658,"independent"
50,7659,"independent"
48,7660,"independent"
46,7661,"independent"
46,7662,"independent"
44,7663,"independent"
46,7664,"independent"
48,7665,"independent"
48,7666,"independent"
48,7667,"independent"
46,7668,"independent"
48,7669,"independent"
48,7670,"independent"
48,7671,"independent"
46,7672,"independent"
46,7673,"independent"
46,7674,"independent"
46,7675,"independent"
46,7676,"independent"
48,7677,"independent"
50,7678,"independent"
48,7679,"independent"
50,7680,"independent"
48,7681,"independent"
46,7682,"independent"
46,7683,"independent"
48,7684,"independent"
48,7685,"independent"
48,7686,"independent"
48,7687,"independent"
48,7688,"independent"
48,7689,"independent"
46,7690,"independent"
46,7691,"independent"
46,7692,"independent"
46,7693,"independent"
44,7694,"independent"
50,7695,"independent"
46,7696,"independent"
48,7697,"independent"
46,7698,"independent"
46,7699,"independent"
46,7700,"independent"
48,7701,"independent"
50,7702,"independent"
48,7703,"independent"
50,7704,"independent"
46,7705,"independent"
46,7706,"independent"
46,7707,"independent"
50,7708,"independent"
50,7709,"independent"
48,7710,"independent"
48,7711,"independent"
48,7712,"independent"
46,7713,"independent"
44,7714,"independent"
46,7715,"independent"
48,7716,"independent"
46,7717,"independent"
48,7718,"independent"
46,7719,"independent"
48,7720,"independent"
46,7721,"independent"
44,7722,"independent"
44,7723,"independent"
46,7724,"independent"
44,7725,"independent"
48,7726,"independent"
46,7727,"independent"
46,7728,"independent"
46,7729,"independent"
44,7730,"independent"
46,7731,"independent"
48,7732,"independent"
52,7733,"independent"
48,7734,"independent"
50,7735,"independent"
44,7736,"independent"
46,7737,"independent"
50,7738,"independent"
46,7739,"independent"
48,7740,"independent"
50,7741,"independent"
46,7742,"independent"
46,7743,"independent"
44,7744,"independent"
48,7745,"independent"
48,7746,"independent"
48,7747,"independent"
48,7748,"independent"
50,7749,"independent"
48,7750,"independent"
46,7751,"independent"
48,7752,"independent"
48,7753,"independent"
46,7754,"independent"
46,7755,"independent"
48,7756,"independent"
48,7757,"independent"
48,7758,"independent"
48,7759,"independent"
48,7760,"independent"
46,7761,"independent"
46,7762,"independent"
48,7763,"independent"
48,7764,"independent"
48,7765,"independent"
44,7766,"independent"
46,7767,"independent"
46,7768,"independent"
46,7769,"independent"
46,7770,"independent"
46,7771,"independent"
46,7772,"independent"
50,7773,"independent"
46,7774,"independent"
46,7775,"independent"
46,7776,"independent"
46,7777,"independent"
48,7778,"independent"
44,7779,"independent"
46,7780,"independent"
48,7781,"independent"
46,7782,"independent"
44,7783,"independent"
46,7784,"independent"
50,7785,"independent"
46,7786,"independent"
46,7787,"independent"
44,7788,"independent"
44,7789,"independent"
46,7790,"independent"
46,7791,"independent"
46,7792,"independent"
46,7793,"independent"
48,7794,"independent"
50,7795,"independent"
46,7796,"independent"
48,7797,"independent"
48,7798,"independent"
46,7799,"independent"
48,7800,"independent"
46,7801,"independent"
46,7802,"independent"
46,7803,"independent"
46,7804,"independent"
46,7805,"independent"
50,7806,"independent"
46,7807,"independent"
46,7808,"independent"
46,7809,"independent"
46,7810,"independent"
48,7811,"independent"
48,7812,"independent"
48,7813,"independent"
48,7814,"independent"
46,7815,"independent"
46,7816,"independent"
50,7817,"independent"
48,7818,"independent"
46,7819,"independent"
46,7820,"independent"
50,7821,"independent"
50,7822,"independent"
50,7823,"independent"
46,7824,"independent"
50,7825,"independent"
50,7826,"independent"
48,7827,"independent"
48,7828,"independent"
46,7829,"independent"
48,7830,"independent"
50,7831,"independent"
50,7832,"independent"
46,7833,"independent"
46,7834,"independent"
46,7835,"independent"
44,7836,"independent"
48,7837,"independent"
46,7838,"independent"
46,7839,"independent"
46,7840,"independent"
46,7841,"independent"
46,7842,"independent"
50,7843,"independent"
44,7844,"independent"
46,7845,"independent"
46,7846,"independent"
46,7847,"independent"
50,7848,"independent"
46,7849,"independent"
44,7850,"independent"
48,7851,"independent"
46,7852,"independent"
48,7853,"independent"
48,7854,"independent"
48,7855,"independent"
48,7856,"independent"
44,7857,"independent"
48,7858,"independent"
48,7859,"independent"
44,7860,"independent"
46,7861,"independent"
48,7862,"independent"
50,7863,"independent"
46,7864,"independent"
50,7865,"independent"
46,7866,"independent"
46,7867,"independent"
46,7868,"independent"
48,7869,"independent"
46,7870,"independent"
46,7871,"independent"
48,7872,"independent"
44,7873,"independent"
46,7874,"independent"
46,7875,"independent"
48,7876,"independent"
44,7877,"independent"
44,7878,"independent"
48,7879,"independent"
46,7880,"independent"
46,7881,"independent"
48,7882,"independent"
50,7883,"independent"
48,7884,"independent"
46,7885,"independent"
46,7886,"independent"
48,7887,"independent"
46,7888,"independent"
46,7889,"independent"
44,7890,"independent"
46,7891,"independent"
46,7892,"independent"
46,7893,"independent"
48,7894,"independent"
46,7895,"independent"
50,7896,"independent"
48,7897,"independent"
48,7898,"independent"
48,7899,"independent"
44,7900,"independent"
44,7901,"independent"
48,7902,"independent"
48,7903,"independent"
46,7904,"independent"
48,7905,"independent"
46,7906,"independent"
48,7907,"independent"
46,7908,"independent"
48,7909,"independent"
46,7910,"independent"
48,7911,"independent"
46,7912,"independent"
44,7913,"independent"
48,7914,"independent"
48,7915,"independent"
48,7916,"independent"
46,7917,"independent"
48,7918,"independent"
50,7919,"independent"
48,7920,"independent"
44,7921,"independent"
48,7922,"independent"
46,7923,"independent"
46,7924,"independent"
46,7925,"independent"
46,7926,"independent"
48,7927,"independent"
46,7928,"independent"
48,7929,"independent"
48,7930,"independent"
50,7931,"independent"
48,7932,"independent"
44,7933,"independent"
46,7934,"independent"
46,7935,"independent"
48,7936,"independent"
44,7937,"independent"
46,7938,"independent"
46,7939,"independent"
48,7940,"independent"
50,7941,"independent"
46,7942,"independent"
44,7943,"independent"
44,7944,"independent"
46,7945,"independent"
48,7946,"independent"
46,7947,"independent"
44,7948,"independent"
48,7949,"independent"
50,7950,"independent"
50,7951,"independent"
46,7952,"independent"
46,7953,"independent"
48,7954,"independent"
48,7955,"independent"
50,7956,"independent"
46,7957,"independent"
50,7958,"independent"
48,7959,"independent"
48,7960,"independent"
48,7961,"independent"
48,7962,"independent"
44,7963,"independent"
44,7964,"independent"
48,7965,"independent"
46,7966,"independent"
48,7967,"independent"
44,7968,"independent"
46,7969,"independent"
46,7970,"independent"
50,7971,"independent"
46,7972,"independent"
44,7973,"independent"
46,7974,"independent"
48,7975,"independent"
46,7976,"independent"
44,7977,"independent"
50,7978,"independent"
46,7979,"independent"
46,7980,"independent"
48,7981,"independent"
46,7982,"independent"
46,7983,"independent"
46,7984,"independent"
44,7985,"independent"
46,7986,"independent"
50,7987,"independent"
48,7988,"independent"
48,7989,"independent"
46,7990,"independent"
46,7991,"independent"
46,7992,"independent"
48,7993,"independent"
46,7994,"independent"
46,7995,"independent"
48,7996,"independent"
48,7997,"independent"
46,7998,"independent"
50,7999,"independent"
46,8000,"independent"
48,8001,"independent"
50,8002,"independent"
48,8003,"independent"
46,8004,"independent"
48,8005,"independent"
46,8006,"independent"
48,8007,"independent"
48,8008,"independent"
46,8009,"independent"
46,8010,"independent"
46,8011,"independent"
48,8012,"independent"
48,8013,"independent"
48,8014,"independent"
48,8015,"independent"
46,8016,"independent"
50,8017,"independent"
46,8018,"independent"
50,8019,"independent"
44,8020,"independent"
48,8021,"independent"
48,8022,"independent"
46,8023,"independent"
48,8024,"independent"
46,8025,"independent"
48,8026,"independent"
48,8027,"independent"
48,8028,"independent"
46,8029,"independent"
46,8030,"independent"
46,8031,"independent"
46,8032,"independent"
48,8033,"independent"
50,8034,"independent"
48,8035,"independent"
50,8036,"independent"
50,8037,"independent"
48,8038,"independent"
46,8039,"independent"
46,8040,"independent"
48,8041,"independent"
48,8042,"independent"
48,8043,"independent"
46,8044,"independent"
44,8045,"independent"
46,8046,"independent"
48,8047,"independent"
48,8048,"independent"
44,8049,"independent"
48,8050,"independent"
48,8051,"independent"
48,8052,"independent"
48,8053,"independent"
46,8054,"independent"
48,8055,"independent"
50,8056,"independent"
48,8057,"independent"
48,8058,"independent"
50,8059,"independent"
50,8060,"independent"
48,8061,"independent"
48,8062,"independent"
46,8063,"independent"
44,8064,"independent"
44,8065,"independent"
46,8066,"independent"
46,8067,"independent"
48,8068,"independent"
46,8069,"independent"
46,8070,"independent"
46,8071,"independent"
46,8072,"independent"
48,8073,"independent"
46,8074,"independent"
46,8075,"independent"
44,8076,"independent"
46,8077,"independent"
44,8078,"independent"
48,8079,"independent"
46,8080,"independent"
46,8081,"independent"
46,8082,"independent"
48,8083,"independent"
46,8084,"independent"
44,8085,"independent"
48,8086,"independent"
48,8087,"independent"
48,8088,"independent"
48,8089,"independent"
48,8090,"independent"
46,8091,"independent"
48,8092,"independent"
48,8093,"independent"
48,8094,"independent"
48,8095,"independent"
48,8096,"independent"
50,8097,"independent"
46,8098,"independent"
46,8099,"independent"
46,8100,"independent"
48,8101,"independent"
48,8102,"independent"
44,8103,"independent"
44,8104,"independent"
48,8105,"independent"
48,8106,"independent"
46,8107,"independent"
46,8108,"independent"
50,8109,"independent"
48,8110,"independent"
48,8111,"independent"
50,8112,"independent"
48,8113,"independent"
46,8114,"independent"
50,8115,"independent"
46,8116,"independent"
48,8117,"independent"
46,8118,"independent"
46,8119,"independent"
48,8120,"independent"
50,8121,"independent"
46,8122,"independent"
50,8123,"independent"
44,8124,"independent"
44,8125,"independent"
50,8126,"independent"
50,8127,"independent"
46,8128,"independent"
48,8129,"independent"
50,8130,"independent"
48,8131,"independent"
46,8132,"independent"
46,8133,"independent"
50,8134,"independent"
50,8135,"independent"
46,8136,"independent"
48,8137,"independent"
44,8138,"independent"
50,8139,"independent"
46,8140,"independent"
46,8141,"independent"
48,8142,"independent"
46,8143,"independent"
46,8144,"independent"
46,8145,"independent"
48,8146,"independent"
46,8147,"independent"
44,8148,"independent"
48,8149,"independent"
46,8150,"independent"
48,8151,"independent"
46,8152,"independent"
44,8153,"independent"
48,8154,"independent"
46,8155,"independent"
46,8156,"independent"
48,8157,"independent"
48,8158,"independent"
46,8159,"independent"
46,8160,"independent"
46,8161,"independent"
44,8162,"independent"
46,8163,"independent"
44,8164,"independent"
44,8165,"independent"
46,8166,"independent"
46,8167,"independent"
50,8168,"independent"
48,8169,"independent"
48,8170,"independent"
46,8171,"independent"
46,8172,"independent"
50,8173,"independent"
48,8174,"independent"
48,8175,"independent"
46,8176,"independent"
46,8177,"independent"
48,8178,"independent"
50,8179,"independent"
48,8180,"independent"
46,8181,"independent"
44,8182,"independent"
44,8183,"independent"
50,8184,"independent"
48,8185,"independent"
48,8186,"independent"
50,8187,"independent"
50,8188,"independent"
46,8189,"independent"
48,8190,"independent"
46,8191,"independent"
46,8192,"independent"
46,8193,"independent"
46,8194,"independent"
48,8195,"independent"
46,8196,"independent"
46,8197,"independent"
48,8198,"independent"
48,8199,"independent"
48,8200,"independent"
46,8201,"independent"
48,8202,"independent"
44,8203,"independent"
46,8204,"independent"
46,8205,"independent"
50,8206,"independent"
48,8207,"independent"
48,8208,"independent"
46,8209,"independent"
48,8210,"independent"
48,8211,"independent"
50,8212,"independent"
46,8213,"independent"
44,8214,"independent"
48,8215,"independent"
50,8216,"independent"
46,8217,"independent"
48,8218,"independent"
46,8219,"independent"
48,8220,"independent"
48,8221,"independent"
44,8222,"independent"
44,8223,"independent"
44,8224,"independent"
48,8225,"independent"
46,8226,"independent"
46,8227,"independent"
48,8228,"independent"
46,8229,"independent"
46,8230,"independent"
46,8231,"independent"
44,8232,"independent"
46,8233,"independent"
46,8234,"independent"
48,8235,"independent"
46,8236,"independent"
48,8237,"independent"
50,8238,"independent"
48,8239,"independent"
50,8240,"independent"
48,8241,"independent"
48,8242,"independent"
46,8243,"independent"
50,8244,"independent"
44,8245,"independent"
46,8246,"independent"
48,8247,"independent"
48,8248,"independent"
46,8249,"independent"
48,8250,"independent"
46,8251,"independent"
48,8252,"independent"
48,8253,"independent"
50,8254,"independent"
46,8255,"independent"
46,8256,"independent"
48,8257,"independent"
48,8258,"independent"
44,8259,"independent"
46,8260,"independent"
48,8261,"independent"
46,8262,"independent"
48,8263,"independent"
46,8264,"independent"
46,8265,"independent"
46,8266,"independent"
46,8267,"independent"
46,8268,"independent"
44,8269,"independent"
48,8270,"independent"
48,8271,"independent"
50,8272,"independent"
46,8273,"independent"
46,8274,"independent"
50,8275,"independent"
46,8276,"independent"
48,8277,"independent"
46,8278,"independent"
48,8279,"independent"
46,8280,"independent"
48,8281,"independent"
48,8282,"independent"
48,8283,"independent"
44,8284,"independent"
46,8285,"independent"
46,8286,"independent"
48,8287,"independent"
46,8288,"independent"
46,8289,"independent"
46,8290,"independent"
46,8291,"independent"
48,8292,"independent"
44,8293,"independent"
44,8294,"independent"
44,8295,"independent"
44,8296,"independent"
46,8297,"independent"
46,8298,"independent"
48,8299,"independent"
46,8300,"independent"
50,8301,"independent"
48,8302,"independent"
48,8303,"independent"
46,8304,"independent"
48,8305,"independent"
48,8306,"independent"
50,8307,"independent"
46,8308,"independent"
48,8309,"independent"
46,8310,"independent"
46,8311,"independent"
46,8312,"independent"
48,8313,"independent"
46,8314,"independent"
48,8315,"independent"
46,8316,"independent"
46,8317,"independent"
50,8318,"independent"
48,8319,"independent"
48,8320,"independent"
46,8321,"independent"
46,8322,"independent"
46,8323,"independent"
46,8324,"independent"
46,8325,"independent"
48,8326,"independent"
46,8327,"independent"
48,8328,"independent"
48,8329,"independent"
46,8330,"independent"
50,8331,"independent"
44,8332,"independent"
48,8333,"independent"
46,8334,"independent"
48,8335,"independent"
50,8336,"independent"
48,8337,"independent"
46,8338,"independent"
46,8339,"independent"
46,8340,"independent"
48,8341,"independent"
50,8342,"independent"
44,8343,"independent"
48,8344,"independent"
46,8345,"independent"
48,8346,"independent"
48,8347,"independent"
46,8348,"independent"
48,8349,"independent"
48,8350,"independent"
46,8351,"independent"
44,8352,"independent"
46,8353,"independent"
48,8354,"independent"
46,8355,"independent"
44,8356,"independent"
46,8357,"independent"
48,8358,"independent"
46,8359,"independent"
48,8360,"independent"
48,8361,"independent"
50,8362,"independent"
48,8363,"independent"
46,8364,"independent"
44,8365,"independent"
46,8366,"independent"
46,8367,"independent"
46,8368,"independent"
48,8369,"independent"
46,8370,"independent"
46,8371,"independent"
48,8372,"independent"
46,8373,"independent"
46,8374,"independent"
44,8375,"independent"
44,8376,"independent"
48,8377,"independent"
50,8378,"independent"
48,8379,"independent"
50,8380,"independent"
44,8381,"independent"
44,8382,"independent"
46,8383,"independent"
48,8384,"independent"
46,8385,"independent"
44,8386,"independent"
48,8387,"independent"
46,8388,"independent"
46,8389,"independent"
48,8390,"independent"
46,8391,"independent"
48,8392,"independent"
48,8393,"independent"
48,8394,"independent"
48,8395,"independent"
48,8396,"independent"
48,8397,"independent"
48,8398,"independent"
46,8399,"independent"
46,8400,"independent"
46,8401,"independent"
44,8402,"independent"
50,8403,"independent"
46,8404,"independent"
44,8405,"independent"
46,8406,"independent"
46,8407,"independent"
44,8408,"independent"
48,8409,"independent"
44,8410,"independent"
50,8411,"independent"
48,8412,"independent"
46,8413,"independent"
48,8414,"independent"
48,8415,"independent"
48,8416,"independent"
48,8417,"independent"
48,8418,"independent"
48,8419,"independent"
48,8420,"independent"
50,8421,"independent"
48,8422,"independent"
46,8423,"independent"
50,8424,"independent"
46,8425,"independent"
48,8426,"independent"
48,8427,"independent"
50,8428,"independent"
48,8429,"independent"
48,8430,"independent"
48,8431,"independent"
48,8432,"independent"
48,8433,"independent"
48,8434,"independent"
46,8435,"independent"
46,8436,"independent"
44,8437,"independent"
46,8438,"independent"
46,8439,"independent"
44,8440,"independent"
46,8441,"independent"
46,8442,"independent"
50,8443,"independent"
48,8444,"independent"
46,8445,"independent"
46,8446,"independent"
46,8447,"independent"
44,8448,"independent"
48,8449,"independent"
48,8450,"independent"
46,8451,"independent"
48,8452,"independent"
48,8453,"independent"
44,8454,"independent"
48,8455,"independent"
50,8456,"independent"
50,8457,"independent"
48,8458,"independent"
50,8459,"independent"
48,8460,"independent"
48,8461,"independent"
46,8462,"independent"
48,8463,"independent"
46,8464,"independent"
52,8465,"independent"
50,8466,"independent"
46,8467,"independent"
48,8468,"independent"
46,8469,"independent"
46,8470,"independent"
46,8471,"independent"
46,8472,"independent"
50,8473,"independent"
48,8474,"independent"
48,8475,"independent"
48,8476,"independent"
50,8477,"independent"
46,8478,"independent"
46,8479,"independent"
48,8480,"independent"
50,8481,"independent"
48,8482,"independent"
46,8483,"independent"
46,8484,"independent"
48,8485,"independent"
46,8486,"independent"
48,8487,"independent"
48,8488,"independent"
48,8489,"independent"
50,8490,"independent"
46,8491,"independent"
46,8492,"independent"
48,8493,"independent"
46,8494,"independent"
44,8495,"independent"
46,8496,"independent"
48,8497,"independent"
46,8498,"independent"
52,8499,"independent"
48,8500,"independent"
46,8501,"independent"
46,8502,"independent"
46,8503,"independent"
46,8504,"independent"
44,8505,"independent"
46,8506,"independent"
50,8507,"independent"
48,8508,"independent"
46,8509,"independent"
46,8510,"independent"
50,8511,"independent"
48,8512,"independent"
48,8513,"independent"
48,8514,"independent"
48,8515,"independent"
46,8516,"independent"
46,8517,"independent"
44,8518,"independent"
46,8519,"independent"
48,8520,"independent"
48,8521,"independent"
48,8522,"independent"
48,8523,"independent"
44,8524,"independent"
44,8525,"independent"
44,8526,"independent"
48,8527,"independent"
46,8528,"independent"
46,8529,"independent"
48,8530,"independent"
50,8531,"independent"
46,8532,"independent"
46,8533,"independent"
44,8534,"independent"
46,8535,"independent"
46,8536,"independent"
48,8537,"independent"
46,8538,"independent"
46,8539,"independent"
46,8540,"independent"
46,8541,"independent"
46,8542,"independent"
46,8543,"independent"
48,8544,"independent"
46,8545,"independent"
44,8546,"independent"
44,8547,"independent"
46,8548,"independent"
46,8549,"independent"
48,8550,"independent"
46,8551,"independent"
48,8552,"independent"
48,8553,"independent"
46,8554,"independent"
48,8555,"independent"
48,8556,"independent"
46,8557,"independent"
48,8558,"independent"
48,8559,"independent"
44,8560,"independent"
48,8561,"independent"
50,8562,"independent"
48,8563,"independent"
46,8564,"independent"
50,8565,"independent"
48,8566,"independent"
50,8567,"independent"
50,8568,"independent"
44,8569,"independent"
46,8570,"independent"
46,8571,"independent"
50,8572,"independent"
46,8573,"independent"
50,8574,"independent"
48,8575,"independent"
50,8576,"independent"
48,8577,"independent"
48,8578,"independent"
50,8579,"independent"
44,8580,"independent"
46,8581,"independent"
48,8582,"independent"
48,8583,"independent"
44,8584,"independent"
46,8585,"independent"
46,8586,"independent"
48,8587,"independent"
48,8588,"independent"
46,8589,"independent"
48,8590,"independent"
48,8591,"independent"
46,8592,"independent"
46,8593,"independent"
44,8594,"independent"
50,8595,"independent"
46,8596,"independent"
46,8597,"independent"
48,8598,"independent"
46,8599,"independent"
46,8600,"independent"
48,8601,"independent"
46,8602,"independent"
50,8603,"independent"
46,8604,"independent"
48,8605,"independent"
48,8606,"independent"
46,8607,"independent"
48,8608,"independent"
48,8609,"independent"
46,8610,"independent"
50,8611,"independent"
48,8612,"independent"
48,8613,"independent"
46,8614,"independent"
48,8615,"independent"
46,8616,"independent"
44,8617,"independent"
46,8618,"independent"
46,8619,"independent"
48,8620,"independent"
48,8621,"independent"
46,8622,"independent"
46,8623,"independent"
46,8624,"independent"
46,8625,"independent"
48,8626,"independent"
46,8627,"independent"
44,8628,"independent"
46,8629,"independent"
46,8630,"independent"
48,8631,"independent"
44,8632,"independent"
46,8633,"independent"
46,8634,"independent"
48,8635,"independent"
52,8636,"independent"
46,8637,"independent"
44,8638,"independent"
46,8639,"independent"
46,8640,"independent"
48,8641,"independent"
46,8642,"independent"
46,8643,"independent"
48,8644,"independent"
46,8645,"independent"
46,8646,"independent"
48,8647,"independent"
46,8648,"independent"
48,8649,"independent"
48,8650,"independent"
46,8651,"independent"
48,8652,"independent"
48,8653,"independent"
48,8654,"independent"
44,8655,"independent"
48,8656,"independent"
50,8657,"independent"
44,8658,"independent"
44,8659,"independent"
46,8660,"independent"
50,8661,"independent"
48,8662,"independent"
50,8663,"independent"
46,8664,"independent"
48,8665,"independent"
46,8666,"independent"
50,8667,"independent"
46,8668,"independent"
46,8669,"independent"
48,8670,"independent"
46,8671,"independent"
48,8672,"independent"
46,8673,"independent"
48,8674,"independent"
48,8675,"independent"
46,8676,"independent"
46,8677,"independent"
46,8678,"independent"
48,8679,"independent"
48,8680,"independent"
48,8681,"independent"
46,8682,"independent"
48,8683,"independent"
46,8684,"independent"
48,8685,"independent"
44,8686,"independent"
46,8687,"independent"
48,8688,"independent"
48,8689,"independent"
46,8690,"independent"
46,8691,"independent"
48,8692,"independent"
46,8693,"independent"
46,8694,"independent"
50,8695,"independent"
48,8696,"independent"
48,8697,"independent"
50,8698,"independent"
46,8699,"independent"
48,8700,"independent"
44,8701,"independent"
44,8702,"independent"
46,8703,"independent"
48,8704,"independent"
46,8705,"independent"
46,8706,"independent"
44,8707,"independent"
50,8708,"independent"
50,8709,"independent"
48,8710,"independent"
46,8711,"independent"
44,8712,"independent"
46,8713,"independent"
44,8714,"independent"
46,8715,"independent"
46,8716,"independent"
46,8717,"independent"
46,8718,"independent"
46,8719,"independent"
46,8720,"independent"
50,8721,"independent"
48,8722,"independent"
50,8723,"independent"
48,8724,"independent"
46,8725,"independent"
46,8726,"independent"
44,8727,"independent"
46,8728,"independent"
48,8729,"independent"
46,8730,"independent"
46,8731,"independent"
46,8732,"independent"
48,8733,"independent"
50,8734,"independent"
48,8735,"independent"
44,8736,"independent"
46,8737,"independent"
48,8738,"independent"
50,8739,"independent"
46,8740,"independent"
46,8741,"independent"
46,8742,"independent"
46,8743,"independent"
46,8744,"independent"
46,8745,"independent"
46,8746,"independent"
46,8747,"independent"
48,8748,"independent"
46,8749,"independent"
46,8750,"independent"
44,8751,"independent"
46,8752,"independent"
46,8753,"independent"
48,8754,"independent"
46,8755,"independent"
48,8756,"independent"
46,8757,"independent"
46,8758,"independent"
46,8759,"independent"
46,8760,"independent"
48,8761,"independent"
46,8762,"independent"
46,8763,"independent"
48,8764,"independent"
46,8765,"independent"
48,8766,"independent"
50,8767,"independent"
46,8768,"independent"
44,8769,"independent"
48,8770,"independent"
48,8771,"independent"
48,8772,"independent"
50,8773,"independent"
50,8774,"independent"
46,8775,"independent"
46,8776,"independent"
48,8777,"independent"
46,8778,"independent"
44,8779,"independent"
46,8780,"independent"
46,8781,"independent"
46,8782,"independent"
46,8783,"independent"
44,8784,"independent"
48,8785,"independent"
46,8786,"independent"
48,8787,"independent"
48,8788,"independent"
46,8789,"independent"
46,8790,"independent"
46,8791,"independent"
48,8792,"independent"
48,8793,"independent"
50,8794,"independent"
48,8795,"independent"
48,8796,"independent"
50,8797,"independent"
48,8798,"independent"
46,8799,"independent"
50,8800,"independent"
46,8801,"independent"
46,8802,"independent"
48,8803,"independent"
46,8804,"independent"
46,8805,"independent"
46,8806,"independent"
46,8807,"independent"
48,8808,"independent"
44,8809,"independent"
46,8810,"independent"
48,8811,"independent"
48,8812,"independent"
50,8813,"independent"
50,8814,"independent"
48,8815,"independent"
46,8816,"independent"
44,8817,"independent"
46,8818,"independent"
48,8819,"independent"
50,8820,"independent"
48,8821,"independent"
46,8822,"independent"
46,8823,"independent"
46,8824,"independent"
46,8825,"independent"
48,8826,"independent"
48,8827,"independent"
50,8828,"independent"
48,8829,"independent"
48,8830,"independent"
48,8831,"independent"
46,8832,"independent"
46,8833,"independent"
48,8834,"independent"
48,8835,"independent"
46,8836,"independent"
46,8837,"independent"
46,8838,"independent"
48,8839,"independent"
48,8840,"independent"
50,8841,"independent"
48,8842,"independent"
48,8843,"independent"
46,8844,"independent"
46,8845,"independent"
46,8846,"independent"
46,8847,"independent"
46,8848,"independent"
46,8849,"independent"
46,8850,"independent"
46,8851,"independent"
44,8852,"independent"
46,8853,"independent"
46,8854,"independent"
48,8855,"independent"
46,8856,"independent"
48,8857,"independent"
50,8858,"independent"
46,8859,"independent"
48,8860,"independent"
46,8861,"independent"
50,8862,"independent"
44,8863,"independent"
46,8864,"independent"
50,8865,"independent"
44,8866,"independent"
48,8867,"independent"
44,8868,"independent"
48,8869,"independent"
48,8870,"independent"
50,8871,"independent"
50,8872,"independent"
48,8873,"independent"
50,8874,"independent"
48,8875,"independent"
50,8876,"independent"
48,8877,"independent"
48,8878,"independent"
46,8879,"independent"
44,8880,"independent"
46,8881,"independent"
46,8882,"independent"
44,8883,"independent"
44,8884,"independent"
48,8885,"independent"
48,8886,"independent"
48,8887,"independent"
46,8888,"independent"
44,8889,"independent"
48,8890,"independent"
48,8891,"independent"
46,8892,"independent"
48,8893,"independent"
46,8894,"independent"
48,8895,"independent"
46,8896,"independent"
46,8897,"independent"
46,8898,"independent"
48,8899,"independent"
46,8900,"independent"
48,8901,"independent"
46,8902,"independent"
46,8903,"independent"
44,8904,"independent"
52,8905,"independent"
48,8906,"independent"
48,8907,"independent"
46,8908,"independent"
46,8909,"independent"
46,8910,"independent"
48,8911,"independent"
46,8912,"independent"
46,8913,"independent"
46,8914,"independent"
46,8915,"independent"
46,8916,"independent"
52,8917,"independent"
46,8918,"independent"
48,8919,"independent"
48,8920,"independent"
46,8921,"independent"
46,8922,"independent"
48,8923,"independent"
46,8924,"independent"
46,8925,"independent"
46,8926,"independent"
44,8927,"independent"
46,8928,"independent"
44,8929,"independent"
50,8930,"independent"
46,8931,"independent"
48,8932,"independent"
48,8933,"independent"
48,8934,"independent"
46,8935,"independent"
48,8936,"independent"
48,8937,"independent"
46,8938,"independent"
50,8939,"independent"
48,8940,"independent"
48,8941,"independent"
48,8942,"independent"
50,8943,"independent"
48,8944,"independent"
44,8945,"independent"
44,8946,"independent"
46,8947,"independent"
46,8948,"independent"
46,8949,"independent"
48,8950,"independent"
46,8951,"independent"
46,8952,"independent"
48,8953,"independent"
48,8954,"independent"
44,8955,"independent"
48,8956,"independent"
44,8957,"independent"
46,8958,"independent"
46,8959,"independent"
44,8960,"independent"
44,8961,"independent"
46,8962,"independent"
44,8963,"independent"
48,8964,"independent"
44,8965,"independent"
48,8966,"independent"
48,8967,"independent"
48,8968,"independent"
48,8969,"independent"
46,8970,"independent"
44,8971,"independent"
44,8972,"independent"
48,8973,"independent"
44,8974,"independent"
44,8975,"independent"
48,8976,"independent"
48,8977,"independent"
46,8978,"independent"
48,8979,"independent"
46,8980,"independent"
46,8981,"independent"
46,8982,"independent"
48,8983,"independent"
48,8984,"independent"
44,8985,"independent"
48,8986,"independent"
46,8987,"independent"
46,8988,"independent"
46,8989,"independent"
46,8990,"independent"
50,8991,"independent"
48,8992,"independent"
44,8993,"independent"
44,8994,"independent"
44,8995,"independent"
44,8996,"independent"
48,8997,"independent"
48,8998,"independent"
48,8999,"independent"
46,9000,"independent"
46,9001,"independent"
