"RF","tree_id","dataset"
52,1,"independent"
52,2,"independent"
50,3,"independent"
50,4,"independent"
50,5,"independent"
48,6,"independent"
50,7,"independent"
48,8,"independent"
50,9,"independent"
50,10,"independent"
48,11,"independent"
48,12,"independent"
50,13,"independent"
48,14,"independent"
46,15,"independent"
48,16,"independent"
52,17,"independent"
48,18,"independent"
50,19,"independent"
46,20,"independent"
48,21,"independent"
50,22,"independent"
48,23,"independent"
50,24,"independent"
50,25,"independent"
48,26,"independent"
50,27,"independent"
52,28,"independent"
50,29,"independent"
50,30,"independent"
50,31,"independent"
50,32,"independent"
50,33,"independent"
50,34,"independent"
48,35,"independent"
48,36,"independent"
50,37,"independent"
48,38,"independent"
50,39,"independent"
48,40,"independent"
50,41,"independent"
46,42,"independent"
50,43,"independent"
50,44,"independent"
50,45,"independent"
46,46,"independent"
48,47,"independent"
46,48,"independent"
48,49,"independent"
54,50,"independent"
50,51,"independent"
48,52,"independent"
48,53,"independent"
50,54,"independent"
48,55,"independent"
48,56,"independent"
50,57,"independent"
50,58,"independent"
48,59,"independent"
52,60,"independent"
48,61,"independent"
48,62,"independent"
48,63,"independent"
50,64,"independent"
46,65,"independent"
50,66,"independent"
52,67,"independent"
50,68,"independent"
48,69,"independent"
50,70,"independent"
52,71,"independent"
48,72,"independent"
50,73,"independent"
50,74,"independent"
50,75,"independent"
44,76,"independent"
48,77,"independent"
48,78,"independent"
50,79,"independent"
52,80,"independent"
48,81,"independent"
48,82,"independent"
48,83,"independent"
50,84,"independent"
50,85,"independent"
50,86,"independent"
52,87,"independent"
50,88,"independent"
48,89,"independent"
50,90,"independent"
50,91,"independent"
50,92,"independent"
50,93,"independent"
52,94,"independent"
48,95,"independent"
50,96,"independent"
50,97,"independent"
50,98,"independent"
50,99,"independent"
48,100,"independent"
50,101,"independent"
50,102,"independent"
48,103,"independent"
50,104,"independent"
52,105,"independent"
50,106,"independent"
50,107,"independent"
48,108,"independent"
48,109,"independent"
52,110,"independent"
46,111,"independent"
48,112,"independent"
50,113,"independent"
48,114,"independent"
50,115,"independent"
48,116,"independent"
46,117,"independent"
48,118,"independent"
48,119,"independent"
50,120,"independent"
48,121,"independent"
52,122,"independent"
48,123,"independent"
48,124,"independent"
48,125,"independent"
50,126,"independent"
50,127,"independent"
50,128,"independent"
48,129,"independent"
52,130,"independent"
50,131,"independent"
48,132,"independent"
50,133,"independent"
52,134,"independent"
46,135,"independent"
48,136,"independent"
52,137,"independent"
50,138,"independent"
52,139,"independent"
50,140,"independent"
50,141,"independent"
50,142,"independent"
50,143,"independent"
48,144,"independent"
50,145,"independent"
48,146,"independent"
48,147,"independent"
50,148,"independent"
50,149,"independent"
48,150,"independent"
50,151,"independent"
48,152,"independent"
52,153,"independent"
48,154,"independent"
48,155,"independent"
48,156,"independent"
48,157,"independent"
48,158,"independent"
48,159,"independent"
50,160,"independent"
48,161,"independent"
46,162,"independent"
48,163,"independent"
52,164,"independent"
50,165,"independent"
46,166,"independent"
50,167,"independent"
46,168,"independent"
48,169,"independent"
52,170,"independent"
50,171,"independent"
48,172,"independent"
50,173,"independent"
52,174,"independent"
48,175,"independent"
50,176,"independent"
52,177,"independent"
50,178,"independent"
52,179,"independent"
50,180,"independent"
50,181,"independent"
50,182,"independent"
48,183,"independent"
46,184,"independent"
48,185,"independent"
46,186,"independent"
48,187,"independent"
50,188,"independent"
52,189,"independent"
48,190,"independent"
46,191,"independent"
52,192,"independent"
50,193,"independent"
48,194,"independent"
48,195,"independent"
48,196,"independent"
50,197,"independent"
52,198,"independent"
52,199,"independent"
50,200,"independent"
50,201,"independent"
50,202,"independent"
50,203,"independent"
48,204,"independent"
46,205,"independent"
48,206,"independent"
48,207,"independent"
48,208,"independent"
48,209,"independent"
46,210,"independent"
48,211,"independent"
46,212,"independent"
52,213,"independent"
50,214,"independent"
48,215,"independent"
48,216,"independent"
46,217,"independent"
46,218,"independent"
50,219,"independent"
52,220,"independent"
48,221,"independent"
48,222,"independent"
48,223,"independent"
48,224,"independent"
50,225,"independent"
52,226,"independent"
48,227,"independent"
50,228,"independent"
52,229,"independent"
52,230,"independent"
50,231,"independent"
48,232,"independent"
52,233,"independent"
46,234,"independent"
52,235,"independent"
52,236,"independent"
50,237,"independent"
52,238,"independent"
48,239,"independent"
50,240,"independent"
50,241,"independent"
50,242,"independent"
52,243,"independent"
48,244,"independent"
48,245,"independent"
50,246,"independent"
48,247,"independent"
48,248,"independent"
50,249,"independent"
48,250,"independent"
50,251,"independent"
50,252,"independent"
48,253,"independent"
50,254,"independent"
50,255,"independent"
48,256,"independent"
48,257,"independent"
48,258,"independent"
52,259,"independent"
48,260,"independent"
52,261,"independent"
48,262,"independent"
48,263,"independent"
50,264,"independent"
52,265,"independent"
48,266,"independent"
52,267,"independent"
52,268,"independent"
48,269,"independent"
50,270,"independent"
50,271,"independent"
48,272,"independent"
50,273,"independent"
50,274,"independent"
46,275,"independent"
50,276,"independent"
48,277,"independent"
48,278,"independent"
52,279,"independent"
50,280,"independent"
50,281,"independent"
48,282,"independent"
50,283,"independent"
48,284,"independent"
50,285,"independent"
50,286,"independent"
50,287,"independent"
50,288,"independent"
50,289,"independent"
50,290,"independent"
48,291,"independent"
52,292,"independent"
46,293,"independent"
48,294,"independent"
48,295,"independent"
48,296,"independent"
48,297,"independent"
50,298,"independent"
50,299,"independent"
50,300,"independent"
48,301,"independent"
48,302,"independent"
46,303,"independent"
50,304,"independent"
48,305,"independent"
48,306,"independent"
50,307,"independent"
50,308,"independent"
50,309,"independent"
48,310,"independent"
48,311,"independent"
48,312,"independent"
48,313,"independent"
50,314,"independent"
50,315,"independent"
50,316,"independent"
48,317,"independent"
50,318,"independent"
50,319,"independent"
50,320,"independent"
52,321,"independent"
50,322,"independent"
50,323,"independent"
48,324,"independent"
48,325,"independent"
46,326,"independent"
48,327,"independent"
50,328,"independent"
50,329,"independent"
50,330,"independent"
48,331,"independent"
48,332,"independent"
48,333,"independent"
48,334,"independent"
50,335,"independent"
50,336,"independent"
48,337,"independent"
50,338,"independent"
46,339,"independent"
50,340,"independent"
46,341,"independent"
48,342,"independent"
50,343,"independent"
50,344,"independent"
48,345,"independent"
46,346,"independent"
52,347,"independent"
50,348,"independent"
50,349,"independent"
50,350,"independent"
50,351,"independent"
50,352,"independent"
52,353,"independent"
52,354,"independent"
50,355,"independent"
50,356,"independent"
48,357,"independent"
48,358,"independent"
50,359,"independent"
48,360,"independent"
48,361,"independent"
46,362,"independent"
50,363,"independent"
48,364,"independent"
50,365,"independent"
50,366,"independent"
48,367,"independent"
50,368,"independent"
50,369,"independent"
50,370,"independent"
48,371,"independent"
46,372,"independent"
48,373,"independent"
52,374,"independent"
52,375,"independent"
48,376,"independent"
48,377,"independent"
52,378,"independent"
48,379,"independent"
48,380,"independent"
50,381,"independent"
52,382,"independent"
50,383,"independent"
50,384,"independent"
48,385,"independent"
50,386,"independent"
48,387,"independent"
48,388,"independent"
48,389,"independent"
50,390,"independent"
46,391,"independent"
50,392,"independent"
52,393,"independent"
50,394,"independent"
52,395,"independent"
50,396,"independent"
50,397,"independent"
48,398,"independent"
48,399,"independent"
48,400,"independent"
46,401,"independent"
48,402,"independent"
50,403,"independent"
48,404,"independent"
50,405,"independent"
50,406,"independent"
52,407,"independent"
48,408,"independent"
50,409,"independent"
46,410,"independent"
50,411,"independent"
50,412,"independent"
48,413,"independent"
48,414,"independent"
50,415,"independent"
50,416,"independent"
46,417,"independent"
50,418,"independent"
52,419,"independent"
48,420,"independent"
48,421,"independent"
48,422,"independent"
50,423,"independent"
52,424,"independent"
48,425,"independent"
50,426,"independent"
50,427,"independent"
50,428,"independent"
50,429,"independent"
50,430,"independent"
50,431,"independent"
50,432,"independent"
52,433,"independent"
50,434,"independent"
50,435,"independent"
52,436,"independent"
50,437,"independent"
52,438,"independent"
50,439,"independent"
52,440,"independent"
50,441,"independent"
46,442,"independent"
50,443,"independent"
52,444,"independent"
52,445,"independent"
50,446,"independent"
50,447,"independent"
50,448,"independent"
50,449,"independent"
48,450,"independent"
48,451,"independent"
48,452,"independent"
52,453,"independent"
48,454,"independent"
48,455,"independent"
48,456,"independent"
50,457,"independent"
48,458,"independent"
50,459,"independent"
48,460,"independent"
46,461,"independent"
48,462,"independent"
48,463,"independent"
46,464,"independent"
52,465,"independent"
48,466,"independent"
48,467,"independent"
50,468,"independent"
50,469,"independent"
48,470,"independent"
50,471,"independent"
46,472,"independent"
48,473,"independent"
50,474,"independent"
48,475,"independent"
50,476,"independent"
48,477,"independent"
48,478,"independent"
50,479,"independent"
48,480,"independent"
48,481,"independent"
46,482,"independent"
50,483,"independent"
48,484,"independent"
52,485,"independent"
48,486,"independent"
48,487,"independent"
52,488,"independent"
48,489,"independent"
50,490,"independent"
50,491,"independent"
50,492,"independent"
48,493,"independent"
50,494,"independent"
48,495,"independent"
50,496,"independent"
48,497,"independent"
48,498,"independent"
48,499,"independent"
48,500,"independent"
48,501,"independent"
48,502,"independent"
46,503,"independent"
48,504,"independent"
50,505,"independent"
46,506,"independent"
50,507,"independent"
48,508,"independent"
46,509,"independent"
46,510,"independent"
46,511,"independent"
48,512,"independent"
48,513,"independent"
48,514,"independent"
52,515,"independent"
50,516,"independent"
52,517,"independent"
48,518,"independent"
48,519,"independent"
52,520,"independent"
50,521,"independent"
46,522,"independent"
50,523,"independent"
48,524,"independent"
48,525,"independent"
46,526,"independent"
50,527,"independent"
50,528,"independent"
50,529,"independent"
48,530,"independent"
50,531,"independent"
48,532,"independent"
50,533,"independent"
48,534,"independent"
48,535,"independent"
50,536,"independent"
48,537,"independent"
50,538,"independent"
52,539,"independent"
48,540,"independent"
46,541,"independent"
48,542,"independent"
46,543,"independent"
48,544,"independent"
50,545,"independent"
48,546,"independent"
50,547,"independent"
50,548,"independent"
48,549,"independent"
50,550,"independent"
50,551,"independent"
48,552,"independent"
52,553,"independent"
48,554,"independent"
50,555,"independent"
48,556,"independent"
48,557,"independent"
48,558,"independent"
50,559,"independent"
48,560,"independent"
50,561,"independent"
48,562,"independent"
50,563,"independent"
50,564,"independent"
48,565,"independent"
50,566,"independent"
52,567,"independent"
50,568,"independent"
50,569,"independent"
52,570,"independent"
46,571,"independent"
48,572,"independent"
50,573,"independent"
48,574,"independent"
52,575,"independent"
52,576,"independent"
48,577,"independent"
48,578,"independent"
46,579,"independent"
50,580,"independent"
48,581,"independent"
46,582,"independent"
46,583,"independent"
50,584,"independent"
46,585,"independent"
48,586,"independent"
48,587,"independent"
50,588,"independent"
48,589,"independent"
50,590,"independent"
52,591,"independent"
50,592,"independent"
50,593,"independent"
48,594,"independent"
50,595,"independent"
48,596,"independent"
48,597,"independent"
50,598,"independent"
50,599,"independent"
50,600,"independent"
50,601,"independent"
48,602,"independent"
50,603,"independent"
50,604,"independent"
48,605,"independent"
48,606,"independent"
50,607,"independent"
48,608,"independent"
48,609,"independent"
48,610,"independent"
48,611,"independent"
50,612,"independent"
50,613,"independent"
50,614,"independent"
50,615,"independent"
50,616,"independent"
50,617,"independent"
50,618,"independent"
48,619,"independent"
48,620,"independent"
50,621,"independent"
48,622,"independent"
46,623,"independent"
48,624,"independent"
52,625,"independent"
48,626,"independent"
48,627,"independent"
50,628,"independent"
52,629,"independent"
50,630,"independent"
48,631,"independent"
48,632,"independent"
50,633,"independent"
50,634,"independent"
50,635,"independent"
48,636,"independent"
48,637,"independent"
50,638,"independent"
48,639,"independent"
48,640,"independent"
48,641,"independent"
52,642,"independent"
52,643,"independent"
48,644,"independent"
50,645,"independent"
52,646,"independent"
46,647,"independent"
48,648,"independent"
48,649,"independent"
50,650,"independent"
50,651,"independent"
48,652,"independent"
50,653,"independent"
52,654,"independent"
46,655,"independent"
50,656,"independent"
48,657,"independent"
50,658,"independent"
46,659,"independent"
52,660,"independent"
48,661,"independent"
48,662,"independent"
50,663,"independent"
50,664,"independent"
50,665,"independent"
50,666,"independent"
48,667,"independent"
50,668,"independent"
52,669,"independent"
48,670,"independent"
46,671,"independent"
46,672,"independent"
46,673,"independent"
50,674,"independent"
50,675,"independent"
50,676,"independent"
48,677,"independent"
46,678,"independent"
50,679,"independent"
48,680,"independent"
48,681,"independent"
52,682,"independent"
48,683,"independent"
48,684,"independent"
50,685,"independent"
50,686,"independent"
50,687,"independent"
46,688,"independent"
50,689,"independent"
52,690,"independent"
54,691,"independent"
50,692,"independent"
46,693,"independent"
52,694,"independent"
52,695,"independent"
52,696,"independent"
52,697,"independent"
50,698,"independent"
46,699,"independent"
46,700,"independent"
48,701,"independent"
48,702,"independent"
50,703,"independent"
48,704,"independent"
48,705,"independent"
50,706,"independent"
48,707,"independent"
48,708,"independent"
50,709,"independent"
48,710,"independent"
48,711,"independent"
50,712,"independent"
50,713,"independent"
50,714,"independent"
50,715,"independent"
46,716,"independent"
48,717,"independent"
52,718,"independent"
46,719,"independent"
52,720,"independent"
48,721,"independent"
48,722,"independent"
46,723,"independent"
48,724,"independent"
50,725,"independent"
50,726,"independent"
48,727,"independent"
50,728,"independent"
52,729,"independent"
52,730,"independent"
50,731,"independent"
48,732,"independent"
50,733,"independent"
50,734,"independent"
48,735,"independent"
52,736,"independent"
50,737,"independent"
48,738,"independent"
48,739,"independent"
48,740,"independent"
48,741,"independent"
48,742,"independent"
48,743,"independent"
48,744,"independent"
48,745,"independent"
46,746,"independent"
50,747,"independent"
50,748,"independent"
48,749,"independent"
50,750,"independent"
48,751,"independent"
48,752,"independent"
52,753,"independent"
50,754,"independent"
52,755,"independent"
48,756,"independent"
50,757,"independent"
50,758,"independent"
50,759,"independent"
46,760,"independent"
52,761,"independent"
48,762,"independent"
52,763,"independent"
52,764,"independent"
50,765,"independent"
46,766,"independent"
52,767,"independent"
52,768,"independent"
52,769,"independent"
48,770,"independent"
48,771,"independent"
48,772,"independent"
48,773,"independent"
50,774,"independent"
50,775,"independent"
52,776,"independent"
48,777,"independent"
50,778,"independent"
48,779,"independent"
50,780,"independent"
48,781,"independent"
50,782,"independent"
50,783,"independent"
48,784,"independent"
48,785,"independent"
48,786,"independent"
48,787,"independent"
46,788,"independent"
52,789,"independent"
52,790,"independent"
50,791,"independent"
48,792,"independent"
48,793,"independent"
50,794,"independent"
48,795,"independent"
52,796,"independent"
46,797,"independent"
52,798,"independent"
48,799,"independent"
50,800,"independent"
48,801,"independent"
52,802,"independent"
48,803,"independent"
48,804,"independent"
50,805,"independent"
48,806,"independent"
48,807,"independent"
48,808,"independent"
50,809,"independent"
46,810,"independent"
52,811,"independent"
50,812,"independent"
48,813,"independent"
50,814,"independent"
50,815,"independent"
50,816,"independent"
48,817,"independent"
48,818,"independent"
52,819,"independent"
48,820,"independent"
46,821,"independent"
48,822,"independent"
50,823,"independent"
52,824,"independent"
48,825,"independent"
52,826,"independent"
48,827,"independent"
48,828,"independent"
48,829,"independent"
50,830,"independent"
50,831,"independent"
50,832,"independent"
52,833,"independent"
52,834,"independent"
52,835,"independent"
48,836,"independent"
50,837,"independent"
46,838,"independent"
46,839,"independent"
48,840,"independent"
48,841,"independent"
52,842,"independent"
50,843,"independent"
50,844,"independent"
46,845,"independent"
48,846,"independent"
48,847,"independent"
50,848,"independent"
48,849,"independent"
52,850,"independent"
50,851,"independent"
52,852,"independent"
50,853,"independent"
50,854,"independent"
48,855,"independent"
48,856,"independent"
50,857,"independent"
50,858,"independent"
48,859,"independent"
48,860,"independent"
50,861,"independent"
46,862,"independent"
48,863,"independent"
50,864,"independent"
52,865,"independent"
50,866,"independent"
50,867,"independent"
48,868,"independent"
48,869,"independent"
50,870,"independent"
50,871,"independent"
50,872,"independent"
48,873,"independent"
46,874,"independent"
48,875,"independent"
48,876,"independent"
50,877,"independent"
50,878,"independent"
46,879,"independent"
50,880,"independent"
52,881,"independent"
48,882,"independent"
48,883,"independent"
50,884,"independent"
50,885,"independent"
48,886,"independent"
46,887,"independent"
50,888,"independent"
50,889,"independent"
50,890,"independent"
50,891,"independent"
54,892,"independent"
48,893,"independent"
50,894,"independent"
48,895,"independent"
52,896,"independent"
46,897,"independent"
48,898,"independent"
48,899,"independent"
50,900,"independent"
50,901,"independent"
50,902,"independent"
50,903,"independent"
48,904,"independent"
50,905,"independent"
50,906,"independent"
48,907,"independent"
50,908,"independent"
48,909,"independent"
50,910,"independent"
52,911,"independent"
50,912,"independent"
50,913,"independent"
50,914,"independent"
50,915,"independent"
50,916,"independent"
48,917,"independent"
50,918,"independent"
52,919,"independent"
50,920,"independent"
48,921,"independent"
50,922,"independent"
52,923,"independent"
50,924,"independent"
50,925,"independent"
48,926,"independent"
50,927,"independent"
48,928,"independent"
48,929,"independent"
48,930,"independent"
48,931,"independent"
46,932,"independent"
50,933,"independent"
50,934,"independent"
50,935,"independent"
48,936,"independent"
48,937,"independent"
50,938,"independent"
52,939,"independent"
48,940,"independent"
48,941,"independent"
48,942,"independent"
48,943,"independent"
50,944,"independent"
50,945,"independent"
50,946,"independent"
52,947,"independent"
50,948,"independent"
50,949,"independent"
50,950,"independent"
52,951,"independent"
48,952,"independent"
48,953,"independent"
50,954,"independent"
50,955,"independent"
48,956,"independent"
50,957,"independent"
50,958,"independent"
52,959,"independent"
52,960,"independent"
50,961,"independent"
46,962,"independent"
46,963,"independent"
48,964,"independent"
48,965,"independent"
46,966,"independent"
50,967,"independent"
48,968,"independent"
48,969,"independent"
52,970,"independent"
52,971,"independent"
50,972,"independent"
48,973,"independent"
50,974,"independent"
48,975,"independent"
46,976,"independent"
50,977,"independent"
50,978,"independent"
46,979,"independent"
48,980,"independent"
50,981,"independent"
50,982,"independent"
50,983,"independent"
46,984,"independent"
50,985,"independent"
46,986,"independent"
48,987,"independent"
46,988,"independent"
50,989,"independent"
46,990,"independent"
48,991,"independent"
50,992,"independent"
50,993,"independent"
48,994,"independent"
48,995,"independent"
52,996,"independent"
50,997,"independent"
50,998,"independent"
46,999,"independent"
46,1000,"independent"
50,1001,"independent"
48,1002,"independent"
48,1003,"independent"
50,1004,"independent"
48,1005,"independent"
52,1006,"independent"
50,1007,"independent"
50,1008,"independent"
50,1009,"independent"
50,1010,"independent"
50,1011,"independent"
50,1012,"independent"
50,1013,"independent"
50,1014,"independent"
52,1015,"independent"
50,1016,"independent"
50,1017,"independent"
52,1018,"independent"
50,1019,"independent"
50,1020,"independent"
50,1021,"independent"
50,1022,"independent"
48,1023,"independent"
48,1024,"independent"
48,1025,"independent"
52,1026,"independent"
50,1027,"independent"
48,1028,"independent"
46,1029,"independent"
48,1030,"independent"
48,1031,"independent"
48,1032,"independent"
48,1033,"independent"
48,1034,"independent"
48,1035,"independent"
46,1036,"independent"
52,1037,"independent"
50,1038,"independent"
48,1039,"independent"
48,1040,"independent"
50,1041,"independent"
48,1042,"independent"
46,1043,"independent"
46,1044,"independent"
52,1045,"independent"
48,1046,"independent"
48,1047,"independent"
50,1048,"independent"
46,1049,"independent"
50,1050,"independent"
48,1051,"independent"
48,1052,"independent"
48,1053,"independent"
46,1054,"independent"
48,1055,"independent"
46,1056,"independent"
48,1057,"independent"
46,1058,"independent"
50,1059,"independent"
52,1060,"independent"
46,1061,"independent"
50,1062,"independent"
52,1063,"independent"
50,1064,"independent"
46,1065,"independent"
50,1066,"independent"
48,1067,"independent"
48,1068,"independent"
48,1069,"independent"
50,1070,"independent"
50,1071,"independent"
46,1072,"independent"
50,1073,"independent"
48,1074,"independent"
50,1075,"independent"
52,1076,"independent"
50,1077,"independent"
50,1078,"independent"
50,1079,"independent"
50,1080,"independent"
48,1081,"independent"
48,1082,"independent"
48,1083,"independent"
48,1084,"independent"
46,1085,"independent"
52,1086,"independent"
50,1087,"independent"
52,1088,"independent"
48,1089,"independent"
46,1090,"independent"
48,1091,"independent"
46,1092,"independent"
48,1093,"independent"
50,1094,"independent"
52,1095,"independent"
48,1096,"independent"
48,1097,"independent"
46,1098,"independent"
48,1099,"independent"
50,1100,"independent"
50,1101,"independent"
52,1102,"independent"
50,1103,"independent"
54,1104,"independent"
52,1105,"independent"
48,1106,"independent"
50,1107,"independent"
50,1108,"independent"
52,1109,"independent"
52,1110,"independent"
52,1111,"independent"
48,1112,"independent"
46,1113,"independent"
52,1114,"independent"
52,1115,"independent"
50,1116,"independent"
50,1117,"independent"
48,1118,"independent"
48,1119,"independent"
50,1120,"independent"
52,1121,"independent"
46,1122,"independent"
50,1123,"independent"
48,1124,"independent"
48,1125,"independent"
48,1126,"independent"
48,1127,"independent"
50,1128,"independent"
46,1129,"independent"
46,1130,"independent"
46,1131,"independent"
50,1132,"independent"
48,1133,"independent"
50,1134,"independent"
48,1135,"independent"
50,1136,"independent"
48,1137,"independent"
50,1138,"independent"
48,1139,"independent"
48,1140,"independent"
48,1141,"independent"
48,1142,"independent"
46,1143,"independent"
46,1144,"independent"
48,1145,"independent"
50,1146,"independent"
50,1147,"independent"
50,1148,"independent"
50,1149,"independent"
50,1150,"independent"
48,1151,"independent"
52,1152,"independent"
50,1153,"independent"
50,1154,"independent"
50,1155,"independent"
46,1156,"independent"
50,1157,"independent"
48,1158,"independent"
46,1159,"independent"
48,1160,"independent"
50,1161,"independent"
48,1162,"independent"
50,1163,"independent"
48,1164,"independent"
48,1165,"independent"
50,1166,"independent"
48,1167,"independent"
50,1168,"independent"
50,1169,"independent"
50,1170,"independent"
50,1171,"independent"
48,1172,"independent"
48,1173,"independent"
46,1174,"independent"
50,1175,"independent"
48,1176,"independent"
48,1177,"independent"
50,1178,"independent"
48,1179,"independent"
48,1180,"independent"
48,1181,"independent"
48,1182,"independent"
48,1183,"independent"
50,1184,"independent"
48,1185,"independent"
48,1186,"independent"
52,1187,"independent"
50,1188,"independent"
52,1189,"independent"
50,1190,"independent"
50,1191,"independent"
50,1192,"independent"
50,1193,"independent"
48,1194,"independent"
52,1195,"independent"
50,1196,"independent"
52,1197,"independent"
52,1198,"independent"
52,1199,"independent"
48,1200,"independent"
52,1201,"independent"
46,1202,"independent"
52,1203,"independent"
52,1204,"independent"
50,1205,"independent"
46,1206,"independent"
50,1207,"independent"
48,1208,"independent"
52,1209,"independent"
48,1210,"independent"
48,1211,"independent"
50,1212,"independent"
48,1213,"independent"
48,1214,"independent"
50,1215,"independent"
52,1216,"independent"
50,1217,"independent"
48,1218,"independent"
52,1219,"independent"
50,1220,"independent"
48,1221,"independent"
50,1222,"independent"
46,1223,"independent"
50,1224,"independent"
48,1225,"independent"
52,1226,"independent"
48,1227,"independent"
48,1228,"independent"
50,1229,"independent"
46,1230,"independent"
50,1231,"independent"
48,1232,"independent"
52,1233,"independent"
50,1234,"independent"
50,1235,"independent"
52,1236,"independent"
48,1237,"independent"
52,1238,"independent"
50,1239,"independent"
52,1240,"independent"
50,1241,"independent"
48,1242,"independent"
46,1243,"independent"
50,1244,"independent"
50,1245,"independent"
48,1246,"independent"
46,1247,"independent"
50,1248,"independent"
50,1249,"independent"
48,1250,"independent"
48,1251,"independent"
50,1252,"independent"
50,1253,"independent"
52,1254,"independent"
48,1255,"independent"
52,1256,"independent"
50,1257,"independent"
50,1258,"independent"
50,1259,"independent"
46,1260,"independent"
50,1261,"independent"
50,1262,"independent"
48,1263,"independent"
50,1264,"independent"
50,1265,"independent"
52,1266,"independent"
48,1267,"independent"
48,1268,"independent"
50,1269,"independent"
50,1270,"independent"
50,1271,"independent"
50,1272,"independent"
50,1273,"independent"
50,1274,"independent"
50,1275,"independent"
48,1276,"independent"
48,1277,"independent"
50,1278,"independent"
50,1279,"independent"
48,1280,"independent"
48,1281,"independent"
50,1282,"independent"
48,1283,"independent"
48,1284,"independent"
48,1285,"independent"
50,1286,"independent"
48,1287,"independent"
48,1288,"independent"
46,1289,"independent"
52,1290,"independent"
50,1291,"independent"
48,1292,"independent"
48,1293,"independent"
48,1294,"independent"
52,1295,"independent"
50,1296,"independent"
48,1297,"independent"
50,1298,"independent"
50,1299,"independent"
48,1300,"independent"
48,1301,"independent"
48,1302,"independent"
50,1303,"independent"
50,1304,"independent"
50,1305,"independent"
48,1306,"independent"
46,1307,"independent"
48,1308,"independent"
48,1309,"independent"
48,1310,"independent"
52,1311,"independent"
52,1312,"independent"
46,1313,"independent"
50,1314,"independent"
48,1315,"independent"
50,1316,"independent"
48,1317,"independent"
50,1318,"independent"
50,1319,"independent"
46,1320,"independent"
48,1321,"independent"
50,1322,"independent"
50,1323,"independent"
52,1324,"independent"
52,1325,"independent"
52,1326,"independent"
48,1327,"independent"
50,1328,"independent"
48,1329,"independent"
46,1330,"independent"
50,1331,"independent"
46,1332,"independent"
46,1333,"independent"
46,1334,"independent"
52,1335,"independent"
50,1336,"independent"
52,1337,"independent"
46,1338,"independent"
48,1339,"independent"
48,1340,"independent"
50,1341,"independent"
48,1342,"independent"
48,1343,"independent"
48,1344,"independent"
50,1345,"independent"
48,1346,"independent"
50,1347,"independent"
48,1348,"independent"
50,1349,"independent"
50,1350,"independent"
50,1351,"independent"
50,1352,"independent"
48,1353,"independent"
50,1354,"independent"
50,1355,"independent"
48,1356,"independent"
48,1357,"independent"
50,1358,"independent"
46,1359,"independent"
48,1360,"independent"
48,1361,"independent"
48,1362,"independent"
50,1363,"independent"
46,1364,"independent"
50,1365,"independent"
48,1366,"independent"
50,1367,"independent"
50,1368,"independent"
50,1369,"independent"
48,1370,"independent"
50,1371,"independent"
48,1372,"independent"
48,1373,"independent"
50,1374,"independent"
48,1375,"independent"
48,1376,"independent"
50,1377,"independent"
50,1378,"independent"
48,1379,"independent"
52,1380,"independent"
48,1381,"independent"
50,1382,"independent"
50,1383,"independent"
50,1384,"independent"
50,1385,"independent"
46,1386,"independent"
48,1387,"independent"
48,1388,"independent"
48,1389,"independent"
46,1390,"independent"
48,1391,"independent"
48,1392,"independent"
50,1393,"independent"
48,1394,"independent"
46,1395,"independent"
50,1396,"independent"
50,1397,"independent"
48,1398,"independent"
48,1399,"independent"
50,1400,"independent"
48,1401,"independent"
50,1402,"independent"
50,1403,"independent"
46,1404,"independent"
50,1405,"independent"
50,1406,"independent"
48,1407,"independent"
50,1408,"independent"
50,1409,"independent"
50,1410,"independent"
50,1411,"independent"
50,1412,"independent"
48,1413,"independent"
48,1414,"independent"
50,1415,"independent"
48,1416,"independent"
50,1417,"independent"
52,1418,"independent"
46,1419,"independent"
50,1420,"independent"
50,1421,"independent"
50,1422,"independent"
48,1423,"independent"
48,1424,"independent"
52,1425,"independent"
48,1426,"independent"
50,1427,"independent"
48,1428,"independent"
46,1429,"independent"
52,1430,"independent"
50,1431,"independent"
50,1432,"independent"
52,1433,"independent"
48,1434,"independent"
50,1435,"independent"
48,1436,"independent"
48,1437,"independent"
48,1438,"independent"
46,1439,"independent"
48,1440,"independent"
50,1441,"independent"
46,1442,"independent"
50,1443,"independent"
50,1444,"independent"
48,1445,"independent"
48,1446,"independent"
50,1447,"independent"
48,1448,"independent"
46,1449,"independent"
50,1450,"independent"
48,1451,"independent"
48,1452,"independent"
48,1453,"independent"
52,1454,"independent"
52,1455,"independent"
48,1456,"independent"
48,1457,"independent"
52,1458,"independent"
48,1459,"independent"
50,1460,"independent"
50,1461,"independent"
48,1462,"independent"
52,1463,"independent"
48,1464,"independent"
52,1465,"independent"
50,1466,"independent"
50,1467,"independent"
46,1468,"independent"
50,1469,"independent"
50,1470,"independent"
50,1471,"independent"
48,1472,"independent"
50,1473,"independent"
46,1474,"independent"
50,1475,"independent"
52,1476,"independent"
50,1477,"independent"
48,1478,"independent"
48,1479,"independent"
52,1480,"independent"
50,1481,"independent"
50,1482,"independent"
50,1483,"independent"
50,1484,"independent"
48,1485,"independent"
52,1486,"independent"
48,1487,"independent"
48,1488,"independent"
50,1489,"independent"
50,1490,"independent"
50,1491,"independent"
48,1492,"independent"
50,1493,"independent"
52,1494,"independent"
48,1495,"independent"
48,1496,"independent"
52,1497,"independent"
50,1498,"independent"
48,1499,"independent"
48,1500,"independent"
50,1501,"independent"
46,1502,"independent"
46,1503,"independent"
50,1504,"independent"
48,1505,"independent"
50,1506,"independent"
48,1507,"independent"
48,1508,"independent"
50,1509,"independent"
48,1510,"independent"
48,1511,"independent"
48,1512,"independent"
48,1513,"independent"
48,1514,"independent"
52,1515,"independent"
46,1516,"independent"
50,1517,"independent"
48,1518,"independent"
50,1519,"independent"
48,1520,"independent"
46,1521,"independent"
48,1522,"independent"
52,1523,"independent"
48,1524,"independent"
50,1525,"independent"
50,1526,"independent"
50,1527,"independent"
48,1528,"independent"
46,1529,"independent"
48,1530,"independent"
50,1531,"independent"
50,1532,"independent"
50,1533,"independent"
48,1534,"independent"
46,1535,"independent"
50,1536,"independent"
48,1537,"independent"
50,1538,"independent"
48,1539,"independent"
50,1540,"independent"
48,1541,"independent"
50,1542,"independent"
48,1543,"independent"
46,1544,"independent"
52,1545,"independent"
48,1546,"independent"
48,1547,"independent"
50,1548,"independent"
50,1549,"independent"
48,1550,"independent"
50,1551,"independent"
48,1552,"independent"
50,1553,"independent"
50,1554,"independent"
48,1555,"independent"
48,1556,"independent"
48,1557,"independent"
50,1558,"independent"
50,1559,"independent"
48,1560,"independent"
48,1561,"independent"
50,1562,"independent"
48,1563,"independent"
50,1564,"independent"
50,1565,"independent"
50,1566,"independent"
52,1567,"independent"
52,1568,"independent"
48,1569,"independent"
50,1570,"independent"
50,1571,"independent"
48,1572,"independent"
46,1573,"independent"
46,1574,"independent"
50,1575,"independent"
50,1576,"independent"
48,1577,"independent"
48,1578,"independent"
50,1579,"independent"
48,1580,"independent"
50,1581,"independent"
50,1582,"independent"
50,1583,"independent"
50,1584,"independent"
50,1585,"independent"
50,1586,"independent"
52,1587,"independent"
46,1588,"independent"
50,1589,"independent"
48,1590,"independent"
48,1591,"independent"
48,1592,"independent"
48,1593,"independent"
50,1594,"independent"
52,1595,"independent"
52,1596,"independent"
48,1597,"independent"
48,1598,"independent"
50,1599,"independent"
48,1600,"independent"
48,1601,"independent"
48,1602,"independent"
48,1603,"independent"
50,1604,"independent"
48,1605,"independent"
52,1606,"independent"
46,1607,"independent"
48,1608,"independent"
46,1609,"independent"
50,1610,"independent"
48,1611,"independent"
50,1612,"independent"
50,1613,"independent"
48,1614,"independent"
48,1615,"independent"
48,1616,"independent"
52,1617,"independent"
48,1618,"independent"
52,1619,"independent"
48,1620,"independent"
50,1621,"independent"
48,1622,"independent"
52,1623,"independent"
48,1624,"independent"
46,1625,"independent"
52,1626,"independent"
50,1627,"independent"
48,1628,"independent"
50,1629,"independent"
46,1630,"independent"
50,1631,"independent"
52,1632,"independent"
52,1633,"independent"
48,1634,"independent"
50,1635,"independent"
46,1636,"independent"
50,1637,"independent"
50,1638,"independent"
50,1639,"independent"
48,1640,"independent"
48,1641,"independent"
48,1642,"independent"
46,1643,"independent"
48,1644,"independent"
46,1645,"independent"
48,1646,"independent"
48,1647,"independent"
50,1648,"independent"
50,1649,"independent"
48,1650,"independent"
48,1651,"independent"
52,1652,"independent"
50,1653,"independent"
52,1654,"independent"
48,1655,"independent"
52,1656,"independent"
50,1657,"independent"
46,1658,"independent"
48,1659,"independent"
48,1660,"independent"
52,1661,"independent"
48,1662,"independent"
46,1663,"independent"
48,1664,"independent"
48,1665,"independent"
50,1666,"independent"
50,1667,"independent"
48,1668,"independent"
50,1669,"independent"
50,1670,"independent"
50,1671,"independent"
48,1672,"independent"
48,1673,"independent"
50,1674,"independent"
48,1675,"independent"
50,1676,"independent"
50,1677,"independent"
50,1678,"independent"
50,1679,"independent"
50,1680,"independent"
50,1681,"independent"
50,1682,"independent"
48,1683,"independent"
52,1684,"independent"
50,1685,"independent"
52,1686,"independent"
48,1687,"independent"
48,1688,"independent"
48,1689,"independent"
48,1690,"independent"
48,1691,"independent"
48,1692,"independent"
48,1693,"independent"
46,1694,"independent"
48,1695,"independent"
48,1696,"independent"
48,1697,"independent"
52,1698,"independent"
46,1699,"independent"
48,1700,"independent"
50,1701,"independent"
50,1702,"independent"
48,1703,"independent"
50,1704,"independent"
46,1705,"independent"
50,1706,"independent"
48,1707,"independent"
50,1708,"independent"
50,1709,"independent"
50,1710,"independent"
52,1711,"independent"
52,1712,"independent"
50,1713,"independent"
50,1714,"independent"
50,1715,"independent"
46,1716,"independent"
50,1717,"independent"
50,1718,"independent"
48,1719,"independent"
52,1720,"independent"
50,1721,"independent"
48,1722,"independent"
50,1723,"independent"
50,1724,"independent"
48,1725,"independent"
48,1726,"independent"
50,1727,"independent"
48,1728,"independent"
48,1729,"independent"
50,1730,"independent"
52,1731,"independent"
48,1732,"independent"
48,1733,"independent"
48,1734,"independent"
48,1735,"independent"
48,1736,"independent"
52,1737,"independent"
52,1738,"independent"
48,1739,"independent"
46,1740,"independent"
50,1741,"independent"
50,1742,"independent"
50,1743,"independent"
52,1744,"independent"
52,1745,"independent"
48,1746,"independent"
50,1747,"independent"
48,1748,"independent"
46,1749,"independent"
52,1750,"independent"
48,1751,"independent"
48,1752,"independent"
50,1753,"independent"
50,1754,"independent"
46,1755,"independent"
46,1756,"independent"
46,1757,"independent"
48,1758,"independent"
48,1759,"independent"
48,1760,"independent"
48,1761,"independent"
52,1762,"independent"
48,1763,"independent"
46,1764,"independent"
50,1765,"independent"
50,1766,"independent"
50,1767,"independent"
54,1768,"independent"
48,1769,"independent"
52,1770,"independent"
52,1771,"independent"
48,1772,"independent"
50,1773,"independent"
48,1774,"independent"
52,1775,"independent"
50,1776,"independent"
48,1777,"independent"
50,1778,"independent"
50,1779,"independent"
50,1780,"independent"
46,1781,"independent"
48,1782,"independent"
48,1783,"independent"
50,1784,"independent"
52,1785,"independent"
48,1786,"independent"
48,1787,"independent"
50,1788,"independent"
50,1789,"independent"
48,1790,"independent"
50,1791,"independent"
52,1792,"independent"
50,1793,"independent"
50,1794,"independent"
52,1795,"independent"
52,1796,"independent"
48,1797,"independent"
48,1798,"independent"
48,1799,"independent"
48,1800,"independent"
52,1801,"independent"
48,1802,"independent"
50,1803,"independent"
48,1804,"independent"
48,1805,"independent"
46,1806,"independent"
48,1807,"independent"
48,1808,"independent"
50,1809,"independent"
50,1810,"independent"
48,1811,"independent"
48,1812,"independent"
50,1813,"independent"
50,1814,"independent"
50,1815,"independent"
50,1816,"independent"
52,1817,"independent"
50,1818,"independent"
50,1819,"independent"
48,1820,"independent"
52,1821,"independent"
50,1822,"independent"
52,1823,"independent"
48,1824,"independent"
48,1825,"independent"
48,1826,"independent"
50,1827,"independent"
50,1828,"independent"
50,1829,"independent"
50,1830,"independent"
48,1831,"independent"
46,1832,"independent"
50,1833,"independent"
48,1834,"independent"
48,1835,"independent"
48,1836,"independent"
48,1837,"independent"
50,1838,"independent"
48,1839,"independent"
48,1840,"independent"
50,1841,"independent"
48,1842,"independent"
48,1843,"independent"
46,1844,"independent"
48,1845,"independent"
50,1846,"independent"
52,1847,"independent"
50,1848,"independent"
48,1849,"independent"
52,1850,"independent"
52,1851,"independent"
48,1852,"independent"
50,1853,"independent"
50,1854,"independent"
50,1855,"independent"
52,1856,"independent"
48,1857,"independent"
50,1858,"independent"
46,1859,"independent"
50,1860,"independent"
50,1861,"independent"
52,1862,"independent"
52,1863,"independent"
52,1864,"independent"
46,1865,"independent"
50,1866,"independent"
50,1867,"independent"
48,1868,"independent"
50,1869,"independent"
50,1870,"independent"
48,1871,"independent"
50,1872,"independent"
46,1873,"independent"
50,1874,"independent"
48,1875,"independent"
50,1876,"independent"
48,1877,"independent"
50,1878,"independent"
46,1879,"independent"
50,1880,"independent"
50,1881,"independent"
48,1882,"independent"
50,1883,"independent"
50,1884,"independent"
52,1885,"independent"
48,1886,"independent"
48,1887,"independent"
48,1888,"independent"
50,1889,"independent"
50,1890,"independent"
48,1891,"independent"
48,1892,"independent"
48,1893,"independent"
48,1894,"independent"
50,1895,"independent"
48,1896,"independent"
48,1897,"independent"
48,1898,"independent"
48,1899,"independent"
50,1900,"independent"
48,1901,"independent"
48,1902,"independent"
48,1903,"independent"
48,1904,"independent"
50,1905,"independent"
48,1906,"independent"
50,1907,"independent"
50,1908,"independent"
50,1909,"independent"
50,1910,"independent"
52,1911,"independent"
48,1912,"independent"
50,1913,"independent"
50,1914,"independent"
50,1915,"independent"
46,1916,"independent"
50,1917,"independent"
48,1918,"independent"
48,1919,"independent"
52,1920,"independent"
52,1921,"independent"
46,1922,"independent"
48,1923,"independent"
52,1924,"independent"
52,1925,"independent"
48,1926,"independent"
48,1927,"independent"
48,1928,"independent"
54,1929,"independent"
48,1930,"independent"
48,1931,"independent"
50,1932,"independent"
50,1933,"independent"
48,1934,"independent"
50,1935,"independent"
48,1936,"independent"
48,1937,"independent"
46,1938,"independent"
48,1939,"independent"
46,1940,"independent"
50,1941,"independent"
46,1942,"independent"
50,1943,"independent"
48,1944,"independent"
50,1945,"independent"
50,1946,"independent"
50,1947,"independent"
52,1948,"independent"
52,1949,"independent"
50,1950,"independent"
46,1951,"independent"
50,1952,"independent"
48,1953,"independent"
50,1954,"independent"
50,1955,"independent"
52,1956,"independent"
48,1957,"independent"
50,1958,"independent"
48,1959,"independent"
50,1960,"independent"
50,1961,"independent"
48,1962,"independent"
48,1963,"independent"
48,1964,"independent"
50,1965,"independent"
50,1966,"independent"
48,1967,"independent"
48,1968,"independent"
48,1969,"independent"
50,1970,"independent"
46,1971,"independent"
50,1972,"independent"
50,1973,"independent"
48,1974,"independent"
48,1975,"independent"
48,1976,"independent"
50,1977,"independent"
48,1978,"independent"
48,1979,"independent"
52,1980,"independent"
52,1981,"independent"
46,1982,"independent"
46,1983,"independent"
52,1984,"independent"
52,1985,"independent"
50,1986,"independent"
48,1987,"independent"
46,1988,"independent"
50,1989,"independent"
50,1990,"independent"
52,1991,"independent"
50,1992,"independent"
52,1993,"independent"
48,1994,"independent"
48,1995,"independent"
48,1996,"independent"
52,1997,"independent"
50,1998,"independent"
52,1999,"independent"
50,2000,"independent"
48,2001,"independent"
50,2002,"independent"
52,2003,"independent"
50,2004,"independent"
46,2005,"independent"
50,2006,"independent"
52,2007,"independent"
50,2008,"independent"
48,2009,"independent"
48,2010,"independent"
48,2011,"independent"
50,2012,"independent"
52,2013,"independent"
52,2014,"independent"
50,2015,"independent"
50,2016,"independent"
50,2017,"independent"
50,2018,"independent"
50,2019,"independent"
46,2020,"independent"
50,2021,"independent"
46,2022,"independent"
48,2023,"independent"
48,2024,"independent"
48,2025,"independent"
48,2026,"independent"
48,2027,"independent"
50,2028,"independent"
52,2029,"independent"
50,2030,"independent"
50,2031,"independent"
46,2032,"independent"
48,2033,"independent"
50,2034,"independent"
48,2035,"independent"
50,2036,"independent"
52,2037,"independent"
50,2038,"independent"
50,2039,"independent"
50,2040,"independent"
48,2041,"independent"
48,2042,"independent"
48,2043,"independent"
48,2044,"independent"
48,2045,"independent"
50,2046,"independent"
50,2047,"independent"
50,2048,"independent"
50,2049,"independent"
46,2050,"independent"
50,2051,"independent"
52,2052,"independent"
50,2053,"independent"
50,2054,"independent"
50,2055,"independent"
52,2056,"independent"
50,2057,"independent"
46,2058,"independent"
48,2059,"independent"
48,2060,"independent"
48,2061,"independent"
50,2062,"independent"
48,2063,"independent"
50,2064,"independent"
50,2065,"independent"
52,2066,"independent"
50,2067,"independent"
48,2068,"independent"
48,2069,"independent"
46,2070,"independent"
48,2071,"independent"
50,2072,"independent"
48,2073,"independent"
46,2074,"independent"
50,2075,"independent"
48,2076,"independent"
50,2077,"independent"
50,2078,"independent"
48,2079,"independent"
48,2080,"independent"
50,2081,"independent"
48,2082,"independent"
50,2083,"independent"
52,2084,"independent"
48,2085,"independent"
48,2086,"independent"
50,2087,"independent"
50,2088,"independent"
54,2089,"independent"
52,2090,"independent"
50,2091,"independent"
50,2092,"independent"
50,2093,"independent"
52,2094,"independent"
48,2095,"independent"
48,2096,"independent"
48,2097,"independent"
50,2098,"independent"
52,2099,"independent"
48,2100,"independent"
50,2101,"independent"
48,2102,"independent"
46,2103,"independent"
54,2104,"independent"
48,2105,"independent"
48,2106,"independent"
50,2107,"independent"
48,2108,"independent"
52,2109,"independent"
48,2110,"independent"
48,2111,"independent"
50,2112,"independent"
48,2113,"independent"
48,2114,"independent"
46,2115,"independent"
50,2116,"independent"
50,2117,"independent"
52,2118,"independent"
46,2119,"independent"
46,2120,"independent"
48,2121,"independent"
52,2122,"independent"
46,2123,"independent"
48,2124,"independent"
50,2125,"independent"
50,2126,"independent"
50,2127,"independent"
50,2128,"independent"
48,2129,"independent"
50,2130,"independent"
50,2131,"independent"
50,2132,"independent"
52,2133,"independent"
50,2134,"independent"
48,2135,"independent"
48,2136,"independent"
48,2137,"independent"
48,2138,"independent"
48,2139,"independent"
48,2140,"independent"
50,2141,"independent"
48,2142,"independent"
50,2143,"independent"
50,2144,"independent"
48,2145,"independent"
50,2146,"independent"
46,2147,"independent"
50,2148,"independent"
48,2149,"independent"
48,2150,"independent"
48,2151,"independent"
50,2152,"independent"
48,2153,"independent"
52,2154,"independent"
50,2155,"independent"
50,2156,"independent"
52,2157,"independent"
48,2158,"independent"
50,2159,"independent"
48,2160,"independent"
48,2161,"independent"
50,2162,"independent"
48,2163,"independent"
52,2164,"independent"
48,2165,"independent"
50,2166,"independent"
50,2167,"independent"
50,2168,"independent"
46,2169,"independent"
50,2170,"independent"
50,2171,"independent"
50,2172,"independent"
50,2173,"independent"
50,2174,"independent"
50,2175,"independent"
48,2176,"independent"
50,2177,"independent"
48,2178,"independent"
48,2179,"independent"
50,2180,"independent"
48,2181,"independent"
50,2182,"independent"
48,2183,"independent"
50,2184,"independent"
52,2185,"independent"
50,2186,"independent"
48,2187,"independent"
46,2188,"independent"
48,2189,"independent"
50,2190,"independent"
48,2191,"independent"
50,2192,"independent"
50,2193,"independent"
50,2194,"independent"
48,2195,"independent"
50,2196,"independent"
50,2197,"independent"
52,2198,"independent"
52,2199,"independent"
48,2200,"independent"
48,2201,"independent"
48,2202,"independent"
48,2203,"independent"
48,2204,"independent"
50,2205,"independent"
48,2206,"independent"
50,2207,"independent"
48,2208,"independent"
50,2209,"independent"
46,2210,"independent"
50,2211,"independent"
46,2212,"independent"
50,2213,"independent"
50,2214,"independent"
50,2215,"independent"
50,2216,"independent"
52,2217,"independent"
52,2218,"independent"
52,2219,"independent"
50,2220,"independent"
48,2221,"independent"
50,2222,"independent"
52,2223,"independent"
48,2224,"independent"
48,2225,"independent"
46,2226,"independent"
50,2227,"independent"
50,2228,"independent"
50,2229,"independent"
48,2230,"independent"
48,2231,"independent"
48,2232,"independent"
48,2233,"independent"
50,2234,"independent"
48,2235,"independent"
52,2236,"independent"
50,2237,"independent"
50,2238,"independent"
46,2239,"independent"
50,2240,"independent"
50,2241,"independent"
50,2242,"independent"
50,2243,"independent"
52,2244,"independent"
50,2245,"independent"
50,2246,"independent"
50,2247,"independent"
48,2248,"independent"
48,2249,"independent"
50,2250,"independent"
50,2251,"independent"
46,2252,"independent"
48,2253,"independent"
50,2254,"independent"
50,2255,"independent"
48,2256,"independent"
50,2257,"independent"
48,2258,"independent"
48,2259,"independent"
46,2260,"independent"
48,2261,"independent"
48,2262,"independent"
46,2263,"independent"
48,2264,"independent"
48,2265,"independent"
48,2266,"independent"
50,2267,"independent"
48,2268,"independent"
48,2269,"independent"
50,2270,"independent"
52,2271,"independent"
48,2272,"independent"
48,2273,"independent"
52,2274,"independent"
50,2275,"independent"
48,2276,"independent"
50,2277,"independent"
48,2278,"independent"
48,2279,"independent"
46,2280,"independent"
46,2281,"independent"
48,2282,"independent"
48,2283,"independent"
48,2284,"independent"
48,2285,"independent"
48,2286,"independent"
48,2287,"independent"
50,2288,"independent"
48,2289,"independent"
48,2290,"independent"
50,2291,"independent"
52,2292,"independent"
50,2293,"independent"
50,2294,"independent"
52,2295,"independent"
46,2296,"independent"
48,2297,"independent"
48,2298,"independent"
50,2299,"independent"
50,2300,"independent"
46,2301,"independent"
48,2302,"independent"
48,2303,"independent"
48,2304,"independent"
52,2305,"independent"
50,2306,"independent"
50,2307,"independent"
52,2308,"independent"
50,2309,"independent"
48,2310,"independent"
50,2311,"independent"
48,2312,"independent"
50,2313,"independent"
48,2314,"independent"
50,2315,"independent"
50,2316,"independent"
48,2317,"independent"
48,2318,"independent"
48,2319,"independent"
50,2320,"independent"
48,2321,"independent"
46,2322,"independent"
50,2323,"independent"
50,2324,"independent"
52,2325,"independent"
46,2326,"independent"
48,2327,"independent"
50,2328,"independent"
48,2329,"independent"
46,2330,"independent"
50,2331,"independent"
50,2332,"independent"
52,2333,"independent"
50,2334,"independent"
50,2335,"independent"
50,2336,"independent"
50,2337,"independent"
48,2338,"independent"
50,2339,"independent"
52,2340,"independent"
50,2341,"independent"
52,2342,"independent"
48,2343,"independent"
48,2344,"independent"
46,2345,"independent"
46,2346,"independent"
52,2347,"independent"
48,2348,"independent"
50,2349,"independent"
50,2350,"independent"
48,2351,"independent"
48,2352,"independent"
50,2353,"independent"
48,2354,"independent"
50,2355,"independent"
50,2356,"independent"
48,2357,"independent"
50,2358,"independent"
48,2359,"independent"
50,2360,"independent"
50,2361,"independent"
48,2362,"independent"
50,2363,"independent"
48,2364,"independent"
46,2365,"independent"
46,2366,"independent"
48,2367,"independent"
48,2368,"independent"
48,2369,"independent"
46,2370,"independent"
48,2371,"independent"
52,2372,"independent"
50,2373,"independent"
48,2374,"independent"
48,2375,"independent"
46,2376,"independent"
48,2377,"independent"
48,2378,"independent"
48,2379,"independent"
50,2380,"independent"
52,2381,"independent"
48,2382,"independent"
48,2383,"independent"
52,2384,"independent"
48,2385,"independent"
50,2386,"independent"
50,2387,"independent"
48,2388,"independent"
48,2389,"independent"
48,2390,"independent"
50,2391,"independent"
50,2392,"independent"
46,2393,"independent"
50,2394,"independent"
50,2395,"independent"
50,2396,"independent"
48,2397,"independent"
50,2398,"independent"
50,2399,"independent"
50,2400,"independent"
50,2401,"independent"
54,2402,"independent"
50,2403,"independent"
52,2404,"independent"
50,2405,"independent"
46,2406,"independent"
48,2407,"independent"
48,2408,"independent"
48,2409,"independent"
48,2410,"independent"
48,2411,"independent"
50,2412,"independent"
48,2413,"independent"
48,2414,"independent"
48,2415,"independent"
50,2416,"independent"
48,2417,"independent"
48,2418,"independent"
48,2419,"independent"
52,2420,"independent"
50,2421,"independent"
48,2422,"independent"
48,2423,"independent"
52,2424,"independent"
48,2425,"independent"
52,2426,"independent"
48,2427,"independent"
52,2428,"independent"
52,2429,"independent"
50,2430,"independent"
48,2431,"independent"
50,2432,"independent"
50,2433,"independent"
48,2434,"independent"
48,2435,"independent"
48,2436,"independent"
52,2437,"independent"
46,2438,"independent"
48,2439,"independent"
50,2440,"independent"
48,2441,"independent"
50,2442,"independent"
52,2443,"independent"
48,2444,"independent"
50,2445,"independent"
48,2446,"independent"
48,2447,"independent"
52,2448,"independent"
52,2449,"independent"
46,2450,"independent"
52,2451,"independent"
54,2452,"independent"
50,2453,"independent"
48,2454,"independent"
48,2455,"independent"
50,2456,"independent"
48,2457,"independent"
50,2458,"independent"
48,2459,"independent"
48,2460,"independent"
46,2461,"independent"
50,2462,"independent"
46,2463,"independent"
50,2464,"independent"
48,2465,"independent"
48,2466,"independent"
50,2467,"independent"
48,2468,"independent"
50,2469,"independent"
46,2470,"independent"
52,2471,"independent"
48,2472,"independent"
52,2473,"independent"
50,2474,"independent"
48,2475,"independent"
46,2476,"independent"
48,2477,"independent"
50,2478,"independent"
48,2479,"independent"
50,2480,"independent"
46,2481,"independent"
50,2482,"independent"
52,2483,"independent"
48,2484,"independent"
50,2485,"independent"
50,2486,"independent"
52,2487,"independent"
48,2488,"independent"
48,2489,"independent"
48,2490,"independent"
48,2491,"independent"
48,2492,"independent"
50,2493,"independent"
52,2494,"independent"
50,2495,"independent"
46,2496,"independent"
46,2497,"independent"
46,2498,"independent"
50,2499,"independent"
50,2500,"independent"
46,2501,"independent"
50,2502,"independent"
50,2503,"independent"
48,2504,"independent"
50,2505,"independent"
52,2506,"independent"
52,2507,"independent"
48,2508,"independent"
48,2509,"independent"
50,2510,"independent"
46,2511,"independent"
46,2512,"independent"
48,2513,"independent"
50,2514,"independent"
48,2515,"independent"
50,2516,"independent"
52,2517,"independent"
48,2518,"independent"
48,2519,"independent"
50,2520,"independent"
48,2521,"independent"
48,2522,"independent"
48,2523,"independent"
48,2524,"independent"
48,2525,"independent"
52,2526,"independent"
50,2527,"independent"
50,2528,"independent"
50,2529,"independent"
52,2530,"independent"
52,2531,"independent"
48,2532,"independent"
52,2533,"independent"
50,2534,"independent"
52,2535,"independent"
52,2536,"independent"
48,2537,"independent"
48,2538,"independent"
46,2539,"independent"
50,2540,"independent"
52,2541,"independent"
52,2542,"independent"
50,2543,"independent"
52,2544,"independent"
50,2545,"independent"
50,2546,"independent"
48,2547,"independent"
48,2548,"independent"
50,2549,"independent"
48,2550,"independent"
48,2551,"independent"
48,2552,"independent"
48,2553,"independent"
46,2554,"independent"
48,2555,"independent"
48,2556,"independent"
52,2557,"independent"
50,2558,"independent"
50,2559,"independent"
50,2560,"independent"
48,2561,"independent"
52,2562,"independent"
48,2563,"independent"
44,2564,"independent"
48,2565,"independent"
52,2566,"independent"
50,2567,"independent"
50,2568,"independent"
52,2569,"independent"
46,2570,"independent"
46,2571,"independent"
52,2572,"independent"
52,2573,"independent"
48,2574,"independent"
50,2575,"independent"
50,2576,"independent"
50,2577,"independent"
48,2578,"independent"
48,2579,"independent"
50,2580,"independent"
50,2581,"independent"
50,2582,"independent"
52,2583,"independent"
52,2584,"independent"
50,2585,"independent"
46,2586,"independent"
52,2587,"independent"
48,2588,"independent"
50,2589,"independent"
48,2590,"independent"
46,2591,"independent"
48,2592,"independent"
50,2593,"independent"
50,2594,"independent"
48,2595,"independent"
50,2596,"independent"
48,2597,"independent"
48,2598,"independent"
48,2599,"independent"
52,2600,"independent"
46,2601,"independent"
50,2602,"independent"
52,2603,"independent"
48,2604,"independent"
50,2605,"independent"
48,2606,"independent"
50,2607,"independent"
52,2608,"independent"
48,2609,"independent"
50,2610,"independent"
46,2611,"independent"
46,2612,"independent"
50,2613,"independent"
46,2614,"independent"
50,2615,"independent"
50,2616,"independent"
50,2617,"independent"
48,2618,"independent"
52,2619,"independent"
50,2620,"independent"
52,2621,"independent"
48,2622,"independent"
52,2623,"independent"
52,2624,"independent"
50,2625,"independent"
50,2626,"independent"
48,2627,"independent"
48,2628,"independent"
46,2629,"independent"
50,2630,"independent"
46,2631,"independent"
46,2632,"independent"
48,2633,"independent"
48,2634,"independent"
50,2635,"independent"
50,2636,"independent"
50,2637,"independent"
50,2638,"independent"
48,2639,"independent"
52,2640,"independent"
48,2641,"independent"
50,2642,"independent"
48,2643,"independent"
48,2644,"independent"
48,2645,"independent"
48,2646,"independent"
50,2647,"independent"
52,2648,"independent"
46,2649,"independent"
48,2650,"independent"
48,2651,"independent"
50,2652,"independent"
52,2653,"independent"
46,2654,"independent"
50,2655,"independent"
48,2656,"independent"
52,2657,"independent"
46,2658,"independent"
48,2659,"independent"
46,2660,"independent"
46,2661,"independent"
50,2662,"independent"
52,2663,"independent"
50,2664,"independent"
46,2665,"independent"
48,2666,"independent"
48,2667,"independent"
48,2668,"independent"
50,2669,"independent"
48,2670,"independent"
50,2671,"independent"
46,2672,"independent"
50,2673,"independent"
50,2674,"independent"
50,2675,"independent"
50,2676,"independent"
52,2677,"independent"
48,2678,"independent"
48,2679,"independent"
52,2680,"independent"
50,2681,"independent"
50,2682,"independent"
50,2683,"independent"
52,2684,"independent"
50,2685,"independent"
50,2686,"independent"
52,2687,"independent"
50,2688,"independent"
50,2689,"independent"
50,2690,"independent"
50,2691,"independent"
52,2692,"independent"
50,2693,"independent"
50,2694,"independent"
48,2695,"independent"
50,2696,"independent"
48,2697,"independent"
48,2698,"independent"
48,2699,"independent"
52,2700,"independent"
50,2701,"independent"
50,2702,"independent"
50,2703,"independent"
52,2704,"independent"
48,2705,"independent"
50,2706,"independent"
50,2707,"independent"
50,2708,"independent"
48,2709,"independent"
48,2710,"independent"
48,2711,"independent"
52,2712,"independent"
48,2713,"independent"
48,2714,"independent"
46,2715,"independent"
46,2716,"independent"
48,2717,"independent"
50,2718,"independent"
48,2719,"independent"
48,2720,"independent"
50,2721,"independent"
48,2722,"independent"
50,2723,"independent"
50,2724,"independent"
52,2725,"independent"
50,2726,"independent"
48,2727,"independent"
50,2728,"independent"
48,2729,"independent"
48,2730,"independent"
46,2731,"independent"
48,2732,"independent"
48,2733,"independent"
46,2734,"independent"
48,2735,"independent"
46,2736,"independent"
48,2737,"independent"
50,2738,"independent"
48,2739,"independent"
50,2740,"independent"
48,2741,"independent"
48,2742,"independent"
50,2743,"independent"
50,2744,"independent"
52,2745,"independent"
50,2746,"independent"
50,2747,"independent"
50,2748,"independent"
50,2749,"independent"
46,2750,"independent"
46,2751,"independent"
48,2752,"independent"
48,2753,"independent"
50,2754,"independent"
50,2755,"independent"
50,2756,"independent"
50,2757,"independent"
50,2758,"independent"
50,2759,"independent"
48,2760,"independent"
52,2761,"independent"
50,2762,"independent"
46,2763,"independent"
48,2764,"independent"
48,2765,"independent"
50,2766,"independent"
52,2767,"independent"
52,2768,"independent"
48,2769,"independent"
48,2770,"independent"
50,2771,"independent"
46,2772,"independent"
50,2773,"independent"
48,2774,"independent"
52,2775,"independent"
46,2776,"independent"
46,2777,"independent"
48,2778,"independent"
48,2779,"independent"
50,2780,"independent"
48,2781,"independent"
48,2782,"independent"
48,2783,"independent"
48,2784,"independent"
48,2785,"independent"
50,2786,"independent"
48,2787,"independent"
46,2788,"independent"
52,2789,"independent"
50,2790,"independent"
50,2791,"independent"
48,2792,"independent"
52,2793,"independent"
50,2794,"independent"
48,2795,"independent"
48,2796,"independent"
50,2797,"independent"
50,2798,"independent"
48,2799,"independent"
50,2800,"independent"
48,2801,"independent"
46,2802,"independent"
48,2803,"independent"
48,2804,"independent"
48,2805,"independent"
50,2806,"independent"
50,2807,"independent"
48,2808,"independent"
48,2809,"independent"
48,2810,"independent"
50,2811,"independent"
50,2812,"independent"
50,2813,"independent"
50,2814,"independent"
50,2815,"independent"
50,2816,"independent"
50,2817,"independent"
48,2818,"independent"
50,2819,"independent"
48,2820,"independent"
48,2821,"independent"
46,2822,"independent"
50,2823,"independent"
48,2824,"independent"
50,2825,"independent"
46,2826,"independent"
48,2827,"independent"
50,2828,"independent"
50,2829,"independent"
48,2830,"independent"
50,2831,"independent"
46,2832,"independent"
46,2833,"independent"
48,2834,"independent"
48,2835,"independent"
48,2836,"independent"
50,2837,"independent"
50,2838,"independent"
48,2839,"independent"
50,2840,"independent"
52,2841,"independent"
52,2842,"independent"
48,2843,"independent"
48,2844,"independent"
48,2845,"independent"
50,2846,"independent"
50,2847,"independent"
50,2848,"independent"
48,2849,"independent"
48,2850,"independent"
50,2851,"independent"
50,2852,"independent"
50,2853,"independent"
48,2854,"independent"
46,2855,"independent"
50,2856,"independent"
52,2857,"independent"
48,2858,"independent"
46,2859,"independent"
46,2860,"independent"
48,2861,"independent"
48,2862,"independent"
48,2863,"independent"
46,2864,"independent"
46,2865,"independent"
48,2866,"independent"
52,2867,"independent"
48,2868,"independent"
48,2869,"independent"
48,2870,"independent"
46,2871,"independent"
46,2872,"independent"
48,2873,"independent"
46,2874,"independent"
48,2875,"independent"
50,2876,"independent"
48,2877,"independent"
48,2878,"independent"
48,2879,"independent"
48,2880,"independent"
50,2881,"independent"
48,2882,"independent"
50,2883,"independent"
50,2884,"independent"
50,2885,"independent"
50,2886,"independent"
50,2887,"independent"
50,2888,"independent"
48,2889,"independent"
48,2890,"independent"
48,2891,"independent"
46,2892,"independent"
50,2893,"independent"
52,2894,"independent"
48,2895,"independent"
48,2896,"independent"
52,2897,"independent"
52,2898,"independent"
50,2899,"independent"
50,2900,"independent"
46,2901,"independent"
48,2902,"independent"
50,2903,"independent"
50,2904,"independent"
48,2905,"independent"
48,2906,"independent"
48,2907,"independent"
48,2908,"independent"
50,2909,"independent"
50,2910,"independent"
50,2911,"independent"
48,2912,"independent"
46,2913,"independent"
48,2914,"independent"
50,2915,"independent"
46,2916,"independent"
52,2917,"independent"
50,2918,"independent"
52,2919,"independent"
48,2920,"independent"
50,2921,"independent"
48,2922,"independent"
50,2923,"independent"
50,2924,"independent"
52,2925,"independent"
50,2926,"independent"
48,2927,"independent"
48,2928,"independent"
48,2929,"independent"
52,2930,"independent"
48,2931,"independent"
48,2932,"independent"
50,2933,"independent"
48,2934,"independent"
48,2935,"independent"
50,2936,"independent"
48,2937,"independent"
46,2938,"independent"
46,2939,"independent"
50,2940,"independent"
50,2941,"independent"
50,2942,"independent"
50,2943,"independent"
50,2944,"independent"
46,2945,"independent"
52,2946,"independent"
50,2947,"independent"
48,2948,"independent"
50,2949,"independent"
48,2950,"independent"
48,2951,"independent"
46,2952,"independent"
52,2953,"independent"
48,2954,"independent"
50,2955,"independent"
48,2956,"independent"
46,2957,"independent"
46,2958,"independent"
48,2959,"independent"
46,2960,"independent"
52,2961,"independent"
50,2962,"independent"
50,2963,"independent"
48,2964,"independent"
52,2965,"independent"
50,2966,"independent"
46,2967,"independent"
46,2968,"independent"
50,2969,"independent"
48,2970,"independent"
50,2971,"independent"
52,2972,"independent"
48,2973,"independent"
52,2974,"independent"
52,2975,"independent"
50,2976,"independent"
48,2977,"independent"
50,2978,"independent"
48,2979,"independent"
50,2980,"independent"
50,2981,"independent"
48,2982,"independent"
48,2983,"independent"
50,2984,"independent"
50,2985,"independent"
52,2986,"independent"
50,2987,"independent"
48,2988,"independent"
50,2989,"independent"
48,2990,"independent"
50,2991,"independent"
48,2992,"independent"
50,2993,"independent"
48,2994,"independent"
48,2995,"independent"
48,2996,"independent"
50,2997,"independent"
50,2998,"independent"
48,2999,"independent"
50,3000,"independent"
44,3001,"independent"
50,3002,"independent"
48,3003,"independent"
48,3004,"independent"
46,3005,"independent"
52,3006,"independent"
50,3007,"independent"
52,3008,"independent"
48,3009,"independent"
52,3010,"independent"
50,3011,"independent"
48,3012,"independent"
50,3013,"independent"
48,3014,"independent"
52,3015,"independent"
50,3016,"independent"
48,3017,"independent"
48,3018,"independent"
52,3019,"independent"
46,3020,"independent"
50,3021,"independent"
50,3022,"independent"
52,3023,"independent"
50,3024,"independent"
48,3025,"independent"
50,3026,"independent"
46,3027,"independent"
48,3028,"independent"
50,3029,"independent"
50,3030,"independent"
50,3031,"independent"
48,3032,"independent"
50,3033,"independent"
50,3034,"independent"
48,3035,"independent"
50,3036,"independent"
50,3037,"independent"
50,3038,"independent"
48,3039,"independent"
48,3040,"independent"
50,3041,"independent"
52,3042,"independent"
50,3043,"independent"
46,3044,"independent"
50,3045,"independent"
50,3046,"independent"
52,3047,"independent"
48,3048,"independent"
52,3049,"independent"
48,3050,"independent"
48,3051,"independent"
50,3052,"independent"
48,3053,"independent"
48,3054,"independent"
48,3055,"independent"
46,3056,"independent"
46,3057,"independent"
50,3058,"independent"
50,3059,"independent"
50,3060,"independent"
46,3061,"independent"
52,3062,"independent"
50,3063,"independent"
48,3064,"independent"
48,3065,"independent"
48,3066,"independent"
46,3067,"independent"
50,3068,"independent"
48,3069,"independent"
48,3070,"independent"
46,3071,"independent"
52,3072,"independent"
48,3073,"independent"
50,3074,"independent"
50,3075,"independent"
50,3076,"independent"
50,3077,"independent"
50,3078,"independent"
50,3079,"independent"
50,3080,"independent"
50,3081,"independent"
48,3082,"independent"
50,3083,"independent"
50,3084,"independent"
48,3085,"independent"
50,3086,"independent"
48,3087,"independent"
46,3088,"independent"
50,3089,"independent"
52,3090,"independent"
48,3091,"independent"
50,3092,"independent"
52,3093,"independent"
48,3094,"independent"
50,3095,"independent"
50,3096,"independent"
50,3097,"independent"
48,3098,"independent"
48,3099,"independent"
50,3100,"independent"
48,3101,"independent"
50,3102,"independent"
50,3103,"independent"
50,3104,"independent"
48,3105,"independent"
48,3106,"independent"
50,3107,"independent"
48,3108,"independent"
50,3109,"independent"
50,3110,"independent"
50,3111,"independent"
48,3112,"independent"
50,3113,"independent"
52,3114,"independent"
50,3115,"independent"
52,3116,"independent"
48,3117,"independent"
50,3118,"independent"
50,3119,"independent"
52,3120,"independent"
48,3121,"independent"
48,3122,"independent"
50,3123,"independent"
50,3124,"independent"
48,3125,"independent"
48,3126,"independent"
50,3127,"independent"
46,3128,"independent"
48,3129,"independent"
50,3130,"independent"
50,3131,"independent"
50,3132,"independent"
48,3133,"independent"
48,3134,"independent"
50,3135,"independent"
48,3136,"independent"
46,3137,"independent"
50,3138,"independent"
46,3139,"independent"
48,3140,"independent"
52,3141,"independent"
50,3142,"independent"
46,3143,"independent"
50,3144,"independent"
48,3145,"independent"
46,3146,"independent"
48,3147,"independent"
48,3148,"independent"
50,3149,"independent"
48,3150,"independent"
52,3151,"independent"
50,3152,"independent"
50,3153,"independent"
48,3154,"independent"
48,3155,"independent"
48,3156,"independent"
48,3157,"independent"
48,3158,"independent"
50,3159,"independent"
48,3160,"independent"
50,3161,"independent"
48,3162,"independent"
48,3163,"independent"
48,3164,"independent"
48,3165,"independent"
52,3166,"independent"
50,3167,"independent"
50,3168,"independent"
50,3169,"independent"
48,3170,"independent"
52,3171,"independent"
52,3172,"independent"
46,3173,"independent"
50,3174,"independent"
48,3175,"independent"
50,3176,"independent"
50,3177,"independent"
50,3178,"independent"
50,3179,"independent"
48,3180,"independent"
50,3181,"independent"
52,3182,"independent"
48,3183,"independent"
52,3184,"independent"
48,3185,"independent"
48,3186,"independent"
50,3187,"independent"
50,3188,"independent"
48,3189,"independent"
50,3190,"independent"
46,3191,"independent"
50,3192,"independent"
48,3193,"independent"
50,3194,"independent"
48,3195,"independent"
50,3196,"independent"
48,3197,"independent"
50,3198,"independent"
50,3199,"independent"
50,3200,"independent"
48,3201,"independent"
50,3202,"independent"
48,3203,"independent"
50,3204,"independent"
46,3205,"independent"
52,3206,"independent"
50,3207,"independent"
48,3208,"independent"
48,3209,"independent"
50,3210,"independent"
50,3211,"independent"
50,3212,"independent"
50,3213,"independent"
46,3214,"independent"
48,3215,"independent"
52,3216,"independent"
48,3217,"independent"
52,3218,"independent"
50,3219,"independent"
52,3220,"independent"
52,3221,"independent"
52,3222,"independent"
48,3223,"independent"
48,3224,"independent"
50,3225,"independent"
50,3226,"independent"
50,3227,"independent"
50,3228,"independent"
48,3229,"independent"
48,3230,"independent"
48,3231,"independent"
48,3232,"independent"
46,3233,"independent"
50,3234,"independent"
48,3235,"independent"
46,3236,"independent"
50,3237,"independent"
50,3238,"independent"
50,3239,"independent"
50,3240,"independent"
50,3241,"independent"
52,3242,"independent"
50,3243,"independent"
50,3244,"independent"
48,3245,"independent"
48,3246,"independent"
50,3247,"independent"
48,3248,"independent"
46,3249,"independent"
48,3250,"independent"
48,3251,"independent"
52,3252,"independent"
52,3253,"independent"
50,3254,"independent"
48,3255,"independent"
50,3256,"independent"
50,3257,"independent"
48,3258,"independent"
50,3259,"independent"
48,3260,"independent"
50,3261,"independent"
52,3262,"independent"
50,3263,"independent"
48,3264,"independent"
50,3265,"independent"
52,3266,"independent"
48,3267,"independent"
50,3268,"independent"
48,3269,"independent"
48,3270,"independent"
48,3271,"independent"
48,3272,"independent"
48,3273,"independent"
48,3274,"independent"
46,3275,"independent"
50,3276,"independent"
52,3277,"independent"
48,3278,"independent"
46,3279,"independent"
48,3280,"independent"
52,3281,"independent"
52,3282,"independent"
50,3283,"independent"
52,3284,"independent"
50,3285,"independent"
52,3286,"independent"
52,3287,"independent"
48,3288,"independent"
54,3289,"independent"
50,3290,"independent"
48,3291,"independent"
50,3292,"independent"
48,3293,"independent"
54,3294,"independent"
48,3295,"independent"
50,3296,"independent"
50,3297,"independent"
48,3298,"independent"
52,3299,"independent"
48,3300,"independent"
50,3301,"independent"
48,3302,"independent"
50,3303,"independent"
48,3304,"independent"
50,3305,"independent"
50,3306,"independent"
50,3307,"independent"
46,3308,"independent"
50,3309,"independent"
50,3310,"independent"
50,3311,"independent"
50,3312,"independent"
50,3313,"independent"
52,3314,"independent"
50,3315,"independent"
48,3316,"independent"
48,3317,"independent"
48,3318,"independent"
48,3319,"independent"
48,3320,"independent"
48,3321,"independent"
50,3322,"independent"
50,3323,"independent"
50,3324,"independent"
46,3325,"independent"
52,3326,"independent"
48,3327,"independent"
50,3328,"independent"
52,3329,"independent"
48,3330,"independent"
46,3331,"independent"
48,3332,"independent"
50,3333,"independent"
50,3334,"independent"
52,3335,"independent"
46,3336,"independent"
48,3337,"independent"
48,3338,"independent"
50,3339,"independent"
48,3340,"independent"
48,3341,"independent"
48,3342,"independent"
50,3343,"independent"
50,3344,"independent"
46,3345,"independent"
50,3346,"independent"
50,3347,"independent"
48,3348,"independent"
48,3349,"independent"
50,3350,"independent"
46,3351,"independent"
48,3352,"independent"
46,3353,"independent"
48,3354,"independent"
48,3355,"independent"
48,3356,"independent"
50,3357,"independent"
50,3358,"independent"
50,3359,"independent"
48,3360,"independent"
50,3361,"independent"
46,3362,"independent"
48,3363,"independent"
48,3364,"independent"
48,3365,"independent"
48,3366,"independent"
50,3367,"independent"
50,3368,"independent"
46,3369,"independent"
52,3370,"independent"
46,3371,"independent"
50,3372,"independent"
48,3373,"independent"
50,3374,"independent"
52,3375,"independent"
52,3376,"independent"
50,3377,"independent"
50,3378,"independent"
48,3379,"independent"
50,3380,"independent"
48,3381,"independent"
48,3382,"independent"
50,3383,"independent"
52,3384,"independent"
48,3385,"independent"
50,3386,"independent"
52,3387,"independent"
50,3388,"independent"
50,3389,"independent"
48,3390,"independent"
50,3391,"independent"
50,3392,"independent"
48,3393,"independent"
52,3394,"independent"
50,3395,"independent"
50,3396,"independent"
50,3397,"independent"
50,3398,"independent"
50,3399,"independent"
48,3400,"independent"
48,3401,"independent"
52,3402,"independent"
48,3403,"independent"
52,3404,"independent"
50,3405,"independent"
52,3406,"independent"
48,3407,"independent"
50,3408,"independent"
50,3409,"independent"
48,3410,"independent"
50,3411,"independent"
50,3412,"independent"
46,3413,"independent"
50,3414,"independent"
52,3415,"independent"
48,3416,"independent"
50,3417,"independent"
52,3418,"independent"
48,3419,"independent"
50,3420,"independent"
50,3421,"independent"
52,3422,"independent"
48,3423,"independent"
46,3424,"independent"
48,3425,"independent"
48,3426,"independent"
50,3427,"independent"
52,3428,"independent"
44,3429,"independent"
48,3430,"independent"
50,3431,"independent"
50,3432,"independent"
46,3433,"independent"
52,3434,"independent"
46,3435,"independent"
46,3436,"independent"
48,3437,"independent"
50,3438,"independent"
52,3439,"independent"
50,3440,"independent"
50,3441,"independent"
48,3442,"independent"
50,3443,"independent"
52,3444,"independent"
48,3445,"independent"
50,3446,"independent"
52,3447,"independent"
46,3448,"independent"
50,3449,"independent"
48,3450,"independent"
50,3451,"independent"
46,3452,"independent"
48,3453,"independent"
46,3454,"independent"
48,3455,"independent"
50,3456,"independent"
50,3457,"independent"
48,3458,"independent"
52,3459,"independent"
48,3460,"independent"
48,3461,"independent"
48,3462,"independent"
50,3463,"independent"
50,3464,"independent"
50,3465,"independent"
50,3466,"independent"
50,3467,"independent"
48,3468,"independent"
48,3469,"independent"
46,3470,"independent"
46,3471,"independent"
50,3472,"independent"
48,3473,"independent"
48,3474,"independent"
50,3475,"independent"
48,3476,"independent"
50,3477,"independent"
50,3478,"independent"
48,3479,"independent"
46,3480,"independent"
48,3481,"independent"
48,3482,"independent"
52,3483,"independent"
50,3484,"independent"
48,3485,"independent"
50,3486,"independent"
48,3487,"independent"
50,3488,"independent"
50,3489,"independent"
50,3490,"independent"
48,3491,"independent"
46,3492,"independent"
48,3493,"independent"
48,3494,"independent"
48,3495,"independent"
48,3496,"independent"
52,3497,"independent"
48,3498,"independent"
50,3499,"independent"
50,3500,"independent"
46,3501,"independent"
50,3502,"independent"
50,3503,"independent"
48,3504,"independent"
48,3505,"independent"
46,3506,"independent"
50,3507,"independent"
50,3508,"independent"
52,3509,"independent"
48,3510,"independent"
50,3511,"independent"
50,3512,"independent"
50,3513,"independent"
48,3514,"independent"
48,3515,"independent"
48,3516,"independent"
48,3517,"independent"
50,3518,"independent"
52,3519,"independent"
52,3520,"independent"
48,3521,"independent"
48,3522,"independent"
50,3523,"independent"
50,3524,"independent"
50,3525,"independent"
48,3526,"independent"
50,3527,"independent"
50,3528,"independent"
46,3529,"independent"
50,3530,"independent"
48,3531,"independent"
50,3532,"independent"
48,3533,"independent"
50,3534,"independent"
48,3535,"independent"
46,3536,"independent"
50,3537,"independent"
48,3538,"independent"
52,3539,"independent"
50,3540,"independent"
48,3541,"independent"
50,3542,"independent"
50,3543,"independent"
46,3544,"independent"
50,3545,"independent"
50,3546,"independent"
50,3547,"independent"
50,3548,"independent"
52,3549,"independent"
52,3550,"independent"
48,3551,"independent"
52,3552,"independent"
48,3553,"independent"
48,3554,"independent"
46,3555,"independent"
50,3556,"independent"
50,3557,"independent"
52,3558,"independent"
48,3559,"independent"
50,3560,"independent"
48,3561,"independent"
52,3562,"independent"
46,3563,"independent"
48,3564,"independent"
48,3565,"independent"
52,3566,"independent"
50,3567,"independent"
50,3568,"independent"
48,3569,"independent"
48,3570,"independent"
46,3571,"independent"
48,3572,"independent"
48,3573,"independent"
46,3574,"independent"
50,3575,"independent"
50,3576,"independent"
46,3577,"independent"
50,3578,"independent"
50,3579,"independent"
50,3580,"independent"
50,3581,"independent"
48,3582,"independent"
52,3583,"independent"
48,3584,"independent"
52,3585,"independent"
50,3586,"independent"
48,3587,"independent"
48,3588,"independent"
52,3589,"independent"
46,3590,"independent"
50,3591,"independent"
50,3592,"independent"
48,3593,"independent"
50,3594,"independent"
50,3595,"independent"
50,3596,"independent"
50,3597,"independent"
48,3598,"independent"
46,3599,"independent"
50,3600,"independent"
50,3601,"independent"
50,3602,"independent"
50,3603,"independent"
52,3604,"independent"
50,3605,"independent"
46,3606,"independent"
50,3607,"independent"
50,3608,"independent"
46,3609,"independent"
48,3610,"independent"
46,3611,"independent"
50,3612,"independent"
52,3613,"independent"
50,3614,"independent"
48,3615,"independent"
46,3616,"independent"
52,3617,"independent"
48,3618,"independent"
48,3619,"independent"
50,3620,"independent"
50,3621,"independent"
50,3622,"independent"
48,3623,"independent"
50,3624,"independent"
48,3625,"independent"
48,3626,"independent"
46,3627,"independent"
48,3628,"independent"
50,3629,"independent"
50,3630,"independent"
50,3631,"independent"
52,3632,"independent"
52,3633,"independent"
48,3634,"independent"
50,3635,"independent"
50,3636,"independent"
48,3637,"independent"
52,3638,"independent"
50,3639,"independent"
52,3640,"independent"
50,3641,"independent"
52,3642,"independent"
48,3643,"independent"
50,3644,"independent"
50,3645,"independent"
48,3646,"independent"
50,3647,"independent"
48,3648,"independent"
50,3649,"independent"
50,3650,"independent"
46,3651,"independent"
46,3652,"independent"
46,3653,"independent"
48,3654,"independent"
52,3655,"independent"
46,3656,"independent"
48,3657,"independent"
50,3658,"independent"
48,3659,"independent"
50,3660,"independent"
48,3661,"independent"
50,3662,"independent"
50,3663,"independent"
52,3664,"independent"
50,3665,"independent"
50,3666,"independent"
48,3667,"independent"
48,3668,"independent"
52,3669,"independent"
48,3670,"independent"
50,3671,"independent"
50,3672,"independent"
48,3673,"independent"
46,3674,"independent"
48,3675,"independent"
50,3676,"independent"
50,3677,"independent"
50,3678,"independent"
50,3679,"independent"
48,3680,"independent"
48,3681,"independent"
48,3682,"independent"
48,3683,"independent"
48,3684,"independent"
46,3685,"independent"
46,3686,"independent"
46,3687,"independent"
50,3688,"independent"
46,3689,"independent"
48,3690,"independent"
48,3691,"independent"
50,3692,"independent"
48,3693,"independent"
50,3694,"independent"
50,3695,"independent"
48,3696,"independent"
50,3697,"independent"
48,3698,"independent"
50,3699,"independent"
52,3700,"independent"
50,3701,"independent"
52,3702,"independent"
50,3703,"independent"
50,3704,"independent"
50,3705,"independent"
48,3706,"independent"
50,3707,"independent"
50,3708,"independent"
50,3709,"independent"
50,3710,"independent"
48,3711,"independent"
46,3712,"independent"
46,3713,"independent"
48,3714,"independent"
50,3715,"independent"
50,3716,"independent"
46,3717,"independent"
50,3718,"independent"
50,3719,"independent"
46,3720,"independent"
50,3721,"independent"
48,3722,"independent"
50,3723,"independent"
50,3724,"independent"
50,3725,"independent"
50,3726,"independent"
50,3727,"independent"
52,3728,"independent"
50,3729,"independent"
52,3730,"independent"
50,3731,"independent"
50,3732,"independent"
48,3733,"independent"
50,3734,"independent"
50,3735,"independent"
48,3736,"independent"
50,3737,"independent"
48,3738,"independent"
52,3739,"independent"
50,3740,"independent"
48,3741,"independent"
46,3742,"independent"
50,3743,"independent"
50,3744,"independent"
50,3745,"independent"
52,3746,"independent"
50,3747,"independent"
48,3748,"independent"
52,3749,"independent"
50,3750,"independent"
48,3751,"independent"
50,3752,"independent"
46,3753,"independent"
52,3754,"independent"
48,3755,"independent"
50,3756,"independent"
50,3757,"independent"
50,3758,"independent"
50,3759,"independent"
48,3760,"independent"
50,3761,"independent"
46,3762,"independent"
50,3763,"independent"
46,3764,"independent"
50,3765,"independent"
50,3766,"independent"
48,3767,"independent"
46,3768,"independent"
50,3769,"independent"
52,3770,"independent"
50,3771,"independent"
52,3772,"independent"
52,3773,"independent"
48,3774,"independent"
50,3775,"independent"
50,3776,"independent"
52,3777,"independent"
50,3778,"independent"
50,3779,"independent"
52,3780,"independent"
48,3781,"independent"
50,3782,"independent"
46,3783,"independent"
46,3784,"independent"
50,3785,"independent"
48,3786,"independent"
50,3787,"independent"
52,3788,"independent"
46,3789,"independent"
50,3790,"independent"
48,3791,"independent"
50,3792,"independent"
48,3793,"independent"
48,3794,"independent"
48,3795,"independent"
50,3796,"independent"
48,3797,"independent"
48,3798,"independent"
48,3799,"independent"
48,3800,"independent"
48,3801,"independent"
48,3802,"independent"
48,3803,"independent"
50,3804,"independent"
50,3805,"independent"
46,3806,"independent"
50,3807,"independent"
46,3808,"independent"
52,3809,"independent"
48,3810,"independent"
48,3811,"independent"
50,3812,"independent"
46,3813,"independent"
48,3814,"independent"
52,3815,"independent"
46,3816,"independent"
46,3817,"independent"
50,3818,"independent"
46,3819,"independent"
50,3820,"independent"
50,3821,"independent"
52,3822,"independent"
48,3823,"independent"
52,3824,"independent"
48,3825,"independent"
48,3826,"independent"
52,3827,"independent"
48,3828,"independent"
50,3829,"independent"
48,3830,"independent"
50,3831,"independent"
50,3832,"independent"
48,3833,"independent"
50,3834,"independent"
48,3835,"independent"
48,3836,"independent"
50,3837,"independent"
46,3838,"independent"
48,3839,"independent"
48,3840,"independent"
48,3841,"independent"
52,3842,"independent"
48,3843,"independent"
52,3844,"independent"
48,3845,"independent"
50,3846,"independent"
50,3847,"independent"
52,3848,"independent"
50,3849,"independent"
48,3850,"independent"
46,3851,"independent"
46,3852,"independent"
50,3853,"independent"
48,3854,"independent"
50,3855,"independent"
50,3856,"independent"
50,3857,"independent"
46,3858,"independent"
50,3859,"independent"
46,3860,"independent"
50,3861,"independent"
48,3862,"independent"
50,3863,"independent"
50,3864,"independent"
48,3865,"independent"
50,3866,"independent"
48,3867,"independent"
48,3868,"independent"
48,3869,"independent"
50,3870,"independent"
50,3871,"independent"
52,3872,"independent"
52,3873,"independent"
48,3874,"independent"
48,3875,"independent"
52,3876,"independent"
50,3877,"independent"
46,3878,"independent"
50,3879,"independent"
48,3880,"independent"
50,3881,"independent"
48,3882,"independent"
48,3883,"independent"
48,3884,"independent"
48,3885,"independent"
50,3886,"independent"
50,3887,"independent"
50,3888,"independent"
50,3889,"independent"
48,3890,"independent"
50,3891,"independent"
48,3892,"independent"
50,3893,"independent"
52,3894,"independent"
48,3895,"independent"
48,3896,"independent"
48,3897,"independent"
50,3898,"independent"
52,3899,"independent"
48,3900,"independent"
52,3901,"independent"
50,3902,"independent"
48,3903,"independent"
50,3904,"independent"
52,3905,"independent"
50,3906,"independent"
52,3907,"independent"
50,3908,"independent"
48,3909,"independent"
48,3910,"independent"
48,3911,"independent"
54,3912,"independent"
48,3913,"independent"
50,3914,"independent"
52,3915,"independent"
50,3916,"independent"
50,3917,"independent"
48,3918,"independent"
46,3919,"independent"
50,3920,"independent"
48,3921,"independent"
48,3922,"independent"
50,3923,"independent"
50,3924,"independent"
50,3925,"independent"
48,3926,"independent"
46,3927,"independent"
52,3928,"independent"
52,3929,"independent"
48,3930,"independent"
46,3931,"independent"
48,3932,"independent"
48,3933,"independent"
50,3934,"independent"
46,3935,"independent"
50,3936,"independent"
50,3937,"independent"
48,3938,"independent"
52,3939,"independent"
48,3940,"independent"
48,3941,"independent"
50,3942,"independent"
46,3943,"independent"
48,3944,"independent"
46,3945,"independent"
50,3946,"independent"
50,3947,"independent"
50,3948,"independent"
50,3949,"independent"
52,3950,"independent"
48,3951,"independent"
50,3952,"independent"
46,3953,"independent"
50,3954,"independent"
50,3955,"independent"
48,3956,"independent"
52,3957,"independent"
48,3958,"independent"
48,3959,"independent"
48,3960,"independent"
50,3961,"independent"
48,3962,"independent"
48,3963,"independent"
50,3964,"independent"
50,3965,"independent"
52,3966,"independent"
46,3967,"independent"
50,3968,"independent"
50,3969,"independent"
48,3970,"independent"
48,3971,"independent"
50,3972,"independent"
50,3973,"independent"
46,3974,"independent"
52,3975,"independent"
48,3976,"independent"
50,3977,"independent"
50,3978,"independent"
52,3979,"independent"
48,3980,"independent"
48,3981,"independent"
48,3982,"independent"
52,3983,"independent"
48,3984,"independent"
48,3985,"independent"
50,3986,"independent"
48,3987,"independent"
50,3988,"independent"
50,3989,"independent"
50,3990,"independent"
50,3991,"independent"
50,3992,"independent"
50,3993,"independent"
46,3994,"independent"
50,3995,"independent"
50,3996,"independent"
48,3997,"independent"
52,3998,"independent"
52,3999,"independent"
52,4000,"independent"
50,4001,"independent"
48,4002,"independent"
50,4003,"independent"
48,4004,"independent"
50,4005,"independent"
46,4006,"independent"
50,4007,"independent"
48,4008,"independent"
46,4009,"independent"
48,4010,"independent"
50,4011,"independent"
50,4012,"independent"
48,4013,"independent"
46,4014,"independent"
48,4015,"independent"
50,4016,"independent"
48,4017,"independent"
48,4018,"independent"
52,4019,"independent"
46,4020,"independent"
46,4021,"independent"
48,4022,"independent"
50,4023,"independent"
50,4024,"independent"
46,4025,"independent"
52,4026,"independent"
50,4027,"independent"
50,4028,"independent"
48,4029,"independent"
50,4030,"independent"
48,4031,"independent"
52,4032,"independent"
48,4033,"independent"
50,4034,"independent"
48,4035,"independent"
48,4036,"independent"
50,4037,"independent"
52,4038,"independent"
46,4039,"independent"
50,4040,"independent"
50,4041,"independent"
52,4042,"independent"
50,4043,"independent"
50,4044,"independent"
48,4045,"independent"
50,4046,"independent"
46,4047,"independent"
48,4048,"independent"
50,4049,"independent"
50,4050,"independent"
50,4051,"independent"
48,4052,"independent"
48,4053,"independent"
50,4054,"independent"
46,4055,"independent"
46,4056,"independent"
50,4057,"independent"
48,4058,"independent"
50,4059,"independent"
52,4060,"independent"
48,4061,"independent"
50,4062,"independent"
48,4063,"independent"
48,4064,"independent"
50,4065,"independent"
50,4066,"independent"
48,4067,"independent"
48,4068,"independent"
48,4069,"independent"
46,4070,"independent"
48,4071,"independent"
48,4072,"independent"
50,4073,"independent"
52,4074,"independent"
48,4075,"independent"
48,4076,"independent"
48,4077,"independent"
46,4078,"independent"
50,4079,"independent"
50,4080,"independent"
52,4081,"independent"
48,4082,"independent"
48,4083,"independent"
48,4084,"independent"
50,4085,"independent"
46,4086,"independent"
46,4087,"independent"
50,4088,"independent"
50,4089,"independent"
52,4090,"independent"
52,4091,"independent"
48,4092,"independent"
50,4093,"independent"
48,4094,"independent"
48,4095,"independent"
50,4096,"independent"
48,4097,"independent"
48,4098,"independent"
48,4099,"independent"
50,4100,"independent"
50,4101,"independent"
46,4102,"independent"
46,4103,"independent"
48,4104,"independent"
50,4105,"independent"
48,4106,"independent"
46,4107,"independent"
48,4108,"independent"
50,4109,"independent"
46,4110,"independent"
50,4111,"independent"
52,4112,"independent"
52,4113,"independent"
48,4114,"independent"
52,4115,"independent"
50,4116,"independent"
48,4117,"independent"
46,4118,"independent"
50,4119,"independent"
50,4120,"independent"
46,4121,"independent"
46,4122,"independent"
48,4123,"independent"
48,4124,"independent"
50,4125,"independent"
50,4126,"independent"
48,4127,"independent"
50,4128,"independent"
52,4129,"independent"
48,4130,"independent"
50,4131,"independent"
52,4132,"independent"
46,4133,"independent"
52,4134,"independent"
48,4135,"independent"
50,4136,"independent"
50,4137,"independent"
48,4138,"independent"
46,4139,"independent"
48,4140,"independent"
48,4141,"independent"
50,4142,"independent"
48,4143,"independent"
46,4144,"independent"
48,4145,"independent"
52,4146,"independent"
50,4147,"independent"
48,4148,"independent"
52,4149,"independent"
50,4150,"independent"
52,4151,"independent"
48,4152,"independent"
48,4153,"independent"
50,4154,"independent"
48,4155,"independent"
50,4156,"independent"
50,4157,"independent"
48,4158,"independent"
50,4159,"independent"
50,4160,"independent"
52,4161,"independent"
50,4162,"independent"
46,4163,"independent"
50,4164,"independent"
46,4165,"independent"
50,4166,"independent"
52,4167,"independent"
50,4168,"independent"
50,4169,"independent"
50,4170,"independent"
46,4171,"independent"
48,4172,"independent"
50,4173,"independent"
50,4174,"independent"
50,4175,"independent"
48,4176,"independent"
48,4177,"independent"
50,4178,"independent"
48,4179,"independent"
46,4180,"independent"
50,4181,"independent"
52,4182,"independent"
50,4183,"independent"
50,4184,"independent"
48,4185,"independent"
52,4186,"independent"
52,4187,"independent"
52,4188,"independent"
50,4189,"independent"
50,4190,"independent"
48,4191,"independent"
48,4192,"independent"
52,4193,"independent"
48,4194,"independent"
48,4195,"independent"
48,4196,"independent"
52,4197,"independent"
48,4198,"independent"
48,4199,"independent"
46,4200,"independent"
50,4201,"independent"
48,4202,"independent"
50,4203,"independent"
48,4204,"independent"
50,4205,"independent"
48,4206,"independent"
50,4207,"independent"
50,4208,"independent"
50,4209,"independent"
48,4210,"independent"
48,4211,"independent"
46,4212,"independent"
48,4213,"independent"
48,4214,"independent"
46,4215,"independent"
50,4216,"independent"
50,4217,"independent"
50,4218,"independent"
46,4219,"independent"
50,4220,"independent"
52,4221,"independent"
48,4222,"independent"
50,4223,"independent"
50,4224,"independent"
50,4225,"independent"
50,4226,"independent"
48,4227,"independent"
48,4228,"independent"
52,4229,"independent"
50,4230,"independent"
50,4231,"independent"
52,4232,"independent"
48,4233,"independent"
48,4234,"independent"
46,4235,"independent"
50,4236,"independent"
52,4237,"independent"
52,4238,"independent"
48,4239,"independent"
50,4240,"independent"
48,4241,"independent"
48,4242,"independent"
48,4243,"independent"
48,4244,"independent"
48,4245,"independent"
48,4246,"independent"
48,4247,"independent"
48,4248,"independent"
50,4249,"independent"
52,4250,"independent"
48,4251,"independent"
48,4252,"independent"
48,4253,"independent"
52,4254,"independent"
48,4255,"independent"
50,4256,"independent"
52,4257,"independent"
50,4258,"independent"
50,4259,"independent"
54,4260,"independent"
52,4261,"independent"
48,4262,"independent"
48,4263,"independent"
50,4264,"independent"
52,4265,"independent"
48,4266,"independent"
50,4267,"independent"
48,4268,"independent"
50,4269,"independent"
50,4270,"independent"
50,4271,"independent"
50,4272,"independent"
48,4273,"independent"
46,4274,"independent"
50,4275,"independent"
50,4276,"independent"
50,4277,"independent"
46,4278,"independent"
48,4279,"independent"
48,4280,"independent"
52,4281,"independent"
48,4282,"independent"
52,4283,"independent"
46,4284,"independent"
50,4285,"independent"
50,4286,"independent"
52,4287,"independent"
48,4288,"independent"
50,4289,"independent"
50,4290,"independent"
48,4291,"independent"
50,4292,"independent"
48,4293,"independent"
50,4294,"independent"
48,4295,"independent"
48,4296,"independent"
50,4297,"independent"
48,4298,"independent"
48,4299,"independent"
48,4300,"independent"
50,4301,"independent"
52,4302,"independent"
50,4303,"independent"
50,4304,"independent"
48,4305,"independent"
48,4306,"independent"
52,4307,"independent"
50,4308,"independent"
50,4309,"independent"
52,4310,"independent"
48,4311,"independent"
48,4312,"independent"
50,4313,"independent"
48,4314,"independent"
48,4315,"independent"
50,4316,"independent"
50,4317,"independent"
48,4318,"independent"
46,4319,"independent"
48,4320,"independent"
48,4321,"independent"
50,4322,"independent"
48,4323,"independent"
50,4324,"independent"
46,4325,"independent"
50,4326,"independent"
50,4327,"independent"
46,4328,"independent"
50,4329,"independent"
46,4330,"independent"
52,4331,"independent"
50,4332,"independent"
52,4333,"independent"
48,4334,"independent"
48,4335,"independent"
48,4336,"independent"
50,4337,"independent"
50,4338,"independent"
48,4339,"independent"
48,4340,"independent"
50,4341,"independent"
52,4342,"independent"
50,4343,"independent"
48,4344,"independent"
46,4345,"independent"
52,4346,"independent"
50,4347,"independent"
48,4348,"independent"
50,4349,"independent"
48,4350,"independent"
50,4351,"independent"
48,4352,"independent"
50,4353,"independent"
50,4354,"independent"
48,4355,"independent"
48,4356,"independent"
46,4357,"independent"
50,4358,"independent"
50,4359,"independent"
52,4360,"independent"
52,4361,"independent"
52,4362,"independent"
50,4363,"independent"
48,4364,"independent"
46,4365,"independent"
50,4366,"independent"
46,4367,"independent"
50,4368,"independent"
50,4369,"independent"
52,4370,"independent"
50,4371,"independent"
50,4372,"independent"
50,4373,"independent"
50,4374,"independent"
46,4375,"independent"
48,4376,"independent"
46,4377,"independent"
48,4378,"independent"
48,4379,"independent"
50,4380,"independent"
52,4381,"independent"
50,4382,"independent"
50,4383,"independent"
48,4384,"independent"
50,4385,"independent"
48,4386,"independent"
46,4387,"independent"
48,4388,"independent"
46,4389,"independent"
48,4390,"independent"
52,4391,"independent"
50,4392,"independent"
50,4393,"independent"
48,4394,"independent"
48,4395,"independent"
46,4396,"independent"
48,4397,"independent"
48,4398,"independent"
48,4399,"independent"
48,4400,"independent"
50,4401,"independent"
50,4402,"independent"
54,4403,"independent"
50,4404,"independent"
48,4405,"independent"
50,4406,"independent"
50,4407,"independent"
50,4408,"independent"
50,4409,"independent"
48,4410,"independent"
50,4411,"independent"
48,4412,"independent"
52,4413,"independent"
48,4414,"independent"
46,4415,"independent"
46,4416,"independent"
48,4417,"independent"
48,4418,"independent"
48,4419,"independent"
48,4420,"independent"
48,4421,"independent"
50,4422,"independent"
48,4423,"independent"
48,4424,"independent"
50,4425,"independent"
50,4426,"independent"
50,4427,"independent"
52,4428,"independent"
52,4429,"independent"
48,4430,"independent"
50,4431,"independent"
50,4432,"independent"
46,4433,"independent"
48,4434,"independent"
50,4435,"independent"
48,4436,"independent"
50,4437,"independent"
50,4438,"independent"
52,4439,"independent"
46,4440,"independent"
48,4441,"independent"
48,4442,"independent"
48,4443,"independent"
48,4444,"independent"
50,4445,"independent"
50,4446,"independent"
52,4447,"independent"
50,4448,"independent"
48,4449,"independent"
50,4450,"independent"
50,4451,"independent"
48,4452,"independent"
46,4453,"independent"
50,4454,"independent"
46,4455,"independent"
46,4456,"independent"
50,4457,"independent"
50,4458,"independent"
50,4459,"independent"
50,4460,"independent"
50,4461,"independent"
52,4462,"independent"
48,4463,"independent"
48,4464,"independent"
52,4465,"independent"
50,4466,"independent"
48,4467,"independent"
48,4468,"independent"
48,4469,"independent"
54,4470,"independent"
48,4471,"independent"
48,4472,"independent"
48,4473,"independent"
52,4474,"independent"
48,4475,"independent"
50,4476,"independent"
50,4477,"independent"
50,4478,"independent"
48,4479,"independent"
50,4480,"independent"
48,4481,"independent"
50,4482,"independent"
50,4483,"independent"
48,4484,"independent"
52,4485,"independent"
48,4486,"independent"
52,4487,"independent"
50,4488,"independent"
50,4489,"independent"
50,4490,"independent"
46,4491,"independent"
52,4492,"independent"
52,4493,"independent"
48,4494,"independent"
50,4495,"independent"
48,4496,"independent"
50,4497,"independent"
48,4498,"independent"
48,4499,"independent"
52,4500,"independent"
48,4501,"independent"
52,4502,"independent"
52,4503,"independent"
48,4504,"independent"
46,4505,"independent"
50,4506,"independent"
48,4507,"independent"
48,4508,"independent"
50,4509,"independent"
48,4510,"independent"
50,4511,"independent"
44,4512,"independent"
52,4513,"independent"
50,4514,"independent"
48,4515,"independent"
46,4516,"independent"
50,4517,"independent"
48,4518,"independent"
48,4519,"independent"
50,4520,"independent"
48,4521,"independent"
48,4522,"independent"
48,4523,"independent"
52,4524,"independent"
48,4525,"independent"
48,4526,"independent"
52,4527,"independent"
50,4528,"independent"
50,4529,"independent"
48,4530,"independent"
48,4531,"independent"
50,4532,"independent"
52,4533,"independent"
50,4534,"independent"
50,4535,"independent"
50,4536,"independent"
50,4537,"independent"
52,4538,"independent"
50,4539,"independent"
46,4540,"independent"
48,4541,"independent"
52,4542,"independent"
46,4543,"independent"
50,4544,"independent"
48,4545,"independent"
46,4546,"independent"
48,4547,"independent"
48,4548,"independent"
50,4549,"independent"
50,4550,"independent"
50,4551,"independent"
50,4552,"independent"
50,4553,"independent"
48,4554,"independent"
48,4555,"independent"
46,4556,"independent"
48,4557,"independent"
50,4558,"independent"
48,4559,"independent"
48,4560,"independent"
48,4561,"independent"
50,4562,"independent"
48,4563,"independent"
50,4564,"independent"
52,4565,"independent"
52,4566,"independent"
50,4567,"independent"
50,4568,"independent"
48,4569,"independent"
48,4570,"independent"
48,4571,"independent"
52,4572,"independent"
48,4573,"independent"
52,4574,"independent"
48,4575,"independent"
50,4576,"independent"
52,4577,"independent"
48,4578,"independent"
50,4579,"independent"
48,4580,"independent"
50,4581,"independent"
46,4582,"independent"
48,4583,"independent"
50,4584,"independent"
46,4585,"independent"
50,4586,"independent"
50,4587,"independent"
46,4588,"independent"
52,4589,"independent"
50,4590,"independent"
50,4591,"independent"
50,4592,"independent"
48,4593,"independent"
50,4594,"independent"
48,4595,"independent"
48,4596,"independent"
50,4597,"independent"
48,4598,"independent"
48,4599,"independent"
50,4600,"independent"
48,4601,"independent"
48,4602,"independent"
52,4603,"independent"
48,4604,"independent"
48,4605,"independent"
46,4606,"independent"
48,4607,"independent"
50,4608,"independent"
52,4609,"independent"
50,4610,"independent"
46,4611,"independent"
50,4612,"independent"
48,4613,"independent"
48,4614,"independent"
50,4615,"independent"
48,4616,"independent"
52,4617,"independent"
48,4618,"independent"
50,4619,"independent"
52,4620,"independent"
50,4621,"independent"
52,4622,"independent"
48,4623,"independent"
48,4624,"independent"
50,4625,"independent"
50,4626,"independent"
48,4627,"independent"
48,4628,"independent"
46,4629,"independent"
48,4630,"independent"
48,4631,"independent"
50,4632,"independent"
50,4633,"independent"
50,4634,"independent"
46,4635,"independent"
48,4636,"independent"
46,4637,"independent"
50,4638,"independent"
50,4639,"independent"
50,4640,"independent"
46,4641,"independent"
52,4642,"independent"
48,4643,"independent"
50,4644,"independent"
48,4645,"independent"
50,4646,"independent"
48,4647,"independent"
52,4648,"independent"
50,4649,"independent"
50,4650,"independent"
48,4651,"independent"
50,4652,"independent"
50,4653,"independent"
48,4654,"independent"
50,4655,"independent"
48,4656,"independent"
52,4657,"independent"
52,4658,"independent"
52,4659,"independent"
50,4660,"independent"
50,4661,"independent"
50,4662,"independent"
48,4663,"independent"
50,4664,"independent"
48,4665,"independent"
50,4666,"independent"
50,4667,"independent"
48,4668,"independent"
50,4669,"independent"
46,4670,"independent"
48,4671,"independent"
48,4672,"independent"
52,4673,"independent"
48,4674,"independent"
48,4675,"independent"
50,4676,"independent"
46,4677,"independent"
48,4678,"independent"
48,4679,"independent"
48,4680,"independent"
46,4681,"independent"
48,4682,"independent"
48,4683,"independent"
50,4684,"independent"
50,4685,"independent"
48,4686,"independent"
52,4687,"independent"
48,4688,"independent"
46,4689,"independent"
50,4690,"independent"
50,4691,"independent"
48,4692,"independent"
46,4693,"independent"
48,4694,"independent"
46,4695,"independent"
46,4696,"independent"
48,4697,"independent"
48,4698,"independent"
48,4699,"independent"
50,4700,"independent"
50,4701,"independent"
48,4702,"independent"
50,4703,"independent"
50,4704,"independent"
50,4705,"independent"
50,4706,"independent"
48,4707,"independent"
52,4708,"independent"
48,4709,"independent"
48,4710,"independent"
50,4711,"independent"
48,4712,"independent"
50,4713,"independent"
52,4714,"independent"
48,4715,"independent"
50,4716,"independent"
50,4717,"independent"
48,4718,"independent"
50,4719,"independent"
46,4720,"independent"
50,4721,"independent"
50,4722,"independent"
50,4723,"independent"
48,4724,"independent"
48,4725,"independent"
50,4726,"independent"
46,4727,"independent"
50,4728,"independent"
48,4729,"independent"
48,4730,"independent"
52,4731,"independent"
48,4732,"independent"
50,4733,"independent"
52,4734,"independent"
50,4735,"independent"
48,4736,"independent"
48,4737,"independent"
50,4738,"independent"
52,4739,"independent"
48,4740,"independent"
48,4741,"independent"
48,4742,"independent"
46,4743,"independent"
50,4744,"independent"
50,4745,"independent"
48,4746,"independent"
50,4747,"independent"
52,4748,"independent"
48,4749,"independent"
50,4750,"independent"
48,4751,"independent"
50,4752,"independent"
52,4753,"independent"
48,4754,"independent"
48,4755,"independent"
46,4756,"independent"
50,4757,"independent"
48,4758,"independent"
48,4759,"independent"
50,4760,"independent"
46,4761,"independent"
50,4762,"independent"
50,4763,"independent"
48,4764,"independent"
50,4765,"independent"
50,4766,"independent"
50,4767,"independent"
50,4768,"independent"
48,4769,"independent"
50,4770,"independent"
52,4771,"independent"
50,4772,"independent"
48,4773,"independent"
50,4774,"independent"
46,4775,"independent"
50,4776,"independent"
48,4777,"independent"
52,4778,"independent"
52,4779,"independent"
50,4780,"independent"
50,4781,"independent"
46,4782,"independent"
46,4783,"independent"
50,4784,"independent"
46,4785,"independent"
52,4786,"independent"
52,4787,"independent"
48,4788,"independent"
50,4789,"independent"
48,4790,"independent"
48,4791,"independent"
50,4792,"independent"
50,4793,"independent"
46,4794,"independent"
48,4795,"independent"
50,4796,"independent"
50,4797,"independent"
48,4798,"independent"
52,4799,"independent"
50,4800,"independent"
48,4801,"independent"
52,4802,"independent"
50,4803,"independent"
48,4804,"independent"
52,4805,"independent"
50,4806,"independent"
50,4807,"independent"
48,4808,"independent"
48,4809,"independent"
50,4810,"independent"
48,4811,"independent"
50,4812,"independent"
50,4813,"independent"
50,4814,"independent"
48,4815,"independent"
46,4816,"independent"
50,4817,"independent"
48,4818,"independent"
48,4819,"independent"
52,4820,"independent"
48,4821,"independent"
48,4822,"independent"
50,4823,"independent"
50,4824,"independent"
50,4825,"independent"
48,4826,"independent"
48,4827,"independent"
52,4828,"independent"
50,4829,"independent"
50,4830,"independent"
50,4831,"independent"
50,4832,"independent"
48,4833,"independent"
48,4834,"independent"
48,4835,"independent"
50,4836,"independent"
48,4837,"independent"
52,4838,"independent"
52,4839,"independent"
50,4840,"independent"
52,4841,"independent"
52,4842,"independent"
52,4843,"independent"
50,4844,"independent"
48,4845,"independent"
48,4846,"independent"
50,4847,"independent"
48,4848,"independent"
50,4849,"independent"
50,4850,"independent"
52,4851,"independent"
48,4852,"independent"
50,4853,"independent"
46,4854,"independent"
50,4855,"independent"
50,4856,"independent"
50,4857,"independent"
48,4858,"independent"
50,4859,"independent"
46,4860,"independent"
50,4861,"independent"
50,4862,"independent"
48,4863,"independent"
50,4864,"independent"
52,4865,"independent"
50,4866,"independent"
48,4867,"independent"
50,4868,"independent"
52,4869,"independent"
48,4870,"independent"
46,4871,"independent"
48,4872,"independent"
50,4873,"independent"
50,4874,"independent"
46,4875,"independent"
50,4876,"independent"
52,4877,"independent"
48,4878,"independent"
50,4879,"independent"
50,4880,"independent"
50,4881,"independent"
50,4882,"independent"
50,4883,"independent"
48,4884,"independent"
46,4885,"independent"
50,4886,"independent"
50,4887,"independent"
50,4888,"independent"
50,4889,"independent"
50,4890,"independent"
50,4891,"independent"
52,4892,"independent"
50,4893,"independent"
50,4894,"independent"
52,4895,"independent"
50,4896,"independent"
48,4897,"independent"
48,4898,"independent"
48,4899,"independent"
50,4900,"independent"
50,4901,"independent"
50,4902,"independent"
50,4903,"independent"
50,4904,"independent"
48,4905,"independent"
48,4906,"independent"
48,4907,"independent"
48,4908,"independent"
48,4909,"independent"
50,4910,"independent"
50,4911,"independent"
50,4912,"independent"
48,4913,"independent"
50,4914,"independent"
50,4915,"independent"
50,4916,"independent"
50,4917,"independent"
50,4918,"independent"
46,4919,"independent"
48,4920,"independent"
52,4921,"independent"
48,4922,"independent"
52,4923,"independent"
48,4924,"independent"
46,4925,"independent"
50,4926,"independent"
50,4927,"independent"
50,4928,"independent"
50,4929,"independent"
48,4930,"independent"
48,4931,"independent"
48,4932,"independent"
50,4933,"independent"
50,4934,"independent"
52,4935,"independent"
50,4936,"independent"
48,4937,"independent"
50,4938,"independent"
50,4939,"independent"
48,4940,"independent"
48,4941,"independent"
48,4942,"independent"
52,4943,"independent"
48,4944,"independent"
48,4945,"independent"
50,4946,"independent"
50,4947,"independent"
50,4948,"independent"
48,4949,"independent"
52,4950,"independent"
50,4951,"independent"
50,4952,"independent"
50,4953,"independent"
48,4954,"independent"
50,4955,"independent"
50,4956,"independent"
48,4957,"independent"
50,4958,"independent"
52,4959,"independent"
50,4960,"independent"
48,4961,"independent"
48,4962,"independent"
50,4963,"independent"
50,4964,"independent"
48,4965,"independent"
50,4966,"independent"
50,4967,"independent"
48,4968,"independent"
54,4969,"independent"
48,4970,"independent"
48,4971,"independent"
46,4972,"independent"
48,4973,"independent"
50,4974,"independent"
48,4975,"independent"
48,4976,"independent"
48,4977,"independent"
52,4978,"independent"
48,4979,"independent"
52,4980,"independent"
46,4981,"independent"
50,4982,"independent"
48,4983,"independent"
50,4984,"independent"
50,4985,"independent"
48,4986,"independent"
50,4987,"independent"
48,4988,"independent"
50,4989,"independent"
48,4990,"independent"
52,4991,"independent"
52,4992,"independent"
50,4993,"independent"
48,4994,"independent"
50,4995,"independent"
46,4996,"independent"
48,4997,"independent"
50,4998,"independent"
48,4999,"independent"
54,5000,"independent"
48,5001,"independent"
50,5002,"independent"
48,5003,"independent"
46,5004,"independent"
48,5005,"independent"
48,5006,"independent"
52,5007,"independent"
46,5008,"independent"
48,5009,"independent"
50,5010,"independent"
48,5011,"independent"
48,5012,"independent"
48,5013,"independent"
48,5014,"independent"
50,5015,"independent"
48,5016,"independent"
50,5017,"independent"
46,5018,"independent"
48,5019,"independent"
48,5020,"independent"
46,5021,"independent"
50,5022,"independent"
50,5023,"independent"
48,5024,"independent"
48,5025,"independent"
50,5026,"independent"
48,5027,"independent"
48,5028,"independent"
50,5029,"independent"
50,5030,"independent"
52,5031,"independent"
48,5032,"independent"
48,5033,"independent"
48,5034,"independent"
46,5035,"independent"
50,5036,"independent"
52,5037,"independent"
52,5038,"independent"
50,5039,"independent"
46,5040,"independent"
50,5041,"independent"
48,5042,"independent"
48,5043,"independent"
48,5044,"independent"
48,5045,"independent"
48,5046,"independent"
50,5047,"independent"
48,5048,"independent"
52,5049,"independent"
46,5050,"independent"
50,5051,"independent"
50,5052,"independent"
50,5053,"independent"
50,5054,"independent"
52,5055,"independent"
50,5056,"independent"
50,5057,"independent"
46,5058,"independent"
46,5059,"independent"
48,5060,"independent"
52,5061,"independent"
50,5062,"independent"
52,5063,"independent"
48,5064,"independent"
50,5065,"independent"
50,5066,"independent"
48,5067,"independent"
48,5068,"independent"
48,5069,"independent"
50,5070,"independent"
52,5071,"independent"
52,5072,"independent"
52,5073,"independent"
50,5074,"independent"
48,5075,"independent"
50,5076,"independent"
48,5077,"independent"
50,5078,"independent"
50,5079,"independent"
50,5080,"independent"
50,5081,"independent"
52,5082,"independent"
46,5083,"independent"
48,5084,"independent"
50,5085,"independent"
50,5086,"independent"
48,5087,"independent"
48,5088,"independent"
48,5089,"independent"
50,5090,"independent"
48,5091,"independent"
48,5092,"independent"
48,5093,"independent"
48,5094,"independent"
48,5095,"independent"
50,5096,"independent"
52,5097,"independent"
52,5098,"independent"
48,5099,"independent"
48,5100,"independent"
48,5101,"independent"
50,5102,"independent"
52,5103,"independent"
48,5104,"independent"
48,5105,"independent"
48,5106,"independent"
48,5107,"independent"
48,5108,"independent"
48,5109,"independent"
50,5110,"independent"
46,5111,"independent"
48,5112,"independent"
48,5113,"independent"
50,5114,"independent"
46,5115,"independent"
48,5116,"independent"
50,5117,"independent"
46,5118,"independent"
48,5119,"independent"
50,5120,"independent"
48,5121,"independent"
46,5122,"independent"
48,5123,"independent"
46,5124,"independent"
48,5125,"independent"
46,5126,"independent"
48,5127,"independent"
50,5128,"independent"
50,5129,"independent"
50,5130,"independent"
52,5131,"independent"
52,5132,"independent"
50,5133,"independent"
48,5134,"independent"
50,5135,"independent"
52,5136,"independent"
48,5137,"independent"
46,5138,"independent"
50,5139,"independent"
50,5140,"independent"
48,5141,"independent"
48,5142,"independent"
50,5143,"independent"
48,5144,"independent"
50,5145,"independent"
50,5146,"independent"
50,5147,"independent"
46,5148,"independent"
52,5149,"independent"
48,5150,"independent"
52,5151,"independent"
48,5152,"independent"
48,5153,"independent"
48,5154,"independent"
48,5155,"independent"
50,5156,"independent"
50,5157,"independent"
50,5158,"independent"
50,5159,"independent"
50,5160,"independent"
48,5161,"independent"
52,5162,"independent"
46,5163,"independent"
48,5164,"independent"
48,5165,"independent"
52,5166,"independent"
46,5167,"independent"
50,5168,"independent"
48,5169,"independent"
50,5170,"independent"
50,5171,"independent"
52,5172,"independent"
48,5173,"independent"
52,5174,"independent"
50,5175,"independent"
48,5176,"independent"
46,5177,"independent"
48,5178,"independent"
48,5179,"independent"
50,5180,"independent"
50,5181,"independent"
48,5182,"independent"
48,5183,"independent"
50,5184,"independent"
48,5185,"independent"
50,5186,"independent"
52,5187,"independent"
52,5188,"independent"
46,5189,"independent"
48,5190,"independent"
52,5191,"independent"
52,5192,"independent"
50,5193,"independent"
48,5194,"independent"
50,5195,"independent"
50,5196,"independent"
50,5197,"independent"
46,5198,"independent"
50,5199,"independent"
50,5200,"independent"
50,5201,"independent"
50,5202,"independent"
48,5203,"independent"
50,5204,"independent"
46,5205,"independent"
50,5206,"independent"
48,5207,"independent"
48,5208,"independent"
48,5209,"independent"
50,5210,"independent"
50,5211,"independent"
50,5212,"independent"
50,5213,"independent"
50,5214,"independent"
48,5215,"independent"
48,5216,"independent"
52,5217,"independent"
48,5218,"independent"
50,5219,"independent"
48,5220,"independent"
48,5221,"independent"
52,5222,"independent"
52,5223,"independent"
50,5224,"independent"
46,5225,"independent"
48,5226,"independent"
48,5227,"independent"
48,5228,"independent"
48,5229,"independent"
50,5230,"independent"
50,5231,"independent"
48,5232,"independent"
52,5233,"independent"
50,5234,"independent"
50,5235,"independent"
52,5236,"independent"
48,5237,"independent"
48,5238,"independent"
48,5239,"independent"
48,5240,"independent"
50,5241,"independent"
48,5242,"independent"
46,5243,"independent"
52,5244,"independent"
46,5245,"independent"
52,5246,"independent"
50,5247,"independent"
48,5248,"independent"
50,5249,"independent"
48,5250,"independent"
48,5251,"independent"
50,5252,"independent"
50,5253,"independent"
50,5254,"independent"
50,5255,"independent"
50,5256,"independent"
52,5257,"independent"
50,5258,"independent"
50,5259,"independent"
50,5260,"independent"
50,5261,"independent"
50,5262,"independent"
48,5263,"independent"
48,5264,"independent"
48,5265,"independent"
48,5266,"independent"
48,5267,"independent"
50,5268,"independent"
46,5269,"independent"
48,5270,"independent"
50,5271,"independent"
48,5272,"independent"
48,5273,"independent"
50,5274,"independent"
48,5275,"independent"
50,5276,"independent"
50,5277,"independent"
50,5278,"independent"
52,5279,"independent"
52,5280,"independent"
50,5281,"independent"
48,5282,"independent"
48,5283,"independent"
52,5284,"independent"
52,5285,"independent"
48,5286,"independent"
52,5287,"independent"
50,5288,"independent"
50,5289,"independent"
48,5290,"independent"
48,5291,"independent"
50,5292,"independent"
52,5293,"independent"
48,5294,"independent"
50,5295,"independent"
52,5296,"independent"
50,5297,"independent"
48,5298,"independent"
50,5299,"independent"
52,5300,"independent"
48,5301,"independent"
50,5302,"independent"
50,5303,"independent"
52,5304,"independent"
48,5305,"independent"
48,5306,"independent"
46,5307,"independent"
50,5308,"independent"
50,5309,"independent"
46,5310,"independent"
52,5311,"independent"
50,5312,"independent"
48,5313,"independent"
48,5314,"independent"
52,5315,"independent"
52,5316,"independent"
52,5317,"independent"
48,5318,"independent"
48,5319,"independent"
48,5320,"independent"
50,5321,"independent"
48,5322,"independent"
48,5323,"independent"
48,5324,"independent"
48,5325,"independent"
50,5326,"independent"
50,5327,"independent"
48,5328,"independent"
46,5329,"independent"
46,5330,"independent"
48,5331,"independent"
50,5332,"independent"
48,5333,"independent"
48,5334,"independent"
50,5335,"independent"
48,5336,"independent"
50,5337,"independent"
50,5338,"independent"
48,5339,"independent"
50,5340,"independent"
50,5341,"independent"
46,5342,"independent"
50,5343,"independent"
50,5344,"independent"
46,5345,"independent"
48,5346,"independent"
48,5347,"independent"
48,5348,"independent"
50,5349,"independent"
50,5350,"independent"
50,5351,"independent"
50,5352,"independent"
52,5353,"independent"
48,5354,"independent"
50,5355,"independent"
50,5356,"independent"
48,5357,"independent"
48,5358,"independent"
48,5359,"independent"
46,5360,"independent"
46,5361,"independent"
50,5362,"independent"
52,5363,"independent"
48,5364,"independent"
50,5365,"independent"
52,5366,"independent"
50,5367,"independent"
52,5368,"independent"
50,5369,"independent"
50,5370,"independent"
50,5371,"independent"
48,5372,"independent"
52,5373,"independent"
48,5374,"independent"
48,5375,"independent"
48,5376,"independent"
50,5377,"independent"
50,5378,"independent"
48,5379,"independent"
52,5380,"independent"
52,5381,"independent"
48,5382,"independent"
48,5383,"independent"
48,5384,"independent"
46,5385,"independent"
48,5386,"independent"
48,5387,"independent"
52,5388,"independent"
48,5389,"independent"
50,5390,"independent"
52,5391,"independent"
50,5392,"independent"
50,5393,"independent"
50,5394,"independent"
46,5395,"independent"
48,5396,"independent"
52,5397,"independent"
52,5398,"independent"
50,5399,"independent"
50,5400,"independent"
50,5401,"independent"
50,5402,"independent"
46,5403,"independent"
54,5404,"independent"
48,5405,"independent"
48,5406,"independent"
52,5407,"independent"
52,5408,"independent"
52,5409,"independent"
50,5410,"independent"
52,5411,"independent"
48,5412,"independent"
50,5413,"independent"
50,5414,"independent"
50,5415,"independent"
48,5416,"independent"
50,5417,"independent"
48,5418,"independent"
50,5419,"independent"
52,5420,"independent"
48,5421,"independent"
48,5422,"independent"
52,5423,"independent"
52,5424,"independent"
50,5425,"independent"
48,5426,"independent"
50,5427,"independent"
48,5428,"independent"
48,5429,"independent"
48,5430,"independent"
48,5431,"independent"
48,5432,"independent"
48,5433,"independent"
48,5434,"independent"
50,5435,"independent"
48,5436,"independent"
46,5437,"independent"
48,5438,"independent"
48,5439,"independent"
48,5440,"independent"
52,5441,"independent"
46,5442,"independent"
48,5443,"independent"
48,5444,"independent"
48,5445,"independent"
50,5446,"independent"
50,5447,"independent"
52,5448,"independent"
52,5449,"independent"
52,5450,"independent"
50,5451,"independent"
50,5452,"independent"
50,5453,"independent"
48,5454,"independent"
50,5455,"independent"
52,5456,"independent"
48,5457,"independent"
46,5458,"independent"
48,5459,"independent"
48,5460,"independent"
52,5461,"independent"
48,5462,"independent"
50,5463,"independent"
52,5464,"independent"
50,5465,"independent"
46,5466,"independent"
48,5467,"independent"
48,5468,"independent"
50,5469,"independent"
48,5470,"independent"
48,5471,"independent"
52,5472,"independent"
48,5473,"independent"
48,5474,"independent"
50,5475,"independent"
48,5476,"independent"
48,5477,"independent"
50,5478,"independent"
48,5479,"independent"
46,5480,"independent"
48,5481,"independent"
50,5482,"independent"
50,5483,"independent"
48,5484,"independent"
50,5485,"independent"
50,5486,"independent"
50,5487,"independent"
52,5488,"independent"
46,5489,"independent"
48,5490,"independent"
52,5491,"independent"
48,5492,"independent"
48,5493,"independent"
48,5494,"independent"
50,5495,"independent"
48,5496,"independent"
48,5497,"independent"
48,5498,"independent"
50,5499,"independent"
48,5500,"independent"
48,5501,"independent"
50,5502,"independent"
46,5503,"independent"
50,5504,"independent"
46,5505,"independent"
46,5506,"independent"
48,5507,"independent"
48,5508,"independent"
50,5509,"independent"
48,5510,"independent"
48,5511,"independent"
46,5512,"independent"
50,5513,"independent"
50,5514,"independent"
48,5515,"independent"
48,5516,"independent"
48,5517,"independent"
52,5518,"independent"
48,5519,"independent"
50,5520,"independent"
50,5521,"independent"
52,5522,"independent"
50,5523,"independent"
46,5524,"independent"
48,5525,"independent"
46,5526,"independent"
48,5527,"independent"
50,5528,"independent"
50,5529,"independent"
50,5530,"independent"
48,5531,"independent"
48,5532,"independent"
48,5533,"independent"
46,5534,"independent"
50,5535,"independent"
52,5536,"independent"
48,5537,"independent"
50,5538,"independent"
52,5539,"independent"
50,5540,"independent"
50,5541,"independent"
48,5542,"independent"
50,5543,"independent"
48,5544,"independent"
50,5545,"independent"
50,5546,"independent"
48,5547,"independent"
52,5548,"independent"
48,5549,"independent"
48,5550,"independent"
50,5551,"independent"
50,5552,"independent"
46,5553,"independent"
48,5554,"independent"
52,5555,"independent"
48,5556,"independent"
52,5557,"independent"
50,5558,"independent"
50,5559,"independent"
48,5560,"independent"
48,5561,"independent"
50,5562,"independent"
50,5563,"independent"
48,5564,"independent"
50,5565,"independent"
52,5566,"independent"
50,5567,"independent"
46,5568,"independent"
50,5569,"independent"
50,5570,"independent"
48,5571,"independent"
46,5572,"independent"
48,5573,"independent"
52,5574,"independent"
48,5575,"independent"
52,5576,"independent"
50,5577,"independent"
50,5578,"independent"
48,5579,"independent"
48,5580,"independent"
50,5581,"independent"
52,5582,"independent"
52,5583,"independent"
48,5584,"independent"
50,5585,"independent"
52,5586,"independent"
52,5587,"independent"
52,5588,"independent"
48,5589,"independent"
48,5590,"independent"
52,5591,"independent"
50,5592,"independent"
48,5593,"independent"
46,5594,"independent"
50,5595,"independent"
48,5596,"independent"
50,5597,"independent"
48,5598,"independent"
50,5599,"independent"
48,5600,"independent"
48,5601,"independent"
48,5602,"independent"
50,5603,"independent"
52,5604,"independent"
50,5605,"independent"
48,5606,"independent"
52,5607,"independent"
46,5608,"independent"
52,5609,"independent"
50,5610,"independent"
50,5611,"independent"
46,5612,"independent"
50,5613,"independent"
50,5614,"independent"
46,5615,"independent"
50,5616,"independent"
52,5617,"independent"
48,5618,"independent"
48,5619,"independent"
48,5620,"independent"
52,5621,"independent"
50,5622,"independent"
50,5623,"independent"
52,5624,"independent"
48,5625,"independent"
52,5626,"independent"
50,5627,"independent"
52,5628,"independent"
50,5629,"independent"
50,5630,"independent"
50,5631,"independent"
50,5632,"independent"
50,5633,"independent"
50,5634,"independent"
50,5635,"independent"
52,5636,"independent"
52,5637,"independent"
48,5638,"independent"
46,5639,"independent"
50,5640,"independent"
50,5641,"independent"
50,5642,"independent"
46,5643,"independent"
50,5644,"independent"
52,5645,"independent"
50,5646,"independent"
48,5647,"independent"
50,5648,"independent"
48,5649,"independent"
46,5650,"independent"
48,5651,"independent"
48,5652,"independent"
48,5653,"independent"
48,5654,"independent"
48,5655,"independent"
50,5656,"independent"
50,5657,"independent"
48,5658,"independent"
46,5659,"independent"
52,5660,"independent"
48,5661,"independent"
46,5662,"independent"
46,5663,"independent"
48,5664,"independent"
50,5665,"independent"
50,5666,"independent"
50,5667,"independent"
48,5668,"independent"
48,5669,"independent"
48,5670,"independent"
50,5671,"independent"
48,5672,"independent"
46,5673,"independent"
52,5674,"independent"
46,5675,"independent"
48,5676,"independent"
50,5677,"independent"
52,5678,"independent"
50,5679,"independent"
50,5680,"independent"
50,5681,"independent"
46,5682,"independent"
50,5683,"independent"
48,5684,"independent"
52,5685,"independent"
50,5686,"independent"
52,5687,"independent"
50,5688,"independent"
48,5689,"independent"
50,5690,"independent"
46,5691,"independent"
50,5692,"independent"
50,5693,"independent"
46,5694,"independent"
52,5695,"independent"
52,5696,"independent"
48,5697,"independent"
48,5698,"independent"
50,5699,"independent"
50,5700,"independent"
52,5701,"independent"
50,5702,"independent"
52,5703,"independent"
50,5704,"independent"
50,5705,"independent"
48,5706,"independent"
52,5707,"independent"
48,5708,"independent"
46,5709,"independent"
50,5710,"independent"
52,5711,"independent"
48,5712,"independent"
48,5713,"independent"
50,5714,"independent"
52,5715,"independent"
48,5716,"independent"
48,5717,"independent"
46,5718,"independent"
50,5719,"independent"
48,5720,"independent"
50,5721,"independent"
48,5722,"independent"
50,5723,"independent"
50,5724,"independent"
50,5725,"independent"
52,5726,"independent"
50,5727,"independent"
50,5728,"independent"
46,5729,"independent"
48,5730,"independent"
48,5731,"independent"
50,5732,"independent"
50,5733,"independent"
50,5734,"independent"
48,5735,"independent"
50,5736,"independent"
50,5737,"independent"
48,5738,"independent"
50,5739,"independent"
48,5740,"independent"
50,5741,"independent"
50,5742,"independent"
48,5743,"independent"
50,5744,"independent"
48,5745,"independent"
52,5746,"independent"
50,5747,"independent"
50,5748,"independent"
50,5749,"independent"
52,5750,"independent"
50,5751,"independent"
48,5752,"independent"
46,5753,"independent"
48,5754,"independent"
48,5755,"independent"
48,5756,"independent"
50,5757,"independent"
50,5758,"independent"
50,5759,"independent"
50,5760,"independent"
48,5761,"independent"
48,5762,"independent"
48,5763,"independent"
52,5764,"independent"
50,5765,"independent"
46,5766,"independent"
48,5767,"independent"
48,5768,"independent"
48,5769,"independent"
48,5770,"independent"
48,5771,"independent"
48,5772,"independent"
50,5773,"independent"
48,5774,"independent"
48,5775,"independent"
48,5776,"independent"
48,5777,"independent"
48,5778,"independent"
48,5779,"independent"
50,5780,"independent"
52,5781,"independent"
48,5782,"independent"
48,5783,"independent"
52,5784,"independent"
50,5785,"independent"
48,5786,"independent"
48,5787,"independent"
48,5788,"independent"
50,5789,"independent"
50,5790,"independent"
50,5791,"independent"
48,5792,"independent"
50,5793,"independent"
52,5794,"independent"
50,5795,"independent"
52,5796,"independent"
48,5797,"independent"
50,5798,"independent"
46,5799,"independent"
46,5800,"independent"
48,5801,"independent"
50,5802,"independent"
46,5803,"independent"
46,5804,"independent"
50,5805,"independent"
50,5806,"independent"
50,5807,"independent"
48,5808,"independent"
50,5809,"independent"
48,5810,"independent"
48,5811,"independent"
50,5812,"independent"
50,5813,"independent"
50,5814,"independent"
48,5815,"independent"
50,5816,"independent"
48,5817,"independent"
48,5818,"independent"
50,5819,"independent"
46,5820,"independent"
48,5821,"independent"
44,5822,"independent"
48,5823,"independent"
50,5824,"independent"
48,5825,"independent"
50,5826,"independent"
52,5827,"independent"
52,5828,"independent"
50,5829,"independent"
50,5830,"independent"
50,5831,"independent"
52,5832,"independent"
50,5833,"independent"
48,5834,"independent"
46,5835,"independent"
50,5836,"independent"
46,5837,"independent"
48,5838,"independent"
46,5839,"independent"
48,5840,"independent"
48,5841,"independent"
48,5842,"independent"
48,5843,"independent"
48,5844,"independent"
48,5845,"independent"
50,5846,"independent"
50,5847,"independent"
48,5848,"independent"
50,5849,"independent"
52,5850,"independent"
52,5851,"independent"
48,5852,"independent"
46,5853,"independent"
52,5854,"independent"
50,5855,"independent"
48,5856,"independent"
50,5857,"independent"
50,5858,"independent"
50,5859,"independent"
50,5860,"independent"
46,5861,"independent"
48,5862,"independent"
46,5863,"independent"
48,5864,"independent"
50,5865,"independent"
50,5866,"independent"
48,5867,"independent"
48,5868,"independent"
50,5869,"independent"
46,5870,"independent"
50,5871,"independent"
50,5872,"independent"
48,5873,"independent"
50,5874,"independent"
50,5875,"independent"
50,5876,"independent"
50,5877,"independent"
48,5878,"independent"
50,5879,"independent"
48,5880,"independent"
46,5881,"independent"
46,5882,"independent"
50,5883,"independent"
48,5884,"independent"
50,5885,"independent"
50,5886,"independent"
50,5887,"independent"
50,5888,"independent"
52,5889,"independent"
48,5890,"independent"
50,5891,"independent"
48,5892,"independent"
48,5893,"independent"
46,5894,"independent"
48,5895,"independent"
46,5896,"independent"
50,5897,"independent"
50,5898,"independent"
52,5899,"independent"
48,5900,"independent"
50,5901,"independent"
50,5902,"independent"
50,5903,"independent"
50,5904,"independent"
52,5905,"independent"
50,5906,"independent"
50,5907,"independent"
50,5908,"independent"
48,5909,"independent"
50,5910,"independent"
48,5911,"independent"
48,5912,"independent"
50,5913,"independent"
48,5914,"independent"
50,5915,"independent"
52,5916,"independent"
50,5917,"independent"
46,5918,"independent"
52,5919,"independent"
48,5920,"independent"
50,5921,"independent"
52,5922,"independent"
50,5923,"independent"
46,5924,"independent"
46,5925,"independent"
50,5926,"independent"
46,5927,"independent"
50,5928,"independent"
50,5929,"independent"
48,5930,"independent"
50,5931,"independent"
50,5932,"independent"
50,5933,"independent"
48,5934,"independent"
46,5935,"independent"
52,5936,"independent"
50,5937,"independent"
50,5938,"independent"
50,5939,"independent"
52,5940,"independent"
50,5941,"independent"
50,5942,"independent"
50,5943,"independent"
50,5944,"independent"
52,5945,"independent"
52,5946,"independent"
50,5947,"independent"
46,5948,"independent"
48,5949,"independent"
50,5950,"independent"
48,5951,"independent"
50,5952,"independent"
48,5953,"independent"
48,5954,"independent"
50,5955,"independent"
50,5956,"independent"
46,5957,"independent"
50,5958,"independent"
50,5959,"independent"
46,5960,"independent"
48,5961,"independent"
50,5962,"independent"
48,5963,"independent"
52,5964,"independent"
50,5965,"independent"
48,5966,"independent"
52,5967,"independent"
48,5968,"independent"
50,5969,"independent"
52,5970,"independent"
50,5971,"independent"
46,5972,"independent"
48,5973,"independent"
50,5974,"independent"
48,5975,"independent"
50,5976,"independent"
52,5977,"independent"
50,5978,"independent"
54,5979,"independent"
50,5980,"independent"
52,5981,"independent"
48,5982,"independent"
50,5983,"independent"
46,5984,"independent"
46,5985,"independent"
50,5986,"independent"
48,5987,"independent"
48,5988,"independent"
50,5989,"independent"
48,5990,"independent"
50,5991,"independent"
50,5992,"independent"
50,5993,"independent"
48,5994,"independent"
48,5995,"independent"
48,5996,"independent"
50,5997,"independent"
50,5998,"independent"
52,5999,"independent"
50,6000,"independent"
48,6001,"independent"
50,6002,"independent"
48,6003,"independent"
48,6004,"independent"
48,6005,"independent"
50,6006,"independent"
48,6007,"independent"
46,6008,"independent"
48,6009,"independent"
48,6010,"independent"
48,6011,"independent"
50,6012,"independent"
46,6013,"independent"
50,6014,"independent"
48,6015,"independent"
46,6016,"independent"
50,6017,"independent"
48,6018,"independent"
48,6019,"independent"
48,6020,"independent"
48,6021,"independent"
48,6022,"independent"
50,6023,"independent"
52,6024,"independent"
50,6025,"independent"
50,6026,"independent"
48,6027,"independent"
50,6028,"independent"
50,6029,"independent"
46,6030,"independent"
50,6031,"independent"
48,6032,"independent"
48,6033,"independent"
48,6034,"independent"
52,6035,"independent"
52,6036,"independent"
48,6037,"independent"
48,6038,"independent"
52,6039,"independent"
48,6040,"independent"
50,6041,"independent"
50,6042,"independent"
50,6043,"independent"
46,6044,"independent"
48,6045,"independent"
50,6046,"independent"
52,6047,"independent"
48,6048,"independent"
48,6049,"independent"
48,6050,"independent"
52,6051,"independent"
48,6052,"independent"
48,6053,"independent"
50,6054,"independent"
52,6055,"independent"
48,6056,"independent"
50,6057,"independent"
48,6058,"independent"
48,6059,"independent"
48,6060,"independent"
52,6061,"independent"
48,6062,"independent"
50,6063,"independent"
50,6064,"independent"
48,6065,"independent"
48,6066,"independent"
50,6067,"independent"
48,6068,"independent"
52,6069,"independent"
48,6070,"independent"
50,6071,"independent"
48,6072,"independent"
48,6073,"independent"
48,6074,"independent"
50,6075,"independent"
50,6076,"independent"
48,6077,"independent"
48,6078,"independent"
50,6079,"independent"
52,6080,"independent"
52,6081,"independent"
52,6082,"independent"
48,6083,"independent"
50,6084,"independent"
48,6085,"independent"
48,6086,"independent"
46,6087,"independent"
48,6088,"independent"
50,6089,"independent"
46,6090,"independent"
48,6091,"independent"
48,6092,"independent"
50,6093,"independent"
50,6094,"independent"
46,6095,"independent"
50,6096,"independent"
52,6097,"independent"
50,6098,"independent"
50,6099,"independent"
50,6100,"independent"
52,6101,"independent"
50,6102,"independent"
50,6103,"independent"
48,6104,"independent"
52,6105,"independent"
46,6106,"independent"
48,6107,"independent"
48,6108,"independent"
50,6109,"independent"
50,6110,"independent"
52,6111,"independent"
48,6112,"independent"
50,6113,"independent"
50,6114,"independent"
50,6115,"independent"
52,6116,"independent"
48,6117,"independent"
48,6118,"independent"
48,6119,"independent"
50,6120,"independent"
50,6121,"independent"
48,6122,"independent"
48,6123,"independent"
52,6124,"independent"
48,6125,"independent"
50,6126,"independent"
46,6127,"independent"
48,6128,"independent"
48,6129,"independent"
48,6130,"independent"
48,6131,"independent"
50,6132,"independent"
50,6133,"independent"
50,6134,"independent"
48,6135,"independent"
48,6136,"independent"
52,6137,"independent"
50,6138,"independent"
48,6139,"independent"
50,6140,"independent"
48,6141,"independent"
50,6142,"independent"
46,6143,"independent"
50,6144,"independent"
46,6145,"independent"
50,6146,"independent"
50,6147,"independent"
48,6148,"independent"
44,6149,"independent"
50,6150,"independent"
50,6151,"independent"
48,6152,"independent"
50,6153,"independent"
48,6154,"independent"
50,6155,"independent"
48,6156,"independent"
50,6157,"independent"
46,6158,"independent"
48,6159,"independent"
48,6160,"independent"
48,6161,"independent"
48,6162,"independent"
48,6163,"independent"
50,6164,"independent"
46,6165,"independent"
46,6166,"independent"
50,6167,"independent"
48,6168,"independent"
50,6169,"independent"
52,6170,"independent"
50,6171,"independent"
50,6172,"independent"
48,6173,"independent"
52,6174,"independent"
50,6175,"independent"
48,6176,"independent"
48,6177,"independent"
54,6178,"independent"
50,6179,"independent"
48,6180,"independent"
50,6181,"independent"
50,6182,"independent"
50,6183,"independent"
50,6184,"independent"
50,6185,"independent"
50,6186,"independent"
50,6187,"independent"
50,6188,"independent"
52,6189,"independent"
50,6190,"independent"
48,6191,"independent"
52,6192,"independent"
46,6193,"independent"
48,6194,"independent"
48,6195,"independent"
50,6196,"independent"
50,6197,"independent"
48,6198,"independent"
50,6199,"independent"
50,6200,"independent"
52,6201,"independent"
50,6202,"independent"
48,6203,"independent"
48,6204,"independent"
50,6205,"independent"
48,6206,"independent"
46,6207,"independent"
50,6208,"independent"
48,6209,"independent"
48,6210,"independent"
48,6211,"independent"
50,6212,"independent"
48,6213,"independent"
48,6214,"independent"
48,6215,"independent"
48,6216,"independent"
48,6217,"independent"
46,6218,"independent"
46,6219,"independent"
50,6220,"independent"
50,6221,"independent"
46,6222,"independent"
48,6223,"independent"
50,6224,"independent"
52,6225,"independent"
50,6226,"independent"
48,6227,"independent"
50,6228,"independent"
48,6229,"independent"
50,6230,"independent"
48,6231,"independent"
48,6232,"independent"
46,6233,"independent"
50,6234,"independent"
50,6235,"independent"
48,6236,"independent"
48,6237,"independent"
48,6238,"independent"
50,6239,"independent"
50,6240,"independent"
48,6241,"independent"
50,6242,"independent"
50,6243,"independent"
52,6244,"independent"
50,6245,"independent"
46,6246,"independent"
48,6247,"independent"
50,6248,"independent"
48,6249,"independent"
50,6250,"independent"
52,6251,"independent"
50,6252,"independent"
50,6253,"independent"
50,6254,"independent"
46,6255,"independent"
48,6256,"independent"
50,6257,"independent"
46,6258,"independent"
52,6259,"independent"
48,6260,"independent"
50,6261,"independent"
48,6262,"independent"
50,6263,"independent"
50,6264,"independent"
48,6265,"independent"
48,6266,"independent"
52,6267,"independent"
48,6268,"independent"
48,6269,"independent"
48,6270,"independent"
50,6271,"independent"
48,6272,"independent"
50,6273,"independent"
50,6274,"independent"
52,6275,"independent"
52,6276,"independent"
50,6277,"independent"
48,6278,"independent"
50,6279,"independent"
50,6280,"independent"
50,6281,"independent"
46,6282,"independent"
46,6283,"independent"
48,6284,"independent"
52,6285,"independent"
48,6286,"independent"
50,6287,"independent"
50,6288,"independent"
50,6289,"independent"
52,6290,"independent"
52,6291,"independent"
50,6292,"independent"
50,6293,"independent"
46,6294,"independent"
46,6295,"independent"
48,6296,"independent"
52,6297,"independent"
52,6298,"independent"
48,6299,"independent"
50,6300,"independent"
48,6301,"independent"
48,6302,"independent"
50,6303,"independent"
52,6304,"independent"
50,6305,"independent"
48,6306,"independent"
48,6307,"independent"
50,6308,"independent"
50,6309,"independent"
48,6310,"independent"
50,6311,"independent"
52,6312,"independent"
50,6313,"independent"
52,6314,"independent"
48,6315,"independent"
46,6316,"independent"
50,6317,"independent"
50,6318,"independent"
48,6319,"independent"
50,6320,"independent"
48,6321,"independent"
46,6322,"independent"
50,6323,"independent"
48,6324,"independent"
48,6325,"independent"
52,6326,"independent"
50,6327,"independent"
48,6328,"independent"
46,6329,"independent"
48,6330,"independent"
48,6331,"independent"
50,6332,"independent"
48,6333,"independent"
50,6334,"independent"
48,6335,"independent"
48,6336,"independent"
48,6337,"independent"
46,6338,"independent"
48,6339,"independent"
48,6340,"independent"
50,6341,"independent"
48,6342,"independent"
48,6343,"independent"
46,6344,"independent"
48,6345,"independent"
46,6346,"independent"
48,6347,"independent"
50,6348,"independent"
48,6349,"independent"
50,6350,"independent"
50,6351,"independent"
50,6352,"independent"
50,6353,"independent"
48,6354,"independent"
48,6355,"independent"
48,6356,"independent"
48,6357,"independent"
44,6358,"independent"
48,6359,"independent"
46,6360,"independent"
48,6361,"independent"
48,6362,"independent"
50,6363,"independent"
52,6364,"independent"
50,6365,"independent"
52,6366,"independent"
48,6367,"independent"
48,6368,"independent"
50,6369,"independent"
52,6370,"independent"
46,6371,"independent"
48,6372,"independent"
52,6373,"independent"
52,6374,"independent"
46,6375,"independent"
48,6376,"independent"
48,6377,"independent"
46,6378,"independent"
50,6379,"independent"
50,6380,"independent"
50,6381,"independent"
52,6382,"independent"
50,6383,"independent"
48,6384,"independent"
48,6385,"independent"
52,6386,"independent"
46,6387,"independent"
50,6388,"independent"
50,6389,"independent"
50,6390,"independent"
48,6391,"independent"
48,6392,"independent"
50,6393,"independent"
50,6394,"independent"
50,6395,"independent"
50,6396,"independent"
48,6397,"independent"
46,6398,"independent"
48,6399,"independent"
50,6400,"independent"
46,6401,"independent"
50,6402,"independent"
48,6403,"independent"
46,6404,"independent"
48,6405,"independent"
48,6406,"independent"
52,6407,"independent"
50,6408,"independent"
48,6409,"independent"
52,6410,"independent"
50,6411,"independent"
50,6412,"independent"
48,6413,"independent"
48,6414,"independent"
52,6415,"independent"
48,6416,"independent"
48,6417,"independent"
48,6418,"independent"
50,6419,"independent"
50,6420,"independent"
48,6421,"independent"
48,6422,"independent"
52,6423,"independent"
48,6424,"independent"
48,6425,"independent"
50,6426,"independent"
52,6427,"independent"
48,6428,"independent"
50,6429,"independent"
50,6430,"independent"
50,6431,"independent"
48,6432,"independent"
50,6433,"independent"
48,6434,"independent"
48,6435,"independent"
48,6436,"independent"
48,6437,"independent"
50,6438,"independent"
48,6439,"independent"
52,6440,"independent"
46,6441,"independent"
50,6442,"independent"
46,6443,"independent"
50,6444,"independent"
50,6445,"independent"
50,6446,"independent"
50,6447,"independent"
48,6448,"independent"
50,6449,"independent"
46,6450,"independent"
50,6451,"independent"
48,6452,"independent"
50,6453,"independent"
50,6454,"independent"
48,6455,"independent"
50,6456,"independent"
52,6457,"independent"
50,6458,"independent"
50,6459,"independent"
50,6460,"independent"
50,6461,"independent"
48,6462,"independent"
52,6463,"independent"
50,6464,"independent"
48,6465,"independent"
50,6466,"independent"
48,6467,"independent"
50,6468,"independent"
48,6469,"independent"
52,6470,"independent"
52,6471,"independent"
52,6472,"independent"
50,6473,"independent"
48,6474,"independent"
48,6475,"independent"
48,6476,"independent"
48,6477,"independent"
48,6478,"independent"
48,6479,"independent"
46,6480,"independent"
50,6481,"independent"
52,6482,"independent"
52,6483,"independent"
50,6484,"independent"
52,6485,"independent"
48,6486,"independent"
50,6487,"independent"
52,6488,"independent"
52,6489,"independent"
48,6490,"independent"
48,6491,"independent"
48,6492,"independent"
46,6493,"independent"
48,6494,"independent"
48,6495,"independent"
46,6496,"independent"
48,6497,"independent"
48,6498,"independent"
48,6499,"independent"
50,6500,"independent"
48,6501,"independent"
48,6502,"independent"
46,6503,"independent"
50,6504,"independent"
46,6505,"independent"
46,6506,"independent"
52,6507,"independent"
48,6508,"independent"
48,6509,"independent"
48,6510,"independent"
48,6511,"independent"
50,6512,"independent"
48,6513,"independent"
48,6514,"independent"
48,6515,"independent"
48,6516,"independent"
46,6517,"independent"
46,6518,"independent"
46,6519,"independent"
50,6520,"independent"
50,6521,"independent"
50,6522,"independent"
50,6523,"independent"
52,6524,"independent"
50,6525,"independent"
48,6526,"independent"
48,6527,"independent"
50,6528,"independent"
50,6529,"independent"
50,6530,"independent"
50,6531,"independent"
52,6532,"independent"
50,6533,"independent"
52,6534,"independent"
50,6535,"independent"
48,6536,"independent"
48,6537,"independent"
46,6538,"independent"
48,6539,"independent"
50,6540,"independent"
50,6541,"independent"
48,6542,"independent"
48,6543,"independent"
48,6544,"independent"
50,6545,"independent"
48,6546,"independent"
48,6547,"independent"
48,6548,"independent"
46,6549,"independent"
50,6550,"independent"
50,6551,"independent"
50,6552,"independent"
52,6553,"independent"
48,6554,"independent"
46,6555,"independent"
44,6556,"independent"
52,6557,"independent"
50,6558,"independent"
50,6559,"independent"
50,6560,"independent"
48,6561,"independent"
48,6562,"independent"
48,6563,"independent"
50,6564,"independent"
48,6565,"independent"
48,6566,"independent"
48,6567,"independent"
48,6568,"independent"
50,6569,"independent"
46,6570,"independent"
50,6571,"independent"
48,6572,"independent"
48,6573,"independent"
48,6574,"independent"
50,6575,"independent"
46,6576,"independent"
48,6577,"independent"
50,6578,"independent"
50,6579,"independent"
48,6580,"independent"
52,6581,"independent"
48,6582,"independent"
48,6583,"independent"
52,6584,"independent"
50,6585,"independent"
50,6586,"independent"
52,6587,"independent"
50,6588,"independent"
48,6589,"independent"
52,6590,"independent"
48,6591,"independent"
50,6592,"independent"
50,6593,"independent"
52,6594,"independent"
50,6595,"independent"
46,6596,"independent"
50,6597,"independent"
52,6598,"independent"
50,6599,"independent"
46,6600,"independent"
50,6601,"independent"
46,6602,"independent"
46,6603,"independent"
52,6604,"independent"
50,6605,"independent"
50,6606,"independent"
46,6607,"independent"
50,6608,"independent"
48,6609,"independent"
46,6610,"independent"
52,6611,"independent"
48,6612,"independent"
48,6613,"independent"
50,6614,"independent"
50,6615,"independent"
52,6616,"independent"
46,6617,"independent"
50,6618,"independent"
52,6619,"independent"
48,6620,"independent"
50,6621,"independent"
50,6622,"independent"
48,6623,"independent"
48,6624,"independent"
48,6625,"independent"
50,6626,"independent"
48,6627,"independent"
48,6628,"independent"
52,6629,"independent"
50,6630,"independent"
50,6631,"independent"
50,6632,"independent"
48,6633,"independent"
48,6634,"independent"
48,6635,"independent"
52,6636,"independent"
52,6637,"independent"
50,6638,"independent"
50,6639,"independent"
48,6640,"independent"
48,6641,"independent"
50,6642,"independent"
48,6643,"independent"
52,6644,"independent"
50,6645,"independent"
48,6646,"independent"
50,6647,"independent"
50,6648,"independent"
50,6649,"independent"
50,6650,"independent"
50,6651,"independent"
46,6652,"independent"
48,6653,"independent"
50,6654,"independent"
52,6655,"independent"
50,6656,"independent"
48,6657,"independent"
48,6658,"independent"
52,6659,"independent"
48,6660,"independent"
48,6661,"independent"
48,6662,"independent"
46,6663,"independent"
50,6664,"independent"
52,6665,"independent"
50,6666,"independent"
52,6667,"independent"
50,6668,"independent"
52,6669,"independent"
50,6670,"independent"
50,6671,"independent"
46,6672,"independent"
48,6673,"independent"
48,6674,"independent"
48,6675,"independent"
48,6676,"independent"
48,6677,"independent"
48,6678,"independent"
48,6679,"independent"
52,6680,"independent"
52,6681,"independent"
48,6682,"independent"
52,6683,"independent"
48,6684,"independent"
52,6685,"independent"
50,6686,"independent"
46,6687,"independent"
50,6688,"independent"
48,6689,"independent"
50,6690,"independent"
52,6691,"independent"
50,6692,"independent"
50,6693,"independent"
50,6694,"independent"
46,6695,"independent"
46,6696,"independent"
50,6697,"independent"
46,6698,"independent"
48,6699,"independent"
48,6700,"independent"
48,6701,"independent"
48,6702,"independent"
50,6703,"independent"
50,6704,"independent"
50,6705,"independent"
50,6706,"independent"
50,6707,"independent"
48,6708,"independent"
50,6709,"independent"
50,6710,"independent"
46,6711,"independent"
50,6712,"independent"
50,6713,"independent"
48,6714,"independent"
50,6715,"independent"
52,6716,"independent"
50,6717,"independent"
50,6718,"independent"
52,6719,"independent"
48,6720,"independent"
48,6721,"independent"
48,6722,"independent"
50,6723,"independent"
50,6724,"independent"
50,6725,"independent"
52,6726,"independent"
52,6727,"independent"
50,6728,"independent"
50,6729,"independent"
50,6730,"independent"
52,6731,"independent"
52,6732,"independent"
52,6733,"independent"
50,6734,"independent"
52,6735,"independent"
52,6736,"independent"
52,6737,"independent"
50,6738,"independent"
48,6739,"independent"
48,6740,"independent"
50,6741,"independent"
50,6742,"independent"
48,6743,"independent"
50,6744,"independent"
48,6745,"independent"
48,6746,"independent"
50,6747,"independent"
50,6748,"independent"
48,6749,"independent"
50,6750,"independent"
48,6751,"independent"
50,6752,"independent"
48,6753,"independent"
52,6754,"independent"
48,6755,"independent"
48,6756,"independent"
46,6757,"independent"
48,6758,"independent"
50,6759,"independent"
48,6760,"independent"
50,6761,"independent"
50,6762,"independent"
48,6763,"independent"
52,6764,"independent"
52,6765,"independent"
50,6766,"independent"
50,6767,"independent"
48,6768,"independent"
48,6769,"independent"
54,6770,"independent"
48,6771,"independent"
48,6772,"independent"
48,6773,"independent"
50,6774,"independent"
48,6775,"independent"
50,6776,"independent"
48,6777,"independent"
50,6778,"independent"
50,6779,"independent"
50,6780,"independent"
50,6781,"independent"
50,6782,"independent"
52,6783,"independent"
50,6784,"independent"
50,6785,"independent"
48,6786,"independent"
48,6787,"independent"
48,6788,"independent"
50,6789,"independent"
46,6790,"independent"
48,6791,"independent"
52,6792,"independent"
50,6793,"independent"
52,6794,"independent"
50,6795,"independent"
50,6796,"independent"
46,6797,"independent"
50,6798,"independent"
50,6799,"independent"
48,6800,"independent"
50,6801,"independent"
50,6802,"independent"
50,6803,"independent"
46,6804,"independent"
48,6805,"independent"
48,6806,"independent"
50,6807,"independent"
50,6808,"independent"
52,6809,"independent"
50,6810,"independent"
48,6811,"independent"
50,6812,"independent"
52,6813,"independent"
46,6814,"independent"
52,6815,"independent"
50,6816,"independent"
46,6817,"independent"
50,6818,"independent"
50,6819,"independent"
50,6820,"independent"
52,6821,"independent"
48,6822,"independent"
46,6823,"independent"
50,6824,"independent"
50,6825,"independent"
48,6826,"independent"
48,6827,"independent"
52,6828,"independent"
52,6829,"independent"
50,6830,"independent"
52,6831,"independent"
50,6832,"independent"
48,6833,"independent"
52,6834,"independent"
46,6835,"independent"
50,6836,"independent"
50,6837,"independent"
48,6838,"independent"
50,6839,"independent"
48,6840,"independent"
52,6841,"independent"
46,6842,"independent"
50,6843,"independent"
48,6844,"independent"
48,6845,"independent"
48,6846,"independent"
50,6847,"independent"
50,6848,"independent"
52,6849,"independent"
48,6850,"independent"
50,6851,"independent"
52,6852,"independent"
50,6853,"independent"
52,6854,"independent"
50,6855,"independent"
48,6856,"independent"
48,6857,"independent"
50,6858,"independent"
48,6859,"independent"
46,6860,"independent"
50,6861,"independent"
50,6862,"independent"
48,6863,"independent"
48,6864,"independent"
48,6865,"independent"
50,6866,"independent"
50,6867,"independent"
50,6868,"independent"
52,6869,"independent"
46,6870,"independent"
48,6871,"independent"
48,6872,"independent"
50,6873,"independent"
48,6874,"independent"
48,6875,"independent"
52,6876,"independent"
48,6877,"independent"
46,6878,"independent"
52,6879,"independent"
50,6880,"independent"
46,6881,"independent"
46,6882,"independent"
46,6883,"independent"
48,6884,"independent"
50,6885,"independent"
48,6886,"independent"
50,6887,"independent"
52,6888,"independent"
50,6889,"independent"
46,6890,"independent"
50,6891,"independent"
50,6892,"independent"
50,6893,"independent"
48,6894,"independent"
50,6895,"independent"
48,6896,"independent"
48,6897,"independent"
48,6898,"independent"
52,6899,"independent"
50,6900,"independent"
48,6901,"independent"
50,6902,"independent"
46,6903,"independent"
48,6904,"independent"
50,6905,"independent"
50,6906,"independent"
52,6907,"independent"
50,6908,"independent"
48,6909,"independent"
48,6910,"independent"
52,6911,"independent"
50,6912,"independent"
48,6913,"independent"
50,6914,"independent"
52,6915,"independent"
50,6916,"independent"
48,6917,"independent"
48,6918,"independent"
50,6919,"independent"
52,6920,"independent"
48,6921,"independent"
50,6922,"independent"
48,6923,"independent"
50,6924,"independent"
48,6925,"independent"
50,6926,"independent"
48,6927,"independent"
50,6928,"independent"
48,6929,"independent"
50,6930,"independent"
46,6931,"independent"
52,6932,"independent"
50,6933,"independent"
50,6934,"independent"
48,6935,"independent"
50,6936,"independent"
48,6937,"independent"
52,6938,"independent"
50,6939,"independent"
50,6940,"independent"
48,6941,"independent"
50,6942,"independent"
46,6943,"independent"
50,6944,"independent"
50,6945,"independent"
50,6946,"independent"
48,6947,"independent"
48,6948,"independent"
52,6949,"independent"
48,6950,"independent"
48,6951,"independent"
50,6952,"independent"
48,6953,"independent"
52,6954,"independent"
48,6955,"independent"
46,6956,"independent"
46,6957,"independent"
48,6958,"independent"
46,6959,"independent"
50,6960,"independent"
48,6961,"independent"
46,6962,"independent"
46,6963,"independent"
50,6964,"independent"
50,6965,"independent"
48,6966,"independent"
50,6967,"independent"
46,6968,"independent"
48,6969,"independent"
52,6970,"independent"
48,6971,"independent"
52,6972,"independent"
46,6973,"independent"
48,6974,"independent"
46,6975,"independent"
52,6976,"independent"
50,6977,"independent"
50,6978,"independent"
52,6979,"independent"
50,6980,"independent"
50,6981,"independent"
48,6982,"independent"
50,6983,"independent"
50,6984,"independent"
52,6985,"independent"
50,6986,"independent"
52,6987,"independent"
52,6988,"independent"
50,6989,"independent"
48,6990,"independent"
48,6991,"independent"
50,6992,"independent"
48,6993,"independent"
46,6994,"independent"
48,6995,"independent"
46,6996,"independent"
48,6997,"independent"
46,6998,"independent"
48,6999,"independent"
50,7000,"independent"
50,7001,"independent"
48,7002,"independent"
46,7003,"independent"
52,7004,"independent"
46,7005,"independent"
48,7006,"independent"
50,7007,"independent"
50,7008,"independent"
50,7009,"independent"
50,7010,"independent"
50,7011,"independent"
48,7012,"independent"
52,7013,"independent"
50,7014,"independent"
48,7015,"independent"
50,7016,"independent"
50,7017,"independent"
50,7018,"independent"
46,7019,"independent"
48,7020,"independent"
50,7021,"independent"
50,7022,"independent"
50,7023,"independent"
50,7024,"independent"
50,7025,"independent"
52,7026,"independent"
48,7027,"independent"
48,7028,"independent"
50,7029,"independent"
48,7030,"independent"
48,7031,"independent"
46,7032,"independent"
48,7033,"independent"
50,7034,"independent"
52,7035,"independent"
50,7036,"independent"
48,7037,"independent"
50,7038,"independent"
48,7039,"independent"
52,7040,"independent"
50,7041,"independent"
50,7042,"independent"
48,7043,"independent"
46,7044,"independent"
48,7045,"independent"
52,7046,"independent"
52,7047,"independent"
52,7048,"independent"
48,7049,"independent"
48,7050,"independent"
50,7051,"independent"
48,7052,"independent"
50,7053,"independent"
50,7054,"independent"
46,7055,"independent"
50,7056,"independent"
48,7057,"independent"
50,7058,"independent"
46,7059,"independent"
48,7060,"independent"
50,7061,"independent"
50,7062,"independent"
52,7063,"independent"
50,7064,"independent"
48,7065,"independent"
48,7066,"independent"
48,7067,"independent"
50,7068,"independent"
46,7069,"independent"
48,7070,"independent"
50,7071,"independent"
54,7072,"independent"
48,7073,"independent"
52,7074,"independent"
50,7075,"independent"
48,7076,"independent"
48,7077,"independent"
48,7078,"independent"
48,7079,"independent"
48,7080,"independent"
52,7081,"independent"
48,7082,"independent"
48,7083,"independent"
48,7084,"independent"
48,7085,"independent"
50,7086,"independent"
50,7087,"independent"
52,7088,"independent"
48,7089,"independent"
48,7090,"independent"
52,7091,"independent"
54,7092,"independent"
48,7093,"independent"
50,7094,"independent"
52,7095,"independent"
52,7096,"independent"
52,7097,"independent"
52,7098,"independent"
48,7099,"independent"
50,7100,"independent"
52,7101,"independent"
50,7102,"independent"
52,7103,"independent"
48,7104,"independent"
48,7105,"independent"
50,7106,"independent"
52,7107,"independent"
52,7108,"independent"
54,7109,"independent"
48,7110,"independent"
50,7111,"independent"
52,7112,"independent"
50,7113,"independent"
50,7114,"independent"
50,7115,"independent"
48,7116,"independent"
48,7117,"independent"
50,7118,"independent"
46,7119,"independent"
48,7120,"independent"
48,7121,"independent"
50,7122,"independent"
50,7123,"independent"
48,7124,"independent"
52,7125,"independent"
46,7126,"independent"
50,7127,"independent"
52,7128,"independent"
48,7129,"independent"
48,7130,"independent"
48,7131,"independent"
52,7132,"independent"
52,7133,"independent"
50,7134,"independent"
48,7135,"independent"
50,7136,"independent"
48,7137,"independent"
44,7138,"independent"
48,7139,"independent"
48,7140,"independent"
52,7141,"independent"
50,7142,"independent"
48,7143,"independent"
50,7144,"independent"
48,7145,"independent"
50,7146,"independent"
48,7147,"independent"
48,7148,"independent"
48,7149,"independent"
48,7150,"independent"
52,7151,"independent"
50,7152,"independent"
52,7153,"independent"
50,7154,"independent"
48,7155,"independent"
50,7156,"independent"
48,7157,"independent"
48,7158,"independent"
46,7159,"independent"
50,7160,"independent"
50,7161,"independent"
50,7162,"independent"
52,7163,"independent"
48,7164,"independent"
50,7165,"independent"
50,7166,"independent"
48,7167,"independent"
52,7168,"independent"
52,7169,"independent"
52,7170,"independent"
48,7171,"independent"
46,7172,"independent"
52,7173,"independent"
50,7174,"independent"
48,7175,"independent"
50,7176,"independent"
48,7177,"independent"
50,7178,"independent"
52,7179,"independent"
50,7180,"independent"
50,7181,"independent"
52,7182,"independent"
50,7183,"independent"
48,7184,"independent"
50,7185,"independent"
50,7186,"independent"
48,7187,"independent"
52,7188,"independent"
50,7189,"independent"
52,7190,"independent"
50,7191,"independent"
50,7192,"independent"
48,7193,"independent"
46,7194,"independent"
48,7195,"independent"
50,7196,"independent"
50,7197,"independent"
50,7198,"independent"
52,7199,"independent"
50,7200,"independent"
50,7201,"independent"
50,7202,"independent"
50,7203,"independent"
50,7204,"independent"
46,7205,"independent"
50,7206,"independent"
46,7207,"independent"
52,7208,"independent"
48,7209,"independent"
50,7210,"independent"
52,7211,"independent"
48,7212,"independent"
52,7213,"independent"
50,7214,"independent"
50,7215,"independent"
52,7216,"independent"
50,7217,"independent"
48,7218,"independent"
50,7219,"independent"
46,7220,"independent"
50,7221,"independent"
50,7222,"independent"
50,7223,"independent"
50,7224,"independent"
48,7225,"independent"
50,7226,"independent"
50,7227,"independent"
48,7228,"independent"
50,7229,"independent"
52,7230,"independent"
50,7231,"independent"
48,7232,"independent"
50,7233,"independent"
48,7234,"independent"
50,7235,"independent"
48,7236,"independent"
48,7237,"independent"
48,7238,"independent"
48,7239,"independent"
50,7240,"independent"
48,7241,"independent"
52,7242,"independent"
48,7243,"independent"
48,7244,"independent"
50,7245,"independent"
46,7246,"independent"
50,7247,"independent"
48,7248,"independent"
46,7249,"independent"
48,7250,"independent"
46,7251,"independent"
50,7252,"independent"
52,7253,"independent"
48,7254,"independent"
52,7255,"independent"
50,7256,"independent"
48,7257,"independent"
50,7258,"independent"
52,7259,"independent"
48,7260,"independent"
50,7261,"independent"
48,7262,"independent"
50,7263,"independent"
50,7264,"independent"
48,7265,"independent"
50,7266,"independent"
48,7267,"independent"
50,7268,"independent"
48,7269,"independent"
50,7270,"independent"
48,7271,"independent"
50,7272,"independent"
48,7273,"independent"
52,7274,"independent"
50,7275,"independent"
50,7276,"independent"
48,7277,"independent"
50,7278,"independent"
52,7279,"independent"
48,7280,"independent"
50,7281,"independent"
50,7282,"independent"
48,7283,"independent"
48,7284,"independent"
48,7285,"independent"
48,7286,"independent"
48,7287,"independent"
50,7288,"independent"
50,7289,"independent"
50,7290,"independent"
48,7291,"independent"
48,7292,"independent"
46,7293,"independent"
50,7294,"independent"
52,7295,"independent"
46,7296,"independent"
48,7297,"independent"
48,7298,"independent"
50,7299,"independent"
50,7300,"independent"
52,7301,"independent"
52,7302,"independent"
52,7303,"independent"
50,7304,"independent"
48,7305,"independent"
50,7306,"independent"
52,7307,"independent"
50,7308,"independent"
50,7309,"independent"
50,7310,"independent"
48,7311,"independent"
48,7312,"independent"
46,7313,"independent"
50,7314,"independent"
48,7315,"independent"
46,7316,"independent"
52,7317,"independent"
50,7318,"independent"
50,7319,"independent"
50,7320,"independent"
48,7321,"independent"
46,7322,"independent"
48,7323,"independent"
50,7324,"independent"
48,7325,"independent"
50,7326,"independent"
48,7327,"independent"
50,7328,"independent"
48,7329,"independent"
50,7330,"independent"
52,7331,"independent"
52,7332,"independent"
50,7333,"independent"
50,7334,"independent"
48,7335,"independent"
48,7336,"independent"
50,7337,"independent"
52,7338,"independent"
52,7339,"independent"
50,7340,"independent"
52,7341,"independent"
52,7342,"independent"
48,7343,"independent"
50,7344,"independent"
48,7345,"independent"
50,7346,"independent"
50,7347,"independent"
48,7348,"independent"
48,7349,"independent"
52,7350,"independent"
48,7351,"independent"
48,7352,"independent"
48,7353,"independent"
46,7354,"independent"
50,7355,"independent"
52,7356,"independent"
48,7357,"independent"
52,7358,"independent"
48,7359,"independent"
52,7360,"independent"
50,7361,"independent"
46,7362,"independent"
50,7363,"independent"
50,7364,"independent"
48,7365,"independent"
48,7366,"independent"
48,7367,"independent"
48,7368,"independent"
48,7369,"independent"
50,7370,"independent"
50,7371,"independent"
50,7372,"independent"
50,7373,"independent"
46,7374,"independent"
48,7375,"independent"
48,7376,"independent"
46,7377,"independent"
50,7378,"independent"
46,7379,"independent"
48,7380,"independent"
50,7381,"independent"
50,7382,"independent"
50,7383,"independent"
48,7384,"independent"
48,7385,"independent"
48,7386,"independent"
48,7387,"independent"
48,7388,"independent"
46,7389,"independent"
48,7390,"independent"
48,7391,"independent"
50,7392,"independent"
48,7393,"independent"
48,7394,"independent"
50,7395,"independent"
50,7396,"independent"
48,7397,"independent"
52,7398,"independent"
50,7399,"independent"
48,7400,"independent"
48,7401,"independent"
50,7402,"independent"
48,7403,"independent"
48,7404,"independent"
48,7405,"independent"
46,7406,"independent"
48,7407,"independent"
52,7408,"independent"
46,7409,"independent"
50,7410,"independent"
50,7411,"independent"
48,7412,"independent"
50,7413,"independent"
48,7414,"independent"
52,7415,"independent"
46,7416,"independent"
50,7417,"independent"
48,7418,"independent"
48,7419,"independent"
50,7420,"independent"
48,7421,"independent"
48,7422,"independent"
52,7423,"independent"
50,7424,"independent"
46,7425,"independent"
46,7426,"independent"
50,7427,"independent"
50,7428,"independent"
50,7429,"independent"
48,7430,"independent"
52,7431,"independent"
50,7432,"independent"
52,7433,"independent"
52,7434,"independent"
48,7435,"independent"
46,7436,"independent"
48,7437,"independent"
50,7438,"independent"
52,7439,"independent"
50,7440,"independent"
48,7441,"independent"
50,7442,"independent"
54,7443,"independent"
50,7444,"independent"
48,7445,"independent"
50,7446,"independent"
50,7447,"independent"
50,7448,"independent"
48,7449,"independent"
48,7450,"independent"
48,7451,"independent"
48,7452,"independent"
50,7453,"independent"
50,7454,"independent"
46,7455,"independent"
48,7456,"independent"
50,7457,"independent"
50,7458,"independent"
50,7459,"independent"
52,7460,"independent"
50,7461,"independent"
50,7462,"independent"
46,7463,"independent"
50,7464,"independent"
48,7465,"independent"
50,7466,"independent"
48,7467,"independent"
50,7468,"independent"
50,7469,"independent"
52,7470,"independent"
50,7471,"independent"
48,7472,"independent"
48,7473,"independent"
48,7474,"independent"
48,7475,"independent"
46,7476,"independent"
48,7477,"independent"
48,7478,"independent"
50,7479,"independent"
48,7480,"independent"
46,7481,"independent"
48,7482,"independent"
48,7483,"independent"
50,7484,"independent"
48,7485,"independent"
48,7486,"independent"
46,7487,"independent"
48,7488,"independent"
48,7489,"independent"
52,7490,"independent"
46,7491,"independent"
48,7492,"independent"
50,7493,"independent"
54,7494,"independent"
48,7495,"independent"
48,7496,"independent"
48,7497,"independent"
48,7498,"independent"
50,7499,"independent"
48,7500,"independent"
48,7501,"independent"
48,7502,"independent"
48,7503,"independent"
46,7504,"independent"
52,7505,"independent"
44,7506,"independent"
46,7507,"independent"
50,7508,"independent"
50,7509,"independent"
48,7510,"independent"
50,7511,"independent"
48,7512,"independent"
48,7513,"independent"
48,7514,"independent"
48,7515,"independent"
52,7516,"independent"
48,7517,"independent"
48,7518,"independent"
48,7519,"independent"
48,7520,"independent"
50,7521,"independent"
48,7522,"independent"
48,7523,"independent"
52,7524,"independent"
48,7525,"independent"
50,7526,"independent"
50,7527,"independent"
52,7528,"independent"
48,7529,"independent"
46,7530,"independent"
50,7531,"independent"
48,7532,"independent"
46,7533,"independent"
50,7534,"independent"
48,7535,"independent"
50,7536,"independent"
48,7537,"independent"
50,7538,"independent"
50,7539,"independent"
50,7540,"independent"
50,7541,"independent"
46,7542,"independent"
48,7543,"independent"
46,7544,"independent"
50,7545,"independent"
48,7546,"independent"
48,7547,"independent"
52,7548,"independent"
48,7549,"independent"
50,7550,"independent"
50,7551,"independent"
48,7552,"independent"
46,7553,"independent"
48,7554,"independent"
48,7555,"independent"
50,7556,"independent"
48,7557,"independent"
50,7558,"independent"
48,7559,"independent"
48,7560,"independent"
48,7561,"independent"
50,7562,"independent"
52,7563,"independent"
50,7564,"independent"
46,7565,"independent"
48,7566,"independent"
52,7567,"independent"
48,7568,"independent"
50,7569,"independent"
50,7570,"independent"
52,7571,"independent"
48,7572,"independent"
50,7573,"independent"
50,7574,"independent"
48,7575,"independent"
48,7576,"independent"
48,7577,"independent"
48,7578,"independent"
46,7579,"independent"
46,7580,"independent"
52,7581,"independent"
48,7582,"independent"
48,7583,"independent"
46,7584,"independent"
50,7585,"independent"
48,7586,"independent"
46,7587,"independent"
48,7588,"independent"
50,7589,"independent"
48,7590,"independent"
50,7591,"independent"
48,7592,"independent"
50,7593,"independent"
52,7594,"independent"
50,7595,"independent"
46,7596,"independent"
48,7597,"independent"
50,7598,"independent"
48,7599,"independent"
48,7600,"independent"
50,7601,"independent"
50,7602,"independent"
52,7603,"independent"
50,7604,"independent"
50,7605,"independent"
50,7606,"independent"
50,7607,"independent"
46,7608,"independent"
50,7609,"independent"
48,7610,"independent"
50,7611,"independent"
50,7612,"independent"
50,7613,"independent"
48,7614,"independent"
46,7615,"independent"
52,7616,"independent"
52,7617,"independent"
50,7618,"independent"
48,7619,"independent"
48,7620,"independent"
48,7621,"independent"
48,7622,"independent"
48,7623,"independent"
50,7624,"independent"
50,7625,"independent"
52,7626,"independent"
50,7627,"independent"
50,7628,"independent"
46,7629,"independent"
50,7630,"independent"
50,7631,"independent"
50,7632,"independent"
52,7633,"independent"
50,7634,"independent"
48,7635,"independent"
50,7636,"independent"
50,7637,"independent"
52,7638,"independent"
50,7639,"independent"
50,7640,"independent"
50,7641,"independent"
50,7642,"independent"
48,7643,"independent"
52,7644,"independent"
50,7645,"independent"
46,7646,"independent"
50,7647,"independent"
50,7648,"independent"
50,7649,"independent"
52,7650,"independent"
50,7651,"independent"
48,7652,"independent"
50,7653,"independent"
50,7654,"independent"
50,7655,"independent"
48,7656,"independent"
48,7657,"independent"
50,7658,"independent"
48,7659,"independent"
48,7660,"independent"
52,7661,"independent"
46,7662,"independent"
50,7663,"independent"
50,7664,"independent"
46,7665,"independent"
48,7666,"independent"
48,7667,"independent"
48,7668,"independent"
46,7669,"independent"
46,7670,"independent"
50,7671,"independent"
48,7672,"independent"
48,7673,"independent"
48,7674,"independent"
48,7675,"independent"
50,7676,"independent"
52,7677,"independent"
50,7678,"independent"
50,7679,"independent"
50,7680,"independent"
52,7681,"independent"
52,7682,"independent"
50,7683,"independent"
48,7684,"independent"
48,7685,"independent"
50,7686,"independent"
48,7687,"independent"
52,7688,"independent"
52,7689,"independent"
48,7690,"independent"
48,7691,"independent"
50,7692,"independent"
48,7693,"independent"
50,7694,"independent"
52,7695,"independent"
48,7696,"independent"
50,7697,"independent"
50,7698,"independent"
48,7699,"independent"
50,7700,"independent"
48,7701,"independent"
52,7702,"independent"
48,7703,"independent"
48,7704,"independent"
48,7705,"independent"
48,7706,"independent"
50,7707,"independent"
48,7708,"independent"
50,7709,"independent"
46,7710,"independent"
48,7711,"independent"
52,7712,"independent"
48,7713,"independent"
48,7714,"independent"
48,7715,"independent"
48,7716,"independent"
46,7717,"independent"
46,7718,"independent"
48,7719,"independent"
46,7720,"independent"
48,7721,"independent"
50,7722,"independent"
50,7723,"independent"
48,7724,"independent"
50,7725,"independent"
48,7726,"independent"
48,7727,"independent"
50,7728,"independent"
50,7729,"independent"
46,7730,"independent"
50,7731,"independent"
50,7732,"independent"
50,7733,"independent"
50,7734,"independent"
48,7735,"independent"
48,7736,"independent"
46,7737,"independent"
50,7738,"independent"
48,7739,"independent"
50,7740,"independent"
46,7741,"independent"
48,7742,"independent"
48,7743,"independent"
44,7744,"independent"
46,7745,"independent"
48,7746,"independent"
48,7747,"independent"
48,7748,"independent"
46,7749,"independent"
48,7750,"independent"
50,7751,"independent"
48,7752,"independent"
46,7753,"independent"
48,7754,"independent"
50,7755,"independent"
50,7756,"independent"
50,7757,"independent"
50,7758,"independent"
50,7759,"independent"
46,7760,"independent"
46,7761,"independent"
50,7762,"independent"
52,7763,"independent"
50,7764,"independent"
50,7765,"independent"
50,7766,"independent"
52,7767,"independent"
48,7768,"independent"
46,7769,"independent"
52,7770,"independent"
50,7771,"independent"
52,7772,"independent"
52,7773,"independent"
46,7774,"independent"
48,7775,"independent"
52,7776,"independent"
48,7777,"independent"
48,7778,"independent"
52,7779,"independent"
48,7780,"independent"
48,7781,"independent"
48,7782,"independent"
50,7783,"independent"
48,7784,"independent"
50,7785,"independent"
50,7786,"independent"
50,7787,"independent"
48,7788,"independent"
48,7789,"independent"
46,7790,"independent"
50,7791,"independent"
48,7792,"independent"
48,7793,"independent"
52,7794,"independent"
48,7795,"independent"
50,7796,"independent"
46,7797,"independent"
46,7798,"independent"
46,7799,"independent"
50,7800,"independent"
52,7801,"independent"
50,7802,"independent"
50,7803,"independent"
46,7804,"independent"
50,7805,"independent"
48,7806,"independent"
50,7807,"independent"
50,7808,"independent"
52,7809,"independent"
50,7810,"independent"
46,7811,"independent"
48,7812,"independent"
52,7813,"independent"
48,7814,"independent"
52,7815,"independent"
52,7816,"independent"
50,7817,"independent"
52,7818,"independent"
48,7819,"independent"
48,7820,"independent"
52,7821,"independent"
50,7822,"independent"
50,7823,"independent"
48,7824,"independent"
48,7825,"independent"
50,7826,"independent"
50,7827,"independent"
50,7828,"independent"
48,7829,"independent"
50,7830,"independent"
52,7831,"independent"
50,7832,"independent"
48,7833,"independent"
48,7834,"independent"
50,7835,"independent"
48,7836,"independent"
48,7837,"independent"
48,7838,"independent"
44,7839,"independent"
48,7840,"independent"
48,7841,"independent"
48,7842,"independent"
48,7843,"independent"
50,7844,"independent"
50,7845,"independent"
52,7846,"independent"
50,7847,"independent"
50,7848,"independent"
48,7849,"independent"
50,7850,"independent"
50,7851,"independent"
50,7852,"independent"
50,7853,"independent"
46,7854,"independent"
48,7855,"independent"
52,7856,"independent"
48,7857,"independent"
50,7858,"independent"
52,7859,"independent"
50,7860,"independent"
50,7861,"independent"
50,7862,"independent"
52,7863,"independent"
48,7864,"independent"
48,7865,"independent"
50,7866,"independent"
46,7867,"independent"
48,7868,"independent"
48,7869,"independent"
50,7870,"independent"
50,7871,"independent"
52,7872,"independent"
48,7873,"independent"
54,7874,"independent"
48,7875,"independent"
50,7876,"independent"
50,7877,"independent"
50,7878,"independent"
50,7879,"independent"
48,7880,"independent"
50,7881,"independent"
46,7882,"independent"
50,7883,"independent"
48,7884,"independent"
50,7885,"independent"
48,7886,"independent"
50,7887,"independent"
48,7888,"independent"
48,7889,"independent"
48,7890,"independent"
48,7891,"independent"
50,7892,"independent"
48,7893,"independent"
48,7894,"independent"
50,7895,"independent"
48,7896,"independent"
50,7897,"independent"
50,7898,"independent"
48,7899,"independent"
52,7900,"independent"
48,7901,"independent"
48,7902,"independent"
50,7903,"independent"
50,7904,"independent"
50,7905,"independent"
48,7906,"independent"
50,7907,"independent"
50,7908,"independent"
48,7909,"independent"
46,7910,"independent"
48,7911,"independent"
48,7912,"independent"
50,7913,"independent"
46,7914,"independent"
48,7915,"independent"
48,7916,"independent"
50,7917,"independent"
50,7918,"independent"
50,7919,"independent"
50,7920,"independent"
52,7921,"independent"
50,7922,"independent"
48,7923,"independent"
50,7924,"independent"
48,7925,"independent"
50,7926,"independent"
48,7927,"independent"
50,7928,"independent"
48,7929,"independent"
50,7930,"independent"
52,7931,"independent"
48,7932,"independent"
48,7933,"independent"
52,7934,"independent"
48,7935,"independent"
48,7936,"independent"
48,7937,"independent"
52,7938,"independent"
48,7939,"independent"
50,7940,"independent"
50,7941,"independent"
48,7942,"independent"
50,7943,"independent"
48,7944,"independent"
50,7945,"independent"
48,7946,"independent"
46,7947,"independent"
50,7948,"independent"
50,7949,"independent"
46,7950,"independent"
52,7951,"independent"
48,7952,"independent"
54,7953,"independent"
52,7954,"independent"
48,7955,"independent"
50,7956,"independent"
50,7957,"independent"
48,7958,"independent"
48,7959,"independent"
50,7960,"independent"
48,7961,"independent"
48,7962,"independent"
50,7963,"independent"
48,7964,"independent"
48,7965,"independent"
50,7966,"independent"
50,7967,"independent"
50,7968,"independent"
48,7969,"independent"
50,7970,"independent"
50,7971,"independent"
48,7972,"independent"
50,7973,"independent"
50,7974,"independent"
52,7975,"independent"
52,7976,"independent"
48,7977,"independent"
48,7978,"independent"
52,7979,"independent"
48,7980,"independent"
50,7981,"independent"
50,7982,"independent"
48,7983,"independent"
52,7984,"independent"
50,7985,"independent"
50,7986,"independent"
46,7987,"independent"
50,7988,"independent"
50,7989,"independent"
52,7990,"independent"
48,7991,"independent"
50,7992,"independent"
46,7993,"independent"
50,7994,"independent"
48,7995,"independent"
48,7996,"independent"
48,7997,"independent"
48,7998,"independent"
52,7999,"independent"
46,8000,"independent"
50,8001,"independent"
48,8002,"independent"
46,8003,"independent"
50,8004,"independent"
52,8005,"independent"
50,8006,"independent"
52,8007,"independent"
52,8008,"independent"
48,8009,"independent"
48,8010,"independent"
48,8011,"independent"
50,8012,"independent"
48,8013,"independent"
50,8014,"independent"
46,8015,"independent"
52,8016,"independent"
50,8017,"independent"
48,8018,"independent"
48,8019,"independent"
50,8020,"independent"
50,8021,"independent"
50,8022,"independent"
50,8023,"independent"
50,8024,"independent"
48,8025,"independent"
48,8026,"independent"
52,8027,"independent"
48,8028,"independent"
50,8029,"independent"
48,8030,"independent"
48,8031,"independent"
52,8032,"independent"
50,8033,"independent"
48,8034,"independent"
52,8035,"independent"
52,8036,"independent"
50,8037,"independent"
48,8038,"independent"
48,8039,"independent"
52,8040,"independent"
48,8041,"independent"
50,8042,"independent"
48,8043,"independent"
50,8044,"independent"
50,8045,"independent"
52,8046,"independent"
46,8047,"independent"
50,8048,"independent"
48,8049,"independent"
50,8050,"independent"
52,8051,"independent"
50,8052,"independent"
50,8053,"independent"
48,8054,"independent"
48,8055,"independent"
50,8056,"independent"
48,8057,"independent"
52,8058,"independent"
50,8059,"independent"
48,8060,"independent"
50,8061,"independent"
50,8062,"independent"
48,8063,"independent"
50,8064,"independent"
50,8065,"independent"
48,8066,"independent"
50,8067,"independent"
48,8068,"independent"
46,8069,"independent"
48,8070,"independent"
46,8071,"independent"
48,8072,"independent"
50,8073,"independent"
48,8074,"independent"
48,8075,"independent"
52,8076,"independent"
48,8077,"independent"
50,8078,"independent"
50,8079,"independent"
46,8080,"independent"
48,8081,"independent"
50,8082,"independent"
50,8083,"independent"
48,8084,"independent"
48,8085,"independent"
46,8086,"independent"
46,8087,"independent"
50,8088,"independent"
48,8089,"independent"
46,8090,"independent"
52,8091,"independent"
50,8092,"independent"
52,8093,"independent"
48,8094,"independent"
48,8095,"independent"
50,8096,"independent"
48,8097,"independent"
48,8098,"independent"
52,8099,"independent"
50,8100,"independent"
50,8101,"independent"
48,8102,"independent"
48,8103,"independent"
48,8104,"independent"
50,8105,"independent"
50,8106,"independent"
46,8107,"independent"
50,8108,"independent"
48,8109,"independent"
48,8110,"independent"
50,8111,"independent"
50,8112,"independent"
48,8113,"independent"
48,8114,"independent"
50,8115,"independent"
50,8116,"independent"
48,8117,"independent"
50,8118,"independent"
50,8119,"independent"
52,8120,"independent"
46,8121,"independent"
52,8122,"independent"
50,8123,"independent"
48,8124,"independent"
50,8125,"independent"
48,8126,"independent"
46,8127,"independent"
48,8128,"independent"
48,8129,"independent"
48,8130,"independent"
50,8131,"independent"
50,8132,"independent"
50,8133,"independent"
48,8134,"independent"
50,8135,"independent"
50,8136,"independent"
50,8137,"independent"
50,8138,"independent"
48,8139,"independent"
50,8140,"independent"
46,8141,"independent"
46,8142,"independent"
52,8143,"independent"
50,8144,"independent"
48,8145,"independent"
50,8146,"independent"
50,8147,"independent"
48,8148,"independent"
48,8149,"independent"
50,8150,"independent"
50,8151,"independent"
50,8152,"independent"
50,8153,"independent"
48,8154,"independent"
50,8155,"independent"
48,8156,"independent"
48,8157,"independent"
48,8158,"independent"
46,8159,"independent"
50,8160,"independent"
50,8161,"independent"
48,8162,"independent"
52,8163,"independent"
48,8164,"independent"
50,8165,"independent"
52,8166,"independent"
48,8167,"independent"
48,8168,"independent"
48,8169,"independent"
52,8170,"independent"
52,8171,"independent"
50,8172,"independent"
46,8173,"independent"
50,8174,"independent"
48,8175,"independent"
50,8176,"independent"
50,8177,"independent"
48,8178,"independent"
46,8179,"independent"
50,8180,"independent"
52,8181,"independent"
50,8182,"independent"
50,8183,"independent"
52,8184,"independent"
50,8185,"independent"
50,8186,"independent"
50,8187,"independent"
50,8188,"independent"
52,8189,"independent"
48,8190,"independent"
50,8191,"independent"
50,8192,"independent"
48,8193,"independent"
50,8194,"independent"
48,8195,"independent"
48,8196,"independent"
50,8197,"independent"
50,8198,"independent"
48,8199,"independent"
50,8200,"independent"
50,8201,"independent"
52,8202,"independent"
46,8203,"independent"
48,8204,"independent"
48,8205,"independent"
50,8206,"independent"
50,8207,"independent"
52,8208,"independent"
48,8209,"independent"
50,8210,"independent"
46,8211,"independent"
46,8212,"independent"
46,8213,"independent"
48,8214,"independent"
46,8215,"independent"
48,8216,"independent"
52,8217,"independent"
48,8218,"independent"
50,8219,"independent"
48,8220,"independent"
50,8221,"independent"
48,8222,"independent"
48,8223,"independent"
52,8224,"independent"
48,8225,"independent"
50,8226,"independent"
50,8227,"independent"
46,8228,"independent"
46,8229,"independent"
48,8230,"independent"
50,8231,"independent"
50,8232,"independent"
46,8233,"independent"
48,8234,"independent"
46,8235,"independent"
48,8236,"independent"
48,8237,"independent"
50,8238,"independent"
48,8239,"independent"
50,8240,"independent"
50,8241,"independent"
50,8242,"independent"
50,8243,"independent"
48,8244,"independent"
52,8245,"independent"
52,8246,"independent"
50,8247,"independent"
48,8248,"independent"
48,8249,"independent"
50,8250,"independent"
50,8251,"independent"
50,8252,"independent"
52,8253,"independent"
50,8254,"independent"
52,8255,"independent"
48,8256,"independent"
50,8257,"independent"
48,8258,"independent"
50,8259,"independent"
48,8260,"independent"
46,8261,"independent"
48,8262,"independent"
48,8263,"independent"
50,8264,"independent"
48,8265,"independent"
50,8266,"independent"
48,8267,"independent"
50,8268,"independent"
48,8269,"independent"
48,8270,"independent"
46,8271,"independent"
50,8272,"independent"
50,8273,"independent"
50,8274,"independent"
50,8275,"independent"
48,8276,"independent"
46,8277,"independent"
48,8278,"independent"
50,8279,"independent"
48,8280,"independent"
52,8281,"independent"
48,8282,"independent"
48,8283,"independent"
50,8284,"independent"
50,8285,"independent"
50,8286,"independent"
52,8287,"independent"
48,8288,"independent"
48,8289,"independent"
48,8290,"independent"
50,8291,"independent"
48,8292,"independent"
50,8293,"independent"
48,8294,"independent"
50,8295,"independent"
50,8296,"independent"
50,8297,"independent"
46,8298,"independent"
50,8299,"independent"
48,8300,"independent"
50,8301,"independent"
52,8302,"independent"
50,8303,"independent"
46,8304,"independent"
48,8305,"independent"
50,8306,"independent"
50,8307,"independent"
52,8308,"independent"
52,8309,"independent"
50,8310,"independent"
50,8311,"independent"
50,8312,"independent"
50,8313,"independent"
52,8314,"independent"
50,8315,"independent"
50,8316,"independent"
48,8317,"independent"
50,8318,"independent"
48,8319,"independent"
50,8320,"independent"
50,8321,"independent"
48,8322,"independent"
46,8323,"independent"
50,8324,"independent"
50,8325,"independent"
52,8326,"independent"
50,8327,"independent"
48,8328,"independent"
50,8329,"independent"
50,8330,"independent"
54,8331,"independent"
48,8332,"independent"
50,8333,"independent"
50,8334,"independent"
50,8335,"independent"
52,8336,"independent"
48,8337,"independent"
48,8338,"independent"
52,8339,"independent"
48,8340,"independent"
50,8341,"independent"
48,8342,"independent"
48,8343,"independent"
50,8344,"independent"
48,8345,"independent"
48,8346,"independent"
50,8347,"independent"
50,8348,"independent"
48,8349,"independent"
48,8350,"independent"
50,8351,"independent"
48,8352,"independent"
48,8353,"independent"
48,8354,"independent"
48,8355,"independent"
52,8356,"independent"
50,8357,"independent"
50,8358,"independent"
50,8359,"independent"
50,8360,"independent"
46,8361,"independent"
50,8362,"independent"
50,8363,"independent"
50,8364,"independent"
50,8365,"independent"
48,8366,"independent"
52,8367,"independent"
48,8368,"independent"
50,8369,"independent"
48,8370,"independent"
52,8371,"independent"
50,8372,"independent"
50,8373,"independent"
50,8374,"independent"
48,8375,"independent"
46,8376,"independent"
46,8377,"independent"
48,8378,"independent"
48,8379,"independent"
52,8380,"independent"
50,8381,"independent"
48,8382,"independent"
50,8383,"independent"
48,8384,"independent"
46,8385,"independent"
50,8386,"independent"
52,8387,"independent"
48,8388,"independent"
48,8389,"independent"
50,8390,"independent"
50,8391,"independent"
50,8392,"independent"
50,8393,"independent"
48,8394,"independent"
52,8395,"independent"
48,8396,"independent"
50,8397,"independent"
48,8398,"independent"
48,8399,"independent"
50,8400,"independent"
50,8401,"independent"
50,8402,"independent"
48,8403,"independent"
52,8404,"independent"
50,8405,"independent"
48,8406,"independent"
50,8407,"independent"
48,8408,"independent"
50,8409,"independent"
52,8410,"independent"
48,8411,"independent"
48,8412,"independent"
48,8413,"independent"
48,8414,"independent"
50,8415,"independent"
48,8416,"independent"
48,8417,"independent"
48,8418,"independent"
50,8419,"independent"
50,8420,"independent"
52,8421,"independent"
46,8422,"independent"
48,8423,"independent"
50,8424,"independent"
50,8425,"independent"
50,8426,"independent"
50,8427,"independent"
50,8428,"independent"
50,8429,"independent"
50,8430,"independent"
48,8431,"independent"
48,8432,"independent"
48,8433,"independent"
48,8434,"independent"
50,8435,"independent"
46,8436,"independent"
46,8437,"independent"
46,8438,"independent"
50,8439,"independent"
50,8440,"independent"
48,8441,"independent"
50,8442,"independent"
50,8443,"independent"
50,8444,"independent"
50,8445,"independent"
52,8446,"independent"
50,8447,"independent"
48,8448,"independent"
50,8449,"independent"
50,8450,"independent"
48,8451,"independent"
48,8452,"independent"
50,8453,"independent"
50,8454,"independent"
50,8455,"independent"
52,8456,"independent"
50,8457,"independent"
50,8458,"independent"
50,8459,"independent"
48,8460,"independent"
50,8461,"independent"
52,8462,"independent"
52,8463,"independent"
48,8464,"independent"
50,8465,"independent"
50,8466,"independent"
50,8467,"independent"
50,8468,"independent"
48,8469,"independent"
50,8470,"independent"
50,8471,"independent"
50,8472,"independent"
48,8473,"independent"
52,8474,"independent"
52,8475,"independent"
48,8476,"independent"
46,8477,"independent"
46,8478,"independent"
50,8479,"independent"
48,8480,"independent"
50,8481,"independent"
50,8482,"independent"
50,8483,"independent"
50,8484,"independent"
46,8485,"independent"
46,8486,"independent"
50,8487,"independent"
48,8488,"independent"
48,8489,"independent"
48,8490,"independent"
50,8491,"independent"
52,8492,"independent"
48,8493,"independent"
52,8494,"independent"
50,8495,"independent"
48,8496,"independent"
48,8497,"independent"
48,8498,"independent"
50,8499,"independent"
52,8500,"independent"
50,8501,"independent"
48,8502,"independent"
48,8503,"independent"
50,8504,"independent"
48,8505,"independent"
52,8506,"independent"
48,8507,"independent"
48,8508,"independent"
50,8509,"independent"
48,8510,"independent"
50,8511,"independent"
48,8512,"independent"
52,8513,"independent"
50,8514,"independent"
50,8515,"independent"
50,8516,"independent"
48,8517,"independent"
48,8518,"independent"
50,8519,"independent"
48,8520,"independent"
50,8521,"independent"
50,8522,"independent"
48,8523,"independent"
50,8524,"independent"
50,8525,"independent"
48,8526,"independent"
48,8527,"independent"
52,8528,"independent"
50,8529,"independent"
50,8530,"independent"
52,8531,"independent"
46,8532,"independent"
48,8533,"independent"
46,8534,"independent"
46,8535,"independent"
50,8536,"independent"
48,8537,"independent"
48,8538,"independent"
50,8539,"independent"
50,8540,"independent"
50,8541,"independent"
48,8542,"independent"
48,8543,"independent"
50,8544,"independent"
46,8545,"independent"
50,8546,"independent"
50,8547,"independent"
50,8548,"independent"
48,8549,"independent"
50,8550,"independent"
52,8551,"independent"
52,8552,"independent"
50,8553,"independent"
52,8554,"independent"
52,8555,"independent"
50,8556,"independent"
48,8557,"independent"
50,8558,"independent"
48,8559,"independent"
50,8560,"independent"
50,8561,"independent"
52,8562,"independent"
48,8563,"independent"
48,8564,"independent"
50,8565,"independent"
50,8566,"independent"
48,8567,"independent"
50,8568,"independent"
50,8569,"independent"
48,8570,"independent"
46,8571,"independent"
48,8572,"independent"
52,8573,"independent"
50,8574,"independent"
50,8575,"independent"
52,8576,"independent"
48,8577,"independent"
46,8578,"independent"
46,8579,"independent"
52,8580,"independent"
50,8581,"independent"
46,8582,"independent"
50,8583,"independent"
50,8584,"independent"
50,8585,"independent"
48,8586,"independent"
48,8587,"independent"
48,8588,"independent"
50,8589,"independent"
50,8590,"independent"
48,8591,"independent"
48,8592,"independent"
48,8593,"independent"
50,8594,"independent"
48,8595,"independent"
48,8596,"independent"
52,8597,"independent"
48,8598,"independent"
52,8599,"independent"
48,8600,"independent"
50,8601,"independent"
48,8602,"independent"
50,8603,"independent"
48,8604,"independent"
46,8605,"independent"
48,8606,"independent"
48,8607,"independent"
50,8608,"independent"
50,8609,"independent"
50,8610,"independent"
50,8611,"independent"
50,8612,"independent"
46,8613,"independent"
44,8614,"independent"
50,8615,"independent"
48,8616,"independent"
46,8617,"independent"
48,8618,"independent"
48,8619,"independent"
50,8620,"independent"
50,8621,"independent"
50,8622,"independent"
48,8623,"independent"
48,8624,"independent"
46,8625,"independent"
48,8626,"independent"
52,8627,"independent"
52,8628,"independent"
48,8629,"independent"
50,8630,"independent"
48,8631,"independent"
48,8632,"independent"
48,8633,"independent"
48,8634,"independent"
46,8635,"independent"
48,8636,"independent"
48,8637,"independent"
50,8638,"independent"
50,8639,"independent"
50,8640,"independent"
48,8641,"independent"
50,8642,"independent"
46,8643,"independent"
50,8644,"independent"
50,8645,"independent"
48,8646,"independent"
46,8647,"independent"
48,8648,"independent"
46,8649,"independent"
48,8650,"independent"
52,8651,"independent"
46,8652,"independent"
48,8653,"independent"
48,8654,"independent"
50,8655,"independent"
50,8656,"independent"
50,8657,"independent"
48,8658,"independent"
50,8659,"independent"
48,8660,"independent"
50,8661,"independent"
52,8662,"independent"
50,8663,"independent"
50,8664,"independent"
50,8665,"independent"
52,8666,"independent"
48,8667,"independent"
48,8668,"independent"
48,8669,"independent"
50,8670,"independent"
52,8671,"independent"
50,8672,"independent"
52,8673,"independent"
48,8674,"independent"
52,8675,"independent"
46,8676,"independent"
50,8677,"independent"
46,8678,"independent"
50,8679,"independent"
50,8680,"independent"
48,8681,"independent"
50,8682,"independent"
48,8683,"independent"
48,8684,"independent"
46,8685,"independent"
48,8686,"independent"
52,8687,"independent"
50,8688,"independent"
50,8689,"independent"
46,8690,"independent"
48,8691,"independent"
48,8692,"independent"
50,8693,"independent"
48,8694,"independent"
48,8695,"independent"
50,8696,"independent"
48,8697,"independent"
48,8698,"independent"
50,8699,"independent"
48,8700,"independent"
50,8701,"independent"
48,8702,"independent"
50,8703,"independent"
48,8704,"independent"
50,8705,"independent"
50,8706,"independent"
48,8707,"independent"
50,8708,"independent"
48,8709,"independent"
46,8710,"independent"
50,8711,"independent"
46,8712,"independent"
50,8713,"independent"
50,8714,"independent"
48,8715,"independent"
50,8716,"independent"
50,8717,"independent"
50,8718,"independent"
48,8719,"independent"
46,8720,"independent"
50,8721,"independent"
46,8722,"independent"
50,8723,"independent"
46,8724,"independent"
50,8725,"independent"
48,8726,"independent"
46,8727,"independent"
48,8728,"independent"
52,8729,"independent"
50,8730,"independent"
54,8731,"independent"
50,8732,"independent"
50,8733,"independent"
48,8734,"independent"
46,8735,"independent"
52,8736,"independent"
50,8737,"independent"
48,8738,"independent"
48,8739,"independent"
48,8740,"independent"
50,8741,"independent"
52,8742,"independent"
48,8743,"independent"
48,8744,"independent"
50,8745,"independent"
48,8746,"independent"
48,8747,"independent"
50,8748,"independent"
48,8749,"independent"
46,8750,"independent"
50,8751,"independent"
48,8752,"independent"
52,8753,"independent"
50,8754,"independent"
50,8755,"independent"
48,8756,"independent"
48,8757,"independent"
50,8758,"independent"
54,8759,"independent"
52,8760,"independent"
50,8761,"independent"
50,8762,"independent"
48,8763,"independent"
50,8764,"independent"
50,8765,"independent"
50,8766,"independent"
52,8767,"independent"
48,8768,"independent"
50,8769,"independent"
50,8770,"independent"
52,8771,"independent"
50,8772,"independent"
50,8773,"independent"
50,8774,"independent"
48,8775,"independent"
50,8776,"independent"
48,8777,"independent"
52,8778,"independent"
54,8779,"independent"
50,8780,"independent"
48,8781,"independent"
48,8782,"independent"
48,8783,"independent"
50,8784,"independent"
50,8785,"independent"
48,8786,"independent"
48,8787,"independent"
48,8788,"independent"
48,8789,"independent"
46,8790,"independent"
50,8791,"independent"
50,8792,"independent"
50,8793,"independent"
48,8794,"independent"
48,8795,"independent"
50,8796,"independent"
52,8797,"independent"
48,8798,"independent"
50,8799,"independent"
48,8800,"independent"
52,8801,"independent"
50,8802,"independent"
48,8803,"independent"
46,8804,"independent"
48,8805,"independent"
48,8806,"independent"
50,8807,"independent"
52,8808,"independent"
52,8809,"independent"
48,8810,"independent"
48,8811,"independent"
48,8812,"independent"
52,8813,"independent"
48,8814,"independent"
50,8815,"independent"
50,8816,"independent"
50,8817,"independent"
50,8818,"independent"
46,8819,"independent"
48,8820,"independent"
50,8821,"independent"
50,8822,"independent"
48,8823,"independent"
48,8824,"independent"
48,8825,"independent"
50,8826,"independent"
46,8827,"independent"
50,8828,"independent"
50,8829,"independent"
48,8830,"independent"
48,8831,"independent"
48,8832,"independent"
50,8833,"independent"
46,8834,"independent"
48,8835,"independent"
50,8836,"independent"
50,8837,"independent"
50,8838,"independent"
48,8839,"independent"
52,8840,"independent"
50,8841,"independent"
46,8842,"independent"
50,8843,"independent"
50,8844,"independent"
48,8845,"independent"
52,8846,"independent"
50,8847,"independent"
50,8848,"independent"
50,8849,"independent"
50,8850,"independent"
50,8851,"independent"
46,8852,"independent"
46,8853,"independent"
50,8854,"independent"
48,8855,"independent"
50,8856,"independent"
48,8857,"independent"
50,8858,"independent"
50,8859,"independent"
50,8860,"independent"
52,8861,"independent"
48,8862,"independent"
48,8863,"independent"
48,8864,"independent"
50,8865,"independent"
50,8866,"independent"
50,8867,"independent"
52,8868,"independent"
52,8869,"independent"
48,8870,"independent"
50,8871,"independent"
48,8872,"independent"
50,8873,"independent"
50,8874,"independent"
46,8875,"independent"
48,8876,"independent"
50,8877,"independent"
48,8878,"independent"
52,8879,"independent"
48,8880,"independent"
52,8881,"independent"
50,8882,"independent"
50,8883,"independent"
48,8884,"independent"
50,8885,"independent"
50,8886,"independent"
50,8887,"independent"
46,8888,"independent"
48,8889,"independent"
50,8890,"independent"
46,8891,"independent"
50,8892,"independent"
48,8893,"independent"
48,8894,"independent"
48,8895,"independent"
48,8896,"independent"
48,8897,"independent"
50,8898,"independent"
46,8899,"independent"
50,8900,"independent"
48,8901,"independent"
52,8902,"independent"
52,8903,"independent"
48,8904,"independent"
52,8905,"independent"
48,8906,"independent"
50,8907,"independent"
50,8908,"independent"
48,8909,"independent"
48,8910,"independent"
48,8911,"independent"
46,8912,"independent"
48,8913,"independent"
50,8914,"independent"
48,8915,"independent"
46,8916,"independent"
48,8917,"independent"
50,8918,"independent"
50,8919,"independent"
46,8920,"independent"
48,8921,"independent"
48,8922,"independent"
48,8923,"independent"
48,8924,"independent"
52,8925,"independent"
52,8926,"independent"
48,8927,"independent"
50,8928,"independent"
50,8929,"independent"
52,8930,"independent"
50,8931,"independent"
48,8932,"independent"
48,8933,"independent"
50,8934,"independent"
50,8935,"independent"
50,8936,"independent"
48,8937,"independent"
50,8938,"independent"
46,8939,"independent"
52,8940,"independent"
48,8941,"independent"
50,8942,"independent"
52,8943,"independent"
48,8944,"independent"
52,8945,"independent"
50,8946,"independent"
50,8947,"independent"
50,8948,"independent"
52,8949,"independent"
46,8950,"independent"
50,8951,"independent"
50,8952,"independent"
52,8953,"independent"
48,8954,"independent"
50,8955,"independent"
48,8956,"independent"
48,8957,"independent"
52,8958,"independent"
48,8959,"independent"
48,8960,"independent"
46,8961,"independent"
50,8962,"independent"
46,8963,"independent"
50,8964,"independent"
46,8965,"independent"
48,8966,"independent"
48,8967,"independent"
50,8968,"independent"
48,8969,"independent"
48,8970,"independent"
48,8971,"independent"
48,8972,"independent"
48,8973,"independent"
50,8974,"independent"
52,8975,"independent"
50,8976,"independent"
52,8977,"independent"
50,8978,"independent"
48,8979,"independent"
50,8980,"independent"
52,8981,"independent"
46,8982,"independent"
50,8983,"independent"
48,8984,"independent"
46,8985,"independent"
48,8986,"independent"
52,8987,"independent"
52,8988,"independent"
48,8989,"independent"
50,8990,"independent"
50,8991,"independent"
48,8992,"independent"
48,8993,"independent"
48,8994,"independent"
48,8995,"independent"
48,8996,"independent"
52,8997,"independent"
50,8998,"independent"
48,8999,"independent"
48,9000,"independent"
50,9001,"independent"
