"RF","tree_id","dataset"
4,1,"independent"
2,2,"independent"
2,3,"independent"
6,4,"independent"
2,5,"independent"
0,6,"independent"
4,7,"independent"
0,8,"independent"
2,9,"independent"
4,10,"independent"
4,11,"independent"
2,12,"independent"
4,13,"independent"
2,14,"independent"
4,15,"independent"
4,16,"independent"
4,17,"independent"
2,18,"independent"
4,19,"independent"
6,20,"independent"
4,21,"independent"
6,22,"independent"
4,23,"independent"
2,24,"independent"
6,25,"independent"
6,26,"independent"
0,27,"independent"
6,28,"independent"
4,29,"independent"
2,30,"independent"
4,31,"independent"
4,32,"independent"
2,33,"independent"
8,34,"independent"
2,35,"independent"
2,36,"independent"
4,37,"independent"
4,38,"independent"
4,39,"independent"
2,40,"independent"
4,41,"independent"
0,42,"independent"
2,43,"independent"
2,44,"independent"
4,45,"independent"
2,46,"independent"
4,47,"independent"
2,48,"independent"
4,49,"independent"
4,50,"independent"
6,51,"independent"
2,52,"independent"
4,53,"independent"
6,54,"independent"
4,55,"independent"
4,56,"independent"
4,57,"independent"
4,58,"independent"
2,59,"independent"
4,60,"independent"
4,61,"independent"
4,62,"independent"
6,63,"independent"
6,64,"independent"
2,65,"independent"
6,66,"independent"
4,67,"independent"
2,68,"independent"
4,69,"independent"
4,70,"independent"
4,71,"independent"
4,72,"independent"
4,73,"independent"
2,74,"independent"
4,75,"independent"
4,76,"independent"
4,77,"independent"
4,78,"independent"
2,79,"independent"
2,80,"independent"
4,81,"independent"
6,82,"independent"
6,83,"independent"
6,84,"independent"
2,85,"independent"
2,86,"independent"
2,87,"independent"
4,88,"independent"
4,89,"independent"
6,90,"independent"
4,91,"independent"
4,92,"independent"
6,93,"independent"
4,94,"independent"
4,95,"independent"
4,96,"independent"
2,97,"independent"
6,98,"independent"
2,99,"independent"
2,100,"independent"
4,101,"independent"
4,102,"independent"
2,103,"independent"
4,104,"independent"
4,105,"independent"
4,106,"independent"
6,107,"independent"
4,108,"independent"
6,109,"independent"
2,110,"independent"
6,111,"independent"
4,112,"independent"
6,113,"independent"
6,114,"independent"
6,115,"independent"
4,116,"independent"
4,117,"independent"
4,118,"independent"
2,119,"independent"
4,120,"independent"
0,121,"independent"
4,122,"independent"
4,123,"independent"
6,124,"independent"
6,125,"independent"
2,126,"independent"
4,127,"independent"
6,128,"independent"
4,129,"independent"
6,130,"independent"
4,131,"independent"
2,132,"independent"
4,133,"independent"
6,134,"independent"
4,135,"independent"
4,136,"independent"
4,137,"independent"
6,138,"independent"
4,139,"independent"
4,140,"independent"
6,141,"independent"
2,142,"independent"
8,143,"independent"
4,144,"independent"
2,145,"independent"
2,146,"independent"
4,147,"independent"
2,148,"independent"
6,149,"independent"
4,150,"independent"
4,151,"independent"
8,152,"independent"
2,153,"independent"
6,154,"independent"
2,155,"independent"
2,156,"independent"
8,157,"independent"
4,158,"independent"
2,159,"independent"
4,160,"independent"
4,161,"independent"
2,162,"independent"
6,163,"independent"
6,164,"independent"
6,165,"independent"
8,166,"independent"
4,167,"independent"
0,168,"independent"
8,169,"independent"
4,170,"independent"
4,171,"independent"
2,172,"independent"
2,173,"independent"
4,174,"independent"
4,175,"independent"
4,176,"independent"
6,177,"independent"
2,178,"independent"
2,179,"independent"
6,180,"independent"
0,181,"independent"
0,182,"independent"
2,183,"independent"
6,184,"independent"
6,185,"independent"
4,186,"independent"
4,187,"independent"
6,188,"independent"
6,189,"independent"
2,190,"independent"
4,191,"independent"
6,192,"independent"
6,193,"independent"
6,194,"independent"
6,195,"independent"
4,196,"independent"
4,197,"independent"
4,198,"independent"
6,199,"independent"
0,200,"independent"
2,201,"independent"
2,202,"independent"
2,203,"independent"
2,204,"independent"
4,205,"independent"
8,206,"independent"
4,207,"independent"
4,208,"independent"
4,209,"independent"
6,210,"independent"
4,211,"independent"
4,212,"independent"
2,213,"independent"
0,214,"independent"
4,215,"independent"
6,216,"independent"
2,217,"independent"
4,218,"independent"
6,219,"independent"
6,220,"independent"
6,221,"independent"
6,222,"independent"
6,223,"independent"
6,224,"independent"
2,225,"independent"
6,226,"independent"
4,227,"independent"
6,228,"independent"
2,229,"independent"
6,230,"independent"
8,231,"independent"
2,232,"independent"
4,233,"independent"
2,234,"independent"
6,235,"independent"
2,236,"independent"
4,237,"independent"
6,238,"independent"
4,239,"independent"
4,240,"independent"
4,241,"independent"
4,242,"independent"
4,243,"independent"
6,244,"independent"
8,245,"independent"
0,246,"independent"
4,247,"independent"
4,248,"independent"
6,249,"independent"
6,250,"independent"
4,251,"independent"
2,252,"independent"
4,253,"independent"
4,254,"independent"
4,255,"independent"
6,256,"independent"
2,257,"independent"
4,258,"independent"
6,259,"independent"
2,260,"independent"
6,261,"independent"
6,262,"independent"
4,263,"independent"
2,264,"independent"
0,265,"independent"
4,266,"independent"
2,267,"independent"
2,268,"independent"
4,269,"independent"
4,270,"independent"
6,271,"independent"
6,272,"independent"
2,273,"independent"
4,274,"independent"
6,275,"independent"
6,276,"independent"
4,277,"independent"
4,278,"independent"
4,279,"independent"
4,280,"independent"
4,281,"independent"
2,282,"independent"
6,283,"independent"
2,284,"independent"
6,285,"independent"
4,286,"independent"
2,287,"independent"
2,288,"independent"
8,289,"independent"
6,290,"independent"
4,291,"independent"
2,292,"independent"
2,293,"independent"
6,294,"independent"
2,295,"independent"
6,296,"independent"
8,297,"independent"
4,298,"independent"
2,299,"independent"
4,300,"independent"
6,301,"independent"
4,302,"independent"
8,303,"independent"
6,304,"independent"
4,305,"independent"
6,306,"independent"
6,307,"independent"
4,308,"independent"
4,309,"independent"
2,310,"independent"
2,311,"independent"
0,312,"independent"
2,313,"independent"
8,314,"independent"
6,315,"independent"
6,316,"independent"
4,317,"independent"
6,318,"independent"
4,319,"independent"
4,320,"independent"
6,321,"independent"
2,322,"independent"
2,323,"independent"
2,324,"independent"
4,325,"independent"
2,326,"independent"
6,327,"independent"
4,328,"independent"
6,329,"independent"
4,330,"independent"
6,331,"independent"
2,332,"independent"
6,333,"independent"
4,334,"independent"
8,335,"independent"
4,336,"independent"
4,337,"independent"
4,338,"independent"
4,339,"independent"
4,340,"independent"
4,341,"independent"
4,342,"independent"
4,343,"independent"
2,344,"independent"
4,345,"independent"
4,346,"independent"
2,347,"independent"
6,348,"independent"
4,349,"independent"
4,350,"independent"
0,351,"independent"
2,352,"independent"
2,353,"independent"
6,354,"independent"
6,355,"independent"
2,356,"independent"
6,357,"independent"
4,358,"independent"
2,359,"independent"
4,360,"independent"
4,361,"independent"
8,362,"independent"
6,363,"independent"
6,364,"independent"
6,365,"independent"
4,366,"independent"
4,367,"independent"
6,368,"independent"
4,369,"independent"
6,370,"independent"
2,371,"independent"
6,372,"independent"
6,373,"independent"
2,374,"independent"
6,375,"independent"
2,376,"independent"
4,377,"independent"
2,378,"independent"
4,379,"independent"
4,380,"independent"
0,381,"independent"
2,382,"independent"
2,383,"independent"
6,384,"independent"
6,385,"independent"
6,386,"independent"
2,387,"independent"
4,388,"independent"
6,389,"independent"
4,390,"independent"
2,391,"independent"
6,392,"independent"
4,393,"independent"
4,394,"independent"
6,395,"independent"
4,396,"independent"
2,397,"independent"
4,398,"independent"
4,399,"independent"
2,400,"independent"
4,401,"independent"
4,402,"independent"
6,403,"independent"
4,404,"independent"
4,405,"independent"
0,406,"independent"
4,407,"independent"
2,408,"independent"
6,409,"independent"
2,410,"independent"
4,411,"independent"
6,412,"independent"
6,413,"independent"
4,414,"independent"
4,415,"independent"
4,416,"independent"
2,417,"independent"
4,418,"independent"
4,419,"independent"
4,420,"independent"
6,421,"independent"
2,422,"independent"
6,423,"independent"
6,424,"independent"
4,425,"independent"
8,426,"independent"
4,427,"independent"
4,428,"independent"
6,429,"independent"
4,430,"independent"
6,431,"independent"
6,432,"independent"
6,433,"independent"
2,434,"independent"
4,435,"independent"
6,436,"independent"
6,437,"independent"
4,438,"independent"
4,439,"independent"
6,440,"independent"
2,441,"independent"
2,442,"independent"
4,443,"independent"
2,444,"independent"
0,445,"independent"
2,446,"independent"
4,447,"independent"
6,448,"independent"
4,449,"independent"
6,450,"independent"
4,451,"independent"
4,452,"independent"
6,453,"independent"
4,454,"independent"
6,455,"independent"
2,456,"independent"
4,457,"independent"
2,458,"independent"
4,459,"independent"
4,460,"independent"
6,461,"independent"
4,462,"independent"
6,463,"independent"
2,464,"independent"
2,465,"independent"
4,466,"independent"
4,467,"independent"
6,468,"independent"
2,469,"independent"
2,470,"independent"
4,471,"independent"
4,472,"independent"
4,473,"independent"
6,474,"independent"
4,475,"independent"
0,476,"independent"
0,477,"independent"
2,478,"independent"
6,479,"independent"
6,480,"independent"
2,481,"independent"
4,482,"independent"
8,483,"independent"
8,484,"independent"
4,485,"independent"
4,486,"independent"
4,487,"independent"
6,488,"independent"
6,489,"independent"
4,490,"independent"
4,491,"independent"
4,492,"independent"
0,493,"independent"
4,494,"independent"
2,495,"independent"
2,496,"independent"
2,497,"independent"
8,498,"independent"
4,499,"independent"
4,500,"independent"
2,501,"independent"
6,502,"independent"
6,503,"independent"
4,504,"independent"
2,505,"independent"
4,506,"independent"
6,507,"independent"
4,508,"independent"
4,509,"independent"
2,510,"independent"
0,511,"independent"
4,512,"independent"
6,513,"independent"
2,514,"independent"
2,515,"independent"
2,516,"independent"
2,517,"independent"
0,518,"independent"
2,519,"independent"
2,520,"independent"
4,521,"independent"
4,522,"independent"
2,523,"independent"
2,524,"independent"
4,525,"independent"
4,526,"independent"
2,527,"independent"
4,528,"independent"
2,529,"independent"
2,530,"independent"
4,531,"independent"
0,532,"independent"
4,533,"independent"
4,534,"independent"
4,535,"independent"
4,536,"independent"
4,537,"independent"
2,538,"independent"
2,539,"independent"
6,540,"independent"
4,541,"independent"
0,542,"independent"
6,543,"independent"
6,544,"independent"
6,545,"independent"
8,546,"independent"
6,547,"independent"
2,548,"independent"
2,549,"independent"
6,550,"independent"
0,551,"independent"
6,552,"independent"
4,553,"independent"
2,554,"independent"
6,555,"independent"
8,556,"independent"
6,557,"independent"
8,558,"independent"
2,559,"independent"
6,560,"independent"
2,561,"independent"
2,562,"independent"
2,563,"independent"
4,564,"independent"
2,565,"independent"
4,566,"independent"
4,567,"independent"
4,568,"independent"
6,569,"independent"
4,570,"independent"
2,571,"independent"
2,572,"independent"
4,573,"independent"
2,574,"independent"
6,575,"independent"
2,576,"independent"
4,577,"independent"
4,578,"independent"
6,579,"independent"
4,580,"independent"
4,581,"independent"
0,582,"independent"
0,583,"independent"
6,584,"independent"
8,585,"independent"
2,586,"independent"
2,587,"independent"
4,588,"independent"
2,589,"independent"
6,590,"independent"
4,591,"independent"
2,592,"independent"
4,593,"independent"
2,594,"independent"
0,595,"independent"
6,596,"independent"
4,597,"independent"
4,598,"independent"
6,599,"independent"
6,600,"independent"
6,601,"independent"
4,602,"independent"
2,603,"independent"
4,604,"independent"
0,605,"independent"
4,606,"independent"
2,607,"independent"
6,608,"independent"
6,609,"independent"
0,610,"independent"
6,611,"independent"
4,612,"independent"
4,613,"independent"
4,614,"independent"
8,615,"independent"
6,616,"independent"
4,617,"independent"
4,618,"independent"
6,619,"independent"
4,620,"independent"
8,621,"independent"
6,622,"independent"
4,623,"independent"
2,624,"independent"
2,625,"independent"
0,626,"independent"
4,627,"independent"
2,628,"independent"
2,629,"independent"
2,630,"independent"
4,631,"independent"
4,632,"independent"
6,633,"independent"
6,634,"independent"
4,635,"independent"
4,636,"independent"
4,637,"independent"
4,638,"independent"
4,639,"independent"
2,640,"independent"
4,641,"independent"
4,642,"independent"
8,643,"independent"
2,644,"independent"
0,645,"independent"
6,646,"independent"
2,647,"independent"
0,648,"independent"
8,649,"independent"
4,650,"independent"
6,651,"independent"
4,652,"independent"
4,653,"independent"
2,654,"independent"
4,655,"independent"
4,656,"independent"
4,657,"independent"
4,658,"independent"
2,659,"independent"
4,660,"independent"
4,661,"independent"
4,662,"independent"
4,663,"independent"
6,664,"independent"
4,665,"independent"
6,666,"independent"
4,667,"independent"
4,668,"independent"
2,669,"independent"
4,670,"independent"
6,671,"independent"
4,672,"independent"
2,673,"independent"
2,674,"independent"
4,675,"independent"
8,676,"independent"
2,677,"independent"
4,678,"independent"
4,679,"independent"
2,680,"independent"
4,681,"independent"
6,682,"independent"
2,683,"independent"
4,684,"independent"
4,685,"independent"
2,686,"independent"
4,687,"independent"
4,688,"independent"
4,689,"independent"
2,690,"independent"
4,691,"independent"
4,692,"independent"
6,693,"independent"
6,694,"independent"
4,695,"independent"
6,696,"independent"
4,697,"independent"
2,698,"independent"
4,699,"independent"
6,700,"independent"
4,701,"independent"
4,702,"independent"
4,703,"independent"
2,704,"independent"
2,705,"independent"
4,706,"independent"
6,707,"independent"
4,708,"independent"
6,709,"independent"
4,710,"independent"
2,711,"independent"
6,712,"independent"
2,713,"independent"
6,714,"independent"
2,715,"independent"
4,716,"independent"
4,717,"independent"
6,718,"independent"
2,719,"independent"
6,720,"independent"
4,721,"independent"
6,722,"independent"
0,723,"independent"
4,724,"independent"
2,725,"independent"
2,726,"independent"
0,727,"independent"
4,728,"independent"
2,729,"independent"
2,730,"independent"
4,731,"independent"
4,732,"independent"
4,733,"independent"
4,734,"independent"
6,735,"independent"
6,736,"independent"
6,737,"independent"
2,738,"independent"
2,739,"independent"
6,740,"independent"
6,741,"independent"
2,742,"independent"
4,743,"independent"
6,744,"independent"
4,745,"independent"
4,746,"independent"
6,747,"independent"
2,748,"independent"
6,749,"independent"
4,750,"independent"
6,751,"independent"
6,752,"independent"
4,753,"independent"
4,754,"independent"
6,755,"independent"
4,756,"independent"
0,757,"independent"
6,758,"independent"
0,759,"independent"
6,760,"independent"
6,761,"independent"
4,762,"independent"
4,763,"independent"
4,764,"independent"
6,765,"independent"
4,766,"independent"
6,767,"independent"
2,768,"independent"
4,769,"independent"
4,770,"independent"
4,771,"independent"
4,772,"independent"
4,773,"independent"
2,774,"independent"
0,775,"independent"
4,776,"independent"
4,777,"independent"
6,778,"independent"
4,779,"independent"
6,780,"independent"
4,781,"independent"
2,782,"independent"
4,783,"independent"
4,784,"independent"
6,785,"independent"
2,786,"independent"
4,787,"independent"
2,788,"independent"
2,789,"independent"
4,790,"independent"
6,791,"independent"
2,792,"independent"
4,793,"independent"
6,794,"independent"
6,795,"independent"
4,796,"independent"
6,797,"independent"
8,798,"independent"
4,799,"independent"
6,800,"independent"
2,801,"independent"
6,802,"independent"
6,803,"independent"
4,804,"independent"
4,805,"independent"
4,806,"independent"
0,807,"independent"
4,808,"independent"
4,809,"independent"
4,810,"independent"
0,811,"independent"
4,812,"independent"
6,813,"independent"
4,814,"independent"
4,815,"independent"
4,816,"independent"
2,817,"independent"
4,818,"independent"
4,819,"independent"
2,820,"independent"
2,821,"independent"
4,822,"independent"
4,823,"independent"
4,824,"independent"
2,825,"independent"
4,826,"independent"
4,827,"independent"
4,828,"independent"
4,829,"independent"
2,830,"independent"
4,831,"independent"
4,832,"independent"
0,833,"independent"
6,834,"independent"
2,835,"independent"
4,836,"independent"
6,837,"independent"
2,838,"independent"
4,839,"independent"
4,840,"independent"
2,841,"independent"
2,842,"independent"
6,843,"independent"
4,844,"independent"
2,845,"independent"
2,846,"independent"
0,847,"independent"
4,848,"independent"
0,849,"independent"
4,850,"independent"
4,851,"independent"
2,852,"independent"
2,853,"independent"
2,854,"independent"
2,855,"independent"
6,856,"independent"
6,857,"independent"
4,858,"independent"
2,859,"independent"
4,860,"independent"
2,861,"independent"
6,862,"independent"
4,863,"independent"
6,864,"independent"
2,865,"independent"
6,866,"independent"
2,867,"independent"
2,868,"independent"
6,869,"independent"
4,870,"independent"
4,871,"independent"
2,872,"independent"
4,873,"independent"
2,874,"independent"
6,875,"independent"
4,876,"independent"
2,877,"independent"
6,878,"independent"
6,879,"independent"
6,880,"independent"
2,881,"independent"
4,882,"independent"
2,883,"independent"
4,884,"independent"
2,885,"independent"
4,886,"independent"
2,887,"independent"
4,888,"independent"
2,889,"independent"
4,890,"independent"
2,891,"independent"
8,892,"independent"
4,893,"independent"
4,894,"independent"
8,895,"independent"
4,896,"independent"
4,897,"independent"
4,898,"independent"
2,899,"independent"
2,900,"independent"
2,901,"independent"
6,902,"independent"
4,903,"independent"
2,904,"independent"
4,905,"independent"
2,906,"independent"
4,907,"independent"
4,908,"independent"
6,909,"independent"
6,910,"independent"
6,911,"independent"
6,912,"independent"
4,913,"independent"
2,914,"independent"
6,915,"independent"
4,916,"independent"
4,917,"independent"
4,918,"independent"
6,919,"independent"
2,920,"independent"
4,921,"independent"
4,922,"independent"
4,923,"independent"
8,924,"independent"
6,925,"independent"
4,926,"independent"
2,927,"independent"
8,928,"independent"
6,929,"independent"
2,930,"independent"
4,931,"independent"
4,932,"independent"
6,933,"independent"
4,934,"independent"
4,935,"independent"
4,936,"independent"
4,937,"independent"
0,938,"independent"
2,939,"independent"
2,940,"independent"
6,941,"independent"
4,942,"independent"
6,943,"independent"
2,944,"independent"
4,945,"independent"
2,946,"independent"
2,947,"independent"
4,948,"independent"
2,949,"independent"
2,950,"independent"
2,951,"independent"
4,952,"independent"
2,953,"independent"
2,954,"independent"
6,955,"independent"
4,956,"independent"
2,957,"independent"
4,958,"independent"
4,959,"independent"
2,960,"independent"
4,961,"independent"
6,962,"independent"
6,963,"independent"
4,964,"independent"
4,965,"independent"
8,966,"independent"
4,967,"independent"
4,968,"independent"
2,969,"independent"
4,970,"independent"
2,971,"independent"
0,972,"independent"
4,973,"independent"
6,974,"independent"
4,975,"independent"
8,976,"independent"
4,977,"independent"
6,978,"independent"
4,979,"independent"
0,980,"independent"
0,981,"independent"
2,982,"independent"
6,983,"independent"
4,984,"independent"
4,985,"independent"
6,986,"independent"
6,987,"independent"
6,988,"independent"
6,989,"independent"
4,990,"independent"
4,991,"independent"
6,992,"independent"
6,993,"independent"
4,994,"independent"
4,995,"independent"
4,996,"independent"
4,997,"independent"
4,998,"independent"
4,999,"independent"
4,1000,"independent"
4,1001,"independent"
4,1002,"independent"
6,1003,"independent"
6,1004,"independent"
0,1005,"independent"
6,1006,"independent"
4,1007,"independent"
4,1008,"independent"
4,1009,"independent"
4,1010,"independent"
4,1011,"independent"
2,1012,"independent"
4,1013,"independent"
6,1014,"independent"
2,1015,"independent"
4,1016,"independent"
4,1017,"independent"
2,1018,"independent"
4,1019,"independent"
6,1020,"independent"
2,1021,"independent"
6,1022,"independent"
4,1023,"independent"
2,1024,"independent"
0,1025,"independent"
0,1026,"independent"
2,1027,"independent"
8,1028,"independent"
6,1029,"independent"
6,1030,"independent"
2,1031,"independent"
4,1032,"independent"
4,1033,"independent"
4,1034,"independent"
4,1035,"independent"
8,1036,"independent"
6,1037,"independent"
4,1038,"independent"
4,1039,"independent"
0,1040,"independent"
0,1041,"independent"
6,1042,"independent"
6,1043,"independent"
4,1044,"independent"
2,1045,"independent"
2,1046,"independent"
4,1047,"independent"
0,1048,"independent"
2,1049,"independent"
6,1050,"independent"
2,1051,"independent"
6,1052,"independent"
6,1053,"independent"
2,1054,"independent"
2,1055,"independent"
6,1056,"independent"
4,1057,"independent"
4,1058,"independent"
2,1059,"independent"
6,1060,"independent"
2,1061,"independent"
2,1062,"independent"
2,1063,"independent"
6,1064,"independent"
2,1065,"independent"
4,1066,"independent"
0,1067,"independent"
6,1068,"independent"
4,1069,"independent"
6,1070,"independent"
4,1071,"independent"
6,1072,"independent"
0,1073,"independent"
4,1074,"independent"
2,1075,"independent"
6,1076,"independent"
2,1077,"independent"
4,1078,"independent"
4,1079,"independent"
4,1080,"independent"
6,1081,"independent"
0,1082,"independent"
4,1083,"independent"
2,1084,"independent"
6,1085,"independent"
6,1086,"independent"
4,1087,"independent"
4,1088,"independent"
4,1089,"independent"
2,1090,"independent"
4,1091,"independent"
10,1092,"independent"
2,1093,"independent"
6,1094,"independent"
8,1095,"independent"
2,1096,"independent"
0,1097,"independent"
2,1098,"independent"
6,1099,"independent"
6,1100,"independent"
6,1101,"independent"
2,1102,"independent"
4,1103,"independent"
4,1104,"independent"
2,1105,"independent"
4,1106,"independent"
8,1107,"independent"
4,1108,"independent"
4,1109,"independent"
2,1110,"independent"
4,1111,"independent"
4,1112,"independent"
2,1113,"independent"
4,1114,"independent"
2,1115,"independent"
0,1116,"independent"
8,1117,"independent"
6,1118,"independent"
2,1119,"independent"
2,1120,"independent"
6,1121,"independent"
4,1122,"independent"
4,1123,"independent"
0,1124,"independent"
4,1125,"independent"
2,1126,"independent"
4,1127,"independent"
6,1128,"independent"
6,1129,"independent"
6,1130,"independent"
6,1131,"independent"
6,1132,"independent"
4,1133,"independent"
4,1134,"independent"
2,1135,"independent"
6,1136,"independent"
4,1137,"independent"
6,1138,"independent"
6,1139,"independent"
6,1140,"independent"
2,1141,"independent"
2,1142,"independent"
6,1143,"independent"
6,1144,"independent"
2,1145,"independent"
6,1146,"independent"
0,1147,"independent"
0,1148,"independent"
6,1149,"independent"
6,1150,"independent"
4,1151,"independent"
4,1152,"independent"
4,1153,"independent"
6,1154,"independent"
4,1155,"independent"
6,1156,"independent"
4,1157,"independent"
6,1158,"independent"
4,1159,"independent"
2,1160,"independent"
4,1161,"independent"
2,1162,"independent"
4,1163,"independent"
2,1164,"independent"
4,1165,"independent"
6,1166,"independent"
2,1167,"independent"
4,1168,"independent"
4,1169,"independent"
4,1170,"independent"
2,1171,"independent"
4,1172,"independent"
4,1173,"independent"
2,1174,"independent"
2,1175,"independent"
2,1176,"independent"
4,1177,"independent"
4,1178,"independent"
6,1179,"independent"
4,1180,"independent"
4,1181,"independent"
4,1182,"independent"
2,1183,"independent"
4,1184,"independent"
8,1185,"independent"
4,1186,"independent"
2,1187,"independent"
4,1188,"independent"
6,1189,"independent"
4,1190,"independent"
4,1191,"independent"
4,1192,"independent"
4,1193,"independent"
6,1194,"independent"
2,1195,"independent"
6,1196,"independent"
6,1197,"independent"
2,1198,"independent"
2,1199,"independent"
6,1200,"independent"
2,1201,"independent"
4,1202,"independent"
6,1203,"independent"
4,1204,"independent"
2,1205,"independent"
4,1206,"independent"
6,1207,"independent"
2,1208,"independent"
4,1209,"independent"
0,1210,"independent"
0,1211,"independent"
4,1212,"independent"
4,1213,"independent"
6,1214,"independent"
4,1215,"independent"
4,1216,"independent"
4,1217,"independent"
6,1218,"independent"
4,1219,"independent"
4,1220,"independent"
6,1221,"independent"
4,1222,"independent"
6,1223,"independent"
4,1224,"independent"
6,1225,"independent"
4,1226,"independent"
6,1227,"independent"
4,1228,"independent"
8,1229,"independent"
4,1230,"independent"
4,1231,"independent"
2,1232,"independent"
6,1233,"independent"
0,1234,"independent"
8,1235,"independent"
4,1236,"independent"
4,1237,"independent"
6,1238,"independent"
0,1239,"independent"
4,1240,"independent"
4,1241,"independent"
6,1242,"independent"
8,1243,"independent"
8,1244,"independent"
6,1245,"independent"
4,1246,"independent"
2,1247,"independent"
2,1248,"independent"
4,1249,"independent"
4,1250,"independent"
2,1251,"independent"
4,1252,"independent"
4,1253,"independent"
4,1254,"independent"
2,1255,"independent"
6,1256,"independent"
4,1257,"independent"
4,1258,"independent"
4,1259,"independent"
6,1260,"independent"
4,1261,"independent"
6,1262,"independent"
2,1263,"independent"
2,1264,"independent"
8,1265,"independent"
2,1266,"independent"
4,1267,"independent"
2,1268,"independent"
0,1269,"independent"
4,1270,"independent"
6,1271,"independent"
2,1272,"independent"
0,1273,"independent"
4,1274,"independent"
6,1275,"independent"
4,1276,"independent"
4,1277,"independent"
6,1278,"independent"
6,1279,"independent"
6,1280,"independent"
4,1281,"independent"
2,1282,"independent"
8,1283,"independent"
4,1284,"independent"
4,1285,"independent"
4,1286,"independent"
2,1287,"independent"
6,1288,"independent"
6,1289,"independent"
4,1290,"independent"
4,1291,"independent"
4,1292,"independent"
4,1293,"independent"
4,1294,"independent"
4,1295,"independent"
4,1296,"independent"
4,1297,"independent"
2,1298,"independent"
6,1299,"independent"
2,1300,"independent"
4,1301,"independent"
4,1302,"independent"
2,1303,"independent"
4,1304,"independent"
4,1305,"independent"
4,1306,"independent"
4,1307,"independent"
6,1308,"independent"
0,1309,"independent"
4,1310,"independent"
2,1311,"independent"
2,1312,"independent"
4,1313,"independent"
0,1314,"independent"
2,1315,"independent"
2,1316,"independent"
4,1317,"independent"
4,1318,"independent"
6,1319,"independent"
2,1320,"independent"
0,1321,"independent"
2,1322,"independent"
4,1323,"independent"
6,1324,"independent"
4,1325,"independent"
4,1326,"independent"
6,1327,"independent"
2,1328,"independent"
2,1329,"independent"
4,1330,"independent"
4,1331,"independent"
2,1332,"independent"
4,1333,"independent"
2,1334,"independent"
6,1335,"independent"
4,1336,"independent"
4,1337,"independent"
4,1338,"independent"
0,1339,"independent"
4,1340,"independent"
6,1341,"independent"
4,1342,"independent"
2,1343,"independent"
2,1344,"independent"
4,1345,"independent"
4,1346,"independent"
6,1347,"independent"
4,1348,"independent"
6,1349,"independent"
4,1350,"independent"
4,1351,"independent"
6,1352,"independent"
4,1353,"independent"
8,1354,"independent"
6,1355,"independent"
6,1356,"independent"
6,1357,"independent"
4,1358,"independent"
2,1359,"independent"
4,1360,"independent"
4,1361,"independent"
4,1362,"independent"
6,1363,"independent"
4,1364,"independent"
2,1365,"independent"
2,1366,"independent"
2,1367,"independent"
2,1368,"independent"
4,1369,"independent"
4,1370,"independent"
4,1371,"independent"
6,1372,"independent"
6,1373,"independent"
4,1374,"independent"
4,1375,"independent"
4,1376,"independent"
4,1377,"independent"
4,1378,"independent"
4,1379,"independent"
4,1380,"independent"
6,1381,"independent"
2,1382,"independent"
4,1383,"independent"
2,1384,"independent"
6,1385,"independent"
8,1386,"independent"
4,1387,"independent"
2,1388,"independent"
6,1389,"independent"
4,1390,"independent"
0,1391,"independent"
4,1392,"independent"
4,1393,"independent"
2,1394,"independent"
4,1395,"independent"
6,1396,"independent"
6,1397,"independent"
2,1398,"independent"
6,1399,"independent"
4,1400,"independent"
6,1401,"independent"
4,1402,"independent"
2,1403,"independent"
6,1404,"independent"
4,1405,"independent"
2,1406,"independent"
4,1407,"independent"
4,1408,"independent"
4,1409,"independent"
4,1410,"independent"
4,1411,"independent"
6,1412,"independent"
4,1413,"independent"
4,1414,"independent"
2,1415,"independent"
2,1416,"independent"
6,1417,"independent"
4,1418,"independent"
6,1419,"independent"
4,1420,"independent"
8,1421,"independent"
4,1422,"independent"
6,1423,"independent"
0,1424,"independent"
2,1425,"independent"
4,1426,"independent"
4,1427,"independent"
4,1428,"independent"
2,1429,"independent"
6,1430,"independent"
4,1431,"independent"
6,1432,"independent"
4,1433,"independent"
6,1434,"independent"
6,1435,"independent"
4,1436,"independent"
4,1437,"independent"
4,1438,"independent"
2,1439,"independent"
4,1440,"independent"
4,1441,"independent"
6,1442,"independent"
6,1443,"independent"
2,1444,"independent"
2,1445,"independent"
2,1446,"independent"
6,1447,"independent"
4,1448,"independent"
6,1449,"independent"
6,1450,"independent"
6,1451,"independent"
2,1452,"independent"
2,1453,"independent"
2,1454,"independent"
6,1455,"independent"
4,1456,"independent"
2,1457,"independent"
4,1458,"independent"
6,1459,"independent"
6,1460,"independent"
4,1461,"independent"
6,1462,"independent"
4,1463,"independent"
6,1464,"independent"
2,1465,"independent"
2,1466,"independent"
6,1467,"independent"
4,1468,"independent"
2,1469,"independent"
4,1470,"independent"
4,1471,"independent"
2,1472,"independent"
2,1473,"independent"
2,1474,"independent"
2,1475,"independent"
4,1476,"independent"
2,1477,"independent"
6,1478,"independent"
4,1479,"independent"
4,1480,"independent"
6,1481,"independent"
8,1482,"independent"
4,1483,"independent"
6,1484,"independent"
4,1485,"independent"
4,1486,"independent"
4,1487,"independent"
4,1488,"independent"
8,1489,"independent"
6,1490,"independent"
4,1491,"independent"
2,1492,"independent"
4,1493,"independent"
4,1494,"independent"
6,1495,"independent"
6,1496,"independent"
6,1497,"independent"
4,1498,"independent"
4,1499,"independent"
4,1500,"independent"
2,1501,"independent"
4,1502,"independent"
6,1503,"independent"
0,1504,"independent"
2,1505,"independent"
4,1506,"independent"
6,1507,"independent"
8,1508,"independent"
8,1509,"independent"
2,1510,"independent"
4,1511,"independent"
2,1512,"independent"
6,1513,"independent"
2,1514,"independent"
6,1515,"independent"
4,1516,"independent"
6,1517,"independent"
6,1518,"independent"
6,1519,"independent"
2,1520,"independent"
2,1521,"independent"
4,1522,"independent"
4,1523,"independent"
8,1524,"independent"
6,1525,"independent"
4,1526,"independent"
4,1527,"independent"
4,1528,"independent"
6,1529,"independent"
4,1530,"independent"
2,1531,"independent"
2,1532,"independent"
6,1533,"independent"
2,1534,"independent"
4,1535,"independent"
4,1536,"independent"
4,1537,"independent"
6,1538,"independent"
2,1539,"independent"
4,1540,"independent"
2,1541,"independent"
2,1542,"independent"
4,1543,"independent"
4,1544,"independent"
2,1545,"independent"
4,1546,"independent"
6,1547,"independent"
2,1548,"independent"
4,1549,"independent"
4,1550,"independent"
6,1551,"independent"
6,1552,"independent"
4,1553,"independent"
4,1554,"independent"
4,1555,"independent"
2,1556,"independent"
6,1557,"independent"
8,1558,"independent"
4,1559,"independent"
4,1560,"independent"
6,1561,"independent"
6,1562,"independent"
4,1563,"independent"
0,1564,"independent"
4,1565,"independent"
2,1566,"independent"
6,1567,"independent"
6,1568,"independent"
6,1569,"independent"
6,1570,"independent"
6,1571,"independent"
4,1572,"independent"
2,1573,"independent"
6,1574,"independent"
2,1575,"independent"
4,1576,"independent"
4,1577,"independent"
6,1578,"independent"
2,1579,"independent"
2,1580,"independent"
4,1581,"independent"
2,1582,"independent"
6,1583,"independent"
6,1584,"independent"
4,1585,"independent"
6,1586,"independent"
4,1587,"independent"
6,1588,"independent"
6,1589,"independent"
6,1590,"independent"
6,1591,"independent"
4,1592,"independent"
4,1593,"independent"
4,1594,"independent"
6,1595,"independent"
4,1596,"independent"
2,1597,"independent"
4,1598,"independent"
4,1599,"independent"
4,1600,"independent"
4,1601,"independent"
0,1602,"independent"
2,1603,"independent"
2,1604,"independent"
4,1605,"independent"
0,1606,"independent"
4,1607,"independent"
4,1608,"independent"
6,1609,"independent"
4,1610,"independent"
4,1611,"independent"
8,1612,"independent"
4,1613,"independent"
0,1614,"independent"
6,1615,"independent"
2,1616,"independent"
4,1617,"independent"
4,1618,"independent"
4,1619,"independent"
4,1620,"independent"
4,1621,"independent"
4,1622,"independent"
6,1623,"independent"
2,1624,"independent"
2,1625,"independent"
2,1626,"independent"
6,1627,"independent"
4,1628,"independent"
4,1629,"independent"
4,1630,"independent"
4,1631,"independent"
6,1632,"independent"
4,1633,"independent"
4,1634,"independent"
6,1635,"independent"
0,1636,"independent"
0,1637,"independent"
4,1638,"independent"
2,1639,"independent"
4,1640,"independent"
6,1641,"independent"
4,1642,"independent"
4,1643,"independent"
6,1644,"independent"
6,1645,"independent"
6,1646,"independent"
2,1647,"independent"
6,1648,"independent"
2,1649,"independent"
0,1650,"independent"
2,1651,"independent"
4,1652,"independent"
4,1653,"independent"
4,1654,"independent"
2,1655,"independent"
4,1656,"independent"
2,1657,"independent"
6,1658,"independent"
0,1659,"independent"
4,1660,"independent"
4,1661,"independent"
4,1662,"independent"
4,1663,"independent"
6,1664,"independent"
4,1665,"independent"
2,1666,"independent"
2,1667,"independent"
4,1668,"independent"
4,1669,"independent"
2,1670,"independent"
4,1671,"independent"
6,1672,"independent"
6,1673,"independent"
6,1674,"independent"
6,1675,"independent"
4,1676,"independent"
4,1677,"independent"
2,1678,"independent"
2,1679,"independent"
4,1680,"independent"
4,1681,"independent"
4,1682,"independent"
4,1683,"independent"
6,1684,"independent"
6,1685,"independent"
2,1686,"independent"
4,1687,"independent"
6,1688,"independent"
4,1689,"independent"
4,1690,"independent"
6,1691,"independent"
4,1692,"independent"
8,1693,"independent"
4,1694,"independent"
4,1695,"independent"
2,1696,"independent"
4,1697,"independent"
2,1698,"independent"
0,1699,"independent"
8,1700,"independent"
4,1701,"independent"
6,1702,"independent"
2,1703,"independent"
4,1704,"independent"
4,1705,"independent"
2,1706,"independent"
2,1707,"independent"
0,1708,"independent"
0,1709,"independent"
4,1710,"independent"
4,1711,"independent"
4,1712,"independent"
2,1713,"independent"
4,1714,"independent"
4,1715,"independent"
2,1716,"independent"
2,1717,"independent"
2,1718,"independent"
4,1719,"independent"
8,1720,"independent"
4,1721,"independent"
8,1722,"independent"
2,1723,"independent"
4,1724,"independent"
6,1725,"independent"
4,1726,"independent"
6,1727,"independent"
6,1728,"independent"
2,1729,"independent"
4,1730,"independent"
6,1731,"independent"
8,1732,"independent"
2,1733,"independent"
4,1734,"independent"
4,1735,"independent"
2,1736,"independent"
6,1737,"independent"
6,1738,"independent"
6,1739,"independent"
2,1740,"independent"
6,1741,"independent"
6,1742,"independent"
4,1743,"independent"
2,1744,"independent"
0,1745,"independent"
4,1746,"independent"
6,1747,"independent"
4,1748,"independent"
4,1749,"independent"
6,1750,"independent"
8,1751,"independent"
4,1752,"independent"
6,1753,"independent"
2,1754,"independent"
4,1755,"independent"
2,1756,"independent"
6,1757,"independent"
2,1758,"independent"
4,1759,"independent"
4,1760,"independent"
6,1761,"independent"
4,1762,"independent"
4,1763,"independent"
4,1764,"independent"
4,1765,"independent"
4,1766,"independent"
4,1767,"independent"
6,1768,"independent"
6,1769,"independent"
2,1770,"independent"
6,1771,"independent"
4,1772,"independent"
2,1773,"independent"
0,1774,"independent"
4,1775,"independent"
4,1776,"independent"
2,1777,"independent"
2,1778,"independent"
4,1779,"independent"
4,1780,"independent"
4,1781,"independent"
6,1782,"independent"
4,1783,"independent"
2,1784,"independent"
2,1785,"independent"
4,1786,"independent"
2,1787,"independent"
2,1788,"independent"
6,1789,"independent"
2,1790,"independent"
6,1791,"independent"
4,1792,"independent"
4,1793,"independent"
2,1794,"independent"
4,1795,"independent"
2,1796,"independent"
2,1797,"independent"
4,1798,"independent"
4,1799,"independent"
4,1800,"independent"
0,1801,"independent"
0,1802,"independent"
2,1803,"independent"
4,1804,"independent"
4,1805,"independent"
4,1806,"independent"
4,1807,"independent"
4,1808,"independent"
4,1809,"independent"
6,1810,"independent"
4,1811,"independent"
4,1812,"independent"
4,1813,"independent"
6,1814,"independent"
2,1815,"independent"
2,1816,"independent"
6,1817,"independent"
4,1818,"independent"
4,1819,"independent"
2,1820,"independent"
2,1821,"independent"
6,1822,"independent"
6,1823,"independent"
6,1824,"independent"
6,1825,"independent"
4,1826,"independent"
4,1827,"independent"
2,1828,"independent"
6,1829,"independent"
4,1830,"independent"
6,1831,"independent"
4,1832,"independent"
2,1833,"independent"
4,1834,"independent"
6,1835,"independent"
2,1836,"independent"
2,1837,"independent"
4,1838,"independent"
6,1839,"independent"
4,1840,"independent"
6,1841,"independent"
2,1842,"independent"
4,1843,"independent"
6,1844,"independent"
6,1845,"independent"
6,1846,"independent"
0,1847,"independent"
6,1848,"independent"
2,1849,"independent"
4,1850,"independent"
2,1851,"independent"
4,1852,"independent"
0,1853,"independent"
2,1854,"independent"
4,1855,"independent"
4,1856,"independent"
2,1857,"independent"
6,1858,"independent"
4,1859,"independent"
6,1860,"independent"
4,1861,"independent"
4,1862,"independent"
2,1863,"independent"
0,1864,"independent"
4,1865,"independent"
6,1866,"independent"
4,1867,"independent"
4,1868,"independent"
6,1869,"independent"
6,1870,"independent"
4,1871,"independent"
4,1872,"independent"
4,1873,"independent"
4,1874,"independent"
6,1875,"independent"
6,1876,"independent"
0,1877,"independent"
2,1878,"independent"
4,1879,"independent"
4,1880,"independent"
6,1881,"independent"
2,1882,"independent"
4,1883,"independent"
2,1884,"independent"
2,1885,"independent"
4,1886,"independent"
4,1887,"independent"
2,1888,"independent"
2,1889,"independent"
8,1890,"independent"
6,1891,"independent"
4,1892,"independent"
4,1893,"independent"
2,1894,"independent"
4,1895,"independent"
4,1896,"independent"
2,1897,"independent"
8,1898,"independent"
6,1899,"independent"
2,1900,"independent"
4,1901,"independent"
6,1902,"independent"
2,1903,"independent"
8,1904,"independent"
2,1905,"independent"
4,1906,"independent"
4,1907,"independent"
4,1908,"independent"
4,1909,"independent"
8,1910,"independent"
4,1911,"independent"
6,1912,"independent"
4,1913,"independent"
6,1914,"independent"
2,1915,"independent"
2,1916,"independent"
6,1917,"independent"
4,1918,"independent"
2,1919,"independent"
4,1920,"independent"
2,1921,"independent"
2,1922,"independent"
4,1923,"independent"
4,1924,"independent"
4,1925,"independent"
4,1926,"independent"
4,1927,"independent"
0,1928,"independent"
6,1929,"independent"
6,1930,"independent"
4,1931,"independent"
2,1932,"independent"
4,1933,"independent"
6,1934,"independent"
8,1935,"independent"
2,1936,"independent"
6,1937,"independent"
2,1938,"independent"
2,1939,"independent"
4,1940,"independent"
6,1941,"independent"
4,1942,"independent"
4,1943,"independent"
2,1944,"independent"
2,1945,"independent"
6,1946,"independent"
2,1947,"independent"
10,1948,"independent"
2,1949,"independent"
2,1950,"independent"
4,1951,"independent"
4,1952,"independent"
6,1953,"independent"
4,1954,"independent"
4,1955,"independent"
2,1956,"independent"
6,1957,"independent"
4,1958,"independent"
6,1959,"independent"
4,1960,"independent"
6,1961,"independent"
4,1962,"independent"
6,1963,"independent"
6,1964,"independent"
2,1965,"independent"
6,1966,"independent"
4,1967,"independent"
2,1968,"independent"
0,1969,"independent"
4,1970,"independent"
6,1971,"independent"
8,1972,"independent"
4,1973,"independent"
6,1974,"independent"
4,1975,"independent"
4,1976,"independent"
2,1977,"independent"
4,1978,"independent"
4,1979,"independent"
2,1980,"independent"
6,1981,"independent"
6,1982,"independent"
6,1983,"independent"
4,1984,"independent"
4,1985,"independent"
4,1986,"independent"
8,1987,"independent"
4,1988,"independent"
4,1989,"independent"
4,1990,"independent"
4,1991,"independent"
4,1992,"independent"
4,1993,"independent"
4,1994,"independent"
4,1995,"independent"
2,1996,"independent"
4,1997,"independent"
4,1998,"independent"
4,1999,"independent"
4,2000,"independent"
4,2001,"independent"
6,2002,"independent"
6,2003,"independent"
6,2004,"independent"
2,2005,"independent"
4,2006,"independent"
2,2007,"independent"
4,2008,"independent"
6,2009,"independent"
6,2010,"independent"
6,2011,"independent"
2,2012,"independent"
2,2013,"independent"
4,2014,"independent"
4,2015,"independent"
4,2016,"independent"
2,2017,"independent"
0,2018,"independent"
4,2019,"independent"
6,2020,"independent"
8,2021,"independent"
2,2022,"independent"
4,2023,"independent"
2,2024,"independent"
4,2025,"independent"
2,2026,"independent"
4,2027,"independent"
4,2028,"independent"
4,2029,"independent"
6,2030,"independent"
4,2031,"independent"
2,2032,"independent"
2,2033,"independent"
4,2034,"independent"
4,2035,"independent"
4,2036,"independent"
4,2037,"independent"
0,2038,"independent"
4,2039,"independent"
6,2040,"independent"
4,2041,"independent"
4,2042,"independent"
2,2043,"independent"
6,2044,"independent"
6,2045,"independent"
2,2046,"independent"
6,2047,"independent"
4,2048,"independent"
2,2049,"independent"
6,2050,"independent"
4,2051,"independent"
6,2052,"independent"
2,2053,"independent"
8,2054,"independent"
6,2055,"independent"
6,2056,"independent"
0,2057,"independent"
6,2058,"independent"
6,2059,"independent"
4,2060,"independent"
6,2061,"independent"
2,2062,"independent"
0,2063,"independent"
4,2064,"independent"
4,2065,"independent"
6,2066,"independent"
6,2067,"independent"
0,2068,"independent"
2,2069,"independent"
4,2070,"independent"
4,2071,"independent"
2,2072,"independent"
6,2073,"independent"
6,2074,"independent"
4,2075,"independent"
4,2076,"independent"
8,2077,"independent"
4,2078,"independent"
4,2079,"independent"
4,2080,"independent"
4,2081,"independent"
2,2082,"independent"
4,2083,"independent"
2,2084,"independent"
6,2085,"independent"
6,2086,"independent"
4,2087,"independent"
4,2088,"independent"
2,2089,"independent"
4,2090,"independent"
6,2091,"independent"
4,2092,"independent"
2,2093,"independent"
8,2094,"independent"
6,2095,"independent"
2,2096,"independent"
6,2097,"independent"
6,2098,"independent"
4,2099,"independent"
6,2100,"independent"
2,2101,"independent"
8,2102,"independent"
4,2103,"independent"
4,2104,"independent"
6,2105,"independent"
4,2106,"independent"
2,2107,"independent"
2,2108,"independent"
6,2109,"independent"
4,2110,"independent"
4,2111,"independent"
4,2112,"independent"
2,2113,"independent"
0,2114,"independent"
6,2115,"independent"
4,2116,"independent"
4,2117,"independent"
2,2118,"independent"
4,2119,"independent"
0,2120,"independent"
2,2121,"independent"
4,2122,"independent"
2,2123,"independent"
2,2124,"independent"
2,2125,"independent"
2,2126,"independent"
6,2127,"independent"
4,2128,"independent"
2,2129,"independent"
2,2130,"independent"
4,2131,"independent"
4,2132,"independent"
4,2133,"independent"
2,2134,"independent"
4,2135,"independent"
0,2136,"independent"
2,2137,"independent"
4,2138,"independent"
2,2139,"independent"
6,2140,"independent"
2,2141,"independent"
4,2142,"independent"
8,2143,"independent"
4,2144,"independent"
6,2145,"independent"
2,2146,"independent"
4,2147,"independent"
2,2148,"independent"
2,2149,"independent"
2,2150,"independent"
4,2151,"independent"
6,2152,"independent"
4,2153,"independent"
4,2154,"independent"
4,2155,"independent"
8,2156,"independent"
2,2157,"independent"
0,2158,"independent"
4,2159,"independent"
2,2160,"independent"
4,2161,"independent"
6,2162,"independent"
4,2163,"independent"
4,2164,"independent"
2,2165,"independent"
4,2166,"independent"
6,2167,"independent"
4,2168,"independent"
4,2169,"independent"
4,2170,"independent"
4,2171,"independent"
0,2172,"independent"
2,2173,"independent"
4,2174,"independent"
4,2175,"independent"
4,2176,"independent"
2,2177,"independent"
2,2178,"independent"
4,2179,"independent"
2,2180,"independent"
4,2181,"independent"
4,2182,"independent"
2,2183,"independent"
6,2184,"independent"
4,2185,"independent"
4,2186,"independent"
4,2187,"independent"
4,2188,"independent"
2,2189,"independent"
4,2190,"independent"
8,2191,"independent"
4,2192,"independent"
2,2193,"independent"
2,2194,"independent"
4,2195,"independent"
4,2196,"independent"
6,2197,"independent"
6,2198,"independent"
0,2199,"independent"
6,2200,"independent"
4,2201,"independent"
4,2202,"independent"
4,2203,"independent"
2,2204,"independent"
4,2205,"independent"
2,2206,"independent"
8,2207,"independent"
6,2208,"independent"
4,2209,"independent"
4,2210,"independent"
4,2211,"independent"
4,2212,"independent"
4,2213,"independent"
6,2214,"independent"
4,2215,"independent"
6,2216,"independent"
6,2217,"independent"
2,2218,"independent"
6,2219,"independent"
4,2220,"independent"
2,2221,"independent"
4,2222,"independent"
6,2223,"independent"
4,2224,"independent"
4,2225,"independent"
4,2226,"independent"
2,2227,"independent"
4,2228,"independent"
4,2229,"independent"
2,2230,"independent"
4,2231,"independent"
2,2232,"independent"
4,2233,"independent"
4,2234,"independent"
4,2235,"independent"
6,2236,"independent"
8,2237,"independent"
4,2238,"independent"
2,2239,"independent"
6,2240,"independent"
2,2241,"independent"
6,2242,"independent"
4,2243,"independent"
4,2244,"independent"
6,2245,"independent"
4,2246,"independent"
6,2247,"independent"
0,2248,"independent"
4,2249,"independent"
4,2250,"independent"
2,2251,"independent"
0,2252,"independent"
6,2253,"independent"
4,2254,"independent"
2,2255,"independent"
8,2256,"independent"
4,2257,"independent"
4,2258,"independent"
6,2259,"independent"
6,2260,"independent"
6,2261,"independent"
8,2262,"independent"
2,2263,"independent"
4,2264,"independent"
0,2265,"independent"
2,2266,"independent"
4,2267,"independent"
4,2268,"independent"
4,2269,"independent"
4,2270,"independent"
0,2271,"independent"
2,2272,"independent"
6,2273,"independent"
8,2274,"independent"
2,2275,"independent"
2,2276,"independent"
4,2277,"independent"
4,2278,"independent"
4,2279,"independent"
6,2280,"independent"
6,2281,"independent"
2,2282,"independent"
6,2283,"independent"
4,2284,"independent"
6,2285,"independent"
2,2286,"independent"
4,2287,"independent"
6,2288,"independent"
2,2289,"independent"
2,2290,"independent"
6,2291,"independent"
4,2292,"independent"
2,2293,"independent"
6,2294,"independent"
6,2295,"independent"
2,2296,"independent"
4,2297,"independent"
6,2298,"independent"
2,2299,"independent"
4,2300,"independent"
4,2301,"independent"
4,2302,"independent"
4,2303,"independent"
2,2304,"independent"
4,2305,"independent"
6,2306,"independent"
4,2307,"independent"
4,2308,"independent"
4,2309,"independent"
4,2310,"independent"
4,2311,"independent"
4,2312,"independent"
4,2313,"independent"
2,2314,"independent"
6,2315,"independent"
4,2316,"independent"
6,2317,"independent"
4,2318,"independent"
4,2319,"independent"
6,2320,"independent"
6,2321,"independent"
4,2322,"independent"
0,2323,"independent"
4,2324,"independent"
6,2325,"independent"
4,2326,"independent"
4,2327,"independent"
4,2328,"independent"
6,2329,"independent"
4,2330,"independent"
6,2331,"independent"
6,2332,"independent"
6,2333,"independent"
6,2334,"independent"
6,2335,"independent"
2,2336,"independent"
4,2337,"independent"
2,2338,"independent"
4,2339,"independent"
6,2340,"independent"
2,2341,"independent"
2,2342,"independent"
8,2343,"independent"
4,2344,"independent"
2,2345,"independent"
2,2346,"independent"
4,2347,"independent"
4,2348,"independent"
4,2349,"independent"
2,2350,"independent"
2,2351,"independent"
4,2352,"independent"
2,2353,"independent"
6,2354,"independent"
2,2355,"independent"
6,2356,"independent"
6,2357,"independent"
6,2358,"independent"
2,2359,"independent"
4,2360,"independent"
4,2361,"independent"
2,2362,"independent"
6,2363,"independent"
4,2364,"independent"
2,2365,"independent"
2,2366,"independent"
8,2367,"independent"
2,2368,"independent"
4,2369,"independent"
2,2370,"independent"
6,2371,"independent"
4,2372,"independent"
4,2373,"independent"
6,2374,"independent"
4,2375,"independent"
4,2376,"independent"
4,2377,"independent"
2,2378,"independent"
2,2379,"independent"
2,2380,"independent"
4,2381,"independent"
2,2382,"independent"
4,2383,"independent"
6,2384,"independent"
4,2385,"independent"
2,2386,"independent"
4,2387,"independent"
0,2388,"independent"
2,2389,"independent"
0,2390,"independent"
4,2391,"independent"
0,2392,"independent"
4,2393,"independent"
4,2394,"independent"
6,2395,"independent"
4,2396,"independent"
6,2397,"independent"
4,2398,"independent"
2,2399,"independent"
4,2400,"independent"
4,2401,"independent"
2,2402,"independent"
2,2403,"independent"
4,2404,"independent"
2,2405,"independent"
4,2406,"independent"
2,2407,"independent"
6,2408,"independent"
4,2409,"independent"
6,2410,"independent"
2,2411,"independent"
2,2412,"independent"
4,2413,"independent"
4,2414,"independent"
6,2415,"independent"
4,2416,"independent"
6,2417,"independent"
6,2418,"independent"
2,2419,"independent"
2,2420,"independent"
0,2421,"independent"
6,2422,"independent"
6,2423,"independent"
2,2424,"independent"
4,2425,"independent"
4,2426,"independent"
2,2427,"independent"
6,2428,"independent"
4,2429,"independent"
6,2430,"independent"
6,2431,"independent"
6,2432,"independent"
4,2433,"independent"
2,2434,"independent"
2,2435,"independent"
4,2436,"independent"
4,2437,"independent"
4,2438,"independent"
4,2439,"independent"
4,2440,"independent"
6,2441,"independent"
2,2442,"independent"
0,2443,"independent"
0,2444,"independent"
8,2445,"independent"
4,2446,"independent"
2,2447,"independent"
2,2448,"independent"
6,2449,"independent"
6,2450,"independent"
4,2451,"independent"
6,2452,"independent"
4,2453,"independent"
6,2454,"independent"
6,2455,"independent"
6,2456,"independent"
6,2457,"independent"
4,2458,"independent"
4,2459,"independent"
6,2460,"independent"
6,2461,"independent"
4,2462,"independent"
4,2463,"independent"
6,2464,"independent"
6,2465,"independent"
2,2466,"independent"
4,2467,"independent"
4,2468,"independent"
4,2469,"independent"
4,2470,"independent"
4,2471,"independent"
8,2472,"independent"
4,2473,"independent"
4,2474,"independent"
4,2475,"independent"
6,2476,"independent"
2,2477,"independent"
8,2478,"independent"
2,2479,"independent"
4,2480,"independent"
2,2481,"independent"
4,2482,"independent"
6,2483,"independent"
4,2484,"independent"
4,2485,"independent"
2,2486,"independent"
0,2487,"independent"
4,2488,"independent"
2,2489,"independent"
6,2490,"independent"
2,2491,"independent"
4,2492,"independent"
0,2493,"independent"
6,2494,"independent"
0,2495,"independent"
4,2496,"independent"
4,2497,"independent"
6,2498,"independent"
4,2499,"independent"
6,2500,"independent"
4,2501,"independent"
4,2502,"independent"
2,2503,"independent"
2,2504,"independent"
4,2505,"independent"
2,2506,"independent"
6,2507,"independent"
4,2508,"independent"
0,2509,"independent"
2,2510,"independent"
6,2511,"independent"
6,2512,"independent"
6,2513,"independent"
4,2514,"independent"
6,2515,"independent"
2,2516,"independent"
8,2517,"independent"
6,2518,"independent"
4,2519,"independent"
4,2520,"independent"
4,2521,"independent"
4,2522,"independent"
2,2523,"independent"
2,2524,"independent"
6,2525,"independent"
2,2526,"independent"
6,2527,"independent"
2,2528,"independent"
6,2529,"independent"
4,2530,"independent"
6,2531,"independent"
0,2532,"independent"
2,2533,"independent"
2,2534,"independent"
4,2535,"independent"
4,2536,"independent"
4,2537,"independent"
6,2538,"independent"
4,2539,"independent"
0,2540,"independent"
2,2541,"independent"
2,2542,"independent"
0,2543,"independent"
4,2544,"independent"
6,2545,"independent"
4,2546,"independent"
8,2547,"independent"
4,2548,"independent"
8,2549,"independent"
2,2550,"independent"
6,2551,"independent"
6,2552,"independent"
4,2553,"independent"
2,2554,"independent"
4,2555,"independent"
4,2556,"independent"
6,2557,"independent"
2,2558,"independent"
4,2559,"independent"
4,2560,"independent"
6,2561,"independent"
4,2562,"independent"
2,2563,"independent"
6,2564,"independent"
6,2565,"independent"
6,2566,"independent"
4,2567,"independent"
6,2568,"independent"
4,2569,"independent"
4,2570,"independent"
8,2571,"independent"
6,2572,"independent"
6,2573,"independent"
6,2574,"independent"
4,2575,"independent"
6,2576,"independent"
6,2577,"independent"
4,2578,"independent"
2,2579,"independent"
2,2580,"independent"
4,2581,"independent"
8,2582,"independent"
6,2583,"independent"
4,2584,"independent"
6,2585,"independent"
6,2586,"independent"
4,2587,"independent"
6,2588,"independent"
6,2589,"independent"
2,2590,"independent"
6,2591,"independent"
4,2592,"independent"
6,2593,"independent"
6,2594,"independent"
2,2595,"independent"
4,2596,"independent"
4,2597,"independent"
2,2598,"independent"
2,2599,"independent"
6,2600,"independent"
2,2601,"independent"
4,2602,"independent"
4,2603,"independent"
6,2604,"independent"
4,2605,"independent"
2,2606,"independent"
4,2607,"independent"
2,2608,"independent"
6,2609,"independent"
0,2610,"independent"
6,2611,"independent"
2,2612,"independent"
4,2613,"independent"
6,2614,"independent"
4,2615,"independent"
2,2616,"independent"
2,2617,"independent"
2,2618,"independent"
8,2619,"independent"
2,2620,"independent"
6,2621,"independent"
6,2622,"independent"
4,2623,"independent"
2,2624,"independent"
2,2625,"independent"
2,2626,"independent"
6,2627,"independent"
2,2628,"independent"
8,2629,"independent"
0,2630,"independent"
6,2631,"independent"
4,2632,"independent"
4,2633,"independent"
4,2634,"independent"
4,2635,"independent"
6,2636,"independent"
6,2637,"independent"
2,2638,"independent"
4,2639,"independent"
6,2640,"independent"
4,2641,"independent"
4,2642,"independent"
4,2643,"independent"
2,2644,"independent"
4,2645,"independent"
2,2646,"independent"
4,2647,"independent"
4,2648,"independent"
4,2649,"independent"
4,2650,"independent"
4,2651,"independent"
6,2652,"independent"
2,2653,"independent"
4,2654,"independent"
0,2655,"independent"
8,2656,"independent"
2,2657,"independent"
2,2658,"independent"
4,2659,"independent"
2,2660,"independent"
2,2661,"independent"
4,2662,"independent"
2,2663,"independent"
4,2664,"independent"
4,2665,"independent"
2,2666,"independent"
2,2667,"independent"
6,2668,"independent"
4,2669,"independent"
2,2670,"independent"
4,2671,"independent"
4,2672,"independent"
6,2673,"independent"
6,2674,"independent"
2,2675,"independent"
4,2676,"independent"
0,2677,"independent"
6,2678,"independent"
4,2679,"independent"
2,2680,"independent"
4,2681,"independent"
6,2682,"independent"
4,2683,"independent"
4,2684,"independent"
4,2685,"independent"
2,2686,"independent"
2,2687,"independent"
2,2688,"independent"
8,2689,"independent"
4,2690,"independent"
2,2691,"independent"
6,2692,"independent"
2,2693,"independent"
4,2694,"independent"
4,2695,"independent"
2,2696,"independent"
6,2697,"independent"
2,2698,"independent"
4,2699,"independent"
6,2700,"independent"
4,2701,"independent"
2,2702,"independent"
4,2703,"independent"
4,2704,"independent"
8,2705,"independent"
4,2706,"independent"
4,2707,"independent"
4,2708,"independent"
4,2709,"independent"
6,2710,"independent"
2,2711,"independent"
4,2712,"independent"
4,2713,"independent"
6,2714,"independent"
2,2715,"independent"
6,2716,"independent"
4,2717,"independent"
4,2718,"independent"
2,2719,"independent"
4,2720,"independent"
2,2721,"independent"
6,2722,"independent"
4,2723,"independent"
4,2724,"independent"
4,2725,"independent"
2,2726,"independent"
2,2727,"independent"
2,2728,"independent"
2,2729,"independent"
4,2730,"independent"
4,2731,"independent"
4,2732,"independent"
4,2733,"independent"
2,2734,"independent"
4,2735,"independent"
2,2736,"independent"
4,2737,"independent"
6,2738,"independent"
4,2739,"independent"
4,2740,"independent"
6,2741,"independent"
4,2742,"independent"
2,2743,"independent"
6,2744,"independent"
2,2745,"independent"
4,2746,"independent"
4,2747,"independent"
2,2748,"independent"
2,2749,"independent"
2,2750,"independent"
4,2751,"independent"
4,2752,"independent"
4,2753,"independent"
8,2754,"independent"
4,2755,"independent"
2,2756,"independent"
2,2757,"independent"
6,2758,"independent"
6,2759,"independent"
8,2760,"independent"
4,2761,"independent"
6,2762,"independent"
6,2763,"independent"
6,2764,"independent"
2,2765,"independent"
4,2766,"independent"
0,2767,"independent"
2,2768,"independent"
4,2769,"independent"
2,2770,"independent"
6,2771,"independent"
4,2772,"independent"
6,2773,"independent"
4,2774,"independent"
6,2775,"independent"
6,2776,"independent"
8,2777,"independent"
2,2778,"independent"
6,2779,"independent"
4,2780,"independent"
8,2781,"independent"
6,2782,"independent"
6,2783,"independent"
4,2784,"independent"
4,2785,"independent"
2,2786,"independent"
4,2787,"independent"
4,2788,"independent"
6,2789,"independent"
6,2790,"independent"
6,2791,"independent"
2,2792,"independent"
6,2793,"independent"
4,2794,"independent"
4,2795,"independent"
4,2796,"independent"
6,2797,"independent"
4,2798,"independent"
6,2799,"independent"
2,2800,"independent"
4,2801,"independent"
0,2802,"independent"
0,2803,"independent"
4,2804,"independent"
4,2805,"independent"
4,2806,"independent"
4,2807,"independent"
4,2808,"independent"
6,2809,"independent"
6,2810,"independent"
4,2811,"independent"
4,2812,"independent"
4,2813,"independent"
2,2814,"independent"
4,2815,"independent"
6,2816,"independent"
2,2817,"independent"
4,2818,"independent"
4,2819,"independent"
4,2820,"independent"
6,2821,"independent"
4,2822,"independent"
2,2823,"independent"
2,2824,"independent"
2,2825,"independent"
4,2826,"independent"
6,2827,"independent"
4,2828,"independent"
2,2829,"independent"
6,2830,"independent"
2,2831,"independent"
6,2832,"independent"
4,2833,"independent"
2,2834,"independent"
2,2835,"independent"
2,2836,"independent"
2,2837,"independent"
2,2838,"independent"
4,2839,"independent"
4,2840,"independent"
2,2841,"independent"
6,2842,"independent"
8,2843,"independent"
4,2844,"independent"
6,2845,"independent"
2,2846,"independent"
6,2847,"independent"
4,2848,"independent"
6,2849,"independent"
4,2850,"independent"
6,2851,"independent"
2,2852,"independent"
0,2853,"independent"
2,2854,"independent"
0,2855,"independent"
4,2856,"independent"
4,2857,"independent"
0,2858,"independent"
4,2859,"independent"
2,2860,"independent"
4,2861,"independent"
6,2862,"independent"
4,2863,"independent"
4,2864,"independent"
2,2865,"independent"
4,2866,"independent"
2,2867,"independent"
2,2868,"independent"
0,2869,"independent"
4,2870,"independent"
4,2871,"independent"
2,2872,"independent"
2,2873,"independent"
2,2874,"independent"
6,2875,"independent"
6,2876,"independent"
6,2877,"independent"
2,2878,"independent"
2,2879,"independent"
4,2880,"independent"
2,2881,"independent"
4,2882,"independent"
6,2883,"independent"
2,2884,"independent"
4,2885,"independent"
0,2886,"independent"
4,2887,"independent"
4,2888,"independent"
4,2889,"independent"
4,2890,"independent"
0,2891,"independent"
4,2892,"independent"
2,2893,"independent"
2,2894,"independent"
2,2895,"independent"
6,2896,"independent"
6,2897,"independent"
2,2898,"independent"
4,2899,"independent"
4,2900,"independent"
4,2901,"independent"
4,2902,"independent"
4,2903,"independent"
4,2904,"independent"
2,2905,"independent"
4,2906,"independent"
4,2907,"independent"
2,2908,"independent"
6,2909,"independent"
6,2910,"independent"
2,2911,"independent"
4,2912,"independent"
2,2913,"independent"
2,2914,"independent"
6,2915,"independent"
2,2916,"independent"
2,2917,"independent"
6,2918,"independent"
2,2919,"independent"
6,2920,"independent"
4,2921,"independent"
4,2922,"independent"
4,2923,"independent"
2,2924,"independent"
4,2925,"independent"
4,2926,"independent"
6,2927,"independent"
0,2928,"independent"
4,2929,"independent"
0,2930,"independent"
4,2931,"independent"
6,2932,"independent"
4,2933,"independent"
4,2934,"independent"
6,2935,"independent"
2,2936,"independent"
4,2937,"independent"
6,2938,"independent"
4,2939,"independent"
2,2940,"independent"
6,2941,"independent"
6,2942,"independent"
4,2943,"independent"
6,2944,"independent"
6,2945,"independent"
2,2946,"independent"
2,2947,"independent"
0,2948,"independent"
2,2949,"independent"
6,2950,"independent"
4,2951,"independent"
6,2952,"independent"
4,2953,"independent"
4,2954,"independent"
4,2955,"independent"
4,2956,"independent"
2,2957,"independent"
4,2958,"independent"
4,2959,"independent"
8,2960,"independent"
4,2961,"independent"
4,2962,"independent"
10,2963,"independent"
2,2964,"independent"
4,2965,"independent"
2,2966,"independent"
2,2967,"independent"
2,2968,"independent"
4,2969,"independent"
4,2970,"independent"
4,2971,"independent"
6,2972,"independent"
4,2973,"independent"
2,2974,"independent"
2,2975,"independent"
2,2976,"independent"
6,2977,"independent"
0,2978,"independent"
2,2979,"independent"
6,2980,"independent"
4,2981,"independent"
4,2982,"independent"
6,2983,"independent"
6,2984,"independent"
6,2985,"independent"
4,2986,"independent"
4,2987,"independent"
2,2988,"independent"
6,2989,"independent"
2,2990,"independent"
6,2991,"independent"
2,2992,"independent"
2,2993,"independent"
2,2994,"independent"
6,2995,"independent"
4,2996,"independent"
8,2997,"independent"
2,2998,"independent"
2,2999,"independent"
4,3000,"independent"
6,3001,"independent"
4,3002,"independent"
6,3003,"independent"
2,3004,"independent"
4,3005,"independent"
6,3006,"independent"
8,3007,"independent"
6,3008,"independent"
4,3009,"independent"
6,3010,"independent"
2,3011,"independent"
4,3012,"independent"
4,3013,"independent"
0,3014,"independent"
4,3015,"independent"
4,3016,"independent"
6,3017,"independent"
4,3018,"independent"
6,3019,"independent"
4,3020,"independent"
4,3021,"independent"
2,3022,"independent"
4,3023,"independent"
6,3024,"independent"
4,3025,"independent"
6,3026,"independent"
4,3027,"independent"
4,3028,"independent"
4,3029,"independent"
6,3030,"independent"
4,3031,"independent"
2,3032,"independent"
4,3033,"independent"
4,3034,"independent"
6,3035,"independent"
8,3036,"independent"
6,3037,"independent"
4,3038,"independent"
6,3039,"independent"
4,3040,"independent"
4,3041,"independent"
6,3042,"independent"
6,3043,"independent"
6,3044,"independent"
4,3045,"independent"
4,3046,"independent"
2,3047,"independent"
4,3048,"independent"
6,3049,"independent"
4,3050,"independent"
4,3051,"independent"
2,3052,"independent"
6,3053,"independent"
4,3054,"independent"
6,3055,"independent"
6,3056,"independent"
4,3057,"independent"
6,3058,"independent"
6,3059,"independent"
6,3060,"independent"
2,3061,"independent"
6,3062,"independent"
2,3063,"independent"
4,3064,"independent"
4,3065,"independent"
0,3066,"independent"
2,3067,"independent"
4,3068,"independent"
6,3069,"independent"
6,3070,"independent"
6,3071,"independent"
6,3072,"independent"
4,3073,"independent"
4,3074,"independent"
4,3075,"independent"
4,3076,"independent"
2,3077,"independent"
2,3078,"independent"
4,3079,"independent"
2,3080,"independent"
4,3081,"independent"
4,3082,"independent"
6,3083,"independent"
4,3084,"independent"
2,3085,"independent"
2,3086,"independent"
6,3087,"independent"
4,3088,"independent"
4,3089,"independent"
4,3090,"independent"
2,3091,"independent"
2,3092,"independent"
4,3093,"independent"
4,3094,"independent"
4,3095,"independent"
0,3096,"independent"
2,3097,"independent"
2,3098,"independent"
6,3099,"independent"
6,3100,"independent"
6,3101,"independent"
4,3102,"independent"
4,3103,"independent"
6,3104,"independent"
4,3105,"independent"
4,3106,"independent"
4,3107,"independent"
6,3108,"independent"
4,3109,"independent"
2,3110,"independent"
4,3111,"independent"
2,3112,"independent"
4,3113,"independent"
6,3114,"independent"
4,3115,"independent"
4,3116,"independent"
4,3117,"independent"
6,3118,"independent"
4,3119,"independent"
6,3120,"independent"
4,3121,"independent"
2,3122,"independent"
2,3123,"independent"
4,3124,"independent"
6,3125,"independent"
8,3126,"independent"
4,3127,"independent"
4,3128,"independent"
4,3129,"independent"
2,3130,"independent"
4,3131,"independent"
2,3132,"independent"
8,3133,"independent"
4,3134,"independent"
4,3135,"independent"
4,3136,"independent"
6,3137,"independent"
4,3138,"independent"
4,3139,"independent"
4,3140,"independent"
2,3141,"independent"
4,3142,"independent"
4,3143,"independent"
2,3144,"independent"
4,3145,"independent"
4,3146,"independent"
6,3147,"independent"
2,3148,"independent"
2,3149,"independent"
6,3150,"independent"
2,3151,"independent"
4,3152,"independent"
6,3153,"independent"
6,3154,"independent"
4,3155,"independent"
6,3156,"independent"
4,3157,"independent"
2,3158,"independent"
6,3159,"independent"
6,3160,"independent"
4,3161,"independent"
4,3162,"independent"
6,3163,"independent"
2,3164,"independent"
6,3165,"independent"
4,3166,"independent"
4,3167,"independent"
4,3168,"independent"
4,3169,"independent"
6,3170,"independent"
4,3171,"independent"
4,3172,"independent"
6,3173,"independent"
4,3174,"independent"
4,3175,"independent"
6,3176,"independent"
4,3177,"independent"
4,3178,"independent"
4,3179,"independent"
6,3180,"independent"
2,3181,"independent"
2,3182,"independent"
2,3183,"independent"
4,3184,"independent"
4,3185,"independent"
0,3186,"independent"
2,3187,"independent"
6,3188,"independent"
6,3189,"independent"
4,3190,"independent"
2,3191,"independent"
2,3192,"independent"
2,3193,"independent"
2,3194,"independent"
0,3195,"independent"
4,3196,"independent"
4,3197,"independent"
0,3198,"independent"
2,3199,"independent"
2,3200,"independent"
0,3201,"independent"
4,3202,"independent"
2,3203,"independent"
2,3204,"independent"
6,3205,"independent"
4,3206,"independent"
4,3207,"independent"
2,3208,"independent"
4,3209,"independent"
4,3210,"independent"
2,3211,"independent"
4,3212,"independent"
2,3213,"independent"
0,3214,"independent"
2,3215,"independent"
4,3216,"independent"
4,3217,"independent"
6,3218,"independent"
6,3219,"independent"
6,3220,"independent"
8,3221,"independent"
4,3222,"independent"
4,3223,"independent"
6,3224,"independent"
4,3225,"independent"
0,3226,"independent"
2,3227,"independent"
4,3228,"independent"
2,3229,"independent"
2,3230,"independent"
6,3231,"independent"
6,3232,"independent"
4,3233,"independent"
6,3234,"independent"
6,3235,"independent"
2,3236,"independent"
6,3237,"independent"
6,3238,"independent"
4,3239,"independent"
2,3240,"independent"
2,3241,"independent"
4,3242,"independent"
0,3243,"independent"
4,3244,"independent"
2,3245,"independent"
4,3246,"independent"
6,3247,"independent"
4,3248,"independent"
2,3249,"independent"
6,3250,"independent"
0,3251,"independent"
6,3252,"independent"
0,3253,"independent"
4,3254,"independent"
6,3255,"independent"
4,3256,"independent"
2,3257,"independent"
2,3258,"independent"
4,3259,"independent"
6,3260,"independent"
4,3261,"independent"
0,3262,"independent"
8,3263,"independent"
2,3264,"independent"
2,3265,"independent"
2,3266,"independent"
2,3267,"independent"
4,3268,"independent"
2,3269,"independent"
4,3270,"independent"
4,3271,"independent"
4,3272,"independent"
2,3273,"independent"
6,3274,"independent"
4,3275,"independent"
4,3276,"independent"
6,3277,"independent"
4,3278,"independent"
6,3279,"independent"
6,3280,"independent"
6,3281,"independent"
0,3282,"independent"
4,3283,"independent"
6,3284,"independent"
4,3285,"independent"
6,3286,"independent"
6,3287,"independent"
2,3288,"independent"
6,3289,"independent"
4,3290,"independent"
6,3291,"independent"
4,3292,"independent"
2,3293,"independent"
6,3294,"independent"
6,3295,"independent"
4,3296,"independent"
6,3297,"independent"
6,3298,"independent"
4,3299,"independent"
2,3300,"independent"
6,3301,"independent"
4,3302,"independent"
6,3303,"independent"
4,3304,"independent"
8,3305,"independent"
4,3306,"independent"
4,3307,"independent"
4,3308,"independent"
6,3309,"independent"
2,3310,"independent"
4,3311,"independent"
2,3312,"independent"
4,3313,"independent"
6,3314,"independent"
6,3315,"independent"
6,3316,"independent"
6,3317,"independent"
0,3318,"independent"
6,3319,"independent"
6,3320,"independent"
4,3321,"independent"
6,3322,"independent"
4,3323,"independent"
4,3324,"independent"
4,3325,"independent"
0,3326,"independent"
0,3327,"independent"
4,3328,"independent"
6,3329,"independent"
4,3330,"independent"
4,3331,"independent"
6,3332,"independent"
4,3333,"independent"
8,3334,"independent"
4,3335,"independent"
6,3336,"independent"
0,3337,"independent"
4,3338,"independent"
6,3339,"independent"
4,3340,"independent"
4,3341,"independent"
4,3342,"independent"
2,3343,"independent"
4,3344,"independent"
4,3345,"independent"
4,3346,"independent"
6,3347,"independent"
4,3348,"independent"
2,3349,"independent"
2,3350,"independent"
6,3351,"independent"
4,3352,"independent"
2,3353,"independent"
6,3354,"independent"
4,3355,"independent"
4,3356,"independent"
6,3357,"independent"
2,3358,"independent"
4,3359,"independent"
0,3360,"independent"
2,3361,"independent"
4,3362,"independent"
6,3363,"independent"
4,3364,"independent"
4,3365,"independent"
2,3366,"independent"
6,3367,"independent"
2,3368,"independent"
4,3369,"independent"
2,3370,"independent"
4,3371,"independent"
4,3372,"independent"
2,3373,"independent"
6,3374,"independent"
4,3375,"independent"
4,3376,"independent"
2,3377,"independent"
4,3378,"independent"
2,3379,"independent"
2,3380,"independent"
6,3381,"independent"
6,3382,"independent"
4,3383,"independent"
2,3384,"independent"
2,3385,"independent"
4,3386,"independent"
6,3387,"independent"
4,3388,"independent"
4,3389,"independent"
4,3390,"independent"
2,3391,"independent"
2,3392,"independent"
4,3393,"independent"
4,3394,"independent"
6,3395,"independent"
6,3396,"independent"
2,3397,"independent"
4,3398,"independent"
4,3399,"independent"
4,3400,"independent"
4,3401,"independent"
8,3402,"independent"
2,3403,"independent"
2,3404,"independent"
4,3405,"independent"
6,3406,"independent"
4,3407,"independent"
2,3408,"independent"
6,3409,"independent"
2,3410,"independent"
8,3411,"independent"
4,3412,"independent"
4,3413,"independent"
0,3414,"independent"
2,3415,"independent"
2,3416,"independent"
2,3417,"independent"
8,3418,"independent"
4,3419,"independent"
4,3420,"independent"
6,3421,"independent"
6,3422,"independent"
4,3423,"independent"
4,3424,"independent"
6,3425,"independent"
6,3426,"independent"
2,3427,"independent"
4,3428,"independent"
2,3429,"independent"
6,3430,"independent"
4,3431,"independent"
6,3432,"independent"
2,3433,"independent"
4,3434,"independent"
6,3435,"independent"
6,3436,"independent"
4,3437,"independent"
4,3438,"independent"
4,3439,"independent"
2,3440,"independent"
4,3441,"independent"
2,3442,"independent"
4,3443,"independent"
4,3444,"independent"
2,3445,"independent"
4,3446,"independent"
4,3447,"independent"
4,3448,"independent"
8,3449,"independent"
2,3450,"independent"
6,3451,"independent"
2,3452,"independent"
2,3453,"independent"
6,3454,"independent"
4,3455,"independent"
4,3456,"independent"
6,3457,"independent"
6,3458,"independent"
4,3459,"independent"
6,3460,"independent"
4,3461,"independent"
2,3462,"independent"
2,3463,"independent"
2,3464,"independent"
4,3465,"independent"
2,3466,"independent"
6,3467,"independent"
4,3468,"independent"
2,3469,"independent"
8,3470,"independent"
4,3471,"independent"
2,3472,"independent"
4,3473,"independent"
6,3474,"independent"
4,3475,"independent"
2,3476,"independent"
6,3477,"independent"
2,3478,"independent"
2,3479,"independent"
6,3480,"independent"
8,3481,"independent"
4,3482,"independent"
4,3483,"independent"
4,3484,"independent"
2,3485,"independent"
6,3486,"independent"
4,3487,"independent"
6,3488,"independent"
2,3489,"independent"
4,3490,"independent"
4,3491,"independent"
4,3492,"independent"
6,3493,"independent"
6,3494,"independent"
2,3495,"independent"
4,3496,"independent"
6,3497,"independent"
4,3498,"independent"
0,3499,"independent"
2,3500,"independent"
2,3501,"independent"
6,3502,"independent"
4,3503,"independent"
4,3504,"independent"
4,3505,"independent"
2,3506,"independent"
6,3507,"independent"
4,3508,"independent"
4,3509,"independent"
6,3510,"independent"
6,3511,"independent"
4,3512,"independent"
4,3513,"independent"
6,3514,"independent"
6,3515,"independent"
4,3516,"independent"
4,3517,"independent"
4,3518,"independent"
0,3519,"independent"
6,3520,"independent"
4,3521,"independent"
2,3522,"independent"
2,3523,"independent"
4,3524,"independent"
6,3525,"independent"
2,3526,"independent"
4,3527,"independent"
4,3528,"independent"
6,3529,"independent"
4,3530,"independent"
6,3531,"independent"
4,3532,"independent"
4,3533,"independent"
4,3534,"independent"
6,3535,"independent"
2,3536,"independent"
4,3537,"independent"
2,3538,"independent"
4,3539,"independent"
4,3540,"independent"
4,3541,"independent"
4,3542,"independent"
4,3543,"independent"
2,3544,"independent"
4,3545,"independent"
0,3546,"independent"
2,3547,"independent"
4,3548,"independent"
2,3549,"independent"
2,3550,"independent"
6,3551,"independent"
2,3552,"independent"
0,3553,"independent"
6,3554,"independent"
6,3555,"independent"
2,3556,"independent"
2,3557,"independent"
4,3558,"independent"
4,3559,"independent"
2,3560,"independent"
4,3561,"independent"
6,3562,"independent"
2,3563,"independent"
6,3564,"independent"
8,3565,"independent"
2,3566,"independent"
4,3567,"independent"
4,3568,"independent"
4,3569,"independent"
6,3570,"independent"
4,3571,"independent"
2,3572,"independent"
4,3573,"independent"
4,3574,"independent"
4,3575,"independent"
8,3576,"independent"
4,3577,"independent"
8,3578,"independent"
4,3579,"independent"
4,3580,"independent"
4,3581,"independent"
4,3582,"independent"
4,3583,"independent"
6,3584,"independent"
6,3585,"independent"
4,3586,"independent"
2,3587,"independent"
2,3588,"independent"
2,3589,"independent"
4,3590,"independent"
4,3591,"independent"
4,3592,"independent"
4,3593,"independent"
2,3594,"independent"
4,3595,"independent"
4,3596,"independent"
0,3597,"independent"
0,3598,"independent"
2,3599,"independent"
4,3600,"independent"
6,3601,"independent"
2,3602,"independent"
2,3603,"independent"
4,3604,"independent"
2,3605,"independent"
4,3606,"independent"
2,3607,"independent"
4,3608,"independent"
4,3609,"independent"
4,3610,"independent"
4,3611,"independent"
4,3612,"independent"
2,3613,"independent"
2,3614,"independent"
2,3615,"independent"
4,3616,"independent"
2,3617,"independent"
6,3618,"independent"
4,3619,"independent"
2,3620,"independent"
4,3621,"independent"
2,3622,"independent"
8,3623,"independent"
6,3624,"independent"
6,3625,"independent"
4,3626,"independent"
4,3627,"independent"
6,3628,"independent"
4,3629,"independent"
4,3630,"independent"
4,3631,"independent"
2,3632,"independent"
2,3633,"independent"
4,3634,"independent"
8,3635,"independent"
4,3636,"independent"
2,3637,"independent"
4,3638,"independent"
4,3639,"independent"
4,3640,"independent"
4,3641,"independent"
2,3642,"independent"
4,3643,"independent"
4,3644,"independent"
4,3645,"independent"
4,3646,"independent"
4,3647,"independent"
2,3648,"independent"
6,3649,"independent"
2,3650,"independent"
4,3651,"independent"
2,3652,"independent"
6,3653,"independent"
4,3654,"independent"
6,3655,"independent"
4,3656,"independent"
4,3657,"independent"
8,3658,"independent"
4,3659,"independent"
4,3660,"independent"
4,3661,"independent"
4,3662,"independent"
4,3663,"independent"
6,3664,"independent"
2,3665,"independent"
2,3666,"independent"
6,3667,"independent"
4,3668,"independent"
4,3669,"independent"
4,3670,"independent"
4,3671,"independent"
4,3672,"independent"
2,3673,"independent"
4,3674,"independent"
4,3675,"independent"
2,3676,"independent"
6,3677,"independent"
6,3678,"independent"
4,3679,"independent"
6,3680,"independent"
4,3681,"independent"
4,3682,"independent"
4,3683,"independent"
2,3684,"independent"
6,3685,"independent"
4,3686,"independent"
2,3687,"independent"
4,3688,"independent"
2,3689,"independent"
4,3690,"independent"
2,3691,"independent"
4,3692,"independent"
4,3693,"independent"
4,3694,"independent"
6,3695,"independent"
6,3696,"independent"
4,3697,"independent"
2,3698,"independent"
4,3699,"independent"
2,3700,"independent"
4,3701,"independent"
2,3702,"independent"
2,3703,"independent"
6,3704,"independent"
0,3705,"independent"
2,3706,"independent"
6,3707,"independent"
6,3708,"independent"
2,3709,"independent"
4,3710,"independent"
4,3711,"independent"
4,3712,"independent"
2,3713,"independent"
2,3714,"independent"
4,3715,"independent"
4,3716,"independent"
6,3717,"independent"
10,3718,"independent"
6,3719,"independent"
6,3720,"independent"
6,3721,"independent"
8,3722,"independent"
6,3723,"independent"
4,3724,"independent"
4,3725,"independent"
6,3726,"independent"
2,3727,"independent"
4,3728,"independent"
2,3729,"independent"
4,3730,"independent"
2,3731,"independent"
6,3732,"independent"
8,3733,"independent"
4,3734,"independent"
2,3735,"independent"
4,3736,"independent"
6,3737,"independent"
6,3738,"independent"
2,3739,"independent"
4,3740,"independent"
6,3741,"independent"
2,3742,"independent"
4,3743,"independent"
2,3744,"independent"
4,3745,"independent"
6,3746,"independent"
4,3747,"independent"
6,3748,"independent"
6,3749,"independent"
4,3750,"independent"
4,3751,"independent"
4,3752,"independent"
2,3753,"independent"
4,3754,"independent"
2,3755,"independent"
4,3756,"independent"
4,3757,"independent"
4,3758,"independent"
6,3759,"independent"
4,3760,"independent"
2,3761,"independent"
6,3762,"independent"
6,3763,"independent"
4,3764,"independent"
4,3765,"independent"
2,3766,"independent"
6,3767,"independent"
4,3768,"independent"
4,3769,"independent"
6,3770,"independent"
4,3771,"independent"
4,3772,"independent"
6,3773,"independent"
4,3774,"independent"
4,3775,"independent"
2,3776,"independent"
4,3777,"independent"
2,3778,"independent"
4,3779,"independent"
6,3780,"independent"
2,3781,"independent"
6,3782,"independent"
4,3783,"independent"
2,3784,"independent"
8,3785,"independent"
6,3786,"independent"
6,3787,"independent"
2,3788,"independent"
4,3789,"independent"
6,3790,"independent"
4,3791,"independent"
4,3792,"independent"
4,3793,"independent"
8,3794,"independent"
2,3795,"independent"
4,3796,"independent"
4,3797,"independent"
4,3798,"independent"
4,3799,"independent"
2,3800,"independent"
4,3801,"independent"
4,3802,"independent"
6,3803,"independent"
4,3804,"independent"
4,3805,"independent"
2,3806,"independent"
4,3807,"independent"
6,3808,"independent"
6,3809,"independent"
4,3810,"independent"
4,3811,"independent"
4,3812,"independent"
2,3813,"independent"
4,3814,"independent"
0,3815,"independent"
4,3816,"independent"
2,3817,"independent"
2,3818,"independent"
4,3819,"independent"
2,3820,"independent"
6,3821,"independent"
4,3822,"independent"
6,3823,"independent"
6,3824,"independent"
2,3825,"independent"
6,3826,"independent"
4,3827,"independent"
2,3828,"independent"
6,3829,"independent"
4,3830,"independent"
6,3831,"independent"
4,3832,"independent"
2,3833,"independent"
2,3834,"independent"
4,3835,"independent"
6,3836,"independent"
4,3837,"independent"
2,3838,"independent"
4,3839,"independent"
8,3840,"independent"
6,3841,"independent"
4,3842,"independent"
2,3843,"independent"
2,3844,"independent"
4,3845,"independent"
4,3846,"independent"
2,3847,"independent"
2,3848,"independent"
2,3849,"independent"
2,3850,"independent"
6,3851,"independent"
4,3852,"independent"
2,3853,"independent"
6,3854,"independent"
6,3855,"independent"
6,3856,"independent"
8,3857,"independent"
2,3858,"independent"
0,3859,"independent"
6,3860,"independent"
6,3861,"independent"
2,3862,"independent"
4,3863,"independent"
2,3864,"independent"
4,3865,"independent"
6,3866,"independent"
4,3867,"independent"
4,3868,"independent"
4,3869,"independent"
6,3870,"independent"
6,3871,"independent"
0,3872,"independent"
2,3873,"independent"
4,3874,"independent"
6,3875,"independent"
4,3876,"independent"
2,3877,"independent"
4,3878,"independent"
4,3879,"independent"
0,3880,"independent"
4,3881,"independent"
2,3882,"independent"
6,3883,"independent"
4,3884,"independent"
4,3885,"independent"
4,3886,"independent"
6,3887,"independent"
4,3888,"independent"
6,3889,"independent"
4,3890,"independent"
4,3891,"independent"
2,3892,"independent"
8,3893,"independent"
6,3894,"independent"
4,3895,"independent"
4,3896,"independent"
2,3897,"independent"
4,3898,"independent"
6,3899,"independent"
4,3900,"independent"
4,3901,"independent"
2,3902,"independent"
4,3903,"independent"
2,3904,"independent"
4,3905,"independent"
6,3906,"independent"
4,3907,"independent"
6,3908,"independent"
6,3909,"independent"
4,3910,"independent"
2,3911,"independent"
6,3912,"independent"
2,3913,"independent"
4,3914,"independent"
2,3915,"independent"
4,3916,"independent"
4,3917,"independent"
2,3918,"independent"
2,3919,"independent"
6,3920,"independent"
4,3921,"independent"
4,3922,"independent"
4,3923,"independent"
2,3924,"independent"
4,3925,"independent"
4,3926,"independent"
4,3927,"independent"
4,3928,"independent"
2,3929,"independent"
4,3930,"independent"
2,3931,"independent"
6,3932,"independent"
2,3933,"independent"
6,3934,"independent"
6,3935,"independent"
0,3936,"independent"
4,3937,"independent"
4,3938,"independent"
2,3939,"independent"
4,3940,"independent"
0,3941,"independent"
4,3942,"independent"
4,3943,"independent"
6,3944,"independent"
4,3945,"independent"
4,3946,"independent"
2,3947,"independent"
4,3948,"independent"
4,3949,"independent"
6,3950,"independent"
2,3951,"independent"
6,3952,"independent"
4,3953,"independent"
2,3954,"independent"
4,3955,"independent"
4,3956,"independent"
6,3957,"independent"
8,3958,"independent"
4,3959,"independent"
2,3960,"independent"
2,3961,"independent"
4,3962,"independent"
0,3963,"independent"
6,3964,"independent"
6,3965,"independent"
6,3966,"independent"
2,3967,"independent"
6,3968,"independent"
2,3969,"independent"
0,3970,"independent"
2,3971,"independent"
0,3972,"independent"
2,3973,"independent"
2,3974,"independent"
4,3975,"independent"
4,3976,"independent"
0,3977,"independent"
4,3978,"independent"
6,3979,"independent"
2,3980,"independent"
2,3981,"independent"
6,3982,"independent"
2,3983,"independent"
6,3984,"independent"
6,3985,"independent"
4,3986,"independent"
4,3987,"independent"
4,3988,"independent"
4,3989,"independent"
4,3990,"independent"
4,3991,"independent"
4,3992,"independent"
2,3993,"independent"
4,3994,"independent"
4,3995,"independent"
4,3996,"independent"
4,3997,"independent"
2,3998,"independent"
4,3999,"independent"
2,4000,"independent"
2,4001,"independent"
4,4002,"independent"
8,4003,"independent"
6,4004,"independent"
4,4005,"independent"
6,4006,"independent"
6,4007,"independent"
4,4008,"independent"
6,4009,"independent"
8,4010,"independent"
4,4011,"independent"
4,4012,"independent"
4,4013,"independent"
4,4014,"independent"
2,4015,"independent"
6,4016,"independent"
4,4017,"independent"
2,4018,"independent"
2,4019,"independent"
6,4020,"independent"
8,4021,"independent"
8,4022,"independent"
6,4023,"independent"
4,4024,"independent"
0,4025,"independent"
2,4026,"independent"
6,4027,"independent"
4,4028,"independent"
4,4029,"independent"
6,4030,"independent"
4,4031,"independent"
4,4032,"independent"
4,4033,"independent"
8,4034,"independent"
4,4035,"independent"
6,4036,"independent"
2,4037,"independent"
2,4038,"independent"
6,4039,"independent"
4,4040,"independent"
4,4041,"independent"
2,4042,"independent"
6,4043,"independent"
2,4044,"independent"
2,4045,"independent"
2,4046,"independent"
2,4047,"independent"
6,4048,"independent"
6,4049,"independent"
4,4050,"independent"
8,4051,"independent"
4,4052,"independent"
4,4053,"independent"
2,4054,"independent"
0,4055,"independent"
2,4056,"independent"
4,4057,"independent"
2,4058,"independent"
4,4059,"independent"
2,4060,"independent"
6,4061,"independent"
2,4062,"independent"
6,4063,"independent"
6,4064,"independent"
4,4065,"independent"
2,4066,"independent"
4,4067,"independent"
4,4068,"independent"
6,4069,"independent"
2,4070,"independent"
4,4071,"independent"
2,4072,"independent"
2,4073,"independent"
6,4074,"independent"
4,4075,"independent"
2,4076,"independent"
0,4077,"independent"
4,4078,"independent"
2,4079,"independent"
4,4080,"independent"
4,4081,"independent"
6,4082,"independent"
6,4083,"independent"
2,4084,"independent"
4,4085,"independent"
4,4086,"independent"
2,4087,"independent"
6,4088,"independent"
6,4089,"independent"
4,4090,"independent"
6,4091,"independent"
2,4092,"independent"
4,4093,"independent"
4,4094,"independent"
4,4095,"independent"
2,4096,"independent"
4,4097,"independent"
6,4098,"independent"
4,4099,"independent"
2,4100,"independent"
4,4101,"independent"
6,4102,"independent"
4,4103,"independent"
4,4104,"independent"
2,4105,"independent"
4,4106,"independent"
4,4107,"independent"
2,4108,"independent"
2,4109,"independent"
6,4110,"independent"
2,4111,"independent"
4,4112,"independent"
4,4113,"independent"
2,4114,"independent"
4,4115,"independent"
6,4116,"independent"
6,4117,"independent"
4,4118,"independent"
4,4119,"independent"
2,4120,"independent"
4,4121,"independent"
4,4122,"independent"
6,4123,"independent"
6,4124,"independent"
4,4125,"independent"
6,4126,"independent"
6,4127,"independent"
4,4128,"independent"
2,4129,"independent"
4,4130,"independent"
2,4131,"independent"
4,4132,"independent"
4,4133,"independent"
6,4134,"independent"
0,4135,"independent"
2,4136,"independent"
0,4137,"independent"
4,4138,"independent"
2,4139,"independent"
6,4140,"independent"
2,4141,"independent"
2,4142,"independent"
4,4143,"independent"
4,4144,"independent"
2,4145,"independent"
4,4146,"independent"
2,4147,"independent"
0,4148,"independent"
6,4149,"independent"
2,4150,"independent"
6,4151,"independent"
4,4152,"independent"
6,4153,"independent"
0,4154,"independent"
4,4155,"independent"
4,4156,"independent"
2,4157,"independent"
2,4158,"independent"
2,4159,"independent"
2,4160,"independent"
4,4161,"independent"
4,4162,"independent"
0,4163,"independent"
8,4164,"independent"
2,4165,"independent"
6,4166,"independent"
4,4167,"independent"
2,4168,"independent"
4,4169,"independent"
2,4170,"independent"
4,4171,"independent"
2,4172,"independent"
6,4173,"independent"
6,4174,"independent"
4,4175,"independent"
4,4176,"independent"
4,4177,"independent"
4,4178,"independent"
2,4179,"independent"
6,4180,"independent"
6,4181,"independent"
4,4182,"independent"
8,4183,"independent"
4,4184,"independent"
6,4185,"independent"
2,4186,"independent"
6,4187,"independent"
2,4188,"independent"
6,4189,"independent"
6,4190,"independent"
4,4191,"independent"
6,4192,"independent"
6,4193,"independent"
6,4194,"independent"
6,4195,"independent"
2,4196,"independent"
2,4197,"independent"
2,4198,"independent"
6,4199,"independent"
2,4200,"independent"
2,4201,"independent"
4,4202,"independent"
6,4203,"independent"
2,4204,"independent"
2,4205,"independent"
6,4206,"independent"
0,4207,"independent"
6,4208,"independent"
4,4209,"independent"
6,4210,"independent"
4,4211,"independent"
4,4212,"independent"
2,4213,"independent"
2,4214,"independent"
2,4215,"independent"
6,4216,"independent"
6,4217,"independent"
2,4218,"independent"
0,4219,"independent"
6,4220,"independent"
4,4221,"independent"
4,4222,"independent"
4,4223,"independent"
4,4224,"independent"
2,4225,"independent"
4,4226,"independent"
4,4227,"independent"
4,4228,"independent"
4,4229,"independent"
6,4230,"independent"
8,4231,"independent"
4,4232,"independent"
4,4233,"independent"
6,4234,"independent"
6,4235,"independent"
6,4236,"independent"
4,4237,"independent"
2,4238,"independent"
6,4239,"independent"
4,4240,"independent"
6,4241,"independent"
4,4242,"independent"
4,4243,"independent"
6,4244,"independent"
6,4245,"independent"
4,4246,"independent"
4,4247,"independent"
6,4248,"independent"
4,4249,"independent"
4,4250,"independent"
4,4251,"independent"
6,4252,"independent"
4,4253,"independent"
4,4254,"independent"
4,4255,"independent"
0,4256,"independent"
6,4257,"independent"
4,4258,"independent"
4,4259,"independent"
4,4260,"independent"
4,4261,"independent"
4,4262,"independent"
4,4263,"independent"
6,4264,"independent"
4,4265,"independent"
4,4266,"independent"
2,4267,"independent"
4,4268,"independent"
6,4269,"independent"
6,4270,"independent"
2,4271,"independent"
2,4272,"independent"
4,4273,"independent"
4,4274,"independent"
2,4275,"independent"
4,4276,"independent"
4,4277,"independent"
6,4278,"independent"
4,4279,"independent"
6,4280,"independent"
4,4281,"independent"
4,4282,"independent"
6,4283,"independent"
0,4284,"independent"
4,4285,"independent"
4,4286,"independent"
6,4287,"independent"
8,4288,"independent"
4,4289,"independent"
2,4290,"independent"
2,4291,"independent"
4,4292,"independent"
4,4293,"independent"
4,4294,"independent"
0,4295,"independent"
4,4296,"independent"
2,4297,"independent"
6,4298,"independent"
4,4299,"independent"
0,4300,"independent"
6,4301,"independent"
2,4302,"independent"
0,4303,"independent"
4,4304,"independent"
8,4305,"independent"
6,4306,"independent"
2,4307,"independent"
6,4308,"independent"
4,4309,"independent"
4,4310,"independent"
2,4311,"independent"
6,4312,"independent"
4,4313,"independent"
4,4314,"independent"
6,4315,"independent"
4,4316,"independent"
2,4317,"independent"
4,4318,"independent"
6,4319,"independent"
2,4320,"independent"
0,4321,"independent"
2,4322,"independent"
4,4323,"independent"
6,4324,"independent"
4,4325,"independent"
4,4326,"independent"
4,4327,"independent"
4,4328,"independent"
4,4329,"independent"
6,4330,"independent"
6,4331,"independent"
6,4332,"independent"
4,4333,"independent"
4,4334,"independent"
4,4335,"independent"
6,4336,"independent"
6,4337,"independent"
2,4338,"independent"
0,4339,"independent"
2,4340,"independent"
4,4341,"independent"
2,4342,"independent"
2,4343,"independent"
4,4344,"independent"
6,4345,"independent"
6,4346,"independent"
2,4347,"independent"
2,4348,"independent"
4,4349,"independent"
4,4350,"independent"
6,4351,"independent"
2,4352,"independent"
4,4353,"independent"
4,4354,"independent"
6,4355,"independent"
0,4356,"independent"
6,4357,"independent"
4,4358,"independent"
6,4359,"independent"
4,4360,"independent"
8,4361,"independent"
4,4362,"independent"
2,4363,"independent"
4,4364,"independent"
2,4365,"independent"
2,4366,"independent"
8,4367,"independent"
0,4368,"independent"
2,4369,"independent"
4,4370,"independent"
2,4371,"independent"
6,4372,"independent"
4,4373,"independent"
6,4374,"independent"
4,4375,"independent"
0,4376,"independent"
4,4377,"independent"
4,4378,"independent"
4,4379,"independent"
6,4380,"independent"
2,4381,"independent"
4,4382,"independent"
8,4383,"independent"
4,4384,"independent"
4,4385,"independent"
6,4386,"independent"
6,4387,"independent"
4,4388,"independent"
4,4389,"independent"
4,4390,"independent"
4,4391,"independent"
6,4392,"independent"
2,4393,"independent"
6,4394,"independent"
4,4395,"independent"
2,4396,"independent"
2,4397,"independent"
4,4398,"independent"
2,4399,"independent"
4,4400,"independent"
4,4401,"independent"
2,4402,"independent"
4,4403,"independent"
6,4404,"independent"
0,4405,"independent"
2,4406,"independent"
4,4407,"independent"
4,4408,"independent"
4,4409,"independent"
6,4410,"independent"
4,4411,"independent"
8,4412,"independent"
6,4413,"independent"
4,4414,"independent"
6,4415,"independent"
2,4416,"independent"
4,4417,"independent"
4,4418,"independent"
8,4419,"independent"
2,4420,"independent"
4,4421,"independent"
4,4422,"independent"
4,4423,"independent"
4,4424,"independent"
4,4425,"independent"
6,4426,"independent"
4,4427,"independent"
6,4428,"independent"
4,4429,"independent"
2,4430,"independent"
6,4431,"independent"
4,4432,"independent"
8,4433,"independent"
2,4434,"independent"
6,4435,"independent"
4,4436,"independent"
4,4437,"independent"
6,4438,"independent"
2,4439,"independent"
4,4440,"independent"
2,4441,"independent"
6,4442,"independent"
2,4443,"independent"
0,4444,"independent"
4,4445,"independent"
6,4446,"independent"
4,4447,"independent"
4,4448,"independent"
0,4449,"independent"
2,4450,"independent"
2,4451,"independent"
8,4452,"independent"
6,4453,"independent"
4,4454,"independent"
4,4455,"independent"
2,4456,"independent"
8,4457,"independent"
2,4458,"independent"
2,4459,"independent"
6,4460,"independent"
0,4461,"independent"
0,4462,"independent"
6,4463,"independent"
6,4464,"independent"
6,4465,"independent"
0,4466,"independent"
6,4467,"independent"
6,4468,"independent"
4,4469,"independent"
4,4470,"independent"
4,4471,"independent"
6,4472,"independent"
4,4473,"independent"
6,4474,"independent"
4,4475,"independent"
2,4476,"independent"
4,4477,"independent"
4,4478,"independent"
6,4479,"independent"
4,4480,"independent"
4,4481,"independent"
4,4482,"independent"
8,4483,"independent"
0,4484,"independent"
4,4485,"independent"
6,4486,"independent"
6,4487,"independent"
2,4488,"independent"
6,4489,"independent"
6,4490,"independent"
4,4491,"independent"
0,4492,"independent"
4,4493,"independent"
2,4494,"independent"
4,4495,"independent"
4,4496,"independent"
6,4497,"independent"
4,4498,"independent"
6,4499,"independent"
4,4500,"independent"
0,4501,"independent"
4,4502,"independent"
4,4503,"independent"
2,4504,"independent"
4,4505,"independent"
8,4506,"independent"
4,4507,"independent"
4,4508,"independent"
8,4509,"independent"
4,4510,"independent"
2,4511,"independent"
6,4512,"independent"
6,4513,"independent"
4,4514,"independent"
0,4515,"independent"
6,4516,"independent"
2,4517,"independent"
4,4518,"independent"
4,4519,"independent"
6,4520,"independent"
4,4521,"independent"
4,4522,"independent"
2,4523,"independent"
2,4524,"independent"
2,4525,"independent"
6,4526,"independent"
4,4527,"independent"
6,4528,"independent"
4,4529,"independent"
2,4530,"independent"
4,4531,"independent"
4,4532,"independent"
2,4533,"independent"
4,4534,"independent"
4,4535,"independent"
2,4536,"independent"
4,4537,"independent"
6,4538,"independent"
6,4539,"independent"
2,4540,"independent"
4,4541,"independent"
2,4542,"independent"
6,4543,"independent"
4,4544,"independent"
2,4545,"independent"
2,4546,"independent"
4,4547,"independent"
4,4548,"independent"
0,4549,"independent"
4,4550,"independent"
4,4551,"independent"
8,4552,"independent"
4,4553,"independent"
6,4554,"independent"
2,4555,"independent"
6,4556,"independent"
4,4557,"independent"
4,4558,"independent"
2,4559,"independent"
2,4560,"independent"
2,4561,"independent"
6,4562,"independent"
4,4563,"independent"
6,4564,"independent"
4,4565,"independent"
4,4566,"independent"
6,4567,"independent"
2,4568,"independent"
2,4569,"independent"
6,4570,"independent"
6,4571,"independent"
6,4572,"independent"
4,4573,"independent"
6,4574,"independent"
6,4575,"independent"
6,4576,"independent"
2,4577,"independent"
6,4578,"independent"
4,4579,"independent"
2,4580,"independent"
4,4581,"independent"
4,4582,"independent"
4,4583,"independent"
2,4584,"independent"
4,4585,"independent"
2,4586,"independent"
4,4587,"independent"
2,4588,"independent"
2,4589,"independent"
4,4590,"independent"
4,4591,"independent"
6,4592,"independent"
4,4593,"independent"
6,4594,"independent"
6,4595,"independent"
6,4596,"independent"
2,4597,"independent"
0,4598,"independent"
8,4599,"independent"
4,4600,"independent"
4,4601,"independent"
4,4602,"independent"
4,4603,"independent"
4,4604,"independent"
10,4605,"independent"
4,4606,"independent"
2,4607,"independent"
6,4608,"independent"
0,4609,"independent"
4,4610,"independent"
2,4611,"independent"
4,4612,"independent"
6,4613,"independent"
4,4614,"independent"
6,4615,"independent"
2,4616,"independent"
2,4617,"independent"
2,4618,"independent"
4,4619,"independent"
2,4620,"independent"
4,4621,"independent"
2,4622,"independent"
4,4623,"independent"
4,4624,"independent"
4,4625,"independent"
2,4626,"independent"
4,4627,"independent"
2,4628,"independent"
0,4629,"independent"
8,4630,"independent"
6,4631,"independent"
2,4632,"independent"
2,4633,"independent"
6,4634,"independent"
4,4635,"independent"
6,4636,"independent"
4,4637,"independent"
8,4638,"independent"
4,4639,"independent"
2,4640,"independent"
2,4641,"independent"
8,4642,"independent"
4,4643,"independent"
6,4644,"independent"
4,4645,"independent"
0,4646,"independent"
6,4647,"independent"
4,4648,"independent"
4,4649,"independent"
2,4650,"independent"
2,4651,"independent"
4,4652,"independent"
6,4653,"independent"
4,4654,"independent"
4,4655,"independent"
4,4656,"independent"
4,4657,"independent"
2,4658,"independent"
2,4659,"independent"
4,4660,"independent"
2,4661,"independent"
4,4662,"independent"
4,4663,"independent"
4,4664,"independent"
4,4665,"independent"
8,4666,"independent"
4,4667,"independent"
4,4668,"independent"
2,4669,"independent"
0,4670,"independent"
4,4671,"independent"
6,4672,"independent"
6,4673,"independent"
2,4674,"independent"
4,4675,"independent"
4,4676,"independent"
4,4677,"independent"
4,4678,"independent"
4,4679,"independent"
6,4680,"independent"
4,4681,"independent"
2,4682,"independent"
4,4683,"independent"
2,4684,"independent"
6,4685,"independent"
4,4686,"independent"
4,4687,"independent"
8,4688,"independent"
6,4689,"independent"
8,4690,"independent"
2,4691,"independent"
4,4692,"independent"
4,4693,"independent"
4,4694,"independent"
6,4695,"independent"
4,4696,"independent"
4,4697,"independent"
4,4698,"independent"
4,4699,"independent"
6,4700,"independent"
6,4701,"independent"
6,4702,"independent"
4,4703,"independent"
4,4704,"independent"
0,4705,"independent"
4,4706,"independent"
6,4707,"independent"
4,4708,"independent"
6,4709,"independent"
2,4710,"independent"
6,4711,"independent"
6,4712,"independent"
2,4713,"independent"
4,4714,"independent"
4,4715,"independent"
4,4716,"independent"
2,4717,"independent"
2,4718,"independent"
2,4719,"independent"
2,4720,"independent"
4,4721,"independent"
4,4722,"independent"
6,4723,"independent"
4,4724,"independent"
4,4725,"independent"
4,4726,"independent"
4,4727,"independent"
6,4728,"independent"
0,4729,"independent"
6,4730,"independent"
6,4731,"independent"
6,4732,"independent"
8,4733,"independent"
4,4734,"independent"
4,4735,"independent"
4,4736,"independent"
4,4737,"independent"
6,4738,"independent"
2,4739,"independent"
4,4740,"independent"
4,4741,"independent"
0,4742,"independent"
4,4743,"independent"
0,4744,"independent"
4,4745,"independent"
4,4746,"independent"
4,4747,"independent"
6,4748,"independent"
8,4749,"independent"
0,4750,"independent"
4,4751,"independent"
4,4752,"independent"
6,4753,"independent"
4,4754,"independent"
4,4755,"independent"
4,4756,"independent"
4,4757,"independent"
4,4758,"independent"
6,4759,"independent"
6,4760,"independent"
4,4761,"independent"
4,4762,"independent"
4,4763,"independent"
4,4764,"independent"
2,4765,"independent"
6,4766,"independent"
4,4767,"independent"
4,4768,"independent"
2,4769,"independent"
0,4770,"independent"
0,4771,"independent"
8,4772,"independent"
4,4773,"independent"
4,4774,"independent"
2,4775,"independent"
0,4776,"independent"
6,4777,"independent"
2,4778,"independent"
4,4779,"independent"
4,4780,"independent"
4,4781,"independent"
4,4782,"independent"
4,4783,"independent"
4,4784,"independent"
0,4785,"independent"
2,4786,"independent"
6,4787,"independent"
4,4788,"independent"
6,4789,"independent"
4,4790,"independent"
4,4791,"independent"
4,4792,"independent"
4,4793,"independent"
4,4794,"independent"
2,4795,"independent"
0,4796,"independent"
8,4797,"independent"
6,4798,"independent"
6,4799,"independent"
4,4800,"independent"
6,4801,"independent"
4,4802,"independent"
4,4803,"independent"
6,4804,"independent"
4,4805,"independent"
2,4806,"independent"
0,4807,"independent"
2,4808,"independent"
4,4809,"independent"
4,4810,"independent"
4,4811,"independent"
2,4812,"independent"
2,4813,"independent"
4,4814,"independent"
4,4815,"independent"
2,4816,"independent"
6,4817,"independent"
4,4818,"independent"
2,4819,"independent"
2,4820,"independent"
4,4821,"independent"
2,4822,"independent"
4,4823,"independent"
2,4824,"independent"
4,4825,"independent"
4,4826,"independent"
0,4827,"independent"
6,4828,"independent"
4,4829,"independent"
2,4830,"independent"
4,4831,"independent"
4,4832,"independent"
4,4833,"independent"
4,4834,"independent"
6,4835,"independent"
4,4836,"independent"
10,4837,"independent"
4,4838,"independent"
2,4839,"independent"
0,4840,"independent"
2,4841,"independent"
4,4842,"independent"
0,4843,"independent"
4,4844,"independent"
2,4845,"independent"
4,4846,"independent"
4,4847,"independent"
2,4848,"independent"
4,4849,"independent"
4,4850,"independent"
2,4851,"independent"
4,4852,"independent"
4,4853,"independent"
4,4854,"independent"
6,4855,"independent"
8,4856,"independent"
4,4857,"independent"
4,4858,"independent"
6,4859,"independent"
6,4860,"independent"
6,4861,"independent"
2,4862,"independent"
6,4863,"independent"
4,4864,"independent"
6,4865,"independent"
6,4866,"independent"
4,4867,"independent"
4,4868,"independent"
2,4869,"independent"
4,4870,"independent"
6,4871,"independent"
4,4872,"independent"
6,4873,"independent"
6,4874,"independent"
4,4875,"independent"
6,4876,"independent"
4,4877,"independent"
6,4878,"independent"
4,4879,"independent"
2,4880,"independent"
6,4881,"independent"
6,4882,"independent"
4,4883,"independent"
6,4884,"independent"
4,4885,"independent"
0,4886,"independent"
4,4887,"independent"
4,4888,"independent"
6,4889,"independent"
6,4890,"independent"
6,4891,"independent"
4,4892,"independent"
2,4893,"independent"
2,4894,"independent"
4,4895,"independent"
2,4896,"independent"
4,4897,"independent"
4,4898,"independent"
2,4899,"independent"
2,4900,"independent"
6,4901,"independent"
4,4902,"independent"
4,4903,"independent"
4,4904,"independent"
2,4905,"independent"
2,4906,"independent"
2,4907,"independent"
4,4908,"independent"
4,4909,"independent"
6,4910,"independent"
6,4911,"independent"
6,4912,"independent"
2,4913,"independent"
8,4914,"independent"
4,4915,"independent"
6,4916,"independent"
4,4917,"independent"
2,4918,"independent"
4,4919,"independent"
6,4920,"independent"
8,4921,"independent"
4,4922,"independent"
6,4923,"independent"
4,4924,"independent"
6,4925,"independent"
4,4926,"independent"
2,4927,"independent"
4,4928,"independent"
4,4929,"independent"
4,4930,"independent"
4,4931,"independent"
6,4932,"independent"
2,4933,"independent"
4,4934,"independent"
2,4935,"independent"
0,4936,"independent"
6,4937,"independent"
4,4938,"independent"
4,4939,"independent"
4,4940,"independent"
4,4941,"independent"
2,4942,"independent"
2,4943,"independent"
2,4944,"independent"
6,4945,"independent"
6,4946,"independent"
2,4947,"independent"
2,4948,"independent"
4,4949,"independent"
6,4950,"independent"
4,4951,"independent"
6,4952,"independent"
6,4953,"independent"
4,4954,"independent"
4,4955,"independent"
4,4956,"independent"
4,4957,"independent"
6,4958,"independent"
4,4959,"independent"
6,4960,"independent"
4,4961,"independent"
6,4962,"independent"
6,4963,"independent"
8,4964,"independent"
2,4965,"independent"
6,4966,"independent"
4,4967,"independent"
6,4968,"independent"
4,4969,"independent"
2,4970,"independent"
2,4971,"independent"
4,4972,"independent"
6,4973,"independent"
2,4974,"independent"
4,4975,"independent"
4,4976,"independent"
2,4977,"independent"
2,4978,"independent"
6,4979,"independent"
2,4980,"independent"
2,4981,"independent"
4,4982,"independent"
4,4983,"independent"
6,4984,"independent"
6,4985,"independent"
6,4986,"independent"
6,4987,"independent"
4,4988,"independent"
4,4989,"independent"
4,4990,"independent"
6,4991,"independent"
4,4992,"independent"
6,4993,"independent"
4,4994,"independent"
2,4995,"independent"
2,4996,"independent"
6,4997,"independent"
6,4998,"independent"
4,4999,"independent"
4,5000,"independent"
4,5001,"independent"
8,5002,"independent"
2,5003,"independent"
2,5004,"independent"
4,5005,"independent"
4,5006,"independent"
4,5007,"independent"
2,5008,"independent"
2,5009,"independent"
6,5010,"independent"
2,5011,"independent"
4,5012,"independent"
6,5013,"independent"
4,5014,"independent"
2,5015,"independent"
6,5016,"independent"
4,5017,"independent"
4,5018,"independent"
6,5019,"independent"
8,5020,"independent"
6,5021,"independent"
6,5022,"independent"
6,5023,"independent"
4,5024,"independent"
2,5025,"independent"
4,5026,"independent"
2,5027,"independent"
2,5028,"independent"
4,5029,"independent"
4,5030,"independent"
6,5031,"independent"
0,5032,"independent"
0,5033,"independent"
2,5034,"independent"
2,5035,"independent"
2,5036,"independent"
2,5037,"independent"
4,5038,"independent"
6,5039,"independent"
4,5040,"independent"
6,5041,"independent"
6,5042,"independent"
6,5043,"independent"
2,5044,"independent"
4,5045,"independent"
2,5046,"independent"
6,5047,"independent"
4,5048,"independent"
2,5049,"independent"
4,5050,"independent"
4,5051,"independent"
4,5052,"independent"
4,5053,"independent"
2,5054,"independent"
6,5055,"independent"
2,5056,"independent"
4,5057,"independent"
6,5058,"independent"
6,5059,"independent"
4,5060,"independent"
2,5061,"independent"
4,5062,"independent"
4,5063,"independent"
6,5064,"independent"
0,5065,"independent"
4,5066,"independent"
0,5067,"independent"
4,5068,"independent"
4,5069,"independent"
8,5070,"independent"
4,5071,"independent"
2,5072,"independent"
4,5073,"independent"
4,5074,"independent"
2,5075,"independent"
4,5076,"independent"
2,5077,"independent"
4,5078,"independent"
0,5079,"independent"
4,5080,"independent"
4,5081,"independent"
2,5082,"independent"
4,5083,"independent"
2,5084,"independent"
6,5085,"independent"
6,5086,"independent"
4,5087,"independent"
6,5088,"independent"
6,5089,"independent"
4,5090,"independent"
6,5091,"independent"
6,5092,"independent"
4,5093,"independent"
4,5094,"independent"
6,5095,"independent"
6,5096,"independent"
4,5097,"independent"
6,5098,"independent"
6,5099,"independent"
4,5100,"independent"
2,5101,"independent"
6,5102,"independent"
6,5103,"independent"
4,5104,"independent"
2,5105,"independent"
6,5106,"independent"
4,5107,"independent"
4,5108,"independent"
2,5109,"independent"
4,5110,"independent"
2,5111,"independent"
4,5112,"independent"
6,5113,"independent"
2,5114,"independent"
2,5115,"independent"
2,5116,"independent"
2,5117,"independent"
4,5118,"independent"
4,5119,"independent"
4,5120,"independent"
0,5121,"independent"
6,5122,"independent"
4,5123,"independent"
4,5124,"independent"
4,5125,"independent"
4,5126,"independent"
4,5127,"independent"
4,5128,"independent"
4,5129,"independent"
6,5130,"independent"
4,5131,"independent"
4,5132,"independent"
6,5133,"independent"
4,5134,"independent"
4,5135,"independent"
2,5136,"independent"
2,5137,"independent"
6,5138,"independent"
2,5139,"independent"
6,5140,"independent"
6,5141,"independent"
4,5142,"independent"
6,5143,"independent"
4,5144,"independent"
4,5145,"independent"
2,5146,"independent"
6,5147,"independent"
4,5148,"independent"
2,5149,"independent"
4,5150,"independent"
2,5151,"independent"
4,5152,"independent"
4,5153,"independent"
2,5154,"independent"
2,5155,"independent"
6,5156,"independent"
6,5157,"independent"
6,5158,"independent"
4,5159,"independent"
6,5160,"independent"
6,5161,"independent"
6,5162,"independent"
4,5163,"independent"
2,5164,"independent"
2,5165,"independent"
8,5166,"independent"
2,5167,"independent"
4,5168,"independent"
2,5169,"independent"
6,5170,"independent"
6,5171,"independent"
0,5172,"independent"
2,5173,"independent"
4,5174,"independent"
6,5175,"independent"
4,5176,"independent"
4,5177,"independent"
2,5178,"independent"
2,5179,"independent"
4,5180,"independent"
4,5181,"independent"
4,5182,"independent"
4,5183,"independent"
4,5184,"independent"
0,5185,"independent"
6,5186,"independent"
4,5187,"independent"
6,5188,"independent"
4,5189,"independent"
0,5190,"independent"
2,5191,"independent"
4,5192,"independent"
2,5193,"independent"
4,5194,"independent"
6,5195,"independent"
4,5196,"independent"
8,5197,"independent"
4,5198,"independent"
4,5199,"independent"
0,5200,"independent"
6,5201,"independent"
4,5202,"independent"
4,5203,"independent"
6,5204,"independent"
0,5205,"independent"
4,5206,"independent"
4,5207,"independent"
4,5208,"independent"
4,5209,"independent"
6,5210,"independent"
4,5211,"independent"
6,5212,"independent"
2,5213,"independent"
2,5214,"independent"
4,5215,"independent"
4,5216,"independent"
6,5217,"independent"
6,5218,"independent"
2,5219,"independent"
4,5220,"independent"
4,5221,"independent"
2,5222,"independent"
6,5223,"independent"
2,5224,"independent"
4,5225,"independent"
6,5226,"independent"
6,5227,"independent"
6,5228,"independent"
4,5229,"independent"
2,5230,"independent"
4,5231,"independent"
2,5232,"independent"
4,5233,"independent"
4,5234,"independent"
2,5235,"independent"
6,5236,"independent"
2,5237,"independent"
2,5238,"independent"
4,5239,"independent"
2,5240,"independent"
4,5241,"independent"
6,5242,"independent"
2,5243,"independent"
6,5244,"independent"
4,5245,"independent"
2,5246,"independent"
6,5247,"independent"
2,5248,"independent"
2,5249,"independent"
4,5250,"independent"
8,5251,"independent"
4,5252,"independent"
2,5253,"independent"
2,5254,"independent"
0,5255,"independent"
2,5256,"independent"
0,5257,"independent"
6,5258,"independent"
6,5259,"independent"
4,5260,"independent"
2,5261,"independent"
2,5262,"independent"
4,5263,"independent"
4,5264,"independent"
8,5265,"independent"
2,5266,"independent"
4,5267,"independent"
4,5268,"independent"
6,5269,"independent"
2,5270,"independent"
4,5271,"independent"
2,5272,"independent"
4,5273,"independent"
4,5274,"independent"
2,5275,"independent"
4,5276,"independent"
4,5277,"independent"
8,5278,"independent"
4,5279,"independent"
2,5280,"independent"
2,5281,"independent"
4,5282,"independent"
4,5283,"independent"
2,5284,"independent"
4,5285,"independent"
4,5286,"independent"
4,5287,"independent"
2,5288,"independent"
4,5289,"independent"
4,5290,"independent"
4,5291,"independent"
6,5292,"independent"
6,5293,"independent"
4,5294,"independent"
4,5295,"independent"
4,5296,"independent"
0,5297,"independent"
6,5298,"independent"
2,5299,"independent"
4,5300,"independent"
4,5301,"independent"
4,5302,"independent"
6,5303,"independent"
4,5304,"independent"
2,5305,"independent"
2,5306,"independent"
0,5307,"independent"
4,5308,"independent"
2,5309,"independent"
4,5310,"independent"
6,5311,"independent"
4,5312,"independent"
2,5313,"independent"
6,5314,"independent"
6,5315,"independent"
2,5316,"independent"
4,5317,"independent"
6,5318,"independent"
4,5319,"independent"
4,5320,"independent"
2,5321,"independent"
2,5322,"independent"
4,5323,"independent"
2,5324,"independent"
6,5325,"independent"
4,5326,"independent"
4,5327,"independent"
6,5328,"independent"
6,5329,"independent"
4,5330,"independent"
4,5331,"independent"
4,5332,"independent"
4,5333,"independent"
4,5334,"independent"
6,5335,"independent"
4,5336,"independent"
2,5337,"independent"
2,5338,"independent"
4,5339,"independent"
6,5340,"independent"
2,5341,"independent"
4,5342,"independent"
6,5343,"independent"
4,5344,"independent"
4,5345,"independent"
4,5346,"independent"
6,5347,"independent"
6,5348,"independent"
4,5349,"independent"
2,5350,"independent"
4,5351,"independent"
2,5352,"independent"
6,5353,"independent"
4,5354,"independent"
6,5355,"independent"
4,5356,"independent"
2,5357,"independent"
2,5358,"independent"
2,5359,"independent"
4,5360,"independent"
2,5361,"independent"
4,5362,"independent"
0,5363,"independent"
4,5364,"independent"
4,5365,"independent"
4,5366,"independent"
6,5367,"independent"
4,5368,"independent"
4,5369,"independent"
8,5370,"independent"
4,5371,"independent"
6,5372,"independent"
4,5373,"independent"
2,5374,"independent"
6,5375,"independent"
4,5376,"independent"
4,5377,"independent"
8,5378,"independent"
4,5379,"independent"
4,5380,"independent"
8,5381,"independent"
4,5382,"independent"
6,5383,"independent"
4,5384,"independent"
6,5385,"independent"
4,5386,"independent"
4,5387,"independent"
4,5388,"independent"
2,5389,"independent"
4,5390,"independent"
4,5391,"independent"
4,5392,"independent"
2,5393,"independent"
2,5394,"independent"
6,5395,"independent"
2,5396,"independent"
2,5397,"independent"
4,5398,"independent"
2,5399,"independent"
4,5400,"independent"
2,5401,"independent"
8,5402,"independent"
6,5403,"independent"
6,5404,"independent"
4,5405,"independent"
4,5406,"independent"
2,5407,"independent"
2,5408,"independent"
4,5409,"independent"
4,5410,"independent"
2,5411,"independent"
6,5412,"independent"
8,5413,"independent"
4,5414,"independent"
2,5415,"independent"
2,5416,"independent"
4,5417,"independent"
4,5418,"independent"
2,5419,"independent"
2,5420,"independent"
2,5421,"independent"
4,5422,"independent"
6,5423,"independent"
4,5424,"independent"
4,5425,"independent"
4,5426,"independent"
4,5427,"independent"
4,5428,"independent"
0,5429,"independent"
4,5430,"independent"
2,5431,"independent"
4,5432,"independent"
4,5433,"independent"
2,5434,"independent"
2,5435,"independent"
4,5436,"independent"
2,5437,"independent"
4,5438,"independent"
4,5439,"independent"
4,5440,"independent"
4,5441,"independent"
6,5442,"independent"
6,5443,"independent"
4,5444,"independent"
6,5445,"independent"
4,5446,"independent"
2,5447,"independent"
4,5448,"independent"
2,5449,"independent"
2,5450,"independent"
2,5451,"independent"
2,5452,"independent"
6,5453,"independent"
6,5454,"independent"
2,5455,"independent"
4,5456,"independent"
2,5457,"independent"
2,5458,"independent"
4,5459,"independent"
6,5460,"independent"
0,5461,"independent"
4,5462,"independent"
4,5463,"independent"
6,5464,"independent"
4,5465,"independent"
2,5466,"independent"
4,5467,"independent"
0,5468,"independent"
2,5469,"independent"
2,5470,"independent"
2,5471,"independent"
2,5472,"independent"
2,5473,"independent"
6,5474,"independent"
6,5475,"independent"
8,5476,"independent"
2,5477,"independent"
6,5478,"independent"
2,5479,"independent"
4,5480,"independent"
4,5481,"independent"
6,5482,"independent"
2,5483,"independent"
0,5484,"independent"
2,5485,"independent"
8,5486,"independent"
6,5487,"independent"
2,5488,"independent"
2,5489,"independent"
6,5490,"independent"
8,5491,"independent"
2,5492,"independent"
6,5493,"independent"
2,5494,"independent"
4,5495,"independent"
4,5496,"independent"
6,5497,"independent"
2,5498,"independent"
8,5499,"independent"
4,5500,"independent"
6,5501,"independent"
2,5502,"independent"
0,5503,"independent"
2,5504,"independent"
0,5505,"independent"
4,5506,"independent"
6,5507,"independent"
4,5508,"independent"
2,5509,"independent"
2,5510,"independent"
6,5511,"independent"
4,5512,"independent"
4,5513,"independent"
0,5514,"independent"
2,5515,"independent"
6,5516,"independent"
4,5517,"independent"
4,5518,"independent"
4,5519,"independent"
6,5520,"independent"
2,5521,"independent"
2,5522,"independent"
4,5523,"independent"
4,5524,"independent"
6,5525,"independent"
2,5526,"independent"
2,5527,"independent"
6,5528,"independent"
2,5529,"independent"
4,5530,"independent"
4,5531,"independent"
6,5532,"independent"
4,5533,"independent"
2,5534,"independent"
4,5535,"independent"
2,5536,"independent"
4,5537,"independent"
2,5538,"independent"
4,5539,"independent"
8,5540,"independent"
6,5541,"independent"
2,5542,"independent"
2,5543,"independent"
4,5544,"independent"
4,5545,"independent"
8,5546,"independent"
6,5547,"independent"
2,5548,"independent"
2,5549,"independent"
4,5550,"independent"
6,5551,"independent"
4,5552,"independent"
4,5553,"independent"
4,5554,"independent"
2,5555,"independent"
4,5556,"independent"
2,5557,"independent"
6,5558,"independent"
6,5559,"independent"
2,5560,"independent"
6,5561,"independent"
6,5562,"independent"
4,5563,"independent"
2,5564,"independent"
6,5565,"independent"
4,5566,"independent"
4,5567,"independent"
2,5568,"independent"
2,5569,"independent"
2,5570,"independent"
4,5571,"independent"
6,5572,"independent"
2,5573,"independent"
4,5574,"independent"
2,5575,"independent"
6,5576,"independent"
4,5577,"independent"
4,5578,"independent"
4,5579,"independent"
0,5580,"independent"
4,5581,"independent"
2,5582,"independent"
4,5583,"independent"
4,5584,"independent"
2,5585,"independent"
6,5586,"independent"
4,5587,"independent"
4,5588,"independent"
4,5589,"independent"
2,5590,"independent"
2,5591,"independent"
4,5592,"independent"
6,5593,"independent"
4,5594,"independent"
4,5595,"independent"
2,5596,"independent"
2,5597,"independent"
4,5598,"independent"
4,5599,"independent"
2,5600,"independent"
4,5601,"independent"
6,5602,"independent"
6,5603,"independent"
4,5604,"independent"
4,5605,"independent"
4,5606,"independent"
6,5607,"independent"
6,5608,"independent"
4,5609,"independent"
4,5610,"independent"
2,5611,"independent"
6,5612,"independent"
6,5613,"independent"
0,5614,"independent"
4,5615,"independent"
4,5616,"independent"
6,5617,"independent"
2,5618,"independent"
2,5619,"independent"
6,5620,"independent"
4,5621,"independent"
4,5622,"independent"
6,5623,"independent"
4,5624,"independent"
4,5625,"independent"
2,5626,"independent"
2,5627,"independent"
4,5628,"independent"
2,5629,"independent"
4,5630,"independent"
4,5631,"independent"
6,5632,"independent"
6,5633,"independent"
2,5634,"independent"
2,5635,"independent"
4,5636,"independent"
4,5637,"independent"
6,5638,"independent"
4,5639,"independent"
2,5640,"independent"
6,5641,"independent"
4,5642,"independent"
6,5643,"independent"
4,5644,"independent"
6,5645,"independent"
4,5646,"independent"
4,5647,"independent"
6,5648,"independent"
4,5649,"independent"
4,5650,"independent"
4,5651,"independent"
4,5652,"independent"
4,5653,"independent"
0,5654,"independent"
2,5655,"independent"
2,5656,"independent"
4,5657,"independent"
2,5658,"independent"
4,5659,"independent"
2,5660,"independent"
6,5661,"independent"
2,5662,"independent"
6,5663,"independent"
6,5664,"independent"
6,5665,"independent"
4,5666,"independent"
4,5667,"independent"
6,5668,"independent"
4,5669,"independent"
4,5670,"independent"
4,5671,"independent"
6,5672,"independent"
6,5673,"independent"
2,5674,"independent"
0,5675,"independent"
2,5676,"independent"
4,5677,"independent"
2,5678,"independent"
6,5679,"independent"
6,5680,"independent"
4,5681,"independent"
2,5682,"independent"
4,5683,"independent"
4,5684,"independent"
6,5685,"independent"
4,5686,"independent"
2,5687,"independent"
6,5688,"independent"
4,5689,"independent"
6,5690,"independent"
6,5691,"independent"
2,5692,"independent"
4,5693,"independent"
4,5694,"independent"
2,5695,"independent"
6,5696,"independent"
2,5697,"independent"
4,5698,"independent"
4,5699,"independent"
4,5700,"independent"
4,5701,"independent"
0,5702,"independent"
6,5703,"independent"
8,5704,"independent"
4,5705,"independent"
6,5706,"independent"
2,5707,"independent"
2,5708,"independent"
8,5709,"independent"
2,5710,"independent"
6,5711,"independent"
2,5712,"independent"
6,5713,"independent"
4,5714,"independent"
6,5715,"independent"
2,5716,"independent"
0,5717,"independent"
2,5718,"independent"
4,5719,"independent"
4,5720,"independent"
2,5721,"independent"
0,5722,"independent"
4,5723,"independent"
4,5724,"independent"
4,5725,"independent"
4,5726,"independent"
4,5727,"independent"
2,5728,"independent"
6,5729,"independent"
4,5730,"independent"
2,5731,"independent"
6,5732,"independent"
6,5733,"independent"
6,5734,"independent"
6,5735,"independent"
2,5736,"independent"
6,5737,"independent"
4,5738,"independent"
4,5739,"independent"
6,5740,"independent"
4,5741,"independent"
6,5742,"independent"
6,5743,"independent"
4,5744,"independent"
2,5745,"independent"
2,5746,"independent"
4,5747,"independent"
6,5748,"independent"
4,5749,"independent"
4,5750,"independent"
2,5751,"independent"
2,5752,"independent"
2,5753,"independent"
2,5754,"independent"
2,5755,"independent"
2,5756,"independent"
6,5757,"independent"
4,5758,"independent"
2,5759,"independent"
4,5760,"independent"
4,5761,"independent"
4,5762,"independent"
2,5763,"independent"
6,5764,"independent"
4,5765,"independent"
6,5766,"independent"
4,5767,"independent"
4,5768,"independent"
4,5769,"independent"
2,5770,"independent"
4,5771,"independent"
4,5772,"independent"
4,5773,"independent"
2,5774,"independent"
2,5775,"independent"
4,5776,"independent"
2,5777,"independent"
6,5778,"independent"
4,5779,"independent"
4,5780,"independent"
8,5781,"independent"
4,5782,"independent"
4,5783,"independent"
4,5784,"independent"
2,5785,"independent"
4,5786,"independent"
4,5787,"independent"
4,5788,"independent"
2,5789,"independent"
0,5790,"independent"
2,5791,"independent"
4,5792,"independent"
2,5793,"independent"
4,5794,"independent"
6,5795,"independent"
2,5796,"independent"
2,5797,"independent"
2,5798,"independent"
6,5799,"independent"
2,5800,"independent"
4,5801,"independent"
2,5802,"independent"
4,5803,"independent"
6,5804,"independent"
4,5805,"independent"
6,5806,"independent"
2,5807,"independent"
4,5808,"independent"
2,5809,"independent"
4,5810,"independent"
4,5811,"independent"
6,5812,"independent"
4,5813,"independent"
4,5814,"independent"
4,5815,"independent"
4,5816,"independent"
6,5817,"independent"
6,5818,"independent"
6,5819,"independent"
6,5820,"independent"
6,5821,"independent"
4,5822,"independent"
4,5823,"independent"
6,5824,"independent"
4,5825,"independent"
4,5826,"independent"
2,5827,"independent"
4,5828,"independent"
6,5829,"independent"
6,5830,"independent"
2,5831,"independent"
4,5832,"independent"
2,5833,"independent"
4,5834,"independent"
4,5835,"independent"
4,5836,"independent"
6,5837,"independent"
4,5838,"independent"
4,5839,"independent"
6,5840,"independent"
6,5841,"independent"
0,5842,"independent"
4,5843,"independent"
2,5844,"independent"
4,5845,"independent"
4,5846,"independent"
4,5847,"independent"
6,5848,"independent"
6,5849,"independent"
8,5850,"independent"
4,5851,"independent"
2,5852,"independent"
4,5853,"independent"
4,5854,"independent"
4,5855,"independent"
2,5856,"independent"
6,5857,"independent"
6,5858,"independent"
4,5859,"independent"
6,5860,"independent"
4,5861,"independent"
6,5862,"independent"
2,5863,"independent"
4,5864,"independent"
2,5865,"independent"
4,5866,"independent"
4,5867,"independent"
2,5868,"independent"
6,5869,"independent"
6,5870,"independent"
4,5871,"independent"
4,5872,"independent"
2,5873,"independent"
4,5874,"independent"
4,5875,"independent"
8,5876,"independent"
2,5877,"independent"
2,5878,"independent"
6,5879,"independent"
4,5880,"independent"
2,5881,"independent"
8,5882,"independent"
6,5883,"independent"
8,5884,"independent"
4,5885,"independent"
2,5886,"independent"
4,5887,"independent"
4,5888,"independent"
6,5889,"independent"
6,5890,"independent"
6,5891,"independent"
4,5892,"independent"
4,5893,"independent"
2,5894,"independent"
2,5895,"independent"
2,5896,"independent"
6,5897,"independent"
2,5898,"independent"
2,5899,"independent"
4,5900,"independent"
4,5901,"independent"
4,5902,"independent"
4,5903,"independent"
6,5904,"independent"
2,5905,"independent"
4,5906,"independent"
4,5907,"independent"
6,5908,"independent"
4,5909,"independent"
0,5910,"independent"
2,5911,"independent"
4,5912,"independent"
8,5913,"independent"
4,5914,"independent"
2,5915,"independent"
8,5916,"independent"
4,5917,"independent"
4,5918,"independent"
10,5919,"independent"
4,5920,"independent"
4,5921,"independent"
4,5922,"independent"
8,5923,"independent"
0,5924,"independent"
2,5925,"independent"
4,5926,"independent"
2,5927,"independent"
6,5928,"independent"
4,5929,"independent"
4,5930,"independent"
4,5931,"independent"
2,5932,"independent"
6,5933,"independent"
6,5934,"independent"
2,5935,"independent"
6,5936,"independent"
6,5937,"independent"
4,5938,"independent"
4,5939,"independent"
6,5940,"independent"
4,5941,"independent"
6,5942,"independent"
6,5943,"independent"
6,5944,"independent"
4,5945,"independent"
6,5946,"independent"
4,5947,"independent"
4,5948,"independent"
2,5949,"independent"
6,5950,"independent"
4,5951,"independent"
0,5952,"independent"
0,5953,"independent"
6,5954,"independent"
4,5955,"independent"
10,5956,"independent"
6,5957,"independent"
4,5958,"independent"
6,5959,"independent"
4,5960,"independent"
2,5961,"independent"
2,5962,"independent"
4,5963,"independent"
2,5964,"independent"
6,5965,"independent"
4,5966,"independent"
4,5967,"independent"
6,5968,"independent"
0,5969,"independent"
4,5970,"independent"
2,5971,"independent"
2,5972,"independent"
2,5973,"independent"
4,5974,"independent"
4,5975,"independent"
2,5976,"independent"
2,5977,"independent"
6,5978,"independent"
4,5979,"independent"
2,5980,"independent"
4,5981,"independent"
2,5982,"independent"
4,5983,"independent"
4,5984,"independent"
4,5985,"independent"
4,5986,"independent"
4,5987,"independent"
2,5988,"independent"
4,5989,"independent"
4,5990,"independent"
6,5991,"independent"
8,5992,"independent"
0,5993,"independent"
4,5994,"independent"
2,5995,"independent"
4,5996,"independent"
6,5997,"independent"
4,5998,"independent"
4,5999,"independent"
2,6000,"independent"
2,6001,"independent"
4,6002,"independent"
6,6003,"independent"
4,6004,"independent"
4,6005,"independent"
2,6006,"independent"
2,6007,"independent"
4,6008,"independent"
6,6009,"independent"
6,6010,"independent"
6,6011,"independent"
2,6012,"independent"
2,6013,"independent"
2,6014,"independent"
4,6015,"independent"
8,6016,"independent"
6,6017,"independent"
6,6018,"independent"
8,6019,"independent"
6,6020,"independent"
4,6021,"independent"
4,6022,"independent"
2,6023,"independent"
4,6024,"independent"
6,6025,"independent"
4,6026,"independent"
4,6027,"independent"
4,6028,"independent"
4,6029,"independent"
6,6030,"independent"
4,6031,"independent"
2,6032,"independent"
2,6033,"independent"
2,6034,"independent"
4,6035,"independent"
4,6036,"independent"
6,6037,"independent"
4,6038,"independent"
6,6039,"independent"
4,6040,"independent"
6,6041,"independent"
0,6042,"independent"
0,6043,"independent"
2,6044,"independent"
4,6045,"independent"
4,6046,"independent"
4,6047,"independent"
4,6048,"independent"
4,6049,"independent"
4,6050,"independent"
6,6051,"independent"
2,6052,"independent"
10,6053,"independent"
6,6054,"independent"
6,6055,"independent"
4,6056,"independent"
6,6057,"independent"
4,6058,"independent"
4,6059,"independent"
2,6060,"independent"
6,6061,"independent"
4,6062,"independent"
6,6063,"independent"
4,6064,"independent"
4,6065,"independent"
4,6066,"independent"
6,6067,"independent"
4,6068,"independent"
0,6069,"independent"
2,6070,"independent"
4,6071,"independent"
4,6072,"independent"
8,6073,"independent"
4,6074,"independent"
4,6075,"independent"
2,6076,"independent"
4,6077,"independent"
2,6078,"independent"
2,6079,"independent"
2,6080,"independent"
2,6081,"independent"
2,6082,"independent"
6,6083,"independent"
6,6084,"independent"
4,6085,"independent"
4,6086,"independent"
6,6087,"independent"
4,6088,"independent"
4,6089,"independent"
4,6090,"independent"
2,6091,"independent"
4,6092,"independent"
0,6093,"independent"
4,6094,"independent"
2,6095,"independent"
2,6096,"independent"
4,6097,"independent"
2,6098,"independent"
6,6099,"independent"
6,6100,"independent"
4,6101,"independent"
6,6102,"independent"
6,6103,"independent"
4,6104,"independent"
4,6105,"independent"
6,6106,"independent"
4,6107,"independent"
6,6108,"independent"
6,6109,"independent"
4,6110,"independent"
4,6111,"independent"
2,6112,"independent"
2,6113,"independent"
2,6114,"independent"
6,6115,"independent"
2,6116,"independent"
6,6117,"independent"
6,6118,"independent"
2,6119,"independent"
2,6120,"independent"
2,6121,"independent"
6,6122,"independent"
4,6123,"independent"
4,6124,"independent"
4,6125,"independent"
4,6126,"independent"
6,6127,"independent"
6,6128,"independent"
4,6129,"independent"
4,6130,"independent"
6,6131,"independent"
6,6132,"independent"
4,6133,"independent"
6,6134,"independent"
2,6135,"independent"
6,6136,"independent"
4,6137,"independent"
6,6138,"independent"
4,6139,"independent"
4,6140,"independent"
2,6141,"independent"
4,6142,"independent"
4,6143,"independent"
4,6144,"independent"
2,6145,"independent"
2,6146,"independent"
4,6147,"independent"
2,6148,"independent"
4,6149,"independent"
2,6150,"independent"
2,6151,"independent"
4,6152,"independent"
2,6153,"independent"
4,6154,"independent"
4,6155,"independent"
6,6156,"independent"
2,6157,"independent"
2,6158,"independent"
6,6159,"independent"
2,6160,"independent"
2,6161,"independent"
4,6162,"independent"
4,6163,"independent"
4,6164,"independent"
2,6165,"independent"
4,6166,"independent"
4,6167,"independent"
0,6168,"independent"
4,6169,"independent"
6,6170,"independent"
2,6171,"independent"
4,6172,"independent"
4,6173,"independent"
2,6174,"independent"
4,6175,"independent"
6,6176,"independent"
2,6177,"independent"
4,6178,"independent"
6,6179,"independent"
6,6180,"independent"
2,6181,"independent"
2,6182,"independent"
4,6183,"independent"
4,6184,"independent"
4,6185,"independent"
4,6186,"independent"
4,6187,"independent"
0,6188,"independent"
2,6189,"independent"
2,6190,"independent"
6,6191,"independent"
4,6192,"independent"
6,6193,"independent"
6,6194,"independent"
6,6195,"independent"
6,6196,"independent"
4,6197,"independent"
2,6198,"independent"
6,6199,"independent"
4,6200,"independent"
2,6201,"independent"
2,6202,"independent"
2,6203,"independent"
4,6204,"independent"
2,6205,"independent"
2,6206,"independent"
6,6207,"independent"
4,6208,"independent"
4,6209,"independent"
2,6210,"independent"
4,6211,"independent"
2,6212,"independent"
4,6213,"independent"
8,6214,"independent"
2,6215,"independent"
6,6216,"independent"
4,6217,"independent"
2,6218,"independent"
8,6219,"independent"
2,6220,"independent"
6,6221,"independent"
2,6222,"independent"
4,6223,"independent"
6,6224,"independent"
2,6225,"independent"
2,6226,"independent"
2,6227,"independent"
2,6228,"independent"
4,6229,"independent"
6,6230,"independent"
6,6231,"independent"
2,6232,"independent"
4,6233,"independent"
4,6234,"independent"
2,6235,"independent"
2,6236,"independent"
4,6237,"independent"
6,6238,"independent"
6,6239,"independent"
6,6240,"independent"
4,6241,"independent"
4,6242,"independent"
4,6243,"independent"
0,6244,"independent"
2,6245,"independent"
4,6246,"independent"
6,6247,"independent"
4,6248,"independent"
2,6249,"independent"
2,6250,"independent"
6,6251,"independent"
0,6252,"independent"
2,6253,"independent"
2,6254,"independent"
0,6255,"independent"
2,6256,"independent"
6,6257,"independent"
6,6258,"independent"
6,6259,"independent"
4,6260,"independent"
4,6261,"independent"
4,6262,"independent"
6,6263,"independent"
6,6264,"independent"
4,6265,"independent"
2,6266,"independent"
2,6267,"independent"
2,6268,"independent"
6,6269,"independent"
6,6270,"independent"
6,6271,"independent"
6,6272,"independent"
4,6273,"independent"
6,6274,"independent"
4,6275,"independent"
4,6276,"independent"
2,6277,"independent"
2,6278,"independent"
2,6279,"independent"
4,6280,"independent"
2,6281,"independent"
0,6282,"independent"
2,6283,"independent"
2,6284,"independent"
8,6285,"independent"
4,6286,"independent"
2,6287,"independent"
6,6288,"independent"
4,6289,"independent"
6,6290,"independent"
2,6291,"independent"
4,6292,"independent"
6,6293,"independent"
2,6294,"independent"
2,6295,"independent"
4,6296,"independent"
4,6297,"independent"
4,6298,"independent"
2,6299,"independent"
2,6300,"independent"
6,6301,"independent"
4,6302,"independent"
4,6303,"independent"
6,6304,"independent"
6,6305,"independent"
2,6306,"independent"
0,6307,"independent"
2,6308,"independent"
4,6309,"independent"
4,6310,"independent"
4,6311,"independent"
4,6312,"independent"
0,6313,"independent"
6,6314,"independent"
6,6315,"independent"
4,6316,"independent"
6,6317,"independent"
2,6318,"independent"
4,6319,"independent"
4,6320,"independent"
4,6321,"independent"
2,6322,"independent"
0,6323,"independent"
4,6324,"independent"
4,6325,"independent"
6,6326,"independent"
0,6327,"independent"
4,6328,"independent"
2,6329,"independent"
4,6330,"independent"
6,6331,"independent"
6,6332,"independent"
2,6333,"independent"
4,6334,"independent"
4,6335,"independent"
4,6336,"independent"
2,6337,"independent"
6,6338,"independent"
2,6339,"independent"
2,6340,"independent"
4,6341,"independent"
4,6342,"independent"
4,6343,"independent"
4,6344,"independent"
0,6345,"independent"
4,6346,"independent"
6,6347,"independent"
4,6348,"independent"
4,6349,"independent"
0,6350,"independent"
4,6351,"independent"
4,6352,"independent"
2,6353,"independent"
6,6354,"independent"
4,6355,"independent"
6,6356,"independent"
2,6357,"independent"
6,6358,"independent"
2,6359,"independent"
4,6360,"independent"
0,6361,"independent"
6,6362,"independent"
4,6363,"independent"
6,6364,"independent"
2,6365,"independent"
4,6366,"independent"
2,6367,"independent"
4,6368,"independent"
4,6369,"independent"
4,6370,"independent"
4,6371,"independent"
4,6372,"independent"
2,6373,"independent"
2,6374,"independent"
4,6375,"independent"
4,6376,"independent"
2,6377,"independent"
2,6378,"independent"
4,6379,"independent"
4,6380,"independent"
0,6381,"independent"
4,6382,"independent"
6,6383,"independent"
2,6384,"independent"
4,6385,"independent"
4,6386,"independent"
6,6387,"independent"
6,6388,"independent"
4,6389,"independent"
4,6390,"independent"
4,6391,"independent"
6,6392,"independent"
4,6393,"independent"
2,6394,"independent"
4,6395,"independent"
6,6396,"independent"
4,6397,"independent"
4,6398,"independent"
4,6399,"independent"
8,6400,"independent"
6,6401,"independent"
4,6402,"independent"
4,6403,"independent"
6,6404,"independent"
2,6405,"independent"
6,6406,"independent"
4,6407,"independent"
2,6408,"independent"
6,6409,"independent"
2,6410,"independent"
4,6411,"independent"
4,6412,"independent"
8,6413,"independent"
4,6414,"independent"
6,6415,"independent"
8,6416,"independent"
2,6417,"independent"
2,6418,"independent"
4,6419,"independent"
6,6420,"independent"
4,6421,"independent"
4,6422,"independent"
4,6423,"independent"
2,6424,"independent"
6,6425,"independent"
4,6426,"independent"
6,6427,"independent"
4,6428,"independent"
4,6429,"independent"
4,6430,"independent"
4,6431,"independent"
6,6432,"independent"
2,6433,"independent"
4,6434,"independent"
0,6435,"independent"
4,6436,"independent"
6,6437,"independent"
4,6438,"independent"
4,6439,"independent"
6,6440,"independent"
4,6441,"independent"
6,6442,"independent"
4,6443,"independent"
2,6444,"independent"
2,6445,"independent"
6,6446,"independent"
4,6447,"independent"
2,6448,"independent"
6,6449,"independent"
4,6450,"independent"
4,6451,"independent"
2,6452,"independent"
2,6453,"independent"
2,6454,"independent"
4,6455,"independent"
2,6456,"independent"
4,6457,"independent"
4,6458,"independent"
6,6459,"independent"
2,6460,"independent"
0,6461,"independent"
2,6462,"independent"
2,6463,"independent"
6,6464,"independent"
4,6465,"independent"
4,6466,"independent"
6,6467,"independent"
4,6468,"independent"
4,6469,"independent"
6,6470,"independent"
6,6471,"independent"
4,6472,"independent"
2,6473,"independent"
2,6474,"independent"
4,6475,"independent"
2,6476,"independent"
6,6477,"independent"
2,6478,"independent"
2,6479,"independent"
6,6480,"independent"
4,6481,"independent"
2,6482,"independent"
4,6483,"independent"
4,6484,"independent"
6,6485,"independent"
4,6486,"independent"
4,6487,"independent"
6,6488,"independent"
6,6489,"independent"
2,6490,"independent"
6,6491,"independent"
4,6492,"independent"
4,6493,"independent"
4,6494,"independent"
4,6495,"independent"
8,6496,"independent"
4,6497,"independent"
6,6498,"independent"
4,6499,"independent"
2,6500,"independent"
6,6501,"independent"
6,6502,"independent"
6,6503,"independent"
6,6504,"independent"
4,6505,"independent"
4,6506,"independent"
4,6507,"independent"
2,6508,"independent"
4,6509,"independent"
4,6510,"independent"
2,6511,"independent"
4,6512,"independent"
2,6513,"independent"
4,6514,"independent"
4,6515,"independent"
0,6516,"independent"
2,6517,"independent"
6,6518,"independent"
4,6519,"independent"
6,6520,"independent"
2,6521,"independent"
6,6522,"independent"
6,6523,"independent"
4,6524,"independent"
2,6525,"independent"
4,6526,"independent"
6,6527,"independent"
4,6528,"independent"
4,6529,"independent"
6,6530,"independent"
2,6531,"independent"
4,6532,"independent"
2,6533,"independent"
4,6534,"independent"
4,6535,"independent"
4,6536,"independent"
4,6537,"independent"
6,6538,"independent"
0,6539,"independent"
2,6540,"independent"
2,6541,"independent"
2,6542,"independent"
4,6543,"independent"
2,6544,"independent"
4,6545,"independent"
4,6546,"independent"
2,6547,"independent"
2,6548,"independent"
4,6549,"independent"
4,6550,"independent"
4,6551,"independent"
6,6552,"independent"
4,6553,"independent"
6,6554,"independent"
6,6555,"independent"
8,6556,"independent"
10,6557,"independent"
6,6558,"independent"
6,6559,"independent"
6,6560,"independent"
6,6561,"independent"
6,6562,"independent"
4,6563,"independent"
2,6564,"independent"
6,6565,"independent"
6,6566,"independent"
2,6567,"independent"
4,6568,"independent"
6,6569,"independent"
4,6570,"independent"
4,6571,"independent"
2,6572,"independent"
4,6573,"independent"
2,6574,"independent"
6,6575,"independent"
6,6576,"independent"
4,6577,"independent"
0,6578,"independent"
2,6579,"independent"
6,6580,"independent"
4,6581,"independent"
6,6582,"independent"
4,6583,"independent"
2,6584,"independent"
2,6585,"independent"
6,6586,"independent"
2,6587,"independent"
4,6588,"independent"
4,6589,"independent"
6,6590,"independent"
2,6591,"independent"
4,6592,"independent"
8,6593,"independent"
4,6594,"independent"
4,6595,"independent"
2,6596,"independent"
6,6597,"independent"
2,6598,"independent"
6,6599,"independent"
6,6600,"independent"
6,6601,"independent"
6,6602,"independent"
4,6603,"independent"
4,6604,"independent"
6,6605,"independent"
4,6606,"independent"
2,6607,"independent"
2,6608,"independent"
4,6609,"independent"
4,6610,"independent"
6,6611,"independent"
4,6612,"independent"
2,6613,"independent"
4,6614,"independent"
0,6615,"independent"
4,6616,"independent"
4,6617,"independent"
4,6618,"independent"
2,6619,"independent"
0,6620,"independent"
2,6621,"independent"
4,6622,"independent"
2,6623,"independent"
4,6624,"independent"
4,6625,"independent"
2,6626,"independent"
4,6627,"independent"
2,6628,"independent"
6,6629,"independent"
2,6630,"independent"
6,6631,"independent"
4,6632,"independent"
2,6633,"independent"
2,6634,"independent"
4,6635,"independent"
4,6636,"independent"
6,6637,"independent"
2,6638,"independent"
4,6639,"independent"
4,6640,"independent"
2,6641,"independent"
0,6642,"independent"
6,6643,"independent"
4,6644,"independent"
2,6645,"independent"
4,6646,"independent"
4,6647,"independent"
2,6648,"independent"
6,6649,"independent"
4,6650,"independent"
4,6651,"independent"
4,6652,"independent"
4,6653,"independent"
4,6654,"independent"
6,6655,"independent"
6,6656,"independent"
6,6657,"independent"
6,6658,"independent"
4,6659,"independent"
4,6660,"independent"
0,6661,"independent"
2,6662,"independent"
4,6663,"independent"
4,6664,"independent"
6,6665,"independent"
2,6666,"independent"
4,6667,"independent"
4,6668,"independent"
4,6669,"independent"
4,6670,"independent"
2,6671,"independent"
4,6672,"independent"
4,6673,"independent"
6,6674,"independent"
4,6675,"independent"
8,6676,"independent"
8,6677,"independent"
6,6678,"independent"
4,6679,"independent"
4,6680,"independent"
0,6681,"independent"
4,6682,"independent"
6,6683,"independent"
4,6684,"independent"
4,6685,"independent"
4,6686,"independent"
4,6687,"independent"
6,6688,"independent"
6,6689,"independent"
2,6690,"independent"
4,6691,"independent"
4,6692,"independent"
6,6693,"independent"
6,6694,"independent"
8,6695,"independent"
4,6696,"independent"
0,6697,"independent"
4,6698,"independent"
6,6699,"independent"
0,6700,"independent"
4,6701,"independent"
6,6702,"independent"
4,6703,"independent"
6,6704,"independent"
2,6705,"independent"
2,6706,"independent"
2,6707,"independent"
4,6708,"independent"
0,6709,"independent"
4,6710,"independent"
6,6711,"independent"
6,6712,"independent"
2,6713,"independent"
6,6714,"independent"
6,6715,"independent"
8,6716,"independent"
6,6717,"independent"
6,6718,"independent"
6,6719,"independent"
4,6720,"independent"
6,6721,"independent"
6,6722,"independent"
4,6723,"independent"
4,6724,"independent"
2,6725,"independent"
6,6726,"independent"
6,6727,"independent"
4,6728,"independent"
2,6729,"independent"
2,6730,"independent"
6,6731,"independent"
2,6732,"independent"
2,6733,"independent"
6,6734,"independent"
6,6735,"independent"
6,6736,"independent"
4,6737,"independent"
4,6738,"independent"
2,6739,"independent"
6,6740,"independent"
4,6741,"independent"
4,6742,"independent"
6,6743,"independent"
0,6744,"independent"
4,6745,"independent"
2,6746,"independent"
2,6747,"independent"
2,6748,"independent"
6,6749,"independent"
4,6750,"independent"
4,6751,"independent"
2,6752,"independent"
2,6753,"independent"
2,6754,"independent"
4,6755,"independent"
2,6756,"independent"
4,6757,"independent"
4,6758,"independent"
4,6759,"independent"
4,6760,"independent"
4,6761,"independent"
4,6762,"independent"
4,6763,"independent"
4,6764,"independent"
6,6765,"independent"
4,6766,"independent"
6,6767,"independent"
2,6768,"independent"
6,6769,"independent"
4,6770,"independent"
2,6771,"independent"
4,6772,"independent"
6,6773,"independent"
2,6774,"independent"
2,6775,"independent"
6,6776,"independent"
6,6777,"independent"
2,6778,"independent"
4,6779,"independent"
4,6780,"independent"
2,6781,"independent"
6,6782,"independent"
4,6783,"independent"
6,6784,"independent"
4,6785,"independent"
2,6786,"independent"
6,6787,"independent"
4,6788,"independent"
6,6789,"independent"
6,6790,"independent"
6,6791,"independent"
4,6792,"independent"
2,6793,"independent"
6,6794,"independent"
4,6795,"independent"
2,6796,"independent"
6,6797,"independent"
4,6798,"independent"
6,6799,"independent"
2,6800,"independent"
4,6801,"independent"
2,6802,"independent"
2,6803,"independent"
8,6804,"independent"
4,6805,"independent"
6,6806,"independent"
4,6807,"independent"
2,6808,"independent"
6,6809,"independent"
2,6810,"independent"
6,6811,"independent"
4,6812,"independent"
4,6813,"independent"
2,6814,"independent"
4,6815,"independent"
4,6816,"independent"
6,6817,"independent"
4,6818,"independent"
6,6819,"independent"
4,6820,"independent"
2,6821,"independent"
2,6822,"independent"
4,6823,"independent"
6,6824,"independent"
4,6825,"independent"
6,6826,"independent"
6,6827,"independent"
6,6828,"independent"
4,6829,"independent"
4,6830,"independent"
4,6831,"independent"
2,6832,"independent"
0,6833,"independent"
2,6834,"independent"
4,6835,"independent"
2,6836,"independent"
6,6837,"independent"
4,6838,"independent"
4,6839,"independent"
2,6840,"independent"
4,6841,"independent"
4,6842,"independent"
4,6843,"independent"
4,6844,"independent"
4,6845,"independent"
2,6846,"independent"
6,6847,"independent"
2,6848,"independent"
0,6849,"independent"
6,6850,"independent"
4,6851,"independent"
4,6852,"independent"
4,6853,"independent"
0,6854,"independent"
4,6855,"independent"
4,6856,"independent"
2,6857,"independent"
2,6858,"independent"
2,6859,"independent"
6,6860,"independent"
6,6861,"independent"
4,6862,"independent"
6,6863,"independent"
6,6864,"independent"
4,6865,"independent"
6,6866,"independent"
4,6867,"independent"
2,6868,"independent"
2,6869,"independent"
4,6870,"independent"
2,6871,"independent"
0,6872,"independent"
4,6873,"independent"
4,6874,"independent"
4,6875,"independent"
6,6876,"independent"
2,6877,"independent"
4,6878,"independent"
4,6879,"independent"
2,6880,"independent"
4,6881,"independent"
6,6882,"independent"
4,6883,"independent"
2,6884,"independent"
2,6885,"independent"
2,6886,"independent"
6,6887,"independent"
0,6888,"independent"
2,6889,"independent"
4,6890,"independent"
4,6891,"independent"
6,6892,"independent"
2,6893,"independent"
0,6894,"independent"
2,6895,"independent"
4,6896,"independent"
6,6897,"independent"
4,6898,"independent"
2,6899,"independent"
4,6900,"independent"
4,6901,"independent"
4,6902,"independent"
8,6903,"independent"
2,6904,"independent"
4,6905,"independent"
0,6906,"independent"
2,6907,"independent"
0,6908,"independent"
4,6909,"independent"
4,6910,"independent"
4,6911,"independent"
0,6912,"independent"
6,6913,"independent"
2,6914,"independent"
4,6915,"independent"
2,6916,"independent"
4,6917,"independent"
2,6918,"independent"
4,6919,"independent"
4,6920,"independent"
6,6921,"independent"
6,6922,"independent"
4,6923,"independent"
2,6924,"independent"
4,6925,"independent"
4,6926,"independent"
4,6927,"independent"
6,6928,"independent"
4,6929,"independent"
2,6930,"independent"
4,6931,"independent"
6,6932,"independent"
2,6933,"independent"
2,6934,"independent"
2,6935,"independent"
6,6936,"independent"
6,6937,"independent"
6,6938,"independent"
4,6939,"independent"
4,6940,"independent"
0,6941,"independent"
2,6942,"independent"
6,6943,"independent"
2,6944,"independent"
6,6945,"independent"
4,6946,"independent"
6,6947,"independent"
6,6948,"independent"
4,6949,"independent"
6,6950,"independent"
2,6951,"independent"
4,6952,"independent"
4,6953,"independent"
4,6954,"independent"
4,6955,"independent"
4,6956,"independent"
4,6957,"independent"
4,6958,"independent"
4,6959,"independent"
2,6960,"independent"
4,6961,"independent"
4,6962,"independent"
4,6963,"independent"
6,6964,"independent"
6,6965,"independent"
4,6966,"independent"
4,6967,"independent"
4,6968,"independent"
6,6969,"independent"
2,6970,"independent"
4,6971,"independent"
6,6972,"independent"
6,6973,"independent"
2,6974,"independent"
2,6975,"independent"
6,6976,"independent"
2,6977,"independent"
2,6978,"independent"
4,6979,"independent"
2,6980,"independent"
4,6981,"independent"
6,6982,"independent"
2,6983,"independent"
4,6984,"independent"
2,6985,"independent"
6,6986,"independent"
4,6987,"independent"
4,6988,"independent"
4,6989,"independent"
4,6990,"independent"
6,6991,"independent"
4,6992,"independent"
4,6993,"independent"
4,6994,"independent"
6,6995,"independent"
4,6996,"independent"
4,6997,"independent"
6,6998,"independent"
6,6999,"independent"
4,7000,"independent"
4,7001,"independent"
6,7002,"independent"
6,7003,"independent"
2,7004,"independent"
2,7005,"independent"
4,7006,"independent"
4,7007,"independent"
4,7008,"independent"
4,7009,"independent"
6,7010,"independent"
4,7011,"independent"
4,7012,"independent"
2,7013,"independent"
4,7014,"independent"
2,7015,"independent"
4,7016,"independent"
4,7017,"independent"
6,7018,"independent"
4,7019,"independent"
4,7020,"independent"
2,7021,"independent"
4,7022,"independent"
6,7023,"independent"
4,7024,"independent"
2,7025,"independent"
4,7026,"independent"
0,7027,"independent"
2,7028,"independent"
4,7029,"independent"
4,7030,"independent"
4,7031,"independent"
6,7032,"independent"
4,7033,"independent"
2,7034,"independent"
4,7035,"independent"
6,7036,"independent"
6,7037,"independent"
6,7038,"independent"
4,7039,"independent"
2,7040,"independent"
4,7041,"independent"
2,7042,"independent"
4,7043,"independent"
2,7044,"independent"
4,7045,"independent"
6,7046,"independent"
6,7047,"independent"
2,7048,"independent"
4,7049,"independent"
8,7050,"independent"
2,7051,"independent"
4,7052,"independent"
6,7053,"independent"
6,7054,"independent"
4,7055,"independent"
2,7056,"independent"
8,7057,"independent"
4,7058,"independent"
2,7059,"independent"
4,7060,"independent"
4,7061,"independent"
4,7062,"independent"
4,7063,"independent"
4,7064,"independent"
4,7065,"independent"
4,7066,"independent"
2,7067,"independent"
6,7068,"independent"
6,7069,"independent"
6,7070,"independent"
4,7071,"independent"
2,7072,"independent"
0,7073,"independent"
6,7074,"independent"
4,7075,"independent"
2,7076,"independent"
4,7077,"independent"
4,7078,"independent"
2,7079,"independent"
2,7080,"independent"
2,7081,"independent"
4,7082,"independent"
6,7083,"independent"
4,7084,"independent"
0,7085,"independent"
6,7086,"independent"
6,7087,"independent"
4,7088,"independent"
4,7089,"independent"
2,7090,"independent"
4,7091,"independent"
4,7092,"independent"
8,7093,"independent"
2,7094,"independent"
6,7095,"independent"
6,7096,"independent"
4,7097,"independent"
6,7098,"independent"
6,7099,"independent"
6,7100,"independent"
10,7101,"independent"
2,7102,"independent"
4,7103,"independent"
6,7104,"independent"
2,7105,"independent"
6,7106,"independent"
4,7107,"independent"
4,7108,"independent"
6,7109,"independent"
4,7110,"independent"
8,7111,"independent"
2,7112,"independent"
6,7113,"independent"
2,7114,"independent"
6,7115,"independent"
0,7116,"independent"
4,7117,"independent"
4,7118,"independent"
6,7119,"independent"
4,7120,"independent"
6,7121,"independent"
6,7122,"independent"
6,7123,"independent"
4,7124,"independent"
4,7125,"independent"
4,7126,"independent"
4,7127,"independent"
6,7128,"independent"
4,7129,"independent"
4,7130,"independent"
4,7131,"independent"
4,7132,"independent"
4,7133,"independent"
2,7134,"independent"
4,7135,"independent"
4,7136,"independent"
6,7137,"independent"
4,7138,"independent"
0,7139,"independent"
6,7140,"independent"
4,7141,"independent"
2,7142,"independent"
2,7143,"independent"
4,7144,"independent"
4,7145,"independent"
8,7146,"independent"
4,7147,"independent"
4,7148,"independent"
2,7149,"independent"
6,7150,"independent"
2,7151,"independent"
4,7152,"independent"
4,7153,"independent"
2,7154,"independent"
6,7155,"independent"
4,7156,"independent"
2,7157,"independent"
2,7158,"independent"
4,7159,"independent"
2,7160,"independent"
0,7161,"independent"
2,7162,"independent"
4,7163,"independent"
4,7164,"independent"
4,7165,"independent"
8,7166,"independent"
6,7167,"independent"
8,7168,"independent"
6,7169,"independent"
6,7170,"independent"
2,7171,"independent"
4,7172,"independent"
6,7173,"independent"
4,7174,"independent"
2,7175,"independent"
6,7176,"independent"
4,7177,"independent"
6,7178,"independent"
4,7179,"independent"
4,7180,"independent"
4,7181,"independent"
4,7182,"independent"
6,7183,"independent"
8,7184,"independent"
0,7185,"independent"
2,7186,"independent"
4,7187,"independent"
4,7188,"independent"
2,7189,"independent"
6,7190,"independent"
4,7191,"independent"
4,7192,"independent"
6,7193,"independent"
8,7194,"independent"
4,7195,"independent"
0,7196,"independent"
4,7197,"independent"
2,7198,"independent"
4,7199,"independent"
4,7200,"independent"
4,7201,"independent"
4,7202,"independent"
6,7203,"independent"
4,7204,"independent"
6,7205,"independent"
6,7206,"independent"
4,7207,"independent"
6,7208,"independent"
6,7209,"independent"
6,7210,"independent"
2,7211,"independent"
4,7212,"independent"
4,7213,"independent"
6,7214,"independent"
6,7215,"independent"
6,7216,"independent"
4,7217,"independent"
6,7218,"independent"
4,7219,"independent"
6,7220,"independent"
0,7221,"independent"
0,7222,"independent"
6,7223,"independent"
4,7224,"independent"
6,7225,"independent"
4,7226,"independent"
4,7227,"independent"
6,7228,"independent"
2,7229,"independent"
8,7230,"independent"
6,7231,"independent"
4,7232,"independent"
6,7233,"independent"
4,7234,"independent"
8,7235,"independent"
6,7236,"independent"
0,7237,"independent"
4,7238,"independent"
4,7239,"independent"
6,7240,"independent"
6,7241,"independent"
4,7242,"independent"
4,7243,"independent"
2,7244,"independent"
6,7245,"independent"
6,7246,"independent"
2,7247,"independent"
4,7248,"independent"
4,7249,"independent"
0,7250,"independent"
2,7251,"independent"
8,7252,"independent"
4,7253,"independent"
0,7254,"independent"
4,7255,"independent"
4,7256,"independent"
4,7257,"independent"
6,7258,"independent"
6,7259,"independent"
6,7260,"independent"
6,7261,"independent"
4,7262,"independent"
4,7263,"independent"
6,7264,"independent"
4,7265,"independent"
6,7266,"independent"
6,7267,"independent"
8,7268,"independent"
2,7269,"independent"
8,7270,"independent"
6,7271,"independent"
0,7272,"independent"
4,7273,"independent"
0,7274,"independent"
4,7275,"independent"
2,7276,"independent"
4,7277,"independent"
6,7278,"independent"
4,7279,"independent"
8,7280,"independent"
4,7281,"independent"
6,7282,"independent"
4,7283,"independent"
0,7284,"independent"
4,7285,"independent"
4,7286,"independent"
2,7287,"independent"
4,7288,"independent"
2,7289,"independent"
2,7290,"independent"
4,7291,"independent"
4,7292,"independent"
2,7293,"independent"
2,7294,"independent"
8,7295,"independent"
4,7296,"independent"
4,7297,"independent"
6,7298,"independent"
2,7299,"independent"
4,7300,"independent"
2,7301,"independent"
6,7302,"independent"
8,7303,"independent"
6,7304,"independent"
2,7305,"independent"
6,7306,"independent"
4,7307,"independent"
4,7308,"independent"
2,7309,"independent"
2,7310,"independent"
2,7311,"independent"
6,7312,"independent"
6,7313,"independent"
2,7314,"independent"
6,7315,"independent"
4,7316,"independent"
4,7317,"independent"
4,7318,"independent"
2,7319,"independent"
2,7320,"independent"
6,7321,"independent"
6,7322,"independent"
4,7323,"independent"
2,7324,"independent"
2,7325,"independent"
4,7326,"independent"
4,7327,"independent"
6,7328,"independent"
6,7329,"independent"
2,7330,"independent"
2,7331,"independent"
0,7332,"independent"
4,7333,"independent"
8,7334,"independent"
4,7335,"independent"
4,7336,"independent"
6,7337,"independent"
4,7338,"independent"
6,7339,"independent"
4,7340,"independent"
6,7341,"independent"
4,7342,"independent"
2,7343,"independent"
4,7344,"independent"
4,7345,"independent"
2,7346,"independent"
4,7347,"independent"
4,7348,"independent"
6,7349,"independent"
6,7350,"independent"
4,7351,"independent"
6,7352,"independent"
6,7353,"independent"
6,7354,"independent"
2,7355,"independent"
2,7356,"independent"
4,7357,"independent"
6,7358,"independent"
4,7359,"independent"
4,7360,"independent"
6,7361,"independent"
8,7362,"independent"
2,7363,"independent"
4,7364,"independent"
6,7365,"independent"
2,7366,"independent"
4,7367,"independent"
4,7368,"independent"
4,7369,"independent"
0,7370,"independent"
4,7371,"independent"
4,7372,"independent"
6,7373,"independent"
2,7374,"independent"
6,7375,"independent"
4,7376,"independent"
4,7377,"independent"
6,7378,"independent"
2,7379,"independent"
0,7380,"independent"
2,7381,"independent"
6,7382,"independent"
6,7383,"independent"
4,7384,"independent"
4,7385,"independent"
4,7386,"independent"
4,7387,"independent"
4,7388,"independent"
0,7389,"independent"
4,7390,"independent"
6,7391,"independent"
4,7392,"independent"
4,7393,"independent"
6,7394,"independent"
6,7395,"independent"
6,7396,"independent"
0,7397,"independent"
6,7398,"independent"
4,7399,"independent"
2,7400,"independent"
8,7401,"independent"
2,7402,"independent"
6,7403,"independent"
2,7404,"independent"
4,7405,"independent"
4,7406,"independent"
4,7407,"independent"
4,7408,"independent"
4,7409,"independent"
4,7410,"independent"
4,7411,"independent"
4,7412,"independent"
4,7413,"independent"
4,7414,"independent"
6,7415,"independent"
4,7416,"independent"
4,7417,"independent"
2,7418,"independent"
4,7419,"independent"
4,7420,"independent"
2,7421,"independent"
4,7422,"independent"
6,7423,"independent"
4,7424,"independent"
6,7425,"independent"
4,7426,"independent"
2,7427,"independent"
2,7428,"independent"
4,7429,"independent"
2,7430,"independent"
6,7431,"independent"
6,7432,"independent"
4,7433,"independent"
4,7434,"independent"
2,7435,"independent"
2,7436,"independent"
4,7437,"independent"
6,7438,"independent"
2,7439,"independent"
4,7440,"independent"
4,7441,"independent"
8,7442,"independent"
4,7443,"independent"
2,7444,"independent"
4,7445,"independent"
4,7446,"independent"
4,7447,"independent"
4,7448,"independent"
2,7449,"independent"
8,7450,"independent"
4,7451,"independent"
6,7452,"independent"
0,7453,"independent"
8,7454,"independent"
4,7455,"independent"
2,7456,"independent"
4,7457,"independent"
8,7458,"independent"
2,7459,"independent"
8,7460,"independent"
2,7461,"independent"
2,7462,"independent"
4,7463,"independent"
6,7464,"independent"
6,7465,"independent"
6,7466,"independent"
2,7467,"independent"
2,7468,"independent"
4,7469,"independent"
2,7470,"independent"
6,7471,"independent"
8,7472,"independent"
4,7473,"independent"
4,7474,"independent"
6,7475,"independent"
4,7476,"independent"
4,7477,"independent"
2,7478,"independent"
2,7479,"independent"
2,7480,"independent"
4,7481,"independent"
6,7482,"independent"
4,7483,"independent"
6,7484,"independent"
4,7485,"independent"
2,7486,"independent"
2,7487,"independent"
2,7488,"independent"
4,7489,"independent"
2,7490,"independent"
4,7491,"independent"
4,7492,"independent"
6,7493,"independent"
4,7494,"independent"
4,7495,"independent"
2,7496,"independent"
4,7497,"independent"
2,7498,"independent"
2,7499,"independent"
4,7500,"independent"
4,7501,"independent"
4,7502,"independent"
2,7503,"independent"
2,7504,"independent"
4,7505,"independent"
6,7506,"independent"
6,7507,"independent"
2,7508,"independent"
2,7509,"independent"
2,7510,"independent"
2,7511,"independent"
4,7512,"independent"
2,7513,"independent"
4,7514,"independent"
4,7515,"independent"
6,7516,"independent"
6,7517,"independent"
2,7518,"independent"
6,7519,"independent"
8,7520,"independent"
2,7521,"independent"
2,7522,"independent"
2,7523,"independent"
4,7524,"independent"
2,7525,"independent"
4,7526,"independent"
2,7527,"independent"
2,7528,"independent"
6,7529,"independent"
2,7530,"independent"
6,7531,"independent"
6,7532,"independent"
6,7533,"independent"
4,7534,"independent"
4,7535,"independent"
2,7536,"independent"
4,7537,"independent"
6,7538,"independent"
4,7539,"independent"
4,7540,"independent"
2,7541,"independent"
2,7542,"independent"
6,7543,"independent"
4,7544,"independent"
4,7545,"independent"
6,7546,"independent"
2,7547,"independent"
4,7548,"independent"
4,7549,"independent"
6,7550,"independent"
4,7551,"independent"
4,7552,"independent"
4,7553,"independent"
6,7554,"independent"
2,7555,"independent"
6,7556,"independent"
4,7557,"independent"
2,7558,"independent"
4,7559,"independent"
4,7560,"independent"
0,7561,"independent"
2,7562,"independent"
2,7563,"independent"
6,7564,"independent"
6,7565,"independent"
8,7566,"independent"
2,7567,"independent"
6,7568,"independent"
2,7569,"independent"
4,7570,"independent"
4,7571,"independent"
2,7572,"independent"
4,7573,"independent"
0,7574,"independent"
0,7575,"independent"
2,7576,"independent"
2,7577,"independent"
2,7578,"independent"
4,7579,"independent"
2,7580,"independent"
4,7581,"independent"
4,7582,"independent"
4,7583,"independent"
6,7584,"independent"
4,7585,"independent"
6,7586,"independent"
4,7587,"independent"
4,7588,"independent"
6,7589,"independent"
8,7590,"independent"
4,7591,"independent"
2,7592,"independent"
2,7593,"independent"
0,7594,"independent"
2,7595,"independent"
2,7596,"independent"
2,7597,"independent"
6,7598,"independent"
8,7599,"independent"
6,7600,"independent"
0,7601,"independent"
6,7602,"independent"
4,7603,"independent"
4,7604,"independent"
4,7605,"independent"
2,7606,"independent"
4,7607,"independent"
4,7608,"independent"
2,7609,"independent"
2,7610,"independent"
2,7611,"independent"
6,7612,"independent"
2,7613,"independent"
4,7614,"independent"
4,7615,"independent"
4,7616,"independent"
4,7617,"independent"
2,7618,"independent"
4,7619,"independent"
4,7620,"independent"
4,7621,"independent"
4,7622,"independent"
2,7623,"independent"
6,7624,"independent"
2,7625,"independent"
4,7626,"independent"
2,7627,"independent"
4,7628,"independent"
4,7629,"independent"
4,7630,"independent"
6,7631,"independent"
4,7632,"independent"
4,7633,"independent"
6,7634,"independent"
0,7635,"independent"
4,7636,"independent"
4,7637,"independent"
2,7638,"independent"
6,7639,"independent"
4,7640,"independent"
4,7641,"independent"
4,7642,"independent"
4,7643,"independent"
2,7644,"independent"
4,7645,"independent"
2,7646,"independent"
4,7647,"independent"
4,7648,"independent"
6,7649,"independent"
2,7650,"independent"
4,7651,"independent"
2,7652,"independent"
4,7653,"independent"
4,7654,"independent"
8,7655,"independent"
6,7656,"independent"
4,7657,"independent"
4,7658,"independent"
2,7659,"independent"
4,7660,"independent"
4,7661,"independent"
0,7662,"independent"
0,7663,"independent"
6,7664,"independent"
4,7665,"independent"
4,7666,"independent"
2,7667,"independent"
4,7668,"independent"
2,7669,"independent"
4,7670,"independent"
2,7671,"independent"
4,7672,"independent"
0,7673,"independent"
2,7674,"independent"
2,7675,"independent"
2,7676,"independent"
0,7677,"independent"
4,7678,"independent"
8,7679,"independent"
4,7680,"independent"
6,7681,"independent"
4,7682,"independent"
2,7683,"independent"
4,7684,"independent"
0,7685,"independent"
4,7686,"independent"
6,7687,"independent"
8,7688,"independent"
6,7689,"independent"
4,7690,"independent"
4,7691,"independent"
2,7692,"independent"
6,7693,"independent"
6,7694,"independent"
4,7695,"independent"
4,7696,"independent"
4,7697,"independent"
2,7698,"independent"
6,7699,"independent"
6,7700,"independent"
6,7701,"independent"
4,7702,"independent"
6,7703,"independent"
4,7704,"independent"
2,7705,"independent"
2,7706,"independent"
2,7707,"independent"
6,7708,"independent"
4,7709,"independent"
4,7710,"independent"
4,7711,"independent"
6,7712,"independent"
6,7713,"independent"
6,7714,"independent"
4,7715,"independent"
4,7716,"independent"
2,7717,"independent"
2,7718,"independent"
2,7719,"independent"
4,7720,"independent"
6,7721,"independent"
6,7722,"independent"
6,7723,"independent"
2,7724,"independent"
4,7725,"independent"
4,7726,"independent"
2,7727,"independent"
4,7728,"independent"
2,7729,"independent"
4,7730,"independent"
6,7731,"independent"
0,7732,"independent"
2,7733,"independent"
4,7734,"independent"
2,7735,"independent"
4,7736,"independent"
6,7737,"independent"
4,7738,"independent"
4,7739,"independent"
4,7740,"independent"
4,7741,"independent"
6,7742,"independent"
2,7743,"independent"
6,7744,"independent"
0,7745,"independent"
4,7746,"independent"
4,7747,"independent"
4,7748,"independent"
4,7749,"independent"
6,7750,"independent"
4,7751,"independent"
6,7752,"independent"
2,7753,"independent"
6,7754,"independent"
2,7755,"independent"
2,7756,"independent"
4,7757,"independent"
4,7758,"independent"
4,7759,"independent"
4,7760,"independent"
6,7761,"independent"
4,7762,"independent"
4,7763,"independent"
2,7764,"independent"
6,7765,"independent"
6,7766,"independent"
4,7767,"independent"
2,7768,"independent"
2,7769,"independent"
0,7770,"independent"
0,7771,"independent"
4,7772,"independent"
4,7773,"independent"
2,7774,"independent"
4,7775,"independent"
6,7776,"independent"
2,7777,"independent"
2,7778,"independent"
2,7779,"independent"
4,7780,"independent"
4,7781,"independent"
2,7782,"independent"
4,7783,"independent"
2,7784,"independent"
4,7785,"independent"
4,7786,"independent"
6,7787,"independent"
2,7788,"independent"
4,7789,"independent"
2,7790,"independent"
0,7791,"independent"
4,7792,"independent"
6,7793,"independent"
2,7794,"independent"
4,7795,"independent"
6,7796,"independent"
2,7797,"independent"
6,7798,"independent"
4,7799,"independent"
6,7800,"independent"
4,7801,"independent"
4,7802,"independent"
4,7803,"independent"
2,7804,"independent"
2,7805,"independent"
2,7806,"independent"
6,7807,"independent"
4,7808,"independent"
2,7809,"independent"
2,7810,"independent"
4,7811,"independent"
2,7812,"independent"
6,7813,"independent"
4,7814,"independent"
4,7815,"independent"
2,7816,"independent"
4,7817,"independent"
2,7818,"independent"
6,7819,"independent"
4,7820,"independent"
4,7821,"independent"
2,7822,"independent"
2,7823,"independent"
4,7824,"independent"
4,7825,"independent"
2,7826,"independent"
4,7827,"independent"
2,7828,"independent"
4,7829,"independent"
4,7830,"independent"
4,7831,"independent"
2,7832,"independent"
4,7833,"independent"
4,7834,"independent"
4,7835,"independent"
4,7836,"independent"
2,7837,"independent"
4,7838,"independent"
6,7839,"independent"
4,7840,"independent"
6,7841,"independent"
4,7842,"independent"
0,7843,"independent"
2,7844,"independent"
2,7845,"independent"
4,7846,"independent"
2,7847,"independent"
4,7848,"independent"
4,7849,"independent"
6,7850,"independent"
4,7851,"independent"
4,7852,"independent"
6,7853,"independent"
6,7854,"independent"
2,7855,"independent"
6,7856,"independent"
2,7857,"independent"
4,7858,"independent"
2,7859,"independent"
4,7860,"independent"
6,7861,"independent"
4,7862,"independent"
6,7863,"independent"
4,7864,"independent"
6,7865,"independent"
4,7866,"independent"
6,7867,"independent"
2,7868,"independent"
0,7869,"independent"
4,7870,"independent"
2,7871,"independent"
6,7872,"independent"
4,7873,"independent"
2,7874,"independent"
2,7875,"independent"
6,7876,"independent"
4,7877,"independent"
4,7878,"independent"
2,7879,"independent"
2,7880,"independent"
0,7881,"independent"
4,7882,"independent"
6,7883,"independent"
4,7884,"independent"
6,7885,"independent"
6,7886,"independent"
4,7887,"independent"
4,7888,"independent"
2,7889,"independent"
6,7890,"independent"
2,7891,"independent"
6,7892,"independent"
0,7893,"independent"
4,7894,"independent"
6,7895,"independent"
4,7896,"independent"
4,7897,"independent"
4,7898,"independent"
4,7899,"independent"
2,7900,"independent"
4,7901,"independent"
6,7902,"independent"
6,7903,"independent"
2,7904,"independent"
2,7905,"independent"
0,7906,"independent"
6,7907,"independent"
4,7908,"independent"
4,7909,"independent"
4,7910,"independent"
2,7911,"independent"
6,7912,"independent"
6,7913,"independent"
4,7914,"independent"
6,7915,"independent"
4,7916,"independent"
6,7917,"independent"
4,7918,"independent"
4,7919,"independent"
6,7920,"independent"
4,7921,"independent"
4,7922,"independent"
4,7923,"independent"
8,7924,"independent"
4,7925,"independent"
2,7926,"independent"
2,7927,"independent"
2,7928,"independent"
2,7929,"independent"
4,7930,"independent"
4,7931,"independent"
4,7932,"independent"
6,7933,"independent"
2,7934,"independent"
2,7935,"independent"
4,7936,"independent"
6,7937,"independent"
6,7938,"independent"
6,7939,"independent"
4,7940,"independent"
6,7941,"independent"
4,7942,"independent"
2,7943,"independent"
8,7944,"independent"
4,7945,"independent"
2,7946,"independent"
0,7947,"independent"
4,7948,"independent"
8,7949,"independent"
2,7950,"independent"
4,7951,"independent"
8,7952,"independent"
4,7953,"independent"
6,7954,"independent"
6,7955,"independent"
6,7956,"independent"
4,7957,"independent"
6,7958,"independent"
4,7959,"independent"
4,7960,"independent"
6,7961,"independent"
4,7962,"independent"
4,7963,"independent"
8,7964,"independent"
8,7965,"independent"
4,7966,"independent"
6,7967,"independent"
4,7968,"independent"
6,7969,"independent"
6,7970,"independent"
4,7971,"independent"
2,7972,"independent"
6,7973,"independent"
4,7974,"independent"
6,7975,"independent"
6,7976,"independent"
4,7977,"independent"
6,7978,"independent"
4,7979,"independent"
2,7980,"independent"
4,7981,"independent"
4,7982,"independent"
4,7983,"independent"
6,7984,"independent"
4,7985,"independent"
4,7986,"independent"
4,7987,"independent"
2,7988,"independent"
4,7989,"independent"
0,7990,"independent"
6,7991,"independent"
4,7992,"independent"
4,7993,"independent"
4,7994,"independent"
2,7995,"independent"
0,7996,"independent"
2,7997,"independent"
4,7998,"independent"
4,7999,"independent"
2,8000,"independent"
2,8001,"independent"
2,8002,"independent"
2,8003,"independent"
6,8004,"independent"
4,8005,"independent"
4,8006,"independent"
2,8007,"independent"
4,8008,"independent"
0,8009,"independent"
2,8010,"independent"
0,8011,"independent"
0,8012,"independent"
4,8013,"independent"
4,8014,"independent"
6,8015,"independent"
4,8016,"independent"
4,8017,"independent"
4,8018,"independent"
4,8019,"independent"
6,8020,"independent"
4,8021,"independent"
4,8022,"independent"
6,8023,"independent"
4,8024,"independent"
4,8025,"independent"
4,8026,"independent"
4,8027,"independent"
0,8028,"independent"
4,8029,"independent"
6,8030,"independent"
4,8031,"independent"
2,8032,"independent"
4,8033,"independent"
2,8034,"independent"
0,8035,"independent"
2,8036,"independent"
4,8037,"independent"
6,8038,"independent"
4,8039,"independent"
4,8040,"independent"
4,8041,"independent"
2,8042,"independent"
2,8043,"independent"
2,8044,"independent"
4,8045,"independent"
6,8046,"independent"
4,8047,"independent"
4,8048,"independent"
8,8049,"independent"
4,8050,"independent"
6,8051,"independent"
6,8052,"independent"
6,8053,"independent"
4,8054,"independent"
6,8055,"independent"
6,8056,"independent"
2,8057,"independent"
2,8058,"independent"
6,8059,"independent"
4,8060,"independent"
2,8061,"independent"
4,8062,"independent"
6,8063,"independent"
2,8064,"independent"
4,8065,"independent"
4,8066,"independent"
6,8067,"independent"
6,8068,"independent"
4,8069,"independent"
4,8070,"independent"
2,8071,"independent"
4,8072,"independent"
2,8073,"independent"
6,8074,"independent"
4,8075,"independent"
4,8076,"independent"
4,8077,"independent"
2,8078,"independent"
2,8079,"independent"
6,8080,"independent"
6,8081,"independent"
4,8082,"independent"
6,8083,"independent"
4,8084,"independent"
4,8085,"independent"
4,8086,"independent"
4,8087,"independent"
0,8088,"independent"
6,8089,"independent"
4,8090,"independent"
4,8091,"independent"
4,8092,"independent"
4,8093,"independent"
2,8094,"independent"
4,8095,"independent"
2,8096,"independent"
6,8097,"independent"
4,8098,"independent"
6,8099,"independent"
4,8100,"independent"
0,8101,"independent"
6,8102,"independent"
8,8103,"independent"
6,8104,"independent"
2,8105,"independent"
4,8106,"independent"
4,8107,"independent"
4,8108,"independent"
4,8109,"independent"
4,8110,"independent"
4,8111,"independent"
4,8112,"independent"
8,8113,"independent"
2,8114,"independent"
2,8115,"independent"
4,8116,"independent"
4,8117,"independent"
8,8118,"independent"
6,8119,"independent"
6,8120,"independent"
4,8121,"independent"
2,8122,"independent"
8,8123,"independent"
2,8124,"independent"
4,8125,"independent"
6,8126,"independent"
0,8127,"independent"
0,8128,"independent"
2,8129,"independent"
4,8130,"independent"
6,8131,"independent"
4,8132,"independent"
4,8133,"independent"
4,8134,"independent"
6,8135,"independent"
8,8136,"independent"
6,8137,"independent"
4,8138,"independent"
2,8139,"independent"
2,8140,"independent"
6,8141,"independent"
4,8142,"independent"
4,8143,"independent"
2,8144,"independent"
4,8145,"independent"
4,8146,"independent"
4,8147,"independent"
2,8148,"independent"
6,8149,"independent"
6,8150,"independent"
6,8151,"independent"
2,8152,"independent"
4,8153,"independent"
6,8154,"independent"
4,8155,"independent"
4,8156,"independent"
4,8157,"independent"
2,8158,"independent"
6,8159,"independent"
4,8160,"independent"
2,8161,"independent"
2,8162,"independent"
4,8163,"independent"
2,8164,"independent"
6,8165,"independent"
2,8166,"independent"
4,8167,"independent"
6,8168,"independent"
2,8169,"independent"
4,8170,"independent"
6,8171,"independent"
6,8172,"independent"
4,8173,"independent"
4,8174,"independent"
2,8175,"independent"
4,8176,"independent"
2,8177,"independent"
2,8178,"independent"
6,8179,"independent"
6,8180,"independent"
4,8181,"independent"
6,8182,"independent"
6,8183,"independent"
6,8184,"independent"
4,8185,"independent"
2,8186,"independent"
4,8187,"independent"
6,8188,"independent"
8,8189,"independent"
6,8190,"independent"
4,8191,"independent"
6,8192,"independent"
4,8193,"independent"
2,8194,"independent"
2,8195,"independent"
2,8196,"independent"
4,8197,"independent"
6,8198,"independent"
6,8199,"independent"
2,8200,"independent"
6,8201,"independent"
6,8202,"independent"
6,8203,"independent"
6,8204,"independent"
4,8205,"independent"
4,8206,"independent"
4,8207,"independent"
2,8208,"independent"
2,8209,"independent"
4,8210,"independent"
6,8211,"independent"
0,8212,"independent"
4,8213,"independent"
4,8214,"independent"
4,8215,"independent"
6,8216,"independent"
2,8217,"independent"
8,8218,"independent"
4,8219,"independent"
6,8220,"independent"
4,8221,"independent"
6,8222,"independent"
4,8223,"independent"
4,8224,"independent"
2,8225,"independent"
4,8226,"independent"
2,8227,"independent"
4,8228,"independent"
4,8229,"independent"
4,8230,"independent"
2,8231,"independent"
2,8232,"independent"
6,8233,"independent"
2,8234,"independent"
2,8235,"independent"
4,8236,"independent"
4,8237,"independent"
2,8238,"independent"
0,8239,"independent"
0,8240,"independent"
2,8241,"independent"
4,8242,"independent"
2,8243,"independent"
4,8244,"independent"
2,8245,"independent"
6,8246,"independent"
6,8247,"independent"
4,8248,"independent"
4,8249,"independent"
0,8250,"independent"
2,8251,"independent"
6,8252,"independent"
2,8253,"independent"
4,8254,"independent"
6,8255,"independent"
6,8256,"independent"
6,8257,"independent"
2,8258,"independent"
4,8259,"independent"
4,8260,"independent"
0,8261,"independent"
4,8262,"independent"
4,8263,"independent"
4,8264,"independent"
4,8265,"independent"
4,8266,"independent"
6,8267,"independent"
6,8268,"independent"
4,8269,"independent"
4,8270,"independent"
6,8271,"independent"
2,8272,"independent"
2,8273,"independent"
4,8274,"independent"
6,8275,"independent"
2,8276,"independent"
4,8277,"independent"
4,8278,"independent"
4,8279,"independent"
4,8280,"independent"
4,8281,"independent"
4,8282,"independent"
6,8283,"independent"
2,8284,"independent"
4,8285,"independent"
4,8286,"independent"
4,8287,"independent"
4,8288,"independent"
6,8289,"independent"
2,8290,"independent"
4,8291,"independent"
4,8292,"independent"
4,8293,"independent"
4,8294,"independent"
6,8295,"independent"
4,8296,"independent"
0,8297,"independent"
2,8298,"independent"
4,8299,"independent"
6,8300,"independent"
2,8301,"independent"
8,8302,"independent"
4,8303,"independent"
4,8304,"independent"
4,8305,"independent"
4,8306,"independent"
4,8307,"independent"
4,8308,"independent"
2,8309,"independent"
4,8310,"independent"
4,8311,"independent"
4,8312,"independent"
2,8313,"independent"
4,8314,"independent"
4,8315,"independent"
4,8316,"independent"
6,8317,"independent"
6,8318,"independent"
4,8319,"independent"
6,8320,"independent"
2,8321,"independent"
4,8322,"independent"
2,8323,"independent"
2,8324,"independent"
2,8325,"independent"
4,8326,"independent"
4,8327,"independent"
2,8328,"independent"
4,8329,"independent"
4,8330,"independent"
6,8331,"independent"
4,8332,"independent"
2,8333,"independent"
2,8334,"independent"
4,8335,"independent"
4,8336,"independent"
2,8337,"independent"
0,8338,"independent"
6,8339,"independent"
4,8340,"independent"
8,8341,"independent"
4,8342,"independent"
2,8343,"independent"
4,8344,"independent"
2,8345,"independent"
2,8346,"independent"
2,8347,"independent"
4,8348,"independent"
2,8349,"independent"
2,8350,"independent"
2,8351,"independent"
2,8352,"independent"
4,8353,"independent"
4,8354,"independent"
6,8355,"independent"
4,8356,"independent"
0,8357,"independent"
4,8358,"independent"
2,8359,"independent"
4,8360,"independent"
2,8361,"independent"
8,8362,"independent"
0,8363,"independent"
4,8364,"independent"
4,8365,"independent"
4,8366,"independent"
6,8367,"independent"
6,8368,"independent"
6,8369,"independent"
2,8370,"independent"
2,8371,"independent"
4,8372,"independent"
6,8373,"independent"
6,8374,"independent"
6,8375,"independent"
6,8376,"independent"
8,8377,"independent"
0,8378,"independent"
2,8379,"independent"
6,8380,"independent"
4,8381,"independent"
2,8382,"independent"
4,8383,"independent"
2,8384,"independent"
4,8385,"independent"
6,8386,"independent"
2,8387,"independent"
4,8388,"independent"
4,8389,"independent"
2,8390,"independent"
6,8391,"independent"
2,8392,"independent"
4,8393,"independent"
4,8394,"independent"
2,8395,"independent"
4,8396,"independent"
6,8397,"independent"
6,8398,"independent"
4,8399,"independent"
0,8400,"independent"
4,8401,"independent"
2,8402,"independent"
4,8403,"independent"
4,8404,"independent"
4,8405,"independent"
6,8406,"independent"
4,8407,"independent"
4,8408,"independent"
8,8409,"independent"
6,8410,"independent"
2,8411,"independent"
4,8412,"independent"
4,8413,"independent"
6,8414,"independent"
4,8415,"independent"
2,8416,"independent"
0,8417,"independent"
0,8418,"independent"
4,8419,"independent"
4,8420,"independent"
6,8421,"independent"
4,8422,"independent"
4,8423,"independent"
6,8424,"independent"
6,8425,"independent"
4,8426,"independent"
6,8427,"independent"
4,8428,"independent"
4,8429,"independent"
6,8430,"independent"
4,8431,"independent"
2,8432,"independent"
4,8433,"independent"
6,8434,"independent"
2,8435,"independent"
2,8436,"independent"
0,8437,"independent"
4,8438,"independent"
4,8439,"independent"
6,8440,"independent"
2,8441,"independent"
2,8442,"independent"
2,8443,"independent"
6,8444,"independent"
2,8445,"independent"
4,8446,"independent"
2,8447,"independent"
2,8448,"independent"
6,8449,"independent"
2,8450,"independent"
2,8451,"independent"
6,8452,"independent"
4,8453,"independent"
6,8454,"independent"
2,8455,"independent"
8,8456,"independent"
6,8457,"independent"
2,8458,"independent"
4,8459,"independent"
4,8460,"independent"
6,8461,"independent"
6,8462,"independent"
4,8463,"independent"
8,8464,"independent"
4,8465,"independent"
6,8466,"independent"
4,8467,"independent"
6,8468,"independent"
4,8469,"independent"
2,8470,"independent"
8,8471,"independent"
2,8472,"independent"
6,8473,"independent"
6,8474,"independent"
4,8475,"independent"
4,8476,"independent"
4,8477,"independent"
6,8478,"independent"
2,8479,"independent"
6,8480,"independent"
2,8481,"independent"
4,8482,"independent"
6,8483,"independent"
4,8484,"independent"
6,8485,"independent"
6,8486,"independent"
4,8487,"independent"
6,8488,"independent"
4,8489,"independent"
2,8490,"independent"
4,8491,"independent"
4,8492,"independent"
6,8493,"independent"
6,8494,"independent"
4,8495,"independent"
4,8496,"independent"
2,8497,"independent"
4,8498,"independent"
6,8499,"independent"
6,8500,"independent"
4,8501,"independent"
8,8502,"independent"
4,8503,"independent"
4,8504,"independent"
2,8505,"independent"
6,8506,"independent"
2,8507,"independent"
4,8508,"independent"
4,8509,"independent"
4,8510,"independent"
2,8511,"independent"
8,8512,"independent"
4,8513,"independent"
2,8514,"independent"
4,8515,"independent"
4,8516,"independent"
2,8517,"independent"
4,8518,"independent"
4,8519,"independent"
6,8520,"independent"
4,8521,"independent"
2,8522,"independent"
6,8523,"independent"
6,8524,"independent"
6,8525,"independent"
2,8526,"independent"
4,8527,"independent"
6,8528,"independent"
4,8529,"independent"
2,8530,"independent"
4,8531,"independent"
6,8532,"independent"
4,8533,"independent"
2,8534,"independent"
6,8535,"independent"
2,8536,"independent"
2,8537,"independent"
2,8538,"independent"
4,8539,"independent"
2,8540,"independent"
4,8541,"independent"
4,8542,"independent"
4,8543,"independent"
4,8544,"independent"
6,8545,"independent"
4,8546,"independent"
2,8547,"independent"
4,8548,"independent"
4,8549,"independent"
2,8550,"independent"
8,8551,"independent"
2,8552,"independent"
2,8553,"independent"
4,8554,"independent"
6,8555,"independent"
4,8556,"independent"
2,8557,"independent"
0,8558,"independent"
2,8559,"independent"
2,8560,"independent"
2,8561,"independent"
0,8562,"independent"
2,8563,"independent"
6,8564,"independent"
4,8565,"independent"
6,8566,"independent"
6,8567,"independent"
0,8568,"independent"
6,8569,"independent"
4,8570,"independent"
4,8571,"independent"
6,8572,"independent"
6,8573,"independent"
8,8574,"independent"
2,8575,"independent"
4,8576,"independent"
6,8577,"independent"
4,8578,"independent"
2,8579,"independent"
4,8580,"independent"
4,8581,"independent"
2,8582,"independent"
6,8583,"independent"
2,8584,"independent"
4,8585,"independent"
4,8586,"independent"
2,8587,"independent"
4,8588,"independent"
2,8589,"independent"
4,8590,"independent"
6,8591,"independent"
6,8592,"independent"
4,8593,"independent"
2,8594,"independent"
4,8595,"independent"
4,8596,"independent"
2,8597,"independent"
4,8598,"independent"
4,8599,"independent"
2,8600,"independent"
2,8601,"independent"
2,8602,"independent"
6,8603,"independent"
4,8604,"independent"
4,8605,"independent"
2,8606,"independent"
4,8607,"independent"
4,8608,"independent"
6,8609,"independent"
4,8610,"independent"
4,8611,"independent"
6,8612,"independent"
4,8613,"independent"
2,8614,"independent"
2,8615,"independent"
6,8616,"independent"
6,8617,"independent"
4,8618,"independent"
4,8619,"independent"
4,8620,"independent"
4,8621,"independent"
4,8622,"independent"
4,8623,"independent"
4,8624,"independent"
6,8625,"independent"
4,8626,"independent"
2,8627,"independent"
0,8628,"independent"
4,8629,"independent"
4,8630,"independent"
8,8631,"independent"
4,8632,"independent"
4,8633,"independent"
2,8634,"independent"
4,8635,"independent"
2,8636,"independent"
4,8637,"independent"
6,8638,"independent"
2,8639,"independent"
2,8640,"independent"
4,8641,"independent"
4,8642,"independent"
6,8643,"independent"
4,8644,"independent"
2,8645,"independent"
2,8646,"independent"
4,8647,"independent"
6,8648,"independent"
2,8649,"independent"
6,8650,"independent"
4,8651,"independent"
2,8652,"independent"
4,8653,"independent"
4,8654,"independent"
4,8655,"independent"
4,8656,"independent"
6,8657,"independent"
8,8658,"independent"
4,8659,"independent"
4,8660,"independent"
6,8661,"independent"
4,8662,"independent"
6,8663,"independent"
4,8664,"independent"
4,8665,"independent"
2,8666,"independent"
0,8667,"independent"
2,8668,"independent"
0,8669,"independent"
4,8670,"independent"
4,8671,"independent"
0,8672,"independent"
0,8673,"independent"
4,8674,"independent"
4,8675,"independent"
4,8676,"independent"
2,8677,"independent"
2,8678,"independent"
8,8679,"independent"
4,8680,"independent"
4,8681,"independent"
4,8682,"independent"
4,8683,"independent"
2,8684,"independent"
6,8685,"independent"
6,8686,"independent"
4,8687,"independent"
2,8688,"independent"
4,8689,"independent"
4,8690,"independent"
6,8691,"independent"
2,8692,"independent"
4,8693,"independent"
2,8694,"independent"
4,8695,"independent"
6,8696,"independent"
2,8697,"independent"
4,8698,"independent"
6,8699,"independent"
4,8700,"independent"
10,8701,"independent"
6,8702,"independent"
2,8703,"independent"
2,8704,"independent"
4,8705,"independent"
6,8706,"independent"
4,8707,"independent"
2,8708,"independent"
2,8709,"independent"
0,8710,"independent"
4,8711,"independent"
2,8712,"independent"
2,8713,"independent"
4,8714,"independent"
2,8715,"independent"
4,8716,"independent"
4,8717,"independent"
6,8718,"independent"
2,8719,"independent"
6,8720,"independent"
6,8721,"independent"
4,8722,"independent"
4,8723,"independent"
6,8724,"independent"
8,8725,"independent"
4,8726,"independent"
2,8727,"independent"
6,8728,"independent"
4,8729,"independent"
4,8730,"independent"
6,8731,"independent"
4,8732,"independent"
4,8733,"independent"
2,8734,"independent"
6,8735,"independent"
2,8736,"independent"
2,8737,"independent"
2,8738,"independent"
4,8739,"independent"
6,8740,"independent"
4,8741,"independent"
6,8742,"independent"
8,8743,"independent"
2,8744,"independent"
4,8745,"independent"
6,8746,"independent"
4,8747,"independent"
2,8748,"independent"
6,8749,"independent"
8,8750,"independent"
4,8751,"independent"
4,8752,"independent"
4,8753,"independent"
4,8754,"independent"
4,8755,"independent"
2,8756,"independent"
2,8757,"independent"
2,8758,"independent"
6,8759,"independent"
6,8760,"independent"
2,8761,"independent"
6,8762,"independent"
2,8763,"independent"
4,8764,"independent"
6,8765,"independent"
4,8766,"independent"
4,8767,"independent"
4,8768,"independent"
6,8769,"independent"
4,8770,"independent"
2,8771,"independent"
4,8772,"independent"
8,8773,"independent"
4,8774,"independent"
4,8775,"independent"
2,8776,"independent"
4,8777,"independent"
4,8778,"independent"
2,8779,"independent"
4,8780,"independent"
6,8781,"independent"
2,8782,"independent"
2,8783,"independent"
8,8784,"independent"
4,8785,"independent"
4,8786,"independent"
2,8787,"independent"
4,8788,"independent"
2,8789,"independent"
6,8790,"independent"
4,8791,"independent"
4,8792,"independent"
4,8793,"independent"
4,8794,"independent"
6,8795,"independent"
8,8796,"independent"
4,8797,"independent"
4,8798,"independent"
4,8799,"independent"
2,8800,"independent"
4,8801,"independent"
4,8802,"independent"
2,8803,"independent"
2,8804,"independent"
6,8805,"independent"
4,8806,"independent"
2,8807,"independent"
0,8808,"independent"
4,8809,"independent"
4,8810,"independent"
4,8811,"independent"
4,8812,"independent"
4,8813,"independent"
8,8814,"independent"
4,8815,"independent"
6,8816,"independent"
4,8817,"independent"
2,8818,"independent"
4,8819,"independent"
4,8820,"independent"
4,8821,"independent"
0,8822,"independent"
4,8823,"independent"
6,8824,"independent"
6,8825,"independent"
2,8826,"independent"
4,8827,"independent"
8,8828,"independent"
2,8829,"independent"
2,8830,"independent"
4,8831,"independent"
6,8832,"independent"
2,8833,"independent"
4,8834,"independent"
6,8835,"independent"
4,8836,"independent"
4,8837,"independent"
4,8838,"independent"
6,8839,"independent"
4,8840,"independent"
6,8841,"independent"
4,8842,"independent"
2,8843,"independent"
2,8844,"independent"
4,8845,"independent"
4,8846,"independent"
6,8847,"independent"
2,8848,"independent"
2,8849,"independent"
4,8850,"independent"
2,8851,"independent"
2,8852,"independent"
6,8853,"independent"
0,8854,"independent"
4,8855,"independent"
4,8856,"independent"
6,8857,"independent"
2,8858,"independent"
2,8859,"independent"
4,8860,"independent"
4,8861,"independent"
4,8862,"independent"
2,8863,"independent"
6,8864,"independent"
2,8865,"independent"
6,8866,"independent"
4,8867,"independent"
6,8868,"independent"
2,8869,"independent"
6,8870,"independent"
2,8871,"independent"
4,8872,"independent"
4,8873,"independent"
6,8874,"independent"
4,8875,"independent"
8,8876,"independent"
2,8877,"independent"
4,8878,"independent"
6,8879,"independent"
6,8880,"independent"
4,8881,"independent"
4,8882,"independent"
6,8883,"independent"
4,8884,"independent"
8,8885,"independent"
4,8886,"independent"
4,8887,"independent"
0,8888,"independent"
6,8889,"independent"
2,8890,"independent"
4,8891,"independent"
4,8892,"independent"
6,8893,"independent"
0,8894,"independent"
2,8895,"independent"
2,8896,"independent"
4,8897,"independent"
4,8898,"independent"
2,8899,"independent"
4,8900,"independent"
4,8901,"independent"
6,8902,"independent"
4,8903,"independent"
6,8904,"independent"
6,8905,"independent"
4,8906,"independent"
4,8907,"independent"
2,8908,"independent"
4,8909,"independent"
2,8910,"independent"
2,8911,"independent"
6,8912,"independent"
2,8913,"independent"
4,8914,"independent"
4,8915,"independent"
6,8916,"independent"
6,8917,"independent"
2,8918,"independent"
2,8919,"independent"
2,8920,"independent"
6,8921,"independent"
4,8922,"independent"
2,8923,"independent"
6,8924,"independent"
4,8925,"independent"
6,8926,"independent"
6,8927,"independent"
4,8928,"independent"
2,8929,"independent"
4,8930,"independent"
6,8931,"independent"
4,8932,"independent"
2,8933,"independent"
4,8934,"independent"
2,8935,"independent"
2,8936,"independent"
4,8937,"independent"
2,8938,"independent"
6,8939,"independent"
4,8940,"independent"
6,8941,"independent"
2,8942,"independent"
4,8943,"independent"
4,8944,"independent"
2,8945,"independent"
6,8946,"independent"
4,8947,"independent"
2,8948,"independent"
2,8949,"independent"
2,8950,"independent"
4,8951,"independent"
0,8952,"independent"
4,8953,"independent"
8,8954,"independent"
4,8955,"independent"
4,8956,"independent"
2,8957,"independent"
2,8958,"independent"
6,8959,"independent"
4,8960,"independent"
6,8961,"independent"
4,8962,"independent"
4,8963,"independent"
2,8964,"independent"
6,8965,"independent"
6,8966,"independent"
4,8967,"independent"
4,8968,"independent"
4,8969,"independent"
2,8970,"independent"
2,8971,"independent"
4,8972,"independent"
0,8973,"independent"
4,8974,"independent"
4,8975,"independent"
8,8976,"independent"
2,8977,"independent"
2,8978,"independent"
4,8979,"independent"
6,8980,"independent"
6,8981,"independent"
4,8982,"independent"
4,8983,"independent"
4,8984,"independent"
2,8985,"independent"
4,8986,"independent"
4,8987,"independent"
4,8988,"independent"
4,8989,"independent"
4,8990,"independent"
4,8991,"independent"
4,8992,"independent"
2,8993,"independent"
4,8994,"independent"
2,8995,"independent"
4,8996,"independent"
6,8997,"independent"
4,8998,"independent"
4,8999,"independent"
4,9000,"independent"
2,9001,"independent"
