"RF","tree_id","dataset"
14,1,"independent"
14,2,"independent"
16,3,"independent"
16,4,"independent"
10,5,"independent"
16,6,"independent"
14,7,"independent"
8,8,"independent"
6,9,"independent"
16,10,"independent"
16,11,"independent"
14,12,"independent"
16,13,"independent"
16,14,"independent"
14,15,"independent"
16,16,"independent"
14,17,"independent"
16,18,"independent"
14,19,"independent"
10,20,"independent"
10,21,"independent"
16,22,"independent"
14,23,"independent"
12,24,"independent"
12,25,"independent"
14,26,"independent"
12,27,"independent"
8,28,"independent"
10,29,"independent"
12,30,"independent"
12,31,"independent"
14,32,"independent"
14,33,"independent"
12,34,"independent"
16,35,"independent"
18,36,"independent"
12,37,"independent"
16,38,"independent"
12,39,"independent"
10,40,"independent"
16,41,"independent"
14,42,"independent"
10,43,"independent"
12,44,"independent"
10,45,"independent"
14,46,"independent"
18,47,"independent"
16,48,"independent"
12,49,"independent"
14,50,"independent"
12,51,"independent"
12,52,"independent"
12,53,"independent"
10,54,"independent"
10,55,"independent"
10,56,"independent"
14,57,"independent"
14,58,"independent"
10,59,"independent"
14,60,"independent"
10,61,"independent"
10,62,"independent"
12,63,"independent"
16,64,"independent"
12,65,"independent"
10,66,"independent"
16,67,"independent"
12,68,"independent"
16,69,"independent"
14,70,"independent"
18,71,"independent"
14,72,"independent"
14,73,"independent"
10,74,"independent"
14,75,"independent"
6,76,"independent"
8,77,"independent"
10,78,"independent"
12,79,"independent"
14,80,"independent"
14,81,"independent"
16,82,"independent"
14,83,"independent"
14,84,"independent"
12,85,"independent"
12,86,"independent"
14,87,"independent"
14,88,"independent"
16,89,"independent"
14,90,"independent"
16,91,"independent"
14,92,"independent"
14,93,"independent"
14,94,"independent"
14,95,"independent"
14,96,"independent"
14,97,"independent"
16,98,"independent"
16,99,"independent"
12,100,"independent"
12,101,"independent"
6,102,"independent"
8,103,"independent"
14,104,"independent"
18,105,"independent"
12,106,"independent"
6,107,"independent"
12,108,"independent"
12,109,"independent"
16,110,"independent"
16,111,"independent"
12,112,"independent"
16,113,"independent"
8,114,"independent"
16,115,"independent"
14,116,"independent"
14,117,"independent"
16,118,"independent"
14,119,"independent"
12,120,"independent"
12,121,"independent"
14,122,"independent"
14,123,"independent"
14,124,"independent"
10,125,"independent"
12,126,"independent"
16,127,"independent"
12,128,"independent"
10,129,"independent"
14,130,"independent"
10,131,"independent"
12,132,"independent"
14,133,"independent"
16,134,"independent"
12,135,"independent"
16,136,"independent"
10,137,"independent"
14,138,"independent"
16,139,"independent"
14,140,"independent"
14,141,"independent"
8,142,"independent"
12,143,"independent"
14,144,"independent"
16,145,"independent"
14,146,"independent"
12,147,"independent"
6,148,"independent"
16,149,"independent"
16,150,"independent"
6,151,"independent"
12,152,"independent"
10,153,"independent"
16,154,"independent"
12,155,"independent"
14,156,"independent"
16,157,"independent"
14,158,"independent"
14,159,"independent"
12,160,"independent"
14,161,"independent"
14,162,"independent"
18,163,"independent"
8,164,"independent"
14,165,"independent"
14,166,"independent"
12,167,"independent"
10,168,"independent"
16,169,"independent"
14,170,"independent"
14,171,"independent"
12,172,"independent"
14,173,"independent"
12,174,"independent"
14,175,"independent"
12,176,"independent"
14,177,"independent"
10,178,"independent"
16,179,"independent"
14,180,"independent"
8,181,"independent"
14,182,"independent"
12,183,"independent"
16,184,"independent"
18,185,"independent"
14,186,"independent"
12,187,"independent"
12,188,"independent"
14,189,"independent"
12,190,"independent"
16,191,"independent"
18,192,"independent"
12,193,"independent"
10,194,"independent"
16,195,"independent"
18,196,"independent"
14,197,"independent"
14,198,"independent"
14,199,"independent"
16,200,"independent"
14,201,"independent"
10,202,"independent"
16,203,"independent"
14,204,"independent"
14,205,"independent"
14,206,"independent"
14,207,"independent"
8,208,"independent"
8,209,"independent"
8,210,"independent"
14,211,"independent"
12,212,"independent"
12,213,"independent"
18,214,"independent"
14,215,"independent"
16,216,"independent"
12,217,"independent"
8,218,"independent"
10,219,"independent"
14,220,"independent"
16,221,"independent"
14,222,"independent"
10,223,"independent"
14,224,"independent"
10,225,"independent"
10,226,"independent"
14,227,"independent"
12,228,"independent"
6,229,"independent"
10,230,"independent"
8,231,"independent"
18,232,"independent"
16,233,"independent"
10,234,"independent"
14,235,"independent"
18,236,"independent"
14,237,"independent"
16,238,"independent"
12,239,"independent"
16,240,"independent"
12,241,"independent"
14,242,"independent"
14,243,"independent"
12,244,"independent"
14,245,"independent"
14,246,"independent"
14,247,"independent"
14,248,"independent"
20,249,"independent"
12,250,"independent"
8,251,"independent"
14,252,"independent"
12,253,"independent"
14,254,"independent"
10,255,"independent"
14,256,"independent"
10,257,"independent"
16,258,"independent"
18,259,"independent"
16,260,"independent"
14,261,"independent"
8,262,"independent"
14,263,"independent"
18,264,"independent"
12,265,"independent"
10,266,"independent"
16,267,"independent"
12,268,"independent"
16,269,"independent"
16,270,"independent"
12,271,"independent"
14,272,"independent"
16,273,"independent"
16,274,"independent"
10,275,"independent"
14,276,"independent"
12,277,"independent"
12,278,"independent"
10,279,"independent"
14,280,"independent"
12,281,"independent"
16,282,"independent"
16,283,"independent"
12,284,"independent"
14,285,"independent"
16,286,"independent"
14,287,"independent"
12,288,"independent"
12,289,"independent"
16,290,"independent"
10,291,"independent"
8,292,"independent"
12,293,"independent"
12,294,"independent"
14,295,"independent"
14,296,"independent"
18,297,"independent"
14,298,"independent"
14,299,"independent"
12,300,"independent"
14,301,"independent"
14,302,"independent"
8,303,"independent"
16,304,"independent"
16,305,"independent"
10,306,"independent"
14,307,"independent"
16,308,"independent"
14,309,"independent"
14,310,"independent"
12,311,"independent"
6,312,"independent"
14,313,"independent"
12,314,"independent"
8,315,"independent"
6,316,"independent"
12,317,"independent"
14,318,"independent"
10,319,"independent"
14,320,"independent"
12,321,"independent"
14,322,"independent"
14,323,"independent"
6,324,"independent"
16,325,"independent"
14,326,"independent"
16,327,"independent"
16,328,"independent"
16,329,"independent"
12,330,"independent"
16,331,"independent"
16,332,"independent"
16,333,"independent"
8,334,"independent"
14,335,"independent"
18,336,"independent"
14,337,"independent"
12,338,"independent"
10,339,"independent"
12,340,"independent"
14,341,"independent"
14,342,"independent"
14,343,"independent"
14,344,"independent"
12,345,"independent"
14,346,"independent"
12,347,"independent"
14,348,"independent"
14,349,"independent"
16,350,"independent"
14,351,"independent"
16,352,"independent"
14,353,"independent"
14,354,"independent"
8,355,"independent"
12,356,"independent"
12,357,"independent"
8,358,"independent"
12,359,"independent"
16,360,"independent"
16,361,"independent"
16,362,"independent"
16,363,"independent"
16,364,"independent"
14,365,"independent"
14,366,"independent"
12,367,"independent"
14,368,"independent"
16,369,"independent"
14,370,"independent"
10,371,"independent"
14,372,"independent"
18,373,"independent"
12,374,"independent"
12,375,"independent"
14,376,"independent"
14,377,"independent"
18,378,"independent"
16,379,"independent"
16,380,"independent"
10,381,"independent"
12,382,"independent"
6,383,"independent"
14,384,"independent"
14,385,"independent"
12,386,"independent"
12,387,"independent"
12,388,"independent"
14,389,"independent"
12,390,"independent"
10,391,"independent"
12,392,"independent"
16,393,"independent"
16,394,"independent"
14,395,"independent"
10,396,"independent"
4,397,"independent"
14,398,"independent"
4,399,"independent"
16,400,"independent"
14,401,"independent"
12,402,"independent"
12,403,"independent"
14,404,"independent"
12,405,"independent"
16,406,"independent"
10,407,"independent"
14,408,"independent"
14,409,"independent"
12,410,"independent"
12,411,"independent"
12,412,"independent"
16,413,"independent"
16,414,"independent"
14,415,"independent"
10,416,"independent"
8,417,"independent"
16,418,"independent"
8,419,"independent"
10,420,"independent"
16,421,"independent"
10,422,"independent"
12,423,"independent"
12,424,"independent"
12,425,"independent"
12,426,"independent"
16,427,"independent"
14,428,"independent"
14,429,"independent"
14,430,"independent"
16,431,"independent"
14,432,"independent"
10,433,"independent"
14,434,"independent"
14,435,"independent"
12,436,"independent"
14,437,"independent"
14,438,"independent"
14,439,"independent"
16,440,"independent"
16,441,"independent"
10,442,"independent"
14,443,"independent"
14,444,"independent"
16,445,"independent"
16,446,"independent"
16,447,"independent"
10,448,"independent"
10,449,"independent"
16,450,"independent"
14,451,"independent"
12,452,"independent"
18,453,"independent"
12,454,"independent"
12,455,"independent"
14,456,"independent"
12,457,"independent"
14,458,"independent"
14,459,"independent"
10,460,"independent"
14,461,"independent"
18,462,"independent"
14,463,"independent"
8,464,"independent"
12,465,"independent"
10,466,"independent"
18,467,"independent"
18,468,"independent"
8,469,"independent"
8,470,"independent"
12,471,"independent"
10,472,"independent"
14,473,"independent"
16,474,"independent"
10,475,"independent"
12,476,"independent"
12,477,"independent"
14,478,"independent"
14,479,"independent"
10,480,"independent"
16,481,"independent"
8,482,"independent"
14,483,"independent"
10,484,"independent"
16,485,"independent"
16,486,"independent"
14,487,"independent"
12,488,"independent"
16,489,"independent"
16,490,"independent"
14,491,"independent"
14,492,"independent"
12,493,"independent"
8,494,"independent"
12,495,"independent"
12,496,"independent"
12,497,"independent"
14,498,"independent"
16,499,"independent"
14,500,"independent"
8,501,"independent"
16,502,"independent"
14,503,"independent"
8,504,"independent"
16,505,"independent"
12,506,"independent"
12,507,"independent"
14,508,"independent"
10,509,"independent"
14,510,"independent"
14,511,"independent"
10,512,"independent"
16,513,"independent"
14,514,"independent"
14,515,"independent"
12,516,"independent"
14,517,"independent"
10,518,"independent"
14,519,"independent"
12,520,"independent"
14,521,"independent"
12,522,"independent"
16,523,"independent"
12,524,"independent"
18,525,"independent"
18,526,"independent"
16,527,"independent"
14,528,"independent"
12,529,"independent"
12,530,"independent"
14,531,"independent"
16,532,"independent"
14,533,"independent"
10,534,"independent"
16,535,"independent"
12,536,"independent"
16,537,"independent"
14,538,"independent"
18,539,"independent"
14,540,"independent"
16,541,"independent"
14,542,"independent"
16,543,"independent"
10,544,"independent"
14,545,"independent"
16,546,"independent"
14,547,"independent"
14,548,"independent"
12,549,"independent"
16,550,"independent"
8,551,"independent"
14,552,"independent"
12,553,"independent"
10,554,"independent"
12,555,"independent"
14,556,"independent"
12,557,"independent"
12,558,"independent"
8,559,"independent"
10,560,"independent"
12,561,"independent"
14,562,"independent"
16,563,"independent"
12,564,"independent"
18,565,"independent"
12,566,"independent"
10,567,"independent"
10,568,"independent"
12,569,"independent"
14,570,"independent"
16,571,"independent"
12,572,"independent"
8,573,"independent"
12,574,"independent"
12,575,"independent"
16,576,"independent"
14,577,"independent"
14,578,"independent"
12,579,"independent"
12,580,"independent"
14,581,"independent"
10,582,"independent"
16,583,"independent"
16,584,"independent"
20,585,"independent"
16,586,"independent"
14,587,"independent"
14,588,"independent"
14,589,"independent"
16,590,"independent"
8,591,"independent"
14,592,"independent"
8,593,"independent"
12,594,"independent"
10,595,"independent"
14,596,"independent"
16,597,"independent"
10,598,"independent"
12,599,"independent"
14,600,"independent"
12,601,"independent"
12,602,"independent"
14,603,"independent"
14,604,"independent"
16,605,"independent"
12,606,"independent"
14,607,"independent"
14,608,"independent"
16,609,"independent"
14,610,"independent"
10,611,"independent"
14,612,"independent"
12,613,"independent"
16,614,"independent"
12,615,"independent"
8,616,"independent"
12,617,"independent"
18,618,"independent"
12,619,"independent"
12,620,"independent"
12,621,"independent"
14,622,"independent"
14,623,"independent"
14,624,"independent"
12,625,"independent"
12,626,"independent"
18,627,"independent"
12,628,"independent"
12,629,"independent"
12,630,"independent"
16,631,"independent"
16,632,"independent"
16,633,"independent"
10,634,"independent"
12,635,"independent"
14,636,"independent"
16,637,"independent"
18,638,"independent"
16,639,"independent"
10,640,"independent"
18,641,"independent"
12,642,"independent"
10,643,"independent"
8,644,"independent"
16,645,"independent"
14,646,"independent"
14,647,"independent"
12,648,"independent"
12,649,"independent"
12,650,"independent"
14,651,"independent"
14,652,"independent"
8,653,"independent"
12,654,"independent"
16,655,"independent"
14,656,"independent"
16,657,"independent"
6,658,"independent"
10,659,"independent"
16,660,"independent"
10,661,"independent"
10,662,"independent"
12,663,"independent"
12,664,"independent"
10,665,"independent"
18,666,"independent"
16,667,"independent"
14,668,"independent"
14,669,"independent"
16,670,"independent"
14,671,"independent"
12,672,"independent"
10,673,"independent"
18,674,"independent"
18,675,"independent"
10,676,"independent"
18,677,"independent"
10,678,"independent"
18,679,"independent"
12,680,"independent"
12,681,"independent"
14,682,"independent"
14,683,"independent"
18,684,"independent"
18,685,"independent"
12,686,"independent"
16,687,"independent"
12,688,"independent"
18,689,"independent"
12,690,"independent"
16,691,"independent"
12,692,"independent"
18,693,"independent"
10,694,"independent"
12,695,"independent"
14,696,"independent"
16,697,"independent"
16,698,"independent"
14,699,"independent"
14,700,"independent"
12,701,"independent"
14,702,"independent"
10,703,"independent"
16,704,"independent"
14,705,"independent"
10,706,"independent"
16,707,"independent"
18,708,"independent"
14,709,"independent"
16,710,"independent"
16,711,"independent"
12,712,"independent"
12,713,"independent"
14,714,"independent"
10,715,"independent"
14,716,"independent"
12,717,"independent"
8,718,"independent"
10,719,"independent"
16,720,"independent"
14,721,"independent"
12,722,"independent"
16,723,"independent"
12,724,"independent"
14,725,"independent"
16,726,"independent"
14,727,"independent"
14,728,"independent"
18,729,"independent"
12,730,"independent"
18,731,"independent"
10,732,"independent"
16,733,"independent"
14,734,"independent"
14,735,"independent"
14,736,"independent"
16,737,"independent"
10,738,"independent"
12,739,"independent"
12,740,"independent"
12,741,"independent"
14,742,"independent"
12,743,"independent"
12,744,"independent"
12,745,"independent"
12,746,"independent"
14,747,"independent"
12,748,"independent"
10,749,"independent"
12,750,"independent"
14,751,"independent"
12,752,"independent"
18,753,"independent"
18,754,"independent"
14,755,"independent"
16,756,"independent"
16,757,"independent"
18,758,"independent"
14,759,"independent"
12,760,"independent"
8,761,"independent"
12,762,"independent"
10,763,"independent"
16,764,"independent"
8,765,"independent"
14,766,"independent"
16,767,"independent"
10,768,"independent"
14,769,"independent"
8,770,"independent"
14,771,"independent"
12,772,"independent"
14,773,"independent"
10,774,"independent"
12,775,"independent"
14,776,"independent"
6,777,"independent"
14,778,"independent"
16,779,"independent"
6,780,"independent"
12,781,"independent"
18,782,"independent"
16,783,"independent"
18,784,"independent"
16,785,"independent"
12,786,"independent"
14,787,"independent"
12,788,"independent"
8,789,"independent"
8,790,"independent"
10,791,"independent"
6,792,"independent"
14,793,"independent"
10,794,"independent"
12,795,"independent"
12,796,"independent"
12,797,"independent"
10,798,"independent"
18,799,"independent"
18,800,"independent"
16,801,"independent"
14,802,"independent"
16,803,"independent"
14,804,"independent"
10,805,"independent"
14,806,"independent"
12,807,"independent"
14,808,"independent"
16,809,"independent"
20,810,"independent"
12,811,"independent"
14,812,"independent"
14,813,"independent"
10,814,"independent"
12,815,"independent"
14,816,"independent"
10,817,"independent"
12,818,"independent"
16,819,"independent"
12,820,"independent"
14,821,"independent"
14,822,"independent"
14,823,"independent"
14,824,"independent"
18,825,"independent"
16,826,"independent"
12,827,"independent"
12,828,"independent"
12,829,"independent"
12,830,"independent"
14,831,"independent"
14,832,"independent"
14,833,"independent"
14,834,"independent"
14,835,"independent"
16,836,"independent"
16,837,"independent"
16,838,"independent"
12,839,"independent"
16,840,"independent"
14,841,"independent"
14,842,"independent"
12,843,"independent"
10,844,"independent"
12,845,"independent"
14,846,"independent"
6,847,"independent"
10,848,"independent"
14,849,"independent"
14,850,"independent"
14,851,"independent"
12,852,"independent"
12,853,"independent"
14,854,"independent"
12,855,"independent"
12,856,"independent"
16,857,"independent"
14,858,"independent"
16,859,"independent"
10,860,"independent"
14,861,"independent"
10,862,"independent"
14,863,"independent"
16,864,"independent"
10,865,"independent"
14,866,"independent"
14,867,"independent"
12,868,"independent"
12,869,"independent"
14,870,"independent"
12,871,"independent"
12,872,"independent"
12,873,"independent"
14,874,"independent"
12,875,"independent"
12,876,"independent"
16,877,"independent"
14,878,"independent"
14,879,"independent"
10,880,"independent"
12,881,"independent"
14,882,"independent"
10,883,"independent"
10,884,"independent"
14,885,"independent"
14,886,"independent"
18,887,"independent"
8,888,"independent"
18,889,"independent"
16,890,"independent"
14,891,"independent"
14,892,"independent"
4,893,"independent"
18,894,"independent"
12,895,"independent"
8,896,"independent"
10,897,"independent"
14,898,"independent"
16,899,"independent"
16,900,"independent"
18,901,"independent"
16,902,"independent"
12,903,"independent"
14,904,"independent"
14,905,"independent"
12,906,"independent"
14,907,"independent"
12,908,"independent"
16,909,"independent"
12,910,"independent"
12,911,"independent"
12,912,"independent"
10,913,"independent"
14,914,"independent"
12,915,"independent"
14,916,"independent"
16,917,"independent"
6,918,"independent"
16,919,"independent"
14,920,"independent"
12,921,"independent"
12,922,"independent"
10,923,"independent"
14,924,"independent"
14,925,"independent"
16,926,"independent"
14,927,"independent"
6,928,"independent"
12,929,"independent"
14,930,"independent"
14,931,"independent"
12,932,"independent"
8,933,"independent"
16,934,"independent"
16,935,"independent"
8,936,"independent"
14,937,"independent"
16,938,"independent"
14,939,"independent"
16,940,"independent"
16,941,"independent"
10,942,"independent"
12,943,"independent"
14,944,"independent"
10,945,"independent"
10,946,"independent"
10,947,"independent"
16,948,"independent"
14,949,"independent"
14,950,"independent"
12,951,"independent"
16,952,"independent"
12,953,"independent"
12,954,"independent"
14,955,"independent"
14,956,"independent"
12,957,"independent"
8,958,"independent"
16,959,"independent"
12,960,"independent"
16,961,"independent"
12,962,"independent"
12,963,"independent"
14,964,"independent"
14,965,"independent"
10,966,"independent"
12,967,"independent"
14,968,"independent"
14,969,"independent"
14,970,"independent"
12,971,"independent"
16,972,"independent"
16,973,"independent"
16,974,"independent"
10,975,"independent"
16,976,"independent"
16,977,"independent"
16,978,"independent"
14,979,"independent"
12,980,"independent"
16,981,"independent"
6,982,"independent"
12,983,"independent"
14,984,"independent"
16,985,"independent"
12,986,"independent"
10,987,"independent"
12,988,"independent"
12,989,"independent"
16,990,"independent"
16,991,"independent"
14,992,"independent"
14,993,"independent"
16,994,"independent"
14,995,"independent"
14,996,"independent"
12,997,"independent"
12,998,"independent"
10,999,"independent"
12,1000,"independent"
16,1001,"independent"
12,1002,"independent"
12,1003,"independent"
12,1004,"independent"
12,1005,"independent"
16,1006,"independent"
10,1007,"independent"
16,1008,"independent"
14,1009,"independent"
14,1010,"independent"
16,1011,"independent"
14,1012,"independent"
12,1013,"independent"
8,1014,"independent"
10,1015,"independent"
14,1016,"independent"
12,1017,"independent"
18,1018,"independent"
12,1019,"independent"
14,1020,"independent"
14,1021,"independent"
14,1022,"independent"
18,1023,"independent"
10,1024,"independent"
12,1025,"independent"
14,1026,"independent"
8,1027,"independent"
12,1028,"independent"
10,1029,"independent"
12,1030,"independent"
16,1031,"independent"
14,1032,"independent"
12,1033,"independent"
10,1034,"independent"
16,1035,"independent"
8,1036,"independent"
14,1037,"independent"
12,1038,"independent"
12,1039,"independent"
18,1040,"independent"
14,1041,"independent"
14,1042,"independent"
10,1043,"independent"
16,1044,"independent"
14,1045,"independent"
16,1046,"independent"
14,1047,"independent"
14,1048,"independent"
18,1049,"independent"
14,1050,"independent"
10,1051,"independent"
14,1052,"independent"
12,1053,"independent"
12,1054,"independent"
10,1055,"independent"
14,1056,"independent"
12,1057,"independent"
14,1058,"independent"
14,1059,"independent"
14,1060,"independent"
10,1061,"independent"
12,1062,"independent"
16,1063,"independent"
18,1064,"independent"
16,1065,"independent"
12,1066,"independent"
16,1067,"independent"
14,1068,"independent"
14,1069,"independent"
12,1070,"independent"
18,1071,"independent"
14,1072,"independent"
16,1073,"independent"
14,1074,"independent"
10,1075,"independent"
14,1076,"independent"
10,1077,"independent"
14,1078,"independent"
10,1079,"independent"
10,1080,"independent"
16,1081,"independent"
12,1082,"independent"
12,1083,"independent"
18,1084,"independent"
14,1085,"independent"
12,1086,"independent"
18,1087,"independent"
12,1088,"independent"
16,1089,"independent"
12,1090,"independent"
14,1091,"independent"
16,1092,"independent"
12,1093,"independent"
12,1094,"independent"
10,1095,"independent"
14,1096,"independent"
16,1097,"independent"
12,1098,"independent"
14,1099,"independent"
14,1100,"independent"
12,1101,"independent"
12,1102,"independent"
14,1103,"independent"
4,1104,"independent"
6,1105,"independent"
16,1106,"independent"
12,1107,"independent"
12,1108,"independent"
16,1109,"independent"
14,1110,"independent"
10,1111,"independent"
10,1112,"independent"
8,1113,"independent"
14,1114,"independent"
16,1115,"independent"
14,1116,"independent"
12,1117,"independent"
14,1118,"independent"
12,1119,"independent"
16,1120,"independent"
14,1121,"independent"
14,1122,"independent"
16,1123,"independent"
12,1124,"independent"
14,1125,"independent"
14,1126,"independent"
14,1127,"independent"
16,1128,"independent"
16,1129,"independent"
16,1130,"independent"
14,1131,"independent"
14,1132,"independent"
18,1133,"independent"
10,1134,"independent"
12,1135,"independent"
14,1136,"independent"
14,1137,"independent"
8,1138,"independent"
14,1139,"independent"
12,1140,"independent"
14,1141,"independent"
16,1142,"independent"
16,1143,"independent"
10,1144,"independent"
12,1145,"independent"
14,1146,"independent"
14,1147,"independent"
14,1148,"independent"
12,1149,"independent"
16,1150,"independent"
12,1151,"independent"
16,1152,"independent"
18,1153,"independent"
12,1154,"independent"
18,1155,"independent"
18,1156,"independent"
12,1157,"independent"
8,1158,"independent"
10,1159,"independent"
20,1160,"independent"
12,1161,"independent"
10,1162,"independent"
16,1163,"independent"
16,1164,"independent"
14,1165,"independent"
10,1166,"independent"
16,1167,"independent"
16,1168,"independent"
10,1169,"independent"
14,1170,"independent"
12,1171,"independent"
10,1172,"independent"
8,1173,"independent"
16,1174,"independent"
14,1175,"independent"
14,1176,"independent"
14,1177,"independent"
10,1178,"independent"
14,1179,"independent"
14,1180,"independent"
14,1181,"independent"
12,1182,"independent"
12,1183,"independent"
12,1184,"independent"
14,1185,"independent"
8,1186,"independent"
12,1187,"independent"
16,1188,"independent"
10,1189,"independent"
12,1190,"independent"
14,1191,"independent"
12,1192,"independent"
16,1193,"independent"
14,1194,"independent"
16,1195,"independent"
14,1196,"independent"
10,1197,"independent"
16,1198,"independent"
10,1199,"independent"
10,1200,"independent"
14,1201,"independent"
12,1202,"independent"
6,1203,"independent"
18,1204,"independent"
16,1205,"independent"
14,1206,"independent"
18,1207,"independent"
14,1208,"independent"
16,1209,"independent"
16,1210,"independent"
12,1211,"independent"
12,1212,"independent"
18,1213,"independent"
14,1214,"independent"
8,1215,"independent"
12,1216,"independent"
14,1217,"independent"
14,1218,"independent"
16,1219,"independent"
14,1220,"independent"
16,1221,"independent"
12,1222,"independent"
14,1223,"independent"
8,1224,"independent"
16,1225,"independent"
12,1226,"independent"
14,1227,"independent"
10,1228,"independent"
12,1229,"independent"
12,1230,"independent"
12,1231,"independent"
16,1232,"independent"
12,1233,"independent"
12,1234,"independent"
12,1235,"independent"
16,1236,"independent"
10,1237,"independent"
12,1238,"independent"
14,1239,"independent"
12,1240,"independent"
18,1241,"independent"
14,1242,"independent"
14,1243,"independent"
12,1244,"independent"
12,1245,"independent"
12,1246,"independent"
16,1247,"independent"
16,1248,"independent"
14,1249,"independent"
8,1250,"independent"
12,1251,"independent"
6,1252,"independent"
12,1253,"independent"
6,1254,"independent"
10,1255,"independent"
12,1256,"independent"
14,1257,"independent"
10,1258,"independent"
14,1259,"independent"
14,1260,"independent"
14,1261,"independent"
12,1262,"independent"
12,1263,"independent"
14,1264,"independent"
10,1265,"independent"
12,1266,"independent"
18,1267,"independent"
14,1268,"independent"
12,1269,"independent"
10,1270,"independent"
12,1271,"independent"
14,1272,"independent"
14,1273,"independent"
16,1274,"independent"
14,1275,"independent"
16,1276,"independent"
10,1277,"independent"
6,1278,"independent"
14,1279,"independent"
10,1280,"independent"
16,1281,"independent"
10,1282,"independent"
12,1283,"independent"
10,1284,"independent"
14,1285,"independent"
12,1286,"independent"
14,1287,"independent"
12,1288,"independent"
16,1289,"independent"
12,1290,"independent"
18,1291,"independent"
12,1292,"independent"
14,1293,"independent"
16,1294,"independent"
16,1295,"independent"
12,1296,"independent"
10,1297,"independent"
16,1298,"independent"
10,1299,"independent"
10,1300,"independent"
10,1301,"independent"
12,1302,"independent"
14,1303,"independent"
12,1304,"independent"
14,1305,"independent"
10,1306,"independent"
10,1307,"independent"
14,1308,"independent"
10,1309,"independent"
14,1310,"independent"
14,1311,"independent"
14,1312,"independent"
16,1313,"independent"
10,1314,"independent"
10,1315,"independent"
12,1316,"independent"
20,1317,"independent"
10,1318,"independent"
16,1319,"independent"
12,1320,"independent"
10,1321,"independent"
12,1322,"independent"
16,1323,"independent"
16,1324,"independent"
16,1325,"independent"
12,1326,"independent"
14,1327,"independent"
14,1328,"independent"
10,1329,"independent"
14,1330,"independent"
10,1331,"independent"
14,1332,"independent"
10,1333,"independent"
16,1334,"independent"
12,1335,"independent"
12,1336,"independent"
16,1337,"independent"
14,1338,"independent"
18,1339,"independent"
18,1340,"independent"
14,1341,"independent"
16,1342,"independent"
16,1343,"independent"
18,1344,"independent"
14,1345,"independent"
16,1346,"independent"
12,1347,"independent"
12,1348,"independent"
12,1349,"independent"
14,1350,"independent"
14,1351,"independent"
8,1352,"independent"
14,1353,"independent"
12,1354,"independent"
10,1355,"independent"
14,1356,"independent"
16,1357,"independent"
14,1358,"independent"
10,1359,"independent"
14,1360,"independent"
12,1361,"independent"
12,1362,"independent"
12,1363,"independent"
16,1364,"independent"
14,1365,"independent"
14,1366,"independent"
12,1367,"independent"
16,1368,"independent"
16,1369,"independent"
10,1370,"independent"
16,1371,"independent"
10,1372,"independent"
12,1373,"independent"
14,1374,"independent"
14,1375,"independent"
16,1376,"independent"
8,1377,"independent"
14,1378,"independent"
16,1379,"independent"
14,1380,"independent"
12,1381,"independent"
14,1382,"independent"
12,1383,"independent"
18,1384,"independent"
10,1385,"independent"
14,1386,"independent"
12,1387,"independent"
12,1388,"independent"
12,1389,"independent"
10,1390,"independent"
16,1391,"independent"
12,1392,"independent"
10,1393,"independent"
14,1394,"independent"
14,1395,"independent"
12,1396,"independent"
14,1397,"independent"
8,1398,"independent"
14,1399,"independent"
12,1400,"independent"
12,1401,"independent"
8,1402,"independent"
14,1403,"independent"
16,1404,"independent"
12,1405,"independent"
12,1406,"independent"
16,1407,"independent"
12,1408,"independent"
14,1409,"independent"
12,1410,"independent"
12,1411,"independent"
14,1412,"independent"
8,1413,"independent"
14,1414,"independent"
12,1415,"independent"
16,1416,"independent"
14,1417,"independent"
12,1418,"independent"
12,1419,"independent"
16,1420,"independent"
12,1421,"independent"
14,1422,"independent"
12,1423,"independent"
18,1424,"independent"
16,1425,"independent"
14,1426,"independent"
14,1427,"independent"
16,1428,"independent"
18,1429,"independent"
8,1430,"independent"
14,1431,"independent"
14,1432,"independent"
14,1433,"independent"
14,1434,"independent"
14,1435,"independent"
12,1436,"independent"
8,1437,"independent"
12,1438,"independent"
16,1439,"independent"
14,1440,"independent"
8,1441,"independent"
16,1442,"independent"
12,1443,"independent"
14,1444,"independent"
12,1445,"independent"
14,1446,"independent"
10,1447,"independent"
12,1448,"independent"
16,1449,"independent"
12,1450,"independent"
16,1451,"independent"
16,1452,"independent"
12,1453,"independent"
10,1454,"independent"
14,1455,"independent"
12,1456,"independent"
14,1457,"independent"
10,1458,"independent"
16,1459,"independent"
14,1460,"independent"
8,1461,"independent"
12,1462,"independent"
16,1463,"independent"
12,1464,"independent"
16,1465,"independent"
14,1466,"independent"
10,1467,"independent"
10,1468,"independent"
10,1469,"independent"
16,1470,"independent"
12,1471,"independent"
18,1472,"independent"
18,1473,"independent"
14,1474,"independent"
14,1475,"independent"
12,1476,"independent"
12,1477,"independent"
10,1478,"independent"
14,1479,"independent"
14,1480,"independent"
8,1481,"independent"
12,1482,"independent"
12,1483,"independent"
12,1484,"independent"
10,1485,"independent"
10,1486,"independent"
14,1487,"independent"
12,1488,"independent"
14,1489,"independent"
10,1490,"independent"
18,1491,"independent"
14,1492,"independent"
12,1493,"independent"
10,1494,"independent"
8,1495,"independent"
14,1496,"independent"
12,1497,"independent"
10,1498,"independent"
14,1499,"independent"
18,1500,"independent"
14,1501,"independent"
10,1502,"independent"
14,1503,"independent"
14,1504,"independent"
14,1505,"independent"
14,1506,"independent"
16,1507,"independent"
10,1508,"independent"
14,1509,"independent"
16,1510,"independent"
12,1511,"independent"
8,1512,"independent"
16,1513,"independent"
12,1514,"independent"
12,1515,"independent"
16,1516,"independent"
10,1517,"independent"
12,1518,"independent"
16,1519,"independent"
12,1520,"independent"
16,1521,"independent"
12,1522,"independent"
16,1523,"independent"
10,1524,"independent"
12,1525,"independent"
12,1526,"independent"
16,1527,"independent"
12,1528,"independent"
6,1529,"independent"
12,1530,"independent"
12,1531,"independent"
14,1532,"independent"
16,1533,"independent"
12,1534,"independent"
12,1535,"independent"
14,1536,"independent"
16,1537,"independent"
16,1538,"independent"
10,1539,"independent"
16,1540,"independent"
10,1541,"independent"
10,1542,"independent"
14,1543,"independent"
18,1544,"independent"
16,1545,"independent"
14,1546,"independent"
18,1547,"independent"
14,1548,"independent"
14,1549,"independent"
14,1550,"independent"
14,1551,"independent"
12,1552,"independent"
14,1553,"independent"
14,1554,"independent"
14,1555,"independent"
14,1556,"independent"
14,1557,"independent"
12,1558,"independent"
12,1559,"independent"
16,1560,"independent"
14,1561,"independent"
12,1562,"independent"
16,1563,"independent"
14,1564,"independent"
10,1565,"independent"
10,1566,"independent"
16,1567,"independent"
12,1568,"independent"
12,1569,"independent"
20,1570,"independent"
18,1571,"independent"
14,1572,"independent"
14,1573,"independent"
14,1574,"independent"
10,1575,"independent"
14,1576,"independent"
12,1577,"independent"
14,1578,"independent"
12,1579,"independent"
16,1580,"independent"
14,1581,"independent"
16,1582,"independent"
14,1583,"independent"
12,1584,"independent"
14,1585,"independent"
14,1586,"independent"
10,1587,"independent"
14,1588,"independent"
14,1589,"independent"
18,1590,"independent"
14,1591,"independent"
14,1592,"independent"
14,1593,"independent"
20,1594,"independent"
16,1595,"independent"
10,1596,"independent"
14,1597,"independent"
18,1598,"independent"
10,1599,"independent"
10,1600,"independent"
18,1601,"independent"
12,1602,"independent"
16,1603,"independent"
12,1604,"independent"
12,1605,"independent"
14,1606,"independent"
16,1607,"independent"
14,1608,"independent"
12,1609,"independent"
18,1610,"independent"
18,1611,"independent"
12,1612,"independent"
16,1613,"independent"
14,1614,"independent"
14,1615,"independent"
10,1616,"independent"
12,1617,"independent"
14,1618,"independent"
10,1619,"independent"
12,1620,"independent"
16,1621,"independent"
10,1622,"independent"
12,1623,"independent"
12,1624,"independent"
16,1625,"independent"
12,1626,"independent"
6,1627,"independent"
14,1628,"independent"
12,1629,"independent"
14,1630,"independent"
16,1631,"independent"
14,1632,"independent"
12,1633,"independent"
14,1634,"independent"
12,1635,"independent"
10,1636,"independent"
12,1637,"independent"
12,1638,"independent"
10,1639,"independent"
6,1640,"independent"
12,1641,"independent"
12,1642,"independent"
18,1643,"independent"
12,1644,"independent"
10,1645,"independent"
8,1646,"independent"
14,1647,"independent"
14,1648,"independent"
16,1649,"independent"
16,1650,"independent"
14,1651,"independent"
8,1652,"independent"
10,1653,"independent"
16,1654,"independent"
16,1655,"independent"
16,1656,"independent"
18,1657,"independent"
16,1658,"independent"
16,1659,"independent"
18,1660,"independent"
10,1661,"independent"
16,1662,"independent"
16,1663,"independent"
12,1664,"independent"
16,1665,"independent"
18,1666,"independent"
16,1667,"independent"
18,1668,"independent"
12,1669,"independent"
6,1670,"independent"
16,1671,"independent"
6,1672,"independent"
14,1673,"independent"
12,1674,"independent"
14,1675,"independent"
16,1676,"independent"
16,1677,"independent"
10,1678,"independent"
12,1679,"independent"
16,1680,"independent"
12,1681,"independent"
14,1682,"independent"
18,1683,"independent"
14,1684,"independent"
14,1685,"independent"
18,1686,"independent"
12,1687,"independent"
12,1688,"independent"
10,1689,"independent"
14,1690,"independent"
12,1691,"independent"
6,1692,"independent"
12,1693,"independent"
12,1694,"independent"
12,1695,"independent"
12,1696,"independent"
14,1697,"independent"
12,1698,"independent"
16,1699,"independent"
16,1700,"independent"
8,1701,"independent"
12,1702,"independent"
12,1703,"independent"
12,1704,"independent"
16,1705,"independent"
16,1706,"independent"
12,1707,"independent"
16,1708,"independent"
18,1709,"independent"
8,1710,"independent"
16,1711,"independent"
16,1712,"independent"
14,1713,"independent"
12,1714,"independent"
10,1715,"independent"
18,1716,"independent"
14,1717,"independent"
16,1718,"independent"
10,1719,"independent"
16,1720,"independent"
16,1721,"independent"
16,1722,"independent"
16,1723,"independent"
16,1724,"independent"
12,1725,"independent"
16,1726,"independent"
12,1727,"independent"
10,1728,"independent"
16,1729,"independent"
12,1730,"independent"
14,1731,"independent"
8,1732,"independent"
10,1733,"independent"
10,1734,"independent"
12,1735,"independent"
16,1736,"independent"
12,1737,"independent"
14,1738,"independent"
16,1739,"independent"
18,1740,"independent"
14,1741,"independent"
8,1742,"independent"
16,1743,"independent"
4,1744,"independent"
16,1745,"independent"
10,1746,"independent"
16,1747,"independent"
16,1748,"independent"
12,1749,"independent"
12,1750,"independent"
8,1751,"independent"
8,1752,"independent"
10,1753,"independent"
10,1754,"independent"
14,1755,"independent"
12,1756,"independent"
12,1757,"independent"
14,1758,"independent"
14,1759,"independent"
16,1760,"independent"
12,1761,"independent"
8,1762,"independent"
16,1763,"independent"
16,1764,"independent"
10,1765,"independent"
10,1766,"independent"
18,1767,"independent"
12,1768,"independent"
12,1769,"independent"
18,1770,"independent"
16,1771,"independent"
14,1772,"independent"
14,1773,"independent"
10,1774,"independent"
14,1775,"independent"
14,1776,"independent"
10,1777,"independent"
14,1778,"independent"
10,1779,"independent"
14,1780,"independent"
18,1781,"independent"
12,1782,"independent"
12,1783,"independent"
12,1784,"independent"
14,1785,"independent"
16,1786,"independent"
14,1787,"independent"
12,1788,"independent"
16,1789,"independent"
20,1790,"independent"
14,1791,"independent"
12,1792,"independent"
16,1793,"independent"
16,1794,"independent"
14,1795,"independent"
12,1796,"independent"
12,1797,"independent"
16,1798,"independent"
10,1799,"independent"
14,1800,"independent"
10,1801,"independent"
16,1802,"independent"
12,1803,"independent"
10,1804,"independent"
14,1805,"independent"
14,1806,"independent"
16,1807,"independent"
10,1808,"independent"
10,1809,"independent"
14,1810,"independent"
10,1811,"independent"
8,1812,"independent"
12,1813,"independent"
14,1814,"independent"
18,1815,"independent"
14,1816,"independent"
16,1817,"independent"
12,1818,"independent"
14,1819,"independent"
12,1820,"independent"
14,1821,"independent"
12,1822,"independent"
12,1823,"independent"
14,1824,"independent"
12,1825,"independent"
14,1826,"independent"
12,1827,"independent"
12,1828,"independent"
14,1829,"independent"
14,1830,"independent"
10,1831,"independent"
14,1832,"independent"
8,1833,"independent"
12,1834,"independent"
8,1835,"independent"
12,1836,"independent"
16,1837,"independent"
20,1838,"independent"
16,1839,"independent"
10,1840,"independent"
12,1841,"independent"
12,1842,"independent"
14,1843,"independent"
16,1844,"independent"
14,1845,"independent"
14,1846,"independent"
10,1847,"independent"
12,1848,"independent"
12,1849,"independent"
18,1850,"independent"
12,1851,"independent"
12,1852,"independent"
12,1853,"independent"
16,1854,"independent"
14,1855,"independent"
16,1856,"independent"
10,1857,"independent"
16,1858,"independent"
14,1859,"independent"
8,1860,"independent"
12,1861,"independent"
10,1862,"independent"
14,1863,"independent"
10,1864,"independent"
14,1865,"independent"
10,1866,"independent"
12,1867,"independent"
8,1868,"independent"
10,1869,"independent"
12,1870,"independent"
14,1871,"independent"
16,1872,"independent"
16,1873,"independent"
18,1874,"independent"
16,1875,"independent"
12,1876,"independent"
8,1877,"independent"
16,1878,"independent"
16,1879,"independent"
6,1880,"independent"
10,1881,"independent"
14,1882,"independent"
10,1883,"independent"
12,1884,"independent"
8,1885,"independent"
12,1886,"independent"
14,1887,"independent"
14,1888,"independent"
20,1889,"independent"
12,1890,"independent"
16,1891,"independent"
16,1892,"independent"
6,1893,"independent"
12,1894,"independent"
10,1895,"independent"
14,1896,"independent"
12,1897,"independent"
10,1898,"independent"
14,1899,"independent"
16,1900,"independent"
14,1901,"independent"
12,1902,"independent"
14,1903,"independent"
12,1904,"independent"
8,1905,"independent"
14,1906,"independent"
16,1907,"independent"
16,1908,"independent"
10,1909,"independent"
16,1910,"independent"
12,1911,"independent"
14,1912,"independent"
12,1913,"independent"
16,1914,"independent"
14,1915,"independent"
14,1916,"independent"
4,1917,"independent"
10,1918,"independent"
10,1919,"independent"
14,1920,"independent"
16,1921,"independent"
18,1922,"independent"
14,1923,"independent"
14,1924,"independent"
16,1925,"independent"
12,1926,"independent"
18,1927,"independent"
8,1928,"independent"
12,1929,"independent"
14,1930,"independent"
10,1931,"independent"
14,1932,"independent"
12,1933,"independent"
12,1934,"independent"
12,1935,"independent"
14,1936,"independent"
12,1937,"independent"
14,1938,"independent"
18,1939,"independent"
12,1940,"independent"
14,1941,"independent"
10,1942,"independent"
16,1943,"independent"
16,1944,"independent"
8,1945,"independent"
8,1946,"independent"
16,1947,"independent"
16,1948,"independent"
12,1949,"independent"
6,1950,"independent"
12,1951,"independent"
12,1952,"independent"
14,1953,"independent"
12,1954,"independent"
18,1955,"independent"
10,1956,"independent"
12,1957,"independent"
14,1958,"independent"
14,1959,"independent"
12,1960,"independent"
8,1961,"independent"
12,1962,"independent"
16,1963,"independent"
8,1964,"independent"
16,1965,"independent"
12,1966,"independent"
18,1967,"independent"
12,1968,"independent"
16,1969,"independent"
12,1970,"independent"
16,1971,"independent"
16,1972,"independent"
12,1973,"independent"
14,1974,"independent"
14,1975,"independent"
14,1976,"independent"
14,1977,"independent"
12,1978,"independent"
10,1979,"independent"
12,1980,"independent"
10,1981,"independent"
12,1982,"independent"
10,1983,"independent"
8,1984,"independent"
14,1985,"independent"
14,1986,"independent"
8,1987,"independent"
16,1988,"independent"
14,1989,"independent"
12,1990,"independent"
12,1991,"independent"
16,1992,"independent"
16,1993,"independent"
16,1994,"independent"
16,1995,"independent"
10,1996,"independent"
12,1997,"independent"
14,1998,"independent"
14,1999,"independent"
12,2000,"independent"
10,2001,"independent"
8,2002,"independent"
12,2003,"independent"
18,2004,"independent"
16,2005,"independent"
18,2006,"independent"
14,2007,"independent"
16,2008,"independent"
14,2009,"independent"
14,2010,"independent"
18,2011,"independent"
14,2012,"independent"
10,2013,"independent"
12,2014,"independent"
16,2015,"independent"
10,2016,"independent"
14,2017,"independent"
16,2018,"independent"
10,2019,"independent"
14,2020,"independent"
14,2021,"independent"
12,2022,"independent"
14,2023,"independent"
10,2024,"independent"
12,2025,"independent"
10,2026,"independent"
12,2027,"independent"
10,2028,"independent"
16,2029,"independent"
16,2030,"independent"
10,2031,"independent"
16,2032,"independent"
12,2033,"independent"
12,2034,"independent"
14,2035,"independent"
16,2036,"independent"
14,2037,"independent"
10,2038,"independent"
12,2039,"independent"
6,2040,"independent"
14,2041,"independent"
16,2042,"independent"
10,2043,"independent"
16,2044,"independent"
16,2045,"independent"
12,2046,"independent"
14,2047,"independent"
14,2048,"independent"
10,2049,"independent"
10,2050,"independent"
10,2051,"independent"
10,2052,"independent"
14,2053,"independent"
16,2054,"independent"
14,2055,"independent"
12,2056,"independent"
16,2057,"independent"
16,2058,"independent"
12,2059,"independent"
10,2060,"independent"
16,2061,"independent"
14,2062,"independent"
16,2063,"independent"
16,2064,"independent"
8,2065,"independent"
16,2066,"independent"
12,2067,"independent"
14,2068,"independent"
18,2069,"independent"
12,2070,"independent"
14,2071,"independent"
14,2072,"independent"
16,2073,"independent"
16,2074,"independent"
12,2075,"independent"
12,2076,"independent"
12,2077,"independent"
12,2078,"independent"
10,2079,"independent"
8,2080,"independent"
16,2081,"independent"
8,2082,"independent"
10,2083,"independent"
10,2084,"independent"
12,2085,"independent"
10,2086,"independent"
10,2087,"independent"
14,2088,"independent"
10,2089,"independent"
10,2090,"independent"
10,2091,"independent"
12,2092,"independent"
14,2093,"independent"
18,2094,"independent"
10,2095,"independent"
12,2096,"independent"
12,2097,"independent"
12,2098,"independent"
14,2099,"independent"
12,2100,"independent"
12,2101,"independent"
14,2102,"independent"
14,2103,"independent"
16,2104,"independent"
10,2105,"independent"
12,2106,"independent"
12,2107,"independent"
16,2108,"independent"
12,2109,"independent"
12,2110,"independent"
14,2111,"independent"
12,2112,"independent"
14,2113,"independent"
6,2114,"independent"
10,2115,"independent"
14,2116,"independent"
16,2117,"independent"
14,2118,"independent"
14,2119,"independent"
14,2120,"independent"
8,2121,"independent"
14,2122,"independent"
14,2123,"independent"
16,2124,"independent"
18,2125,"independent"
16,2126,"independent"
16,2127,"independent"
16,2128,"independent"
12,2129,"independent"
8,2130,"independent"
10,2131,"independent"
14,2132,"independent"
16,2133,"independent"
14,2134,"independent"
12,2135,"independent"
16,2136,"independent"
10,2137,"independent"
16,2138,"independent"
12,2139,"independent"
14,2140,"independent"
14,2141,"independent"
14,2142,"independent"
12,2143,"independent"
16,2144,"independent"
12,2145,"independent"
20,2146,"independent"
16,2147,"independent"
10,2148,"independent"
12,2149,"independent"
14,2150,"independent"
14,2151,"independent"
16,2152,"independent"
12,2153,"independent"
16,2154,"independent"
12,2155,"independent"
10,2156,"independent"
12,2157,"independent"
10,2158,"independent"
14,2159,"independent"
14,2160,"independent"
14,2161,"independent"
16,2162,"independent"
12,2163,"independent"
16,2164,"independent"
14,2165,"independent"
12,2166,"independent"
12,2167,"independent"
18,2168,"independent"
14,2169,"independent"
14,2170,"independent"
12,2171,"independent"
16,2172,"independent"
16,2173,"independent"
12,2174,"independent"
16,2175,"independent"
14,2176,"independent"
16,2177,"independent"
14,2178,"independent"
14,2179,"independent"
8,2180,"independent"
10,2181,"independent"
14,2182,"independent"
14,2183,"independent"
16,2184,"independent"
16,2185,"independent"
12,2186,"independent"
16,2187,"independent"
10,2188,"independent"
10,2189,"independent"
16,2190,"independent"
14,2191,"independent"
18,2192,"independent"
10,2193,"independent"
12,2194,"independent"
14,2195,"independent"
14,2196,"independent"
16,2197,"independent"
16,2198,"independent"
14,2199,"independent"
18,2200,"independent"
8,2201,"independent"
12,2202,"independent"
12,2203,"independent"
16,2204,"independent"
12,2205,"independent"
12,2206,"independent"
8,2207,"independent"
16,2208,"independent"
14,2209,"independent"
10,2210,"independent"
14,2211,"independent"
16,2212,"independent"
16,2213,"independent"
18,2214,"independent"
14,2215,"independent"
14,2216,"independent"
16,2217,"independent"
12,2218,"independent"
14,2219,"independent"
12,2220,"independent"
14,2221,"independent"
12,2222,"independent"
18,2223,"independent"
14,2224,"independent"
14,2225,"independent"
14,2226,"independent"
12,2227,"independent"
16,2228,"independent"
14,2229,"independent"
14,2230,"independent"
16,2231,"independent"
16,2232,"independent"
12,2233,"independent"
14,2234,"independent"
10,2235,"independent"
14,2236,"independent"
14,2237,"independent"
14,2238,"independent"
22,2239,"independent"
12,2240,"independent"
10,2241,"independent"
10,2242,"independent"
14,2243,"independent"
18,2244,"independent"
12,2245,"independent"
8,2246,"independent"
10,2247,"independent"
14,2248,"independent"
14,2249,"independent"
8,2250,"independent"
12,2251,"independent"
12,2252,"independent"
10,2253,"independent"
12,2254,"independent"
12,2255,"independent"
16,2256,"independent"
16,2257,"independent"
12,2258,"independent"
14,2259,"independent"
10,2260,"independent"
10,2261,"independent"
14,2262,"independent"
16,2263,"independent"
16,2264,"independent"
14,2265,"independent"
10,2266,"independent"
14,2267,"independent"
10,2268,"independent"
14,2269,"independent"
12,2270,"independent"
10,2271,"independent"
12,2272,"independent"
12,2273,"independent"
8,2274,"independent"
12,2275,"independent"
14,2276,"independent"
10,2277,"independent"
14,2278,"independent"
14,2279,"independent"
10,2280,"independent"
12,2281,"independent"
14,2282,"independent"
14,2283,"independent"
14,2284,"independent"
8,2285,"independent"
10,2286,"independent"
18,2287,"independent"
16,2288,"independent"
16,2289,"independent"
18,2290,"independent"
14,2291,"independent"
18,2292,"independent"
14,2293,"independent"
16,2294,"independent"
10,2295,"independent"
16,2296,"independent"
12,2297,"independent"
10,2298,"independent"
12,2299,"independent"
14,2300,"independent"
14,2301,"independent"
6,2302,"independent"
16,2303,"independent"
14,2304,"independent"
14,2305,"independent"
16,2306,"independent"
10,2307,"independent"
12,2308,"independent"
10,2309,"independent"
14,2310,"independent"
12,2311,"independent"
10,2312,"independent"
16,2313,"independent"
14,2314,"independent"
14,2315,"independent"
14,2316,"independent"
14,2317,"independent"
12,2318,"independent"
14,2319,"independent"
10,2320,"independent"
16,2321,"independent"
16,2322,"independent"
16,2323,"independent"
14,2324,"independent"
12,2325,"independent"
12,2326,"independent"
12,2327,"independent"
16,2328,"independent"
14,2329,"independent"
12,2330,"independent"
14,2331,"independent"
12,2332,"independent"
12,2333,"independent"
16,2334,"independent"
12,2335,"independent"
16,2336,"independent"
12,2337,"independent"
14,2338,"independent"
20,2339,"independent"
16,2340,"independent"
12,2341,"independent"
12,2342,"independent"
8,2343,"independent"
14,2344,"independent"
10,2345,"independent"
12,2346,"independent"
12,2347,"independent"
16,2348,"independent"
16,2349,"independent"
10,2350,"independent"
22,2351,"independent"
14,2352,"independent"
16,2353,"independent"
16,2354,"independent"
10,2355,"independent"
8,2356,"independent"
14,2357,"independent"
14,2358,"independent"
12,2359,"independent"
12,2360,"independent"
10,2361,"independent"
14,2362,"independent"
10,2363,"independent"
12,2364,"independent"
14,2365,"independent"
12,2366,"independent"
14,2367,"independent"
10,2368,"independent"
12,2369,"independent"
12,2370,"independent"
14,2371,"independent"
14,2372,"independent"
18,2373,"independent"
14,2374,"independent"
12,2375,"independent"
18,2376,"independent"
14,2377,"independent"
16,2378,"independent"
14,2379,"independent"
16,2380,"independent"
18,2381,"independent"
14,2382,"independent"
14,2383,"independent"
10,2384,"independent"
14,2385,"independent"
10,2386,"independent"
12,2387,"independent"
14,2388,"independent"
16,2389,"independent"
12,2390,"independent"
14,2391,"independent"
10,2392,"independent"
16,2393,"independent"
12,2394,"independent"
14,2395,"independent"
12,2396,"independent"
12,2397,"independent"
12,2398,"independent"
16,2399,"independent"
8,2400,"independent"
10,2401,"independent"
14,2402,"independent"
14,2403,"independent"
12,2404,"independent"
12,2405,"independent"
14,2406,"independent"
14,2407,"independent"
12,2408,"independent"
14,2409,"independent"
16,2410,"independent"
14,2411,"independent"
14,2412,"independent"
14,2413,"independent"
10,2414,"independent"
14,2415,"independent"
14,2416,"independent"
14,2417,"independent"
8,2418,"independent"
12,2419,"independent"
12,2420,"independent"
14,2421,"independent"
12,2422,"independent"
12,2423,"independent"
10,2424,"independent"
6,2425,"independent"
16,2426,"independent"
14,2427,"independent"
16,2428,"independent"
14,2429,"independent"
14,2430,"independent"
14,2431,"independent"
14,2432,"independent"
10,2433,"independent"
14,2434,"independent"
14,2435,"independent"
16,2436,"independent"
12,2437,"independent"
12,2438,"independent"
16,2439,"independent"
12,2440,"independent"
10,2441,"independent"
8,2442,"independent"
12,2443,"independent"
8,2444,"independent"
14,2445,"independent"
12,2446,"independent"
14,2447,"independent"
14,2448,"independent"
12,2449,"independent"
16,2450,"independent"
12,2451,"independent"
16,2452,"independent"
12,2453,"independent"
8,2454,"independent"
14,2455,"independent"
6,2456,"independent"
16,2457,"independent"
12,2458,"independent"
12,2459,"independent"
16,2460,"independent"
12,2461,"independent"
14,2462,"independent"
14,2463,"independent"
14,2464,"independent"
14,2465,"independent"
10,2466,"independent"
18,2467,"independent"
12,2468,"independent"
12,2469,"independent"
16,2470,"independent"
16,2471,"independent"
12,2472,"independent"
10,2473,"independent"
8,2474,"independent"
14,2475,"independent"
12,2476,"independent"
12,2477,"independent"
12,2478,"independent"
12,2479,"independent"
10,2480,"independent"
16,2481,"independent"
14,2482,"independent"
12,2483,"independent"
14,2484,"independent"
8,2485,"independent"
12,2486,"independent"
8,2487,"independent"
12,2488,"independent"
12,2489,"independent"
16,2490,"independent"
16,2491,"independent"
14,2492,"independent"
12,2493,"independent"
12,2494,"independent"
14,2495,"independent"
12,2496,"independent"
12,2497,"independent"
16,2498,"independent"
12,2499,"independent"
18,2500,"independent"
10,2501,"independent"
16,2502,"independent"
14,2503,"independent"
6,2504,"independent"
12,2505,"independent"
12,2506,"independent"
14,2507,"independent"
8,2508,"independent"
16,2509,"independent"
14,2510,"independent"
12,2511,"independent"
14,2512,"independent"
14,2513,"independent"
12,2514,"independent"
14,2515,"independent"
14,2516,"independent"
14,2517,"independent"
16,2518,"independent"
14,2519,"independent"
10,2520,"independent"
14,2521,"independent"
14,2522,"independent"
14,2523,"independent"
10,2524,"independent"
10,2525,"independent"
12,2526,"independent"
14,2527,"independent"
14,2528,"independent"
14,2529,"independent"
18,2530,"independent"
14,2531,"independent"
14,2532,"independent"
12,2533,"independent"
12,2534,"independent"
10,2535,"independent"
10,2536,"independent"
14,2537,"independent"
12,2538,"independent"
8,2539,"independent"
12,2540,"independent"
14,2541,"independent"
12,2542,"independent"
14,2543,"independent"
16,2544,"independent"
14,2545,"independent"
14,2546,"independent"
14,2547,"independent"
16,2548,"independent"
14,2549,"independent"
14,2550,"independent"
10,2551,"independent"
10,2552,"independent"
16,2553,"independent"
12,2554,"independent"
16,2555,"independent"
14,2556,"independent"
18,2557,"independent"
10,2558,"independent"
14,2559,"independent"
12,2560,"independent"
14,2561,"independent"
12,2562,"independent"
16,2563,"independent"
14,2564,"independent"
14,2565,"independent"
14,2566,"independent"
4,2567,"independent"
14,2568,"independent"
14,2569,"independent"
12,2570,"independent"
18,2571,"independent"
12,2572,"independent"
14,2573,"independent"
14,2574,"independent"
16,2575,"independent"
12,2576,"independent"
18,2577,"independent"
12,2578,"independent"
10,2579,"independent"
12,2580,"independent"
10,2581,"independent"
10,2582,"independent"
14,2583,"independent"
16,2584,"independent"
16,2585,"independent"
16,2586,"independent"
16,2587,"independent"
14,2588,"independent"
16,2589,"independent"
14,2590,"independent"
12,2591,"independent"
16,2592,"independent"
12,2593,"independent"
12,2594,"independent"
14,2595,"independent"
12,2596,"independent"
14,2597,"independent"
12,2598,"independent"
12,2599,"independent"
14,2600,"independent"
12,2601,"independent"
18,2602,"independent"
12,2603,"independent"
14,2604,"independent"
12,2605,"independent"
8,2606,"independent"
14,2607,"independent"
16,2608,"independent"
16,2609,"independent"
10,2610,"independent"
12,2611,"independent"
14,2612,"independent"
14,2613,"independent"
10,2614,"independent"
16,2615,"independent"
10,2616,"independent"
14,2617,"independent"
14,2618,"independent"
14,2619,"independent"
14,2620,"independent"
16,2621,"independent"
14,2622,"independent"
14,2623,"independent"
10,2624,"independent"
12,2625,"independent"
12,2626,"independent"
14,2627,"independent"
8,2628,"independent"
10,2629,"independent"
16,2630,"independent"
12,2631,"independent"
14,2632,"independent"
10,2633,"independent"
12,2634,"independent"
12,2635,"independent"
16,2636,"independent"
18,2637,"independent"
10,2638,"independent"
16,2639,"independent"
18,2640,"independent"
16,2641,"independent"
12,2642,"independent"
12,2643,"independent"
10,2644,"independent"
16,2645,"independent"
14,2646,"independent"
14,2647,"independent"
14,2648,"independent"
14,2649,"independent"
12,2650,"independent"
8,2651,"independent"
12,2652,"independent"
18,2653,"independent"
14,2654,"independent"
14,2655,"independent"
12,2656,"independent"
14,2657,"independent"
12,2658,"independent"
6,2659,"independent"
14,2660,"independent"
12,2661,"independent"
18,2662,"independent"
10,2663,"independent"
8,2664,"independent"
16,2665,"independent"
10,2666,"independent"
14,2667,"independent"
12,2668,"independent"
14,2669,"independent"
12,2670,"independent"
14,2671,"independent"
14,2672,"independent"
8,2673,"independent"
16,2674,"independent"
14,2675,"independent"
12,2676,"independent"
16,2677,"independent"
16,2678,"independent"
16,2679,"independent"
18,2680,"independent"
16,2681,"independent"
16,2682,"independent"
14,2683,"independent"
12,2684,"independent"
12,2685,"independent"
16,2686,"independent"
16,2687,"independent"
14,2688,"independent"
12,2689,"independent"
12,2690,"independent"
10,2691,"independent"
14,2692,"independent"
16,2693,"independent"
12,2694,"independent"
12,2695,"independent"
14,2696,"independent"
8,2697,"independent"
12,2698,"independent"
12,2699,"independent"
14,2700,"independent"
14,2701,"independent"
14,2702,"independent"
14,2703,"independent"
14,2704,"independent"
12,2705,"independent"
16,2706,"independent"
12,2707,"independent"
8,2708,"independent"
12,2709,"independent"
10,2710,"independent"
12,2711,"independent"
18,2712,"independent"
14,2713,"independent"
14,2714,"independent"
8,2715,"independent"
4,2716,"independent"
18,2717,"independent"
12,2718,"independent"
10,2719,"independent"
10,2720,"independent"
12,2721,"independent"
12,2722,"independent"
16,2723,"independent"
10,2724,"independent"
14,2725,"independent"
16,2726,"independent"
14,2727,"independent"
14,2728,"independent"
12,2729,"independent"
16,2730,"independent"
10,2731,"independent"
12,2732,"independent"
14,2733,"independent"
16,2734,"independent"
12,2735,"independent"
12,2736,"independent"
18,2737,"independent"
12,2738,"independent"
16,2739,"independent"
16,2740,"independent"
10,2741,"independent"
16,2742,"independent"
14,2743,"independent"
14,2744,"independent"
16,2745,"independent"
14,2746,"independent"
12,2747,"independent"
18,2748,"independent"
16,2749,"independent"
16,2750,"independent"
10,2751,"independent"
16,2752,"independent"
12,2753,"independent"
14,2754,"independent"
16,2755,"independent"
14,2756,"independent"
12,2757,"independent"
16,2758,"independent"
12,2759,"independent"
16,2760,"independent"
10,2761,"independent"
12,2762,"independent"
10,2763,"independent"
10,2764,"independent"
14,2765,"independent"
10,2766,"independent"
14,2767,"independent"
16,2768,"independent"
14,2769,"independent"
16,2770,"independent"
12,2771,"independent"
12,2772,"independent"
14,2773,"independent"
12,2774,"independent"
10,2775,"independent"
12,2776,"independent"
14,2777,"independent"
12,2778,"independent"
12,2779,"independent"
14,2780,"independent"
22,2781,"independent"
16,2782,"independent"
12,2783,"independent"
10,2784,"independent"
16,2785,"independent"
14,2786,"independent"
12,2787,"independent"
14,2788,"independent"
10,2789,"independent"
12,2790,"independent"
8,2791,"independent"
14,2792,"independent"
14,2793,"independent"
16,2794,"independent"
6,2795,"independent"
12,2796,"independent"
16,2797,"independent"
14,2798,"independent"
14,2799,"independent"
14,2800,"independent"
14,2801,"independent"
8,2802,"independent"
14,2803,"independent"
14,2804,"independent"
18,2805,"independent"
10,2806,"independent"
14,2807,"independent"
10,2808,"independent"
12,2809,"independent"
10,2810,"independent"
14,2811,"independent"
12,2812,"independent"
18,2813,"independent"
10,2814,"independent"
14,2815,"independent"
16,2816,"independent"
12,2817,"independent"
8,2818,"independent"
8,2819,"independent"
12,2820,"independent"
12,2821,"independent"
14,2822,"independent"
14,2823,"independent"
16,2824,"independent"
16,2825,"independent"
12,2826,"independent"
10,2827,"independent"
14,2828,"independent"
14,2829,"independent"
12,2830,"independent"
12,2831,"independent"
12,2832,"independent"
12,2833,"independent"
12,2834,"independent"
12,2835,"independent"
16,2836,"independent"
16,2837,"independent"
12,2838,"independent"
14,2839,"independent"
14,2840,"independent"
14,2841,"independent"
8,2842,"independent"
12,2843,"independent"
14,2844,"independent"
10,2845,"independent"
14,2846,"independent"
14,2847,"independent"
12,2848,"independent"
14,2849,"independent"
14,2850,"independent"
16,2851,"independent"
10,2852,"independent"
14,2853,"independent"
8,2854,"independent"
16,2855,"independent"
14,2856,"independent"
12,2857,"independent"
14,2858,"independent"
16,2859,"independent"
12,2860,"independent"
14,2861,"independent"
14,2862,"independent"
12,2863,"independent"
12,2864,"independent"
14,2865,"independent"
16,2866,"independent"
14,2867,"independent"
10,2868,"independent"
16,2869,"independent"
16,2870,"independent"
16,2871,"independent"
10,2872,"independent"
12,2873,"independent"
14,2874,"independent"
16,2875,"independent"
10,2876,"independent"
6,2877,"independent"
16,2878,"independent"
14,2879,"independent"
16,2880,"independent"
14,2881,"independent"
6,2882,"independent"
10,2883,"independent"
14,2884,"independent"
14,2885,"independent"
14,2886,"independent"
16,2887,"independent"
14,2888,"independent"
16,2889,"independent"
10,2890,"independent"
16,2891,"independent"
12,2892,"independent"
14,2893,"independent"
16,2894,"independent"
12,2895,"independent"
14,2896,"independent"
12,2897,"independent"
12,2898,"independent"
16,2899,"independent"
10,2900,"independent"
12,2901,"independent"
12,2902,"independent"
14,2903,"independent"
14,2904,"independent"
12,2905,"independent"
12,2906,"independent"
12,2907,"independent"
14,2908,"independent"
14,2909,"independent"
10,2910,"independent"
14,2911,"independent"
16,2912,"independent"
20,2913,"independent"
14,2914,"independent"
14,2915,"independent"
12,2916,"independent"
18,2917,"independent"
10,2918,"independent"
14,2919,"independent"
14,2920,"independent"
16,2921,"independent"
12,2922,"independent"
16,2923,"independent"
16,2924,"independent"
6,2925,"independent"
14,2926,"independent"
10,2927,"independent"
12,2928,"independent"
12,2929,"independent"
16,2930,"independent"
12,2931,"independent"
14,2932,"independent"
14,2933,"independent"
12,2934,"independent"
12,2935,"independent"
12,2936,"independent"
8,2937,"independent"
16,2938,"independent"
8,2939,"independent"
12,2940,"independent"
10,2941,"independent"
18,2942,"independent"
16,2943,"independent"
12,2944,"independent"
14,2945,"independent"
14,2946,"independent"
12,2947,"independent"
12,2948,"independent"
10,2949,"independent"
10,2950,"independent"
16,2951,"independent"
14,2952,"independent"
12,2953,"independent"
14,2954,"independent"
12,2955,"independent"
16,2956,"independent"
14,2957,"independent"
12,2958,"independent"
14,2959,"independent"
10,2960,"independent"
8,2961,"independent"
18,2962,"independent"
16,2963,"independent"
16,2964,"independent"
12,2965,"independent"
16,2966,"independent"
14,2967,"independent"
16,2968,"independent"
12,2969,"independent"
16,2970,"independent"
16,2971,"independent"
12,2972,"independent"
8,2973,"independent"
14,2974,"independent"
14,2975,"independent"
10,2976,"independent"
14,2977,"independent"
14,2978,"independent"
16,2979,"independent"
12,2980,"independent"
14,2981,"independent"
16,2982,"independent"
16,2983,"independent"
14,2984,"independent"
12,2985,"independent"
4,2986,"independent"
14,2987,"independent"
16,2988,"independent"
14,2989,"independent"
10,2990,"independent"
14,2991,"independent"
12,2992,"independent"
14,2993,"independent"
10,2994,"independent"
10,2995,"independent"
14,2996,"independent"
12,2997,"independent"
16,2998,"independent"
12,2999,"independent"
12,3000,"independent"
10,3001,"independent"
14,3002,"independent"
14,3003,"independent"
16,3004,"independent"
10,3005,"independent"
14,3006,"independent"
12,3007,"independent"
16,3008,"independent"
12,3009,"independent"
12,3010,"independent"
12,3011,"independent"
16,3012,"independent"
14,3013,"independent"
16,3014,"independent"
16,3015,"independent"
14,3016,"independent"
14,3017,"independent"
16,3018,"independent"
12,3019,"independent"
12,3020,"independent"
8,3021,"independent"
12,3022,"independent"
10,3023,"independent"
10,3024,"independent"
12,3025,"independent"
10,3026,"independent"
16,3027,"independent"
14,3028,"independent"
14,3029,"independent"
14,3030,"independent"
12,3031,"independent"
8,3032,"independent"
16,3033,"independent"
14,3034,"independent"
10,3035,"independent"
10,3036,"independent"
12,3037,"independent"
14,3038,"independent"
10,3039,"independent"
8,3040,"independent"
10,3041,"independent"
12,3042,"independent"
12,3043,"independent"
16,3044,"independent"
12,3045,"independent"
12,3046,"independent"
12,3047,"independent"
12,3048,"independent"
14,3049,"independent"
12,3050,"independent"
10,3051,"independent"
14,3052,"independent"
12,3053,"independent"
14,3054,"independent"
14,3055,"independent"
14,3056,"independent"
14,3057,"independent"
14,3058,"independent"
10,3059,"independent"
14,3060,"independent"
14,3061,"independent"
16,3062,"independent"
12,3063,"independent"
12,3064,"independent"
12,3065,"independent"
10,3066,"independent"
8,3067,"independent"
12,3068,"independent"
14,3069,"independent"
8,3070,"independent"
14,3071,"independent"
14,3072,"independent"
14,3073,"independent"
18,3074,"independent"
10,3075,"independent"
12,3076,"independent"
16,3077,"independent"
12,3078,"independent"
12,3079,"independent"
14,3080,"independent"
10,3081,"independent"
8,3082,"independent"
16,3083,"independent"
12,3084,"independent"
8,3085,"independent"
10,3086,"independent"
8,3087,"independent"
12,3088,"independent"
10,3089,"independent"
12,3090,"independent"
14,3091,"independent"
12,3092,"independent"
12,3093,"independent"
6,3094,"independent"
12,3095,"independent"
14,3096,"independent"
14,3097,"independent"
14,3098,"independent"
16,3099,"independent"
12,3100,"independent"
10,3101,"independent"
16,3102,"independent"
12,3103,"independent"
8,3104,"independent"
14,3105,"independent"
10,3106,"independent"
16,3107,"independent"
14,3108,"independent"
14,3109,"independent"
14,3110,"independent"
6,3111,"independent"
12,3112,"independent"
12,3113,"independent"
8,3114,"independent"
16,3115,"independent"
14,3116,"independent"
14,3117,"independent"
14,3118,"independent"
14,3119,"independent"
14,3120,"independent"
12,3121,"independent"
10,3122,"independent"
16,3123,"independent"
14,3124,"independent"
8,3125,"independent"
10,3126,"independent"
12,3127,"independent"
16,3128,"independent"
16,3129,"independent"
10,3130,"independent"
16,3131,"independent"
16,3132,"independent"
14,3133,"independent"
10,3134,"independent"
18,3135,"independent"
14,3136,"independent"
12,3137,"independent"
12,3138,"independent"
14,3139,"independent"
14,3140,"independent"
14,3141,"independent"
14,3142,"independent"
12,3143,"independent"
8,3144,"independent"
12,3145,"independent"
14,3146,"independent"
10,3147,"independent"
14,3148,"independent"
12,3149,"independent"
10,3150,"independent"
12,3151,"independent"
12,3152,"independent"
10,3153,"independent"
16,3154,"independent"
12,3155,"independent"
16,3156,"independent"
12,3157,"independent"
10,3158,"independent"
16,3159,"independent"
18,3160,"independent"
8,3161,"independent"
12,3162,"independent"
10,3163,"independent"
10,3164,"independent"
14,3165,"independent"
16,3166,"independent"
16,3167,"independent"
14,3168,"independent"
10,3169,"independent"
6,3170,"independent"
12,3171,"independent"
14,3172,"independent"
12,3173,"independent"
16,3174,"independent"
12,3175,"independent"
8,3176,"independent"
12,3177,"independent"
16,3178,"independent"
14,3179,"independent"
12,3180,"independent"
10,3181,"independent"
12,3182,"independent"
16,3183,"independent"
12,3184,"independent"
14,3185,"independent"
14,3186,"independent"
12,3187,"independent"
12,3188,"independent"
14,3189,"independent"
14,3190,"independent"
8,3191,"independent"
10,3192,"independent"
14,3193,"independent"
10,3194,"independent"
14,3195,"independent"
12,3196,"independent"
12,3197,"independent"
12,3198,"independent"
14,3199,"independent"
12,3200,"independent"
16,3201,"independent"
10,3202,"independent"
12,3203,"independent"
14,3204,"independent"
10,3205,"independent"
8,3206,"independent"
10,3207,"independent"
12,3208,"independent"
14,3209,"independent"
12,3210,"independent"
8,3211,"independent"
10,3212,"independent"
12,3213,"independent"
12,3214,"independent"
14,3215,"independent"
16,3216,"independent"
16,3217,"independent"
14,3218,"independent"
14,3219,"independent"
10,3220,"independent"
16,3221,"independent"
4,3222,"independent"
14,3223,"independent"
16,3224,"independent"
14,3225,"independent"
12,3226,"independent"
10,3227,"independent"
16,3228,"independent"
10,3229,"independent"
12,3230,"independent"
10,3231,"independent"
12,3232,"independent"
12,3233,"independent"
18,3234,"independent"
10,3235,"independent"
14,3236,"independent"
14,3237,"independent"
10,3238,"independent"
8,3239,"independent"
16,3240,"independent"
12,3241,"independent"
6,3242,"independent"
12,3243,"independent"
12,3244,"independent"
8,3245,"independent"
8,3246,"independent"
14,3247,"independent"
16,3248,"independent"
12,3249,"independent"
8,3250,"independent"
12,3251,"independent"
12,3252,"independent"
16,3253,"independent"
14,3254,"independent"
18,3255,"independent"
14,3256,"independent"
14,3257,"independent"
14,3258,"independent"
14,3259,"independent"
8,3260,"independent"
10,3261,"independent"
18,3262,"independent"
14,3263,"independent"
16,3264,"independent"
16,3265,"independent"
12,3266,"independent"
12,3267,"independent"
14,3268,"independent"
18,3269,"independent"
12,3270,"independent"
14,3271,"independent"
14,3272,"independent"
18,3273,"independent"
12,3274,"independent"
10,3275,"independent"
12,3276,"independent"
16,3277,"independent"
12,3278,"independent"
12,3279,"independent"
14,3280,"independent"
16,3281,"independent"
14,3282,"independent"
14,3283,"independent"
12,3284,"independent"
4,3285,"independent"
12,3286,"independent"
12,3287,"independent"
10,3288,"independent"
16,3289,"independent"
14,3290,"independent"
14,3291,"independent"
14,3292,"independent"
16,3293,"independent"
14,3294,"independent"
12,3295,"independent"
16,3296,"independent"
10,3297,"independent"
14,3298,"independent"
18,3299,"independent"
14,3300,"independent"
18,3301,"independent"
14,3302,"independent"
12,3303,"independent"
8,3304,"independent"
12,3305,"independent"
16,3306,"independent"
12,3307,"independent"
16,3308,"independent"
14,3309,"independent"
8,3310,"independent"
14,3311,"independent"
12,3312,"independent"
12,3313,"independent"
10,3314,"independent"
14,3315,"independent"
10,3316,"independent"
16,3317,"independent"
16,3318,"independent"
14,3319,"independent"
12,3320,"independent"
14,3321,"independent"
10,3322,"independent"
14,3323,"independent"
12,3324,"independent"
10,3325,"independent"
14,3326,"independent"
12,3327,"independent"
10,3328,"independent"
20,3329,"independent"
14,3330,"independent"
12,3331,"independent"
10,3332,"independent"
12,3333,"independent"
12,3334,"independent"
14,3335,"independent"
10,3336,"independent"
16,3337,"independent"
14,3338,"independent"
12,3339,"independent"
10,3340,"independent"
10,3341,"independent"
14,3342,"independent"
12,3343,"independent"
12,3344,"independent"
10,3345,"independent"
14,3346,"independent"
16,3347,"independent"
12,3348,"independent"
14,3349,"independent"
12,3350,"independent"
12,3351,"independent"
16,3352,"independent"
10,3353,"independent"
12,3354,"independent"
16,3355,"independent"
10,3356,"independent"
18,3357,"independent"
10,3358,"independent"
10,3359,"independent"
14,3360,"independent"
12,3361,"independent"
14,3362,"independent"
12,3363,"independent"
12,3364,"independent"
16,3365,"independent"
12,3366,"independent"
10,3367,"independent"
16,3368,"independent"
14,3369,"independent"
10,3370,"independent"
12,3371,"independent"
14,3372,"independent"
14,3373,"independent"
14,3374,"independent"
16,3375,"independent"
14,3376,"independent"
14,3377,"independent"
8,3378,"independent"
16,3379,"independent"
12,3380,"independent"
14,3381,"independent"
12,3382,"independent"
12,3383,"independent"
16,3384,"independent"
10,3385,"independent"
10,3386,"independent"
8,3387,"independent"
10,3388,"independent"
14,3389,"independent"
14,3390,"independent"
10,3391,"independent"
10,3392,"independent"
16,3393,"independent"
8,3394,"independent"
12,3395,"independent"
14,3396,"independent"
12,3397,"independent"
18,3398,"independent"
12,3399,"independent"
10,3400,"independent"
12,3401,"independent"
14,3402,"independent"
18,3403,"independent"
16,3404,"independent"
16,3405,"independent"
14,3406,"independent"
16,3407,"independent"
12,3408,"independent"
14,3409,"independent"
10,3410,"independent"
16,3411,"independent"
12,3412,"independent"
12,3413,"independent"
16,3414,"independent"
14,3415,"independent"
12,3416,"independent"
16,3417,"independent"
12,3418,"independent"
18,3419,"independent"
16,3420,"independent"
14,3421,"independent"
10,3422,"independent"
16,3423,"independent"
16,3424,"independent"
14,3425,"independent"
14,3426,"independent"
14,3427,"independent"
12,3428,"independent"
14,3429,"independent"
12,3430,"independent"
12,3431,"independent"
14,3432,"independent"
16,3433,"independent"
12,3434,"independent"
6,3435,"independent"
6,3436,"independent"
12,3437,"independent"
12,3438,"independent"
10,3439,"independent"
16,3440,"independent"
14,3441,"independent"
14,3442,"independent"
10,3443,"independent"
10,3444,"independent"
10,3445,"independent"
14,3446,"independent"
10,3447,"independent"
12,3448,"independent"
16,3449,"independent"
12,3450,"independent"
14,3451,"independent"
14,3452,"independent"
12,3453,"independent"
14,3454,"independent"
14,3455,"independent"
8,3456,"independent"
16,3457,"independent"
14,3458,"independent"
16,3459,"independent"
12,3460,"independent"
14,3461,"independent"
14,3462,"independent"
10,3463,"independent"
12,3464,"independent"
12,3465,"independent"
14,3466,"independent"
14,3467,"independent"
16,3468,"independent"
16,3469,"independent"
14,3470,"independent"
12,3471,"independent"
14,3472,"independent"
12,3473,"independent"
14,3474,"independent"
6,3475,"independent"
10,3476,"independent"
12,3477,"independent"
10,3478,"independent"
16,3479,"independent"
14,3480,"independent"
14,3481,"independent"
14,3482,"independent"
18,3483,"independent"
14,3484,"independent"
12,3485,"independent"
10,3486,"independent"
14,3487,"independent"
12,3488,"independent"
14,3489,"independent"
14,3490,"independent"
14,3491,"independent"
14,3492,"independent"
16,3493,"independent"
14,3494,"independent"
16,3495,"independent"
14,3496,"independent"
10,3497,"independent"
12,3498,"independent"
10,3499,"independent"
8,3500,"independent"
10,3501,"independent"
16,3502,"independent"
14,3503,"independent"
14,3504,"independent"
16,3505,"independent"
12,3506,"independent"
16,3507,"independent"
12,3508,"independent"
16,3509,"independent"
16,3510,"independent"
10,3511,"independent"
16,3512,"independent"
10,3513,"independent"
12,3514,"independent"
12,3515,"independent"
16,3516,"independent"
16,3517,"independent"
14,3518,"independent"
16,3519,"independent"
16,3520,"independent"
14,3521,"independent"
16,3522,"independent"
14,3523,"independent"
8,3524,"independent"
16,3525,"independent"
10,3526,"independent"
12,3527,"independent"
8,3528,"independent"
12,3529,"independent"
12,3530,"independent"
12,3531,"independent"
10,3532,"independent"
12,3533,"independent"
16,3534,"independent"
14,3535,"independent"
14,3536,"independent"
12,3537,"independent"
12,3538,"independent"
14,3539,"independent"
12,3540,"independent"
10,3541,"independent"
14,3542,"independent"
12,3543,"independent"
12,3544,"independent"
14,3545,"independent"
12,3546,"independent"
14,3547,"independent"
14,3548,"independent"
12,3549,"independent"
14,3550,"independent"
14,3551,"independent"
10,3552,"independent"
16,3553,"independent"
14,3554,"independent"
14,3555,"independent"
12,3556,"independent"
10,3557,"independent"
12,3558,"independent"
8,3559,"independent"
14,3560,"independent"
12,3561,"independent"
10,3562,"independent"
12,3563,"independent"
12,3564,"independent"
18,3565,"independent"
14,3566,"independent"
14,3567,"independent"
14,3568,"independent"
12,3569,"independent"
18,3570,"independent"
14,3571,"independent"
12,3572,"independent"
12,3573,"independent"
14,3574,"independent"
12,3575,"independent"
10,3576,"independent"
12,3577,"independent"
16,3578,"independent"
12,3579,"independent"
14,3580,"independent"
16,3581,"independent"
12,3582,"independent"
14,3583,"independent"
10,3584,"independent"
14,3585,"independent"
12,3586,"independent"
10,3587,"independent"
14,3588,"independent"
12,3589,"independent"
14,3590,"independent"
14,3591,"independent"
14,3592,"independent"
12,3593,"independent"
10,3594,"independent"
8,3595,"independent"
10,3596,"independent"
12,3597,"independent"
12,3598,"independent"
12,3599,"independent"
12,3600,"independent"
12,3601,"independent"
14,3602,"independent"
18,3603,"independent"
14,3604,"independent"
10,3605,"independent"
14,3606,"independent"
18,3607,"independent"
16,3608,"independent"
10,3609,"independent"
12,3610,"independent"
14,3611,"independent"
12,3612,"independent"
10,3613,"independent"
14,3614,"independent"
14,3615,"independent"
14,3616,"independent"
12,3617,"independent"
10,3618,"independent"
14,3619,"independent"
14,3620,"independent"
12,3621,"independent"
8,3622,"independent"
12,3623,"independent"
12,3624,"independent"
18,3625,"independent"
12,3626,"independent"
16,3627,"independent"
10,3628,"independent"
14,3629,"independent"
16,3630,"independent"
12,3631,"independent"
14,3632,"independent"
16,3633,"independent"
16,3634,"independent"
12,3635,"independent"
10,3636,"independent"
12,3637,"independent"
16,3638,"independent"
10,3639,"independent"
14,3640,"independent"
14,3641,"independent"
10,3642,"independent"
12,3643,"independent"
10,3644,"independent"
14,3645,"independent"
14,3646,"independent"
8,3647,"independent"
10,3648,"independent"
14,3649,"independent"
16,3650,"independent"
16,3651,"independent"
12,3652,"independent"
16,3653,"independent"
10,3654,"independent"
18,3655,"independent"
14,3656,"independent"
10,3657,"independent"
12,3658,"independent"
12,3659,"independent"
14,3660,"independent"
12,3661,"independent"
14,3662,"independent"
18,3663,"independent"
14,3664,"independent"
10,3665,"independent"
14,3666,"independent"
14,3667,"independent"
14,3668,"independent"
12,3669,"independent"
8,3670,"independent"
14,3671,"independent"
12,3672,"independent"
14,3673,"independent"
16,3674,"independent"
16,3675,"independent"
12,3676,"independent"
16,3677,"independent"
12,3678,"independent"
18,3679,"independent"
12,3680,"independent"
12,3681,"independent"
16,3682,"independent"
8,3683,"independent"
18,3684,"independent"
16,3685,"independent"
12,3686,"independent"
14,3687,"independent"
14,3688,"independent"
12,3689,"independent"
12,3690,"independent"
16,3691,"independent"
14,3692,"independent"
14,3693,"independent"
10,3694,"independent"
12,3695,"independent"
14,3696,"independent"
14,3697,"independent"
12,3698,"independent"
14,3699,"independent"
10,3700,"independent"
12,3701,"independent"
10,3702,"independent"
10,3703,"independent"
18,3704,"independent"
14,3705,"independent"
16,3706,"independent"
16,3707,"independent"
8,3708,"independent"
16,3709,"independent"
12,3710,"independent"
16,3711,"independent"
10,3712,"independent"
14,3713,"independent"
12,3714,"independent"
14,3715,"independent"
8,3716,"independent"
16,3717,"independent"
16,3718,"independent"
16,3719,"independent"
14,3720,"independent"
6,3721,"independent"
16,3722,"independent"
14,3723,"independent"
16,3724,"independent"
12,3725,"independent"
14,3726,"independent"
14,3727,"independent"
10,3728,"independent"
8,3729,"independent"
10,3730,"independent"
14,3731,"independent"
14,3732,"independent"
8,3733,"independent"
12,3734,"independent"
16,3735,"independent"
12,3736,"independent"
14,3737,"independent"
14,3738,"independent"
8,3739,"independent"
14,3740,"independent"
16,3741,"independent"
16,3742,"independent"
10,3743,"independent"
16,3744,"independent"
14,3745,"independent"
12,3746,"independent"
14,3747,"independent"
16,3748,"independent"
14,3749,"independent"
16,3750,"independent"
16,3751,"independent"
14,3752,"independent"
14,3753,"independent"
14,3754,"independent"
16,3755,"independent"
14,3756,"independent"
12,3757,"independent"
14,3758,"independent"
12,3759,"independent"
16,3760,"independent"
12,3761,"independent"
10,3762,"independent"
14,3763,"independent"
12,3764,"independent"
12,3765,"independent"
16,3766,"independent"
16,3767,"independent"
8,3768,"independent"
16,3769,"independent"
10,3770,"independent"
14,3771,"independent"
14,3772,"independent"
12,3773,"independent"
8,3774,"independent"
12,3775,"independent"
10,3776,"independent"
12,3777,"independent"
12,3778,"independent"
14,3779,"independent"
16,3780,"independent"
10,3781,"independent"
6,3782,"independent"
14,3783,"independent"
14,3784,"independent"
14,3785,"independent"
16,3786,"independent"
14,3787,"independent"
18,3788,"independent"
12,3789,"independent"
16,3790,"independent"
14,3791,"independent"
14,3792,"independent"
14,3793,"independent"
14,3794,"independent"
18,3795,"independent"
14,3796,"independent"
14,3797,"independent"
12,3798,"independent"
12,3799,"independent"
10,3800,"independent"
16,3801,"independent"
14,3802,"independent"
12,3803,"independent"
10,3804,"independent"
14,3805,"independent"
14,3806,"independent"
14,3807,"independent"
10,3808,"independent"
10,3809,"independent"
12,3810,"independent"
16,3811,"independent"
18,3812,"independent"
12,3813,"independent"
14,3814,"independent"
14,3815,"independent"
14,3816,"independent"
16,3817,"independent"
8,3818,"independent"
12,3819,"independent"
10,3820,"independent"
14,3821,"independent"
8,3822,"independent"
12,3823,"independent"
12,3824,"independent"
12,3825,"independent"
10,3826,"independent"
14,3827,"independent"
12,3828,"independent"
14,3829,"independent"
12,3830,"independent"
18,3831,"independent"
16,3832,"independent"
8,3833,"independent"
14,3834,"independent"
8,3835,"independent"
12,3836,"independent"
8,3837,"independent"
14,3838,"independent"
12,3839,"independent"
16,3840,"independent"
16,3841,"independent"
10,3842,"independent"
14,3843,"independent"
12,3844,"independent"
12,3845,"independent"
12,3846,"independent"
8,3847,"independent"
12,3848,"independent"
16,3849,"independent"
14,3850,"independent"
12,3851,"independent"
14,3852,"independent"
14,3853,"independent"
8,3854,"independent"
18,3855,"independent"
10,3856,"independent"
8,3857,"independent"
14,3858,"independent"
16,3859,"independent"
8,3860,"independent"
16,3861,"independent"
14,3862,"independent"
18,3863,"independent"
16,3864,"independent"
14,3865,"independent"
10,3866,"independent"
16,3867,"independent"
12,3868,"independent"
10,3869,"independent"
12,3870,"independent"
16,3871,"independent"
12,3872,"independent"
12,3873,"independent"
12,3874,"independent"
14,3875,"independent"
12,3876,"independent"
14,3877,"independent"
18,3878,"independent"
14,3879,"independent"
10,3880,"independent"
10,3881,"independent"
14,3882,"independent"
14,3883,"independent"
14,3884,"independent"
10,3885,"independent"
10,3886,"independent"
14,3887,"independent"
14,3888,"independent"
16,3889,"independent"
10,3890,"independent"
16,3891,"independent"
14,3892,"independent"
16,3893,"independent"
8,3894,"independent"
12,3895,"independent"
10,3896,"independent"
14,3897,"independent"
12,3898,"independent"
10,3899,"independent"
14,3900,"independent"
12,3901,"independent"
10,3902,"independent"
10,3903,"independent"
14,3904,"independent"
10,3905,"independent"
16,3906,"independent"
16,3907,"independent"
12,3908,"independent"
14,3909,"independent"
10,3910,"independent"
14,3911,"independent"
14,3912,"independent"
14,3913,"independent"
12,3914,"independent"
12,3915,"independent"
10,3916,"independent"
16,3917,"independent"
16,3918,"independent"
10,3919,"independent"
12,3920,"independent"
16,3921,"independent"
16,3922,"independent"
14,3923,"independent"
14,3924,"independent"
14,3925,"independent"
16,3926,"independent"
10,3927,"independent"
12,3928,"independent"
8,3929,"independent"
10,3930,"independent"
14,3931,"independent"
12,3932,"independent"
14,3933,"independent"
18,3934,"independent"
16,3935,"independent"
16,3936,"independent"
10,3937,"independent"
14,3938,"independent"
20,3939,"independent"
6,3940,"independent"
14,3941,"independent"
12,3942,"independent"
4,3943,"independent"
8,3944,"independent"
10,3945,"independent"
16,3946,"independent"
12,3947,"independent"
14,3948,"independent"
14,3949,"independent"
10,3950,"independent"
12,3951,"independent"
16,3952,"independent"
12,3953,"independent"
14,3954,"independent"
16,3955,"independent"
10,3956,"independent"
16,3957,"independent"
14,3958,"independent"
16,3959,"independent"
14,3960,"independent"
10,3961,"independent"
14,3962,"independent"
12,3963,"independent"
14,3964,"independent"
14,3965,"independent"
10,3966,"independent"
8,3967,"independent"
10,3968,"independent"
14,3969,"independent"
12,3970,"independent"
14,3971,"independent"
16,3972,"independent"
14,3973,"independent"
14,3974,"independent"
16,3975,"independent"
10,3976,"independent"
14,3977,"independent"
16,3978,"independent"
8,3979,"independent"
16,3980,"independent"
10,3981,"independent"
14,3982,"independent"
14,3983,"independent"
14,3984,"independent"
10,3985,"independent"
14,3986,"independent"
12,3987,"independent"
18,3988,"independent"
16,3989,"independent"
10,3990,"independent"
10,3991,"independent"
16,3992,"independent"
10,3993,"independent"
12,3994,"independent"
14,3995,"independent"
12,3996,"independent"
14,3997,"independent"
14,3998,"independent"
14,3999,"independent"
12,4000,"independent"
12,4001,"independent"
14,4002,"independent"
16,4003,"independent"
12,4004,"independent"
14,4005,"independent"
14,4006,"independent"
8,4007,"independent"
16,4008,"independent"
14,4009,"independent"
14,4010,"independent"
12,4011,"independent"
18,4012,"independent"
14,4013,"independent"
14,4014,"independent"
12,4015,"independent"
14,4016,"independent"
16,4017,"independent"
14,4018,"independent"
16,4019,"independent"
14,4020,"independent"
14,4021,"independent"
12,4022,"independent"
12,4023,"independent"
10,4024,"independent"
14,4025,"independent"
8,4026,"independent"
12,4027,"independent"
14,4028,"independent"
12,4029,"independent"
16,4030,"independent"
10,4031,"independent"
18,4032,"independent"
18,4033,"independent"
12,4034,"independent"
14,4035,"independent"
12,4036,"independent"
12,4037,"independent"
16,4038,"independent"
10,4039,"independent"
12,4040,"independent"
12,4041,"independent"
18,4042,"independent"
12,4043,"independent"
14,4044,"independent"
18,4045,"independent"
12,4046,"independent"
14,4047,"independent"
14,4048,"independent"
12,4049,"independent"
12,4050,"independent"
10,4051,"independent"
10,4052,"independent"
12,4053,"independent"
16,4054,"independent"
12,4055,"independent"
14,4056,"independent"
8,4057,"independent"
14,4058,"independent"
16,4059,"independent"
18,4060,"independent"
18,4061,"independent"
10,4062,"independent"
10,4063,"independent"
18,4064,"independent"
14,4065,"independent"
14,4066,"independent"
8,4067,"independent"
16,4068,"independent"
14,4069,"independent"
14,4070,"independent"
16,4071,"independent"
14,4072,"independent"
14,4073,"independent"
14,4074,"independent"
10,4075,"independent"
14,4076,"independent"
16,4077,"independent"
14,4078,"independent"
14,4079,"independent"
16,4080,"independent"
14,4081,"independent"
14,4082,"independent"
12,4083,"independent"
12,4084,"independent"
10,4085,"independent"
8,4086,"independent"
14,4087,"independent"
10,4088,"independent"
18,4089,"independent"
10,4090,"independent"
16,4091,"independent"
12,4092,"independent"
8,4093,"independent"
14,4094,"independent"
14,4095,"independent"
14,4096,"independent"
14,4097,"independent"
16,4098,"independent"
12,4099,"independent"
12,4100,"independent"
14,4101,"independent"
16,4102,"independent"
14,4103,"independent"
12,4104,"independent"
14,4105,"independent"
14,4106,"independent"
16,4107,"independent"
12,4108,"independent"
16,4109,"independent"
12,4110,"independent"
18,4111,"independent"
8,4112,"independent"
14,4113,"independent"
14,4114,"independent"
14,4115,"independent"
12,4116,"independent"
14,4117,"independent"
10,4118,"independent"
10,4119,"independent"
14,4120,"independent"
14,4121,"independent"
14,4122,"independent"
14,4123,"independent"
16,4124,"independent"
16,4125,"independent"
16,4126,"independent"
8,4127,"independent"
14,4128,"independent"
10,4129,"independent"
10,4130,"independent"
8,4131,"independent"
16,4132,"independent"
14,4133,"independent"
16,4134,"independent"
16,4135,"independent"
14,4136,"independent"
10,4137,"independent"
14,4138,"independent"
10,4139,"independent"
16,4140,"independent"
12,4141,"independent"
10,4142,"independent"
16,4143,"independent"
14,4144,"independent"
16,4145,"independent"
12,4146,"independent"
18,4147,"independent"
12,4148,"independent"
8,4149,"independent"
12,4150,"independent"
16,4151,"independent"
14,4152,"independent"
14,4153,"independent"
14,4154,"independent"
12,4155,"independent"
18,4156,"independent"
16,4157,"independent"
8,4158,"independent"
16,4159,"independent"
12,4160,"independent"
12,4161,"independent"
14,4162,"independent"
14,4163,"independent"
14,4164,"independent"
16,4165,"independent"
18,4166,"independent"
16,4167,"independent"
14,4168,"independent"
10,4169,"independent"
10,4170,"independent"
10,4171,"independent"
8,4172,"independent"
12,4173,"independent"
12,4174,"independent"
8,4175,"independent"
10,4176,"independent"
10,4177,"independent"
14,4178,"independent"
14,4179,"independent"
14,4180,"independent"
14,4181,"independent"
12,4182,"independent"
16,4183,"independent"
14,4184,"independent"
14,4185,"independent"
10,4186,"independent"
16,4187,"independent"
10,4188,"independent"
12,4189,"independent"
12,4190,"independent"
12,4191,"independent"
16,4192,"independent"
20,4193,"independent"
16,4194,"independent"
10,4195,"independent"
14,4196,"independent"
12,4197,"independent"
14,4198,"independent"
14,4199,"independent"
10,4200,"independent"
16,4201,"independent"
12,4202,"independent"
12,4203,"independent"
14,4204,"independent"
12,4205,"independent"
10,4206,"independent"
12,4207,"independent"
12,4208,"independent"
18,4209,"independent"
10,4210,"independent"
14,4211,"independent"
16,4212,"independent"
14,4213,"independent"
12,4214,"independent"
14,4215,"independent"
14,4216,"independent"
14,4217,"independent"
12,4218,"independent"
14,4219,"independent"
12,4220,"independent"
8,4221,"independent"
16,4222,"independent"
12,4223,"independent"
14,4224,"independent"
14,4225,"independent"
16,4226,"independent"
16,4227,"independent"
10,4228,"independent"
12,4229,"independent"
16,4230,"independent"
10,4231,"independent"
14,4232,"independent"
16,4233,"independent"
16,4234,"independent"
16,4235,"independent"
14,4236,"independent"
16,4237,"independent"
14,4238,"independent"
10,4239,"independent"
18,4240,"independent"
14,4241,"independent"
12,4242,"independent"
14,4243,"independent"
18,4244,"independent"
8,4245,"independent"
12,4246,"independent"
18,4247,"independent"
16,4248,"independent"
16,4249,"independent"
16,4250,"independent"
20,4251,"independent"
14,4252,"independent"
16,4253,"independent"
12,4254,"independent"
10,4255,"independent"
18,4256,"independent"
16,4257,"independent"
12,4258,"independent"
14,4259,"independent"
16,4260,"independent"
10,4261,"independent"
14,4262,"independent"
14,4263,"independent"
14,4264,"independent"
12,4265,"independent"
16,4266,"independent"
18,4267,"independent"
10,4268,"independent"
12,4269,"independent"
12,4270,"independent"
10,4271,"independent"
12,4272,"independent"
10,4273,"independent"
16,4274,"independent"
12,4275,"independent"
16,4276,"independent"
14,4277,"independent"
14,4278,"independent"
10,4279,"independent"
16,4280,"independent"
14,4281,"independent"
8,4282,"independent"
12,4283,"independent"
10,4284,"independent"
10,4285,"independent"
12,4286,"independent"
12,4287,"independent"
18,4288,"independent"
14,4289,"independent"
16,4290,"independent"
16,4291,"independent"
16,4292,"independent"
16,4293,"independent"
12,4294,"independent"
14,4295,"independent"
16,4296,"independent"
12,4297,"independent"
12,4298,"independent"
14,4299,"independent"
10,4300,"independent"
12,4301,"independent"
10,4302,"independent"
12,4303,"independent"
12,4304,"independent"
22,4305,"independent"
12,4306,"independent"
12,4307,"independent"
8,4308,"independent"
14,4309,"independent"
12,4310,"independent"
18,4311,"independent"
12,4312,"independent"
14,4313,"independent"
16,4314,"independent"
16,4315,"independent"
14,4316,"independent"
14,4317,"independent"
14,4318,"independent"
12,4319,"independent"
10,4320,"independent"
14,4321,"independent"
12,4322,"independent"
10,4323,"independent"
12,4324,"independent"
18,4325,"independent"
14,4326,"independent"
12,4327,"independent"
12,4328,"independent"
12,4329,"independent"
16,4330,"independent"
14,4331,"independent"
12,4332,"independent"
14,4333,"independent"
10,4334,"independent"
8,4335,"independent"
8,4336,"independent"
16,4337,"independent"
14,4338,"independent"
14,4339,"independent"
14,4340,"independent"
12,4341,"independent"
14,4342,"independent"
10,4343,"independent"
10,4344,"independent"
14,4345,"independent"
10,4346,"independent"
10,4347,"independent"
16,4348,"independent"
8,4349,"independent"
12,4350,"independent"
14,4351,"independent"
14,4352,"independent"
14,4353,"independent"
12,4354,"independent"
16,4355,"independent"
12,4356,"independent"
16,4357,"independent"
16,4358,"independent"
10,4359,"independent"
12,4360,"independent"
12,4361,"independent"
14,4362,"independent"
14,4363,"independent"
14,4364,"independent"
12,4365,"independent"
18,4366,"independent"
10,4367,"independent"
12,4368,"independent"
14,4369,"independent"
14,4370,"independent"
12,4371,"independent"
10,4372,"independent"
10,4373,"independent"
12,4374,"independent"
10,4375,"independent"
14,4376,"independent"
8,4377,"independent"
8,4378,"independent"
16,4379,"independent"
8,4380,"independent"
16,4381,"independent"
16,4382,"independent"
14,4383,"independent"
14,4384,"independent"
16,4385,"independent"
16,4386,"independent"
12,4387,"independent"
12,4388,"independent"
16,4389,"independent"
12,4390,"independent"
12,4391,"independent"
16,4392,"independent"
14,4393,"independent"
12,4394,"independent"
12,4395,"independent"
14,4396,"independent"
18,4397,"independent"
12,4398,"independent"
14,4399,"independent"
12,4400,"independent"
12,4401,"independent"
16,4402,"independent"
10,4403,"independent"
14,4404,"independent"
14,4405,"independent"
12,4406,"independent"
14,4407,"independent"
14,4408,"independent"
12,4409,"independent"
14,4410,"independent"
12,4411,"independent"
12,4412,"independent"
8,4413,"independent"
16,4414,"independent"
14,4415,"independent"
12,4416,"independent"
14,4417,"independent"
14,4418,"independent"
10,4419,"independent"
14,4420,"independent"
12,4421,"independent"
10,4422,"independent"
14,4423,"independent"
8,4424,"independent"
14,4425,"independent"
14,4426,"independent"
20,4427,"independent"
16,4428,"independent"
14,4429,"independent"
14,4430,"independent"
14,4431,"independent"
8,4432,"independent"
12,4433,"independent"
18,4434,"independent"
16,4435,"independent"
12,4436,"independent"
18,4437,"independent"
12,4438,"independent"
14,4439,"independent"
12,4440,"independent"
10,4441,"independent"
12,4442,"independent"
12,4443,"independent"
10,4444,"independent"
10,4445,"independent"
12,4446,"independent"
8,4447,"independent"
14,4448,"independent"
12,4449,"independent"
12,4450,"independent"
18,4451,"independent"
16,4452,"independent"
14,4453,"independent"
14,4454,"independent"
10,4455,"independent"
10,4456,"independent"
12,4457,"independent"
12,4458,"independent"
12,4459,"independent"
12,4460,"independent"
16,4461,"independent"
12,4462,"independent"
14,4463,"independent"
16,4464,"independent"
12,4465,"independent"
12,4466,"independent"
14,4467,"independent"
12,4468,"independent"
14,4469,"independent"
16,4470,"independent"
12,4471,"independent"
10,4472,"independent"
14,4473,"independent"
12,4474,"independent"
16,4475,"independent"
16,4476,"independent"
14,4477,"independent"
12,4478,"independent"
12,4479,"independent"
12,4480,"independent"
18,4481,"independent"
14,4482,"independent"
12,4483,"independent"
8,4484,"independent"
8,4485,"independent"
12,4486,"independent"
12,4487,"independent"
10,4488,"independent"
8,4489,"independent"
16,4490,"independent"
16,4491,"independent"
16,4492,"independent"
14,4493,"independent"
16,4494,"independent"
12,4495,"independent"
18,4496,"independent"
16,4497,"independent"
12,4498,"independent"
14,4499,"independent"
12,4500,"independent"
14,4501,"independent"
8,4502,"independent"
10,4503,"independent"
10,4504,"independent"
8,4505,"independent"
12,4506,"independent"
14,4507,"independent"
12,4508,"independent"
12,4509,"independent"
14,4510,"independent"
14,4511,"independent"
14,4512,"independent"
12,4513,"independent"
14,4514,"independent"
14,4515,"independent"
10,4516,"independent"
16,4517,"independent"
14,4518,"independent"
12,4519,"independent"
12,4520,"independent"
10,4521,"independent"
10,4522,"independent"
16,4523,"independent"
12,4524,"independent"
16,4525,"independent"
12,4526,"independent"
8,4527,"independent"
12,4528,"independent"
14,4529,"independent"
12,4530,"independent"
16,4531,"independent"
10,4532,"independent"
16,4533,"independent"
14,4534,"independent"
12,4535,"independent"
14,4536,"independent"
10,4537,"independent"
16,4538,"independent"
16,4539,"independent"
16,4540,"independent"
16,4541,"independent"
14,4542,"independent"
12,4543,"independent"
12,4544,"independent"
16,4545,"independent"
12,4546,"independent"
14,4547,"independent"
12,4548,"independent"
14,4549,"independent"
12,4550,"independent"
8,4551,"independent"
10,4552,"independent"
16,4553,"independent"
12,4554,"independent"
12,4555,"independent"
20,4556,"independent"
12,4557,"independent"
10,4558,"independent"
14,4559,"independent"
14,4560,"independent"
14,4561,"independent"
12,4562,"independent"
14,4563,"independent"
16,4564,"independent"
16,4565,"independent"
16,4566,"independent"
12,4567,"independent"
6,4568,"independent"
16,4569,"independent"
16,4570,"independent"
14,4571,"independent"
16,4572,"independent"
14,4573,"independent"
14,4574,"independent"
16,4575,"independent"
14,4576,"independent"
12,4577,"independent"
8,4578,"independent"
18,4579,"independent"
12,4580,"independent"
12,4581,"independent"
8,4582,"independent"
12,4583,"independent"
16,4584,"independent"
6,4585,"independent"
10,4586,"independent"
16,4587,"independent"
10,4588,"independent"
14,4589,"independent"
8,4590,"independent"
10,4591,"independent"
18,4592,"independent"
14,4593,"independent"
14,4594,"independent"
12,4595,"independent"
12,4596,"independent"
14,4597,"independent"
12,4598,"independent"
16,4599,"independent"
10,4600,"independent"
14,4601,"independent"
16,4602,"independent"
16,4603,"independent"
18,4604,"independent"
8,4605,"independent"
12,4606,"independent"
16,4607,"independent"
16,4608,"independent"
14,4609,"independent"
16,4610,"independent"
14,4611,"independent"
10,4612,"independent"
12,4613,"independent"
10,4614,"independent"
16,4615,"independent"
10,4616,"independent"
12,4617,"independent"
14,4618,"independent"
8,4619,"independent"
12,4620,"independent"
14,4621,"independent"
18,4622,"independent"
12,4623,"independent"
16,4624,"independent"
12,4625,"independent"
14,4626,"independent"
12,4627,"independent"
18,4628,"independent"
14,4629,"independent"
16,4630,"independent"
16,4631,"independent"
18,4632,"independent"
12,4633,"independent"
16,4634,"independent"
8,4635,"independent"
18,4636,"independent"
8,4637,"independent"
14,4638,"independent"
14,4639,"independent"
14,4640,"independent"
16,4641,"independent"
14,4642,"independent"
14,4643,"independent"
10,4644,"independent"
14,4645,"independent"
12,4646,"independent"
12,4647,"independent"
10,4648,"independent"
10,4649,"independent"
12,4650,"independent"
10,4651,"independent"
8,4652,"independent"
12,4653,"independent"
6,4654,"independent"
16,4655,"independent"
12,4656,"independent"
10,4657,"independent"
10,4658,"independent"
10,4659,"independent"
14,4660,"independent"
10,4661,"independent"
14,4662,"independent"
14,4663,"independent"
14,4664,"independent"
14,4665,"independent"
10,4666,"independent"
14,4667,"independent"
12,4668,"independent"
16,4669,"independent"
14,4670,"independent"
10,4671,"independent"
12,4672,"independent"
18,4673,"independent"
12,4674,"independent"
14,4675,"independent"
12,4676,"independent"
14,4677,"independent"
14,4678,"independent"
16,4679,"independent"
14,4680,"independent"
18,4681,"independent"
8,4682,"independent"
14,4683,"independent"
12,4684,"independent"
8,4685,"independent"
14,4686,"independent"
16,4687,"independent"
14,4688,"independent"
16,4689,"independent"
18,4690,"independent"
12,4691,"independent"
12,4692,"independent"
14,4693,"independent"
12,4694,"independent"
16,4695,"independent"
14,4696,"independent"
12,4697,"independent"
14,4698,"independent"
14,4699,"independent"
16,4700,"independent"
16,4701,"independent"
18,4702,"independent"
14,4703,"independent"
18,4704,"independent"
10,4705,"independent"
16,4706,"independent"
12,4707,"independent"
10,4708,"independent"
10,4709,"independent"
16,4710,"independent"
12,4711,"independent"
10,4712,"independent"
8,4713,"independent"
12,4714,"independent"
14,4715,"independent"
16,4716,"independent"
14,4717,"independent"
14,4718,"independent"
12,4719,"independent"
16,4720,"independent"
12,4721,"independent"
14,4722,"independent"
12,4723,"independent"
12,4724,"independent"
16,4725,"independent"
12,4726,"independent"
14,4727,"independent"
12,4728,"independent"
12,4729,"independent"
12,4730,"independent"
12,4731,"independent"
10,4732,"independent"
10,4733,"independent"
10,4734,"independent"
14,4735,"independent"
14,4736,"independent"
12,4737,"independent"
16,4738,"independent"
14,4739,"independent"
16,4740,"independent"
12,4741,"independent"
14,4742,"independent"
12,4743,"independent"
10,4744,"independent"
12,4745,"independent"
6,4746,"independent"
12,4747,"independent"
18,4748,"independent"
14,4749,"independent"
14,4750,"independent"
8,4751,"independent"
16,4752,"independent"
12,4753,"independent"
16,4754,"independent"
10,4755,"independent"
10,4756,"independent"
12,4757,"independent"
14,4758,"independent"
12,4759,"independent"
16,4760,"independent"
10,4761,"independent"
12,4762,"independent"
12,4763,"independent"
16,4764,"independent"
16,4765,"independent"
18,4766,"independent"
14,4767,"independent"
14,4768,"independent"
12,4769,"independent"
10,4770,"independent"
14,4771,"independent"
16,4772,"independent"
16,4773,"independent"
16,4774,"independent"
14,4775,"independent"
12,4776,"independent"
14,4777,"independent"
16,4778,"independent"
10,4779,"independent"
16,4780,"independent"
14,4781,"independent"
14,4782,"independent"
16,4783,"independent"
16,4784,"independent"
12,4785,"independent"
12,4786,"independent"
12,4787,"independent"
14,4788,"independent"
14,4789,"independent"
14,4790,"independent"
16,4791,"independent"
14,4792,"independent"
12,4793,"independent"
14,4794,"independent"
10,4795,"independent"
8,4796,"independent"
16,4797,"independent"
8,4798,"independent"
16,4799,"independent"
12,4800,"independent"
8,4801,"independent"
14,4802,"independent"
14,4803,"independent"
12,4804,"independent"
14,4805,"independent"
10,4806,"independent"
14,4807,"independent"
8,4808,"independent"
12,4809,"independent"
12,4810,"independent"
10,4811,"independent"
10,4812,"independent"
16,4813,"independent"
12,4814,"independent"
16,4815,"independent"
16,4816,"independent"
12,4817,"independent"
14,4818,"independent"
16,4819,"independent"
14,4820,"independent"
12,4821,"independent"
10,4822,"independent"
16,4823,"independent"
12,4824,"independent"
14,4825,"independent"
8,4826,"independent"
12,4827,"independent"
8,4828,"independent"
12,4829,"independent"
12,4830,"independent"
10,4831,"independent"
18,4832,"independent"
16,4833,"independent"
12,4834,"independent"
12,4835,"independent"
16,4836,"independent"
12,4837,"independent"
14,4838,"independent"
10,4839,"independent"
18,4840,"independent"
14,4841,"independent"
14,4842,"independent"
12,4843,"independent"
14,4844,"independent"
14,4845,"independent"
10,4846,"independent"
10,4847,"independent"
14,4848,"independent"
12,4849,"independent"
16,4850,"independent"
14,4851,"independent"
14,4852,"independent"
10,4853,"independent"
14,4854,"independent"
18,4855,"independent"
8,4856,"independent"
10,4857,"independent"
14,4858,"independent"
14,4859,"independent"
10,4860,"independent"
12,4861,"independent"
14,4862,"independent"
14,4863,"independent"
14,4864,"independent"
8,4865,"independent"
12,4866,"independent"
18,4867,"independent"
16,4868,"independent"
14,4869,"independent"
12,4870,"independent"
14,4871,"independent"
10,4872,"independent"
8,4873,"independent"
14,4874,"independent"
16,4875,"independent"
10,4876,"independent"
12,4877,"independent"
16,4878,"independent"
16,4879,"independent"
16,4880,"independent"
14,4881,"independent"
12,4882,"independent"
16,4883,"independent"
12,4884,"independent"
16,4885,"independent"
16,4886,"independent"
14,4887,"independent"
14,4888,"independent"
14,4889,"independent"
14,4890,"independent"
16,4891,"independent"
14,4892,"independent"
14,4893,"independent"
18,4894,"independent"
14,4895,"independent"
12,4896,"independent"
16,4897,"independent"
10,4898,"independent"
14,4899,"independent"
14,4900,"independent"
12,4901,"independent"
16,4902,"independent"
14,4903,"independent"
16,4904,"independent"
14,4905,"independent"
18,4906,"independent"
12,4907,"independent"
16,4908,"independent"
12,4909,"independent"
12,4910,"independent"
14,4911,"independent"
18,4912,"independent"
12,4913,"independent"
18,4914,"independent"
8,4915,"independent"
20,4916,"independent"
14,4917,"independent"
14,4918,"independent"
14,4919,"independent"
14,4920,"independent"
12,4921,"independent"
14,4922,"independent"
8,4923,"independent"
14,4924,"independent"
12,4925,"independent"
16,4926,"independent"
12,4927,"independent"
14,4928,"independent"
12,4929,"independent"
14,4930,"independent"
12,4931,"independent"
12,4932,"independent"
10,4933,"independent"
14,4934,"independent"
12,4935,"independent"
14,4936,"independent"
14,4937,"independent"
14,4938,"independent"
16,4939,"independent"
16,4940,"independent"
12,4941,"independent"
14,4942,"independent"
16,4943,"independent"
16,4944,"independent"
16,4945,"independent"
18,4946,"independent"
10,4947,"independent"
18,4948,"independent"
14,4949,"independent"
12,4950,"independent"
8,4951,"independent"
10,4952,"independent"
14,4953,"independent"
16,4954,"independent"
14,4955,"independent"
14,4956,"independent"
14,4957,"independent"
14,4958,"independent"
6,4959,"independent"
14,4960,"independent"
14,4961,"independent"
14,4962,"independent"
18,4963,"independent"
14,4964,"independent"
18,4965,"independent"
12,4966,"independent"
12,4967,"independent"
14,4968,"independent"
12,4969,"independent"
16,4970,"independent"
12,4971,"independent"
12,4972,"independent"
12,4973,"independent"
16,4974,"independent"
16,4975,"independent"
12,4976,"independent"
14,4977,"independent"
16,4978,"independent"
8,4979,"independent"
16,4980,"independent"
16,4981,"independent"
14,4982,"independent"
14,4983,"independent"
14,4984,"independent"
10,4985,"independent"
14,4986,"independent"
14,4987,"independent"
16,4988,"independent"
12,4989,"independent"
16,4990,"independent"
16,4991,"independent"
14,4992,"independent"
16,4993,"independent"
16,4994,"independent"
14,4995,"independent"
12,4996,"independent"
16,4997,"independent"
16,4998,"independent"
10,4999,"independent"
16,5000,"independent"
14,5001,"independent"
8,5002,"independent"
12,5003,"independent"
14,5004,"independent"
16,5005,"independent"
14,5006,"independent"
12,5007,"independent"
14,5008,"independent"
14,5009,"independent"
14,5010,"independent"
10,5011,"independent"
12,5012,"independent"
12,5013,"independent"
16,5014,"independent"
16,5015,"independent"
16,5016,"independent"
14,5017,"independent"
12,5018,"independent"
10,5019,"independent"
10,5020,"independent"
12,5021,"independent"
8,5022,"independent"
14,5023,"independent"
14,5024,"independent"
10,5025,"independent"
12,5026,"independent"
16,5027,"independent"
14,5028,"independent"
16,5029,"independent"
14,5030,"independent"
12,5031,"independent"
14,5032,"independent"
10,5033,"independent"
10,5034,"independent"
14,5035,"independent"
10,5036,"independent"
8,5037,"independent"
14,5038,"independent"
8,5039,"independent"
14,5040,"independent"
18,5041,"independent"
14,5042,"independent"
18,5043,"independent"
14,5044,"independent"
8,5045,"independent"
14,5046,"independent"
18,5047,"independent"
14,5048,"independent"
14,5049,"independent"
18,5050,"independent"
8,5051,"independent"
18,5052,"independent"
12,5053,"independent"
12,5054,"independent"
12,5055,"independent"
12,5056,"independent"
14,5057,"independent"
14,5058,"independent"
12,5059,"independent"
10,5060,"independent"
14,5061,"independent"
16,5062,"independent"
16,5063,"independent"
12,5064,"independent"
12,5065,"independent"
14,5066,"independent"
10,5067,"independent"
14,5068,"independent"
12,5069,"independent"
14,5070,"independent"
12,5071,"independent"
14,5072,"independent"
14,5073,"independent"
18,5074,"independent"
12,5075,"independent"
14,5076,"independent"
18,5077,"independent"
12,5078,"independent"
16,5079,"independent"
14,5080,"independent"
16,5081,"independent"
10,5082,"independent"
12,5083,"independent"
10,5084,"independent"
12,5085,"independent"
12,5086,"independent"
14,5087,"independent"
8,5088,"independent"
14,5089,"independent"
14,5090,"independent"
14,5091,"independent"
14,5092,"independent"
12,5093,"independent"
10,5094,"independent"
18,5095,"independent"
14,5096,"independent"
10,5097,"independent"
12,5098,"independent"
14,5099,"independent"
14,5100,"independent"
10,5101,"independent"
10,5102,"independent"
8,5103,"independent"
14,5104,"independent"
16,5105,"independent"
12,5106,"independent"
16,5107,"independent"
12,5108,"independent"
18,5109,"independent"
14,5110,"independent"
12,5111,"independent"
14,5112,"independent"
14,5113,"independent"
12,5114,"independent"
14,5115,"independent"
16,5116,"independent"
16,5117,"independent"
12,5118,"independent"
14,5119,"independent"
14,5120,"independent"
16,5121,"independent"
12,5122,"independent"
16,5123,"independent"
16,5124,"independent"
14,5125,"independent"
16,5126,"independent"
14,5127,"independent"
14,5128,"independent"
14,5129,"independent"
14,5130,"independent"
8,5131,"independent"
14,5132,"independent"
16,5133,"independent"
18,5134,"independent"
14,5135,"independent"
14,5136,"independent"
16,5137,"independent"
10,5138,"independent"
16,5139,"independent"
12,5140,"independent"
10,5141,"independent"
8,5142,"independent"
12,5143,"independent"
12,5144,"independent"
16,5145,"independent"
18,5146,"independent"
16,5147,"independent"
16,5148,"independent"
14,5149,"independent"
14,5150,"independent"
12,5151,"independent"
12,5152,"independent"
18,5153,"independent"
10,5154,"independent"
14,5155,"independent"
16,5156,"independent"
14,5157,"independent"
12,5158,"independent"
12,5159,"independent"
14,5160,"independent"
6,5161,"independent"
12,5162,"independent"
12,5163,"independent"
14,5164,"independent"
16,5165,"independent"
16,5166,"independent"
12,5167,"independent"
14,5168,"independent"
20,5169,"independent"
18,5170,"independent"
16,5171,"independent"
16,5172,"independent"
14,5173,"independent"
12,5174,"independent"
12,5175,"independent"
10,5176,"independent"
12,5177,"independent"
14,5178,"independent"
8,5179,"independent"
12,5180,"independent"
12,5181,"independent"
16,5182,"independent"
14,5183,"independent"
18,5184,"independent"
12,5185,"independent"
10,5186,"independent"
14,5187,"independent"
12,5188,"independent"
16,5189,"independent"
16,5190,"independent"
14,5191,"independent"
14,5192,"independent"
8,5193,"independent"
12,5194,"independent"
14,5195,"independent"
12,5196,"independent"
16,5197,"independent"
14,5198,"independent"
12,5199,"independent"
10,5200,"independent"
14,5201,"independent"
12,5202,"independent"
10,5203,"independent"
14,5204,"independent"
10,5205,"independent"
12,5206,"independent"
14,5207,"independent"
18,5208,"independent"
12,5209,"independent"
12,5210,"independent"
10,5211,"independent"
14,5212,"independent"
12,5213,"independent"
14,5214,"independent"
14,5215,"independent"
14,5216,"independent"
12,5217,"independent"
14,5218,"independent"
16,5219,"independent"
14,5220,"independent"
12,5221,"independent"
8,5222,"independent"
16,5223,"independent"
12,5224,"independent"
14,5225,"independent"
12,5226,"independent"
10,5227,"independent"
12,5228,"independent"
10,5229,"independent"
12,5230,"independent"
12,5231,"independent"
12,5232,"independent"
10,5233,"independent"
12,5234,"independent"
8,5235,"independent"
12,5236,"independent"
10,5237,"independent"
12,5238,"independent"
10,5239,"independent"
16,5240,"independent"
18,5241,"independent"
14,5242,"independent"
8,5243,"independent"
16,5244,"independent"
14,5245,"independent"
20,5246,"independent"
14,5247,"independent"
14,5248,"independent"
18,5249,"independent"
14,5250,"independent"
14,5251,"independent"
14,5252,"independent"
14,5253,"independent"
14,5254,"independent"
14,5255,"independent"
14,5256,"independent"
12,5257,"independent"
14,5258,"independent"
16,5259,"independent"
14,5260,"independent"
18,5261,"independent"
12,5262,"independent"
12,5263,"independent"
18,5264,"independent"
14,5265,"independent"
18,5266,"independent"
14,5267,"independent"
18,5268,"independent"
12,5269,"independent"
14,5270,"independent"
16,5271,"independent"
12,5272,"independent"
10,5273,"independent"
8,5274,"independent"
14,5275,"independent"
14,5276,"independent"
12,5277,"independent"
14,5278,"independent"
12,5279,"independent"
12,5280,"independent"
10,5281,"independent"
10,5282,"independent"
14,5283,"independent"
14,5284,"independent"
10,5285,"independent"
12,5286,"independent"
12,5287,"independent"
12,5288,"independent"
14,5289,"independent"
16,5290,"independent"
6,5291,"independent"
14,5292,"independent"
10,5293,"independent"
14,5294,"independent"
10,5295,"independent"
8,5296,"independent"
14,5297,"independent"
10,5298,"independent"
14,5299,"independent"
10,5300,"independent"
14,5301,"independent"
16,5302,"independent"
10,5303,"independent"
12,5304,"independent"
14,5305,"independent"
10,5306,"independent"
14,5307,"independent"
12,5308,"independent"
8,5309,"independent"
16,5310,"independent"
14,5311,"independent"
16,5312,"independent"
16,5313,"independent"
14,5314,"independent"
14,5315,"independent"
14,5316,"independent"
18,5317,"independent"
16,5318,"independent"
16,5319,"independent"
16,5320,"independent"
16,5321,"independent"
16,5322,"independent"
8,5323,"independent"
12,5324,"independent"
10,5325,"independent"
18,5326,"independent"
12,5327,"independent"
14,5328,"independent"
16,5329,"independent"
14,5330,"independent"
14,5331,"independent"
16,5332,"independent"
12,5333,"independent"
14,5334,"independent"
14,5335,"independent"
18,5336,"independent"
14,5337,"independent"
14,5338,"independent"
12,5339,"independent"
16,5340,"independent"
12,5341,"independent"
16,5342,"independent"
16,5343,"independent"
14,5344,"independent"
14,5345,"independent"
10,5346,"independent"
16,5347,"independent"
16,5348,"independent"
6,5349,"independent"
16,5350,"independent"
12,5351,"independent"
16,5352,"independent"
10,5353,"independent"
14,5354,"independent"
16,5355,"independent"
12,5356,"independent"
14,5357,"independent"
14,5358,"independent"
18,5359,"independent"
14,5360,"independent"
12,5361,"independent"
16,5362,"independent"
16,5363,"independent"
10,5364,"independent"
12,5365,"independent"
16,5366,"independent"
10,5367,"independent"
16,5368,"independent"
16,5369,"independent"
14,5370,"independent"
14,5371,"independent"
14,5372,"independent"
16,5373,"independent"
12,5374,"independent"
12,5375,"independent"
12,5376,"independent"
16,5377,"independent"
14,5378,"independent"
14,5379,"independent"
12,5380,"independent"
12,5381,"independent"
12,5382,"independent"
20,5383,"independent"
14,5384,"independent"
12,5385,"independent"
12,5386,"independent"
8,5387,"independent"
16,5388,"independent"
12,5389,"independent"
12,5390,"independent"
12,5391,"independent"
10,5392,"independent"
14,5393,"independent"
14,5394,"independent"
12,5395,"independent"
14,5396,"independent"
14,5397,"independent"
14,5398,"independent"
16,5399,"independent"
16,5400,"independent"
18,5401,"independent"
10,5402,"independent"
12,5403,"independent"
14,5404,"independent"
14,5405,"independent"
10,5406,"independent"
14,5407,"independent"
12,5408,"independent"
14,5409,"independent"
12,5410,"independent"
14,5411,"independent"
14,5412,"independent"
12,5413,"independent"
14,5414,"independent"
16,5415,"independent"
12,5416,"independent"
16,5417,"independent"
12,5418,"independent"
16,5419,"independent"
12,5420,"independent"
12,5421,"independent"
6,5422,"independent"
12,5423,"independent"
12,5424,"independent"
12,5425,"independent"
12,5426,"independent"
12,5427,"independent"
14,5428,"independent"
12,5429,"independent"
16,5430,"independent"
18,5431,"independent"
16,5432,"independent"
14,5433,"independent"
16,5434,"independent"
8,5435,"independent"
12,5436,"independent"
16,5437,"independent"
8,5438,"independent"
12,5439,"independent"
14,5440,"independent"
14,5441,"independent"
12,5442,"independent"
12,5443,"independent"
16,5444,"independent"
10,5445,"independent"
12,5446,"independent"
12,5447,"independent"
14,5448,"independent"
12,5449,"independent"
12,5450,"independent"
16,5451,"independent"
14,5452,"independent"
14,5453,"independent"
14,5454,"independent"
14,5455,"independent"
12,5456,"independent"
12,5457,"independent"
14,5458,"independent"
12,5459,"independent"
12,5460,"independent"
12,5461,"independent"
10,5462,"independent"
12,5463,"independent"
12,5464,"independent"
12,5465,"independent"
14,5466,"independent"
14,5467,"independent"
14,5468,"independent"
14,5469,"independent"
12,5470,"independent"
12,5471,"independent"
10,5472,"independent"
10,5473,"independent"
12,5474,"independent"
14,5475,"independent"
18,5476,"independent"
16,5477,"independent"
12,5478,"independent"
14,5479,"independent"
14,5480,"independent"
12,5481,"independent"
12,5482,"independent"
14,5483,"independent"
12,5484,"independent"
12,5485,"independent"
10,5486,"independent"
16,5487,"independent"
14,5488,"independent"
14,5489,"independent"
14,5490,"independent"
10,5491,"independent"
10,5492,"independent"
8,5493,"independent"
14,5494,"independent"
8,5495,"independent"
12,5496,"independent"
14,5497,"independent"
12,5498,"independent"
14,5499,"independent"
14,5500,"independent"
8,5501,"independent"
10,5502,"independent"
16,5503,"independent"
12,5504,"independent"
14,5505,"independent"
10,5506,"independent"
10,5507,"independent"
12,5508,"independent"
14,5509,"independent"
16,5510,"independent"
16,5511,"independent"
16,5512,"independent"
8,5513,"independent"
12,5514,"independent"
12,5515,"independent"
14,5516,"independent"
14,5517,"independent"
8,5518,"independent"
14,5519,"independent"
8,5520,"independent"
12,5521,"independent"
18,5522,"independent"
14,5523,"independent"
14,5524,"independent"
14,5525,"independent"
16,5526,"independent"
16,5527,"independent"
16,5528,"independent"
16,5529,"independent"
10,5530,"independent"
12,5531,"independent"
10,5532,"independent"
12,5533,"independent"
16,5534,"independent"
14,5535,"independent"
8,5536,"independent"
8,5537,"independent"
10,5538,"independent"
16,5539,"independent"
14,5540,"independent"
14,5541,"independent"
10,5542,"independent"
18,5543,"independent"
10,5544,"independent"
12,5545,"independent"
12,5546,"independent"
14,5547,"independent"
12,5548,"independent"
12,5549,"independent"
12,5550,"independent"
16,5551,"independent"
14,5552,"independent"
12,5553,"independent"
12,5554,"independent"
18,5555,"independent"
14,5556,"independent"
14,5557,"independent"
6,5558,"independent"
16,5559,"independent"
14,5560,"independent"
16,5561,"independent"
14,5562,"independent"
12,5563,"independent"
14,5564,"independent"
16,5565,"independent"
14,5566,"independent"
16,5567,"independent"
12,5568,"independent"
12,5569,"independent"
12,5570,"independent"
10,5571,"independent"
12,5572,"independent"
12,5573,"independent"
14,5574,"independent"
14,5575,"independent"
10,5576,"independent"
16,5577,"independent"
8,5578,"independent"
6,5579,"independent"
10,5580,"independent"
18,5581,"independent"
12,5582,"independent"
18,5583,"independent"
14,5584,"independent"
12,5585,"independent"
8,5586,"independent"
16,5587,"independent"
14,5588,"independent"
8,5589,"independent"
14,5590,"independent"
14,5591,"independent"
16,5592,"independent"
14,5593,"independent"
12,5594,"independent"
8,5595,"independent"
12,5596,"independent"
18,5597,"independent"
12,5598,"independent"
12,5599,"independent"
12,5600,"independent"
10,5601,"independent"
14,5602,"independent"
14,5603,"independent"
12,5604,"independent"
14,5605,"independent"
12,5606,"independent"
14,5607,"independent"
8,5608,"independent"
12,5609,"independent"
16,5610,"independent"
12,5611,"independent"
20,5612,"independent"
12,5613,"independent"
16,5614,"independent"
14,5615,"independent"
12,5616,"independent"
10,5617,"independent"
10,5618,"independent"
18,5619,"independent"
16,5620,"independent"
12,5621,"independent"
16,5622,"independent"
16,5623,"independent"
12,5624,"independent"
14,5625,"independent"
18,5626,"independent"
16,5627,"independent"
10,5628,"independent"
18,5629,"independent"
14,5630,"independent"
14,5631,"independent"
12,5632,"independent"
8,5633,"independent"
12,5634,"independent"
12,5635,"independent"
14,5636,"independent"
16,5637,"independent"
14,5638,"independent"
10,5639,"independent"
10,5640,"independent"
14,5641,"independent"
14,5642,"independent"
16,5643,"independent"
10,5644,"independent"
14,5645,"independent"
14,5646,"independent"
16,5647,"independent"
8,5648,"independent"
10,5649,"independent"
12,5650,"independent"
14,5651,"independent"
16,5652,"independent"
14,5653,"independent"
16,5654,"independent"
16,5655,"independent"
12,5656,"independent"
12,5657,"independent"
18,5658,"independent"
10,5659,"independent"
12,5660,"independent"
10,5661,"independent"
14,5662,"independent"
16,5663,"independent"
18,5664,"independent"
14,5665,"independent"
18,5666,"independent"
16,5667,"independent"
12,5668,"independent"
16,5669,"independent"
12,5670,"independent"
14,5671,"independent"
14,5672,"independent"
12,5673,"independent"
10,5674,"independent"
12,5675,"independent"
12,5676,"independent"
16,5677,"independent"
14,5678,"independent"
16,5679,"independent"
12,5680,"independent"
14,5681,"independent"
18,5682,"independent"
10,5683,"independent"
12,5684,"independent"
12,5685,"independent"
18,5686,"independent"
12,5687,"independent"
12,5688,"independent"
10,5689,"independent"
16,5690,"independent"
16,5691,"independent"
16,5692,"independent"
14,5693,"independent"
10,5694,"independent"
12,5695,"independent"
18,5696,"independent"
14,5697,"independent"
12,5698,"independent"
12,5699,"independent"
14,5700,"independent"
16,5701,"independent"
16,5702,"independent"
10,5703,"independent"
16,5704,"independent"
10,5705,"independent"
12,5706,"independent"
16,5707,"independent"
16,5708,"independent"
12,5709,"independent"
18,5710,"independent"
14,5711,"independent"
6,5712,"independent"
16,5713,"independent"
14,5714,"independent"
18,5715,"independent"
10,5716,"independent"
12,5717,"independent"
16,5718,"independent"
14,5719,"independent"
16,5720,"independent"
18,5721,"independent"
12,5722,"independent"
14,5723,"independent"
10,5724,"independent"
16,5725,"independent"
12,5726,"independent"
14,5727,"independent"
12,5728,"independent"
12,5729,"independent"
14,5730,"independent"
16,5731,"independent"
12,5732,"independent"
14,5733,"independent"
18,5734,"independent"
10,5735,"independent"
16,5736,"independent"
14,5737,"independent"
10,5738,"independent"
14,5739,"independent"
8,5740,"independent"
16,5741,"independent"
14,5742,"independent"
8,5743,"independent"
14,5744,"independent"
16,5745,"independent"
16,5746,"independent"
12,5747,"independent"
16,5748,"independent"
12,5749,"independent"
14,5750,"independent"
8,5751,"independent"
14,5752,"independent"
12,5753,"independent"
16,5754,"independent"
20,5755,"independent"
12,5756,"independent"
14,5757,"independent"
8,5758,"independent"
10,5759,"independent"
14,5760,"independent"
16,5761,"independent"
10,5762,"independent"
12,5763,"independent"
16,5764,"independent"
12,5765,"independent"
14,5766,"independent"
16,5767,"independent"
16,5768,"independent"
10,5769,"independent"
14,5770,"independent"
14,5771,"independent"
12,5772,"independent"
14,5773,"independent"
14,5774,"independent"
12,5775,"independent"
14,5776,"independent"
12,5777,"independent"
12,5778,"independent"
12,5779,"independent"
12,5780,"independent"
14,5781,"independent"
16,5782,"independent"
14,5783,"independent"
18,5784,"independent"
16,5785,"independent"
10,5786,"independent"
8,5787,"independent"
14,5788,"independent"
10,5789,"independent"
16,5790,"independent"
14,5791,"independent"
12,5792,"independent"
12,5793,"independent"
12,5794,"independent"
14,5795,"independent"
12,5796,"independent"
12,5797,"independent"
12,5798,"independent"
16,5799,"independent"
14,5800,"independent"
8,5801,"independent"
16,5802,"independent"
12,5803,"independent"
8,5804,"independent"
10,5805,"independent"
6,5806,"independent"
12,5807,"independent"
16,5808,"independent"
14,5809,"independent"
16,5810,"independent"
8,5811,"independent"
14,5812,"independent"
16,5813,"independent"
14,5814,"independent"
14,5815,"independent"
14,5816,"independent"
14,5817,"independent"
14,5818,"independent"
12,5819,"independent"
16,5820,"independent"
8,5821,"independent"
12,5822,"independent"
14,5823,"independent"
16,5824,"independent"
12,5825,"independent"
14,5826,"independent"
18,5827,"independent"
12,5828,"independent"
18,5829,"independent"
10,5830,"independent"
14,5831,"independent"
12,5832,"independent"
16,5833,"independent"
14,5834,"independent"
14,5835,"independent"
16,5836,"independent"
14,5837,"independent"
16,5838,"independent"
12,5839,"independent"
16,5840,"independent"
14,5841,"independent"
16,5842,"independent"
16,5843,"independent"
14,5844,"independent"
12,5845,"independent"
16,5846,"independent"
12,5847,"independent"
16,5848,"independent"
10,5849,"independent"
12,5850,"independent"
14,5851,"independent"
10,5852,"independent"
14,5853,"independent"
16,5854,"independent"
10,5855,"independent"
14,5856,"independent"
12,5857,"independent"
14,5858,"independent"
10,5859,"independent"
8,5860,"independent"
14,5861,"independent"
16,5862,"independent"
14,5863,"independent"
14,5864,"independent"
16,5865,"independent"
16,5866,"independent"
12,5867,"independent"
16,5868,"independent"
12,5869,"independent"
14,5870,"independent"
16,5871,"independent"
14,5872,"independent"
16,5873,"independent"
14,5874,"independent"
16,5875,"independent"
14,5876,"independent"
16,5877,"independent"
14,5878,"independent"
14,5879,"independent"
12,5880,"independent"
8,5881,"independent"
18,5882,"independent"
14,5883,"independent"
12,5884,"independent"
10,5885,"independent"
16,5886,"independent"
14,5887,"independent"
16,5888,"independent"
14,5889,"independent"
12,5890,"independent"
10,5891,"independent"
16,5892,"independent"
14,5893,"independent"
12,5894,"independent"
14,5895,"independent"
14,5896,"independent"
12,5897,"independent"
12,5898,"independent"
14,5899,"independent"
16,5900,"independent"
16,5901,"independent"
8,5902,"independent"
12,5903,"independent"
14,5904,"independent"
14,5905,"independent"
12,5906,"independent"
12,5907,"independent"
14,5908,"independent"
18,5909,"independent"
12,5910,"independent"
14,5911,"independent"
16,5912,"independent"
14,5913,"independent"
16,5914,"independent"
16,5915,"independent"
18,5916,"independent"
16,5917,"independent"
16,5918,"independent"
10,5919,"independent"
10,5920,"independent"
18,5921,"independent"
6,5922,"independent"
10,5923,"independent"
8,5924,"independent"
16,5925,"independent"
12,5926,"independent"
16,5927,"independent"
12,5928,"independent"
4,5929,"independent"
14,5930,"independent"
12,5931,"independent"
12,5932,"independent"
10,5933,"independent"
10,5934,"independent"
14,5935,"independent"
18,5936,"independent"
12,5937,"independent"
10,5938,"independent"
14,5939,"independent"
12,5940,"independent"
18,5941,"independent"
14,5942,"independent"
16,5943,"independent"
12,5944,"independent"
14,5945,"independent"
14,5946,"independent"
10,5947,"independent"
14,5948,"independent"
14,5949,"independent"
14,5950,"independent"
16,5951,"independent"
14,5952,"independent"
16,5953,"independent"
16,5954,"independent"
14,5955,"independent"
12,5956,"independent"
12,5957,"independent"
12,5958,"independent"
16,5959,"independent"
10,5960,"independent"
14,5961,"independent"
12,5962,"independent"
14,5963,"independent"
14,5964,"independent"
10,5965,"independent"
12,5966,"independent"
14,5967,"independent"
14,5968,"independent"
14,5969,"independent"
14,5970,"independent"
14,5971,"independent"
14,5972,"independent"
12,5973,"independent"
10,5974,"independent"
16,5975,"independent"
14,5976,"independent"
12,5977,"independent"
16,5978,"independent"
16,5979,"independent"
12,5980,"independent"
14,5981,"independent"
12,5982,"independent"
12,5983,"independent"
16,5984,"independent"
18,5985,"independent"
18,5986,"independent"
10,5987,"independent"
16,5988,"independent"
8,5989,"independent"
20,5990,"independent"
12,5991,"independent"
16,5992,"independent"
14,5993,"independent"
10,5994,"independent"
14,5995,"independent"
12,5996,"independent"
10,5997,"independent"
12,5998,"independent"
12,5999,"independent"
12,6000,"independent"
12,6001,"independent"
14,6002,"independent"
18,6003,"independent"
16,6004,"independent"
16,6005,"independent"
14,6006,"independent"
10,6007,"independent"
16,6008,"independent"
10,6009,"independent"
6,6010,"independent"
14,6011,"independent"
14,6012,"independent"
16,6013,"independent"
12,6014,"independent"
12,6015,"independent"
18,6016,"independent"
14,6017,"independent"
14,6018,"independent"
12,6019,"independent"
12,6020,"independent"
12,6021,"independent"
16,6022,"independent"
12,6023,"independent"
20,6024,"independent"
14,6025,"independent"
12,6026,"independent"
16,6027,"independent"
14,6028,"independent"
12,6029,"independent"
12,6030,"independent"
14,6031,"independent"
14,6032,"independent"
12,6033,"independent"
10,6034,"independent"
16,6035,"independent"
8,6036,"independent"
14,6037,"independent"
12,6038,"independent"
16,6039,"independent"
18,6040,"independent"
12,6041,"independent"
10,6042,"independent"
12,6043,"independent"
14,6044,"independent"
18,6045,"independent"
16,6046,"independent"
8,6047,"independent"
16,6048,"independent"
10,6049,"independent"
14,6050,"independent"
14,6051,"independent"
12,6052,"independent"
12,6053,"independent"
16,6054,"independent"
16,6055,"independent"
10,6056,"independent"
10,6057,"independent"
16,6058,"independent"
12,6059,"independent"
10,6060,"independent"
12,6061,"independent"
14,6062,"independent"
16,6063,"independent"
16,6064,"independent"
10,6065,"independent"
12,6066,"independent"
16,6067,"independent"
14,6068,"independent"
12,6069,"independent"
12,6070,"independent"
12,6071,"independent"
18,6072,"independent"
12,6073,"independent"
16,6074,"independent"
20,6075,"independent"
18,6076,"independent"
16,6077,"independent"
14,6078,"independent"
12,6079,"independent"
16,6080,"independent"
12,6081,"independent"
12,6082,"independent"
8,6083,"independent"
14,6084,"independent"
14,6085,"independent"
10,6086,"independent"
12,6087,"independent"
20,6088,"independent"
12,6089,"independent"
18,6090,"independent"
16,6091,"independent"
16,6092,"independent"
14,6093,"independent"
12,6094,"independent"
12,6095,"independent"
12,6096,"independent"
10,6097,"independent"
18,6098,"independent"
12,6099,"independent"
12,6100,"independent"
12,6101,"independent"
14,6102,"independent"
14,6103,"independent"
12,6104,"independent"
8,6105,"independent"
14,6106,"independent"
12,6107,"independent"
12,6108,"independent"
16,6109,"independent"
14,6110,"independent"
18,6111,"independent"
18,6112,"independent"
14,6113,"independent"
14,6114,"independent"
12,6115,"independent"
12,6116,"independent"
12,6117,"independent"
16,6118,"independent"
12,6119,"independent"
14,6120,"independent"
12,6121,"independent"
16,6122,"independent"
16,6123,"independent"
10,6124,"independent"
14,6125,"independent"
8,6126,"independent"
10,6127,"independent"
16,6128,"independent"
14,6129,"independent"
16,6130,"independent"
8,6131,"independent"
16,6132,"independent"
16,6133,"independent"
16,6134,"independent"
10,6135,"independent"
12,6136,"independent"
12,6137,"independent"
14,6138,"independent"
12,6139,"independent"
10,6140,"independent"
12,6141,"independent"
16,6142,"independent"
20,6143,"independent"
12,6144,"independent"
16,6145,"independent"
16,6146,"independent"
12,6147,"independent"
18,6148,"independent"
14,6149,"independent"
12,6150,"independent"
10,6151,"independent"
10,6152,"independent"
14,6153,"independent"
12,6154,"independent"
10,6155,"independent"
14,6156,"independent"
10,6157,"independent"
14,6158,"independent"
10,6159,"independent"
14,6160,"independent"
12,6161,"independent"
16,6162,"independent"
10,6163,"independent"
16,6164,"independent"
14,6165,"independent"
14,6166,"independent"
16,6167,"independent"
12,6168,"independent"
12,6169,"independent"
12,6170,"independent"
14,6171,"independent"
10,6172,"independent"
14,6173,"independent"
16,6174,"independent"
12,6175,"independent"
12,6176,"independent"
18,6177,"independent"
14,6178,"independent"
16,6179,"independent"
10,6180,"independent"
14,6181,"independent"
14,6182,"independent"
14,6183,"independent"
12,6184,"independent"
16,6185,"independent"
12,6186,"independent"
16,6187,"independent"
14,6188,"independent"
14,6189,"independent"
10,6190,"independent"
10,6191,"independent"
14,6192,"independent"
12,6193,"independent"
12,6194,"independent"
14,6195,"independent"
16,6196,"independent"
12,6197,"independent"
12,6198,"independent"
18,6199,"independent"
14,6200,"independent"
14,6201,"independent"
16,6202,"independent"
16,6203,"independent"
8,6204,"independent"
14,6205,"independent"
14,6206,"independent"
10,6207,"independent"
18,6208,"independent"
16,6209,"independent"
16,6210,"independent"
18,6211,"independent"
12,6212,"independent"
8,6213,"independent"
16,6214,"independent"
14,6215,"independent"
14,6216,"independent"
14,6217,"independent"
12,6218,"independent"
12,6219,"independent"
16,6220,"independent"
14,6221,"independent"
8,6222,"independent"
18,6223,"independent"
16,6224,"independent"
16,6225,"independent"
16,6226,"independent"
12,6227,"independent"
10,6228,"independent"
16,6229,"independent"
10,6230,"independent"
12,6231,"independent"
8,6232,"independent"
12,6233,"independent"
10,6234,"independent"
16,6235,"independent"
6,6236,"independent"
14,6237,"independent"
18,6238,"independent"
12,6239,"independent"
12,6240,"independent"
14,6241,"independent"
14,6242,"independent"
12,6243,"independent"
18,6244,"independent"
12,6245,"independent"
14,6246,"independent"
14,6247,"independent"
12,6248,"independent"
14,6249,"independent"
10,6250,"independent"
10,6251,"independent"
10,6252,"independent"
10,6253,"independent"
14,6254,"independent"
14,6255,"independent"
16,6256,"independent"
14,6257,"independent"
14,6258,"independent"
14,6259,"independent"
14,6260,"independent"
14,6261,"independent"
16,6262,"independent"
12,6263,"independent"
12,6264,"independent"
16,6265,"independent"
16,6266,"independent"
16,6267,"independent"
18,6268,"independent"
16,6269,"independent"
10,6270,"independent"
12,6271,"independent"
14,6272,"independent"
14,6273,"independent"
8,6274,"independent"
12,6275,"independent"
16,6276,"independent"
16,6277,"independent"
8,6278,"independent"
16,6279,"independent"
14,6280,"independent"
6,6281,"independent"
16,6282,"independent"
10,6283,"independent"
14,6284,"independent"
8,6285,"independent"
14,6286,"independent"
10,6287,"independent"
10,6288,"independent"
14,6289,"independent"
14,6290,"independent"
10,6291,"independent"
12,6292,"independent"
14,6293,"independent"
16,6294,"independent"
16,6295,"independent"
16,6296,"independent"
16,6297,"independent"
14,6298,"independent"
4,6299,"independent"
10,6300,"independent"
14,6301,"independent"
12,6302,"independent"
14,6303,"independent"
10,6304,"independent"
16,6305,"independent"
8,6306,"independent"
16,6307,"independent"
16,6308,"independent"
12,6309,"independent"
12,6310,"independent"
10,6311,"independent"
6,6312,"independent"
16,6313,"independent"
16,6314,"independent"
16,6315,"independent"
14,6316,"independent"
12,6317,"independent"
12,6318,"independent"
14,6319,"independent"
12,6320,"independent"
12,6321,"independent"
10,6322,"independent"
14,6323,"independent"
14,6324,"independent"
14,6325,"independent"
14,6326,"independent"
16,6327,"independent"
16,6328,"independent"
12,6329,"independent"
14,6330,"independent"
16,6331,"independent"
14,6332,"independent"
10,6333,"independent"
12,6334,"independent"
10,6335,"independent"
8,6336,"independent"
14,6337,"independent"
12,6338,"independent"
12,6339,"independent"
14,6340,"independent"
10,6341,"independent"
12,6342,"independent"
14,6343,"independent"
14,6344,"independent"
12,6345,"independent"
16,6346,"independent"
10,6347,"independent"
12,6348,"independent"
12,6349,"independent"
14,6350,"independent"
14,6351,"independent"
12,6352,"independent"
12,6353,"independent"
14,6354,"independent"
14,6355,"independent"
6,6356,"independent"
14,6357,"independent"
16,6358,"independent"
16,6359,"independent"
10,6360,"independent"
12,6361,"independent"
14,6362,"independent"
12,6363,"independent"
12,6364,"independent"
14,6365,"independent"
10,6366,"independent"
14,6367,"independent"
14,6368,"independent"
8,6369,"independent"
8,6370,"independent"
8,6371,"independent"
16,6372,"independent"
12,6373,"independent"
16,6374,"independent"
12,6375,"independent"
12,6376,"independent"
8,6377,"independent"
12,6378,"independent"
14,6379,"independent"
20,6380,"independent"
8,6381,"independent"
10,6382,"independent"
14,6383,"independent"
16,6384,"independent"
12,6385,"independent"
14,6386,"independent"
16,6387,"independent"
12,6388,"independent"
12,6389,"independent"
10,6390,"independent"
20,6391,"independent"
12,6392,"independent"
16,6393,"independent"
6,6394,"independent"
18,6395,"independent"
16,6396,"independent"
12,6397,"independent"
8,6398,"independent"
12,6399,"independent"
14,6400,"independent"
16,6401,"independent"
10,6402,"independent"
12,6403,"independent"
12,6404,"independent"
16,6405,"independent"
14,6406,"independent"
10,6407,"independent"
14,6408,"independent"
12,6409,"independent"
14,6410,"independent"
12,6411,"independent"
12,6412,"independent"
12,6413,"independent"
10,6414,"independent"
14,6415,"independent"
16,6416,"independent"
12,6417,"independent"
16,6418,"independent"
14,6419,"independent"
12,6420,"independent"
12,6421,"independent"
12,6422,"independent"
16,6423,"independent"
16,6424,"independent"
14,6425,"independent"
18,6426,"independent"
10,6427,"independent"
10,6428,"independent"
8,6429,"independent"
14,6430,"independent"
8,6431,"independent"
14,6432,"independent"
14,6433,"independent"
18,6434,"independent"
12,6435,"independent"
14,6436,"independent"
8,6437,"independent"
12,6438,"independent"
12,6439,"independent"
18,6440,"independent"
12,6441,"independent"
14,6442,"independent"
14,6443,"independent"
14,6444,"independent"
14,6445,"independent"
20,6446,"independent"
10,6447,"independent"
10,6448,"independent"
14,6449,"independent"
12,6450,"independent"
8,6451,"independent"
14,6452,"independent"
14,6453,"independent"
16,6454,"independent"
12,6455,"independent"
12,6456,"independent"
16,6457,"independent"
16,6458,"independent"
14,6459,"independent"
16,6460,"independent"
14,6461,"independent"
12,6462,"independent"
16,6463,"independent"
10,6464,"independent"
18,6465,"independent"
14,6466,"independent"
14,6467,"independent"
18,6468,"independent"
10,6469,"independent"
16,6470,"independent"
8,6471,"independent"
16,6472,"independent"
12,6473,"independent"
14,6474,"independent"
14,6475,"independent"
16,6476,"independent"
12,6477,"independent"
12,6478,"independent"
18,6479,"independent"
16,6480,"independent"
16,6481,"independent"
12,6482,"independent"
14,6483,"independent"
12,6484,"independent"
14,6485,"independent"
12,6486,"independent"
14,6487,"independent"
18,6488,"independent"
16,6489,"independent"
14,6490,"independent"
8,6491,"independent"
12,6492,"independent"
12,6493,"independent"
14,6494,"independent"
16,6495,"independent"
14,6496,"independent"
14,6497,"independent"
14,6498,"independent"
14,6499,"independent"
18,6500,"independent"
12,6501,"independent"
12,6502,"independent"
16,6503,"independent"
12,6504,"independent"
14,6505,"independent"
8,6506,"independent"
16,6507,"independent"
18,6508,"independent"
10,6509,"independent"
10,6510,"independent"
14,6511,"independent"
16,6512,"independent"
14,6513,"independent"
10,6514,"independent"
14,6515,"independent"
14,6516,"independent"
14,6517,"independent"
8,6518,"independent"
12,6519,"independent"
14,6520,"independent"
12,6521,"independent"
12,6522,"independent"
12,6523,"independent"
10,6524,"independent"
18,6525,"independent"
10,6526,"independent"
18,6527,"independent"
14,6528,"independent"
16,6529,"independent"
12,6530,"independent"
14,6531,"independent"
12,6532,"independent"
16,6533,"independent"
12,6534,"independent"
12,6535,"independent"
14,6536,"independent"
10,6537,"independent"
12,6538,"independent"
10,6539,"independent"
16,6540,"independent"
10,6541,"independent"
10,6542,"independent"
14,6543,"independent"
16,6544,"independent"
14,6545,"independent"
14,6546,"independent"
12,6547,"independent"
14,6548,"independent"
12,6549,"independent"
8,6550,"independent"
6,6551,"independent"
16,6552,"independent"
14,6553,"independent"
6,6554,"independent"
14,6555,"independent"
12,6556,"independent"
10,6557,"independent"
12,6558,"independent"
16,6559,"independent"
18,6560,"independent"
12,6561,"independent"
10,6562,"independent"
10,6563,"independent"
14,6564,"independent"
16,6565,"independent"
12,6566,"independent"
16,6567,"independent"
12,6568,"independent"
16,6569,"independent"
10,6570,"independent"
12,6571,"independent"
14,6572,"independent"
10,6573,"independent"
14,6574,"independent"
14,6575,"independent"
16,6576,"independent"
14,6577,"independent"
8,6578,"independent"
12,6579,"independent"
14,6580,"independent"
16,6581,"independent"
14,6582,"independent"
14,6583,"independent"
12,6584,"independent"
14,6585,"independent"
16,6586,"independent"
12,6587,"independent"
14,6588,"independent"
12,6589,"independent"
14,6590,"independent"
10,6591,"independent"
10,6592,"independent"
8,6593,"independent"
14,6594,"independent"
14,6595,"independent"
12,6596,"independent"
10,6597,"independent"
14,6598,"independent"
12,6599,"independent"
14,6600,"independent"
8,6601,"independent"
16,6602,"independent"
14,6603,"independent"
14,6604,"independent"
12,6605,"independent"
14,6606,"independent"
12,6607,"independent"
12,6608,"independent"
14,6609,"independent"
14,6610,"independent"
16,6611,"independent"
12,6612,"independent"
16,6613,"independent"
10,6614,"independent"
16,6615,"independent"
14,6616,"independent"
16,6617,"independent"
12,6618,"independent"
14,6619,"independent"
12,6620,"independent"
16,6621,"independent"
14,6622,"independent"
14,6623,"independent"
12,6624,"independent"
10,6625,"independent"
10,6626,"independent"
12,6627,"independent"
12,6628,"independent"
14,6629,"independent"
8,6630,"independent"
14,6631,"independent"
16,6632,"independent"
16,6633,"independent"
16,6634,"independent"
16,6635,"independent"
10,6636,"independent"
14,6637,"independent"
12,6638,"independent"
16,6639,"independent"
14,6640,"independent"
10,6641,"independent"
10,6642,"independent"
14,6643,"independent"
14,6644,"independent"
10,6645,"independent"
14,6646,"independent"
14,6647,"independent"
14,6648,"independent"
14,6649,"independent"
14,6650,"independent"
12,6651,"independent"
8,6652,"independent"
14,6653,"independent"
14,6654,"independent"
16,6655,"independent"
12,6656,"independent"
12,6657,"independent"
16,6658,"independent"
16,6659,"independent"
10,6660,"independent"
6,6661,"independent"
10,6662,"independent"
14,6663,"independent"
10,6664,"independent"
14,6665,"independent"
16,6666,"independent"
14,6667,"independent"
12,6668,"independent"
12,6669,"independent"
10,6670,"independent"
10,6671,"independent"
12,6672,"independent"
18,6673,"independent"
14,6674,"independent"
14,6675,"independent"
8,6676,"independent"
10,6677,"independent"
16,6678,"independent"
10,6679,"independent"
14,6680,"independent"
16,6681,"independent"
16,6682,"independent"
18,6683,"independent"
12,6684,"independent"
12,6685,"independent"
16,6686,"independent"
10,6687,"independent"
10,6688,"independent"
10,6689,"independent"
16,6690,"independent"
12,6691,"independent"
14,6692,"independent"
14,6693,"independent"
14,6694,"independent"
10,6695,"independent"
10,6696,"independent"
10,6697,"independent"
8,6698,"independent"
14,6699,"independent"
12,6700,"independent"
12,6701,"independent"
12,6702,"independent"
10,6703,"independent"
14,6704,"independent"
16,6705,"independent"
10,6706,"independent"
14,6707,"independent"
18,6708,"independent"
12,6709,"independent"
14,6710,"independent"
16,6711,"independent"
14,6712,"independent"
14,6713,"independent"
16,6714,"independent"
8,6715,"independent"
14,6716,"independent"
14,6717,"independent"
16,6718,"independent"
12,6719,"independent"
12,6720,"independent"
14,6721,"independent"
12,6722,"independent"
10,6723,"independent"
10,6724,"independent"
14,6725,"independent"
12,6726,"independent"
16,6727,"independent"
14,6728,"independent"
12,6729,"independent"
12,6730,"independent"
14,6731,"independent"
10,6732,"independent"
14,6733,"independent"
12,6734,"independent"
14,6735,"independent"
14,6736,"independent"
12,6737,"independent"
16,6738,"independent"
16,6739,"independent"
14,6740,"independent"
10,6741,"independent"
14,6742,"independent"
16,6743,"independent"
8,6744,"independent"
12,6745,"independent"
12,6746,"independent"
12,6747,"independent"
12,6748,"independent"
12,6749,"independent"
8,6750,"independent"
20,6751,"independent"
12,6752,"independent"
14,6753,"independent"
8,6754,"independent"
16,6755,"independent"
16,6756,"independent"
10,6757,"independent"
14,6758,"independent"
10,6759,"independent"
14,6760,"independent"
10,6761,"independent"
14,6762,"independent"
14,6763,"independent"
16,6764,"independent"
12,6765,"independent"
8,6766,"independent"
16,6767,"independent"
16,6768,"independent"
16,6769,"independent"
12,6770,"independent"
16,6771,"independent"
12,6772,"independent"
10,6773,"independent"
12,6774,"independent"
14,6775,"independent"
16,6776,"independent"
14,6777,"independent"
12,6778,"independent"
14,6779,"independent"
12,6780,"independent"
14,6781,"independent"
14,6782,"independent"
10,6783,"independent"
14,6784,"independent"
12,6785,"independent"
8,6786,"independent"
12,6787,"independent"
14,6788,"independent"
14,6789,"independent"
12,6790,"independent"
14,6791,"independent"
14,6792,"independent"
12,6793,"independent"
12,6794,"independent"
8,6795,"independent"
14,6796,"independent"
12,6797,"independent"
14,6798,"independent"
16,6799,"independent"
10,6800,"independent"
14,6801,"independent"
10,6802,"independent"
6,6803,"independent"
14,6804,"independent"
14,6805,"independent"
14,6806,"independent"
14,6807,"independent"
16,6808,"independent"
14,6809,"independent"
16,6810,"independent"
14,6811,"independent"
14,6812,"independent"
10,6813,"independent"
8,6814,"independent"
16,6815,"independent"
14,6816,"independent"
14,6817,"independent"
14,6818,"independent"
16,6819,"independent"
14,6820,"independent"
6,6821,"independent"
8,6822,"independent"
16,6823,"independent"
12,6824,"independent"
14,6825,"independent"
8,6826,"independent"
14,6827,"independent"
10,6828,"independent"
16,6829,"independent"
14,6830,"independent"
12,6831,"independent"
14,6832,"independent"
16,6833,"independent"
16,6834,"independent"
14,6835,"independent"
14,6836,"independent"
18,6837,"independent"
12,6838,"independent"
12,6839,"independent"
14,6840,"independent"
14,6841,"independent"
14,6842,"independent"
10,6843,"independent"
12,6844,"independent"
14,6845,"independent"
10,6846,"independent"
14,6847,"independent"
12,6848,"independent"
10,6849,"independent"
14,6850,"independent"
10,6851,"independent"
14,6852,"independent"
10,6853,"independent"
16,6854,"independent"
14,6855,"independent"
16,6856,"independent"
16,6857,"independent"
14,6858,"independent"
16,6859,"independent"
12,6860,"independent"
12,6861,"independent"
14,6862,"independent"
12,6863,"independent"
16,6864,"independent"
14,6865,"independent"
12,6866,"independent"
16,6867,"independent"
10,6868,"independent"
12,6869,"independent"
12,6870,"independent"
8,6871,"independent"
16,6872,"independent"
16,6873,"independent"
14,6874,"independent"
16,6875,"independent"
18,6876,"independent"
10,6877,"independent"
8,6878,"independent"
8,6879,"independent"
12,6880,"independent"
10,6881,"independent"
8,6882,"independent"
14,6883,"independent"
16,6884,"independent"
16,6885,"independent"
14,6886,"independent"
12,6887,"independent"
12,6888,"independent"
12,6889,"independent"
10,6890,"independent"
16,6891,"independent"
14,6892,"independent"
14,6893,"independent"
16,6894,"independent"
12,6895,"independent"
12,6896,"independent"
12,6897,"independent"
10,6898,"independent"
10,6899,"independent"
4,6900,"independent"
14,6901,"independent"
10,6902,"independent"
16,6903,"independent"
10,6904,"independent"
8,6905,"independent"
14,6906,"independent"
16,6907,"independent"
14,6908,"independent"
14,6909,"independent"
16,6910,"independent"
16,6911,"independent"
12,6912,"independent"
10,6913,"independent"
14,6914,"independent"
20,6915,"independent"
12,6916,"independent"
12,6917,"independent"
14,6918,"independent"
14,6919,"independent"
14,6920,"independent"
14,6921,"independent"
12,6922,"independent"
14,6923,"independent"
16,6924,"independent"
14,6925,"independent"
12,6926,"independent"
16,6927,"independent"
18,6928,"independent"
14,6929,"independent"
14,6930,"independent"
16,6931,"independent"
10,6932,"independent"
16,6933,"independent"
12,6934,"independent"
12,6935,"independent"
14,6936,"independent"
14,6937,"independent"
12,6938,"independent"
14,6939,"independent"
14,6940,"independent"
16,6941,"independent"
16,6942,"independent"
14,6943,"independent"
12,6944,"independent"
12,6945,"independent"
14,6946,"independent"
14,6947,"independent"
16,6948,"independent"
14,6949,"independent"
12,6950,"independent"
8,6951,"independent"
12,6952,"independent"
18,6953,"independent"
12,6954,"independent"
12,6955,"independent"
14,6956,"independent"
12,6957,"independent"
18,6958,"independent"
12,6959,"independent"
16,6960,"independent"
16,6961,"independent"
12,6962,"independent"
16,6963,"independent"
12,6964,"independent"
16,6965,"independent"
14,6966,"independent"
14,6967,"independent"
10,6968,"independent"
12,6969,"independent"
14,6970,"independent"
14,6971,"independent"
14,6972,"independent"
14,6973,"independent"
14,6974,"independent"
12,6975,"independent"
10,6976,"independent"
12,6977,"independent"
14,6978,"independent"
10,6979,"independent"
10,6980,"independent"
12,6981,"independent"
14,6982,"independent"
14,6983,"independent"
14,6984,"independent"
16,6985,"independent"
14,6986,"independent"
18,6987,"independent"
18,6988,"independent"
12,6989,"independent"
10,6990,"independent"
14,6991,"independent"
16,6992,"independent"
16,6993,"independent"
10,6994,"independent"
14,6995,"independent"
18,6996,"independent"
14,6997,"independent"
16,6998,"independent"
8,6999,"independent"
16,7000,"independent"
16,7001,"independent"
14,7002,"independent"
22,7003,"independent"
18,7004,"independent"
16,7005,"independent"
10,7006,"independent"
12,7007,"independent"
14,7008,"independent"
14,7009,"independent"
12,7010,"independent"
14,7011,"independent"
8,7012,"independent"
14,7013,"independent"
14,7014,"independent"
12,7015,"independent"
10,7016,"independent"
8,7017,"independent"
14,7018,"independent"
14,7019,"independent"
14,7020,"independent"
8,7021,"independent"
8,7022,"independent"
10,7023,"independent"
10,7024,"independent"
18,7025,"independent"
18,7026,"independent"
12,7027,"independent"
14,7028,"independent"
14,7029,"independent"
16,7030,"independent"
10,7031,"independent"
18,7032,"independent"
16,7033,"independent"
10,7034,"independent"
10,7035,"independent"
14,7036,"independent"
14,7037,"independent"
14,7038,"independent"
12,7039,"independent"
16,7040,"independent"
14,7041,"independent"
14,7042,"independent"
10,7043,"independent"
8,7044,"independent"
12,7045,"independent"
10,7046,"independent"
16,7047,"independent"
16,7048,"independent"
14,7049,"independent"
16,7050,"independent"
10,7051,"independent"
14,7052,"independent"
12,7053,"independent"
14,7054,"independent"
16,7055,"independent"
14,7056,"independent"
10,7057,"independent"
12,7058,"independent"
16,7059,"independent"
12,7060,"independent"
10,7061,"independent"
12,7062,"independent"
14,7063,"independent"
12,7064,"independent"
16,7065,"independent"
12,7066,"independent"
12,7067,"independent"
16,7068,"independent"
12,7069,"independent"
10,7070,"independent"
12,7071,"independent"
16,7072,"independent"
14,7073,"independent"
10,7074,"independent"
12,7075,"independent"
12,7076,"independent"
12,7077,"independent"
18,7078,"independent"
12,7079,"independent"
14,7080,"independent"
14,7081,"independent"
16,7082,"independent"
14,7083,"independent"
14,7084,"independent"
12,7085,"independent"
16,7086,"independent"
14,7087,"independent"
14,7088,"independent"
14,7089,"independent"
6,7090,"independent"
12,7091,"independent"
14,7092,"independent"
14,7093,"independent"
12,7094,"independent"
12,7095,"independent"
10,7096,"independent"
16,7097,"independent"
10,7098,"independent"
12,7099,"independent"
10,7100,"independent"
10,7101,"independent"
14,7102,"independent"
12,7103,"independent"
14,7104,"independent"
14,7105,"independent"
10,7106,"independent"
14,7107,"independent"
12,7108,"independent"
10,7109,"independent"
10,7110,"independent"
12,7111,"independent"
12,7112,"independent"
12,7113,"independent"
16,7114,"independent"
14,7115,"independent"
14,7116,"independent"
16,7117,"independent"
16,7118,"independent"
12,7119,"independent"
16,7120,"independent"
16,7121,"independent"
12,7122,"independent"
14,7123,"independent"
14,7124,"independent"
14,7125,"independent"
10,7126,"independent"
14,7127,"independent"
10,7128,"independent"
10,7129,"independent"
14,7130,"independent"
16,7131,"independent"
14,7132,"independent"
12,7133,"independent"
10,7134,"independent"
16,7135,"independent"
16,7136,"independent"
16,7137,"independent"
10,7138,"independent"
12,7139,"independent"
10,7140,"independent"
12,7141,"independent"
14,7142,"independent"
12,7143,"independent"
18,7144,"independent"
12,7145,"independent"
14,7146,"independent"
12,7147,"independent"
12,7148,"independent"
14,7149,"independent"
10,7150,"independent"
14,7151,"independent"
12,7152,"independent"
16,7153,"independent"
12,7154,"independent"
12,7155,"independent"
10,7156,"independent"
12,7157,"independent"
10,7158,"independent"
14,7159,"independent"
14,7160,"independent"
16,7161,"independent"
18,7162,"independent"
16,7163,"independent"
10,7164,"independent"
12,7165,"independent"
14,7166,"independent"
14,7167,"independent"
16,7168,"independent"
16,7169,"independent"
12,7170,"independent"
16,7171,"independent"
12,7172,"independent"
14,7173,"independent"
12,7174,"independent"
16,7175,"independent"
16,7176,"independent"
12,7177,"independent"
14,7178,"independent"
14,7179,"independent"
12,7180,"independent"
16,7181,"independent"
16,7182,"independent"
12,7183,"independent"
16,7184,"independent"
10,7185,"independent"
8,7186,"independent"
8,7187,"independent"
14,7188,"independent"
14,7189,"independent"
14,7190,"independent"
14,7191,"independent"
16,7192,"independent"
12,7193,"independent"
12,7194,"independent"
16,7195,"independent"
14,7196,"independent"
12,7197,"independent"
10,7198,"independent"
14,7199,"independent"
12,7200,"independent"
12,7201,"independent"
8,7202,"independent"
16,7203,"independent"
16,7204,"independent"
16,7205,"independent"
16,7206,"independent"
12,7207,"independent"
12,7208,"independent"
14,7209,"independent"
16,7210,"independent"
12,7211,"independent"
14,7212,"independent"
12,7213,"independent"
12,7214,"independent"
14,7215,"independent"
12,7216,"independent"
10,7217,"independent"
16,7218,"independent"
12,7219,"independent"
12,7220,"independent"
12,7221,"independent"
8,7222,"independent"
14,7223,"independent"
16,7224,"independent"
14,7225,"independent"
16,7226,"independent"
14,7227,"independent"
16,7228,"independent"
14,7229,"independent"
16,7230,"independent"
16,7231,"independent"
12,7232,"independent"
10,7233,"independent"
14,7234,"independent"
16,7235,"independent"
14,7236,"independent"
14,7237,"independent"
16,7238,"independent"
16,7239,"independent"
14,7240,"independent"
18,7241,"independent"
18,7242,"independent"
16,7243,"independent"
14,7244,"independent"
10,7245,"independent"
14,7246,"independent"
16,7247,"independent"
12,7248,"independent"
14,7249,"independent"
18,7250,"independent"
12,7251,"independent"
14,7252,"independent"
12,7253,"independent"
10,7254,"independent"
18,7255,"independent"
14,7256,"independent"
16,7257,"independent"
14,7258,"independent"
12,7259,"independent"
14,7260,"independent"
16,7261,"independent"
14,7262,"independent"
10,7263,"independent"
10,7264,"independent"
14,7265,"independent"
12,7266,"independent"
16,7267,"independent"
16,7268,"independent"
10,7269,"independent"
14,7270,"independent"
12,7271,"independent"
14,7272,"independent"
12,7273,"independent"
14,7274,"independent"
8,7275,"independent"
16,7276,"independent"
14,7277,"independent"
10,7278,"independent"
12,7279,"independent"
12,7280,"independent"
12,7281,"independent"
10,7282,"independent"
10,7283,"independent"
12,7284,"independent"
14,7285,"independent"
14,7286,"independent"
14,7287,"independent"
16,7288,"independent"
12,7289,"independent"
12,7290,"independent"
16,7291,"independent"
14,7292,"independent"
12,7293,"independent"
16,7294,"independent"
10,7295,"independent"
10,7296,"independent"
16,7297,"independent"
12,7298,"independent"
14,7299,"independent"
8,7300,"independent"
18,7301,"independent"
10,7302,"independent"
10,7303,"independent"
6,7304,"independent"
10,7305,"independent"
16,7306,"independent"
14,7307,"independent"
12,7308,"independent"
14,7309,"independent"
10,7310,"independent"
14,7311,"independent"
18,7312,"independent"
12,7313,"independent"
12,7314,"independent"
14,7315,"independent"
8,7316,"independent"
14,7317,"independent"
12,7318,"independent"
12,7319,"independent"
12,7320,"independent"
18,7321,"independent"
14,7322,"independent"
14,7323,"independent"
18,7324,"independent"
10,7325,"independent"
10,7326,"independent"
12,7327,"independent"
14,7328,"independent"
14,7329,"independent"
10,7330,"independent"
12,7331,"independent"
18,7332,"independent"
16,7333,"independent"
14,7334,"independent"
14,7335,"independent"
12,7336,"independent"
18,7337,"independent"
16,7338,"independent"
10,7339,"independent"
10,7340,"independent"
16,7341,"independent"
14,7342,"independent"
20,7343,"independent"
16,7344,"independent"
4,7345,"independent"
14,7346,"independent"
14,7347,"independent"
14,7348,"independent"
12,7349,"independent"
10,7350,"independent"
14,7351,"independent"
16,7352,"independent"
16,7353,"independent"
12,7354,"independent"
16,7355,"independent"
18,7356,"independent"
18,7357,"independent"
10,7358,"independent"
6,7359,"independent"
14,7360,"independent"
14,7361,"independent"
12,7362,"independent"
8,7363,"independent"
10,7364,"independent"
18,7365,"independent"
16,7366,"independent"
14,7367,"independent"
12,7368,"independent"
16,7369,"independent"
14,7370,"independent"
12,7371,"independent"
16,7372,"independent"
16,7373,"independent"
16,7374,"independent"
14,7375,"independent"
12,7376,"independent"
16,7377,"independent"
14,7378,"independent"
14,7379,"independent"
12,7380,"independent"
12,7381,"independent"
14,7382,"independent"
10,7383,"independent"
18,7384,"independent"
14,7385,"independent"
12,7386,"independent"
12,7387,"independent"
12,7388,"independent"
14,7389,"independent"
16,7390,"independent"
12,7391,"independent"
12,7392,"independent"
12,7393,"independent"
16,7394,"independent"
16,7395,"independent"
10,7396,"independent"
16,7397,"independent"
16,7398,"independent"
12,7399,"independent"
12,7400,"independent"
14,7401,"independent"
14,7402,"independent"
10,7403,"independent"
16,7404,"independent"
14,7405,"independent"
16,7406,"independent"
14,7407,"independent"
8,7408,"independent"
18,7409,"independent"
18,7410,"independent"
14,7411,"independent"
12,7412,"independent"
16,7413,"independent"
12,7414,"independent"
16,7415,"independent"
16,7416,"independent"
12,7417,"independent"
8,7418,"independent"
16,7419,"independent"
16,7420,"independent"
18,7421,"independent"
8,7422,"independent"
14,7423,"independent"
12,7424,"independent"
14,7425,"independent"
14,7426,"independent"
12,7427,"independent"
16,7428,"independent"
14,7429,"independent"
14,7430,"independent"
12,7431,"independent"
12,7432,"independent"
14,7433,"independent"
12,7434,"independent"
10,7435,"independent"
8,7436,"independent"
14,7437,"independent"
10,7438,"independent"
16,7439,"independent"
10,7440,"independent"
14,7441,"independent"
14,7442,"independent"
18,7443,"independent"
12,7444,"independent"
18,7445,"independent"
16,7446,"independent"
14,7447,"independent"
16,7448,"independent"
14,7449,"independent"
10,7450,"independent"
14,7451,"independent"
14,7452,"independent"
8,7453,"independent"
12,7454,"independent"
14,7455,"independent"
14,7456,"independent"
16,7457,"independent"
14,7458,"independent"
10,7459,"independent"
14,7460,"independent"
14,7461,"independent"
10,7462,"independent"
10,7463,"independent"
16,7464,"independent"
14,7465,"independent"
10,7466,"independent"
14,7467,"independent"
12,7468,"independent"
12,7469,"independent"
12,7470,"independent"
14,7471,"independent"
14,7472,"independent"
14,7473,"independent"
14,7474,"independent"
12,7475,"independent"
12,7476,"independent"
12,7477,"independent"
12,7478,"independent"
14,7479,"independent"
14,7480,"independent"
12,7481,"independent"
14,7482,"independent"
20,7483,"independent"
12,7484,"independent"
8,7485,"independent"
18,7486,"independent"
14,7487,"independent"
14,7488,"independent"
14,7489,"independent"
14,7490,"independent"
16,7491,"independent"
12,7492,"independent"
16,7493,"independent"
14,7494,"independent"
12,7495,"independent"
10,7496,"independent"
10,7497,"independent"
14,7498,"independent"
10,7499,"independent"
18,7500,"independent"
14,7501,"independent"
16,7502,"independent"
16,7503,"independent"
12,7504,"independent"
12,7505,"independent"
14,7506,"independent"
14,7507,"independent"
10,7508,"independent"
16,7509,"independent"
14,7510,"independent"
14,7511,"independent"
16,7512,"independent"
18,7513,"independent"
16,7514,"independent"
16,7515,"independent"
18,7516,"independent"
12,7517,"independent"
10,7518,"independent"
18,7519,"independent"
14,7520,"independent"
14,7521,"independent"
14,7522,"independent"
16,7523,"independent"
12,7524,"independent"
10,7525,"independent"
16,7526,"independent"
8,7527,"independent"
18,7528,"independent"
14,7529,"independent"
16,7530,"independent"
14,7531,"independent"
6,7532,"independent"
10,7533,"independent"
10,7534,"independent"
14,7535,"independent"
16,7536,"independent"
12,7537,"independent"
14,7538,"independent"
16,7539,"independent"
14,7540,"independent"
10,7541,"independent"
12,7542,"independent"
12,7543,"independent"
12,7544,"independent"
12,7545,"independent"
12,7546,"independent"
18,7547,"independent"
16,7548,"independent"
14,7549,"independent"
18,7550,"independent"
10,7551,"independent"
12,7552,"independent"
14,7553,"independent"
14,7554,"independent"
18,7555,"independent"
14,7556,"independent"
12,7557,"independent"
16,7558,"independent"
14,7559,"independent"
14,7560,"independent"
14,7561,"independent"
10,7562,"independent"
14,7563,"independent"
16,7564,"independent"
8,7565,"independent"
12,7566,"independent"
12,7567,"independent"
10,7568,"independent"
12,7569,"independent"
10,7570,"independent"
12,7571,"independent"
14,7572,"independent"
14,7573,"independent"
14,7574,"independent"
16,7575,"independent"
16,7576,"independent"
18,7577,"independent"
12,7578,"independent"
16,7579,"independent"
12,7580,"independent"
10,7581,"independent"
16,7582,"independent"
14,7583,"independent"
14,7584,"independent"
14,7585,"independent"
10,7586,"independent"
14,7587,"independent"
12,7588,"independent"
10,7589,"independent"
10,7590,"independent"
8,7591,"independent"
12,7592,"independent"
12,7593,"independent"
16,7594,"independent"
12,7595,"independent"
16,7596,"independent"
12,7597,"independent"
14,7598,"independent"
12,7599,"independent"
16,7600,"independent"
12,7601,"independent"
12,7602,"independent"
16,7603,"independent"
16,7604,"independent"
14,7605,"independent"
10,7606,"independent"
8,7607,"independent"
16,7608,"independent"
16,7609,"independent"
12,7610,"independent"
12,7611,"independent"
16,7612,"independent"
16,7613,"independent"
12,7614,"independent"
10,7615,"independent"
14,7616,"independent"
16,7617,"independent"
12,7618,"independent"
12,7619,"independent"
14,7620,"independent"
16,7621,"independent"
14,7622,"independent"
10,7623,"independent"
18,7624,"independent"
12,7625,"independent"
14,7626,"independent"
12,7627,"independent"
14,7628,"independent"
16,7629,"independent"
14,7630,"independent"
10,7631,"independent"
16,7632,"independent"
12,7633,"independent"
10,7634,"independent"
14,7635,"independent"
12,7636,"independent"
12,7637,"independent"
14,7638,"independent"
12,7639,"independent"
12,7640,"independent"
12,7641,"independent"
10,7642,"independent"
16,7643,"independent"
10,7644,"independent"
16,7645,"independent"
14,7646,"independent"
12,7647,"independent"
14,7648,"independent"
14,7649,"independent"
16,7650,"independent"
14,7651,"independent"
16,7652,"independent"
14,7653,"independent"
12,7654,"independent"
14,7655,"independent"
16,7656,"independent"
14,7657,"independent"
14,7658,"independent"
16,7659,"independent"
16,7660,"independent"
14,7661,"independent"
14,7662,"independent"
16,7663,"independent"
6,7664,"independent"
14,7665,"independent"
12,7666,"independent"
14,7667,"independent"
16,7668,"independent"
14,7669,"independent"
12,7670,"independent"
12,7671,"independent"
14,7672,"independent"
10,7673,"independent"
8,7674,"independent"
16,7675,"independent"
14,7676,"independent"
12,7677,"independent"
8,7678,"independent"
14,7679,"independent"
10,7680,"independent"
14,7681,"independent"
12,7682,"independent"
16,7683,"independent"
14,7684,"independent"
12,7685,"independent"
14,7686,"independent"
10,7687,"independent"
10,7688,"independent"
12,7689,"independent"
12,7690,"independent"
14,7691,"independent"
16,7692,"independent"
18,7693,"independent"
14,7694,"independent"
14,7695,"independent"
16,7696,"independent"
14,7697,"independent"
14,7698,"independent"
14,7699,"independent"
14,7700,"independent"
14,7701,"independent"
12,7702,"independent"
12,7703,"independent"
16,7704,"independent"
18,7705,"independent"
14,7706,"independent"
10,7707,"independent"
14,7708,"independent"
12,7709,"independent"
16,7710,"independent"
14,7711,"independent"
16,7712,"independent"
14,7713,"independent"
10,7714,"independent"
14,7715,"independent"
16,7716,"independent"
14,7717,"independent"
14,7718,"independent"
12,7719,"independent"
14,7720,"independent"
14,7721,"independent"
16,7722,"independent"
12,7723,"independent"
12,7724,"independent"
12,7725,"independent"
14,7726,"independent"
8,7727,"independent"
12,7728,"independent"
14,7729,"independent"
16,7730,"independent"
14,7731,"independent"
12,7732,"independent"
14,7733,"independent"
12,7734,"independent"
16,7735,"independent"
14,7736,"independent"
16,7737,"independent"
8,7738,"independent"
14,7739,"independent"
14,7740,"independent"
2,7741,"independent"
14,7742,"independent"
16,7743,"independent"
18,7744,"independent"
16,7745,"independent"
14,7746,"independent"
18,7747,"independent"
14,7748,"independent"
14,7749,"independent"
12,7750,"independent"
10,7751,"independent"
12,7752,"independent"
14,7753,"independent"
16,7754,"independent"
18,7755,"independent"
16,7756,"independent"
6,7757,"independent"
14,7758,"independent"
12,7759,"independent"
14,7760,"independent"
16,7761,"independent"
12,7762,"independent"
8,7763,"independent"
14,7764,"independent"
18,7765,"independent"
12,7766,"independent"
14,7767,"independent"
14,7768,"independent"
10,7769,"independent"
16,7770,"independent"
12,7771,"independent"
16,7772,"independent"
12,7773,"independent"
14,7774,"independent"
6,7775,"independent"
14,7776,"independent"
12,7777,"independent"
16,7778,"independent"
14,7779,"independent"
14,7780,"independent"
14,7781,"independent"
14,7782,"independent"
10,7783,"independent"
10,7784,"independent"
16,7785,"independent"
14,7786,"independent"
14,7787,"independent"
16,7788,"independent"
18,7789,"independent"
16,7790,"independent"
14,7791,"independent"
14,7792,"independent"
16,7793,"independent"
8,7794,"independent"
12,7795,"independent"
16,7796,"independent"
16,7797,"independent"
16,7798,"independent"
8,7799,"independent"
16,7800,"independent"
16,7801,"independent"
16,7802,"independent"
14,7803,"independent"
14,7804,"independent"
14,7805,"independent"
16,7806,"independent"
8,7807,"independent"
14,7808,"independent"
14,7809,"independent"
12,7810,"independent"
10,7811,"independent"
12,7812,"independent"
8,7813,"independent"
16,7814,"independent"
10,7815,"independent"
12,7816,"independent"
12,7817,"independent"
12,7818,"independent"
14,7819,"independent"
18,7820,"independent"
20,7821,"independent"
14,7822,"independent"
14,7823,"independent"
14,7824,"independent"
12,7825,"independent"
14,7826,"independent"
10,7827,"independent"
12,7828,"independent"
12,7829,"independent"
10,7830,"independent"
18,7831,"independent"
16,7832,"independent"
12,7833,"independent"
12,7834,"independent"
14,7835,"independent"
8,7836,"independent"
8,7837,"independent"
14,7838,"independent"
8,7839,"independent"
12,7840,"independent"
14,7841,"independent"
12,7842,"independent"
6,7843,"independent"
12,7844,"independent"
14,7845,"independent"
12,7846,"independent"
16,7847,"independent"
12,7848,"independent"
16,7849,"independent"
10,7850,"independent"
14,7851,"independent"
14,7852,"independent"
12,7853,"independent"
12,7854,"independent"
12,7855,"independent"
14,7856,"independent"
14,7857,"independent"
8,7858,"independent"
12,7859,"independent"
10,7860,"independent"
10,7861,"independent"
16,7862,"independent"
14,7863,"independent"
14,7864,"independent"
18,7865,"independent"
14,7866,"independent"
12,7867,"independent"
14,7868,"independent"
12,7869,"independent"
12,7870,"independent"
12,7871,"independent"
12,7872,"independent"
10,7873,"independent"
16,7874,"independent"
10,7875,"independent"
8,7876,"independent"
14,7877,"independent"
16,7878,"independent"
18,7879,"independent"
16,7880,"independent"
8,7881,"independent"
12,7882,"independent"
12,7883,"independent"
18,7884,"independent"
14,7885,"independent"
14,7886,"independent"
14,7887,"independent"
10,7888,"independent"
14,7889,"independent"
14,7890,"independent"
14,7891,"independent"
14,7892,"independent"
10,7893,"independent"
18,7894,"independent"
12,7895,"independent"
14,7896,"independent"
12,7897,"independent"
10,7898,"independent"
14,7899,"independent"
16,7900,"independent"
12,7901,"independent"
16,7902,"independent"
14,7903,"independent"
16,7904,"independent"
14,7905,"independent"
16,7906,"independent"
16,7907,"independent"
12,7908,"independent"
14,7909,"independent"
16,7910,"independent"
18,7911,"independent"
12,7912,"independent"
18,7913,"independent"
14,7914,"independent"
12,7915,"independent"
12,7916,"independent"
12,7917,"independent"
12,7918,"independent"
14,7919,"independent"
14,7920,"independent"
10,7921,"independent"
16,7922,"independent"
18,7923,"independent"
12,7924,"independent"
16,7925,"independent"
14,7926,"independent"
8,7927,"independent"
16,7928,"independent"
12,7929,"independent"
10,7930,"independent"
20,7931,"independent"
14,7932,"independent"
10,7933,"independent"
10,7934,"independent"
10,7935,"independent"
12,7936,"independent"
14,7937,"independent"
10,7938,"independent"
14,7939,"independent"
16,7940,"independent"
16,7941,"independent"
14,7942,"independent"
12,7943,"independent"
14,7944,"independent"
16,7945,"independent"
16,7946,"independent"
14,7947,"independent"
16,7948,"independent"
14,7949,"independent"
14,7950,"independent"
14,7951,"independent"
12,7952,"independent"
12,7953,"independent"
16,7954,"independent"
10,7955,"independent"
12,7956,"independent"
18,7957,"independent"
14,7958,"independent"
16,7959,"independent"
16,7960,"independent"
12,7961,"independent"
14,7962,"independent"
14,7963,"independent"
12,7964,"independent"
12,7965,"independent"
14,7966,"independent"
12,7967,"independent"
12,7968,"independent"
14,7969,"independent"
16,7970,"independent"
12,7971,"independent"
10,7972,"independent"
16,7973,"independent"
16,7974,"independent"
18,7975,"independent"
14,7976,"independent"
10,7977,"independent"
16,7978,"independent"
16,7979,"independent"
16,7980,"independent"
12,7981,"independent"
12,7982,"independent"
10,7983,"independent"
14,7984,"independent"
14,7985,"independent"
12,7986,"independent"
12,7987,"independent"
16,7988,"independent"
8,7989,"independent"
12,7990,"independent"
16,7991,"independent"
12,7992,"independent"
10,7993,"independent"
10,7994,"independent"
12,7995,"independent"
10,7996,"independent"
12,7997,"independent"
14,7998,"independent"
12,7999,"independent"
10,8000,"independent"
12,8001,"independent"
12,8002,"independent"
10,8003,"independent"
14,8004,"independent"
16,8005,"independent"
12,8006,"independent"
18,8007,"independent"
16,8008,"independent"
14,8009,"independent"
12,8010,"independent"
14,8011,"independent"
16,8012,"independent"
14,8013,"independent"
10,8014,"independent"
16,8015,"independent"
16,8016,"independent"
14,8017,"independent"
10,8018,"independent"
14,8019,"independent"
12,8020,"independent"
8,8021,"independent"
14,8022,"independent"
12,8023,"independent"
12,8024,"independent"
18,8025,"independent"
12,8026,"independent"
14,8027,"independent"
16,8028,"independent"
12,8029,"independent"
10,8030,"independent"
16,8031,"independent"
14,8032,"independent"
12,8033,"independent"
14,8034,"independent"
10,8035,"independent"
14,8036,"independent"
12,8037,"independent"
10,8038,"independent"
16,8039,"independent"
8,8040,"independent"
14,8041,"independent"
12,8042,"independent"
10,8043,"independent"
16,8044,"independent"
10,8045,"independent"
12,8046,"independent"
14,8047,"independent"
10,8048,"independent"
18,8049,"independent"
18,8050,"independent"
14,8051,"independent"
12,8052,"independent"
18,8053,"independent"
14,8054,"independent"
18,8055,"independent"
16,8056,"independent"
16,8057,"independent"
16,8058,"independent"
12,8059,"independent"
12,8060,"independent"
12,8061,"independent"
16,8062,"independent"
12,8063,"independent"
14,8064,"independent"
14,8065,"independent"
16,8066,"independent"
14,8067,"independent"
10,8068,"independent"
16,8069,"independent"
16,8070,"independent"
14,8071,"independent"
12,8072,"independent"
14,8073,"independent"
12,8074,"independent"
10,8075,"independent"
12,8076,"independent"
10,8077,"independent"
14,8078,"independent"
16,8079,"independent"
12,8080,"independent"
16,8081,"independent"
10,8082,"independent"
14,8083,"independent"
14,8084,"independent"
14,8085,"independent"
12,8086,"independent"
8,8087,"independent"
14,8088,"independent"
14,8089,"independent"
14,8090,"independent"
10,8091,"independent"
12,8092,"independent"
18,8093,"independent"
10,8094,"independent"
10,8095,"independent"
10,8096,"independent"
10,8097,"independent"
10,8098,"independent"
14,8099,"independent"
16,8100,"independent"
12,8101,"independent"
16,8102,"independent"
18,8103,"independent"
12,8104,"independent"
12,8105,"independent"
10,8106,"independent"
8,8107,"independent"
16,8108,"independent"
18,8109,"independent"
12,8110,"independent"
12,8111,"independent"
12,8112,"independent"
18,8113,"independent"
12,8114,"independent"
10,8115,"independent"
14,8116,"independent"
12,8117,"independent"
16,8118,"independent"
16,8119,"independent"
18,8120,"independent"
14,8121,"independent"
12,8122,"independent"
16,8123,"independent"
14,8124,"independent"
8,8125,"independent"
16,8126,"independent"
14,8127,"independent"
12,8128,"independent"
12,8129,"independent"
12,8130,"independent"
6,8131,"independent"
14,8132,"independent"
16,8133,"independent"
14,8134,"independent"
14,8135,"independent"
12,8136,"independent"
14,8137,"independent"
18,8138,"independent"
14,8139,"independent"
14,8140,"independent"
12,8141,"independent"
14,8142,"independent"
10,8143,"independent"
14,8144,"independent"
14,8145,"independent"
12,8146,"independent"
14,8147,"independent"
8,8148,"independent"
12,8149,"independent"
14,8150,"independent"
14,8151,"independent"
14,8152,"independent"
14,8153,"independent"
14,8154,"independent"
16,8155,"independent"
16,8156,"independent"
14,8157,"independent"
14,8158,"independent"
18,8159,"independent"
14,8160,"independent"
10,8161,"independent"
12,8162,"independent"
6,8163,"independent"
12,8164,"independent"
12,8165,"independent"
14,8166,"independent"
16,8167,"independent"
12,8168,"independent"
14,8169,"independent"
12,8170,"independent"
12,8171,"independent"
8,8172,"independent"
12,8173,"independent"
12,8174,"independent"
6,8175,"independent"
14,8176,"independent"
16,8177,"independent"
10,8178,"independent"
12,8179,"independent"
14,8180,"independent"
16,8181,"independent"
14,8182,"independent"
16,8183,"independent"
10,8184,"independent"
14,8185,"independent"
16,8186,"independent"
16,8187,"independent"
10,8188,"independent"
12,8189,"independent"
12,8190,"independent"
14,8191,"independent"
10,8192,"independent"
16,8193,"independent"
14,8194,"independent"
10,8195,"independent"
10,8196,"independent"
10,8197,"independent"
14,8198,"independent"
18,8199,"independent"
8,8200,"independent"
14,8201,"independent"
8,8202,"independent"
16,8203,"independent"
16,8204,"independent"
14,8205,"independent"
12,8206,"independent"
18,8207,"independent"
10,8208,"independent"
12,8209,"independent"
18,8210,"independent"
12,8211,"independent"
12,8212,"independent"
14,8213,"independent"
10,8214,"independent"
16,8215,"independent"
12,8216,"independent"
10,8217,"independent"
14,8218,"independent"
14,8219,"independent"
10,8220,"independent"
12,8221,"independent"
6,8222,"independent"
14,8223,"independent"
16,8224,"independent"
10,8225,"independent"
14,8226,"independent"
14,8227,"independent"
16,8228,"independent"
14,8229,"independent"
12,8230,"independent"
12,8231,"independent"
12,8232,"independent"
10,8233,"independent"
12,8234,"independent"
14,8235,"independent"
12,8236,"independent"
12,8237,"independent"
8,8238,"independent"
16,8239,"independent"
16,8240,"independent"
12,8241,"independent"
12,8242,"independent"
16,8243,"independent"
14,8244,"independent"
12,8245,"independent"
16,8246,"independent"
12,8247,"independent"
16,8248,"independent"
12,8249,"independent"
12,8250,"independent"
10,8251,"independent"
14,8252,"independent"
14,8253,"independent"
16,8254,"independent"
14,8255,"independent"
12,8256,"independent"
12,8257,"independent"
10,8258,"independent"
14,8259,"independent"
14,8260,"independent"
12,8261,"independent"
16,8262,"independent"
16,8263,"independent"
14,8264,"independent"
14,8265,"independent"
16,8266,"independent"
16,8267,"independent"
10,8268,"independent"
12,8269,"independent"
10,8270,"independent"
12,8271,"independent"
14,8272,"independent"
16,8273,"independent"
14,8274,"independent"
14,8275,"independent"
14,8276,"independent"
12,8277,"independent"
14,8278,"independent"
10,8279,"independent"
16,8280,"independent"
14,8281,"independent"
10,8282,"independent"
14,8283,"independent"
10,8284,"independent"
16,8285,"independent"
12,8286,"independent"
16,8287,"independent"
14,8288,"independent"
14,8289,"independent"
12,8290,"independent"
14,8291,"independent"
18,8292,"independent"
12,8293,"independent"
14,8294,"independent"
14,8295,"independent"
10,8296,"independent"
8,8297,"independent"
14,8298,"independent"
12,8299,"independent"
10,8300,"independent"
12,8301,"independent"
16,8302,"independent"
6,8303,"independent"
14,8304,"independent"
18,8305,"independent"
10,8306,"independent"
6,8307,"independent"
12,8308,"independent"
16,8309,"independent"
14,8310,"independent"
14,8311,"independent"
14,8312,"independent"
16,8313,"independent"
12,8314,"independent"
12,8315,"independent"
14,8316,"independent"
12,8317,"independent"
14,8318,"independent"
8,8319,"independent"
14,8320,"independent"
10,8321,"independent"
12,8322,"independent"
12,8323,"independent"
10,8324,"independent"
16,8325,"independent"
12,8326,"independent"
12,8327,"independent"
16,8328,"independent"
10,8329,"independent"
8,8330,"independent"
14,8331,"independent"
8,8332,"independent"
14,8333,"independent"
14,8334,"independent"
16,8335,"independent"
12,8336,"independent"
16,8337,"independent"
14,8338,"independent"
14,8339,"independent"
14,8340,"independent"
12,8341,"independent"
10,8342,"independent"
14,8343,"independent"
16,8344,"independent"
16,8345,"independent"
10,8346,"independent"
16,8347,"independent"
14,8348,"independent"
16,8349,"independent"
14,8350,"independent"
12,8351,"independent"
14,8352,"independent"
12,8353,"independent"
18,8354,"independent"
8,8355,"independent"
12,8356,"independent"
10,8357,"independent"
14,8358,"independent"
12,8359,"independent"
10,8360,"independent"
18,8361,"independent"
12,8362,"independent"
12,8363,"independent"
12,8364,"independent"
18,8365,"independent"
18,8366,"independent"
12,8367,"independent"
10,8368,"independent"
12,8369,"independent"
14,8370,"independent"
16,8371,"independent"
10,8372,"independent"
14,8373,"independent"
14,8374,"independent"
20,8375,"independent"
12,8376,"independent"
14,8377,"independent"
16,8378,"independent"
16,8379,"independent"
14,8380,"independent"
14,8381,"independent"
16,8382,"independent"
10,8383,"independent"
16,8384,"independent"
16,8385,"independent"
16,8386,"independent"
16,8387,"independent"
16,8388,"independent"
16,8389,"independent"
12,8390,"independent"
16,8391,"independent"
14,8392,"independent"
14,8393,"independent"
12,8394,"independent"
14,8395,"independent"
14,8396,"independent"
14,8397,"independent"
14,8398,"independent"
14,8399,"independent"
14,8400,"independent"
12,8401,"independent"
14,8402,"independent"
8,8403,"independent"
12,8404,"independent"
14,8405,"independent"
14,8406,"independent"
12,8407,"independent"
12,8408,"independent"
12,8409,"independent"
12,8410,"independent"
14,8411,"independent"
14,8412,"independent"
12,8413,"independent"
10,8414,"independent"
16,8415,"independent"
12,8416,"independent"
16,8417,"independent"
12,8418,"independent"
16,8419,"independent"
20,8420,"independent"
20,8421,"independent"
14,8422,"independent"
12,8423,"independent"
12,8424,"independent"
12,8425,"independent"
10,8426,"independent"
8,8427,"independent"
14,8428,"independent"
14,8429,"independent"
10,8430,"independent"
14,8431,"independent"
16,8432,"independent"
14,8433,"independent"
12,8434,"independent"
18,8435,"independent"
10,8436,"independent"
16,8437,"independent"
16,8438,"independent"
12,8439,"independent"
16,8440,"independent"
14,8441,"independent"
10,8442,"independent"
14,8443,"independent"
10,8444,"independent"
14,8445,"independent"
16,8446,"independent"
14,8447,"independent"
16,8448,"independent"
14,8449,"independent"
12,8450,"independent"
16,8451,"independent"
16,8452,"independent"
16,8453,"independent"
16,8454,"independent"
14,8455,"independent"
16,8456,"independent"
12,8457,"independent"
18,8458,"independent"
18,8459,"independent"
12,8460,"independent"
14,8461,"independent"
16,8462,"independent"
10,8463,"independent"
16,8464,"independent"
18,8465,"independent"
10,8466,"independent"
18,8467,"independent"
14,8468,"independent"
8,8469,"independent"
16,8470,"independent"
16,8471,"independent"
10,8472,"independent"
12,8473,"independent"
12,8474,"independent"
16,8475,"independent"
14,8476,"independent"
14,8477,"independent"
8,8478,"independent"
14,8479,"independent"
16,8480,"independent"
12,8481,"independent"
14,8482,"independent"
14,8483,"independent"
16,8484,"independent"
16,8485,"independent"
16,8486,"independent"
12,8487,"independent"
12,8488,"independent"
8,8489,"independent"
16,8490,"independent"
16,8491,"independent"
14,8492,"independent"
14,8493,"independent"
10,8494,"independent"
10,8495,"independent"
10,8496,"independent"
18,8497,"independent"
18,8498,"independent"
14,8499,"independent"
8,8500,"independent"
16,8501,"independent"
14,8502,"independent"
12,8503,"independent"
14,8504,"independent"
16,8505,"independent"
12,8506,"independent"
8,8507,"independent"
14,8508,"independent"
10,8509,"independent"
18,8510,"independent"
10,8511,"independent"
12,8512,"independent"
16,8513,"independent"
14,8514,"independent"
16,8515,"independent"
14,8516,"independent"
14,8517,"independent"
16,8518,"independent"
14,8519,"independent"
12,8520,"independent"
12,8521,"independent"
12,8522,"independent"
12,8523,"independent"
10,8524,"independent"
10,8525,"independent"
16,8526,"independent"
14,8527,"independent"
14,8528,"independent"
14,8529,"independent"
8,8530,"independent"
10,8531,"independent"
10,8532,"independent"
16,8533,"independent"
14,8534,"independent"
14,8535,"independent"
10,8536,"independent"
12,8537,"independent"
18,8538,"independent"
12,8539,"independent"
12,8540,"independent"
12,8541,"independent"
18,8542,"independent"
12,8543,"independent"
16,8544,"independent"
10,8545,"independent"
12,8546,"independent"
8,8547,"independent"
10,8548,"independent"
12,8549,"independent"
12,8550,"independent"
12,8551,"independent"
14,8552,"independent"
16,8553,"independent"
12,8554,"independent"
16,8555,"independent"
12,8556,"independent"
16,8557,"independent"
8,8558,"independent"
8,8559,"independent"
14,8560,"independent"
14,8561,"independent"
16,8562,"independent"
14,8563,"independent"
12,8564,"independent"
14,8565,"independent"
16,8566,"independent"
12,8567,"independent"
16,8568,"independent"
14,8569,"independent"
18,8570,"independent"
14,8571,"independent"
10,8572,"independent"
14,8573,"independent"
12,8574,"independent"
14,8575,"independent"
12,8576,"independent"
12,8577,"independent"
12,8578,"independent"
12,8579,"independent"
14,8580,"independent"
12,8581,"independent"
10,8582,"independent"
10,8583,"independent"
12,8584,"independent"
12,8585,"independent"
12,8586,"independent"
12,8587,"independent"
14,8588,"independent"
14,8589,"independent"
20,8590,"independent"
10,8591,"independent"
10,8592,"independent"
12,8593,"independent"
16,8594,"independent"
12,8595,"independent"
12,8596,"independent"
16,8597,"independent"
12,8598,"independent"
16,8599,"independent"
16,8600,"independent"
10,8601,"independent"
12,8602,"independent"
14,8603,"independent"
16,8604,"independent"
16,8605,"independent"
8,8606,"independent"
16,8607,"independent"
14,8608,"independent"
12,8609,"independent"
12,8610,"independent"
16,8611,"independent"
14,8612,"independent"
14,8613,"independent"
14,8614,"independent"
10,8615,"independent"
12,8616,"independent"
16,8617,"independent"
12,8618,"independent"
14,8619,"independent"
16,8620,"independent"
16,8621,"independent"
8,8622,"independent"
16,8623,"independent"
10,8624,"independent"
14,8625,"independent"
14,8626,"independent"
14,8627,"independent"
12,8628,"independent"
16,8629,"independent"
12,8630,"independent"
16,8631,"independent"
10,8632,"independent"
14,8633,"independent"
14,8634,"independent"
18,8635,"independent"
12,8636,"independent"
14,8637,"independent"
14,8638,"independent"
16,8639,"independent"
6,8640,"independent"
10,8641,"independent"
4,8642,"independent"
12,8643,"independent"
18,8644,"independent"
14,8645,"independent"
8,8646,"independent"
10,8647,"independent"
8,8648,"independent"
14,8649,"independent"
14,8650,"independent"
10,8651,"independent"
16,8652,"independent"
12,8653,"independent"
10,8654,"independent"
12,8655,"independent"
10,8656,"independent"
10,8657,"independent"
16,8658,"independent"
14,8659,"independent"
12,8660,"independent"
16,8661,"independent"
14,8662,"independent"
16,8663,"independent"
18,8664,"independent"
14,8665,"independent"
14,8666,"independent"
16,8667,"independent"
12,8668,"independent"
10,8669,"independent"
14,8670,"independent"
20,8671,"independent"
20,8672,"independent"
14,8673,"independent"
18,8674,"independent"
12,8675,"independent"
12,8676,"independent"
6,8677,"independent"
12,8678,"independent"
16,8679,"independent"
12,8680,"independent"
16,8681,"independent"
14,8682,"independent"
14,8683,"independent"
10,8684,"independent"
10,8685,"independent"
12,8686,"independent"
16,8687,"independent"
12,8688,"independent"
8,8689,"independent"
16,8690,"independent"
14,8691,"independent"
8,8692,"independent"
16,8693,"independent"
14,8694,"independent"
14,8695,"independent"
10,8696,"independent"
12,8697,"independent"
12,8698,"independent"
16,8699,"independent"
10,8700,"independent"
14,8701,"independent"
10,8702,"independent"
10,8703,"independent"
14,8704,"independent"
14,8705,"independent"
16,8706,"independent"
14,8707,"independent"
12,8708,"independent"
16,8709,"independent"
16,8710,"independent"
14,8711,"independent"
16,8712,"independent"
16,8713,"independent"
14,8714,"independent"
14,8715,"independent"
8,8716,"independent"
18,8717,"independent"
10,8718,"independent"
10,8719,"independent"
14,8720,"independent"
4,8721,"independent"
12,8722,"independent"
12,8723,"independent"
14,8724,"independent"
12,8725,"independent"
12,8726,"independent"
12,8727,"independent"
6,8728,"independent"
12,8729,"independent"
14,8730,"independent"
14,8731,"independent"
12,8732,"independent"
16,8733,"independent"
10,8734,"independent"
14,8735,"independent"
12,8736,"independent"
10,8737,"independent"
14,8738,"independent"
14,8739,"independent"
12,8740,"independent"
12,8741,"independent"
10,8742,"independent"
16,8743,"independent"
16,8744,"independent"
14,8745,"independent"
14,8746,"independent"
12,8747,"independent"
16,8748,"independent"
16,8749,"independent"
14,8750,"independent"
8,8751,"independent"
12,8752,"independent"
14,8753,"independent"
14,8754,"independent"
14,8755,"independent"
12,8756,"independent"
8,8757,"independent"
16,8758,"independent"
14,8759,"independent"
16,8760,"independent"
14,8761,"independent"
10,8762,"independent"
14,8763,"independent"
10,8764,"independent"
20,8765,"independent"
14,8766,"independent"
16,8767,"independent"
10,8768,"independent"
12,8769,"independent"
18,8770,"independent"
10,8771,"independent"
12,8772,"independent"
12,8773,"independent"
12,8774,"independent"
14,8775,"independent"
18,8776,"independent"
16,8777,"independent"
12,8778,"independent"
18,8779,"independent"
14,8780,"independent"
8,8781,"independent"
10,8782,"independent"
12,8783,"independent"
16,8784,"independent"
8,8785,"independent"
12,8786,"independent"
14,8787,"independent"
14,8788,"independent"
14,8789,"independent"
12,8790,"independent"
16,8791,"independent"
14,8792,"independent"
10,8793,"independent"
16,8794,"independent"
10,8795,"independent"
12,8796,"independent"
14,8797,"independent"
12,8798,"independent"
12,8799,"independent"
8,8800,"independent"
8,8801,"independent"
10,8802,"independent"
18,8803,"independent"
14,8804,"independent"
14,8805,"independent"
14,8806,"independent"
12,8807,"independent"
10,8808,"independent"
14,8809,"independent"
14,8810,"independent"
10,8811,"independent"
6,8812,"independent"
10,8813,"independent"
18,8814,"independent"
16,8815,"independent"
8,8816,"independent"
8,8817,"independent"
12,8818,"independent"
12,8819,"independent"
16,8820,"independent"
14,8821,"independent"
14,8822,"independent"
12,8823,"independent"
10,8824,"independent"
14,8825,"independent"
12,8826,"independent"
14,8827,"independent"
14,8828,"independent"
18,8829,"independent"
12,8830,"independent"
12,8831,"independent"
20,8832,"independent"
16,8833,"independent"
8,8834,"independent"
14,8835,"independent"
10,8836,"independent"
14,8837,"independent"
14,8838,"independent"
12,8839,"independent"
12,8840,"independent"
14,8841,"independent"
16,8842,"independent"
8,8843,"independent"
14,8844,"independent"
8,8845,"independent"
16,8846,"independent"
16,8847,"independent"
4,8848,"independent"
12,8849,"independent"
14,8850,"independent"
14,8851,"independent"
18,8852,"independent"
14,8853,"independent"
14,8854,"independent"
14,8855,"independent"
12,8856,"independent"
16,8857,"independent"
6,8858,"independent"
12,8859,"independent"
12,8860,"independent"
16,8861,"independent"
14,8862,"independent"
16,8863,"independent"
12,8864,"independent"
16,8865,"independent"
14,8866,"independent"
14,8867,"independent"
16,8868,"independent"
10,8869,"independent"
12,8870,"independent"
14,8871,"independent"
12,8872,"independent"
16,8873,"independent"
10,8874,"independent"
12,8875,"independent"
12,8876,"independent"
10,8877,"independent"
14,8878,"independent"
8,8879,"independent"
10,8880,"independent"
14,8881,"independent"
16,8882,"independent"
10,8883,"independent"
12,8884,"independent"
12,8885,"independent"
16,8886,"independent"
8,8887,"independent"
12,8888,"independent"
14,8889,"independent"
10,8890,"independent"
14,8891,"independent"
14,8892,"independent"
8,8893,"independent"
16,8894,"independent"
16,8895,"independent"
6,8896,"independent"
16,8897,"independent"
10,8898,"independent"
12,8899,"independent"
14,8900,"independent"
14,8901,"independent"
14,8902,"independent"
18,8903,"independent"
14,8904,"independent"
12,8905,"independent"
16,8906,"independent"
8,8907,"independent"
14,8908,"independent"
16,8909,"independent"
14,8910,"independent"
12,8911,"independent"
10,8912,"independent"
14,8913,"independent"
18,8914,"independent"
12,8915,"independent"
12,8916,"independent"
10,8917,"independent"
12,8918,"independent"
12,8919,"independent"
10,8920,"independent"
16,8921,"independent"
14,8922,"independent"
16,8923,"independent"
10,8924,"independent"
12,8925,"independent"
16,8926,"independent"
8,8927,"independent"
8,8928,"independent"
12,8929,"independent"
18,8930,"independent"
16,8931,"independent"
12,8932,"independent"
14,8933,"independent"
14,8934,"independent"
16,8935,"independent"
10,8936,"independent"
16,8937,"independent"
10,8938,"independent"
12,8939,"independent"
14,8940,"independent"
12,8941,"independent"
12,8942,"independent"
12,8943,"independent"
12,8944,"independent"
12,8945,"independent"
14,8946,"independent"
10,8947,"independent"
8,8948,"independent"
18,8949,"independent"
10,8950,"independent"
18,8951,"independent"
14,8952,"independent"
14,8953,"independent"
16,8954,"independent"
12,8955,"independent"
16,8956,"independent"
16,8957,"independent"
14,8958,"independent"
16,8959,"independent"
14,8960,"independent"
8,8961,"independent"
16,8962,"independent"
14,8963,"independent"
12,8964,"independent"
12,8965,"independent"
14,8966,"independent"
10,8967,"independent"
8,8968,"independent"
12,8969,"independent"
10,8970,"independent"
14,8971,"independent"
8,8972,"independent"
12,8973,"independent"
12,8974,"independent"
18,8975,"independent"
14,8976,"independent"
16,8977,"independent"
16,8978,"independent"
14,8979,"independent"
16,8980,"independent"
14,8981,"independent"
10,8982,"independent"
14,8983,"independent"
16,8984,"independent"
10,8985,"independent"
14,8986,"independent"
12,8987,"independent"
12,8988,"independent"
10,8989,"independent"
12,8990,"independent"
12,8991,"independent"
8,8992,"independent"
12,8993,"independent"
20,8994,"independent"
16,8995,"independent"
12,8996,"independent"
12,8997,"independent"
10,8998,"independent"
12,8999,"independent"
10,9000,"independent"
10,9001,"independent"
22,1,"dependent"
22,2,"dependent"
22,3,"dependent"
18,4,"dependent"
22,5,"dependent"
18,6,"dependent"
14,7,"dependent"
18,8,"dependent"
18,9,"dependent"
22,10,"dependent"
26,11,"dependent"
18,12,"dependent"
16,13,"dependent"
16,14,"dependent"
16,15,"dependent"
22,16,"dependent"
14,17,"dependent"
18,18,"dependent"
16,19,"dependent"
18,20,"dependent"
24,21,"dependent"
20,22,"dependent"
18,23,"dependent"
18,24,"dependent"
14,25,"dependent"
16,26,"dependent"
22,27,"dependent"
16,28,"dependent"
18,29,"dependent"
18,30,"dependent"
20,31,"dependent"
22,32,"dependent"
18,33,"dependent"
18,34,"dependent"
16,35,"dependent"
16,36,"dependent"
22,37,"dependent"
18,38,"dependent"
16,39,"dependent"
22,40,"dependent"
22,41,"dependent"
16,42,"dependent"
18,43,"dependent"
20,44,"dependent"
16,45,"dependent"
14,46,"dependent"
20,47,"dependent"
18,48,"dependent"
14,49,"dependent"
22,50,"dependent"
20,51,"dependent"
22,52,"dependent"
24,53,"dependent"
20,54,"dependent"
20,55,"dependent"
18,56,"dependent"
16,57,"dependent"
22,58,"dependent"
22,59,"dependent"
14,60,"dependent"
20,61,"dependent"
18,62,"dependent"
18,63,"dependent"
22,64,"dependent"
20,65,"dependent"
16,66,"dependent"
18,67,"dependent"
16,68,"dependent"
16,69,"dependent"
18,70,"dependent"
22,71,"dependent"
20,72,"dependent"
20,73,"dependent"
20,74,"dependent"
18,75,"dependent"
20,76,"dependent"
18,77,"dependent"
16,78,"dependent"
18,79,"dependent"
18,80,"dependent"
24,81,"dependent"
20,82,"dependent"
20,83,"dependent"
18,84,"dependent"
22,85,"dependent"
16,86,"dependent"
16,87,"dependent"
16,88,"dependent"
22,89,"dependent"
16,90,"dependent"
18,91,"dependent"
18,92,"dependent"
22,93,"dependent"
16,94,"dependent"
18,95,"dependent"
20,96,"dependent"
20,97,"dependent"
20,98,"dependent"
18,99,"dependent"
20,100,"dependent"
20,101,"dependent"
16,102,"dependent"
22,103,"dependent"
20,104,"dependent"
22,105,"dependent"
20,106,"dependent"
20,107,"dependent"
20,108,"dependent"
16,109,"dependent"
22,110,"dependent"
24,111,"dependent"
18,112,"dependent"
16,113,"dependent"
20,114,"dependent"
20,115,"dependent"
22,116,"dependent"
22,117,"dependent"
18,118,"dependent"
18,119,"dependent"
20,120,"dependent"
18,121,"dependent"
16,122,"dependent"
16,123,"dependent"
14,124,"dependent"
18,125,"dependent"
18,126,"dependent"
22,127,"dependent"
20,128,"dependent"
14,129,"dependent"
18,130,"dependent"
18,131,"dependent"
22,132,"dependent"
20,133,"dependent"
18,134,"dependent"
16,135,"dependent"
18,136,"dependent"
20,137,"dependent"
22,138,"dependent"
20,139,"dependent"
16,140,"dependent"
22,141,"dependent"
20,142,"dependent"
18,143,"dependent"
20,144,"dependent"
18,145,"dependent"
18,146,"dependent"
18,147,"dependent"
18,148,"dependent"
20,149,"dependent"
22,150,"dependent"
22,151,"dependent"
18,152,"dependent"
22,153,"dependent"
18,154,"dependent"
22,155,"dependent"
18,156,"dependent"
18,157,"dependent"
20,158,"dependent"
18,159,"dependent"
18,160,"dependent"
16,161,"dependent"
18,162,"dependent"
20,163,"dependent"
20,164,"dependent"
18,165,"dependent"
18,166,"dependent"
22,167,"dependent"
16,168,"dependent"
22,169,"dependent"
16,170,"dependent"
16,171,"dependent"
18,172,"dependent"
20,173,"dependent"
20,174,"dependent"
16,175,"dependent"
20,176,"dependent"
18,177,"dependent"
16,178,"dependent"
14,179,"dependent"
20,180,"dependent"
18,181,"dependent"
18,182,"dependent"
20,183,"dependent"
16,184,"dependent"
18,185,"dependent"
18,186,"dependent"
22,187,"dependent"
16,188,"dependent"
18,189,"dependent"
18,190,"dependent"
18,191,"dependent"
20,192,"dependent"
20,193,"dependent"
22,194,"dependent"
22,195,"dependent"
18,196,"dependent"
20,197,"dependent"
24,198,"dependent"
18,199,"dependent"
16,200,"dependent"
20,201,"dependent"
18,202,"dependent"
22,203,"dependent"
22,204,"dependent"
16,205,"dependent"
22,206,"dependent"
22,207,"dependent"
16,208,"dependent"
18,209,"dependent"
18,210,"dependent"
18,211,"dependent"
18,212,"dependent"
16,213,"dependent"
22,214,"dependent"
20,215,"dependent"
20,216,"dependent"
16,217,"dependent"
18,218,"dependent"
20,219,"dependent"
14,220,"dependent"
18,221,"dependent"
18,222,"dependent"
18,223,"dependent"
22,224,"dependent"
18,225,"dependent"
20,226,"dependent"
20,227,"dependent"
20,228,"dependent"
20,229,"dependent"
18,230,"dependent"
18,231,"dependent"
18,232,"dependent"
18,233,"dependent"
18,234,"dependent"
14,235,"dependent"
24,236,"dependent"
18,237,"dependent"
16,238,"dependent"
20,239,"dependent"
14,240,"dependent"
18,241,"dependent"
16,242,"dependent"
18,243,"dependent"
20,244,"dependent"
20,245,"dependent"
18,246,"dependent"
18,247,"dependent"
20,248,"dependent"
16,249,"dependent"
18,250,"dependent"
14,251,"dependent"
16,252,"dependent"
20,253,"dependent"
20,254,"dependent"
22,255,"dependent"
22,256,"dependent"
16,257,"dependent"
18,258,"dependent"
18,259,"dependent"
18,260,"dependent"
20,261,"dependent"
14,262,"dependent"
22,263,"dependent"
20,264,"dependent"
22,265,"dependent"
20,266,"dependent"
20,267,"dependent"
16,268,"dependent"
18,269,"dependent"
20,270,"dependent"
20,271,"dependent"
20,272,"dependent"
18,273,"dependent"
16,274,"dependent"
18,275,"dependent"
20,276,"dependent"
14,277,"dependent"
16,278,"dependent"
14,279,"dependent"
18,280,"dependent"
20,281,"dependent"
18,282,"dependent"
20,283,"dependent"
16,284,"dependent"
16,285,"dependent"
20,286,"dependent"
18,287,"dependent"
18,288,"dependent"
18,289,"dependent"
20,290,"dependent"
20,291,"dependent"
18,292,"dependent"
20,293,"dependent"
16,294,"dependent"
16,295,"dependent"
18,296,"dependent"
18,297,"dependent"
20,298,"dependent"
20,299,"dependent"
22,300,"dependent"
20,301,"dependent"
18,302,"dependent"
18,303,"dependent"
18,304,"dependent"
22,305,"dependent"
18,306,"dependent"
20,307,"dependent"
22,308,"dependent"
16,309,"dependent"
24,310,"dependent"
18,311,"dependent"
18,312,"dependent"
16,313,"dependent"
16,314,"dependent"
20,315,"dependent"
20,316,"dependent"
20,317,"dependent"
18,318,"dependent"
16,319,"dependent"
20,320,"dependent"
20,321,"dependent"
18,322,"dependent"
16,323,"dependent"
20,324,"dependent"
18,325,"dependent"
20,326,"dependent"
20,327,"dependent"
20,328,"dependent"
20,329,"dependent"
20,330,"dependent"
18,331,"dependent"
20,332,"dependent"
18,333,"dependent"
22,334,"dependent"
20,335,"dependent"
18,336,"dependent"
14,337,"dependent"
20,338,"dependent"
16,339,"dependent"
20,340,"dependent"
18,341,"dependent"
20,342,"dependent"
16,343,"dependent"
18,344,"dependent"
20,345,"dependent"
16,346,"dependent"
20,347,"dependent"
16,348,"dependent"
14,349,"dependent"
16,350,"dependent"
22,351,"dependent"
12,352,"dependent"
20,353,"dependent"
24,354,"dependent"
20,355,"dependent"
22,356,"dependent"
20,357,"dependent"
20,358,"dependent"
18,359,"dependent"
20,360,"dependent"
18,361,"dependent"
20,362,"dependent"
18,363,"dependent"
22,364,"dependent"
16,365,"dependent"
22,366,"dependent"
18,367,"dependent"
18,368,"dependent"
20,369,"dependent"
22,370,"dependent"
18,371,"dependent"
20,372,"dependent"
24,373,"dependent"
20,374,"dependent"
18,375,"dependent"
22,376,"dependent"
18,377,"dependent"
18,378,"dependent"
18,379,"dependent"
20,380,"dependent"
20,381,"dependent"
20,382,"dependent"
22,383,"dependent"
20,384,"dependent"
16,385,"dependent"
20,386,"dependent"
20,387,"dependent"
20,388,"dependent"
18,389,"dependent"
18,390,"dependent"
18,391,"dependent"
20,392,"dependent"
18,393,"dependent"
20,394,"dependent"
20,395,"dependent"
16,396,"dependent"
18,397,"dependent"
18,398,"dependent"
20,399,"dependent"
18,400,"dependent"
18,401,"dependent"
20,402,"dependent"
14,403,"dependent"
16,404,"dependent"
18,405,"dependent"
16,406,"dependent"
20,407,"dependent"
20,408,"dependent"
20,409,"dependent"
20,410,"dependent"
20,411,"dependent"
18,412,"dependent"
20,413,"dependent"
20,414,"dependent"
18,415,"dependent"
16,416,"dependent"
18,417,"dependent"
18,418,"dependent"
18,419,"dependent"
22,420,"dependent"
20,421,"dependent"
18,422,"dependent"
18,423,"dependent"
16,424,"dependent"
22,425,"dependent"
22,426,"dependent"
18,427,"dependent"
16,428,"dependent"
18,429,"dependent"
18,430,"dependent"
18,431,"dependent"
18,432,"dependent"
16,433,"dependent"
16,434,"dependent"
18,435,"dependent"
18,436,"dependent"
16,437,"dependent"
18,438,"dependent"
20,439,"dependent"
16,440,"dependent"
18,441,"dependent"
20,442,"dependent"
18,443,"dependent"
16,444,"dependent"
18,445,"dependent"
18,446,"dependent"
18,447,"dependent"
20,448,"dependent"
20,449,"dependent"
18,450,"dependent"
18,451,"dependent"
14,452,"dependent"
20,453,"dependent"
18,454,"dependent"
20,455,"dependent"
20,456,"dependent"
16,457,"dependent"
18,458,"dependent"
18,459,"dependent"
18,460,"dependent"
18,461,"dependent"
22,462,"dependent"
18,463,"dependent"
18,464,"dependent"
20,465,"dependent"
16,466,"dependent"
16,467,"dependent"
16,468,"dependent"
22,469,"dependent"
18,470,"dependent"
16,471,"dependent"
16,472,"dependent"
24,473,"dependent"
20,474,"dependent"
18,475,"dependent"
18,476,"dependent"
16,477,"dependent"
20,478,"dependent"
14,479,"dependent"
16,480,"dependent"
18,481,"dependent"
26,482,"dependent"
16,483,"dependent"
22,484,"dependent"
22,485,"dependent"
16,486,"dependent"
18,487,"dependent"
20,488,"dependent"
16,489,"dependent"
20,490,"dependent"
18,491,"dependent"
20,492,"dependent"
18,493,"dependent"
20,494,"dependent"
20,495,"dependent"
20,496,"dependent"
18,497,"dependent"
18,498,"dependent"
24,499,"dependent"
20,500,"dependent"
20,501,"dependent"
18,502,"dependent"
24,503,"dependent"
18,504,"dependent"
18,505,"dependent"
20,506,"dependent"
20,507,"dependent"
16,508,"dependent"
20,509,"dependent"
18,510,"dependent"
20,511,"dependent"
16,512,"dependent"
20,513,"dependent"
18,514,"dependent"
16,515,"dependent"
22,516,"dependent"
18,517,"dependent"
22,518,"dependent"
14,519,"dependent"
18,520,"dependent"
20,521,"dependent"
22,522,"dependent"
22,523,"dependent"
22,524,"dependent"
18,525,"dependent"
18,526,"dependent"
18,527,"dependent"
24,528,"dependent"
18,529,"dependent"
18,530,"dependent"
18,531,"dependent"
22,532,"dependent"
22,533,"dependent"
18,534,"dependent"
20,535,"dependent"
18,536,"dependent"
18,537,"dependent"
16,538,"dependent"
20,539,"dependent"
20,540,"dependent"
22,541,"dependent"
18,542,"dependent"
20,543,"dependent"
20,544,"dependent"
28,545,"dependent"
18,546,"dependent"
20,547,"dependent"
18,548,"dependent"
18,549,"dependent"
20,550,"dependent"
20,551,"dependent"
18,552,"dependent"
20,553,"dependent"
18,554,"dependent"
18,555,"dependent"
18,556,"dependent"
20,557,"dependent"
18,558,"dependent"
20,559,"dependent"
20,560,"dependent"
18,561,"dependent"
20,562,"dependent"
24,563,"dependent"
22,564,"dependent"
22,565,"dependent"
22,566,"dependent"
18,567,"dependent"
18,568,"dependent"
18,569,"dependent"
20,570,"dependent"
22,571,"dependent"
22,572,"dependent"
22,573,"dependent"
20,574,"dependent"
20,575,"dependent"
18,576,"dependent"
20,577,"dependent"
22,578,"dependent"
18,579,"dependent"
22,580,"dependent"
18,581,"dependent"
16,582,"dependent"
20,583,"dependent"
20,584,"dependent"
16,585,"dependent"
14,586,"dependent"
22,587,"dependent"
22,588,"dependent"
18,589,"dependent"
18,590,"dependent"
16,591,"dependent"
22,592,"dependent"
24,593,"dependent"
20,594,"dependent"
16,595,"dependent"
18,596,"dependent"
18,597,"dependent"
20,598,"dependent"
18,599,"dependent"
18,600,"dependent"
18,601,"dependent"
18,602,"dependent"
20,603,"dependent"
18,604,"dependent"
18,605,"dependent"
20,606,"dependent"
18,607,"dependent"
20,608,"dependent"
24,609,"dependent"
20,610,"dependent"
20,611,"dependent"
16,612,"dependent"
18,613,"dependent"
18,614,"dependent"
18,615,"dependent"
22,616,"dependent"
18,617,"dependent"
16,618,"dependent"
20,619,"dependent"
20,620,"dependent"
22,621,"dependent"
26,622,"dependent"
16,623,"dependent"
18,624,"dependent"
16,625,"dependent"
20,626,"dependent"
16,627,"dependent"
20,628,"dependent"
16,629,"dependent"
22,630,"dependent"
16,631,"dependent"
18,632,"dependent"
20,633,"dependent"
18,634,"dependent"
16,635,"dependent"
18,636,"dependent"
18,637,"dependent"
18,638,"dependent"
18,639,"dependent"
20,640,"dependent"
16,641,"dependent"
12,642,"dependent"
18,643,"dependent"
18,644,"dependent"
20,645,"dependent"
22,646,"dependent"
18,647,"dependent"
20,648,"dependent"
18,649,"dependent"
18,650,"dependent"
18,651,"dependent"
18,652,"dependent"
20,653,"dependent"
20,654,"dependent"
20,655,"dependent"
24,656,"dependent"
20,657,"dependent"
20,658,"dependent"
20,659,"dependent"
16,660,"dependent"
18,661,"dependent"
22,662,"dependent"
24,663,"dependent"
20,664,"dependent"
18,665,"dependent"
22,666,"dependent"
22,667,"dependent"
20,668,"dependent"
22,669,"dependent"
20,670,"dependent"
18,671,"dependent"
18,672,"dependent"
16,673,"dependent"
14,674,"dependent"
20,675,"dependent"
14,676,"dependent"
18,677,"dependent"
18,678,"dependent"
22,679,"dependent"
20,680,"dependent"
16,681,"dependent"
18,682,"dependent"
16,683,"dependent"
20,684,"dependent"
16,685,"dependent"
16,686,"dependent"
18,687,"dependent"
20,688,"dependent"
20,689,"dependent"
20,690,"dependent"
20,691,"dependent"
20,692,"dependent"
22,693,"dependent"
18,694,"dependent"
22,695,"dependent"
18,696,"dependent"
16,697,"dependent"
22,698,"dependent"
20,699,"dependent"
22,700,"dependent"
22,701,"dependent"
18,702,"dependent"
20,703,"dependent"
20,704,"dependent"
22,705,"dependent"
20,706,"dependent"
22,707,"dependent"
18,708,"dependent"
18,709,"dependent"
16,710,"dependent"
14,711,"dependent"
22,712,"dependent"
14,713,"dependent"
16,714,"dependent"
24,715,"dependent"
18,716,"dependent"
20,717,"dependent"
16,718,"dependent"
16,719,"dependent"
16,720,"dependent"
20,721,"dependent"
18,722,"dependent"
16,723,"dependent"
18,724,"dependent"
22,725,"dependent"
18,726,"dependent"
20,727,"dependent"
18,728,"dependent"
18,729,"dependent"
18,730,"dependent"
22,731,"dependent"
16,732,"dependent"
16,733,"dependent"
18,734,"dependent"
18,735,"dependent"
22,736,"dependent"
20,737,"dependent"
22,738,"dependent"
18,739,"dependent"
18,740,"dependent"
20,741,"dependent"
24,742,"dependent"
22,743,"dependent"
18,744,"dependent"
20,745,"dependent"
18,746,"dependent"
20,747,"dependent"
16,748,"dependent"
22,749,"dependent"
16,750,"dependent"
22,751,"dependent"
22,752,"dependent"
16,753,"dependent"
24,754,"dependent"
18,755,"dependent"
18,756,"dependent"
16,757,"dependent"
22,758,"dependent"
18,759,"dependent"
18,760,"dependent"
20,761,"dependent"
16,762,"dependent"
20,763,"dependent"
16,764,"dependent"
20,765,"dependent"
20,766,"dependent"
18,767,"dependent"
16,768,"dependent"
22,769,"dependent"
18,770,"dependent"
18,771,"dependent"
22,772,"dependent"
18,773,"dependent"
20,774,"dependent"
18,775,"dependent"
18,776,"dependent"
18,777,"dependent"
16,778,"dependent"
20,779,"dependent"
20,780,"dependent"
18,781,"dependent"
20,782,"dependent"
22,783,"dependent"
16,784,"dependent"
20,785,"dependent"
18,786,"dependent"
18,787,"dependent"
16,788,"dependent"
18,789,"dependent"
16,790,"dependent"
22,791,"dependent"
18,792,"dependent"
14,793,"dependent"
18,794,"dependent"
16,795,"dependent"
22,796,"dependent"
22,797,"dependent"
18,798,"dependent"
20,799,"dependent"
18,800,"dependent"
18,801,"dependent"
20,802,"dependent"
16,803,"dependent"
20,804,"dependent"
18,805,"dependent"
20,806,"dependent"
16,807,"dependent"
20,808,"dependent"
16,809,"dependent"
20,810,"dependent"
16,811,"dependent"
16,812,"dependent"
18,813,"dependent"
16,814,"dependent"
24,815,"dependent"
16,816,"dependent"
16,817,"dependent"
14,818,"dependent"
20,819,"dependent"
20,820,"dependent"
18,821,"dependent"
18,822,"dependent"
18,823,"dependent"
18,824,"dependent"
18,825,"dependent"
16,826,"dependent"
18,827,"dependent"
20,828,"dependent"
14,829,"dependent"
18,830,"dependent"
22,831,"dependent"
18,832,"dependent"
16,833,"dependent"
16,834,"dependent"
18,835,"dependent"
20,836,"dependent"
18,837,"dependent"
16,838,"dependent"
18,839,"dependent"
14,840,"dependent"
14,841,"dependent"
18,842,"dependent"
18,843,"dependent"
22,844,"dependent"
18,845,"dependent"
20,846,"dependent"
20,847,"dependent"
18,848,"dependent"
14,849,"dependent"
22,850,"dependent"
18,851,"dependent"
24,852,"dependent"
18,853,"dependent"
20,854,"dependent"
16,855,"dependent"
22,856,"dependent"
16,857,"dependent"
22,858,"dependent"
16,859,"dependent"
20,860,"dependent"
18,861,"dependent"
22,862,"dependent"
16,863,"dependent"
18,864,"dependent"
20,865,"dependent"
18,866,"dependent"
20,867,"dependent"
18,868,"dependent"
22,869,"dependent"
18,870,"dependent"
16,871,"dependent"
18,872,"dependent"
22,873,"dependent"
16,874,"dependent"
14,875,"dependent"
18,876,"dependent"
24,877,"dependent"
18,878,"dependent"
16,879,"dependent"
18,880,"dependent"
22,881,"dependent"
20,882,"dependent"
20,883,"dependent"
20,884,"dependent"
22,885,"dependent"
26,886,"dependent"
12,887,"dependent"
16,888,"dependent"
20,889,"dependent"
20,890,"dependent"
16,891,"dependent"
14,892,"dependent"
16,893,"dependent"
22,894,"dependent"
20,895,"dependent"
20,896,"dependent"
24,897,"dependent"
22,898,"dependent"
18,899,"dependent"
14,900,"dependent"
18,901,"dependent"
22,902,"dependent"
18,903,"dependent"
18,904,"dependent"
20,905,"dependent"
18,906,"dependent"
16,907,"dependent"
20,908,"dependent"
18,909,"dependent"
22,910,"dependent"
14,911,"dependent"
16,912,"dependent"
22,913,"dependent"
22,914,"dependent"
18,915,"dependent"
18,916,"dependent"
20,917,"dependent"
20,918,"dependent"
18,919,"dependent"
20,920,"dependent"
26,921,"dependent"
18,922,"dependent"
16,923,"dependent"
18,924,"dependent"
22,925,"dependent"
16,926,"dependent"
16,927,"dependent"
22,928,"dependent"
18,929,"dependent"
22,930,"dependent"
18,931,"dependent"
16,932,"dependent"
18,933,"dependent"
20,934,"dependent"
20,935,"dependent"
22,936,"dependent"
18,937,"dependent"
20,938,"dependent"
18,939,"dependent"
20,940,"dependent"
20,941,"dependent"
14,942,"dependent"
20,943,"dependent"
20,944,"dependent"
18,945,"dependent"
22,946,"dependent"
16,947,"dependent"
16,948,"dependent"
18,949,"dependent"
16,950,"dependent"
22,951,"dependent"
20,952,"dependent"
18,953,"dependent"
16,954,"dependent"
18,955,"dependent"
18,956,"dependent"
18,957,"dependent"
18,958,"dependent"
18,959,"dependent"
24,960,"dependent"
20,961,"dependent"
24,962,"dependent"
18,963,"dependent"
22,964,"dependent"
20,965,"dependent"
18,966,"dependent"
20,967,"dependent"
18,968,"dependent"
20,969,"dependent"
18,970,"dependent"
18,971,"dependent"
20,972,"dependent"
20,973,"dependent"
20,974,"dependent"
18,975,"dependent"
18,976,"dependent"
20,977,"dependent"
14,978,"dependent"
18,979,"dependent"
12,980,"dependent"
20,981,"dependent"
18,982,"dependent"
20,983,"dependent"
16,984,"dependent"
18,985,"dependent"
20,986,"dependent"
18,987,"dependent"
16,988,"dependent"
16,989,"dependent"
20,990,"dependent"
22,991,"dependent"
16,992,"dependent"
18,993,"dependent"
22,994,"dependent"
22,995,"dependent"
18,996,"dependent"
22,997,"dependent"
18,998,"dependent"
14,999,"dependent"
20,1000,"dependent"
16,1001,"dependent"
22,1002,"dependent"
20,1003,"dependent"
20,1004,"dependent"
18,1005,"dependent"
18,1006,"dependent"
22,1007,"dependent"
24,1008,"dependent"
20,1009,"dependent"
18,1010,"dependent"
20,1011,"dependent"
18,1012,"dependent"
20,1013,"dependent"
18,1014,"dependent"
22,1015,"dependent"
16,1016,"dependent"
20,1017,"dependent"
26,1018,"dependent"
18,1019,"dependent"
12,1020,"dependent"
18,1021,"dependent"
22,1022,"dependent"
22,1023,"dependent"
18,1024,"dependent"
20,1025,"dependent"
20,1026,"dependent"
22,1027,"dependent"
22,1028,"dependent"
18,1029,"dependent"
16,1030,"dependent"
20,1031,"dependent"
14,1032,"dependent"
16,1033,"dependent"
20,1034,"dependent"
18,1035,"dependent"
18,1036,"dependent"
14,1037,"dependent"
18,1038,"dependent"
16,1039,"dependent"
16,1040,"dependent"
18,1041,"dependent"
16,1042,"dependent"
16,1043,"dependent"
18,1044,"dependent"
18,1045,"dependent"
18,1046,"dependent"
20,1047,"dependent"
18,1048,"dependent"
22,1049,"dependent"
18,1050,"dependent"
22,1051,"dependent"
18,1052,"dependent"
16,1053,"dependent"
18,1054,"dependent"
22,1055,"dependent"
20,1056,"dependent"
22,1057,"dependent"
18,1058,"dependent"
18,1059,"dependent"
20,1060,"dependent"
20,1061,"dependent"
22,1062,"dependent"
18,1063,"dependent"
18,1064,"dependent"
18,1065,"dependent"
20,1066,"dependent"
14,1067,"dependent"
18,1068,"dependent"
20,1069,"dependent"
18,1070,"dependent"
18,1071,"dependent"
20,1072,"dependent"
16,1073,"dependent"
22,1074,"dependent"
20,1075,"dependent"
20,1076,"dependent"
20,1077,"dependent"
20,1078,"dependent"
20,1079,"dependent"
20,1080,"dependent"
18,1081,"dependent"
22,1082,"dependent"
22,1083,"dependent"
20,1084,"dependent"
20,1085,"dependent"
18,1086,"dependent"
12,1087,"dependent"
18,1088,"dependent"
14,1089,"dependent"
18,1090,"dependent"
16,1091,"dependent"
22,1092,"dependent"
20,1093,"dependent"
22,1094,"dependent"
18,1095,"dependent"
22,1096,"dependent"
16,1097,"dependent"
24,1098,"dependent"
18,1099,"dependent"
20,1100,"dependent"
18,1101,"dependent"
16,1102,"dependent"
20,1103,"dependent"
16,1104,"dependent"
16,1105,"dependent"
20,1106,"dependent"
20,1107,"dependent"
22,1108,"dependent"
22,1109,"dependent"
24,1110,"dependent"
22,1111,"dependent"
18,1112,"dependent"
20,1113,"dependent"
18,1114,"dependent"
18,1115,"dependent"
20,1116,"dependent"
20,1117,"dependent"
18,1118,"dependent"
18,1119,"dependent"
24,1120,"dependent"
20,1121,"dependent"
20,1122,"dependent"
24,1123,"dependent"
22,1124,"dependent"
22,1125,"dependent"
14,1126,"dependent"
16,1127,"dependent"
20,1128,"dependent"
20,1129,"dependent"
20,1130,"dependent"
18,1131,"dependent"
18,1132,"dependent"
18,1133,"dependent"
20,1134,"dependent"
16,1135,"dependent"
18,1136,"dependent"
24,1137,"dependent"
20,1138,"dependent"
16,1139,"dependent"
18,1140,"dependent"
18,1141,"dependent"
20,1142,"dependent"
18,1143,"dependent"
18,1144,"dependent"
20,1145,"dependent"
22,1146,"dependent"
18,1147,"dependent"
18,1148,"dependent"
24,1149,"dependent"
18,1150,"dependent"
18,1151,"dependent"
22,1152,"dependent"
24,1153,"dependent"
20,1154,"dependent"
24,1155,"dependent"
20,1156,"dependent"
18,1157,"dependent"
18,1158,"dependent"
22,1159,"dependent"
20,1160,"dependent"
18,1161,"dependent"
18,1162,"dependent"
18,1163,"dependent"
16,1164,"dependent"
20,1165,"dependent"
22,1166,"dependent"
18,1167,"dependent"
16,1168,"dependent"
16,1169,"dependent"
20,1170,"dependent"
16,1171,"dependent"
22,1172,"dependent"
16,1173,"dependent"
18,1174,"dependent"
18,1175,"dependent"
18,1176,"dependent"
20,1177,"dependent"
20,1178,"dependent"
22,1179,"dependent"
16,1180,"dependent"
20,1181,"dependent"
22,1182,"dependent"
18,1183,"dependent"
22,1184,"dependent"
18,1185,"dependent"
22,1186,"dependent"
20,1187,"dependent"
22,1188,"dependent"
22,1189,"dependent"
22,1190,"dependent"
18,1191,"dependent"
16,1192,"dependent"
24,1193,"dependent"
16,1194,"dependent"
16,1195,"dependent"
20,1196,"dependent"
20,1197,"dependent"
18,1198,"dependent"
16,1199,"dependent"
24,1200,"dependent"
16,1201,"dependent"
22,1202,"dependent"
22,1203,"dependent"
22,1204,"dependent"
18,1205,"dependent"
20,1206,"dependent"
16,1207,"dependent"
16,1208,"dependent"
14,1209,"dependent"
20,1210,"dependent"
20,1211,"dependent"
14,1212,"dependent"
20,1213,"dependent"
18,1214,"dependent"
20,1215,"dependent"
14,1216,"dependent"
18,1217,"dependent"
22,1218,"dependent"
20,1219,"dependent"
18,1220,"dependent"
18,1221,"dependent"
20,1222,"dependent"
18,1223,"dependent"
20,1224,"dependent"
18,1225,"dependent"
18,1226,"dependent"
16,1227,"dependent"
18,1228,"dependent"
20,1229,"dependent"
18,1230,"dependent"
22,1231,"dependent"
18,1232,"dependent"
20,1233,"dependent"
20,1234,"dependent"
22,1235,"dependent"
22,1236,"dependent"
14,1237,"dependent"
16,1238,"dependent"
20,1239,"dependent"
18,1240,"dependent"
18,1241,"dependent"
22,1242,"dependent"
18,1243,"dependent"
18,1244,"dependent"
18,1245,"dependent"
22,1246,"dependent"
18,1247,"dependent"
18,1248,"dependent"
16,1249,"dependent"
18,1250,"dependent"
18,1251,"dependent"
20,1252,"dependent"
20,1253,"dependent"
20,1254,"dependent"
18,1255,"dependent"
18,1256,"dependent"
16,1257,"dependent"
16,1258,"dependent"
20,1259,"dependent"
20,1260,"dependent"
18,1261,"dependent"
20,1262,"dependent"
20,1263,"dependent"
22,1264,"dependent"
18,1265,"dependent"
24,1266,"dependent"
18,1267,"dependent"
24,1268,"dependent"
18,1269,"dependent"
20,1270,"dependent"
22,1271,"dependent"
22,1272,"dependent"
22,1273,"dependent"
20,1274,"dependent"
20,1275,"dependent"
20,1276,"dependent"
20,1277,"dependent"
18,1278,"dependent"
22,1279,"dependent"
22,1280,"dependent"
16,1281,"dependent"
18,1282,"dependent"
18,1283,"dependent"
18,1284,"dependent"
20,1285,"dependent"
16,1286,"dependent"
12,1287,"dependent"
18,1288,"dependent"
20,1289,"dependent"
18,1290,"dependent"
22,1291,"dependent"
18,1292,"dependent"
22,1293,"dependent"
22,1294,"dependent"
22,1295,"dependent"
16,1296,"dependent"
18,1297,"dependent"
18,1298,"dependent"
18,1299,"dependent"
18,1300,"dependent"
18,1301,"dependent"
18,1302,"dependent"
22,1303,"dependent"
18,1304,"dependent"
16,1305,"dependent"
18,1306,"dependent"
20,1307,"dependent"
22,1308,"dependent"
16,1309,"dependent"
20,1310,"dependent"
16,1311,"dependent"
20,1312,"dependent"
16,1313,"dependent"
18,1314,"dependent"
16,1315,"dependent"
20,1316,"dependent"
18,1317,"dependent"
22,1318,"dependent"
22,1319,"dependent"
22,1320,"dependent"
16,1321,"dependent"
14,1322,"dependent"
18,1323,"dependent"
20,1324,"dependent"
14,1325,"dependent"
14,1326,"dependent"
22,1327,"dependent"
16,1328,"dependent"
20,1329,"dependent"
16,1330,"dependent"
16,1331,"dependent"
20,1332,"dependent"
18,1333,"dependent"
16,1334,"dependent"
16,1335,"dependent"
18,1336,"dependent"
18,1337,"dependent"
14,1338,"dependent"
16,1339,"dependent"
20,1340,"dependent"
18,1341,"dependent"
14,1342,"dependent"
18,1343,"dependent"
22,1344,"dependent"
20,1345,"dependent"
20,1346,"dependent"
20,1347,"dependent"
16,1348,"dependent"
22,1349,"dependent"
18,1350,"dependent"
24,1351,"dependent"
18,1352,"dependent"
18,1353,"dependent"
18,1354,"dependent"
18,1355,"dependent"
22,1356,"dependent"
16,1357,"dependent"
22,1358,"dependent"
20,1359,"dependent"
18,1360,"dependent"
22,1361,"dependent"
18,1362,"dependent"
18,1363,"dependent"
20,1364,"dependent"
16,1365,"dependent"
20,1366,"dependent"
16,1367,"dependent"
18,1368,"dependent"
18,1369,"dependent"
18,1370,"dependent"
20,1371,"dependent"
18,1372,"dependent"
18,1373,"dependent"
20,1374,"dependent"
22,1375,"dependent"
20,1376,"dependent"
18,1377,"dependent"
18,1378,"dependent"
14,1379,"dependent"
16,1380,"dependent"
20,1381,"dependent"
18,1382,"dependent"
20,1383,"dependent"
20,1384,"dependent"
20,1385,"dependent"
14,1386,"dependent"
22,1387,"dependent"
20,1388,"dependent"
20,1389,"dependent"
16,1390,"dependent"
20,1391,"dependent"
16,1392,"dependent"
16,1393,"dependent"
20,1394,"dependent"
20,1395,"dependent"
20,1396,"dependent"
22,1397,"dependent"
22,1398,"dependent"
18,1399,"dependent"
20,1400,"dependent"
20,1401,"dependent"
18,1402,"dependent"
18,1403,"dependent"
20,1404,"dependent"
20,1405,"dependent"
18,1406,"dependent"
16,1407,"dependent"
16,1408,"dependent"
22,1409,"dependent"
18,1410,"dependent"
20,1411,"dependent"
20,1412,"dependent"
20,1413,"dependent"
18,1414,"dependent"
22,1415,"dependent"
20,1416,"dependent"
18,1417,"dependent"
24,1418,"dependent"
14,1419,"dependent"
18,1420,"dependent"
20,1421,"dependent"
18,1422,"dependent"
20,1423,"dependent"
24,1424,"dependent"
22,1425,"dependent"
18,1426,"dependent"
18,1427,"dependent"
22,1428,"dependent"
26,1429,"dependent"
20,1430,"dependent"
18,1431,"dependent"
18,1432,"dependent"
18,1433,"dependent"
16,1434,"dependent"
20,1435,"dependent"
16,1436,"dependent"
18,1437,"dependent"
22,1438,"dependent"
22,1439,"dependent"
22,1440,"dependent"
22,1441,"dependent"
22,1442,"dependent"
22,1443,"dependent"
24,1444,"dependent"
22,1445,"dependent"
20,1446,"dependent"
18,1447,"dependent"
20,1448,"dependent"
18,1449,"dependent"
16,1450,"dependent"
20,1451,"dependent"
18,1452,"dependent"
18,1453,"dependent"
18,1454,"dependent"
22,1455,"dependent"
18,1456,"dependent"
20,1457,"dependent"
20,1458,"dependent"
20,1459,"dependent"
18,1460,"dependent"
22,1461,"dependent"
16,1462,"dependent"
14,1463,"dependent"
18,1464,"dependent"
18,1465,"dependent"
20,1466,"dependent"
16,1467,"dependent"
20,1468,"dependent"
16,1469,"dependent"
20,1470,"dependent"
18,1471,"dependent"
18,1472,"dependent"
16,1473,"dependent"
16,1474,"dependent"
22,1475,"dependent"
20,1476,"dependent"
18,1477,"dependent"
20,1478,"dependent"
18,1479,"dependent"
22,1480,"dependent"
20,1481,"dependent"
24,1482,"dependent"
20,1483,"dependent"
16,1484,"dependent"
20,1485,"dependent"
16,1486,"dependent"
22,1487,"dependent"
18,1488,"dependent"
18,1489,"dependent"
14,1490,"dependent"
18,1491,"dependent"
20,1492,"dependent"
22,1493,"dependent"
20,1494,"dependent"
20,1495,"dependent"
16,1496,"dependent"
18,1497,"dependent"
18,1498,"dependent"
22,1499,"dependent"
16,1500,"dependent"
20,1501,"dependent"
20,1502,"dependent"
18,1503,"dependent"
16,1504,"dependent"
20,1505,"dependent"
18,1506,"dependent"
22,1507,"dependent"
22,1508,"dependent"
14,1509,"dependent"
24,1510,"dependent"
16,1511,"dependent"
18,1512,"dependent"
18,1513,"dependent"
16,1514,"dependent"
20,1515,"dependent"
20,1516,"dependent"
16,1517,"dependent"
16,1518,"dependent"
22,1519,"dependent"
16,1520,"dependent"
14,1521,"dependent"
22,1522,"dependent"
16,1523,"dependent"
16,1524,"dependent"
18,1525,"dependent"
22,1526,"dependent"
20,1527,"dependent"
22,1528,"dependent"
20,1529,"dependent"
24,1530,"dependent"
18,1531,"dependent"
18,1532,"dependent"
18,1533,"dependent"
16,1534,"dependent"
14,1535,"dependent"
18,1536,"dependent"
20,1537,"dependent"
14,1538,"dependent"
14,1539,"dependent"
20,1540,"dependent"
18,1541,"dependent"
22,1542,"dependent"
24,1543,"dependent"
20,1544,"dependent"
20,1545,"dependent"
20,1546,"dependent"
14,1547,"dependent"
18,1548,"dependent"
18,1549,"dependent"
24,1550,"dependent"
22,1551,"dependent"
22,1552,"dependent"
18,1553,"dependent"
18,1554,"dependent"
20,1555,"dependent"
16,1556,"dependent"
18,1557,"dependent"
22,1558,"dependent"
20,1559,"dependent"
22,1560,"dependent"
18,1561,"dependent"
16,1562,"dependent"
24,1563,"dependent"
22,1564,"dependent"
20,1565,"dependent"
22,1566,"dependent"
20,1567,"dependent"
16,1568,"dependent"
20,1569,"dependent"
22,1570,"dependent"
20,1571,"dependent"
20,1572,"dependent"
22,1573,"dependent"
18,1574,"dependent"
22,1575,"dependent"
18,1576,"dependent"
20,1577,"dependent"
20,1578,"dependent"
20,1579,"dependent"
22,1580,"dependent"
16,1581,"dependent"
16,1582,"dependent"
20,1583,"dependent"
22,1584,"dependent"
22,1585,"dependent"
16,1586,"dependent"
20,1587,"dependent"
18,1588,"dependent"
22,1589,"dependent"
20,1590,"dependent"
16,1591,"dependent"
20,1592,"dependent"
18,1593,"dependent"
18,1594,"dependent"
20,1595,"dependent"
22,1596,"dependent"
20,1597,"dependent"
16,1598,"dependent"
22,1599,"dependent"
22,1600,"dependent"
18,1601,"dependent"
16,1602,"dependent"
14,1603,"dependent"
20,1604,"dependent"
20,1605,"dependent"
20,1606,"dependent"
20,1607,"dependent"
20,1608,"dependent"
22,1609,"dependent"
18,1610,"dependent"
22,1611,"dependent"
20,1612,"dependent"
22,1613,"dependent"
22,1614,"dependent"
20,1615,"dependent"
22,1616,"dependent"
18,1617,"dependent"
20,1618,"dependent"
18,1619,"dependent"
20,1620,"dependent"
20,1621,"dependent"
20,1622,"dependent"
20,1623,"dependent"
20,1624,"dependent"
24,1625,"dependent"
20,1626,"dependent"
22,1627,"dependent"
20,1628,"dependent"
18,1629,"dependent"
16,1630,"dependent"
20,1631,"dependent"
22,1632,"dependent"
18,1633,"dependent"
16,1634,"dependent"
18,1635,"dependent"
20,1636,"dependent"
18,1637,"dependent"
14,1638,"dependent"
18,1639,"dependent"
20,1640,"dependent"
18,1641,"dependent"
20,1642,"dependent"
20,1643,"dependent"
18,1644,"dependent"
20,1645,"dependent"
22,1646,"dependent"
16,1647,"dependent"
18,1648,"dependent"
18,1649,"dependent"
18,1650,"dependent"
16,1651,"dependent"
16,1652,"dependent"
18,1653,"dependent"
18,1654,"dependent"
16,1655,"dependent"
22,1656,"dependent"
18,1657,"dependent"
16,1658,"dependent"
14,1659,"dependent"
22,1660,"dependent"
18,1661,"dependent"
18,1662,"dependent"
18,1663,"dependent"
18,1664,"dependent"
14,1665,"dependent"
20,1666,"dependent"
16,1667,"dependent"
16,1668,"dependent"
16,1669,"dependent"
22,1670,"dependent"
18,1671,"dependent"
18,1672,"dependent"
16,1673,"dependent"
16,1674,"dependent"
20,1675,"dependent"
20,1676,"dependent"
16,1677,"dependent"
22,1678,"dependent"
16,1679,"dependent"
18,1680,"dependent"
20,1681,"dependent"
20,1682,"dependent"
18,1683,"dependent"
18,1684,"dependent"
18,1685,"dependent"
22,1686,"dependent"
16,1687,"dependent"
18,1688,"dependent"
18,1689,"dependent"
16,1690,"dependent"
22,1691,"dependent"
20,1692,"dependent"
16,1693,"dependent"
14,1694,"dependent"
18,1695,"dependent"
20,1696,"dependent"
20,1697,"dependent"
20,1698,"dependent"
22,1699,"dependent"
16,1700,"dependent"
16,1701,"dependent"
22,1702,"dependent"
22,1703,"dependent"
24,1704,"dependent"
16,1705,"dependent"
20,1706,"dependent"
24,1707,"dependent"
20,1708,"dependent"
16,1709,"dependent"
18,1710,"dependent"
22,1711,"dependent"
16,1712,"dependent"
20,1713,"dependent"
18,1714,"dependent"
18,1715,"dependent"
18,1716,"dependent"
20,1717,"dependent"
20,1718,"dependent"
18,1719,"dependent"
18,1720,"dependent"
18,1721,"dependent"
20,1722,"dependent"
18,1723,"dependent"
16,1724,"dependent"
20,1725,"dependent"
18,1726,"dependent"
18,1727,"dependent"
20,1728,"dependent"
16,1729,"dependent"
14,1730,"dependent"
16,1731,"dependent"
18,1732,"dependent"
18,1733,"dependent"
24,1734,"dependent"
18,1735,"dependent"
22,1736,"dependent"
20,1737,"dependent"
20,1738,"dependent"
12,1739,"dependent"
20,1740,"dependent"
20,1741,"dependent"
16,1742,"dependent"
20,1743,"dependent"
20,1744,"dependent"
14,1745,"dependent"
18,1746,"dependent"
16,1747,"dependent"
20,1748,"dependent"
12,1749,"dependent"
18,1750,"dependent"
18,1751,"dependent"
20,1752,"dependent"
22,1753,"dependent"
16,1754,"dependent"
20,1755,"dependent"
20,1756,"dependent"
20,1757,"dependent"
22,1758,"dependent"
16,1759,"dependent"
20,1760,"dependent"
18,1761,"dependent"
20,1762,"dependent"
22,1763,"dependent"
16,1764,"dependent"
20,1765,"dependent"
14,1766,"dependent"
18,1767,"dependent"
20,1768,"dependent"
12,1769,"dependent"
22,1770,"dependent"
18,1771,"dependent"
22,1772,"dependent"
18,1773,"dependent"
18,1774,"dependent"
16,1775,"dependent"
20,1776,"dependent"
18,1777,"dependent"
20,1778,"dependent"
20,1779,"dependent"
22,1780,"dependent"
18,1781,"dependent"
18,1782,"dependent"
18,1783,"dependent"
16,1784,"dependent"
18,1785,"dependent"
20,1786,"dependent"
20,1787,"dependent"
18,1788,"dependent"
18,1789,"dependent"
18,1790,"dependent"
20,1791,"dependent"
22,1792,"dependent"
20,1793,"dependent"
14,1794,"dependent"
20,1795,"dependent"
24,1796,"dependent"
22,1797,"dependent"
20,1798,"dependent"
16,1799,"dependent"
20,1800,"dependent"
18,1801,"dependent"
20,1802,"dependent"
20,1803,"dependent"
20,1804,"dependent"
18,1805,"dependent"
16,1806,"dependent"
18,1807,"dependent"
16,1808,"dependent"
18,1809,"dependent"
20,1810,"dependent"
24,1811,"dependent"
20,1812,"dependent"
18,1813,"dependent"
22,1814,"dependent"
24,1815,"dependent"
16,1816,"dependent"
18,1817,"dependent"
20,1818,"dependent"
24,1819,"dependent"
20,1820,"dependent"
22,1821,"dependent"
16,1822,"dependent"
20,1823,"dependent"
18,1824,"dependent"
20,1825,"dependent"
20,1826,"dependent"
20,1827,"dependent"
18,1828,"dependent"
16,1829,"dependent"
22,1830,"dependent"
22,1831,"dependent"
20,1832,"dependent"
18,1833,"dependent"
20,1834,"dependent"
20,1835,"dependent"
16,1836,"dependent"
22,1837,"dependent"
20,1838,"dependent"
18,1839,"dependent"
22,1840,"dependent"
14,1841,"dependent"
16,1842,"dependent"
18,1843,"dependent"
18,1844,"dependent"
16,1845,"dependent"
18,1846,"dependent"
18,1847,"dependent"
22,1848,"dependent"
24,1849,"dependent"
14,1850,"dependent"
18,1851,"dependent"
20,1852,"dependent"
20,1853,"dependent"
24,1854,"dependent"
22,1855,"dependent"
16,1856,"dependent"
18,1857,"dependent"
20,1858,"dependent"
22,1859,"dependent"
22,1860,"dependent"
14,1861,"dependent"
24,1862,"dependent"
22,1863,"dependent"
16,1864,"dependent"
18,1865,"dependent"
18,1866,"dependent"
14,1867,"dependent"
18,1868,"dependent"
18,1869,"dependent"
16,1870,"dependent"
18,1871,"dependent"
16,1872,"dependent"
20,1873,"dependent"
22,1874,"dependent"
16,1875,"dependent"
20,1876,"dependent"
20,1877,"dependent"
22,1878,"dependent"
18,1879,"dependent"
20,1880,"dependent"
16,1881,"dependent"
18,1882,"dependent"
16,1883,"dependent"
18,1884,"dependent"
16,1885,"dependent"
18,1886,"dependent"
20,1887,"dependent"
18,1888,"dependent"
18,1889,"dependent"
14,1890,"dependent"
10,1891,"dependent"
22,1892,"dependent"
16,1893,"dependent"
20,1894,"dependent"
16,1895,"dependent"
18,1896,"dependent"
22,1897,"dependent"
24,1898,"dependent"
18,1899,"dependent"
22,1900,"dependent"
20,1901,"dependent"
16,1902,"dependent"
20,1903,"dependent"
22,1904,"dependent"
16,1905,"dependent"
20,1906,"dependent"
22,1907,"dependent"
20,1908,"dependent"
20,1909,"dependent"
20,1910,"dependent"
20,1911,"dependent"
22,1912,"dependent"
16,1913,"dependent"
20,1914,"dependent"
22,1915,"dependent"
22,1916,"dependent"
22,1917,"dependent"
18,1918,"dependent"
20,1919,"dependent"
22,1920,"dependent"
16,1921,"dependent"
18,1922,"dependent"
14,1923,"dependent"
22,1924,"dependent"
18,1925,"dependent"
18,1926,"dependent"
20,1927,"dependent"
14,1928,"dependent"
14,1929,"dependent"
18,1930,"dependent"
24,1931,"dependent"
20,1932,"dependent"
24,1933,"dependent"
16,1934,"dependent"
18,1935,"dependent"
22,1936,"dependent"
16,1937,"dependent"
22,1938,"dependent"
20,1939,"dependent"
20,1940,"dependent"
18,1941,"dependent"
24,1942,"dependent"
20,1943,"dependent"
20,1944,"dependent"
20,1945,"dependent"
14,1946,"dependent"
18,1947,"dependent"
14,1948,"dependent"
20,1949,"dependent"
20,1950,"dependent"
22,1951,"dependent"
20,1952,"dependent"
18,1953,"dependent"
22,1954,"dependent"
22,1955,"dependent"
18,1956,"dependent"
18,1957,"dependent"
18,1958,"dependent"
18,1959,"dependent"
20,1960,"dependent"
18,1961,"dependent"
20,1962,"dependent"
20,1963,"dependent"
18,1964,"dependent"
20,1965,"dependent"
20,1966,"dependent"
16,1967,"dependent"
20,1968,"dependent"
20,1969,"dependent"
18,1970,"dependent"
22,1971,"dependent"
16,1972,"dependent"
20,1973,"dependent"
18,1974,"dependent"
18,1975,"dependent"
16,1976,"dependent"
22,1977,"dependent"
14,1978,"dependent"
22,1979,"dependent"
22,1980,"dependent"
22,1981,"dependent"
22,1982,"dependent"
20,1983,"dependent"
22,1984,"dependent"
18,1985,"dependent"
18,1986,"dependent"
18,1987,"dependent"
18,1988,"dependent"
20,1989,"dependent"
20,1990,"dependent"
20,1991,"dependent"
18,1992,"dependent"
16,1993,"dependent"
20,1994,"dependent"
16,1995,"dependent"
24,1996,"dependent"
18,1997,"dependent"
22,1998,"dependent"
20,1999,"dependent"
20,2000,"dependent"
18,2001,"dependent"
16,2002,"dependent"
18,2003,"dependent"
20,2004,"dependent"
20,2005,"dependent"
18,2006,"dependent"
16,2007,"dependent"
24,2008,"dependent"
20,2009,"dependent"
20,2010,"dependent"
22,2011,"dependent"
22,2012,"dependent"
18,2013,"dependent"
20,2014,"dependent"
20,2015,"dependent"
18,2016,"dependent"
18,2017,"dependent"
14,2018,"dependent"
18,2019,"dependent"
18,2020,"dependent"
20,2021,"dependent"
18,2022,"dependent"
18,2023,"dependent"
20,2024,"dependent"
20,2025,"dependent"
22,2026,"dependent"
18,2027,"dependent"
22,2028,"dependent"
16,2029,"dependent"
18,2030,"dependent"
20,2031,"dependent"
18,2032,"dependent"
22,2033,"dependent"
20,2034,"dependent"
20,2035,"dependent"
20,2036,"dependent"
20,2037,"dependent"
16,2038,"dependent"
20,2039,"dependent"
24,2040,"dependent"
18,2041,"dependent"
22,2042,"dependent"
20,2043,"dependent"
16,2044,"dependent"
20,2045,"dependent"
16,2046,"dependent"
14,2047,"dependent"
18,2048,"dependent"
20,2049,"dependent"
20,2050,"dependent"
24,2051,"dependent"
20,2052,"dependent"
22,2053,"dependent"
22,2054,"dependent"
20,2055,"dependent"
22,2056,"dependent"
22,2057,"dependent"
20,2058,"dependent"
16,2059,"dependent"
18,2060,"dependent"
20,2061,"dependent"
16,2062,"dependent"
24,2063,"dependent"
20,2064,"dependent"
20,2065,"dependent"
24,2066,"dependent"
16,2067,"dependent"
18,2068,"dependent"
20,2069,"dependent"
14,2070,"dependent"
16,2071,"dependent"
22,2072,"dependent"
26,2073,"dependent"
18,2074,"dependent"
22,2075,"dependent"
18,2076,"dependent"
18,2077,"dependent"
18,2078,"dependent"
22,2079,"dependent"
16,2080,"dependent"
18,2081,"dependent"
16,2082,"dependent"
16,2083,"dependent"
18,2084,"dependent"
20,2085,"dependent"
16,2086,"dependent"
20,2087,"dependent"
22,2088,"dependent"
18,2089,"dependent"
16,2090,"dependent"
20,2091,"dependent"
20,2092,"dependent"
24,2093,"dependent"
18,2094,"dependent"
22,2095,"dependent"
22,2096,"dependent"
24,2097,"dependent"
18,2098,"dependent"
20,2099,"dependent"
20,2100,"dependent"
18,2101,"dependent"
14,2102,"dependent"
14,2103,"dependent"
16,2104,"dependent"
24,2105,"dependent"
20,2106,"dependent"
18,2107,"dependent"
18,2108,"dependent"
16,2109,"dependent"
20,2110,"dependent"
24,2111,"dependent"
18,2112,"dependent"
16,2113,"dependent"
26,2114,"dependent"
18,2115,"dependent"
22,2116,"dependent"
20,2117,"dependent"
22,2118,"dependent"
22,2119,"dependent"
22,2120,"dependent"
22,2121,"dependent"
20,2122,"dependent"
16,2123,"dependent"
20,2124,"dependent"
20,2125,"dependent"
16,2126,"dependent"
20,2127,"dependent"
14,2128,"dependent"
20,2129,"dependent"
20,2130,"dependent"
18,2131,"dependent"
18,2132,"dependent"
22,2133,"dependent"
20,2134,"dependent"
20,2135,"dependent"
18,2136,"dependent"
20,2137,"dependent"
12,2138,"dependent"
18,2139,"dependent"
20,2140,"dependent"
20,2141,"dependent"
18,2142,"dependent"
16,2143,"dependent"
22,2144,"dependent"
22,2145,"dependent"
16,2146,"dependent"
20,2147,"dependent"
14,2148,"dependent"
24,2149,"dependent"
22,2150,"dependent"
18,2151,"dependent"
18,2152,"dependent"
22,2153,"dependent"
18,2154,"dependent"
18,2155,"dependent"
16,2156,"dependent"
18,2157,"dependent"
16,2158,"dependent"
22,2159,"dependent"
20,2160,"dependent"
16,2161,"dependent"
22,2162,"dependent"
22,2163,"dependent"
22,2164,"dependent"
20,2165,"dependent"
20,2166,"dependent"
20,2167,"dependent"
22,2168,"dependent"
20,2169,"dependent"
20,2170,"dependent"
16,2171,"dependent"
16,2172,"dependent"
20,2173,"dependent"
18,2174,"dependent"
16,2175,"dependent"
18,2176,"dependent"
16,2177,"dependent"
22,2178,"dependent"
18,2179,"dependent"
20,2180,"dependent"
22,2181,"dependent"
14,2182,"dependent"
20,2183,"dependent"
20,2184,"dependent"
24,2185,"dependent"
22,2186,"dependent"
16,2187,"dependent"
16,2188,"dependent"
16,2189,"dependent"
20,2190,"dependent"
14,2191,"dependent"
18,2192,"dependent"
20,2193,"dependent"
20,2194,"dependent"
20,2195,"dependent"
22,2196,"dependent"
18,2197,"dependent"
16,2198,"dependent"
18,2199,"dependent"
18,2200,"dependent"
18,2201,"dependent"
18,2202,"dependent"
20,2203,"dependent"
20,2204,"dependent"
20,2205,"dependent"
18,2206,"dependent"
20,2207,"dependent"
18,2208,"dependent"
18,2209,"dependent"
18,2210,"dependent"
20,2211,"dependent"
22,2212,"dependent"
18,2213,"dependent"
20,2214,"dependent"
20,2215,"dependent"
16,2216,"dependent"
18,2217,"dependent"
12,2218,"dependent"
18,2219,"dependent"
20,2220,"dependent"
14,2221,"dependent"
20,2222,"dependent"
16,2223,"dependent"
20,2224,"dependent"
18,2225,"dependent"
18,2226,"dependent"
20,2227,"dependent"
18,2228,"dependent"
20,2229,"dependent"
18,2230,"dependent"
22,2231,"dependent"
14,2232,"dependent"
16,2233,"dependent"
20,2234,"dependent"
16,2235,"dependent"
20,2236,"dependent"
20,2237,"dependent"
18,2238,"dependent"
24,2239,"dependent"
16,2240,"dependent"
18,2241,"dependent"
22,2242,"dependent"
22,2243,"dependent"
18,2244,"dependent"
12,2245,"dependent"
22,2246,"dependent"
18,2247,"dependent"
18,2248,"dependent"
22,2249,"dependent"
18,2250,"dependent"
16,2251,"dependent"
20,2252,"dependent"
16,2253,"dependent"
18,2254,"dependent"
16,2255,"dependent"
20,2256,"dependent"
20,2257,"dependent"
14,2258,"dependent"
18,2259,"dependent"
18,2260,"dependent"
14,2261,"dependent"
20,2262,"dependent"
20,2263,"dependent"
20,2264,"dependent"
18,2265,"dependent"
18,2266,"dependent"
22,2267,"dependent"
22,2268,"dependent"
20,2269,"dependent"
20,2270,"dependent"
20,2271,"dependent"
20,2272,"dependent"
20,2273,"dependent"
18,2274,"dependent"
20,2275,"dependent"
16,2276,"dependent"
20,2277,"dependent"
18,2278,"dependent"
22,2279,"dependent"
18,2280,"dependent"
22,2281,"dependent"
20,2282,"dependent"
20,2283,"dependent"
20,2284,"dependent"
20,2285,"dependent"
16,2286,"dependent"
22,2287,"dependent"
18,2288,"dependent"
20,2289,"dependent"
20,2290,"dependent"
20,2291,"dependent"
22,2292,"dependent"
20,2293,"dependent"
14,2294,"dependent"
18,2295,"dependent"
20,2296,"dependent"
16,2297,"dependent"
18,2298,"dependent"
18,2299,"dependent"
14,2300,"dependent"
22,2301,"dependent"
18,2302,"dependent"
20,2303,"dependent"
12,2304,"dependent"
18,2305,"dependent"
16,2306,"dependent"
18,2307,"dependent"
22,2308,"dependent"
14,2309,"dependent"
20,2310,"dependent"
20,2311,"dependent"
14,2312,"dependent"
22,2313,"dependent"
22,2314,"dependent"
20,2315,"dependent"
18,2316,"dependent"
16,2317,"dependent"
20,2318,"dependent"
18,2319,"dependent"
20,2320,"dependent"
12,2321,"dependent"
16,2322,"dependent"
22,2323,"dependent"
20,2324,"dependent"
22,2325,"dependent"
18,2326,"dependent"
20,2327,"dependent"
16,2328,"dependent"
20,2329,"dependent"
18,2330,"dependent"
18,2331,"dependent"
22,2332,"dependent"
22,2333,"dependent"
24,2334,"dependent"
20,2335,"dependent"
24,2336,"dependent"
22,2337,"dependent"
20,2338,"dependent"
24,2339,"dependent"
20,2340,"dependent"
14,2341,"dependent"
22,2342,"dependent"
20,2343,"dependent"
18,2344,"dependent"
24,2345,"dependent"
16,2346,"dependent"
22,2347,"dependent"
14,2348,"dependent"
20,2349,"dependent"
18,2350,"dependent"
18,2351,"dependent"
22,2352,"dependent"
14,2353,"dependent"
22,2354,"dependent"
20,2355,"dependent"
16,2356,"dependent"
20,2357,"dependent"
20,2358,"dependent"
16,2359,"dependent"
18,2360,"dependent"
18,2361,"dependent"
18,2362,"dependent"
18,2363,"dependent"
16,2364,"dependent"
18,2365,"dependent"
18,2366,"dependent"
22,2367,"dependent"
22,2368,"dependent"
16,2369,"dependent"
20,2370,"dependent"
18,2371,"dependent"
22,2372,"dependent"
20,2373,"dependent"
18,2374,"dependent"
20,2375,"dependent"
20,2376,"dependent"
22,2377,"dependent"
16,2378,"dependent"
24,2379,"dependent"
20,2380,"dependent"
20,2381,"dependent"
22,2382,"dependent"
22,2383,"dependent"
16,2384,"dependent"
18,2385,"dependent"
18,2386,"dependent"
22,2387,"dependent"
18,2388,"dependent"
18,2389,"dependent"
16,2390,"dependent"
18,2391,"dependent"
16,2392,"dependent"
22,2393,"dependent"
20,2394,"dependent"
16,2395,"dependent"
18,2396,"dependent"
16,2397,"dependent"
18,2398,"dependent"
18,2399,"dependent"
22,2400,"dependent"
20,2401,"dependent"
20,2402,"dependent"
20,2403,"dependent"
16,2404,"dependent"
16,2405,"dependent"
14,2406,"dependent"
20,2407,"dependent"
18,2408,"dependent"
18,2409,"dependent"
16,2410,"dependent"
18,2411,"dependent"
18,2412,"dependent"
20,2413,"dependent"
18,2414,"dependent"
22,2415,"dependent"
18,2416,"dependent"
18,2417,"dependent"
24,2418,"dependent"
20,2419,"dependent"
20,2420,"dependent"
16,2421,"dependent"
22,2422,"dependent"
18,2423,"dependent"
18,2424,"dependent"
16,2425,"dependent"
22,2426,"dependent"
14,2427,"dependent"
18,2428,"dependent"
16,2429,"dependent"
20,2430,"dependent"
18,2431,"dependent"
24,2432,"dependent"
14,2433,"dependent"
16,2434,"dependent"
20,2435,"dependent"
18,2436,"dependent"
22,2437,"dependent"
20,2438,"dependent"
20,2439,"dependent"
20,2440,"dependent"
18,2441,"dependent"
24,2442,"dependent"
20,2443,"dependent"
18,2444,"dependent"
18,2445,"dependent"
18,2446,"dependent"
18,2447,"dependent"
20,2448,"dependent"
14,2449,"dependent"
16,2450,"dependent"
20,2451,"dependent"
22,2452,"dependent"
18,2453,"dependent"
18,2454,"dependent"
14,2455,"dependent"
22,2456,"dependent"
18,2457,"dependent"
22,2458,"dependent"
18,2459,"dependent"
22,2460,"dependent"
14,2461,"dependent"
18,2462,"dependent"
24,2463,"dependent"
18,2464,"dependent"
16,2465,"dependent"
18,2466,"dependent"
22,2467,"dependent"
22,2468,"dependent"
20,2469,"dependent"
20,2470,"dependent"
18,2471,"dependent"
24,2472,"dependent"
20,2473,"dependent"
20,2474,"dependent"
18,2475,"dependent"
20,2476,"dependent"
18,2477,"dependent"
18,2478,"dependent"
16,2479,"dependent"
18,2480,"dependent"
16,2481,"dependent"
20,2482,"dependent"
20,2483,"dependent"
18,2484,"dependent"
20,2485,"dependent"
20,2486,"dependent"
24,2487,"dependent"
18,2488,"dependent"
18,2489,"dependent"
16,2490,"dependent"
20,2491,"dependent"
20,2492,"dependent"
16,2493,"dependent"
20,2494,"dependent"
20,2495,"dependent"
18,2496,"dependent"
14,2497,"dependent"
20,2498,"dependent"
20,2499,"dependent"
18,2500,"dependent"
20,2501,"dependent"
22,2502,"dependent"
22,2503,"dependent"
16,2504,"dependent"
20,2505,"dependent"
22,2506,"dependent"
22,2507,"dependent"
20,2508,"dependent"
20,2509,"dependent"
14,2510,"dependent"
16,2511,"dependent"
16,2512,"dependent"
20,2513,"dependent"
22,2514,"dependent"
20,2515,"dependent"
18,2516,"dependent"
18,2517,"dependent"
18,2518,"dependent"
20,2519,"dependent"
20,2520,"dependent"
16,2521,"dependent"
22,2522,"dependent"
20,2523,"dependent"
22,2524,"dependent"
14,2525,"dependent"
16,2526,"dependent"
18,2527,"dependent"
18,2528,"dependent"
18,2529,"dependent"
16,2530,"dependent"
20,2531,"dependent"
20,2532,"dependent"
20,2533,"dependent"
18,2534,"dependent"
16,2535,"dependent"
22,2536,"dependent"
16,2537,"dependent"
18,2538,"dependent"
18,2539,"dependent"
18,2540,"dependent"
18,2541,"dependent"
16,2542,"dependent"
16,2543,"dependent"
22,2544,"dependent"
18,2545,"dependent"
18,2546,"dependent"
18,2547,"dependent"
20,2548,"dependent"
18,2549,"dependent"
22,2550,"dependent"
16,2551,"dependent"
18,2552,"dependent"
14,2553,"dependent"
24,2554,"dependent"
24,2555,"dependent"
14,2556,"dependent"
16,2557,"dependent"
20,2558,"dependent"
18,2559,"dependent"
22,2560,"dependent"
20,2561,"dependent"
20,2562,"dependent"
22,2563,"dependent"
16,2564,"dependent"
18,2565,"dependent"
22,2566,"dependent"
22,2567,"dependent"
16,2568,"dependent"
18,2569,"dependent"
24,2570,"dependent"
20,2571,"dependent"
18,2572,"dependent"
22,2573,"dependent"
16,2574,"dependent"
20,2575,"dependent"
18,2576,"dependent"
20,2577,"dependent"
22,2578,"dependent"
16,2579,"dependent"
20,2580,"dependent"
18,2581,"dependent"
20,2582,"dependent"
16,2583,"dependent"
24,2584,"dependent"
20,2585,"dependent"
24,2586,"dependent"
20,2587,"dependent"
22,2588,"dependent"
14,2589,"dependent"
20,2590,"dependent"
20,2591,"dependent"
18,2592,"dependent"
20,2593,"dependent"
18,2594,"dependent"
18,2595,"dependent"
22,2596,"dependent"
18,2597,"dependent"
20,2598,"dependent"
18,2599,"dependent"
22,2600,"dependent"
20,2601,"dependent"
18,2602,"dependent"
18,2603,"dependent"
14,2604,"dependent"
18,2605,"dependent"
18,2606,"dependent"
24,2607,"dependent"
20,2608,"dependent"
20,2609,"dependent"
20,2610,"dependent"
22,2611,"dependent"
16,2612,"dependent"
18,2613,"dependent"
22,2614,"dependent"
22,2615,"dependent"
16,2616,"dependent"
18,2617,"dependent"
20,2618,"dependent"
18,2619,"dependent"
22,2620,"dependent"
18,2621,"dependent"
20,2622,"dependent"
16,2623,"dependent"
16,2624,"dependent"
18,2625,"dependent"
18,2626,"dependent"
18,2627,"dependent"
20,2628,"dependent"
14,2629,"dependent"
18,2630,"dependent"
16,2631,"dependent"
22,2632,"dependent"
22,2633,"dependent"
16,2634,"dependent"
20,2635,"dependent"
14,2636,"dependent"
16,2637,"dependent"
20,2638,"dependent"
22,2639,"dependent"
16,2640,"dependent"
20,2641,"dependent"
16,2642,"dependent"
16,2643,"dependent"
22,2644,"dependent"
18,2645,"dependent"
16,2646,"dependent"
18,2647,"dependent"
18,2648,"dependent"
22,2649,"dependent"
24,2650,"dependent"
20,2651,"dependent"
20,2652,"dependent"
18,2653,"dependent"
20,2654,"dependent"
18,2655,"dependent"
18,2656,"dependent"
22,2657,"dependent"
20,2658,"dependent"
22,2659,"dependent"
24,2660,"dependent"
24,2661,"dependent"
20,2662,"dependent"
22,2663,"dependent"
18,2664,"dependent"
20,2665,"dependent"
20,2666,"dependent"
18,2667,"dependent"
18,2668,"dependent"
20,2669,"dependent"
20,2670,"dependent"
18,2671,"dependent"
16,2672,"dependent"
22,2673,"dependent"
16,2674,"dependent"
16,2675,"dependent"
18,2676,"dependent"
22,2677,"dependent"
12,2678,"dependent"
20,2679,"dependent"
22,2680,"dependent"
22,2681,"dependent"
22,2682,"dependent"
20,2683,"dependent"
22,2684,"dependent"
14,2685,"dependent"
18,2686,"dependent"
18,2687,"dependent"
14,2688,"dependent"
16,2689,"dependent"
18,2690,"dependent"
18,2691,"dependent"
18,2692,"dependent"
22,2693,"dependent"
20,2694,"dependent"
16,2695,"dependent"
18,2696,"dependent"
16,2697,"dependent"
20,2698,"dependent"
20,2699,"dependent"
16,2700,"dependent"
16,2701,"dependent"
20,2702,"dependent"
22,2703,"dependent"
22,2704,"dependent"
18,2705,"dependent"
22,2706,"dependent"
20,2707,"dependent"
16,2708,"dependent"
16,2709,"dependent"
18,2710,"dependent"
20,2711,"dependent"
18,2712,"dependent"
20,2713,"dependent"
18,2714,"dependent"
16,2715,"dependent"
20,2716,"dependent"
16,2717,"dependent"
20,2718,"dependent"
20,2719,"dependent"
16,2720,"dependent"
22,2721,"dependent"
18,2722,"dependent"
20,2723,"dependent"
18,2724,"dependent"
18,2725,"dependent"
20,2726,"dependent"
18,2727,"dependent"
18,2728,"dependent"
22,2729,"dependent"
22,2730,"dependent"
16,2731,"dependent"
18,2732,"dependent"
14,2733,"dependent"
20,2734,"dependent"
20,2735,"dependent"
20,2736,"dependent"
16,2737,"dependent"
20,2738,"dependent"
20,2739,"dependent"
22,2740,"dependent"
20,2741,"dependent"
18,2742,"dependent"
22,2743,"dependent"
14,2744,"dependent"
14,2745,"dependent"
18,2746,"dependent"
22,2747,"dependent"
16,2748,"dependent"
24,2749,"dependent"
22,2750,"dependent"
20,2751,"dependent"
20,2752,"dependent"
20,2753,"dependent"
20,2754,"dependent"
18,2755,"dependent"
20,2756,"dependent"
18,2757,"dependent"
20,2758,"dependent"
20,2759,"dependent"
18,2760,"dependent"
16,2761,"dependent"
18,2762,"dependent"
20,2763,"dependent"
24,2764,"dependent"
20,2765,"dependent"
14,2766,"dependent"
20,2767,"dependent"
22,2768,"dependent"
16,2769,"dependent"
14,2770,"dependent"
14,2771,"dependent"
14,2772,"dependent"
22,2773,"dependent"
18,2774,"dependent"
22,2775,"dependent"
22,2776,"dependent"
18,2777,"dependent"
20,2778,"dependent"
22,2779,"dependent"
22,2780,"dependent"
18,2781,"dependent"
18,2782,"dependent"
22,2783,"dependent"
24,2784,"dependent"
16,2785,"dependent"
16,2786,"dependent"
16,2787,"dependent"
20,2788,"dependent"
22,2789,"dependent"
18,2790,"dependent"
18,2791,"dependent"
18,2792,"dependent"
18,2793,"dependent"
18,2794,"dependent"
20,2795,"dependent"
16,2796,"dependent"
16,2797,"dependent"
14,2798,"dependent"
16,2799,"dependent"
18,2800,"dependent"
18,2801,"dependent"
18,2802,"dependent"
18,2803,"dependent"
20,2804,"dependent"
16,2805,"dependent"
20,2806,"dependent"
14,2807,"dependent"
22,2808,"dependent"
22,2809,"dependent"
14,2810,"dependent"
16,2811,"dependent"
20,2812,"dependent"
20,2813,"dependent"
20,2814,"dependent"
18,2815,"dependent"
24,2816,"dependent"
22,2817,"dependent"
16,2818,"dependent"
18,2819,"dependent"
16,2820,"dependent"
22,2821,"dependent"
16,2822,"dependent"
18,2823,"dependent"
18,2824,"dependent"
22,2825,"dependent"
16,2826,"dependent"
16,2827,"dependent"
18,2828,"dependent"
20,2829,"dependent"
16,2830,"dependent"
20,2831,"dependent"
24,2832,"dependent"
18,2833,"dependent"
16,2834,"dependent"
18,2835,"dependent"
18,2836,"dependent"
18,2837,"dependent"
18,2838,"dependent"
20,2839,"dependent"
18,2840,"dependent"
18,2841,"dependent"
20,2842,"dependent"
22,2843,"dependent"
20,2844,"dependent"
16,2845,"dependent"
16,2846,"dependent"
18,2847,"dependent"
22,2848,"dependent"
16,2849,"dependent"
18,2850,"dependent"
18,2851,"dependent"
22,2852,"dependent"
18,2853,"dependent"
16,2854,"dependent"
20,2855,"dependent"
18,2856,"dependent"
24,2857,"dependent"
16,2858,"dependent"
18,2859,"dependent"
18,2860,"dependent"
16,2861,"dependent"
20,2862,"dependent"
22,2863,"dependent"
18,2864,"dependent"
18,2865,"dependent"
22,2866,"dependent"
22,2867,"dependent"
16,2868,"dependent"
22,2869,"dependent"
20,2870,"dependent"
20,2871,"dependent"
18,2872,"dependent"
18,2873,"dependent"
16,2874,"dependent"
20,2875,"dependent"
20,2876,"dependent"
24,2877,"dependent"
18,2878,"dependent"
20,2879,"dependent"
18,2880,"dependent"
22,2881,"dependent"
14,2882,"dependent"
18,2883,"dependent"
18,2884,"dependent"
18,2885,"dependent"
20,2886,"dependent"
20,2887,"dependent"
22,2888,"dependent"
18,2889,"dependent"
20,2890,"dependent"
20,2891,"dependent"
18,2892,"dependent"
18,2893,"dependent"
16,2894,"dependent"
20,2895,"dependent"
20,2896,"dependent"
22,2897,"dependent"
20,2898,"dependent"
18,2899,"dependent"
22,2900,"dependent"
20,2901,"dependent"
20,2902,"dependent"
16,2903,"dependent"
16,2904,"dependent"
18,2905,"dependent"
20,2906,"dependent"
18,2907,"dependent"
16,2908,"dependent"
20,2909,"dependent"
20,2910,"dependent"
18,2911,"dependent"
20,2912,"dependent"
20,2913,"dependent"
22,2914,"dependent"
22,2915,"dependent"
16,2916,"dependent"
18,2917,"dependent"
16,2918,"dependent"
18,2919,"dependent"
12,2920,"dependent"
14,2921,"dependent"
14,2922,"dependent"
20,2923,"dependent"
20,2924,"dependent"
18,2925,"dependent"
14,2926,"dependent"
22,2927,"dependent"
20,2928,"dependent"
20,2929,"dependent"
20,2930,"dependent"
18,2931,"dependent"
22,2932,"dependent"
20,2933,"dependent"
16,2934,"dependent"
18,2935,"dependent"
20,2936,"dependent"
18,2937,"dependent"
20,2938,"dependent"
20,2939,"dependent"
18,2940,"dependent"
18,2941,"dependent"
16,2942,"dependent"
16,2943,"dependent"
24,2944,"dependent"
22,2945,"dependent"
24,2946,"dependent"
22,2947,"dependent"
20,2948,"dependent"
16,2949,"dependent"
22,2950,"dependent"
24,2951,"dependent"
20,2952,"dependent"
18,2953,"dependent"
14,2954,"dependent"
18,2955,"dependent"
20,2956,"dependent"
16,2957,"dependent"
18,2958,"dependent"
20,2959,"dependent"
20,2960,"dependent"
20,2961,"dependent"
22,2962,"dependent"
16,2963,"dependent"
18,2964,"dependent"
20,2965,"dependent"
18,2966,"dependent"
18,2967,"dependent"
16,2968,"dependent"
16,2969,"dependent"
16,2970,"dependent"
16,2971,"dependent"
18,2972,"dependent"
26,2973,"dependent"
20,2974,"dependent"
22,2975,"dependent"
16,2976,"dependent"
20,2977,"dependent"
14,2978,"dependent"
20,2979,"dependent"
20,2980,"dependent"
18,2981,"dependent"
18,2982,"dependent"
20,2983,"dependent"
18,2984,"dependent"
20,2985,"dependent"
22,2986,"dependent"
16,2987,"dependent"
20,2988,"dependent"
22,2989,"dependent"
18,2990,"dependent"
14,2991,"dependent"
18,2992,"dependent"
20,2993,"dependent"
18,2994,"dependent"
20,2995,"dependent"
16,2996,"dependent"
20,2997,"dependent"
22,2998,"dependent"
20,2999,"dependent"
22,3000,"dependent"
24,3001,"dependent"
16,3002,"dependent"
22,3003,"dependent"
20,3004,"dependent"
20,3005,"dependent"
16,3006,"dependent"
18,3007,"dependent"
22,3008,"dependent"
20,3009,"dependent"
20,3010,"dependent"
20,3011,"dependent"
20,3012,"dependent"
20,3013,"dependent"
20,3014,"dependent"
14,3015,"dependent"
20,3016,"dependent"
16,3017,"dependent"
18,3018,"dependent"
18,3019,"dependent"
18,3020,"dependent"
20,3021,"dependent"
18,3022,"dependent"
16,3023,"dependent"
20,3024,"dependent"
20,3025,"dependent"
18,3026,"dependent"
18,3027,"dependent"
22,3028,"dependent"
18,3029,"dependent"
20,3030,"dependent"
18,3031,"dependent"
22,3032,"dependent"
22,3033,"dependent"
18,3034,"dependent"
18,3035,"dependent"
22,3036,"dependent"
18,3037,"dependent"
12,3038,"dependent"
22,3039,"dependent"
16,3040,"dependent"
18,3041,"dependent"
18,3042,"dependent"
16,3043,"dependent"
18,3044,"dependent"
18,3045,"dependent"
18,3046,"dependent"
14,3047,"dependent"
18,3048,"dependent"
18,3049,"dependent"
22,3050,"dependent"
14,3051,"dependent"
20,3052,"dependent"
18,3053,"dependent"
22,3054,"dependent"
18,3055,"dependent"
24,3056,"dependent"
22,3057,"dependent"
16,3058,"dependent"
14,3059,"dependent"
20,3060,"dependent"
18,3061,"dependent"
18,3062,"dependent"
16,3063,"dependent"
14,3064,"dependent"
16,3065,"dependent"
18,3066,"dependent"
18,3067,"dependent"
22,3068,"dependent"
16,3069,"dependent"
18,3070,"dependent"
22,3071,"dependent"
20,3072,"dependent"
20,3073,"dependent"
20,3074,"dependent"
16,3075,"dependent"
18,3076,"dependent"
18,3077,"dependent"
22,3078,"dependent"
18,3079,"dependent"
22,3080,"dependent"
18,3081,"dependent"
22,3082,"dependent"
20,3083,"dependent"
20,3084,"dependent"
18,3085,"dependent"
18,3086,"dependent"
20,3087,"dependent"
20,3088,"dependent"
22,3089,"dependent"
12,3090,"dependent"
14,3091,"dependent"
18,3092,"dependent"
20,3093,"dependent"
20,3094,"dependent"
16,3095,"dependent"
18,3096,"dependent"
18,3097,"dependent"
18,3098,"dependent"
20,3099,"dependent"
20,3100,"dependent"
20,3101,"dependent"
20,3102,"dependent"
22,3103,"dependent"
16,3104,"dependent"
20,3105,"dependent"
20,3106,"dependent"
20,3107,"dependent"
18,3108,"dependent"
20,3109,"dependent"
16,3110,"dependent"
22,3111,"dependent"
20,3112,"dependent"
22,3113,"dependent"
18,3114,"dependent"
20,3115,"dependent"
22,3116,"dependent"
18,3117,"dependent"
24,3118,"dependent"
18,3119,"dependent"
16,3120,"dependent"
16,3121,"dependent"
16,3122,"dependent"
18,3123,"dependent"
22,3124,"dependent"
20,3125,"dependent"
20,3126,"dependent"
20,3127,"dependent"
16,3128,"dependent"
22,3129,"dependent"
20,3130,"dependent"
20,3131,"dependent"
24,3132,"dependent"
22,3133,"dependent"
22,3134,"dependent"
20,3135,"dependent"
18,3136,"dependent"
20,3137,"dependent"
16,3138,"dependent"
20,3139,"dependent"
20,3140,"dependent"
22,3141,"dependent"
16,3142,"dependent"
18,3143,"dependent"
16,3144,"dependent"
20,3145,"dependent"
16,3146,"dependent"
20,3147,"dependent"
22,3148,"dependent"
22,3149,"dependent"
20,3150,"dependent"
18,3151,"dependent"
14,3152,"dependent"
26,3153,"dependent"
14,3154,"dependent"
14,3155,"dependent"
18,3156,"dependent"
18,3157,"dependent"
18,3158,"dependent"
18,3159,"dependent"
18,3160,"dependent"
16,3161,"dependent"
20,3162,"dependent"
18,3163,"dependent"
20,3164,"dependent"
24,3165,"dependent"
18,3166,"dependent"
22,3167,"dependent"
20,3168,"dependent"
16,3169,"dependent"
16,3170,"dependent"
18,3171,"dependent"
14,3172,"dependent"
14,3173,"dependent"
14,3174,"dependent"
14,3175,"dependent"
22,3176,"dependent"
18,3177,"dependent"
22,3178,"dependent"
18,3179,"dependent"
14,3180,"dependent"
20,3181,"dependent"
18,3182,"dependent"
16,3183,"dependent"
16,3184,"dependent"
20,3185,"dependent"
20,3186,"dependent"
22,3187,"dependent"
16,3188,"dependent"
20,3189,"dependent"
16,3190,"dependent"
20,3191,"dependent"
18,3192,"dependent"
18,3193,"dependent"
20,3194,"dependent"
18,3195,"dependent"
16,3196,"dependent"
22,3197,"dependent"
18,3198,"dependent"
18,3199,"dependent"
16,3200,"dependent"
18,3201,"dependent"
18,3202,"dependent"
18,3203,"dependent"
22,3204,"dependent"
18,3205,"dependent"
24,3206,"dependent"
22,3207,"dependent"
16,3208,"dependent"
22,3209,"dependent"
16,3210,"dependent"
18,3211,"dependent"
20,3212,"dependent"
18,3213,"dependent"
16,3214,"dependent"
18,3215,"dependent"
18,3216,"dependent"
22,3217,"dependent"
18,3218,"dependent"
18,3219,"dependent"
18,3220,"dependent"
18,3221,"dependent"
20,3222,"dependent"
14,3223,"dependent"
18,3224,"dependent"
16,3225,"dependent"
16,3226,"dependent"
16,3227,"dependent"
18,3228,"dependent"
18,3229,"dependent"
18,3230,"dependent"
20,3231,"dependent"
18,3232,"dependent"
18,3233,"dependent"
18,3234,"dependent"
18,3235,"dependent"
18,3236,"dependent"
16,3237,"dependent"
20,3238,"dependent"
16,3239,"dependent"
22,3240,"dependent"
20,3241,"dependent"
18,3242,"dependent"
18,3243,"dependent"
18,3244,"dependent"
20,3245,"dependent"
18,3246,"dependent"
20,3247,"dependent"
16,3248,"dependent"
18,3249,"dependent"
18,3250,"dependent"
16,3251,"dependent"
20,3252,"dependent"
24,3253,"dependent"
18,3254,"dependent"
22,3255,"dependent"
20,3256,"dependent"
18,3257,"dependent"
20,3258,"dependent"
18,3259,"dependent"
22,3260,"dependent"
16,3261,"dependent"
16,3262,"dependent"
22,3263,"dependent"
24,3264,"dependent"
22,3265,"dependent"
18,3266,"dependent"
20,3267,"dependent"
18,3268,"dependent"
20,3269,"dependent"
18,3270,"dependent"
24,3271,"dependent"
20,3272,"dependent"
20,3273,"dependent"
20,3274,"dependent"
22,3275,"dependent"
18,3276,"dependent"
24,3277,"dependent"
24,3278,"dependent"
14,3279,"dependent"
20,3280,"dependent"
16,3281,"dependent"
20,3282,"dependent"
18,3283,"dependent"
22,3284,"dependent"
18,3285,"dependent"
20,3286,"dependent"
16,3287,"dependent"
22,3288,"dependent"
16,3289,"dependent"
20,3290,"dependent"
22,3291,"dependent"
18,3292,"dependent"
16,3293,"dependent"
22,3294,"dependent"
24,3295,"dependent"
18,3296,"dependent"
22,3297,"dependent"
18,3298,"dependent"
20,3299,"dependent"
20,3300,"dependent"
16,3301,"dependent"
20,3302,"dependent"
20,3303,"dependent"
14,3304,"dependent"
20,3305,"dependent"
26,3306,"dependent"
20,3307,"dependent"
20,3308,"dependent"
20,3309,"dependent"
18,3310,"dependent"
18,3311,"dependent"
18,3312,"dependent"
16,3313,"dependent"
22,3314,"dependent"
16,3315,"dependent"
16,3316,"dependent"
18,3317,"dependent"
18,3318,"dependent"
16,3319,"dependent"
20,3320,"dependent"
18,3321,"dependent"
16,3322,"dependent"
18,3323,"dependent"
12,3324,"dependent"
16,3325,"dependent"
18,3326,"dependent"
22,3327,"dependent"
16,3328,"dependent"
22,3329,"dependent"
20,3330,"dependent"
20,3331,"dependent"
20,3332,"dependent"
16,3333,"dependent"
20,3334,"dependent"
22,3335,"dependent"
22,3336,"dependent"
18,3337,"dependent"
22,3338,"dependent"
18,3339,"dependent"
16,3340,"dependent"
18,3341,"dependent"
18,3342,"dependent"
20,3343,"dependent"
18,3344,"dependent"
16,3345,"dependent"
20,3346,"dependent"
16,3347,"dependent"
18,3348,"dependent"
18,3349,"dependent"
16,3350,"dependent"
14,3351,"dependent"
16,3352,"dependent"
22,3353,"dependent"
16,3354,"dependent"
16,3355,"dependent"
18,3356,"dependent"
18,3357,"dependent"
24,3358,"dependent"
16,3359,"dependent"
20,3360,"dependent"
24,3361,"dependent"
20,3362,"dependent"
18,3363,"dependent"
18,3364,"dependent"
18,3365,"dependent"
20,3366,"dependent"
22,3367,"dependent"
10,3368,"dependent"
18,3369,"dependent"
20,3370,"dependent"
22,3371,"dependent"
14,3372,"dependent"
18,3373,"dependent"
18,3374,"dependent"
22,3375,"dependent"
18,3376,"dependent"
18,3377,"dependent"
20,3378,"dependent"
18,3379,"dependent"
20,3380,"dependent"
16,3381,"dependent"
20,3382,"dependent"
20,3383,"dependent"
20,3384,"dependent"
14,3385,"dependent"
18,3386,"dependent"
16,3387,"dependent"
16,3388,"dependent"
20,3389,"dependent"
20,3390,"dependent"
16,3391,"dependent"
20,3392,"dependent"
16,3393,"dependent"
18,3394,"dependent"
22,3395,"dependent"
18,3396,"dependent"
18,3397,"dependent"
24,3398,"dependent"
18,3399,"dependent"
18,3400,"dependent"
20,3401,"dependent"
20,3402,"dependent"
20,3403,"dependent"
22,3404,"dependent"
20,3405,"dependent"
22,3406,"dependent"
18,3407,"dependent"
24,3408,"dependent"
20,3409,"dependent"
20,3410,"dependent"
18,3411,"dependent"
20,3412,"dependent"
20,3413,"dependent"
26,3414,"dependent"
14,3415,"dependent"
18,3416,"dependent"
20,3417,"dependent"
18,3418,"dependent"
18,3419,"dependent"
20,3420,"dependent"
18,3421,"dependent"
18,3422,"dependent"
20,3423,"dependent"
18,3424,"dependent"
14,3425,"dependent"
18,3426,"dependent"
18,3427,"dependent"
18,3428,"dependent"
12,3429,"dependent"
18,3430,"dependent"
20,3431,"dependent"
16,3432,"dependent"
14,3433,"dependent"
20,3434,"dependent"
18,3435,"dependent"
22,3436,"dependent"
20,3437,"dependent"
18,3438,"dependent"
14,3439,"dependent"
18,3440,"dependent"
18,3441,"dependent"
22,3442,"dependent"
20,3443,"dependent"
20,3444,"dependent"
18,3445,"dependent"
20,3446,"dependent"
20,3447,"dependent"
16,3448,"dependent"
20,3449,"dependent"
20,3450,"dependent"
18,3451,"dependent"
22,3452,"dependent"
18,3453,"dependent"
20,3454,"dependent"
18,3455,"dependent"
18,3456,"dependent"
22,3457,"dependent"
20,3458,"dependent"
18,3459,"dependent"
20,3460,"dependent"
16,3461,"dependent"
14,3462,"dependent"
20,3463,"dependent"
18,3464,"dependent"
18,3465,"dependent"
20,3466,"dependent"
18,3467,"dependent"
22,3468,"dependent"
22,3469,"dependent"
20,3470,"dependent"
20,3471,"dependent"
24,3472,"dependent"
14,3473,"dependent"
20,3474,"dependent"
18,3475,"dependent"
16,3476,"dependent"
18,3477,"dependent"
22,3478,"dependent"
20,3479,"dependent"
18,3480,"dependent"
20,3481,"dependent"
16,3482,"dependent"
16,3483,"dependent"
22,3484,"dependent"
18,3485,"dependent"
22,3486,"dependent"
16,3487,"dependent"
18,3488,"dependent"
20,3489,"dependent"
18,3490,"dependent"
20,3491,"dependent"
20,3492,"dependent"
22,3493,"dependent"
22,3494,"dependent"
20,3495,"dependent"
16,3496,"dependent"
18,3497,"dependent"
18,3498,"dependent"
18,3499,"dependent"
20,3500,"dependent"
20,3501,"dependent"
22,3502,"dependent"
14,3503,"dependent"
20,3504,"dependent"
22,3505,"dependent"
16,3506,"dependent"
14,3507,"dependent"
20,3508,"dependent"
20,3509,"dependent"
22,3510,"dependent"
20,3511,"dependent"
18,3512,"dependent"
16,3513,"dependent"
12,3514,"dependent"
14,3515,"dependent"
16,3516,"dependent"
22,3517,"dependent"
18,3518,"dependent"
24,3519,"dependent"
18,3520,"dependent"
18,3521,"dependent"
12,3522,"dependent"
20,3523,"dependent"
24,3524,"dependent"
16,3525,"dependent"
22,3526,"dependent"
20,3527,"dependent"
18,3528,"dependent"
24,3529,"dependent"
20,3530,"dependent"
20,3531,"dependent"
24,3532,"dependent"
18,3533,"dependent"
24,3534,"dependent"
18,3535,"dependent"
18,3536,"dependent"
16,3537,"dependent"
20,3538,"dependent"
16,3539,"dependent"
18,3540,"dependent"
18,3541,"dependent"
16,3542,"dependent"
22,3543,"dependent"
18,3544,"dependent"
16,3545,"dependent"
16,3546,"dependent"
22,3547,"dependent"
20,3548,"dependent"
18,3549,"dependent"
18,3550,"dependent"
22,3551,"dependent"
22,3552,"dependent"
16,3553,"dependent"
18,3554,"dependent"
20,3555,"dependent"
18,3556,"dependent"
18,3557,"dependent"
18,3558,"dependent"
20,3559,"dependent"
22,3560,"dependent"
22,3561,"dependent"
16,3562,"dependent"
20,3563,"dependent"
18,3564,"dependent"
22,3565,"dependent"
16,3566,"dependent"
20,3567,"dependent"
22,3568,"dependent"
20,3569,"dependent"
14,3570,"dependent"
20,3571,"dependent"
16,3572,"dependent"
24,3573,"dependent"
18,3574,"dependent"
22,3575,"dependent"
22,3576,"dependent"
14,3577,"dependent"
16,3578,"dependent"
22,3579,"dependent"
24,3580,"dependent"
20,3581,"dependent"
20,3582,"dependent"
22,3583,"dependent"
18,3584,"dependent"
20,3585,"dependent"
18,3586,"dependent"
20,3587,"dependent"
12,3588,"dependent"
16,3589,"dependent"
18,3590,"dependent"
16,3591,"dependent"
20,3592,"dependent"
18,3593,"dependent"
16,3594,"dependent"
18,3595,"dependent"
20,3596,"dependent"
22,3597,"dependent"
18,3598,"dependent"
18,3599,"dependent"
18,3600,"dependent"
16,3601,"dependent"
18,3602,"dependent"
22,3603,"dependent"
20,3604,"dependent"
20,3605,"dependent"
22,3606,"dependent"
16,3607,"dependent"
16,3608,"dependent"
18,3609,"dependent"
20,3610,"dependent"
18,3611,"dependent"
18,3612,"dependent"
18,3613,"dependent"
20,3614,"dependent"
18,3615,"dependent"
20,3616,"dependent"
16,3617,"dependent"
14,3618,"dependent"
18,3619,"dependent"
22,3620,"dependent"
20,3621,"dependent"
20,3622,"dependent"
22,3623,"dependent"
14,3624,"dependent"
18,3625,"dependent"
18,3626,"dependent"
20,3627,"dependent"
16,3628,"dependent"
22,3629,"dependent"
22,3630,"dependent"
18,3631,"dependent"
18,3632,"dependent"
18,3633,"dependent"
20,3634,"dependent"
16,3635,"dependent"
18,3636,"dependent"
18,3637,"dependent"
22,3638,"dependent"
26,3639,"dependent"
18,3640,"dependent"
20,3641,"dependent"
20,3642,"dependent"
16,3643,"dependent"
20,3644,"dependent"
24,3645,"dependent"
20,3646,"dependent"
16,3647,"dependent"
20,3648,"dependent"
18,3649,"dependent"
18,3650,"dependent"
16,3651,"dependent"
14,3652,"dependent"
26,3653,"dependent"
16,3654,"dependent"
18,3655,"dependent"
20,3656,"dependent"
18,3657,"dependent"
20,3658,"dependent"
20,3659,"dependent"
14,3660,"dependent"
16,3661,"dependent"
16,3662,"dependent"
20,3663,"dependent"
20,3664,"dependent"
24,3665,"dependent"
20,3666,"dependent"
18,3667,"dependent"
22,3668,"dependent"
16,3669,"dependent"
22,3670,"dependent"
20,3671,"dependent"
16,3672,"dependent"
18,3673,"dependent"
16,3674,"dependent"
20,3675,"dependent"
16,3676,"dependent"
16,3677,"dependent"
16,3678,"dependent"
22,3679,"dependent"
20,3680,"dependent"
16,3681,"dependent"
20,3682,"dependent"
22,3683,"dependent"
18,3684,"dependent"
20,3685,"dependent"
18,3686,"dependent"
20,3687,"dependent"
14,3688,"dependent"
20,3689,"dependent"
18,3690,"dependent"
20,3691,"dependent"
20,3692,"dependent"
16,3693,"dependent"
18,3694,"dependent"
18,3695,"dependent"
18,3696,"dependent"
24,3697,"dependent"
22,3698,"dependent"
18,3699,"dependent"
18,3700,"dependent"
16,3701,"dependent"
14,3702,"dependent"
20,3703,"dependent"
24,3704,"dependent"
16,3705,"dependent"
14,3706,"dependent"
18,3707,"dependent"
18,3708,"dependent"
20,3709,"dependent"
18,3710,"dependent"
20,3711,"dependent"
22,3712,"dependent"
18,3713,"dependent"
24,3714,"dependent"
18,3715,"dependent"
20,3716,"dependent"
22,3717,"dependent"
18,3718,"dependent"
18,3719,"dependent"
20,3720,"dependent"
12,3721,"dependent"
18,3722,"dependent"
20,3723,"dependent"
18,3724,"dependent"
18,3725,"dependent"
22,3726,"dependent"
24,3727,"dependent"
18,3728,"dependent"
14,3729,"dependent"
22,3730,"dependent"
22,3731,"dependent"
18,3732,"dependent"
22,3733,"dependent"
18,3734,"dependent"
20,3735,"dependent"
20,3736,"dependent"
18,3737,"dependent"
18,3738,"dependent"
22,3739,"dependent"
20,3740,"dependent"
22,3741,"dependent"
18,3742,"dependent"
20,3743,"dependent"
16,3744,"dependent"
16,3745,"dependent"
20,3746,"dependent"
20,3747,"dependent"
14,3748,"dependent"
18,3749,"dependent"
22,3750,"dependent"
22,3751,"dependent"
20,3752,"dependent"
20,3753,"dependent"
18,3754,"dependent"
22,3755,"dependent"
18,3756,"dependent"
22,3757,"dependent"
14,3758,"dependent"
18,3759,"dependent"
20,3760,"dependent"
18,3761,"dependent"
16,3762,"dependent"
22,3763,"dependent"
24,3764,"dependent"
16,3765,"dependent"
22,3766,"dependent"
20,3767,"dependent"
14,3768,"dependent"
14,3769,"dependent"
12,3770,"dependent"
18,3771,"dependent"
18,3772,"dependent"
16,3773,"dependent"
22,3774,"dependent"
16,3775,"dependent"
24,3776,"dependent"
12,3777,"dependent"
22,3778,"dependent"
20,3779,"dependent"
18,3780,"dependent"
18,3781,"dependent"
18,3782,"dependent"
20,3783,"dependent"
18,3784,"dependent"
18,3785,"dependent"
20,3786,"dependent"
16,3787,"dependent"
16,3788,"dependent"
16,3789,"dependent"
20,3790,"dependent"
20,3791,"dependent"
16,3792,"dependent"
20,3793,"dependent"
20,3794,"dependent"
22,3795,"dependent"
18,3796,"dependent"
12,3797,"dependent"
18,3798,"dependent"
20,3799,"dependent"
20,3800,"dependent"
20,3801,"dependent"
22,3802,"dependent"
22,3803,"dependent"
18,3804,"dependent"
18,3805,"dependent"
20,3806,"dependent"
20,3807,"dependent"
20,3808,"dependent"
18,3809,"dependent"
20,3810,"dependent"
20,3811,"dependent"
22,3812,"dependent"
20,3813,"dependent"
18,3814,"dependent"
18,3815,"dependent"
16,3816,"dependent"
14,3817,"dependent"
16,3818,"dependent"
16,3819,"dependent"
18,3820,"dependent"
18,3821,"dependent"
20,3822,"dependent"
18,3823,"dependent"
20,3824,"dependent"
14,3825,"dependent"
14,3826,"dependent"
16,3827,"dependent"
16,3828,"dependent"
20,3829,"dependent"
22,3830,"dependent"
20,3831,"dependent"
18,3832,"dependent"
18,3833,"dependent"
18,3834,"dependent"
18,3835,"dependent"
18,3836,"dependent"
20,3837,"dependent"
18,3838,"dependent"
12,3839,"dependent"
22,3840,"dependent"
18,3841,"dependent"
16,3842,"dependent"
16,3843,"dependent"
20,3844,"dependent"
24,3845,"dependent"
20,3846,"dependent"
16,3847,"dependent"
20,3848,"dependent"
16,3849,"dependent"
16,3850,"dependent"
22,3851,"dependent"
16,3852,"dependent"
18,3853,"dependent"
16,3854,"dependent"
18,3855,"dependent"
16,3856,"dependent"
18,3857,"dependent"
20,3858,"dependent"
16,3859,"dependent"
12,3860,"dependent"
18,3861,"dependent"
20,3862,"dependent"
18,3863,"dependent"
16,3864,"dependent"
18,3865,"dependent"
20,3866,"dependent"
24,3867,"dependent"
24,3868,"dependent"
18,3869,"dependent"
14,3870,"dependent"
20,3871,"dependent"
20,3872,"dependent"
18,3873,"dependent"
16,3874,"dependent"
18,3875,"dependent"
24,3876,"dependent"
16,3877,"dependent"
22,3878,"dependent"
18,3879,"dependent"
16,3880,"dependent"
18,3881,"dependent"
16,3882,"dependent"
20,3883,"dependent"
16,3884,"dependent"
18,3885,"dependent"
18,3886,"dependent"
14,3887,"dependent"
16,3888,"dependent"
20,3889,"dependent"
20,3890,"dependent"
18,3891,"dependent"
18,3892,"dependent"
18,3893,"dependent"
18,3894,"dependent"
20,3895,"dependent"
22,3896,"dependent"
18,3897,"dependent"
22,3898,"dependent"
20,3899,"dependent"
22,3900,"dependent"
16,3901,"dependent"
26,3902,"dependent"
24,3903,"dependent"
18,3904,"dependent"
20,3905,"dependent"
16,3906,"dependent"
16,3907,"dependent"
14,3908,"dependent"
14,3909,"dependent"
20,3910,"dependent"
18,3911,"dependent"
18,3912,"dependent"
16,3913,"dependent"
22,3914,"dependent"
20,3915,"dependent"
20,3916,"dependent"
20,3917,"dependent"
20,3918,"dependent"
18,3919,"dependent"
20,3920,"dependent"
26,3921,"dependent"
22,3922,"dependent"
18,3923,"dependent"
22,3924,"dependent"
18,3925,"dependent"
16,3926,"dependent"
24,3927,"dependent"
16,3928,"dependent"
18,3929,"dependent"
22,3930,"dependent"
16,3931,"dependent"
24,3932,"dependent"
16,3933,"dependent"
20,3934,"dependent"
18,3935,"dependent"
18,3936,"dependent"
18,3937,"dependent"
14,3938,"dependent"
18,3939,"dependent"
18,3940,"dependent"
20,3941,"dependent"
20,3942,"dependent"
22,3943,"dependent"
18,3944,"dependent"
22,3945,"dependent"
16,3946,"dependent"
16,3947,"dependent"
18,3948,"dependent"
20,3949,"dependent"
16,3950,"dependent"
16,3951,"dependent"
24,3952,"dependent"
22,3953,"dependent"
16,3954,"dependent"
18,3955,"dependent"
18,3956,"dependent"
20,3957,"dependent"
20,3958,"dependent"
20,3959,"dependent"
20,3960,"dependent"
22,3961,"dependent"
22,3962,"dependent"
22,3963,"dependent"
20,3964,"dependent"
18,3965,"dependent"
18,3966,"dependent"
18,3967,"dependent"
18,3968,"dependent"
18,3969,"dependent"
20,3970,"dependent"
16,3971,"dependent"
20,3972,"dependent"
20,3973,"dependent"
16,3974,"dependent"
16,3975,"dependent"
20,3976,"dependent"
22,3977,"dependent"
20,3978,"dependent"
16,3979,"dependent"
14,3980,"dependent"
16,3981,"dependent"
20,3982,"dependent"
22,3983,"dependent"
14,3984,"dependent"
18,3985,"dependent"
16,3986,"dependent"
12,3987,"dependent"
20,3988,"dependent"
20,3989,"dependent"
18,3990,"dependent"
20,3991,"dependent"
16,3992,"dependent"
16,3993,"dependent"
18,3994,"dependent"
16,3995,"dependent"
20,3996,"dependent"
20,3997,"dependent"
20,3998,"dependent"
18,3999,"dependent"
16,4000,"dependent"
22,4001,"dependent"
18,4002,"dependent"
20,4003,"dependent"
20,4004,"dependent"
18,4005,"dependent"
18,4006,"dependent"
18,4007,"dependent"
18,4008,"dependent"
14,4009,"dependent"
20,4010,"dependent"
20,4011,"dependent"
16,4012,"dependent"
20,4013,"dependent"
22,4014,"dependent"
20,4015,"dependent"
22,4016,"dependent"
16,4017,"dependent"
18,4018,"dependent"
20,4019,"dependent"
20,4020,"dependent"
20,4021,"dependent"
22,4022,"dependent"
22,4023,"dependent"
18,4024,"dependent"
18,4025,"dependent"
18,4026,"dependent"
20,4027,"dependent"
18,4028,"dependent"
22,4029,"dependent"
18,4030,"dependent"
20,4031,"dependent"
20,4032,"dependent"
18,4033,"dependent"
18,4034,"dependent"
20,4035,"dependent"
18,4036,"dependent"
18,4037,"dependent"
18,4038,"dependent"
22,4039,"dependent"
18,4040,"dependent"
20,4041,"dependent"
16,4042,"dependent"
20,4043,"dependent"
12,4044,"dependent"
18,4045,"dependent"
16,4046,"dependent"
20,4047,"dependent"
18,4048,"dependent"
18,4049,"dependent"
20,4050,"dependent"
20,4051,"dependent"
20,4052,"dependent"
22,4053,"dependent"
18,4054,"dependent"
16,4055,"dependent"
18,4056,"dependent"
20,4057,"dependent"
18,4058,"dependent"
26,4059,"dependent"
18,4060,"dependent"
16,4061,"dependent"
22,4062,"dependent"
22,4063,"dependent"
18,4064,"dependent"
18,4065,"dependent"
20,4066,"dependent"
16,4067,"dependent"
16,4068,"dependent"
18,4069,"dependent"
18,4070,"dependent"
20,4071,"dependent"
20,4072,"dependent"
18,4073,"dependent"
18,4074,"dependent"
18,4075,"dependent"
20,4076,"dependent"
22,4077,"dependent"
16,4078,"dependent"
20,4079,"dependent"
18,4080,"dependent"
14,4081,"dependent"
20,4082,"dependent"
18,4083,"dependent"
20,4084,"dependent"
16,4085,"dependent"
20,4086,"dependent"
20,4087,"dependent"
20,4088,"dependent"
20,4089,"dependent"
20,4090,"dependent"
16,4091,"dependent"
16,4092,"dependent"
20,4093,"dependent"
20,4094,"dependent"
20,4095,"dependent"
16,4096,"dependent"
22,4097,"dependent"
16,4098,"dependent"
18,4099,"dependent"
14,4100,"dependent"
16,4101,"dependent"
20,4102,"dependent"
20,4103,"dependent"
24,4104,"dependent"
18,4105,"dependent"
18,4106,"dependent"
20,4107,"dependent"
22,4108,"dependent"
20,4109,"dependent"
20,4110,"dependent"
16,4111,"dependent"
18,4112,"dependent"
24,4113,"dependent"
14,4114,"dependent"
18,4115,"dependent"
18,4116,"dependent"
22,4117,"dependent"
16,4118,"dependent"
18,4119,"dependent"
20,4120,"dependent"
18,4121,"dependent"
16,4122,"dependent"
16,4123,"dependent"
16,4124,"dependent"
18,4125,"dependent"
20,4126,"dependent"
22,4127,"dependent"
22,4128,"dependent"
16,4129,"dependent"
18,4130,"dependent"
22,4131,"dependent"
18,4132,"dependent"
22,4133,"dependent"
22,4134,"dependent"
20,4135,"dependent"
20,4136,"dependent"
20,4137,"dependent"
22,4138,"dependent"
14,4139,"dependent"
20,4140,"dependent"
18,4141,"dependent"
18,4142,"dependent"
22,4143,"dependent"
20,4144,"dependent"
20,4145,"dependent"
16,4146,"dependent"
18,4147,"dependent"
20,4148,"dependent"
22,4149,"dependent"
18,4150,"dependent"
18,4151,"dependent"
22,4152,"dependent"
22,4153,"dependent"
18,4154,"dependent"
22,4155,"dependent"
20,4156,"dependent"
18,4157,"dependent"
16,4158,"dependent"
18,4159,"dependent"
16,4160,"dependent"
18,4161,"dependent"
18,4162,"dependent"
16,4163,"dependent"
18,4164,"dependent"
20,4165,"dependent"
18,4166,"dependent"
22,4167,"dependent"
22,4168,"dependent"
20,4169,"dependent"
16,4170,"dependent"
18,4171,"dependent"
20,4172,"dependent"
18,4173,"dependent"
18,4174,"dependent"
20,4175,"dependent"
18,4176,"dependent"
18,4177,"dependent"
18,4178,"dependent"
20,4179,"dependent"
16,4180,"dependent"
16,4181,"dependent"
18,4182,"dependent"
20,4183,"dependent"
16,4184,"dependent"
20,4185,"dependent"
22,4186,"dependent"
22,4187,"dependent"
16,4188,"dependent"
18,4189,"dependent"
22,4190,"dependent"
18,4191,"dependent"
22,4192,"dependent"
18,4193,"dependent"
22,4194,"dependent"
18,4195,"dependent"
18,4196,"dependent"
18,4197,"dependent"
20,4198,"dependent"
20,4199,"dependent"
18,4200,"dependent"
20,4201,"dependent"
20,4202,"dependent"
20,4203,"dependent"
18,4204,"dependent"
24,4205,"dependent"
18,4206,"dependent"
22,4207,"dependent"
18,4208,"dependent"
16,4209,"dependent"
18,4210,"dependent"
20,4211,"dependent"
20,4212,"dependent"
20,4213,"dependent"
16,4214,"dependent"
16,4215,"dependent"
20,4216,"dependent"
20,4217,"dependent"
16,4218,"dependent"
18,4219,"dependent"
16,4220,"dependent"
20,4221,"dependent"
18,4222,"dependent"
20,4223,"dependent"
20,4224,"dependent"
22,4225,"dependent"
16,4226,"dependent"
18,4227,"dependent"
24,4228,"dependent"
20,4229,"dependent"
16,4230,"dependent"
18,4231,"dependent"
20,4232,"dependent"
18,4233,"dependent"
18,4234,"dependent"
20,4235,"dependent"
18,4236,"dependent"
16,4237,"dependent"
16,4238,"dependent"
22,4239,"dependent"
14,4240,"dependent"
16,4241,"dependent"
16,4242,"dependent"
18,4243,"dependent"
20,4244,"dependent"
16,4245,"dependent"
24,4246,"dependent"
18,4247,"dependent"
22,4248,"dependent"
20,4249,"dependent"
20,4250,"dependent"
20,4251,"dependent"
16,4252,"dependent"
14,4253,"dependent"
20,4254,"dependent"
20,4255,"dependent"
22,4256,"dependent"
20,4257,"dependent"
18,4258,"dependent"
18,4259,"dependent"
20,4260,"dependent"
16,4261,"dependent"
18,4262,"dependent"
14,4263,"dependent"
18,4264,"dependent"
22,4265,"dependent"
18,4266,"dependent"
20,4267,"dependent"
18,4268,"dependent"
20,4269,"dependent"
16,4270,"dependent"
20,4271,"dependent"
20,4272,"dependent"
24,4273,"dependent"
24,4274,"dependent"
20,4275,"dependent"
20,4276,"dependent"
20,4277,"dependent"
20,4278,"dependent"
18,4279,"dependent"
18,4280,"dependent"
20,4281,"dependent"
22,4282,"dependent"
18,4283,"dependent"
24,4284,"dependent"
22,4285,"dependent"
18,4286,"dependent"
18,4287,"dependent"
14,4288,"dependent"
20,4289,"dependent"
18,4290,"dependent"
22,4291,"dependent"
16,4292,"dependent"
18,4293,"dependent"
22,4294,"dependent"
18,4295,"dependent"
20,4296,"dependent"
18,4297,"dependent"
22,4298,"dependent"
16,4299,"dependent"
20,4300,"dependent"
18,4301,"dependent"
22,4302,"dependent"
16,4303,"dependent"
16,4304,"dependent"
20,4305,"dependent"
16,4306,"dependent"
20,4307,"dependent"
14,4308,"dependent"
20,4309,"dependent"
20,4310,"dependent"
16,4311,"dependent"
18,4312,"dependent"
16,4313,"dependent"
18,4314,"dependent"
18,4315,"dependent"
16,4316,"dependent"
20,4317,"dependent"
18,4318,"dependent"
18,4319,"dependent"
14,4320,"dependent"
24,4321,"dependent"
22,4322,"dependent"
18,4323,"dependent"
16,4324,"dependent"
20,4325,"dependent"
22,4326,"dependent"
18,4327,"dependent"
20,4328,"dependent"
18,4329,"dependent"
20,4330,"dependent"
20,4331,"dependent"
18,4332,"dependent"
20,4333,"dependent"
22,4334,"dependent"
22,4335,"dependent"
20,4336,"dependent"
16,4337,"dependent"
20,4338,"dependent"
22,4339,"dependent"
20,4340,"dependent"
22,4341,"dependent"
22,4342,"dependent"
16,4343,"dependent"
20,4344,"dependent"
22,4345,"dependent"
18,4346,"dependent"
18,4347,"dependent"
18,4348,"dependent"
20,4349,"dependent"
24,4350,"dependent"
18,4351,"dependent"
20,4352,"dependent"
16,4353,"dependent"
18,4354,"dependent"
20,4355,"dependent"
16,4356,"dependent"
18,4357,"dependent"
18,4358,"dependent"
20,4359,"dependent"
18,4360,"dependent"
18,4361,"dependent"
18,4362,"dependent"
22,4363,"dependent"
18,4364,"dependent"
18,4365,"dependent"
22,4366,"dependent"
20,4367,"dependent"
22,4368,"dependent"
20,4369,"dependent"
16,4370,"dependent"
18,4371,"dependent"
22,4372,"dependent"
16,4373,"dependent"
20,4374,"dependent"
16,4375,"dependent"
14,4376,"dependent"
18,4377,"dependent"
24,4378,"dependent"
16,4379,"dependent"
18,4380,"dependent"
20,4381,"dependent"
20,4382,"dependent"
16,4383,"dependent"
20,4384,"dependent"
22,4385,"dependent"
22,4386,"dependent"
18,4387,"dependent"
18,4388,"dependent"
22,4389,"dependent"
18,4390,"dependent"
20,4391,"dependent"
18,4392,"dependent"
18,4393,"dependent"
16,4394,"dependent"
18,4395,"dependent"
14,4396,"dependent"
16,4397,"dependent"
18,4398,"dependent"
20,4399,"dependent"
20,4400,"dependent"
18,4401,"dependent"
18,4402,"dependent"
22,4403,"dependent"
16,4404,"dependent"
20,4405,"dependent"
20,4406,"dependent"
22,4407,"dependent"
16,4408,"dependent"
16,4409,"dependent"
18,4410,"dependent"
18,4411,"dependent"
18,4412,"dependent"
20,4413,"dependent"
22,4414,"dependent"
20,4415,"dependent"
16,4416,"dependent"
24,4417,"dependent"
18,4418,"dependent"
16,4419,"dependent"
18,4420,"dependent"
22,4421,"dependent"
22,4422,"dependent"
22,4423,"dependent"
20,4424,"dependent"
22,4425,"dependent"
16,4426,"dependent"
18,4427,"dependent"
22,4428,"dependent"
22,4429,"dependent"
18,4430,"dependent"
18,4431,"dependent"
18,4432,"dependent"
18,4433,"dependent"
18,4434,"dependent"
16,4435,"dependent"
18,4436,"dependent"
18,4437,"dependent"
18,4438,"dependent"
20,4439,"dependent"
16,4440,"dependent"
16,4441,"dependent"
16,4442,"dependent"
22,4443,"dependent"
20,4444,"dependent"
24,4445,"dependent"
22,4446,"dependent"
18,4447,"dependent"
18,4448,"dependent"
22,4449,"dependent"
20,4450,"dependent"
20,4451,"dependent"
18,4452,"dependent"
18,4453,"dependent"
16,4454,"dependent"
18,4455,"dependent"
18,4456,"dependent"
16,4457,"dependent"
22,4458,"dependent"
18,4459,"dependent"
18,4460,"dependent"
20,4461,"dependent"
14,4462,"dependent"
20,4463,"dependent"
16,4464,"dependent"
22,4465,"dependent"
18,4466,"dependent"
20,4467,"dependent"
18,4468,"dependent"
18,4469,"dependent"
18,4470,"dependent"
16,4471,"dependent"
14,4472,"dependent"
18,4473,"dependent"
16,4474,"dependent"
16,4475,"dependent"
14,4476,"dependent"
18,4477,"dependent"
18,4478,"dependent"
16,4479,"dependent"
18,4480,"dependent"
16,4481,"dependent"
20,4482,"dependent"
18,4483,"dependent"
24,4484,"dependent"
20,4485,"dependent"
22,4486,"dependent"
22,4487,"dependent"
18,4488,"dependent"
20,4489,"dependent"
22,4490,"dependent"
18,4491,"dependent"
16,4492,"dependent"
22,4493,"dependent"
18,4494,"dependent"
22,4495,"dependent"
18,4496,"dependent"
20,4497,"dependent"
18,4498,"dependent"
16,4499,"dependent"
18,4500,"dependent"
18,4501,"dependent"
16,4502,"dependent"
18,4503,"dependent"
22,4504,"dependent"
20,4505,"dependent"
22,4506,"dependent"
20,4507,"dependent"
18,4508,"dependent"
14,4509,"dependent"
22,4510,"dependent"
18,4511,"dependent"
20,4512,"dependent"
18,4513,"dependent"
18,4514,"dependent"
20,4515,"dependent"
16,4516,"dependent"
20,4517,"dependent"
16,4518,"dependent"
20,4519,"dependent"
14,4520,"dependent"
18,4521,"dependent"
20,4522,"dependent"
18,4523,"dependent"
18,4524,"dependent"
18,4525,"dependent"
20,4526,"dependent"
18,4527,"dependent"
22,4528,"dependent"
22,4529,"dependent"
20,4530,"dependent"
20,4531,"dependent"
18,4532,"dependent"
20,4533,"dependent"
20,4534,"dependent"
16,4535,"dependent"
18,4536,"dependent"
18,4537,"dependent"
22,4538,"dependent"
20,4539,"dependent"
20,4540,"dependent"
20,4541,"dependent"
18,4542,"dependent"
20,4543,"dependent"
20,4544,"dependent"
18,4545,"dependent"
18,4546,"dependent"
20,4547,"dependent"
16,4548,"dependent"
20,4549,"dependent"
24,4550,"dependent"
18,4551,"dependent"
14,4552,"dependent"
20,4553,"dependent"
20,4554,"dependent"
16,4555,"dependent"
20,4556,"dependent"
18,4557,"dependent"
18,4558,"dependent"
18,4559,"dependent"
16,4560,"dependent"
18,4561,"dependent"
22,4562,"dependent"
18,4563,"dependent"
18,4564,"dependent"
22,4565,"dependent"
18,4566,"dependent"
12,4567,"dependent"
24,4568,"dependent"
22,4569,"dependent"
22,4570,"dependent"
16,4571,"dependent"
18,4572,"dependent"
18,4573,"dependent"
22,4574,"dependent"
18,4575,"dependent"
22,4576,"dependent"
16,4577,"dependent"
18,4578,"dependent"
20,4579,"dependent"
20,4580,"dependent"
18,4581,"dependent"
20,4582,"dependent"
22,4583,"dependent"
22,4584,"dependent"
20,4585,"dependent"
14,4586,"dependent"
22,4587,"dependent"
20,4588,"dependent"
24,4589,"dependent"
20,4590,"dependent"
16,4591,"dependent"
20,4592,"dependent"
22,4593,"dependent"
16,4594,"dependent"
18,4595,"dependent"
18,4596,"dependent"
20,4597,"dependent"
16,4598,"dependent"
16,4599,"dependent"
16,4600,"dependent"
22,4601,"dependent"
16,4602,"dependent"
20,4603,"dependent"
18,4604,"dependent"
16,4605,"dependent"
22,4606,"dependent"
20,4607,"dependent"
18,4608,"dependent"
22,4609,"dependent"
22,4610,"dependent"
20,4611,"dependent"
18,4612,"dependent"
18,4613,"dependent"
16,4614,"dependent"
22,4615,"dependent"
22,4616,"dependent"
18,4617,"dependent"
18,4618,"dependent"
20,4619,"dependent"
20,4620,"dependent"
20,4621,"dependent"
16,4622,"dependent"
20,4623,"dependent"
18,4624,"dependent"
20,4625,"dependent"
22,4626,"dependent"
18,4627,"dependent"
20,4628,"dependent"
14,4629,"dependent"
18,4630,"dependent"
14,4631,"dependent"
16,4632,"dependent"
20,4633,"dependent"
16,4634,"dependent"
20,4635,"dependent"
20,4636,"dependent"
22,4637,"dependent"
22,4638,"dependent"
22,4639,"dependent"
14,4640,"dependent"
20,4641,"dependent"
22,4642,"dependent"
22,4643,"dependent"
20,4644,"dependent"
18,4645,"dependent"
14,4646,"dependent"
18,4647,"dependent"
22,4648,"dependent"
18,4649,"dependent"
18,4650,"dependent"
18,4651,"dependent"
22,4652,"dependent"
22,4653,"dependent"
16,4654,"dependent"
14,4655,"dependent"
18,4656,"dependent"
14,4657,"dependent"
20,4658,"dependent"
24,4659,"dependent"
22,4660,"dependent"
20,4661,"dependent"
20,4662,"dependent"
24,4663,"dependent"
22,4664,"dependent"
18,4665,"dependent"
18,4666,"dependent"
18,4667,"dependent"
22,4668,"dependent"
22,4669,"dependent"
16,4670,"dependent"
16,4671,"dependent"
16,4672,"dependent"
18,4673,"dependent"
16,4674,"dependent"
18,4675,"dependent"
18,4676,"dependent"
14,4677,"dependent"
22,4678,"dependent"
20,4679,"dependent"
24,4680,"dependent"
22,4681,"dependent"
18,4682,"dependent"
18,4683,"dependent"
18,4684,"dependent"
14,4685,"dependent"
22,4686,"dependent"
22,4687,"dependent"
18,4688,"dependent"
16,4689,"dependent"
20,4690,"dependent"
18,4691,"dependent"
20,4692,"dependent"
18,4693,"dependent"
20,4694,"dependent"
18,4695,"dependent"
18,4696,"dependent"
18,4697,"dependent"
22,4698,"dependent"
20,4699,"dependent"
18,4700,"dependent"
18,4701,"dependent"
16,4702,"dependent"
16,4703,"dependent"
16,4704,"dependent"
18,4705,"dependent"
18,4706,"dependent"
22,4707,"dependent"
18,4708,"dependent"
16,4709,"dependent"
16,4710,"dependent"
16,4711,"dependent"
18,4712,"dependent"
18,4713,"dependent"
22,4714,"dependent"
14,4715,"dependent"
18,4716,"dependent"
18,4717,"dependent"
18,4718,"dependent"
22,4719,"dependent"
16,4720,"dependent"
20,4721,"dependent"
20,4722,"dependent"
18,4723,"dependent"
22,4724,"dependent"
18,4725,"dependent"
18,4726,"dependent"
22,4727,"dependent"
20,4728,"dependent"
16,4729,"dependent"
20,4730,"dependent"
18,4731,"dependent"
22,4732,"dependent"
18,4733,"dependent"
18,4734,"dependent"
20,4735,"dependent"
20,4736,"dependent"
18,4737,"dependent"
20,4738,"dependent"
22,4739,"dependent"
20,4740,"dependent"
18,4741,"dependent"
22,4742,"dependent"
18,4743,"dependent"
20,4744,"dependent"
18,4745,"dependent"
16,4746,"dependent"
18,4747,"dependent"
14,4748,"dependent"
20,4749,"dependent"
20,4750,"dependent"
16,4751,"dependent"
18,4752,"dependent"
22,4753,"dependent"
22,4754,"dependent"
26,4755,"dependent"
22,4756,"dependent"
18,4757,"dependent"
22,4758,"dependent"
28,4759,"dependent"
22,4760,"dependent"
16,4761,"dependent"
18,4762,"dependent"
20,4763,"dependent"
16,4764,"dependent"
16,4765,"dependent"
16,4766,"dependent"
20,4767,"dependent"
22,4768,"dependent"
20,4769,"dependent"
20,4770,"dependent"
24,4771,"dependent"
18,4772,"dependent"
18,4773,"dependent"
24,4774,"dependent"
20,4775,"dependent"
22,4776,"dependent"
20,4777,"dependent"
18,4778,"dependent"
18,4779,"dependent"
18,4780,"dependent"
22,4781,"dependent"
18,4782,"dependent"
20,4783,"dependent"
18,4784,"dependent"
22,4785,"dependent"
20,4786,"dependent"
16,4787,"dependent"
22,4788,"dependent"
24,4789,"dependent"
16,4790,"dependent"
18,4791,"dependent"
20,4792,"dependent"
18,4793,"dependent"
16,4794,"dependent"
16,4795,"dependent"
18,4796,"dependent"
16,4797,"dependent"
18,4798,"dependent"
18,4799,"dependent"
18,4800,"dependent"
16,4801,"dependent"
22,4802,"dependent"
22,4803,"dependent"
22,4804,"dependent"
16,4805,"dependent"
22,4806,"dependent"
20,4807,"dependent"
16,4808,"dependent"
16,4809,"dependent"
18,4810,"dependent"
20,4811,"dependent"
20,4812,"dependent"
18,4813,"dependent"
20,4814,"dependent"
16,4815,"dependent"
18,4816,"dependent"
22,4817,"dependent"
20,4818,"dependent"
20,4819,"dependent"
22,4820,"dependent"
22,4821,"dependent"
16,4822,"dependent"
20,4823,"dependent"
18,4824,"dependent"
20,4825,"dependent"
16,4826,"dependent"
20,4827,"dependent"
18,4828,"dependent"
16,4829,"dependent"
20,4830,"dependent"
18,4831,"dependent"
16,4832,"dependent"
20,4833,"dependent"
22,4834,"dependent"
16,4835,"dependent"
18,4836,"dependent"
18,4837,"dependent"
24,4838,"dependent"
24,4839,"dependent"
22,4840,"dependent"
22,4841,"dependent"
18,4842,"dependent"
18,4843,"dependent"
22,4844,"dependent"
20,4845,"dependent"
20,4846,"dependent"
18,4847,"dependent"
22,4848,"dependent"
18,4849,"dependent"
16,4850,"dependent"
18,4851,"dependent"
16,4852,"dependent"
18,4853,"dependent"
20,4854,"dependent"
18,4855,"dependent"
20,4856,"dependent"
20,4857,"dependent"
20,4858,"dependent"
18,4859,"dependent"
22,4860,"dependent"
16,4861,"dependent"
16,4862,"dependent"
24,4863,"dependent"
16,4864,"dependent"
20,4865,"dependent"
14,4866,"dependent"
14,4867,"dependent"
22,4868,"dependent"
22,4869,"dependent"
14,4870,"dependent"
18,4871,"dependent"
18,4872,"dependent"
22,4873,"dependent"
22,4874,"dependent"
16,4875,"dependent"
20,4876,"dependent"
18,4877,"dependent"
12,4878,"dependent"
20,4879,"dependent"
20,4880,"dependent"
20,4881,"dependent"
18,4882,"dependent"
22,4883,"dependent"
20,4884,"dependent"
18,4885,"dependent"
16,4886,"dependent"
18,4887,"dependent"
20,4888,"dependent"
16,4889,"dependent"
20,4890,"dependent"
14,4891,"dependent"
22,4892,"dependent"
20,4893,"dependent"
20,4894,"dependent"
20,4895,"dependent"
16,4896,"dependent"
20,4897,"dependent"
18,4898,"dependent"
20,4899,"dependent"
18,4900,"dependent"
20,4901,"dependent"
20,4902,"dependent"
20,4903,"dependent"
18,4904,"dependent"
14,4905,"dependent"
20,4906,"dependent"
22,4907,"dependent"
18,4908,"dependent"
20,4909,"dependent"
22,4910,"dependent"
20,4911,"dependent"
18,4912,"dependent"
20,4913,"dependent"
16,4914,"dependent"
18,4915,"dependent"
20,4916,"dependent"
16,4917,"dependent"
20,4918,"dependent"
20,4919,"dependent"
18,4920,"dependent"
18,4921,"dependent"
18,4922,"dependent"
18,4923,"dependent"
18,4924,"dependent"
16,4925,"dependent"
18,4926,"dependent"
18,4927,"dependent"
20,4928,"dependent"
20,4929,"dependent"
26,4930,"dependent"
20,4931,"dependent"
18,4932,"dependent"
18,4933,"dependent"
22,4934,"dependent"
22,4935,"dependent"
18,4936,"dependent"
18,4937,"dependent"
16,4938,"dependent"
18,4939,"dependent"
12,4940,"dependent"
18,4941,"dependent"
18,4942,"dependent"
22,4943,"dependent"
22,4944,"dependent"
14,4945,"dependent"
16,4946,"dependent"
14,4947,"dependent"
20,4948,"dependent"
16,4949,"dependent"
22,4950,"dependent"
20,4951,"dependent"
18,4952,"dependent"
18,4953,"dependent"
18,4954,"dependent"
16,4955,"dependent"
22,4956,"dependent"
20,4957,"dependent"
18,4958,"dependent"
22,4959,"dependent"
16,4960,"dependent"
16,4961,"dependent"
18,4962,"dependent"
16,4963,"dependent"
26,4964,"dependent"
14,4965,"dependent"
16,4966,"dependent"
20,4967,"dependent"
18,4968,"dependent"
22,4969,"dependent"
20,4970,"dependent"
18,4971,"dependent"
20,4972,"dependent"
20,4973,"dependent"
16,4974,"dependent"
16,4975,"dependent"
18,4976,"dependent"
20,4977,"dependent"
16,4978,"dependent"
16,4979,"dependent"
22,4980,"dependent"
22,4981,"dependent"
18,4982,"dependent"
22,4983,"dependent"
16,4984,"dependent"
16,4985,"dependent"
18,4986,"dependent"
18,4987,"dependent"
20,4988,"dependent"
18,4989,"dependent"
20,4990,"dependent"
16,4991,"dependent"
18,4992,"dependent"
22,4993,"dependent"
18,4994,"dependent"
22,4995,"dependent"
22,4996,"dependent"
22,4997,"dependent"
24,4998,"dependent"
18,4999,"dependent"
20,5000,"dependent"
22,5001,"dependent"
22,5002,"dependent"
16,5003,"dependent"
18,5004,"dependent"
20,5005,"dependent"
16,5006,"dependent"
16,5007,"dependent"
20,5008,"dependent"
16,5009,"dependent"
18,5010,"dependent"
22,5011,"dependent"
18,5012,"dependent"
22,5013,"dependent"
24,5014,"dependent"
20,5015,"dependent"
18,5016,"dependent"
16,5017,"dependent"
18,5018,"dependent"
24,5019,"dependent"
18,5020,"dependent"
22,5021,"dependent"
16,5022,"dependent"
20,5023,"dependent"
20,5024,"dependent"
16,5025,"dependent"
16,5026,"dependent"
20,5027,"dependent"
16,5028,"dependent"
20,5029,"dependent"
18,5030,"dependent"
22,5031,"dependent"
18,5032,"dependent"
18,5033,"dependent"
20,5034,"dependent"
20,5035,"dependent"
16,5036,"dependent"
20,5037,"dependent"
18,5038,"dependent"
20,5039,"dependent"
18,5040,"dependent"
14,5041,"dependent"
18,5042,"dependent"
20,5043,"dependent"
20,5044,"dependent"
16,5045,"dependent"
20,5046,"dependent"
18,5047,"dependent"
18,5048,"dependent"
20,5049,"dependent"
14,5050,"dependent"
16,5051,"dependent"
24,5052,"dependent"
20,5053,"dependent"
20,5054,"dependent"
20,5055,"dependent"
18,5056,"dependent"
24,5057,"dependent"
20,5058,"dependent"
18,5059,"dependent"
20,5060,"dependent"
18,5061,"dependent"
18,5062,"dependent"
18,5063,"dependent"
20,5064,"dependent"
18,5065,"dependent"
20,5066,"dependent"
18,5067,"dependent"
14,5068,"dependent"
22,5069,"dependent"
18,5070,"dependent"
18,5071,"dependent"
20,5072,"dependent"
14,5073,"dependent"
20,5074,"dependent"
20,5075,"dependent"
16,5076,"dependent"
20,5077,"dependent"
18,5078,"dependent"
20,5079,"dependent"
24,5080,"dependent"
20,5081,"dependent"
16,5082,"dependent"
20,5083,"dependent"
16,5084,"dependent"
20,5085,"dependent"
20,5086,"dependent"
18,5087,"dependent"
16,5088,"dependent"
18,5089,"dependent"
16,5090,"dependent"
22,5091,"dependent"
16,5092,"dependent"
20,5093,"dependent"
20,5094,"dependent"
22,5095,"dependent"
16,5096,"dependent"
20,5097,"dependent"
18,5098,"dependent"
20,5099,"dependent"
22,5100,"dependent"
18,5101,"dependent"
16,5102,"dependent"
20,5103,"dependent"
20,5104,"dependent"
16,5105,"dependent"
16,5106,"dependent"
14,5107,"dependent"
16,5108,"dependent"
20,5109,"dependent"
16,5110,"dependent"
22,5111,"dependent"
22,5112,"dependent"
22,5113,"dependent"
22,5114,"dependent"
16,5115,"dependent"
20,5116,"dependent"
18,5117,"dependent"
20,5118,"dependent"
18,5119,"dependent"
18,5120,"dependent"
14,5121,"dependent"
20,5122,"dependent"
16,5123,"dependent"
14,5124,"dependent"
20,5125,"dependent"
18,5126,"dependent"
20,5127,"dependent"
20,5128,"dependent"
16,5129,"dependent"
20,5130,"dependent"
20,5131,"dependent"
18,5132,"dependent"
14,5133,"dependent"
14,5134,"dependent"
20,5135,"dependent"
20,5136,"dependent"
20,5137,"dependent"
14,5138,"dependent"
18,5139,"dependent"
18,5140,"dependent"
12,5141,"dependent"
20,5142,"dependent"
14,5143,"dependent"
16,5144,"dependent"
18,5145,"dependent"
16,5146,"dependent"
18,5147,"dependent"
18,5148,"dependent"
16,5149,"dependent"
20,5150,"dependent"
20,5151,"dependent"
22,5152,"dependent"
18,5153,"dependent"
16,5154,"dependent"
18,5155,"dependent"
22,5156,"dependent"
20,5157,"dependent"
22,5158,"dependent"
16,5159,"dependent"
20,5160,"dependent"
22,5161,"dependent"
16,5162,"dependent"
20,5163,"dependent"
22,5164,"dependent"
18,5165,"dependent"
20,5166,"dependent"
16,5167,"dependent"
12,5168,"dependent"
22,5169,"dependent"
18,5170,"dependent"
18,5171,"dependent"
22,5172,"dependent"
22,5173,"dependent"
20,5174,"dependent"
22,5175,"dependent"
18,5176,"dependent"
18,5177,"dependent"
20,5178,"dependent"
22,5179,"dependent"
18,5180,"dependent"
18,5181,"dependent"
22,5182,"dependent"
20,5183,"dependent"
20,5184,"dependent"
20,5185,"dependent"
14,5186,"dependent"
20,5187,"dependent"
20,5188,"dependent"
18,5189,"dependent"
18,5190,"dependent"
16,5191,"dependent"
20,5192,"dependent"
16,5193,"dependent"
16,5194,"dependent"
20,5195,"dependent"
16,5196,"dependent"
14,5197,"dependent"
18,5198,"dependent"
20,5199,"dependent"
16,5200,"dependent"
20,5201,"dependent"
14,5202,"dependent"
14,5203,"dependent"
22,5204,"dependent"
18,5205,"dependent"
20,5206,"dependent"
20,5207,"dependent"
18,5208,"dependent"
16,5209,"dependent"
20,5210,"dependent"
18,5211,"dependent"
20,5212,"dependent"
18,5213,"dependent"
22,5214,"dependent"
18,5215,"dependent"
18,5216,"dependent"
20,5217,"dependent"
20,5218,"dependent"
18,5219,"dependent"
16,5220,"dependent"
20,5221,"dependent"
18,5222,"dependent"
22,5223,"dependent"
20,5224,"dependent"
20,5225,"dependent"
20,5226,"dependent"
20,5227,"dependent"
20,5228,"dependent"
22,5229,"dependent"
18,5230,"dependent"
22,5231,"dependent"
20,5232,"dependent"
20,5233,"dependent"
18,5234,"dependent"
18,5235,"dependent"
18,5236,"dependent"
16,5237,"dependent"
22,5238,"dependent"
18,5239,"dependent"
22,5240,"dependent"
16,5241,"dependent"
26,5242,"dependent"
20,5243,"dependent"
22,5244,"dependent"
20,5245,"dependent"
20,5246,"dependent"
20,5247,"dependent"
22,5248,"dependent"
18,5249,"dependent"
18,5250,"dependent"
18,5251,"dependent"
18,5252,"dependent"
18,5253,"dependent"
20,5254,"dependent"
18,5255,"dependent"
18,5256,"dependent"
18,5257,"dependent"
22,5258,"dependent"
18,5259,"dependent"
20,5260,"dependent"
22,5261,"dependent"
12,5262,"dependent"
16,5263,"dependent"
18,5264,"dependent"
20,5265,"dependent"
20,5266,"dependent"
16,5267,"dependent"
18,5268,"dependent"
20,5269,"dependent"
22,5270,"dependent"
20,5271,"dependent"
18,5272,"dependent"
22,5273,"dependent"
16,5274,"dependent"
20,5275,"dependent"
20,5276,"dependent"
20,5277,"dependent"
16,5278,"dependent"
22,5279,"dependent"
22,5280,"dependent"
18,5281,"dependent"
20,5282,"dependent"
18,5283,"dependent"
18,5284,"dependent"
16,5285,"dependent"
18,5286,"dependent"
18,5287,"dependent"
22,5288,"dependent"
16,5289,"dependent"
16,5290,"dependent"
14,5291,"dependent"
14,5292,"dependent"
20,5293,"dependent"
18,5294,"dependent"
18,5295,"dependent"
20,5296,"dependent"
18,5297,"dependent"
24,5298,"dependent"
22,5299,"dependent"
20,5300,"dependent"
18,5301,"dependent"
20,5302,"dependent"
18,5303,"dependent"
22,5304,"dependent"
24,5305,"dependent"
22,5306,"dependent"
20,5307,"dependent"
18,5308,"dependent"
22,5309,"dependent"
20,5310,"dependent"
20,5311,"dependent"
20,5312,"dependent"
20,5313,"dependent"
18,5314,"dependent"
16,5315,"dependent"
16,5316,"dependent"
22,5317,"dependent"
18,5318,"dependent"
16,5319,"dependent"
16,5320,"dependent"
16,5321,"dependent"
18,5322,"dependent"
20,5323,"dependent"
20,5324,"dependent"
24,5325,"dependent"
22,5326,"dependent"
22,5327,"dependent"
20,5328,"dependent"
24,5329,"dependent"
16,5330,"dependent"
18,5331,"dependent"
16,5332,"dependent"
20,5333,"dependent"
16,5334,"dependent"
16,5335,"dependent"
20,5336,"dependent"
16,5337,"dependent"
14,5338,"dependent"
20,5339,"dependent"
20,5340,"dependent"
22,5341,"dependent"
20,5342,"dependent"
20,5343,"dependent"
18,5344,"dependent"
16,5345,"dependent"
18,5346,"dependent"
16,5347,"dependent"
20,5348,"dependent"
16,5349,"dependent"
20,5350,"dependent"
18,5351,"dependent"
22,5352,"dependent"
14,5353,"dependent"
20,5354,"dependent"
16,5355,"dependent"
16,5356,"dependent"
20,5357,"dependent"
18,5358,"dependent"
18,5359,"dependent"
22,5360,"dependent"
20,5361,"dependent"
20,5362,"dependent"
18,5363,"dependent"
22,5364,"dependent"
18,5365,"dependent"
22,5366,"dependent"
22,5367,"dependent"
20,5368,"dependent"
18,5369,"dependent"
18,5370,"dependent"
14,5371,"dependent"
20,5372,"dependent"
24,5373,"dependent"
16,5374,"dependent"
16,5375,"dependent"
18,5376,"dependent"
20,5377,"dependent"
20,5378,"dependent"
18,5379,"dependent"
14,5380,"dependent"
20,5381,"dependent"
16,5382,"dependent"
16,5383,"dependent"
18,5384,"dependent"
20,5385,"dependent"
20,5386,"dependent"
16,5387,"dependent"
18,5388,"dependent"
18,5389,"dependent"
16,5390,"dependent"
22,5391,"dependent"
14,5392,"dependent"
14,5393,"dependent"
18,5394,"dependent"
20,5395,"dependent"
22,5396,"dependent"
20,5397,"dependent"
16,5398,"dependent"
18,5399,"dependent"
20,5400,"dependent"
26,5401,"dependent"
18,5402,"dependent"
22,5403,"dependent"
20,5404,"dependent"
14,5405,"dependent"
16,5406,"dependent"
20,5407,"dependent"
22,5408,"dependent"
18,5409,"dependent"
18,5410,"dependent"
20,5411,"dependent"
20,5412,"dependent"
18,5413,"dependent"
14,5414,"dependent"
20,5415,"dependent"
22,5416,"dependent"
20,5417,"dependent"
20,5418,"dependent"
16,5419,"dependent"
18,5420,"dependent"
14,5421,"dependent"
16,5422,"dependent"
20,5423,"dependent"
18,5424,"dependent"
18,5425,"dependent"
22,5426,"dependent"
20,5427,"dependent"
18,5428,"dependent"
22,5429,"dependent"
18,5430,"dependent"
22,5431,"dependent"
18,5432,"dependent"
16,5433,"dependent"
20,5434,"dependent"
18,5435,"dependent"
20,5436,"dependent"
20,5437,"dependent"
18,5438,"dependent"
18,5439,"dependent"
22,5440,"dependent"
14,5441,"dependent"
22,5442,"dependent"
16,5443,"dependent"
18,5444,"dependent"
20,5445,"dependent"
18,5446,"dependent"
18,5447,"dependent"
18,5448,"dependent"
14,5449,"dependent"
22,5450,"dependent"
18,5451,"dependent"
22,5452,"dependent"
20,5453,"dependent"
20,5454,"dependent"
22,5455,"dependent"
22,5456,"dependent"
18,5457,"dependent"
22,5458,"dependent"
16,5459,"dependent"
18,5460,"dependent"
20,5461,"dependent"
18,5462,"dependent"
20,5463,"dependent"
22,5464,"dependent"
16,5465,"dependent"
14,5466,"dependent"
16,5467,"dependent"
22,5468,"dependent"
18,5469,"dependent"
18,5470,"dependent"
18,5471,"dependent"
14,5472,"dependent"
18,5473,"dependent"
20,5474,"dependent"
20,5475,"dependent"
16,5476,"dependent"
18,5477,"dependent"
16,5478,"dependent"
18,5479,"dependent"
24,5480,"dependent"
20,5481,"dependent"
16,5482,"dependent"
22,5483,"dependent"
22,5484,"dependent"
20,5485,"dependent"
18,5486,"dependent"
20,5487,"dependent"
22,5488,"dependent"
16,5489,"dependent"
24,5490,"dependent"
20,5491,"dependent"
16,5492,"dependent"
14,5493,"dependent"
20,5494,"dependent"
20,5495,"dependent"
26,5496,"dependent"
16,5497,"dependent"
18,5498,"dependent"
18,5499,"dependent"
20,5500,"dependent"
24,5501,"dependent"
22,5502,"dependent"
18,5503,"dependent"
20,5504,"dependent"
18,5505,"dependent"
24,5506,"dependent"
16,5507,"dependent"
20,5508,"dependent"
18,5509,"dependent"
22,5510,"dependent"
18,5511,"dependent"
18,5512,"dependent"
14,5513,"dependent"
20,5514,"dependent"
22,5515,"dependent"
18,5516,"dependent"
24,5517,"dependent"
16,5518,"dependent"
24,5519,"dependent"
22,5520,"dependent"
16,5521,"dependent"
20,5522,"dependent"
18,5523,"dependent"
22,5524,"dependent"
20,5525,"dependent"
14,5526,"dependent"
18,5527,"dependent"
16,5528,"dependent"
22,5529,"dependent"
22,5530,"dependent"
22,5531,"dependent"
18,5532,"dependent"
16,5533,"dependent"
20,5534,"dependent"
18,5535,"dependent"
24,5536,"dependent"
20,5537,"dependent"
20,5538,"dependent"
22,5539,"dependent"
20,5540,"dependent"
18,5541,"dependent"
20,5542,"dependent"
18,5543,"dependent"
18,5544,"dependent"
20,5545,"dependent"
18,5546,"dependent"
18,5547,"dependent"
16,5548,"dependent"
16,5549,"dependent"
18,5550,"dependent"
16,5551,"dependent"
26,5552,"dependent"
20,5553,"dependent"
22,5554,"dependent"
20,5555,"dependent"
20,5556,"dependent"
16,5557,"dependent"
20,5558,"dependent"
20,5559,"dependent"
18,5560,"dependent"
20,5561,"dependent"
22,5562,"dependent"
18,5563,"dependent"
18,5564,"dependent"
20,5565,"dependent"
18,5566,"dependent"
18,5567,"dependent"
22,5568,"dependent"
18,5569,"dependent"
18,5570,"dependent"
18,5571,"dependent"
22,5572,"dependent"
18,5573,"dependent"
20,5574,"dependent"
20,5575,"dependent"
22,5576,"dependent"
20,5577,"dependent"
24,5578,"dependent"
16,5579,"dependent"
18,5580,"dependent"
18,5581,"dependent"
18,5582,"dependent"
22,5583,"dependent"
18,5584,"dependent"
20,5585,"dependent"
20,5586,"dependent"
20,5587,"dependent"
18,5588,"dependent"
18,5589,"dependent"
18,5590,"dependent"
16,5591,"dependent"
18,5592,"dependent"
18,5593,"dependent"
20,5594,"dependent"
20,5595,"dependent"
22,5596,"dependent"
18,5597,"dependent"
18,5598,"dependent"
22,5599,"dependent"
20,5600,"dependent"
18,5601,"dependent"
18,5602,"dependent"
22,5603,"dependent"
18,5604,"dependent"
20,5605,"dependent"
18,5606,"dependent"
20,5607,"dependent"
20,5608,"dependent"
20,5609,"dependent"
18,5610,"dependent"
20,5611,"dependent"
20,5612,"dependent"
20,5613,"dependent"
18,5614,"dependent"
18,5615,"dependent"
14,5616,"dependent"
18,5617,"dependent"
18,5618,"dependent"
22,5619,"dependent"
20,5620,"dependent"
18,5621,"dependent"
18,5622,"dependent"
22,5623,"dependent"
20,5624,"dependent"
22,5625,"dependent"
20,5626,"dependent"
24,5627,"dependent"
18,5628,"dependent"
22,5629,"dependent"
16,5630,"dependent"
20,5631,"dependent"
16,5632,"dependent"
20,5633,"dependent"
18,5634,"dependent"
20,5635,"dependent"
18,5636,"dependent"
16,5637,"dependent"
16,5638,"dependent"
18,5639,"dependent"
18,5640,"dependent"
16,5641,"dependent"
18,5642,"dependent"
20,5643,"dependent"
16,5644,"dependent"
18,5645,"dependent"
22,5646,"dependent"
16,5647,"dependent"
18,5648,"dependent"
16,5649,"dependent"
18,5650,"dependent"
20,5651,"dependent"
20,5652,"dependent"
20,5653,"dependent"
18,5654,"dependent"
18,5655,"dependent"
18,5656,"dependent"
18,5657,"dependent"
20,5658,"dependent"
22,5659,"dependent"
18,5660,"dependent"
20,5661,"dependent"
24,5662,"dependent"
22,5663,"dependent"
18,5664,"dependent"
20,5665,"dependent"
18,5666,"dependent"
22,5667,"dependent"
18,5668,"dependent"
18,5669,"dependent"
18,5670,"dependent"
18,5671,"dependent"
20,5672,"dependent"
20,5673,"dependent"
22,5674,"dependent"
22,5675,"dependent"
22,5676,"dependent"
18,5677,"dependent"
22,5678,"dependent"
18,5679,"dependent"
20,5680,"dependent"
22,5681,"dependent"
18,5682,"dependent"
20,5683,"dependent"
16,5684,"dependent"
16,5685,"dependent"
20,5686,"dependent"
14,5687,"dependent"
22,5688,"dependent"
18,5689,"dependent"
20,5690,"dependent"
20,5691,"dependent"
24,5692,"dependent"
18,5693,"dependent"
24,5694,"dependent"
14,5695,"dependent"
14,5696,"dependent"
22,5697,"dependent"
18,5698,"dependent"
16,5699,"dependent"
20,5700,"dependent"
18,5701,"dependent"
16,5702,"dependent"
14,5703,"dependent"
22,5704,"dependent"
20,5705,"dependent"
14,5706,"dependent"
16,5707,"dependent"
18,5708,"dependent"
18,5709,"dependent"
20,5710,"dependent"
16,5711,"dependent"
22,5712,"dependent"
18,5713,"dependent"
18,5714,"dependent"
22,5715,"dependent"
20,5716,"dependent"
20,5717,"dependent"
18,5718,"dependent"
20,5719,"dependent"
20,5720,"dependent"
18,5721,"dependent"
18,5722,"dependent"
14,5723,"dependent"
20,5724,"dependent"
16,5725,"dependent"
20,5726,"dependent"
20,5727,"dependent"
20,5728,"dependent"
20,5729,"dependent"
20,5730,"dependent"
16,5731,"dependent"
20,5732,"dependent"
18,5733,"dependent"
20,5734,"dependent"
16,5735,"dependent"
20,5736,"dependent"
14,5737,"dependent"
18,5738,"dependent"
12,5739,"dependent"
20,5740,"dependent"
18,5741,"dependent"
20,5742,"dependent"
12,5743,"dependent"
20,5744,"dependent"
22,5745,"dependent"
18,5746,"dependent"
18,5747,"dependent"
20,5748,"dependent"
16,5749,"dependent"
18,5750,"dependent"
18,5751,"dependent"
18,5752,"dependent"
20,5753,"dependent"
20,5754,"dependent"
20,5755,"dependent"
20,5756,"dependent"
14,5757,"dependent"
20,5758,"dependent"
16,5759,"dependent"
18,5760,"dependent"
22,5761,"dependent"
18,5762,"dependent"
24,5763,"dependent"
22,5764,"dependent"
20,5765,"dependent"
14,5766,"dependent"
26,5767,"dependent"
20,5768,"dependent"
18,5769,"dependent"
22,5770,"dependent"
20,5771,"dependent"
22,5772,"dependent"
14,5773,"dependent"
18,5774,"dependent"
20,5775,"dependent"
20,5776,"dependent"
20,5777,"dependent"
22,5778,"dependent"
18,5779,"dependent"
16,5780,"dependent"
22,5781,"dependent"
22,5782,"dependent"
18,5783,"dependent"
16,5784,"dependent"
18,5785,"dependent"
14,5786,"dependent"
22,5787,"dependent"
22,5788,"dependent"
18,5789,"dependent"
18,5790,"dependent"
18,5791,"dependent"
18,5792,"dependent"
20,5793,"dependent"
22,5794,"dependent"
24,5795,"dependent"
18,5796,"dependent"
20,5797,"dependent"
20,5798,"dependent"
20,5799,"dependent"
20,5800,"dependent"
16,5801,"dependent"
18,5802,"dependent"
22,5803,"dependent"
22,5804,"dependent"
20,5805,"dependent"
20,5806,"dependent"
20,5807,"dependent"
20,5808,"dependent"
16,5809,"dependent"
20,5810,"dependent"
20,5811,"dependent"
16,5812,"dependent"
24,5813,"dependent"
20,5814,"dependent"
18,5815,"dependent"
20,5816,"dependent"
24,5817,"dependent"
14,5818,"dependent"
20,5819,"dependent"
18,5820,"dependent"
16,5821,"dependent"
18,5822,"dependent"
20,5823,"dependent"
18,5824,"dependent"
16,5825,"dependent"
24,5826,"dependent"
20,5827,"dependent"
22,5828,"dependent"
18,5829,"dependent"
18,5830,"dependent"
22,5831,"dependent"
24,5832,"dependent"
16,5833,"dependent"
20,5834,"dependent"
20,5835,"dependent"
22,5836,"dependent"
20,5837,"dependent"
20,5838,"dependent"
16,5839,"dependent"
20,5840,"dependent"
24,5841,"dependent"
20,5842,"dependent"
20,5843,"dependent"
20,5844,"dependent"
20,5845,"dependent"
16,5846,"dependent"
16,5847,"dependent"
22,5848,"dependent"
20,5849,"dependent"
20,5850,"dependent"
18,5851,"dependent"
18,5852,"dependent"
22,5853,"dependent"
20,5854,"dependent"
18,5855,"dependent"
22,5856,"dependent"
18,5857,"dependent"
20,5858,"dependent"
24,5859,"dependent"
22,5860,"dependent"
20,5861,"dependent"
20,5862,"dependent"
18,5863,"dependent"
24,5864,"dependent"
24,5865,"dependent"
22,5866,"dependent"
18,5867,"dependent"
18,5868,"dependent"
20,5869,"dependent"
18,5870,"dependent"
18,5871,"dependent"
16,5872,"dependent"
20,5873,"dependent"
18,5874,"dependent"
20,5875,"dependent"
18,5876,"dependent"
20,5877,"dependent"
18,5878,"dependent"
22,5879,"dependent"
18,5880,"dependent"
26,5881,"dependent"
22,5882,"dependent"
22,5883,"dependent"
22,5884,"dependent"
24,5885,"dependent"
22,5886,"dependent"
20,5887,"dependent"
18,5888,"dependent"
22,5889,"dependent"
16,5890,"dependent"
22,5891,"dependent"
22,5892,"dependent"
18,5893,"dependent"
20,5894,"dependent"
16,5895,"dependent"
18,5896,"dependent"
20,5897,"dependent"
22,5898,"dependent"
18,5899,"dependent"
22,5900,"dependent"
20,5901,"dependent"
20,5902,"dependent"
18,5903,"dependent"
24,5904,"dependent"
18,5905,"dependent"
20,5906,"dependent"
16,5907,"dependent"
16,5908,"dependent"
20,5909,"dependent"
18,5910,"dependent"
24,5911,"dependent"
16,5912,"dependent"
18,5913,"dependent"
22,5914,"dependent"
18,5915,"dependent"
18,5916,"dependent"
20,5917,"dependent"
12,5918,"dependent"
18,5919,"dependent"
16,5920,"dependent"
16,5921,"dependent"
24,5922,"dependent"
18,5923,"dependent"
20,5924,"dependent"
18,5925,"dependent"
18,5926,"dependent"
16,5927,"dependent"
18,5928,"dependent"
16,5929,"dependent"
20,5930,"dependent"
20,5931,"dependent"
18,5932,"dependent"
24,5933,"dependent"
18,5934,"dependent"
16,5935,"dependent"
24,5936,"dependent"
16,5937,"dependent"
16,5938,"dependent"
22,5939,"dependent"
20,5940,"dependent"
20,5941,"dependent"
20,5942,"dependent"
16,5943,"dependent"
18,5944,"dependent"
18,5945,"dependent"
16,5946,"dependent"
22,5947,"dependent"
20,5948,"dependent"
20,5949,"dependent"
18,5950,"dependent"
20,5951,"dependent"
18,5952,"dependent"
18,5953,"dependent"
18,5954,"dependent"
16,5955,"dependent"
20,5956,"dependent"
16,5957,"dependent"
22,5958,"dependent"
12,5959,"dependent"
18,5960,"dependent"
18,5961,"dependent"
14,5962,"dependent"
18,5963,"dependent"
18,5964,"dependent"
18,5965,"dependent"
20,5966,"dependent"
22,5967,"dependent"
22,5968,"dependent"
24,5969,"dependent"
20,5970,"dependent"
20,5971,"dependent"
22,5972,"dependent"
22,5973,"dependent"
20,5974,"dependent"
14,5975,"dependent"
20,5976,"dependent"
14,5977,"dependent"
16,5978,"dependent"
22,5979,"dependent"
18,5980,"dependent"
20,5981,"dependent"
20,5982,"dependent"
18,5983,"dependent"
20,5984,"dependent"
22,5985,"dependent"
20,5986,"dependent"
20,5987,"dependent"
16,5988,"dependent"
22,5989,"dependent"
20,5990,"dependent"
20,5991,"dependent"
18,5992,"dependent"
18,5993,"dependent"
16,5994,"dependent"
14,5995,"dependent"
18,5996,"dependent"
18,5997,"dependent"
20,5998,"dependent"
20,5999,"dependent"
24,6000,"dependent"
22,6001,"dependent"
22,6002,"dependent"
18,6003,"dependent"
18,6004,"dependent"
20,6005,"dependent"
22,6006,"dependent"
22,6007,"dependent"
16,6008,"dependent"
20,6009,"dependent"
20,6010,"dependent"
20,6011,"dependent"
20,6012,"dependent"
18,6013,"dependent"
22,6014,"dependent"
20,6015,"dependent"
14,6016,"dependent"
20,6017,"dependent"
18,6018,"dependent"
18,6019,"dependent"
18,6020,"dependent"
22,6021,"dependent"
20,6022,"dependent"
24,6023,"dependent"
24,6024,"dependent"
22,6025,"dependent"
20,6026,"dependent"
20,6027,"dependent"
20,6028,"dependent"
16,6029,"dependent"
20,6030,"dependent"
20,6031,"dependent"
16,6032,"dependent"
18,6033,"dependent"
24,6034,"dependent"
20,6035,"dependent"
22,6036,"dependent"
16,6037,"dependent"
16,6038,"dependent"
22,6039,"dependent"
20,6040,"dependent"
20,6041,"dependent"
20,6042,"dependent"
20,6043,"dependent"
20,6044,"dependent"
14,6045,"dependent"
18,6046,"dependent"
18,6047,"dependent"
18,6048,"dependent"
16,6049,"dependent"
20,6050,"dependent"
18,6051,"dependent"
16,6052,"dependent"
20,6053,"dependent"
20,6054,"dependent"
18,6055,"dependent"
16,6056,"dependent"
22,6057,"dependent"
18,6058,"dependent"
18,6059,"dependent"
22,6060,"dependent"
22,6061,"dependent"
20,6062,"dependent"
18,6063,"dependent"
22,6064,"dependent"
22,6065,"dependent"
20,6066,"dependent"
16,6067,"dependent"
18,6068,"dependent"
22,6069,"dependent"
20,6070,"dependent"
20,6071,"dependent"
18,6072,"dependent"
22,6073,"dependent"
22,6074,"dependent"
20,6075,"dependent"
18,6076,"dependent"
20,6077,"dependent"
18,6078,"dependent"
18,6079,"dependent"
18,6080,"dependent"
22,6081,"dependent"
18,6082,"dependent"
18,6083,"dependent"
16,6084,"dependent"
18,6085,"dependent"
18,6086,"dependent"
16,6087,"dependent"
20,6088,"dependent"
16,6089,"dependent"
24,6090,"dependent"
20,6091,"dependent"
18,6092,"dependent"
26,6093,"dependent"
16,6094,"dependent"
16,6095,"dependent"
16,6096,"dependent"
18,6097,"dependent"
14,6098,"dependent"
18,6099,"dependent"
14,6100,"dependent"
18,6101,"dependent"
18,6102,"dependent"
18,6103,"dependent"
18,6104,"dependent"
18,6105,"dependent"
18,6106,"dependent"
18,6107,"dependent"
20,6108,"dependent"
20,6109,"dependent"
18,6110,"dependent"
18,6111,"dependent"
20,6112,"dependent"
14,6113,"dependent"
20,6114,"dependent"
20,6115,"dependent"
24,6116,"dependent"
18,6117,"dependent"
18,6118,"dependent"
18,6119,"dependent"
18,6120,"dependent"
20,6121,"dependent"
12,6122,"dependent"
16,6123,"dependent"
20,6124,"dependent"
22,6125,"dependent"
22,6126,"dependent"
22,6127,"dependent"
18,6128,"dependent"
24,6129,"dependent"
22,6130,"dependent"
20,6131,"dependent"
18,6132,"dependent"
20,6133,"dependent"
16,6134,"dependent"
22,6135,"dependent"
20,6136,"dependent"
24,6137,"dependent"
12,6138,"dependent"
22,6139,"dependent"
20,6140,"dependent"
22,6141,"dependent"
16,6142,"dependent"
22,6143,"dependent"
16,6144,"dependent"
16,6145,"dependent"
18,6146,"dependent"
16,6147,"dependent"
24,6148,"dependent"
22,6149,"dependent"
16,6150,"dependent"
22,6151,"dependent"
16,6152,"dependent"
20,6153,"dependent"
22,6154,"dependent"
20,6155,"dependent"
18,6156,"dependent"
20,6157,"dependent"
14,6158,"dependent"
22,6159,"dependent"
16,6160,"dependent"
16,6161,"dependent"
18,6162,"dependent"
18,6163,"dependent"
20,6164,"dependent"
22,6165,"dependent"
20,6166,"dependent"
22,6167,"dependent"
20,6168,"dependent"
18,6169,"dependent"
24,6170,"dependent"
22,6171,"dependent"
20,6172,"dependent"
18,6173,"dependent"
20,6174,"dependent"
20,6175,"dependent"
18,6176,"dependent"
20,6177,"dependent"
20,6178,"dependent"
20,6179,"dependent"
20,6180,"dependent"
18,6181,"dependent"
20,6182,"dependent"
18,6183,"dependent"
16,6184,"dependent"
24,6185,"dependent"
22,6186,"dependent"
22,6187,"dependent"
18,6188,"dependent"
26,6189,"dependent"
20,6190,"dependent"
18,6191,"dependent"
16,6192,"dependent"
18,6193,"dependent"
18,6194,"dependent"
14,6195,"dependent"
20,6196,"dependent"
18,6197,"dependent"
18,6198,"dependent"
16,6199,"dependent"
18,6200,"dependent"
16,6201,"dependent"
20,6202,"dependent"
18,6203,"dependent"
14,6204,"dependent"
20,6205,"dependent"
22,6206,"dependent"
18,6207,"dependent"
22,6208,"dependent"
20,6209,"dependent"
20,6210,"dependent"
22,6211,"dependent"
16,6212,"dependent"
20,6213,"dependent"
20,6214,"dependent"
16,6215,"dependent"
18,6216,"dependent"
18,6217,"dependent"
22,6218,"dependent"
18,6219,"dependent"
20,6220,"dependent"
16,6221,"dependent"
20,6222,"dependent"
16,6223,"dependent"
16,6224,"dependent"
20,6225,"dependent"
20,6226,"dependent"
18,6227,"dependent"
18,6228,"dependent"
18,6229,"dependent"
22,6230,"dependent"
18,6231,"dependent"
18,6232,"dependent"
22,6233,"dependent"
18,6234,"dependent"
18,6235,"dependent"
20,6236,"dependent"
14,6237,"dependent"
14,6238,"dependent"
18,6239,"dependent"
20,6240,"dependent"
20,6241,"dependent"
20,6242,"dependent"
18,6243,"dependent"
18,6244,"dependent"
20,6245,"dependent"
18,6246,"dependent"
22,6247,"dependent"
18,6248,"dependent"
16,6249,"dependent"
18,6250,"dependent"
18,6251,"dependent"
20,6252,"dependent"
18,6253,"dependent"
16,6254,"dependent"
20,6255,"dependent"
16,6256,"dependent"
16,6257,"dependent"
18,6258,"dependent"
20,6259,"dependent"
20,6260,"dependent"
22,6261,"dependent"
18,6262,"dependent"
16,6263,"dependent"
16,6264,"dependent"
22,6265,"dependent"
20,6266,"dependent"
20,6267,"dependent"
18,6268,"dependent"
20,6269,"dependent"
18,6270,"dependent"
16,6271,"dependent"
16,6272,"dependent"
22,6273,"dependent"
20,6274,"dependent"
18,6275,"dependent"
20,6276,"dependent"
16,6277,"dependent"
22,6278,"dependent"
18,6279,"dependent"
20,6280,"dependent"
14,6281,"dependent"
22,6282,"dependent"
20,6283,"dependent"
16,6284,"dependent"
24,6285,"dependent"
18,6286,"dependent"
16,6287,"dependent"
18,6288,"dependent"
20,6289,"dependent"
16,6290,"dependent"
18,6291,"dependent"
20,6292,"dependent"
20,6293,"dependent"
18,6294,"dependent"
18,6295,"dependent"
22,6296,"dependent"
20,6297,"dependent"
20,6298,"dependent"
22,6299,"dependent"
20,6300,"dependent"
22,6301,"dependent"
20,6302,"dependent"
22,6303,"dependent"
26,6304,"dependent"
18,6305,"dependent"
16,6306,"dependent"
20,6307,"dependent"
18,6308,"dependent"
18,6309,"dependent"
18,6310,"dependent"
18,6311,"dependent"
16,6312,"dependent"
20,6313,"dependent"
20,6314,"dependent"
22,6315,"dependent"
18,6316,"dependent"
18,6317,"dependent"
18,6318,"dependent"
18,6319,"dependent"
18,6320,"dependent"
20,6321,"dependent"
14,6322,"dependent"
22,6323,"dependent"
16,6324,"dependent"
20,6325,"dependent"
20,6326,"dependent"
24,6327,"dependent"
18,6328,"dependent"
18,6329,"dependent"
22,6330,"dependent"
22,6331,"dependent"
22,6332,"dependent"
20,6333,"dependent"
22,6334,"dependent"
20,6335,"dependent"
20,6336,"dependent"
16,6337,"dependent"
20,6338,"dependent"
16,6339,"dependent"
22,6340,"dependent"
22,6341,"dependent"
22,6342,"dependent"
22,6343,"dependent"
14,6344,"dependent"
22,6345,"dependent"
16,6346,"dependent"
18,6347,"dependent"
18,6348,"dependent"
22,6349,"dependent"
22,6350,"dependent"
20,6351,"dependent"
24,6352,"dependent"
20,6353,"dependent"
18,6354,"dependent"
22,6355,"dependent"
20,6356,"dependent"
20,6357,"dependent"
18,6358,"dependent"
18,6359,"dependent"
22,6360,"dependent"
18,6361,"dependent"
18,6362,"dependent"
24,6363,"dependent"
18,6364,"dependent"
14,6365,"dependent"
18,6366,"dependent"
18,6367,"dependent"
18,6368,"dependent"
22,6369,"dependent"
20,6370,"dependent"
18,6371,"dependent"
20,6372,"dependent"
18,6373,"dependent"
20,6374,"dependent"
22,6375,"dependent"
22,6376,"dependent"
18,6377,"dependent"
20,6378,"dependent"
22,6379,"dependent"
14,6380,"dependent"
20,6381,"dependent"
16,6382,"dependent"
20,6383,"dependent"
22,6384,"dependent"
20,6385,"dependent"
22,6386,"dependent"
20,6387,"dependent"
16,6388,"dependent"
20,6389,"dependent"
14,6390,"dependent"
16,6391,"dependent"
18,6392,"dependent"
20,6393,"dependent"
24,6394,"dependent"
18,6395,"dependent"
18,6396,"dependent"
18,6397,"dependent"
18,6398,"dependent"
18,6399,"dependent"
16,6400,"dependent"
16,6401,"dependent"
22,6402,"dependent"
18,6403,"dependent"
14,6404,"dependent"
20,6405,"dependent"
22,6406,"dependent"
22,6407,"dependent"
18,6408,"dependent"
26,6409,"dependent"
20,6410,"dependent"
20,6411,"dependent"
16,6412,"dependent"
22,6413,"dependent"
16,6414,"dependent"
22,6415,"dependent"
20,6416,"dependent"
20,6417,"dependent"
20,6418,"dependent"
20,6419,"dependent"
18,6420,"dependent"
20,6421,"dependent"
16,6422,"dependent"
20,6423,"dependent"
20,6424,"dependent"
18,6425,"dependent"
22,6426,"dependent"
22,6427,"dependent"
22,6428,"dependent"
14,6429,"dependent"
16,6430,"dependent"
20,6431,"dependent"
20,6432,"dependent"
20,6433,"dependent"
20,6434,"dependent"
20,6435,"dependent"
10,6436,"dependent"
20,6437,"dependent"
20,6438,"dependent"
16,6439,"dependent"
22,6440,"dependent"
22,6441,"dependent"
16,6442,"dependent"
16,6443,"dependent"
16,6444,"dependent"
18,6445,"dependent"
16,6446,"dependent"
22,6447,"dependent"
18,6448,"dependent"
16,6449,"dependent"
18,6450,"dependent"
16,6451,"dependent"
22,6452,"dependent"
16,6453,"dependent"
22,6454,"dependent"
20,6455,"dependent"
20,6456,"dependent"
22,6457,"dependent"
18,6458,"dependent"
20,6459,"dependent"
20,6460,"dependent"
20,6461,"dependent"
22,6462,"dependent"
18,6463,"dependent"
18,6464,"dependent"
20,6465,"dependent"
20,6466,"dependent"
22,6467,"dependent"
18,6468,"dependent"
18,6469,"dependent"
20,6470,"dependent"
16,6471,"dependent"
14,6472,"dependent"
16,6473,"dependent"
18,6474,"dependent"
22,6475,"dependent"
12,6476,"dependent"
18,6477,"dependent"
14,6478,"dependent"
16,6479,"dependent"
22,6480,"dependent"
16,6481,"dependent"
20,6482,"dependent"
18,6483,"dependent"
24,6484,"dependent"
16,6485,"dependent"
22,6486,"dependent"
22,6487,"dependent"
20,6488,"dependent"
20,6489,"dependent"
22,6490,"dependent"
24,6491,"dependent"
24,6492,"dependent"
18,6493,"dependent"
22,6494,"dependent"
24,6495,"dependent"
22,6496,"dependent"
22,6497,"dependent"
18,6498,"dependent"
18,6499,"dependent"
16,6500,"dependent"
20,6501,"dependent"
18,6502,"dependent"
18,6503,"dependent"
20,6504,"dependent"
20,6505,"dependent"
22,6506,"dependent"
16,6507,"dependent"
22,6508,"dependent"
20,6509,"dependent"
22,6510,"dependent"
18,6511,"dependent"
16,6512,"dependent"
18,6513,"dependent"
16,6514,"dependent"
16,6515,"dependent"
16,6516,"dependent"
24,6517,"dependent"
20,6518,"dependent"
14,6519,"dependent"
18,6520,"dependent"
22,6521,"dependent"
22,6522,"dependent"
16,6523,"dependent"
18,6524,"dependent"
18,6525,"dependent"
16,6526,"dependent"
14,6527,"dependent"
16,6528,"dependent"
18,6529,"dependent"
20,6530,"dependent"
22,6531,"dependent"
20,6532,"dependent"
16,6533,"dependent"
20,6534,"dependent"
16,6535,"dependent"
20,6536,"dependent"
20,6537,"dependent"
18,6538,"dependent"
22,6539,"dependent"
20,6540,"dependent"
20,6541,"dependent"
16,6542,"dependent"
20,6543,"dependent"
24,6544,"dependent"
16,6545,"dependent"
16,6546,"dependent"
20,6547,"dependent"
16,6548,"dependent"
20,6549,"dependent"
16,6550,"dependent"
20,6551,"dependent"
18,6552,"dependent"
18,6553,"dependent"
20,6554,"dependent"
22,6555,"dependent"
20,6556,"dependent"
20,6557,"dependent"
20,6558,"dependent"
22,6559,"dependent"
20,6560,"dependent"
20,6561,"dependent"
18,6562,"dependent"
20,6563,"dependent"
22,6564,"dependent"
20,6565,"dependent"
16,6566,"dependent"
14,6567,"dependent"
24,6568,"dependent"
16,6569,"dependent"
16,6570,"dependent"
22,6571,"dependent"
18,6572,"dependent"
20,6573,"dependent"
22,6574,"dependent"
18,6575,"dependent"
16,6576,"dependent"
18,6577,"dependent"
22,6578,"dependent"
16,6579,"dependent"
22,6580,"dependent"
14,6581,"dependent"
22,6582,"dependent"
16,6583,"dependent"
24,6584,"dependent"
18,6585,"dependent"
22,6586,"dependent"
16,6587,"dependent"
18,6588,"dependent"
22,6589,"dependent"
18,6590,"dependent"
20,6591,"dependent"
20,6592,"dependent"
18,6593,"dependent"
14,6594,"dependent"
14,6595,"dependent"
24,6596,"dependent"
22,6597,"dependent"
16,6598,"dependent"
20,6599,"dependent"
22,6600,"dependent"
22,6601,"dependent"
16,6602,"dependent"
18,6603,"dependent"
18,6604,"dependent"
22,6605,"dependent"
16,6606,"dependent"
18,6607,"dependent"
16,6608,"dependent"
18,6609,"dependent"
16,6610,"dependent"
20,6611,"dependent"
18,6612,"dependent"
22,6613,"dependent"
20,6614,"dependent"
22,6615,"dependent"
18,6616,"dependent"
20,6617,"dependent"
18,6618,"dependent"
22,6619,"dependent"
16,6620,"dependent"
16,6621,"dependent"
16,6622,"dependent"
18,6623,"dependent"
18,6624,"dependent"
16,6625,"dependent"
22,6626,"dependent"
20,6627,"dependent"
24,6628,"dependent"
18,6629,"dependent"
20,6630,"dependent"
18,6631,"dependent"
16,6632,"dependent"
20,6633,"dependent"
20,6634,"dependent"
20,6635,"dependent"
18,6636,"dependent"
16,6637,"dependent"
20,6638,"dependent"
20,6639,"dependent"
20,6640,"dependent"
16,6641,"dependent"
20,6642,"dependent"
18,6643,"dependent"
20,6644,"dependent"
18,6645,"dependent"
20,6646,"dependent"
22,6647,"dependent"
20,6648,"dependent"
18,6649,"dependent"
22,6650,"dependent"
26,6651,"dependent"
18,6652,"dependent"
18,6653,"dependent"
22,6654,"dependent"
16,6655,"dependent"
20,6656,"dependent"
22,6657,"dependent"
22,6658,"dependent"
14,6659,"dependent"
18,6660,"dependent"
20,6661,"dependent"
22,6662,"dependent"
20,6663,"dependent"
24,6664,"dependent"
20,6665,"dependent"
18,6666,"dependent"
20,6667,"dependent"
20,6668,"dependent"
18,6669,"dependent"
18,6670,"dependent"
20,6671,"dependent"
18,6672,"dependent"
18,6673,"dependent"
20,6674,"dependent"
16,6675,"dependent"
16,6676,"dependent"
16,6677,"dependent"
18,6678,"dependent"
20,6679,"dependent"
18,6680,"dependent"
20,6681,"dependent"
16,6682,"dependent"
26,6683,"dependent"
20,6684,"dependent"
18,6685,"dependent"
14,6686,"dependent"
20,6687,"dependent"
18,6688,"dependent"
16,6689,"dependent"
22,6690,"dependent"
18,6691,"dependent"
20,6692,"dependent"
14,6693,"dependent"
18,6694,"dependent"
20,6695,"dependent"
20,6696,"dependent"
22,6697,"dependent"
16,6698,"dependent"
20,6699,"dependent"
22,6700,"dependent"
16,6701,"dependent"
18,6702,"dependent"
22,6703,"dependent"
20,6704,"dependent"
22,6705,"dependent"
22,6706,"dependent"
22,6707,"dependent"
18,6708,"dependent"
22,6709,"dependent"
18,6710,"dependent"
20,6711,"dependent"
22,6712,"dependent"
16,6713,"dependent"
20,6714,"dependent"
18,6715,"dependent"
20,6716,"dependent"
18,6717,"dependent"
20,6718,"dependent"
16,6719,"dependent"
24,6720,"dependent"
20,6721,"dependent"
16,6722,"dependent"
18,6723,"dependent"
20,6724,"dependent"
18,6725,"dependent"
22,6726,"dependent"
22,6727,"dependent"
20,6728,"dependent"
22,6729,"dependent"
22,6730,"dependent"
20,6731,"dependent"
18,6732,"dependent"
16,6733,"dependent"
20,6734,"dependent"
20,6735,"dependent"
20,6736,"dependent"
16,6737,"dependent"
18,6738,"dependent"
18,6739,"dependent"
20,6740,"dependent"
18,6741,"dependent"
18,6742,"dependent"
22,6743,"dependent"
18,6744,"dependent"
20,6745,"dependent"
20,6746,"dependent"
22,6747,"dependent"
16,6748,"dependent"
16,6749,"dependent"
16,6750,"dependent"
20,6751,"dependent"
20,6752,"dependent"
20,6753,"dependent"
12,6754,"dependent"
18,6755,"dependent"
14,6756,"dependent"
16,6757,"dependent"
18,6758,"dependent"
18,6759,"dependent"
16,6760,"dependent"
20,6761,"dependent"
18,6762,"dependent"
20,6763,"dependent"
18,6764,"dependent"
20,6765,"dependent"
22,6766,"dependent"
24,6767,"dependent"
18,6768,"dependent"
24,6769,"dependent"
18,6770,"dependent"
18,6771,"dependent"
18,6772,"dependent"
18,6773,"dependent"
20,6774,"dependent"
22,6775,"dependent"
16,6776,"dependent"
14,6777,"dependent"
18,6778,"dependent"
22,6779,"dependent"
20,6780,"dependent"
16,6781,"dependent"
20,6782,"dependent"
20,6783,"dependent"
18,6784,"dependent"
18,6785,"dependent"
16,6786,"dependent"
16,6787,"dependent"
18,6788,"dependent"
22,6789,"dependent"
24,6790,"dependent"
18,6791,"dependent"
20,6792,"dependent"
22,6793,"dependent"
20,6794,"dependent"
20,6795,"dependent"
12,6796,"dependent"
20,6797,"dependent"
18,6798,"dependent"
22,6799,"dependent"
22,6800,"dependent"
18,6801,"dependent"
20,6802,"dependent"
16,6803,"dependent"
18,6804,"dependent"
24,6805,"dependent"
18,6806,"dependent"
18,6807,"dependent"
16,6808,"dependent"
22,6809,"dependent"
18,6810,"dependent"
16,6811,"dependent"
18,6812,"dependent"
20,6813,"dependent"
16,6814,"dependent"
20,6815,"dependent"
22,6816,"dependent"
20,6817,"dependent"
18,6818,"dependent"
20,6819,"dependent"
24,6820,"dependent"
20,6821,"dependent"
18,6822,"dependent"
18,6823,"dependent"
22,6824,"dependent"
18,6825,"dependent"
18,6826,"dependent"
20,6827,"dependent"
16,6828,"dependent"
18,6829,"dependent"
24,6830,"dependent"
22,6831,"dependent"
16,6832,"dependent"
20,6833,"dependent"
20,6834,"dependent"
14,6835,"dependent"
20,6836,"dependent"
20,6837,"dependent"
20,6838,"dependent"
16,6839,"dependent"
16,6840,"dependent"
18,6841,"dependent"
16,6842,"dependent"
18,6843,"dependent"
16,6844,"dependent"
20,6845,"dependent"
20,6846,"dependent"
18,6847,"dependent"
20,6848,"dependent"
20,6849,"dependent"
20,6850,"dependent"
20,6851,"dependent"
22,6852,"dependent"
20,6853,"dependent"
18,6854,"dependent"
20,6855,"dependent"
20,6856,"dependent"
18,6857,"dependent"
20,6858,"dependent"
20,6859,"dependent"
18,6860,"dependent"
18,6861,"dependent"
22,6862,"dependent"
18,6863,"dependent"
22,6864,"dependent"
18,6865,"dependent"
22,6866,"dependent"
18,6867,"dependent"
18,6868,"dependent"
20,6869,"dependent"
16,6870,"dependent"
16,6871,"dependent"
16,6872,"dependent"
22,6873,"dependent"
18,6874,"dependent"
26,6875,"dependent"
20,6876,"dependent"
20,6877,"dependent"
22,6878,"dependent"
20,6879,"dependent"
22,6880,"dependent"
18,6881,"dependent"
16,6882,"dependent"
20,6883,"dependent"
24,6884,"dependent"
20,6885,"dependent"
20,6886,"dependent"
20,6887,"dependent"
18,6888,"dependent"
18,6889,"dependent"
14,6890,"dependent"
18,6891,"dependent"
20,6892,"dependent"
18,6893,"dependent"
18,6894,"dependent"
16,6895,"dependent"
20,6896,"dependent"
22,6897,"dependent"
20,6898,"dependent"
20,6899,"dependent"
18,6900,"dependent"
20,6901,"dependent"
22,6902,"dependent"
22,6903,"dependent"
16,6904,"dependent"
14,6905,"dependent"
20,6906,"dependent"
22,6907,"dependent"
20,6908,"dependent"
20,6909,"dependent"
16,6910,"dependent"
18,6911,"dependent"
20,6912,"dependent"
24,6913,"dependent"
22,6914,"dependent"
18,6915,"dependent"
18,6916,"dependent"
22,6917,"dependent"
18,6918,"dependent"
16,6919,"dependent"
24,6920,"dependent"
18,6921,"dependent"
20,6922,"dependent"
18,6923,"dependent"
18,6924,"dependent"
22,6925,"dependent"
20,6926,"dependent"
22,6927,"dependent"
20,6928,"dependent"
22,6929,"dependent"
20,6930,"dependent"
20,6931,"dependent"
18,6932,"dependent"
20,6933,"dependent"
18,6934,"dependent"
18,6935,"dependent"
22,6936,"dependent"
18,6937,"dependent"
22,6938,"dependent"
20,6939,"dependent"
18,6940,"dependent"
14,6941,"dependent"
22,6942,"dependent"
18,6943,"dependent"
20,6944,"dependent"
18,6945,"dependent"
14,6946,"dependent"
18,6947,"dependent"
18,6948,"dependent"
20,6949,"dependent"
18,6950,"dependent"
20,6951,"dependent"
20,6952,"dependent"
16,6953,"dependent"
22,6954,"dependent"
18,6955,"dependent"
22,6956,"dependent"
18,6957,"dependent"
16,6958,"dependent"
20,6959,"dependent"
18,6960,"dependent"
24,6961,"dependent"
18,6962,"dependent"
20,6963,"dependent"
20,6964,"dependent"
14,6965,"dependent"
18,6966,"dependent"
22,6967,"dependent"
16,6968,"dependent"
16,6969,"dependent"
22,6970,"dependent"
20,6971,"dependent"
20,6972,"dependent"
20,6973,"dependent"
20,6974,"dependent"
18,6975,"dependent"
16,6976,"dependent"
22,6977,"dependent"
22,6978,"dependent"
18,6979,"dependent"
16,6980,"dependent"
22,6981,"dependent"
14,6982,"dependent"
16,6983,"dependent"
20,6984,"dependent"
20,6985,"dependent"
20,6986,"dependent"
18,6987,"dependent"
20,6988,"dependent"
16,6989,"dependent"
18,6990,"dependent"
20,6991,"dependent"
18,6992,"dependent"
22,6993,"dependent"
20,6994,"dependent"
22,6995,"dependent"
20,6996,"dependent"
22,6997,"dependent"
18,6998,"dependent"
18,6999,"dependent"
22,7000,"dependent"
18,7001,"dependent"
24,7002,"dependent"
20,7003,"dependent"
22,7004,"dependent"
18,7005,"dependent"
20,7006,"dependent"
18,7007,"dependent"
16,7008,"dependent"
18,7009,"dependent"
22,7010,"dependent"
20,7011,"dependent"
20,7012,"dependent"
18,7013,"dependent"
22,7014,"dependent"
16,7015,"dependent"
22,7016,"dependent"
16,7017,"dependent"
20,7018,"dependent"
22,7019,"dependent"
18,7020,"dependent"
22,7021,"dependent"
20,7022,"dependent"
22,7023,"dependent"
20,7024,"dependent"
16,7025,"dependent"
22,7026,"dependent"
20,7027,"dependent"
18,7028,"dependent"
20,7029,"dependent"
16,7030,"dependent"
18,7031,"dependent"
20,7032,"dependent"
18,7033,"dependent"
18,7034,"dependent"
20,7035,"dependent"
18,7036,"dependent"
16,7037,"dependent"
18,7038,"dependent"
14,7039,"dependent"
22,7040,"dependent"
24,7041,"dependent"
24,7042,"dependent"
18,7043,"dependent"
18,7044,"dependent"
22,7045,"dependent"
16,7046,"dependent"
16,7047,"dependent"
20,7048,"dependent"
16,7049,"dependent"
22,7050,"dependent"
22,7051,"dependent"
22,7052,"dependent"
20,7053,"dependent"
20,7054,"dependent"
16,7055,"dependent"
16,7056,"dependent"
16,7057,"dependent"
16,7058,"dependent"
16,7059,"dependent"
14,7060,"dependent"
24,7061,"dependent"
16,7062,"dependent"
14,7063,"dependent"
20,7064,"dependent"
20,7065,"dependent"
20,7066,"dependent"
24,7067,"dependent"
18,7068,"dependent"
16,7069,"dependent"
18,7070,"dependent"
22,7071,"dependent"
22,7072,"dependent"
12,7073,"dependent"
18,7074,"dependent"
20,7075,"dependent"
14,7076,"dependent"
18,7077,"dependent"
16,7078,"dependent"
20,7079,"dependent"
18,7080,"dependent"
16,7081,"dependent"
20,7082,"dependent"
18,7083,"dependent"
20,7084,"dependent"
20,7085,"dependent"
18,7086,"dependent"
18,7087,"dependent"
16,7088,"dependent"
22,7089,"dependent"
18,7090,"dependent"
16,7091,"dependent"
14,7092,"dependent"
16,7093,"dependent"
22,7094,"dependent"
18,7095,"dependent"
20,7096,"dependent"
18,7097,"dependent"
18,7098,"dependent"
16,7099,"dependent"
18,7100,"dependent"
22,7101,"dependent"
20,7102,"dependent"
18,7103,"dependent"
18,7104,"dependent"
20,7105,"dependent"
14,7106,"dependent"
18,7107,"dependent"
20,7108,"dependent"
20,7109,"dependent"
16,7110,"dependent"
14,7111,"dependent"
16,7112,"dependent"
22,7113,"dependent"
24,7114,"dependent"
18,7115,"dependent"
16,7116,"dependent"
20,7117,"dependent"
20,7118,"dependent"
22,7119,"dependent"
16,7120,"dependent"
18,7121,"dependent"
22,7122,"dependent"
20,7123,"dependent"
18,7124,"dependent"
14,7125,"dependent"
22,7126,"dependent"
16,7127,"dependent"
20,7128,"dependent"
20,7129,"dependent"
16,7130,"dependent"
18,7131,"dependent"
18,7132,"dependent"
24,7133,"dependent"
20,7134,"dependent"
20,7135,"dependent"
18,7136,"dependent"
18,7137,"dependent"
18,7138,"dependent"
22,7139,"dependent"
16,7140,"dependent"
20,7141,"dependent"
16,7142,"dependent"
18,7143,"dependent"
20,7144,"dependent"
22,7145,"dependent"
16,7146,"dependent"
20,7147,"dependent"
18,7148,"dependent"
22,7149,"dependent"
16,7150,"dependent"
20,7151,"dependent"
16,7152,"dependent"
18,7153,"dependent"
18,7154,"dependent"
20,7155,"dependent"
18,7156,"dependent"
14,7157,"dependent"
18,7158,"dependent"
18,7159,"dependent"
16,7160,"dependent"
20,7161,"dependent"
20,7162,"dependent"
18,7163,"dependent"
18,7164,"dependent"
22,7165,"dependent"
18,7166,"dependent"
16,7167,"dependent"
16,7168,"dependent"
20,7169,"dependent"
22,7170,"dependent"
18,7171,"dependent"
18,7172,"dependent"
16,7173,"dependent"
20,7174,"dependent"
16,7175,"dependent"
18,7176,"dependent"
16,7177,"dependent"
16,7178,"dependent"
16,7179,"dependent"
22,7180,"dependent"
22,7181,"dependent"
22,7182,"dependent"
16,7183,"dependent"
16,7184,"dependent"
20,7185,"dependent"
22,7186,"dependent"
22,7187,"dependent"
24,7188,"dependent"
20,7189,"dependent"
18,7190,"dependent"
22,7191,"dependent"
20,7192,"dependent"
18,7193,"dependent"
12,7194,"dependent"
18,7195,"dependent"
20,7196,"dependent"
20,7197,"dependent"
20,7198,"dependent"
22,7199,"dependent"
14,7200,"dependent"
18,7201,"dependent"
18,7202,"dependent"
16,7203,"dependent"
20,7204,"dependent"
20,7205,"dependent"
16,7206,"dependent"
20,7207,"dependent"
14,7208,"dependent"
16,7209,"dependent"
20,7210,"dependent"
18,7211,"dependent"
24,7212,"dependent"
18,7213,"dependent"
14,7214,"dependent"
20,7215,"dependent"
14,7216,"dependent"
24,7217,"dependent"
16,7218,"dependent"
20,7219,"dependent"
18,7220,"dependent"
16,7221,"dependent"
22,7222,"dependent"
18,7223,"dependent"
20,7224,"dependent"
16,7225,"dependent"
22,7226,"dependent"
20,7227,"dependent"
18,7228,"dependent"
14,7229,"dependent"
12,7230,"dependent"
22,7231,"dependent"
22,7232,"dependent"
16,7233,"dependent"
22,7234,"dependent"
20,7235,"dependent"
14,7236,"dependent"
20,7237,"dependent"
20,7238,"dependent"
24,7239,"dependent"
20,7240,"dependent"
20,7241,"dependent"
20,7242,"dependent"
16,7243,"dependent"
16,7244,"dependent"
20,7245,"dependent"
20,7246,"dependent"
18,7247,"dependent"
18,7248,"dependent"
20,7249,"dependent"
22,7250,"dependent"
18,7251,"dependent"
20,7252,"dependent"
22,7253,"dependent"
18,7254,"dependent"
16,7255,"dependent"
20,7256,"dependent"
16,7257,"dependent"
18,7258,"dependent"
14,7259,"dependent"
20,7260,"dependent"
22,7261,"dependent"
22,7262,"dependent"
12,7263,"dependent"
20,7264,"dependent"
18,7265,"dependent"
18,7266,"dependent"
20,7267,"dependent"
20,7268,"dependent"
18,7269,"dependent"
16,7270,"dependent"
16,7271,"dependent"
18,7272,"dependent"
18,7273,"dependent"
16,7274,"dependent"
20,7275,"dependent"
22,7276,"dependent"
18,7277,"dependent"
22,7278,"dependent"
18,7279,"dependent"
20,7280,"dependent"
26,7281,"dependent"
14,7282,"dependent"
22,7283,"dependent"
20,7284,"dependent"
20,7285,"dependent"
18,7286,"dependent"
22,7287,"dependent"
16,7288,"dependent"
14,7289,"dependent"
22,7290,"dependent"
18,7291,"dependent"
20,7292,"dependent"
20,7293,"dependent"
18,7294,"dependent"
20,7295,"dependent"
20,7296,"dependent"
16,7297,"dependent"
16,7298,"dependent"
18,7299,"dependent"
16,7300,"dependent"
20,7301,"dependent"
20,7302,"dependent"
20,7303,"dependent"
16,7304,"dependent"
20,7305,"dependent"
18,7306,"dependent"
16,7307,"dependent"
22,7308,"dependent"
20,7309,"dependent"
22,7310,"dependent"
20,7311,"dependent"
20,7312,"dependent"
16,7313,"dependent"
16,7314,"dependent"
16,7315,"dependent"
16,7316,"dependent"
16,7317,"dependent"
24,7318,"dependent"
20,7319,"dependent"
20,7320,"dependent"
20,7321,"dependent"
26,7322,"dependent"
20,7323,"dependent"
18,7324,"dependent"
20,7325,"dependent"
18,7326,"dependent"
24,7327,"dependent"
18,7328,"dependent"
22,7329,"dependent"
20,7330,"dependent"
24,7331,"dependent"
18,7332,"dependent"
18,7333,"dependent"
22,7334,"dependent"
20,7335,"dependent"
20,7336,"dependent"
22,7337,"dependent"
20,7338,"dependent"
18,7339,"dependent"
16,7340,"dependent"
24,7341,"dependent"
18,7342,"dependent"
16,7343,"dependent"
16,7344,"dependent"
20,7345,"dependent"
20,7346,"dependent"
20,7347,"dependent"
18,7348,"dependent"
18,7349,"dependent"
22,7350,"dependent"
22,7351,"dependent"
22,7352,"dependent"
18,7353,"dependent"
16,7354,"dependent"
16,7355,"dependent"
22,7356,"dependent"
18,7357,"dependent"
24,7358,"dependent"
20,7359,"dependent"
20,7360,"dependent"
20,7361,"dependent"
18,7362,"dependent"
20,7363,"dependent"
18,7364,"dependent"
20,7365,"dependent"
18,7366,"dependent"
22,7367,"dependent"
18,7368,"dependent"
14,7369,"dependent"
16,7370,"dependent"
22,7371,"dependent"
20,7372,"dependent"
22,7373,"dependent"
28,7374,"dependent"
18,7375,"dependent"
20,7376,"dependent"
20,7377,"dependent"
20,7378,"dependent"
20,7379,"dependent"
20,7380,"dependent"
20,7381,"dependent"
12,7382,"dependent"
22,7383,"dependent"
22,7384,"dependent"
18,7385,"dependent"
18,7386,"dependent"
22,7387,"dependent"
18,7388,"dependent"
16,7389,"dependent"
18,7390,"dependent"
18,7391,"dependent"
20,7392,"dependent"
22,7393,"dependent"
18,7394,"dependent"
20,7395,"dependent"
18,7396,"dependent"
20,7397,"dependent"
24,7398,"dependent"
18,7399,"dependent"
16,7400,"dependent"
22,7401,"dependent"
18,7402,"dependent"
22,7403,"dependent"
18,7404,"dependent"
16,7405,"dependent"
22,7406,"dependent"
18,7407,"dependent"
20,7408,"dependent"
18,7409,"dependent"
16,7410,"dependent"
22,7411,"dependent"
22,7412,"dependent"
20,7413,"dependent"
18,7414,"dependent"
22,7415,"dependent"
18,7416,"dependent"
18,7417,"dependent"
20,7418,"dependent"
22,7419,"dependent"
20,7420,"dependent"
18,7421,"dependent"
20,7422,"dependent"
16,7423,"dependent"
18,7424,"dependent"
20,7425,"dependent"
16,7426,"dependent"
18,7427,"dependent"
14,7428,"dependent"
18,7429,"dependent"
20,7430,"dependent"
18,7431,"dependent"
18,7432,"dependent"
20,7433,"dependent"
20,7434,"dependent"
20,7435,"dependent"
20,7436,"dependent"
18,7437,"dependent"
20,7438,"dependent"
20,7439,"dependent"
20,7440,"dependent"
20,7441,"dependent"
18,7442,"dependent"
24,7443,"dependent"
16,7444,"dependent"
16,7445,"dependent"
18,7446,"dependent"
20,7447,"dependent"
22,7448,"dependent"
18,7449,"dependent"
20,7450,"dependent"
22,7451,"dependent"
20,7452,"dependent"
18,7453,"dependent"
20,7454,"dependent"
18,7455,"dependent"
16,7456,"dependent"
24,7457,"dependent"
22,7458,"dependent"
18,7459,"dependent"
16,7460,"dependent"
18,7461,"dependent"
18,7462,"dependent"
18,7463,"dependent"
22,7464,"dependent"
22,7465,"dependent"
20,7466,"dependent"
20,7467,"dependent"
22,7468,"dependent"
16,7469,"dependent"
20,7470,"dependent"
14,7471,"dependent"
16,7472,"dependent"
22,7473,"dependent"
14,7474,"dependent"
18,7475,"dependent"
18,7476,"dependent"
18,7477,"dependent"
20,7478,"dependent"
20,7479,"dependent"
16,7480,"dependent"
22,7481,"dependent"
18,7482,"dependent"
20,7483,"dependent"
18,7484,"dependent"
18,7485,"dependent"
12,7486,"dependent"
24,7487,"dependent"
22,7488,"dependent"
20,7489,"dependent"
14,7490,"dependent"
16,7491,"dependent"
18,7492,"dependent"
16,7493,"dependent"
20,7494,"dependent"
22,7495,"dependent"
18,7496,"dependent"
20,7497,"dependent"
22,7498,"dependent"
20,7499,"dependent"
18,7500,"dependent"
16,7501,"dependent"
20,7502,"dependent"
18,7503,"dependent"
18,7504,"dependent"
20,7505,"dependent"
20,7506,"dependent"
18,7507,"dependent"
20,7508,"dependent"
16,7509,"dependent"
18,7510,"dependent"
16,7511,"dependent"
20,7512,"dependent"
22,7513,"dependent"
20,7514,"dependent"
24,7515,"dependent"
20,7516,"dependent"
22,7517,"dependent"
16,7518,"dependent"
22,7519,"dependent"
20,7520,"dependent"
20,7521,"dependent"
20,7522,"dependent"
20,7523,"dependent"
22,7524,"dependent"
20,7525,"dependent"
24,7526,"dependent"
22,7527,"dependent"
18,7528,"dependent"
20,7529,"dependent"
18,7530,"dependent"
22,7531,"dependent"
22,7532,"dependent"
16,7533,"dependent"
22,7534,"dependent"
22,7535,"dependent"
18,7536,"dependent"
20,7537,"dependent"
22,7538,"dependent"
14,7539,"dependent"
20,7540,"dependent"
14,7541,"dependent"
18,7542,"dependent"
20,7543,"dependent"
16,7544,"dependent"
18,7545,"dependent"
16,7546,"dependent"
16,7547,"dependent"
20,7548,"dependent"
20,7549,"dependent"
20,7550,"dependent"
18,7551,"dependent"
24,7552,"dependent"
18,7553,"dependent"
18,7554,"dependent"
20,7555,"dependent"
20,7556,"dependent"
22,7557,"dependent"
14,7558,"dependent"
14,7559,"dependent"
18,7560,"dependent"
22,7561,"dependent"
18,7562,"dependent"
16,7563,"dependent"
20,7564,"dependent"
22,7565,"dependent"
20,7566,"dependent"
20,7567,"dependent"
20,7568,"dependent"
12,7569,"dependent"
18,7570,"dependent"
22,7571,"dependent"
20,7572,"dependent"
18,7573,"dependent"
20,7574,"dependent"
20,7575,"dependent"
16,7576,"dependent"
22,7577,"dependent"
18,7578,"dependent"
20,7579,"dependent"
16,7580,"dependent"
16,7581,"dependent"
20,7582,"dependent"
20,7583,"dependent"
20,7584,"dependent"
18,7585,"dependent"
20,7586,"dependent"
20,7587,"dependent"
18,7588,"dependent"
18,7589,"dependent"
16,7590,"dependent"
20,7591,"dependent"
18,7592,"dependent"
16,7593,"dependent"
16,7594,"dependent"
16,7595,"dependent"
20,7596,"dependent"
22,7597,"dependent"
12,7598,"dependent"
20,7599,"dependent"
20,7600,"dependent"
16,7601,"dependent"
20,7602,"dependent"
18,7603,"dependent"
20,7604,"dependent"
22,7605,"dependent"
22,7606,"dependent"
24,7607,"dependent"
20,7608,"dependent"
22,7609,"dependent"
18,7610,"dependent"
22,7611,"dependent"
24,7612,"dependent"
18,7613,"dependent"
22,7614,"dependent"
20,7615,"dependent"
22,7616,"dependent"
22,7617,"dependent"
18,7618,"dependent"
20,7619,"dependent"
14,7620,"dependent"
20,7621,"dependent"
20,7622,"dependent"
18,7623,"dependent"
20,7624,"dependent"
18,7625,"dependent"
18,7626,"dependent"
20,7627,"dependent"
16,7628,"dependent"
16,7629,"dependent"
20,7630,"dependent"
16,7631,"dependent"
24,7632,"dependent"
20,7633,"dependent"
24,7634,"dependent"
20,7635,"dependent"
22,7636,"dependent"
16,7637,"dependent"
20,7638,"dependent"
18,7639,"dependent"
18,7640,"dependent"
18,7641,"dependent"
18,7642,"dependent"
18,7643,"dependent"
18,7644,"dependent"
16,7645,"dependent"
22,7646,"dependent"
20,7647,"dependent"
22,7648,"dependent"
14,7649,"dependent"
20,7650,"dependent"
20,7651,"dependent"
22,7652,"dependent"
20,7653,"dependent"
18,7654,"dependent"
16,7655,"dependent"
20,7656,"dependent"
18,7657,"dependent"
18,7658,"dependent"
20,7659,"dependent"
18,7660,"dependent"
20,7661,"dependent"
20,7662,"dependent"
18,7663,"dependent"
22,7664,"dependent"
22,7665,"dependent"
14,7666,"dependent"
24,7667,"dependent"
18,7668,"dependent"
20,7669,"dependent"
18,7670,"dependent"
22,7671,"dependent"
20,7672,"dependent"
20,7673,"dependent"
24,7674,"dependent"
20,7675,"dependent"
20,7676,"dependent"
16,7677,"dependent"
18,7678,"dependent"
20,7679,"dependent"
22,7680,"dependent"
16,7681,"dependent"
20,7682,"dependent"
18,7683,"dependent"
22,7684,"dependent"
18,7685,"dependent"
16,7686,"dependent"
14,7687,"dependent"
22,7688,"dependent"
18,7689,"dependent"
16,7690,"dependent"
22,7691,"dependent"
22,7692,"dependent"
22,7693,"dependent"
20,7694,"dependent"
18,7695,"dependent"
18,7696,"dependent"
22,7697,"dependent"
18,7698,"dependent"
20,7699,"dependent"
18,7700,"dependent"
20,7701,"dependent"
22,7702,"dependent"
16,7703,"dependent"
20,7704,"dependent"
18,7705,"dependent"
20,7706,"dependent"
24,7707,"dependent"
16,7708,"dependent"
20,7709,"dependent"
24,7710,"dependent"
20,7711,"dependent"
16,7712,"dependent"
20,7713,"dependent"
18,7714,"dependent"
20,7715,"dependent"
16,7716,"dependent"
22,7717,"dependent"
16,7718,"dependent"
20,7719,"dependent"
16,7720,"dependent"
18,7721,"dependent"
20,7722,"dependent"
18,7723,"dependent"
22,7724,"dependent"
22,7725,"dependent"
18,7726,"dependent"
14,7727,"dependent"
14,7728,"dependent"
18,7729,"dependent"
18,7730,"dependent"
20,7731,"dependent"
20,7732,"dependent"
24,7733,"dependent"
20,7734,"dependent"
20,7735,"dependent"
14,7736,"dependent"
22,7737,"dependent"
20,7738,"dependent"
22,7739,"dependent"
16,7740,"dependent"
26,7741,"dependent"
20,7742,"dependent"
20,7743,"dependent"
22,7744,"dependent"
18,7745,"dependent"
24,7746,"dependent"
18,7747,"dependent"
20,7748,"dependent"
16,7749,"dependent"
18,7750,"dependent"
16,7751,"dependent"
18,7752,"dependent"
22,7753,"dependent"
18,7754,"dependent"
18,7755,"dependent"
16,7756,"dependent"
20,7757,"dependent"
16,7758,"dependent"
20,7759,"dependent"
22,7760,"dependent"
22,7761,"dependent"
18,7762,"dependent"
18,7763,"dependent"
18,7764,"dependent"
18,7765,"dependent"
24,7766,"dependent"
18,7767,"dependent"
18,7768,"dependent"
20,7769,"dependent"
24,7770,"dependent"
20,7771,"dependent"
20,7772,"dependent"
20,7773,"dependent"
22,7774,"dependent"
18,7775,"dependent"
18,7776,"dependent"
22,7777,"dependent"
18,7778,"dependent"
20,7779,"dependent"
16,7780,"dependent"
18,7781,"dependent"
18,7782,"dependent"
16,7783,"dependent"
18,7784,"dependent"
20,7785,"dependent"
18,7786,"dependent"
20,7787,"dependent"
18,7788,"dependent"
20,7789,"dependent"
18,7790,"dependent"
20,7791,"dependent"
20,7792,"dependent"
18,7793,"dependent"
16,7794,"dependent"
18,7795,"dependent"
16,7796,"dependent"
22,7797,"dependent"
18,7798,"dependent"
22,7799,"dependent"
18,7800,"dependent"
20,7801,"dependent"
18,7802,"dependent"
20,7803,"dependent"
22,7804,"dependent"
16,7805,"dependent"
22,7806,"dependent"
18,7807,"dependent"
16,7808,"dependent"
16,7809,"dependent"
20,7810,"dependent"
22,7811,"dependent"
20,7812,"dependent"
20,7813,"dependent"
22,7814,"dependent"
22,7815,"dependent"
16,7816,"dependent"
20,7817,"dependent"
18,7818,"dependent"
18,7819,"dependent"
22,7820,"dependent"
22,7821,"dependent"
22,7822,"dependent"
18,7823,"dependent"
16,7824,"dependent"
18,7825,"dependent"
18,7826,"dependent"
22,7827,"dependent"
18,7828,"dependent"
18,7829,"dependent"
18,7830,"dependent"
22,7831,"dependent"
20,7832,"dependent"
20,7833,"dependent"
12,7834,"dependent"
20,7835,"dependent"
20,7836,"dependent"
14,7837,"dependent"
22,7838,"dependent"
16,7839,"dependent"
16,7840,"dependent"
24,7841,"dependent"
20,7842,"dependent"
22,7843,"dependent"
24,7844,"dependent"
20,7845,"dependent"
20,7846,"dependent"
20,7847,"dependent"
16,7848,"dependent"
20,7849,"dependent"
22,7850,"dependent"
18,7851,"dependent"
18,7852,"dependent"
14,7853,"dependent"
20,7854,"dependent"
16,7855,"dependent"
18,7856,"dependent"
16,7857,"dependent"
16,7858,"dependent"
22,7859,"dependent"
22,7860,"dependent"
16,7861,"dependent"
18,7862,"dependent"
14,7863,"dependent"
22,7864,"dependent"
20,7865,"dependent"
16,7866,"dependent"
20,7867,"dependent"
16,7868,"dependent"
20,7869,"dependent"
16,7870,"dependent"
20,7871,"dependent"
18,7872,"dependent"
18,7873,"dependent"
18,7874,"dependent"
20,7875,"dependent"
18,7876,"dependent"
20,7877,"dependent"
18,7878,"dependent"
20,7879,"dependent"
16,7880,"dependent"
22,7881,"dependent"
20,7882,"dependent"
18,7883,"dependent"
18,7884,"dependent"
22,7885,"dependent"
18,7886,"dependent"
14,7887,"dependent"
20,7888,"dependent"
18,7889,"dependent"
22,7890,"dependent"
18,7891,"dependent"
16,7892,"dependent"
16,7893,"dependent"
14,7894,"dependent"
20,7895,"dependent"
16,7896,"dependent"
22,7897,"dependent"
22,7898,"dependent"
20,7899,"dependent"
20,7900,"dependent"
22,7901,"dependent"
14,7902,"dependent"
18,7903,"dependent"
22,7904,"dependent"
20,7905,"dependent"
16,7906,"dependent"
18,7907,"dependent"
12,7908,"dependent"
16,7909,"dependent"
16,7910,"dependent"
16,7911,"dependent"
18,7912,"dependent"
20,7913,"dependent"
20,7914,"dependent"
18,7915,"dependent"
16,7916,"dependent"
20,7917,"dependent"
20,7918,"dependent"
22,7919,"dependent"
18,7920,"dependent"
12,7921,"dependent"
22,7922,"dependent"
18,7923,"dependent"
20,7924,"dependent"
18,7925,"dependent"
20,7926,"dependent"
18,7927,"dependent"
22,7928,"dependent"
16,7929,"dependent"
24,7930,"dependent"
16,7931,"dependent"
20,7932,"dependent"
20,7933,"dependent"
24,7934,"dependent"
20,7935,"dependent"
22,7936,"dependent"
20,7937,"dependent"
22,7938,"dependent"
22,7939,"dependent"
20,7940,"dependent"
22,7941,"dependent"
18,7942,"dependent"
22,7943,"dependent"
14,7944,"dependent"
18,7945,"dependent"
20,7946,"dependent"
20,7947,"dependent"
20,7948,"dependent"
18,7949,"dependent"
20,7950,"dependent"
14,7951,"dependent"
20,7952,"dependent"
16,7953,"dependent"
18,7954,"dependent"
18,7955,"dependent"
16,7956,"dependent"
18,7957,"dependent"
18,7958,"dependent"
18,7959,"dependent"
24,7960,"dependent"
18,7961,"dependent"
20,7962,"dependent"
22,7963,"dependent"
18,7964,"dependent"
18,7965,"dependent"
20,7966,"dependent"
18,7967,"dependent"
20,7968,"dependent"
24,7969,"dependent"
18,7970,"dependent"
20,7971,"dependent"
16,7972,"dependent"
22,7973,"dependent"
20,7974,"dependent"
22,7975,"dependent"
20,7976,"dependent"
24,7977,"dependent"
16,7978,"dependent"
20,7979,"dependent"
18,7980,"dependent"
16,7981,"dependent"
22,7982,"dependent"
22,7983,"dependent"
22,7984,"dependent"
20,7985,"dependent"
20,7986,"dependent"
20,7987,"dependent"
20,7988,"dependent"
18,7989,"dependent"
14,7990,"dependent"
16,7991,"dependent"
18,7992,"dependent"
14,7993,"dependent"
22,7994,"dependent"
18,7995,"dependent"
22,7996,"dependent"
22,7997,"dependent"
26,7998,"dependent"
16,7999,"dependent"
18,8000,"dependent"
18,8001,"dependent"
16,8002,"dependent"
22,8003,"dependent"
18,8004,"dependent"
20,8005,"dependent"
16,8006,"dependent"
20,8007,"dependent"
22,8008,"dependent"
20,8009,"dependent"
18,8010,"dependent"
20,8011,"dependent"
18,8012,"dependent"
18,8013,"dependent"
16,8014,"dependent"
18,8015,"dependent"
18,8016,"dependent"
18,8017,"dependent"
24,8018,"dependent"
16,8019,"dependent"
20,8020,"dependent"
20,8021,"dependent"
18,8022,"dependent"
20,8023,"dependent"
22,8024,"dependent"
18,8025,"dependent"
22,8026,"dependent"
18,8027,"dependent"
20,8028,"dependent"
22,8029,"dependent"
22,8030,"dependent"
16,8031,"dependent"
18,8032,"dependent"
18,8033,"dependent"
22,8034,"dependent"
22,8035,"dependent"
16,8036,"dependent"
26,8037,"dependent"
20,8038,"dependent"
16,8039,"dependent"
20,8040,"dependent"
16,8041,"dependent"
20,8042,"dependent"
22,8043,"dependent"
14,8044,"dependent"
18,8045,"dependent"
22,8046,"dependent"
16,8047,"dependent"
22,8048,"dependent"
20,8049,"dependent"
14,8050,"dependent"
20,8051,"dependent"
18,8052,"dependent"
18,8053,"dependent"
18,8054,"dependent"
16,8055,"dependent"
20,8056,"dependent"
18,8057,"dependent"
16,8058,"dependent"
20,8059,"dependent"
24,8060,"dependent"
20,8061,"dependent"
22,8062,"dependent"
18,8063,"dependent"
20,8064,"dependent"
16,8065,"dependent"
18,8066,"dependent"
18,8067,"dependent"
18,8068,"dependent"
18,8069,"dependent"
18,8070,"dependent"
20,8071,"dependent"
20,8072,"dependent"
18,8073,"dependent"
16,8074,"dependent"
22,8075,"dependent"
20,8076,"dependent"
16,8077,"dependent"
22,8078,"dependent"
18,8079,"dependent"
24,8080,"dependent"
18,8081,"dependent"
18,8082,"dependent"
22,8083,"dependent"
20,8084,"dependent"
22,8085,"dependent"
18,8086,"dependent"
22,8087,"dependent"
20,8088,"dependent"
18,8089,"dependent"
22,8090,"dependent"
16,8091,"dependent"
16,8092,"dependent"
22,8093,"dependent"
18,8094,"dependent"
20,8095,"dependent"
22,8096,"dependent"
20,8097,"dependent"
24,8098,"dependent"
20,8099,"dependent"
16,8100,"dependent"
18,8101,"dependent"
16,8102,"dependent"
20,8103,"dependent"
16,8104,"dependent"
22,8105,"dependent"
18,8106,"dependent"
18,8107,"dependent"
20,8108,"dependent"
20,8109,"dependent"
18,8110,"dependent"
18,8111,"dependent"
16,8112,"dependent"
16,8113,"dependent"
18,8114,"dependent"
16,8115,"dependent"
18,8116,"dependent"
20,8117,"dependent"
16,8118,"dependent"
24,8119,"dependent"
20,8120,"dependent"
22,8121,"dependent"
24,8122,"dependent"
20,8123,"dependent"
20,8124,"dependent"
20,8125,"dependent"
18,8126,"dependent"
18,8127,"dependent"
20,8128,"dependent"
20,8129,"dependent"
18,8130,"dependent"
24,8131,"dependent"
20,8132,"dependent"
20,8133,"dependent"
22,8134,"dependent"
18,8135,"dependent"
20,8136,"dependent"
16,8137,"dependent"
18,8138,"dependent"
18,8139,"dependent"
18,8140,"dependent"
20,8141,"dependent"
18,8142,"dependent"
18,8143,"dependent"
16,8144,"dependent"
16,8145,"dependent"
22,8146,"dependent"
20,8147,"dependent"
18,8148,"dependent"
20,8149,"dependent"
22,8150,"dependent"
14,8151,"dependent"
18,8152,"dependent"
18,8153,"dependent"
14,8154,"dependent"
16,8155,"dependent"
14,8156,"dependent"
20,8157,"dependent"
24,8158,"dependent"
24,8159,"dependent"
20,8160,"dependent"
20,8161,"dependent"
20,8162,"dependent"
20,8163,"dependent"
18,8164,"dependent"
16,8165,"dependent"
20,8166,"dependent"
16,8167,"dependent"
16,8168,"dependent"
20,8169,"dependent"
20,8170,"dependent"
16,8171,"dependent"
16,8172,"dependent"
18,8173,"dependent"
18,8174,"dependent"
18,8175,"dependent"
20,8176,"dependent"
20,8177,"dependent"
22,8178,"dependent"
22,8179,"dependent"
20,8180,"dependent"
20,8181,"dependent"
20,8182,"dependent"
20,8183,"dependent"
16,8184,"dependent"
18,8185,"dependent"
20,8186,"dependent"
22,8187,"dependent"
18,8188,"dependent"
12,8189,"dependent"
20,8190,"dependent"
22,8191,"dependent"
20,8192,"dependent"
18,8193,"dependent"
22,8194,"dependent"
16,8195,"dependent"
22,8196,"dependent"
22,8197,"dependent"
16,8198,"dependent"
24,8199,"dependent"
20,8200,"dependent"
16,8201,"dependent"
18,8202,"dependent"
20,8203,"dependent"
22,8204,"dependent"
20,8205,"dependent"
20,8206,"dependent"
22,8207,"dependent"
20,8208,"dependent"
20,8209,"dependent"
20,8210,"dependent"
24,8211,"dependent"
18,8212,"dependent"
20,8213,"dependent"
20,8214,"dependent"
20,8215,"dependent"
22,8216,"dependent"
20,8217,"dependent"
20,8218,"dependent"
16,8219,"dependent"
22,8220,"dependent"
18,8221,"dependent"
22,8222,"dependent"
20,8223,"dependent"
16,8224,"dependent"
16,8225,"dependent"
20,8226,"dependent"
16,8227,"dependent"
18,8228,"dependent"
20,8229,"dependent"
22,8230,"dependent"
18,8231,"dependent"
16,8232,"dependent"
20,8233,"dependent"
20,8234,"dependent"
20,8235,"dependent"
16,8236,"dependent"
20,8237,"dependent"
18,8238,"dependent"
24,8239,"dependent"
20,8240,"dependent"
20,8241,"dependent"
18,8242,"dependent"
14,8243,"dependent"
18,8244,"dependent"
20,8245,"dependent"
18,8246,"dependent"
20,8247,"dependent"
18,8248,"dependent"
18,8249,"dependent"
22,8250,"dependent"
22,8251,"dependent"
22,8252,"dependent"
20,8253,"dependent"
24,8254,"dependent"
18,8255,"dependent"
18,8256,"dependent"
20,8257,"dependent"
22,8258,"dependent"
20,8259,"dependent"
20,8260,"dependent"
20,8261,"dependent"
14,8262,"dependent"
20,8263,"dependent"
20,8264,"dependent"
20,8265,"dependent"
18,8266,"dependent"
18,8267,"dependent"
16,8268,"dependent"
18,8269,"dependent"
20,8270,"dependent"
22,8271,"dependent"
18,8272,"dependent"
18,8273,"dependent"
18,8274,"dependent"
20,8275,"dependent"
16,8276,"dependent"
20,8277,"dependent"
20,8278,"dependent"
18,8279,"dependent"
18,8280,"dependent"
22,8281,"dependent"
20,8282,"dependent"
20,8283,"dependent"
18,8284,"dependent"
18,8285,"dependent"
18,8286,"dependent"
18,8287,"dependent"
16,8288,"dependent"
20,8289,"dependent"
18,8290,"dependent"
18,8291,"dependent"
14,8292,"dependent"
22,8293,"dependent"
20,8294,"dependent"
16,8295,"dependent"
18,8296,"dependent"
18,8297,"dependent"
22,8298,"dependent"
16,8299,"dependent"
20,8300,"dependent"
22,8301,"dependent"
24,8302,"dependent"
18,8303,"dependent"
22,8304,"dependent"
22,8305,"dependent"
18,8306,"dependent"
18,8307,"dependent"
18,8308,"dependent"
20,8309,"dependent"
24,8310,"dependent"
16,8311,"dependent"
16,8312,"dependent"
22,8313,"dependent"
14,8314,"dependent"
20,8315,"dependent"
18,8316,"dependent"
18,8317,"dependent"
20,8318,"dependent"
20,8319,"dependent"
16,8320,"dependent"
24,8321,"dependent"
20,8322,"dependent"
18,8323,"dependent"
16,8324,"dependent"
20,8325,"dependent"
22,8326,"dependent"
18,8327,"dependent"
20,8328,"dependent"
20,8329,"dependent"
20,8330,"dependent"
22,8331,"dependent"
18,8332,"dependent"
14,8333,"dependent"
22,8334,"dependent"
18,8335,"dependent"
18,8336,"dependent"
16,8337,"dependent"
22,8338,"dependent"
18,8339,"dependent"
20,8340,"dependent"
18,8341,"dependent"
16,8342,"dependent"
20,8343,"dependent"
18,8344,"dependent"
22,8345,"dependent"
18,8346,"dependent"
18,8347,"dependent"
22,8348,"dependent"
20,8349,"dependent"
16,8350,"dependent"
16,8351,"dependent"
16,8352,"dependent"
16,8353,"dependent"
18,8354,"dependent"
20,8355,"dependent"
18,8356,"dependent"
16,8357,"dependent"
16,8358,"dependent"
20,8359,"dependent"
22,8360,"dependent"
22,8361,"dependent"
18,8362,"dependent"
14,8363,"dependent"
16,8364,"dependent"
20,8365,"dependent"
18,8366,"dependent"
20,8367,"dependent"
20,8368,"dependent"
20,8369,"dependent"
18,8370,"dependent"
20,8371,"dependent"
18,8372,"dependent"
16,8373,"dependent"
20,8374,"dependent"
20,8375,"dependent"
18,8376,"dependent"
20,8377,"dependent"
16,8378,"dependent"
22,8379,"dependent"
18,8380,"dependent"
16,8381,"dependent"
18,8382,"dependent"
16,8383,"dependent"
22,8384,"dependent"
16,8385,"dependent"
18,8386,"dependent"
20,8387,"dependent"
22,8388,"dependent"
18,8389,"dependent"
18,8390,"dependent"
16,8391,"dependent"
20,8392,"dependent"
24,8393,"dependent"
22,8394,"dependent"
24,8395,"dependent"
22,8396,"dependent"
24,8397,"dependent"
18,8398,"dependent"
18,8399,"dependent"
20,8400,"dependent"
16,8401,"dependent"
18,8402,"dependent"
16,8403,"dependent"
20,8404,"dependent"
18,8405,"dependent"
22,8406,"dependent"
22,8407,"dependent"
20,8408,"dependent"
20,8409,"dependent"
20,8410,"dependent"
20,8411,"dependent"
16,8412,"dependent"
20,8413,"dependent"
18,8414,"dependent"
16,8415,"dependent"
20,8416,"dependent"
24,8417,"dependent"
18,8418,"dependent"
22,8419,"dependent"
20,8420,"dependent"
22,8421,"dependent"
20,8422,"dependent"
16,8423,"dependent"
18,8424,"dependent"
18,8425,"dependent"
20,8426,"dependent"
18,8427,"dependent"
18,8428,"dependent"
18,8429,"dependent"
20,8430,"dependent"
18,8431,"dependent"
16,8432,"dependent"
14,8433,"dependent"
20,8434,"dependent"
20,8435,"dependent"
22,8436,"dependent"
18,8437,"dependent"
20,8438,"dependent"
22,8439,"dependent"
12,8440,"dependent"
20,8441,"dependent"
16,8442,"dependent"
18,8443,"dependent"
24,8444,"dependent"
20,8445,"dependent"
16,8446,"dependent"
18,8447,"dependent"
18,8448,"dependent"
16,8449,"dependent"
22,8450,"dependent"
18,8451,"dependent"
18,8452,"dependent"
20,8453,"dependent"
22,8454,"dependent"
24,8455,"dependent"
20,8456,"dependent"
22,8457,"dependent"
18,8458,"dependent"
20,8459,"dependent"
16,8460,"dependent"
20,8461,"dependent"
18,8462,"dependent"
18,8463,"dependent"
14,8464,"dependent"
20,8465,"dependent"
22,8466,"dependent"
18,8467,"dependent"
22,8468,"dependent"
22,8469,"dependent"
20,8470,"dependent"
18,8471,"dependent"
18,8472,"dependent"
18,8473,"dependent"
16,8474,"dependent"
18,8475,"dependent"
22,8476,"dependent"
20,8477,"dependent"
18,8478,"dependent"
18,8479,"dependent"
20,8480,"dependent"
20,8481,"dependent"
20,8482,"dependent"
24,8483,"dependent"
18,8484,"dependent"
20,8485,"dependent"
18,8486,"dependent"
18,8487,"dependent"
22,8488,"dependent"
18,8489,"dependent"
18,8490,"dependent"
20,8491,"dependent"
20,8492,"dependent"
20,8493,"dependent"
16,8494,"dependent"
22,8495,"dependent"
16,8496,"dependent"
20,8497,"dependent"
18,8498,"dependent"
16,8499,"dependent"
16,8500,"dependent"
18,8501,"dependent"
24,8502,"dependent"
18,8503,"dependent"
22,8504,"dependent"
20,8505,"dependent"
14,8506,"dependent"
18,8507,"dependent"
22,8508,"dependent"
18,8509,"dependent"
18,8510,"dependent"
22,8511,"dependent"
18,8512,"dependent"
20,8513,"dependent"
22,8514,"dependent"
20,8515,"dependent"
20,8516,"dependent"
22,8517,"dependent"
16,8518,"dependent"
20,8519,"dependent"
18,8520,"dependent"
18,8521,"dependent"
20,8522,"dependent"
16,8523,"dependent"
18,8524,"dependent"
12,8525,"dependent"
20,8526,"dependent"
20,8527,"dependent"
18,8528,"dependent"
20,8529,"dependent"
18,8530,"dependent"
20,8531,"dependent"
24,8532,"dependent"
16,8533,"dependent"
18,8534,"dependent"
22,8535,"dependent"
20,8536,"dependent"
18,8537,"dependent"
22,8538,"dependent"
24,8539,"dependent"
22,8540,"dependent"
16,8541,"dependent"
20,8542,"dependent"
18,8543,"dependent"
20,8544,"dependent"
20,8545,"dependent"
18,8546,"dependent"
22,8547,"dependent"
20,8548,"dependent"
18,8549,"dependent"
18,8550,"dependent"
22,8551,"dependent"
22,8552,"dependent"
16,8553,"dependent"
18,8554,"dependent"
18,8555,"dependent"
18,8556,"dependent"
22,8557,"dependent"
20,8558,"dependent"
18,8559,"dependent"
22,8560,"dependent"
20,8561,"dependent"
20,8562,"dependent"
18,8563,"dependent"
22,8564,"dependent"
18,8565,"dependent"
18,8566,"dependent"
22,8567,"dependent"
18,8568,"dependent"
18,8569,"dependent"
12,8570,"dependent"
18,8571,"dependent"
16,8572,"dependent"
20,8573,"dependent"
18,8574,"dependent"
18,8575,"dependent"
16,8576,"dependent"
20,8577,"dependent"
22,8578,"dependent"
16,8579,"dependent"
18,8580,"dependent"
20,8581,"dependent"
16,8582,"dependent"
18,8583,"dependent"
22,8584,"dependent"
16,8585,"dependent"
18,8586,"dependent"
16,8587,"dependent"
18,8588,"dependent"
20,8589,"dependent"
24,8590,"dependent"
22,8591,"dependent"
20,8592,"dependent"
16,8593,"dependent"
18,8594,"dependent"
18,8595,"dependent"
18,8596,"dependent"
18,8597,"dependent"
18,8598,"dependent"
20,8599,"dependent"
24,8600,"dependent"
22,8601,"dependent"
18,8602,"dependent"
16,8603,"dependent"
20,8604,"dependent"
18,8605,"dependent"
22,8606,"dependent"
20,8607,"dependent"
16,8608,"dependent"
14,8609,"dependent"
16,8610,"dependent"
18,8611,"dependent"
26,8612,"dependent"
20,8613,"dependent"
22,8614,"dependent"
16,8615,"dependent"
22,8616,"dependent"
20,8617,"dependent"
18,8618,"dependent"
18,8619,"dependent"
22,8620,"dependent"
16,8621,"dependent"
20,8622,"dependent"
16,8623,"dependent"
22,8624,"dependent"
20,8625,"dependent"
18,8626,"dependent"
16,8627,"dependent"
18,8628,"dependent"
24,8629,"dependent"
18,8630,"dependent"
24,8631,"dependent"
16,8632,"dependent"
18,8633,"dependent"
20,8634,"dependent"
16,8635,"dependent"
18,8636,"dependent"
20,8637,"dependent"
18,8638,"dependent"
20,8639,"dependent"
16,8640,"dependent"
18,8641,"dependent"
16,8642,"dependent"
20,8643,"dependent"
14,8644,"dependent"
20,8645,"dependent"
18,8646,"dependent"
18,8647,"dependent"
20,8648,"dependent"
18,8649,"dependent"
18,8650,"dependent"
18,8651,"dependent"
18,8652,"dependent"
22,8653,"dependent"
18,8654,"dependent"
16,8655,"dependent"
20,8656,"dependent"
24,8657,"dependent"
22,8658,"dependent"
18,8659,"dependent"
20,8660,"dependent"
18,8661,"dependent"
20,8662,"dependent"
22,8663,"dependent"
20,8664,"dependent"
22,8665,"dependent"
22,8666,"dependent"
22,8667,"dependent"
16,8668,"dependent"
20,8669,"dependent"
20,8670,"dependent"
24,8671,"dependent"
18,8672,"dependent"
20,8673,"dependent"
16,8674,"dependent"
20,8675,"dependent"
20,8676,"dependent"
16,8677,"dependent"
24,8678,"dependent"
20,8679,"dependent"
22,8680,"dependent"
16,8681,"dependent"
18,8682,"dependent"
20,8683,"dependent"
20,8684,"dependent"
22,8685,"dependent"
20,8686,"dependent"
20,8687,"dependent"
20,8688,"dependent"
22,8689,"dependent"
18,8690,"dependent"
20,8691,"dependent"
20,8692,"dependent"
14,8693,"dependent"
18,8694,"dependent"
18,8695,"dependent"
24,8696,"dependent"
18,8697,"dependent"
22,8698,"dependent"
18,8699,"dependent"
20,8700,"dependent"
24,8701,"dependent"
18,8702,"dependent"
20,8703,"dependent"
18,8704,"dependent"
18,8705,"dependent"
22,8706,"dependent"
18,8707,"dependent"
16,8708,"dependent"
20,8709,"dependent"
18,8710,"dependent"
22,8711,"dependent"
18,8712,"dependent"
22,8713,"dependent"
22,8714,"dependent"
18,8715,"dependent"
18,8716,"dependent"
22,8717,"dependent"
20,8718,"dependent"
20,8719,"dependent"
18,8720,"dependent"
20,8721,"dependent"
18,8722,"dependent"
14,8723,"dependent"
18,8724,"dependent"
18,8725,"dependent"
18,8726,"dependent"
14,8727,"dependent"
18,8728,"dependent"
16,8729,"dependent"
16,8730,"dependent"
16,8731,"dependent"
22,8732,"dependent"
20,8733,"dependent"
16,8734,"dependent"
18,8735,"dependent"
16,8736,"dependent"
20,8737,"dependent"
18,8738,"dependent"
18,8739,"dependent"
20,8740,"dependent"
20,8741,"dependent"
18,8742,"dependent"
18,8743,"dependent"
18,8744,"dependent"
20,8745,"dependent"
16,8746,"dependent"
18,8747,"dependent"
18,8748,"dependent"
18,8749,"dependent"
18,8750,"dependent"
24,8751,"dependent"
20,8752,"dependent"
18,8753,"dependent"
22,8754,"dependent"
20,8755,"dependent"
20,8756,"dependent"
14,8757,"dependent"
18,8758,"dependent"
20,8759,"dependent"
18,8760,"dependent"
22,8761,"dependent"
20,8762,"dependent"
14,8763,"dependent"
16,8764,"dependent"
22,8765,"dependent"
18,8766,"dependent"
18,8767,"dependent"
18,8768,"dependent"
18,8769,"dependent"
22,8770,"dependent"
20,8771,"dependent"
18,8772,"dependent"
20,8773,"dependent"
22,8774,"dependent"
18,8775,"dependent"
20,8776,"dependent"
24,8777,"dependent"
18,8778,"dependent"
24,8779,"dependent"
18,8780,"dependent"
16,8781,"dependent"
20,8782,"dependent"
18,8783,"dependent"
18,8784,"dependent"
20,8785,"dependent"
20,8786,"dependent"
16,8787,"dependent"
20,8788,"dependent"
22,8789,"dependent"
16,8790,"dependent"
22,8791,"dependent"
20,8792,"dependent"
18,8793,"dependent"
18,8794,"dependent"
16,8795,"dependent"
20,8796,"dependent"
16,8797,"dependent"
18,8798,"dependent"
18,8799,"dependent"
22,8800,"dependent"
24,8801,"dependent"
20,8802,"dependent"
16,8803,"dependent"
18,8804,"dependent"
18,8805,"dependent"
16,8806,"dependent"
16,8807,"dependent"
18,8808,"dependent"
22,8809,"dependent"
16,8810,"dependent"
22,8811,"dependent"
22,8812,"dependent"
18,8813,"dependent"
18,8814,"dependent"
20,8815,"dependent"
16,8816,"dependent"
22,8817,"dependent"
18,8818,"dependent"
22,8819,"dependent"
20,8820,"dependent"
20,8821,"dependent"
20,8822,"dependent"
22,8823,"dependent"
14,8824,"dependent"
16,8825,"dependent"
22,8826,"dependent"
18,8827,"dependent"
18,8828,"dependent"
20,8829,"dependent"
18,8830,"dependent"
18,8831,"dependent"
22,8832,"dependent"
20,8833,"dependent"
20,8834,"dependent"
18,8835,"dependent"
20,8836,"dependent"
18,8837,"dependent"
22,8838,"dependent"
14,8839,"dependent"
20,8840,"dependent"
16,8841,"dependent"
24,8842,"dependent"
16,8843,"dependent"
16,8844,"dependent"
22,8845,"dependent"
24,8846,"dependent"
14,8847,"dependent"
22,8848,"dependent"
18,8849,"dependent"
18,8850,"dependent"
22,8851,"dependent"
26,8852,"dependent"
18,8853,"dependent"
20,8854,"dependent"
18,8855,"dependent"
18,8856,"dependent"
22,8857,"dependent"
18,8858,"dependent"
18,8859,"dependent"
22,8860,"dependent"
20,8861,"dependent"
18,8862,"dependent"
20,8863,"dependent"
20,8864,"dependent"
18,8865,"dependent"
18,8866,"dependent"
20,8867,"dependent"
18,8868,"dependent"
16,8869,"dependent"
22,8870,"dependent"
18,8871,"dependent"
18,8872,"dependent"
18,8873,"dependent"
20,8874,"dependent"
22,8875,"dependent"
16,8876,"dependent"
22,8877,"dependent"
18,8878,"dependent"
18,8879,"dependent"
18,8880,"dependent"
18,8881,"dependent"
18,8882,"dependent"
14,8883,"dependent"
20,8884,"dependent"
18,8885,"dependent"
18,8886,"dependent"
18,8887,"dependent"
20,8888,"dependent"
18,8889,"dependent"
18,8890,"dependent"
20,8891,"dependent"
22,8892,"dependent"
18,8893,"dependent"
20,8894,"dependent"
20,8895,"dependent"
12,8896,"dependent"
18,8897,"dependent"
16,8898,"dependent"
22,8899,"dependent"
18,8900,"dependent"
20,8901,"dependent"
22,8902,"dependent"
22,8903,"dependent"
20,8904,"dependent"
18,8905,"dependent"
16,8906,"dependent"
14,8907,"dependent"
22,8908,"dependent"
22,8909,"dependent"
18,8910,"dependent"
16,8911,"dependent"
20,8912,"dependent"
18,8913,"dependent"
18,8914,"dependent"
18,8915,"dependent"
18,8916,"dependent"
18,8917,"dependent"
22,8918,"dependent"
20,8919,"dependent"
22,8920,"dependent"
16,8921,"dependent"
20,8922,"dependent"
16,8923,"dependent"
16,8924,"dependent"
22,8925,"dependent"
20,8926,"dependent"
20,8927,"dependent"
16,8928,"dependent"
20,8929,"dependent"
20,8930,"dependent"
18,8931,"dependent"
18,8932,"dependent"
20,8933,"dependent"
20,8934,"dependent"
16,8935,"dependent"
20,8936,"dependent"
22,8937,"dependent"
24,8938,"dependent"
16,8939,"dependent"
14,8940,"dependent"
20,8941,"dependent"
22,8942,"dependent"
18,8943,"dependent"
22,8944,"dependent"
22,8945,"dependent"
24,8946,"dependent"
18,8947,"dependent"
20,8948,"dependent"
16,8949,"dependent"
22,8950,"dependent"
18,8951,"dependent"
20,8952,"dependent"
22,8953,"dependent"
18,8954,"dependent"
20,8955,"dependent"
20,8956,"dependent"
22,8957,"dependent"
16,8958,"dependent"
18,8959,"dependent"
16,8960,"dependent"
16,8961,"dependent"
14,8962,"dependent"
24,8963,"dependent"
18,8964,"dependent"
22,8965,"dependent"
22,8966,"dependent"
16,8967,"dependent"
24,8968,"dependent"
20,8969,"dependent"
22,8970,"dependent"
22,8971,"dependent"
20,8972,"dependent"
22,8973,"dependent"
20,8974,"dependent"
20,8975,"dependent"
22,8976,"dependent"
22,8977,"dependent"
20,8978,"dependent"
14,8979,"dependent"
22,8980,"dependent"
18,8981,"dependent"
18,8982,"dependent"
18,8983,"dependent"
18,8984,"dependent"
20,8985,"dependent"
16,8986,"dependent"
16,8987,"dependent"
22,8988,"dependent"
20,8989,"dependent"
16,8990,"dependent"
14,8991,"dependent"
20,8992,"dependent"
16,8993,"dependent"
18,8994,"dependent"
16,8995,"dependent"
20,8996,"dependent"
20,8997,"dependent"
20,8998,"dependent"
18,8999,"dependent"
18,9000,"dependent"
20,9001,"dependent"
