"RF","tree_id","dataset"
38,1,"independent"
40,2,"independent"
40,3,"independent"
38,4,"independent"
36,5,"independent"
38,6,"independent"
36,7,"independent"
36,8,"independent"
40,9,"independent"
40,10,"independent"
36,11,"independent"
38,12,"independent"
36,13,"independent"
40,14,"independent"
38,15,"independent"
38,16,"independent"
36,17,"independent"
40,18,"independent"
36,19,"independent"
40,20,"independent"
38,21,"independent"
38,22,"independent"
36,23,"independent"
40,24,"independent"
38,25,"independent"
38,26,"independent"
40,27,"independent"
36,28,"independent"
38,29,"independent"
40,30,"independent"
38,31,"independent"
38,32,"independent"
40,33,"independent"
38,34,"independent"
40,35,"independent"
36,36,"independent"
38,37,"independent"
38,38,"independent"
40,39,"independent"
38,40,"independent"
36,41,"independent"
36,42,"independent"
40,43,"independent"
40,44,"independent"
40,45,"independent"
40,46,"independent"
38,47,"independent"
38,48,"independent"
36,49,"independent"
38,50,"independent"
36,51,"independent"
40,52,"independent"
40,53,"independent"
36,54,"independent"
38,55,"independent"
40,56,"independent"
40,57,"independent"
40,58,"independent"
40,59,"independent"
40,60,"independent"
38,61,"independent"
38,62,"independent"
38,63,"independent"
38,64,"independent"
40,65,"independent"
40,66,"independent"
38,67,"independent"
38,68,"independent"
38,69,"independent"
40,70,"independent"
40,71,"independent"
38,72,"independent"
40,73,"independent"
40,74,"independent"
40,75,"independent"
40,76,"independent"
38,77,"independent"
40,78,"independent"
40,79,"independent"
38,80,"independent"
36,81,"independent"
38,82,"independent"
38,83,"independent"
38,84,"independent"
38,85,"independent"
40,86,"independent"
40,87,"independent"
36,88,"independent"
38,89,"independent"
38,90,"independent"
40,91,"independent"
36,92,"independent"
40,93,"independent"
40,94,"independent"
38,95,"independent"
38,96,"independent"
38,97,"independent"
40,98,"independent"
38,99,"independent"
38,100,"independent"
38,101,"independent"
40,102,"independent"
38,103,"independent"
36,104,"independent"
40,105,"independent"
38,106,"independent"
36,107,"independent"
40,108,"independent"
38,109,"independent"
38,110,"independent"
40,111,"independent"
40,112,"independent"
38,113,"independent"
36,114,"independent"
38,115,"independent"
40,116,"independent"
40,117,"independent"
40,118,"independent"
38,119,"independent"
38,120,"independent"
38,121,"independent"
40,122,"independent"
40,123,"independent"
40,124,"independent"
38,125,"independent"
38,126,"independent"
38,127,"independent"
38,128,"independent"
40,129,"independent"
40,130,"independent"
40,131,"independent"
40,132,"independent"
40,133,"independent"
40,134,"independent"
40,135,"independent"
40,136,"independent"
38,137,"independent"
36,138,"independent"
38,139,"independent"
38,140,"independent"
40,141,"independent"
38,142,"independent"
36,143,"independent"
40,144,"independent"
38,145,"independent"
40,146,"independent"
38,147,"independent"
36,148,"independent"
38,149,"independent"
40,150,"independent"
38,151,"independent"
38,152,"independent"
38,153,"independent"
38,154,"independent"
36,155,"independent"
38,156,"independent"
38,157,"independent"
40,158,"independent"
38,159,"independent"
38,160,"independent"
40,161,"independent"
36,162,"independent"
38,163,"independent"
36,164,"independent"
38,165,"independent"
40,166,"independent"
40,167,"independent"
40,168,"independent"
38,169,"independent"
38,170,"independent"
40,171,"independent"
40,172,"independent"
40,173,"independent"
38,174,"independent"
38,175,"independent"
36,176,"independent"
40,177,"independent"
38,178,"independent"
40,179,"independent"
38,180,"independent"
40,181,"independent"
36,182,"independent"
38,183,"independent"
40,184,"independent"
40,185,"independent"
38,186,"independent"
38,187,"independent"
40,188,"independent"
40,189,"independent"
40,190,"independent"
38,191,"independent"
40,192,"independent"
36,193,"independent"
38,194,"independent"
40,195,"independent"
40,196,"independent"
38,197,"independent"
38,198,"independent"
38,199,"independent"
38,200,"independent"
36,201,"independent"
38,202,"independent"
40,203,"independent"
40,204,"independent"
40,205,"independent"
40,206,"independent"
38,207,"independent"
38,208,"independent"
38,209,"independent"
38,210,"independent"
40,211,"independent"
38,212,"independent"
38,213,"independent"
36,214,"independent"
38,215,"independent"
40,216,"independent"
38,217,"independent"
40,218,"independent"
38,219,"independent"
38,220,"independent"
38,221,"independent"
38,222,"independent"
40,223,"independent"
40,224,"independent"
40,225,"independent"
38,226,"independent"
40,227,"independent"
38,228,"independent"
40,229,"independent"
40,230,"independent"
36,231,"independent"
36,232,"independent"
38,233,"independent"
36,234,"independent"
40,235,"independent"
38,236,"independent"
38,237,"independent"
38,238,"independent"
38,239,"independent"
38,240,"independent"
40,241,"independent"
40,242,"independent"
36,243,"independent"
40,244,"independent"
36,245,"independent"
36,246,"independent"
38,247,"independent"
38,248,"independent"
40,249,"independent"
40,250,"independent"
36,251,"independent"
40,252,"independent"
38,253,"independent"
40,254,"independent"
40,255,"independent"
40,256,"independent"
40,257,"independent"
38,258,"independent"
38,259,"independent"
38,260,"independent"
40,261,"independent"
36,262,"independent"
38,263,"independent"
38,264,"independent"
36,265,"independent"
36,266,"independent"
38,267,"independent"
40,268,"independent"
38,269,"independent"
38,270,"independent"
40,271,"independent"
40,272,"independent"
40,273,"independent"
40,274,"independent"
40,275,"independent"
40,276,"independent"
38,277,"independent"
38,278,"independent"
36,279,"independent"
40,280,"independent"
38,281,"independent"
36,282,"independent"
38,283,"independent"
38,284,"independent"
38,285,"independent"
40,286,"independent"
40,287,"independent"
38,288,"independent"
40,289,"independent"
38,290,"independent"
38,291,"independent"
40,292,"independent"
38,293,"independent"
40,294,"independent"
40,295,"independent"
38,296,"independent"
40,297,"independent"
40,298,"independent"
40,299,"independent"
40,300,"independent"
40,301,"independent"
38,302,"independent"
38,303,"independent"
40,304,"independent"
38,305,"independent"
38,306,"independent"
40,307,"independent"
38,308,"independent"
38,309,"independent"
40,310,"independent"
36,311,"independent"
36,312,"independent"
38,313,"independent"
40,314,"independent"
38,315,"independent"
40,316,"independent"
40,317,"independent"
40,318,"independent"
40,319,"independent"
38,320,"independent"
38,321,"independent"
38,322,"independent"
38,323,"independent"
38,324,"independent"
40,325,"independent"
40,326,"independent"
38,327,"independent"
40,328,"independent"
36,329,"independent"
40,330,"independent"
40,331,"independent"
38,332,"independent"
40,333,"independent"
36,334,"independent"
38,335,"independent"
38,336,"independent"
40,337,"independent"
38,338,"independent"
40,339,"independent"
38,340,"independent"
38,341,"independent"
40,342,"independent"
40,343,"independent"
40,344,"independent"
40,345,"independent"
38,346,"independent"
40,347,"independent"
38,348,"independent"
38,349,"independent"
38,350,"independent"
38,351,"independent"
36,352,"independent"
36,353,"independent"
40,354,"independent"
40,355,"independent"
40,356,"independent"
40,357,"independent"
38,358,"independent"
40,359,"independent"
40,360,"independent"
40,361,"independent"
40,362,"independent"
36,363,"independent"
40,364,"independent"
40,365,"independent"
40,366,"independent"
38,367,"independent"
38,368,"independent"
36,369,"independent"
36,370,"independent"
40,371,"independent"
36,372,"independent"
40,373,"independent"
40,374,"independent"
40,375,"independent"
40,376,"independent"
38,377,"independent"
36,378,"independent"
38,379,"independent"
40,380,"independent"
38,381,"independent"
38,382,"independent"
40,383,"independent"
40,384,"independent"
38,385,"independent"
38,386,"independent"
38,387,"independent"
40,388,"independent"
40,389,"independent"
40,390,"independent"
38,391,"independent"
40,392,"independent"
38,393,"independent"
38,394,"independent"
38,395,"independent"
38,396,"independent"
40,397,"independent"
40,398,"independent"
38,399,"independent"
40,400,"independent"
38,401,"independent"
38,402,"independent"
36,403,"independent"
40,404,"independent"
40,405,"independent"
40,406,"independent"
40,407,"independent"
40,408,"independent"
38,409,"independent"
40,410,"independent"
40,411,"independent"
38,412,"independent"
40,413,"independent"
38,414,"independent"
38,415,"independent"
38,416,"independent"
40,417,"independent"
38,418,"independent"
40,419,"independent"
40,420,"independent"
40,421,"independent"
38,422,"independent"
36,423,"independent"
40,424,"independent"
40,425,"independent"
36,426,"independent"
40,427,"independent"
38,428,"independent"
36,429,"independent"
40,430,"independent"
40,431,"independent"
36,432,"independent"
38,433,"independent"
40,434,"independent"
38,435,"independent"
38,436,"independent"
40,437,"independent"
38,438,"independent"
38,439,"independent"
40,440,"independent"
38,441,"independent"
38,442,"independent"
40,443,"independent"
38,444,"independent"
38,445,"independent"
40,446,"independent"
38,447,"independent"
38,448,"independent"
40,449,"independent"
38,450,"independent"
40,451,"independent"
38,452,"independent"
40,453,"independent"
38,454,"independent"
38,455,"independent"
38,456,"independent"
38,457,"independent"
38,458,"independent"
38,459,"independent"
40,460,"independent"
40,461,"independent"
36,462,"independent"
38,463,"independent"
40,464,"independent"
40,465,"independent"
38,466,"independent"
40,467,"independent"
40,468,"independent"
40,469,"independent"
38,470,"independent"
38,471,"independent"
36,472,"independent"
36,473,"independent"
38,474,"independent"
36,475,"independent"
38,476,"independent"
36,477,"independent"
36,478,"independent"
40,479,"independent"
40,480,"independent"
38,481,"independent"
40,482,"independent"
38,483,"independent"
38,484,"independent"
40,485,"independent"
36,486,"independent"
38,487,"independent"
40,488,"independent"
40,489,"independent"
40,490,"independent"
38,491,"independent"
40,492,"independent"
36,493,"independent"
40,494,"independent"
38,495,"independent"
38,496,"independent"
38,497,"independent"
38,498,"independent"
38,499,"independent"
38,500,"independent"
38,501,"independent"
40,502,"independent"
38,503,"independent"
38,504,"independent"
38,505,"independent"
40,506,"independent"
38,507,"independent"
38,508,"independent"
36,509,"independent"
40,510,"independent"
40,511,"independent"
38,512,"independent"
38,513,"independent"
38,514,"independent"
36,515,"independent"
38,516,"independent"
38,517,"independent"
40,518,"independent"
38,519,"independent"
38,520,"independent"
38,521,"independent"
38,522,"independent"
38,523,"independent"
40,524,"independent"
40,525,"independent"
38,526,"independent"
36,527,"independent"
40,528,"independent"
40,529,"independent"
38,530,"independent"
38,531,"independent"
38,532,"independent"
38,533,"independent"
38,534,"independent"
38,535,"independent"
38,536,"independent"
38,537,"independent"
38,538,"independent"
38,539,"independent"
38,540,"independent"
40,541,"independent"
40,542,"independent"
38,543,"independent"
40,544,"independent"
38,545,"independent"
40,546,"independent"
40,547,"independent"
40,548,"independent"
38,549,"independent"
36,550,"independent"
40,551,"independent"
40,552,"independent"
40,553,"independent"
40,554,"independent"
38,555,"independent"
40,556,"independent"
40,557,"independent"
40,558,"independent"
38,559,"independent"
40,560,"independent"
38,561,"independent"
40,562,"independent"
40,563,"independent"
38,564,"independent"
38,565,"independent"
40,566,"independent"
40,567,"independent"
40,568,"independent"
36,569,"independent"
38,570,"independent"
38,571,"independent"
38,572,"independent"
40,573,"independent"
38,574,"independent"
40,575,"independent"
36,576,"independent"
38,577,"independent"
40,578,"independent"
40,579,"independent"
38,580,"independent"
38,581,"independent"
38,582,"independent"
38,583,"independent"
36,584,"independent"
38,585,"independent"
40,586,"independent"
40,587,"independent"
40,588,"independent"
38,589,"independent"
38,590,"independent"
38,591,"independent"
36,592,"independent"
38,593,"independent"
40,594,"independent"
38,595,"independent"
38,596,"independent"
38,597,"independent"
40,598,"independent"
40,599,"independent"
38,600,"independent"
40,601,"independent"
40,602,"independent"
38,603,"independent"
40,604,"independent"
36,605,"independent"
38,606,"independent"
38,607,"independent"
40,608,"independent"
38,609,"independent"
38,610,"independent"
38,611,"independent"
40,612,"independent"
40,613,"independent"
38,614,"independent"
36,615,"independent"
36,616,"independent"
38,617,"independent"
38,618,"independent"
40,619,"independent"
40,620,"independent"
38,621,"independent"
40,622,"independent"
40,623,"independent"
38,624,"independent"
36,625,"independent"
38,626,"independent"
40,627,"independent"
40,628,"independent"
40,629,"independent"
38,630,"independent"
40,631,"independent"
38,632,"independent"
40,633,"independent"
38,634,"independent"
40,635,"independent"
38,636,"independent"
36,637,"independent"
36,638,"independent"
36,639,"independent"
36,640,"independent"
38,641,"independent"
38,642,"independent"
36,643,"independent"
40,644,"independent"
40,645,"independent"
40,646,"independent"
40,647,"independent"
40,648,"independent"
38,649,"independent"
38,650,"independent"
38,651,"independent"
40,652,"independent"
38,653,"independent"
40,654,"independent"
38,655,"independent"
36,656,"independent"
36,657,"independent"
38,658,"independent"
40,659,"independent"
40,660,"independent"
40,661,"independent"
36,662,"independent"
38,663,"independent"
40,664,"independent"
40,665,"independent"
36,666,"independent"
40,667,"independent"
38,668,"independent"
36,669,"independent"
38,670,"independent"
38,671,"independent"
40,672,"independent"
38,673,"independent"
38,674,"independent"
36,675,"independent"
36,676,"independent"
38,677,"independent"
40,678,"independent"
38,679,"independent"
40,680,"independent"
38,681,"independent"
36,682,"independent"
38,683,"independent"
38,684,"independent"
40,685,"independent"
40,686,"independent"
38,687,"independent"
36,688,"independent"
40,689,"independent"
38,690,"independent"
36,691,"independent"
40,692,"independent"
38,693,"independent"
40,694,"independent"
40,695,"independent"
40,696,"independent"
40,697,"independent"
38,698,"independent"
40,699,"independent"
40,700,"independent"
38,701,"independent"
40,702,"independent"
36,703,"independent"
38,704,"independent"
40,705,"independent"
40,706,"independent"
38,707,"independent"
36,708,"independent"
40,709,"independent"
40,710,"independent"
38,711,"independent"
40,712,"independent"
38,713,"independent"
40,714,"independent"
40,715,"independent"
38,716,"independent"
40,717,"independent"
40,718,"independent"
36,719,"independent"
38,720,"independent"
40,721,"independent"
38,722,"independent"
40,723,"independent"
40,724,"independent"
40,725,"independent"
38,726,"independent"
36,727,"independent"
38,728,"independent"
40,729,"independent"
38,730,"independent"
40,731,"independent"
40,732,"independent"
38,733,"independent"
40,734,"independent"
38,735,"independent"
40,736,"independent"
40,737,"independent"
38,738,"independent"
38,739,"independent"
38,740,"independent"
40,741,"independent"
38,742,"independent"
38,743,"independent"
40,744,"independent"
38,745,"independent"
40,746,"independent"
36,747,"independent"
40,748,"independent"
40,749,"independent"
40,750,"independent"
38,751,"independent"
40,752,"independent"
40,753,"independent"
40,754,"independent"
38,755,"independent"
40,756,"independent"
38,757,"independent"
40,758,"independent"
40,759,"independent"
40,760,"independent"
38,761,"independent"
36,762,"independent"
36,763,"independent"
38,764,"independent"
38,765,"independent"
40,766,"independent"
40,767,"independent"
40,768,"independent"
40,769,"independent"
40,770,"independent"
38,771,"independent"
38,772,"independent"
40,773,"independent"
40,774,"independent"
40,775,"independent"
36,776,"independent"
38,777,"independent"
40,778,"independent"
38,779,"independent"
36,780,"independent"
38,781,"independent"
38,782,"independent"
40,783,"independent"
40,784,"independent"
38,785,"independent"
38,786,"independent"
38,787,"independent"
40,788,"independent"
38,789,"independent"
38,790,"independent"
38,791,"independent"
38,792,"independent"
38,793,"independent"
38,794,"independent"
38,795,"independent"
38,796,"independent"
40,797,"independent"
36,798,"independent"
38,799,"independent"
40,800,"independent"
38,801,"independent"
38,802,"independent"
40,803,"independent"
40,804,"independent"
38,805,"independent"
38,806,"independent"
38,807,"independent"
38,808,"independent"
40,809,"independent"
40,810,"independent"
36,811,"independent"
40,812,"independent"
40,813,"independent"
40,814,"independent"
40,815,"independent"
38,816,"independent"
40,817,"independent"
38,818,"independent"
38,819,"independent"
40,820,"independent"
40,821,"independent"
40,822,"independent"
38,823,"independent"
40,824,"independent"
40,825,"independent"
36,826,"independent"
38,827,"independent"
36,828,"independent"
40,829,"independent"
40,830,"independent"
38,831,"independent"
40,832,"independent"
38,833,"independent"
38,834,"independent"
36,835,"independent"
40,836,"independent"
38,837,"independent"
38,838,"independent"
40,839,"independent"
38,840,"independent"
36,841,"independent"
40,842,"independent"
40,843,"independent"
36,844,"independent"
40,845,"independent"
40,846,"independent"
40,847,"independent"
36,848,"independent"
38,849,"independent"
38,850,"independent"
40,851,"independent"
38,852,"independent"
36,853,"independent"
38,854,"independent"
40,855,"independent"
36,856,"independent"
38,857,"independent"
40,858,"independent"
36,859,"independent"
38,860,"independent"
38,861,"independent"
38,862,"independent"
38,863,"independent"
40,864,"independent"
38,865,"independent"
38,866,"independent"
40,867,"independent"
38,868,"independent"
40,869,"independent"
38,870,"independent"
40,871,"independent"
38,872,"independent"
40,873,"independent"
38,874,"independent"
40,875,"independent"
38,876,"independent"
36,877,"independent"
38,878,"independent"
38,879,"independent"
36,880,"independent"
38,881,"independent"
40,882,"independent"
38,883,"independent"
38,884,"independent"
40,885,"independent"
38,886,"independent"
38,887,"independent"
40,888,"independent"
38,889,"independent"
40,890,"independent"
40,891,"independent"
38,892,"independent"
40,893,"independent"
36,894,"independent"
40,895,"independent"
40,896,"independent"
36,897,"independent"
38,898,"independent"
40,899,"independent"
38,900,"independent"
38,901,"independent"
38,902,"independent"
40,903,"independent"
40,904,"independent"
40,905,"independent"
40,906,"independent"
36,907,"independent"
38,908,"independent"
38,909,"independent"
40,910,"independent"
36,911,"independent"
38,912,"independent"
40,913,"independent"
38,914,"independent"
36,915,"independent"
40,916,"independent"
38,917,"independent"
38,918,"independent"
38,919,"independent"
38,920,"independent"
38,921,"independent"
38,922,"independent"
38,923,"independent"
40,924,"independent"
38,925,"independent"
38,926,"independent"
36,927,"independent"
38,928,"independent"
40,929,"independent"
38,930,"independent"
38,931,"independent"
40,932,"independent"
38,933,"independent"
40,934,"independent"
40,935,"independent"
40,936,"independent"
36,937,"independent"
40,938,"independent"
38,939,"independent"
38,940,"independent"
40,941,"independent"
38,942,"independent"
36,943,"independent"
40,944,"independent"
38,945,"independent"
36,946,"independent"
38,947,"independent"
36,948,"independent"
38,949,"independent"
38,950,"independent"
40,951,"independent"
40,952,"independent"
40,953,"independent"
40,954,"independent"
40,955,"independent"
38,956,"independent"
38,957,"independent"
40,958,"independent"
38,959,"independent"
38,960,"independent"
40,961,"independent"
40,962,"independent"
40,963,"independent"
40,964,"independent"
40,965,"independent"
40,966,"independent"
40,967,"independent"
38,968,"independent"
40,969,"independent"
40,970,"independent"
38,971,"independent"
38,972,"independent"
38,973,"independent"
38,974,"independent"
40,975,"independent"
38,976,"independent"
38,977,"independent"
40,978,"independent"
38,979,"independent"
40,980,"independent"
40,981,"independent"
40,982,"independent"
40,983,"independent"
40,984,"independent"
40,985,"independent"
40,986,"independent"
38,987,"independent"
38,988,"independent"
38,989,"independent"
38,990,"independent"
38,991,"independent"
40,992,"independent"
40,993,"independent"
38,994,"independent"
36,995,"independent"
36,996,"independent"
40,997,"independent"
38,998,"independent"
40,999,"independent"
40,1000,"independent"
36,1001,"independent"
40,1002,"independent"
40,1003,"independent"
40,1004,"independent"
40,1005,"independent"
40,1006,"independent"
38,1007,"independent"
38,1008,"independent"
40,1009,"independent"
38,1010,"independent"
38,1011,"independent"
38,1012,"independent"
38,1013,"independent"
40,1014,"independent"
38,1015,"independent"
40,1016,"independent"
38,1017,"independent"
38,1018,"independent"
40,1019,"independent"
38,1020,"independent"
36,1021,"independent"
40,1022,"independent"
38,1023,"independent"
38,1024,"independent"
38,1025,"independent"
40,1026,"independent"
40,1027,"independent"
38,1028,"independent"
38,1029,"independent"
40,1030,"independent"
40,1031,"independent"
38,1032,"independent"
40,1033,"independent"
40,1034,"independent"
38,1035,"independent"
40,1036,"independent"
40,1037,"independent"
38,1038,"independent"
40,1039,"independent"
38,1040,"independent"
40,1041,"independent"
38,1042,"independent"
38,1043,"independent"
40,1044,"independent"
40,1045,"independent"
40,1046,"independent"
40,1047,"independent"
40,1048,"independent"
40,1049,"independent"
38,1050,"independent"
40,1051,"independent"
40,1052,"independent"
40,1053,"independent"
40,1054,"independent"
38,1055,"independent"
40,1056,"independent"
40,1057,"independent"
40,1058,"independent"
40,1059,"independent"
38,1060,"independent"
36,1061,"independent"
40,1062,"independent"
40,1063,"independent"
38,1064,"independent"
38,1065,"independent"
38,1066,"independent"
38,1067,"independent"
40,1068,"independent"
40,1069,"independent"
40,1070,"independent"
40,1071,"independent"
40,1072,"independent"
38,1073,"independent"
36,1074,"independent"
40,1075,"independent"
36,1076,"independent"
40,1077,"independent"
36,1078,"independent"
38,1079,"independent"
40,1080,"independent"
40,1081,"independent"
40,1082,"independent"
40,1083,"independent"
40,1084,"independent"
40,1085,"independent"
40,1086,"independent"
40,1087,"independent"
38,1088,"independent"
38,1089,"independent"
36,1090,"independent"
36,1091,"independent"
38,1092,"independent"
38,1093,"independent"
40,1094,"independent"
38,1095,"independent"
40,1096,"independent"
38,1097,"independent"
38,1098,"independent"
36,1099,"independent"
40,1100,"independent"
38,1101,"independent"
40,1102,"independent"
40,1103,"independent"
38,1104,"independent"
38,1105,"independent"
38,1106,"independent"
38,1107,"independent"
38,1108,"independent"
40,1109,"independent"
38,1110,"independent"
40,1111,"independent"
40,1112,"independent"
38,1113,"independent"
40,1114,"independent"
40,1115,"independent"
40,1116,"independent"
38,1117,"independent"
36,1118,"independent"
38,1119,"independent"
40,1120,"independent"
36,1121,"independent"
38,1122,"independent"
40,1123,"independent"
38,1124,"independent"
40,1125,"independent"
40,1126,"independent"
38,1127,"independent"
36,1128,"independent"
38,1129,"independent"
36,1130,"independent"
38,1131,"independent"
40,1132,"independent"
38,1133,"independent"
36,1134,"independent"
38,1135,"independent"
38,1136,"independent"
36,1137,"independent"
38,1138,"independent"
40,1139,"independent"
40,1140,"independent"
36,1141,"independent"
40,1142,"independent"
38,1143,"independent"
38,1144,"independent"
36,1145,"independent"
38,1146,"independent"
40,1147,"independent"
36,1148,"independent"
40,1149,"independent"
40,1150,"independent"
38,1151,"independent"
40,1152,"independent"
38,1153,"independent"
40,1154,"independent"
38,1155,"independent"
38,1156,"independent"
38,1157,"independent"
38,1158,"independent"
40,1159,"independent"
38,1160,"independent"
38,1161,"independent"
38,1162,"independent"
38,1163,"independent"
38,1164,"independent"
38,1165,"independent"
38,1166,"independent"
40,1167,"independent"
38,1168,"independent"
38,1169,"independent"
36,1170,"independent"
38,1171,"independent"
38,1172,"independent"
40,1173,"independent"
40,1174,"independent"
38,1175,"independent"
40,1176,"independent"
40,1177,"independent"
38,1178,"independent"
38,1179,"independent"
36,1180,"independent"
40,1181,"independent"
40,1182,"independent"
40,1183,"independent"
40,1184,"independent"
40,1185,"independent"
40,1186,"independent"
40,1187,"independent"
38,1188,"independent"
38,1189,"independent"
38,1190,"independent"
38,1191,"independent"
40,1192,"independent"
40,1193,"independent"
40,1194,"independent"
40,1195,"independent"
40,1196,"independent"
40,1197,"independent"
40,1198,"independent"
40,1199,"independent"
40,1200,"independent"
40,1201,"independent"
38,1202,"independent"
38,1203,"independent"
36,1204,"independent"
38,1205,"independent"
38,1206,"independent"
38,1207,"independent"
38,1208,"independent"
38,1209,"independent"
38,1210,"independent"
40,1211,"independent"
40,1212,"independent"
36,1213,"independent"
40,1214,"independent"
40,1215,"independent"
40,1216,"independent"
38,1217,"independent"
38,1218,"independent"
36,1219,"independent"
36,1220,"independent"
40,1221,"independent"
38,1222,"independent"
40,1223,"independent"
40,1224,"independent"
36,1225,"independent"
38,1226,"independent"
40,1227,"independent"
40,1228,"independent"
40,1229,"independent"
38,1230,"independent"
36,1231,"independent"
38,1232,"independent"
40,1233,"independent"
40,1234,"independent"
40,1235,"independent"
38,1236,"independent"
40,1237,"independent"
36,1238,"independent"
38,1239,"independent"
40,1240,"independent"
40,1241,"independent"
38,1242,"independent"
40,1243,"independent"
36,1244,"independent"
40,1245,"independent"
38,1246,"independent"
40,1247,"independent"
38,1248,"independent"
40,1249,"independent"
36,1250,"independent"
38,1251,"independent"
40,1252,"independent"
36,1253,"independent"
38,1254,"independent"
38,1255,"independent"
40,1256,"independent"
40,1257,"independent"
40,1258,"independent"
40,1259,"independent"
38,1260,"independent"
40,1261,"independent"
40,1262,"independent"
40,1263,"independent"
40,1264,"independent"
38,1265,"independent"
38,1266,"independent"
40,1267,"independent"
40,1268,"independent"
36,1269,"independent"
40,1270,"independent"
40,1271,"independent"
38,1272,"independent"
38,1273,"independent"
38,1274,"independent"
40,1275,"independent"
40,1276,"independent"
40,1277,"independent"
40,1278,"independent"
40,1279,"independent"
38,1280,"independent"
38,1281,"independent"
38,1282,"independent"
38,1283,"independent"
40,1284,"independent"
40,1285,"independent"
36,1286,"independent"
36,1287,"independent"
36,1288,"independent"
40,1289,"independent"
40,1290,"independent"
38,1291,"independent"
38,1292,"independent"
40,1293,"independent"
38,1294,"independent"
40,1295,"independent"
40,1296,"independent"
38,1297,"independent"
40,1298,"independent"
38,1299,"independent"
38,1300,"independent"
38,1301,"independent"
40,1302,"independent"
36,1303,"independent"
40,1304,"independent"
40,1305,"independent"
40,1306,"independent"
40,1307,"independent"
38,1308,"independent"
38,1309,"independent"
40,1310,"independent"
40,1311,"independent"
36,1312,"independent"
36,1313,"independent"
40,1314,"independent"
40,1315,"independent"
40,1316,"independent"
40,1317,"independent"
38,1318,"independent"
40,1319,"independent"
40,1320,"independent"
40,1321,"independent"
38,1322,"independent"
38,1323,"independent"
40,1324,"independent"
40,1325,"independent"
40,1326,"independent"
40,1327,"independent"
40,1328,"independent"
40,1329,"independent"
40,1330,"independent"
40,1331,"independent"
36,1332,"independent"
40,1333,"independent"
38,1334,"independent"
36,1335,"independent"
40,1336,"independent"
40,1337,"independent"
38,1338,"independent"
38,1339,"independent"
38,1340,"independent"
40,1341,"independent"
38,1342,"independent"
40,1343,"independent"
38,1344,"independent"
40,1345,"independent"
38,1346,"independent"
38,1347,"independent"
36,1348,"independent"
40,1349,"independent"
40,1350,"independent"
40,1351,"independent"
38,1352,"independent"
40,1353,"independent"
36,1354,"independent"
40,1355,"independent"
40,1356,"independent"
40,1357,"independent"
40,1358,"independent"
38,1359,"independent"
38,1360,"independent"
36,1361,"independent"
40,1362,"independent"
38,1363,"independent"
36,1364,"independent"
40,1365,"independent"
38,1366,"independent"
40,1367,"independent"
38,1368,"independent"
40,1369,"independent"
40,1370,"independent"
38,1371,"independent"
38,1372,"independent"
40,1373,"independent"
40,1374,"independent"
40,1375,"independent"
40,1376,"independent"
36,1377,"independent"
38,1378,"independent"
38,1379,"independent"
40,1380,"independent"
38,1381,"independent"
40,1382,"independent"
38,1383,"independent"
40,1384,"independent"
40,1385,"independent"
40,1386,"independent"
38,1387,"independent"
40,1388,"independent"
38,1389,"independent"
40,1390,"independent"
38,1391,"independent"
38,1392,"independent"
36,1393,"independent"
36,1394,"independent"
40,1395,"independent"
40,1396,"independent"
40,1397,"independent"
38,1398,"independent"
40,1399,"independent"
38,1400,"independent"
40,1401,"independent"
38,1402,"independent"
40,1403,"independent"
40,1404,"independent"
40,1405,"independent"
40,1406,"independent"
40,1407,"independent"
40,1408,"independent"
40,1409,"independent"
40,1410,"independent"
40,1411,"independent"
40,1412,"independent"
40,1413,"independent"
38,1414,"independent"
38,1415,"independent"
40,1416,"independent"
38,1417,"independent"
40,1418,"independent"
38,1419,"independent"
38,1420,"independent"
40,1421,"independent"
38,1422,"independent"
38,1423,"independent"
40,1424,"independent"
40,1425,"independent"
38,1426,"independent"
40,1427,"independent"
38,1428,"independent"
40,1429,"independent"
40,1430,"independent"
38,1431,"independent"
40,1432,"independent"
36,1433,"independent"
40,1434,"independent"
36,1435,"independent"
38,1436,"independent"
40,1437,"independent"
40,1438,"independent"
38,1439,"independent"
40,1440,"independent"
38,1441,"independent"
38,1442,"independent"
38,1443,"independent"
40,1444,"independent"
38,1445,"independent"
40,1446,"independent"
38,1447,"independent"
40,1448,"independent"
38,1449,"independent"
38,1450,"independent"
40,1451,"independent"
40,1452,"independent"
38,1453,"independent"
38,1454,"independent"
40,1455,"independent"
40,1456,"independent"
38,1457,"independent"
36,1458,"independent"
38,1459,"independent"
36,1460,"independent"
40,1461,"independent"
38,1462,"independent"
38,1463,"independent"
40,1464,"independent"
40,1465,"independent"
38,1466,"independent"
38,1467,"independent"
40,1468,"independent"
40,1469,"independent"
38,1470,"independent"
38,1471,"independent"
40,1472,"independent"
36,1473,"independent"
38,1474,"independent"
40,1475,"independent"
40,1476,"independent"
38,1477,"independent"
38,1478,"independent"
38,1479,"independent"
38,1480,"independent"
36,1481,"independent"
36,1482,"independent"
38,1483,"independent"
38,1484,"independent"
40,1485,"independent"
40,1486,"independent"
38,1487,"independent"
38,1488,"independent"
38,1489,"independent"
38,1490,"independent"
40,1491,"independent"
38,1492,"independent"
40,1493,"independent"
40,1494,"independent"
36,1495,"independent"
38,1496,"independent"
40,1497,"independent"
40,1498,"independent"
40,1499,"independent"
38,1500,"independent"
38,1501,"independent"
40,1502,"independent"
38,1503,"independent"
40,1504,"independent"
38,1505,"independent"
38,1506,"independent"
40,1507,"independent"
36,1508,"independent"
38,1509,"independent"
40,1510,"independent"
40,1511,"independent"
40,1512,"independent"
40,1513,"independent"
38,1514,"independent"
36,1515,"independent"
36,1516,"independent"
38,1517,"independent"
38,1518,"independent"
40,1519,"independent"
38,1520,"independent"
38,1521,"independent"
40,1522,"independent"
38,1523,"independent"
40,1524,"independent"
38,1525,"independent"
38,1526,"independent"
38,1527,"independent"
38,1528,"independent"
38,1529,"independent"
40,1530,"independent"
38,1531,"independent"
36,1532,"independent"
38,1533,"independent"
38,1534,"independent"
40,1535,"independent"
38,1536,"independent"
36,1537,"independent"
38,1538,"independent"
38,1539,"independent"
38,1540,"independent"
36,1541,"independent"
38,1542,"independent"
38,1543,"independent"
38,1544,"independent"
40,1545,"independent"
38,1546,"independent"
38,1547,"independent"
40,1548,"independent"
36,1549,"independent"
38,1550,"independent"
40,1551,"independent"
40,1552,"independent"
40,1553,"independent"
40,1554,"independent"
38,1555,"independent"
40,1556,"independent"
40,1557,"independent"
40,1558,"independent"
36,1559,"independent"
38,1560,"independent"
38,1561,"independent"
40,1562,"independent"
36,1563,"independent"
38,1564,"independent"
38,1565,"independent"
40,1566,"independent"
38,1567,"independent"
36,1568,"independent"
36,1569,"independent"
38,1570,"independent"
36,1571,"independent"
38,1572,"independent"
40,1573,"independent"
40,1574,"independent"
40,1575,"independent"
40,1576,"independent"
36,1577,"independent"
38,1578,"independent"
40,1579,"independent"
40,1580,"independent"
38,1581,"independent"
40,1582,"independent"
40,1583,"independent"
36,1584,"independent"
40,1585,"independent"
38,1586,"independent"
38,1587,"independent"
40,1588,"independent"
40,1589,"independent"
38,1590,"independent"
36,1591,"independent"
38,1592,"independent"
38,1593,"independent"
40,1594,"independent"
40,1595,"independent"
36,1596,"independent"
38,1597,"independent"
38,1598,"independent"
36,1599,"independent"
40,1600,"independent"
38,1601,"independent"
40,1602,"independent"
38,1603,"independent"
40,1604,"independent"
40,1605,"independent"
38,1606,"independent"
40,1607,"independent"
38,1608,"independent"
38,1609,"independent"
38,1610,"independent"
38,1611,"independent"
38,1612,"independent"
38,1613,"independent"
40,1614,"independent"
36,1615,"independent"
40,1616,"independent"
38,1617,"independent"
38,1618,"independent"
38,1619,"independent"
40,1620,"independent"
38,1621,"independent"
38,1622,"independent"
40,1623,"independent"
38,1624,"independent"
40,1625,"independent"
38,1626,"independent"
40,1627,"independent"
40,1628,"independent"
40,1629,"independent"
38,1630,"independent"
40,1631,"independent"
38,1632,"independent"
40,1633,"independent"
40,1634,"independent"
38,1635,"independent"
38,1636,"independent"
38,1637,"independent"
40,1638,"independent"
38,1639,"independent"
36,1640,"independent"
38,1641,"independent"
40,1642,"independent"
38,1643,"independent"
38,1644,"independent"
40,1645,"independent"
40,1646,"independent"
40,1647,"independent"
38,1648,"independent"
40,1649,"independent"
40,1650,"independent"
38,1651,"independent"
40,1652,"independent"
36,1653,"independent"
38,1654,"independent"
38,1655,"independent"
38,1656,"independent"
40,1657,"independent"
38,1658,"independent"
40,1659,"independent"
38,1660,"independent"
40,1661,"independent"
38,1662,"independent"
40,1663,"independent"
40,1664,"independent"
40,1665,"independent"
38,1666,"independent"
40,1667,"independent"
40,1668,"independent"
38,1669,"independent"
40,1670,"independent"
38,1671,"independent"
38,1672,"independent"
40,1673,"independent"
40,1674,"independent"
38,1675,"independent"
38,1676,"independent"
36,1677,"independent"
40,1678,"independent"
38,1679,"independent"
38,1680,"independent"
38,1681,"independent"
36,1682,"independent"
38,1683,"independent"
40,1684,"independent"
40,1685,"independent"
40,1686,"independent"
36,1687,"independent"
38,1688,"independent"
38,1689,"independent"
38,1690,"independent"
38,1691,"independent"
40,1692,"independent"
40,1693,"independent"
38,1694,"independent"
36,1695,"independent"
36,1696,"independent"
40,1697,"independent"
40,1698,"independent"
40,1699,"independent"
38,1700,"independent"
38,1701,"independent"
40,1702,"independent"
38,1703,"independent"
40,1704,"independent"
40,1705,"independent"
40,1706,"independent"
40,1707,"independent"
40,1708,"independent"
38,1709,"independent"
40,1710,"independent"
38,1711,"independent"
40,1712,"independent"
40,1713,"independent"
40,1714,"independent"
38,1715,"independent"
38,1716,"independent"
38,1717,"independent"
40,1718,"independent"
40,1719,"independent"
40,1720,"independent"
40,1721,"independent"
38,1722,"independent"
36,1723,"independent"
40,1724,"independent"
40,1725,"independent"
40,1726,"independent"
38,1727,"independent"
40,1728,"independent"
40,1729,"independent"
40,1730,"independent"
38,1731,"independent"
38,1732,"independent"
40,1733,"independent"
40,1734,"independent"
40,1735,"independent"
40,1736,"independent"
38,1737,"independent"
38,1738,"independent"
38,1739,"independent"
36,1740,"independent"
40,1741,"independent"
38,1742,"independent"
40,1743,"independent"
38,1744,"independent"
40,1745,"independent"
40,1746,"independent"
40,1747,"independent"
40,1748,"independent"
38,1749,"independent"
36,1750,"independent"
40,1751,"independent"
40,1752,"independent"
38,1753,"independent"
38,1754,"independent"
38,1755,"independent"
38,1756,"independent"
38,1757,"independent"
36,1758,"independent"
38,1759,"independent"
38,1760,"independent"
38,1761,"independent"
36,1762,"independent"
38,1763,"independent"
38,1764,"independent"
40,1765,"independent"
38,1766,"independent"
36,1767,"independent"
36,1768,"independent"
38,1769,"independent"
38,1770,"independent"
40,1771,"independent"
40,1772,"independent"
38,1773,"independent"
38,1774,"independent"
40,1775,"independent"
40,1776,"independent"
38,1777,"independent"
38,1778,"independent"
40,1779,"independent"
38,1780,"independent"
40,1781,"independent"
40,1782,"independent"
38,1783,"independent"
38,1784,"independent"
40,1785,"independent"
40,1786,"independent"
40,1787,"independent"
40,1788,"independent"
40,1789,"independent"
36,1790,"independent"
38,1791,"independent"
38,1792,"independent"
38,1793,"independent"
38,1794,"independent"
40,1795,"independent"
38,1796,"independent"
40,1797,"independent"
38,1798,"independent"
40,1799,"independent"
38,1800,"independent"
36,1801,"independent"
40,1802,"independent"
38,1803,"independent"
40,1804,"independent"
38,1805,"independent"
38,1806,"independent"
38,1807,"independent"
38,1808,"independent"
38,1809,"independent"
40,1810,"independent"
40,1811,"independent"
38,1812,"independent"
40,1813,"independent"
38,1814,"independent"
38,1815,"independent"
38,1816,"independent"
40,1817,"independent"
40,1818,"independent"
40,1819,"independent"
38,1820,"independent"
38,1821,"independent"
40,1822,"independent"
40,1823,"independent"
36,1824,"independent"
38,1825,"independent"
38,1826,"independent"
36,1827,"independent"
38,1828,"independent"
38,1829,"independent"
38,1830,"independent"
38,1831,"independent"
40,1832,"independent"
38,1833,"independent"
40,1834,"independent"
36,1835,"independent"
38,1836,"independent"
36,1837,"independent"
38,1838,"independent"
38,1839,"independent"
40,1840,"independent"
40,1841,"independent"
40,1842,"independent"
38,1843,"independent"
40,1844,"independent"
38,1845,"independent"
38,1846,"independent"
40,1847,"independent"
40,1848,"independent"
40,1849,"independent"
38,1850,"independent"
40,1851,"independent"
38,1852,"independent"
38,1853,"independent"
40,1854,"independent"
40,1855,"independent"
36,1856,"independent"
40,1857,"independent"
38,1858,"independent"
38,1859,"independent"
40,1860,"independent"
40,1861,"independent"
40,1862,"independent"
40,1863,"independent"
40,1864,"independent"
40,1865,"independent"
38,1866,"independent"
40,1867,"independent"
40,1868,"independent"
38,1869,"independent"
40,1870,"independent"
40,1871,"independent"
40,1872,"independent"
38,1873,"independent"
38,1874,"independent"
38,1875,"independent"
40,1876,"independent"
40,1877,"independent"
38,1878,"independent"
38,1879,"independent"
40,1880,"independent"
38,1881,"independent"
38,1882,"independent"
40,1883,"independent"
38,1884,"independent"
38,1885,"independent"
38,1886,"independent"
40,1887,"independent"
38,1888,"independent"
38,1889,"independent"
38,1890,"independent"
40,1891,"independent"
40,1892,"independent"
36,1893,"independent"
38,1894,"independent"
38,1895,"independent"
38,1896,"independent"
38,1897,"independent"
36,1898,"independent"
40,1899,"independent"
40,1900,"independent"
38,1901,"independent"
38,1902,"independent"
38,1903,"independent"
38,1904,"independent"
40,1905,"independent"
40,1906,"independent"
38,1907,"independent"
36,1908,"independent"
40,1909,"independent"
38,1910,"independent"
40,1911,"independent"
40,1912,"independent"
36,1913,"independent"
38,1914,"independent"
38,1915,"independent"
40,1916,"independent"
40,1917,"independent"
38,1918,"independent"
38,1919,"independent"
40,1920,"independent"
40,1921,"independent"
40,1922,"independent"
40,1923,"independent"
40,1924,"independent"
40,1925,"independent"
38,1926,"independent"
40,1927,"independent"
40,1928,"independent"
38,1929,"independent"
36,1930,"independent"
40,1931,"independent"
38,1932,"independent"
40,1933,"independent"
40,1934,"independent"
38,1935,"independent"
40,1936,"independent"
38,1937,"independent"
38,1938,"independent"
38,1939,"independent"
36,1940,"independent"
36,1941,"independent"
38,1942,"independent"
38,1943,"independent"
38,1944,"independent"
38,1945,"independent"
40,1946,"independent"
40,1947,"independent"
38,1948,"independent"
40,1949,"independent"
40,1950,"independent"
38,1951,"independent"
38,1952,"independent"
40,1953,"independent"
40,1954,"independent"
36,1955,"independent"
38,1956,"independent"
38,1957,"independent"
38,1958,"independent"
36,1959,"independent"
40,1960,"independent"
40,1961,"independent"
38,1962,"independent"
36,1963,"independent"
38,1964,"independent"
40,1965,"independent"
40,1966,"independent"
38,1967,"independent"
40,1968,"independent"
40,1969,"independent"
38,1970,"independent"
40,1971,"independent"
38,1972,"independent"
40,1973,"independent"
38,1974,"independent"
38,1975,"independent"
38,1976,"independent"
38,1977,"independent"
40,1978,"independent"
38,1979,"independent"
38,1980,"independent"
38,1981,"independent"
38,1982,"independent"
38,1983,"independent"
40,1984,"independent"
38,1985,"independent"
36,1986,"independent"
38,1987,"independent"
38,1988,"independent"
38,1989,"independent"
36,1990,"independent"
38,1991,"independent"
38,1992,"independent"
40,1993,"independent"
40,1994,"independent"
40,1995,"independent"
40,1996,"independent"
40,1997,"independent"
36,1998,"independent"
38,1999,"independent"
38,2000,"independent"
38,2001,"independent"
40,2002,"independent"
38,2003,"independent"
38,2004,"independent"
36,2005,"independent"
38,2006,"independent"
38,2007,"independent"
38,2008,"independent"
38,2009,"independent"
40,2010,"independent"
40,2011,"independent"
40,2012,"independent"
38,2013,"independent"
40,2014,"independent"
40,2015,"independent"
40,2016,"independent"
40,2017,"independent"
38,2018,"independent"
40,2019,"independent"
38,2020,"independent"
40,2021,"independent"
36,2022,"independent"
40,2023,"independent"
36,2024,"independent"
40,2025,"independent"
40,2026,"independent"
40,2027,"independent"
38,2028,"independent"
40,2029,"independent"
38,2030,"independent"
40,2031,"independent"
36,2032,"independent"
40,2033,"independent"
38,2034,"independent"
38,2035,"independent"
38,2036,"independent"
40,2037,"independent"
38,2038,"independent"
38,2039,"independent"
38,2040,"independent"
38,2041,"independent"
38,2042,"independent"
38,2043,"independent"
36,2044,"independent"
40,2045,"independent"
40,2046,"independent"
40,2047,"independent"
40,2048,"independent"
36,2049,"independent"
38,2050,"independent"
40,2051,"independent"
40,2052,"independent"
38,2053,"independent"
36,2054,"independent"
40,2055,"independent"
40,2056,"independent"
38,2057,"independent"
38,2058,"independent"
38,2059,"independent"
40,2060,"independent"
36,2061,"independent"
40,2062,"independent"
38,2063,"independent"
40,2064,"independent"
40,2065,"independent"
40,2066,"independent"
38,2067,"independent"
38,2068,"independent"
38,2069,"independent"
40,2070,"independent"
40,2071,"independent"
38,2072,"independent"
38,2073,"independent"
40,2074,"independent"
38,2075,"independent"
36,2076,"independent"
38,2077,"independent"
38,2078,"independent"
38,2079,"independent"
40,2080,"independent"
40,2081,"independent"
38,2082,"independent"
38,2083,"independent"
40,2084,"independent"
36,2085,"independent"
38,2086,"independent"
40,2087,"independent"
38,2088,"independent"
40,2089,"independent"
38,2090,"independent"
38,2091,"independent"
38,2092,"independent"
36,2093,"independent"
38,2094,"independent"
38,2095,"independent"
40,2096,"independent"
36,2097,"independent"
40,2098,"independent"
38,2099,"independent"
38,2100,"independent"
38,2101,"independent"
38,2102,"independent"
36,2103,"independent"
38,2104,"independent"
36,2105,"independent"
38,2106,"independent"
40,2107,"independent"
38,2108,"independent"
38,2109,"independent"
40,2110,"independent"
40,2111,"independent"
40,2112,"independent"
38,2113,"independent"
38,2114,"independent"
40,2115,"independent"
40,2116,"independent"
38,2117,"independent"
38,2118,"independent"
38,2119,"independent"
38,2120,"independent"
36,2121,"independent"
36,2122,"independent"
36,2123,"independent"
40,2124,"independent"
40,2125,"independent"
40,2126,"independent"
40,2127,"independent"
40,2128,"independent"
38,2129,"independent"
40,2130,"independent"
38,2131,"independent"
40,2132,"independent"
38,2133,"independent"
38,2134,"independent"
40,2135,"independent"
40,2136,"independent"
40,2137,"independent"
40,2138,"independent"
40,2139,"independent"
40,2140,"independent"
40,2141,"independent"
36,2142,"independent"
38,2143,"independent"
38,2144,"independent"
40,2145,"independent"
38,2146,"independent"
40,2147,"independent"
40,2148,"independent"
38,2149,"independent"
38,2150,"independent"
40,2151,"independent"
38,2152,"independent"
38,2153,"independent"
40,2154,"independent"
38,2155,"independent"
38,2156,"independent"
38,2157,"independent"
36,2158,"independent"
40,2159,"independent"
40,2160,"independent"
36,2161,"independent"
38,2162,"independent"
36,2163,"independent"
38,2164,"independent"
38,2165,"independent"
38,2166,"independent"
36,2167,"independent"
36,2168,"independent"
40,2169,"independent"
38,2170,"independent"
38,2171,"independent"
36,2172,"independent"
40,2173,"independent"
40,2174,"independent"
40,2175,"independent"
38,2176,"independent"
40,2177,"independent"
40,2178,"independent"
40,2179,"independent"
38,2180,"independent"
40,2181,"independent"
38,2182,"independent"
40,2183,"independent"
40,2184,"independent"
40,2185,"independent"
40,2186,"independent"
40,2187,"independent"
36,2188,"independent"
40,2189,"independent"
38,2190,"independent"
38,2191,"independent"
40,2192,"independent"
40,2193,"independent"
40,2194,"independent"
38,2195,"independent"
38,2196,"independent"
38,2197,"independent"
38,2198,"independent"
40,2199,"independent"
40,2200,"independent"
38,2201,"independent"
40,2202,"independent"
36,2203,"independent"
40,2204,"independent"
38,2205,"independent"
40,2206,"independent"
36,2207,"independent"
38,2208,"independent"
38,2209,"independent"
40,2210,"independent"
40,2211,"independent"
38,2212,"independent"
38,2213,"independent"
38,2214,"independent"
40,2215,"independent"
36,2216,"independent"
40,2217,"independent"
40,2218,"independent"
40,2219,"independent"
40,2220,"independent"
40,2221,"independent"
36,2222,"independent"
40,2223,"independent"
40,2224,"independent"
38,2225,"independent"
40,2226,"independent"
36,2227,"independent"
38,2228,"independent"
40,2229,"independent"
38,2230,"independent"
38,2231,"independent"
36,2232,"independent"
40,2233,"independent"
38,2234,"independent"
38,2235,"independent"
40,2236,"independent"
40,2237,"independent"
40,2238,"independent"
40,2239,"independent"
40,2240,"independent"
40,2241,"independent"
38,2242,"independent"
38,2243,"independent"
38,2244,"independent"
38,2245,"independent"
40,2246,"independent"
38,2247,"independent"
40,2248,"independent"
38,2249,"independent"
40,2250,"independent"
40,2251,"independent"
40,2252,"independent"
38,2253,"independent"
38,2254,"independent"
40,2255,"independent"
38,2256,"independent"
40,2257,"independent"
40,2258,"independent"
40,2259,"independent"
40,2260,"independent"
40,2261,"independent"
38,2262,"independent"
40,2263,"independent"
40,2264,"independent"
40,2265,"independent"
38,2266,"independent"
38,2267,"independent"
40,2268,"independent"
38,2269,"independent"
40,2270,"independent"
40,2271,"independent"
38,2272,"independent"
40,2273,"independent"
38,2274,"independent"
38,2275,"independent"
40,2276,"independent"
40,2277,"independent"
40,2278,"independent"
40,2279,"independent"
40,2280,"independent"
40,2281,"independent"
40,2282,"independent"
38,2283,"independent"
38,2284,"independent"
40,2285,"independent"
40,2286,"independent"
40,2287,"independent"
40,2288,"independent"
38,2289,"independent"
40,2290,"independent"
40,2291,"independent"
38,2292,"independent"
38,2293,"independent"
38,2294,"independent"
38,2295,"independent"
36,2296,"independent"
38,2297,"independent"
38,2298,"independent"
38,2299,"independent"
40,2300,"independent"
40,2301,"independent"
38,2302,"independent"
38,2303,"independent"
40,2304,"independent"
40,2305,"independent"
38,2306,"independent"
40,2307,"independent"
40,2308,"independent"
38,2309,"independent"
40,2310,"independent"
40,2311,"independent"
40,2312,"independent"
40,2313,"independent"
40,2314,"independent"
38,2315,"independent"
38,2316,"independent"
40,2317,"independent"
40,2318,"independent"
40,2319,"independent"
40,2320,"independent"
40,2321,"independent"
38,2322,"independent"
36,2323,"independent"
38,2324,"independent"
38,2325,"independent"
38,2326,"independent"
40,2327,"independent"
40,2328,"independent"
38,2329,"independent"
38,2330,"independent"
38,2331,"independent"
38,2332,"independent"
38,2333,"independent"
38,2334,"independent"
40,2335,"independent"
40,2336,"independent"
38,2337,"independent"
40,2338,"independent"
40,2339,"independent"
38,2340,"independent"
40,2341,"independent"
36,2342,"independent"
36,2343,"independent"
38,2344,"independent"
40,2345,"independent"
40,2346,"independent"
40,2347,"independent"
40,2348,"independent"
38,2349,"independent"
38,2350,"independent"
38,2351,"independent"
38,2352,"independent"
40,2353,"independent"
40,2354,"independent"
40,2355,"independent"
38,2356,"independent"
36,2357,"independent"
36,2358,"independent"
38,2359,"independent"
38,2360,"independent"
40,2361,"independent"
36,2362,"independent"
38,2363,"independent"
38,2364,"independent"
38,2365,"independent"
40,2366,"independent"
40,2367,"independent"
40,2368,"independent"
36,2369,"independent"
38,2370,"independent"
40,2371,"independent"
40,2372,"independent"
40,2373,"independent"
40,2374,"independent"
38,2375,"independent"
40,2376,"independent"
40,2377,"independent"
40,2378,"independent"
40,2379,"independent"
40,2380,"independent"
40,2381,"independent"
40,2382,"independent"
40,2383,"independent"
38,2384,"independent"
38,2385,"independent"
40,2386,"independent"
38,2387,"independent"
38,2388,"independent"
38,2389,"independent"
36,2390,"independent"
40,2391,"independent"
38,2392,"independent"
40,2393,"independent"
36,2394,"independent"
38,2395,"independent"
38,2396,"independent"
38,2397,"independent"
40,2398,"independent"
38,2399,"independent"
38,2400,"independent"
38,2401,"independent"
38,2402,"independent"
36,2403,"independent"
38,2404,"independent"
40,2405,"independent"
38,2406,"independent"
40,2407,"independent"
36,2408,"independent"
40,2409,"independent"
40,2410,"independent"
40,2411,"independent"
38,2412,"independent"
40,2413,"independent"
40,2414,"independent"
36,2415,"independent"
38,2416,"independent"
40,2417,"independent"
40,2418,"independent"
40,2419,"independent"
38,2420,"independent"
36,2421,"independent"
40,2422,"independent"
38,2423,"independent"
40,2424,"independent"
40,2425,"independent"
38,2426,"independent"
38,2427,"independent"
38,2428,"independent"
40,2429,"independent"
40,2430,"independent"
38,2431,"independent"
38,2432,"independent"
40,2433,"independent"
40,2434,"independent"
36,2435,"independent"
36,2436,"independent"
40,2437,"independent"
40,2438,"independent"
40,2439,"independent"
40,2440,"independent"
38,2441,"independent"
38,2442,"independent"
38,2443,"independent"
38,2444,"independent"
36,2445,"independent"
40,2446,"independent"
38,2447,"independent"
36,2448,"independent"
40,2449,"independent"
40,2450,"independent"
40,2451,"independent"
38,2452,"independent"
38,2453,"independent"
38,2454,"independent"
40,2455,"independent"
36,2456,"independent"
36,2457,"independent"
40,2458,"independent"
38,2459,"independent"
40,2460,"independent"
40,2461,"independent"
38,2462,"independent"
38,2463,"independent"
40,2464,"independent"
40,2465,"independent"
40,2466,"independent"
36,2467,"independent"
38,2468,"independent"
36,2469,"independent"
40,2470,"independent"
40,2471,"independent"
38,2472,"independent"
38,2473,"independent"
40,2474,"independent"
40,2475,"independent"
40,2476,"independent"
40,2477,"independent"
36,2478,"independent"
38,2479,"independent"
38,2480,"independent"
38,2481,"independent"
38,2482,"independent"
38,2483,"independent"
40,2484,"independent"
40,2485,"independent"
40,2486,"independent"
40,2487,"independent"
40,2488,"independent"
38,2489,"independent"
38,2490,"independent"
38,2491,"independent"
38,2492,"independent"
38,2493,"independent"
38,2494,"independent"
36,2495,"independent"
40,2496,"independent"
40,2497,"independent"
40,2498,"independent"
36,2499,"independent"
38,2500,"independent"
40,2501,"independent"
40,2502,"independent"
40,2503,"independent"
38,2504,"independent"
40,2505,"independent"
40,2506,"independent"
36,2507,"independent"
38,2508,"independent"
40,2509,"independent"
40,2510,"independent"
40,2511,"independent"
38,2512,"independent"
36,2513,"independent"
38,2514,"independent"
40,2515,"independent"
38,2516,"independent"
36,2517,"independent"
38,2518,"independent"
38,2519,"independent"
40,2520,"independent"
38,2521,"independent"
40,2522,"independent"
40,2523,"independent"
38,2524,"independent"
40,2525,"independent"
38,2526,"independent"
38,2527,"independent"
40,2528,"independent"
38,2529,"independent"
40,2530,"independent"
40,2531,"independent"
38,2532,"independent"
40,2533,"independent"
40,2534,"independent"
40,2535,"independent"
38,2536,"independent"
40,2537,"independent"
40,2538,"independent"
40,2539,"independent"
40,2540,"independent"
40,2541,"independent"
40,2542,"independent"
40,2543,"independent"
40,2544,"independent"
40,2545,"independent"
40,2546,"independent"
40,2547,"independent"
38,2548,"independent"
40,2549,"independent"
38,2550,"independent"
38,2551,"independent"
38,2552,"independent"
36,2553,"independent"
38,2554,"independent"
38,2555,"independent"
40,2556,"independent"
40,2557,"independent"
40,2558,"independent"
38,2559,"independent"
40,2560,"independent"
38,2561,"independent"
40,2562,"independent"
40,2563,"independent"
36,2564,"independent"
36,2565,"independent"
38,2566,"independent"
40,2567,"independent"
38,2568,"independent"
36,2569,"independent"
38,2570,"independent"
38,2571,"independent"
40,2572,"independent"
40,2573,"independent"
36,2574,"independent"
38,2575,"independent"
40,2576,"independent"
36,2577,"independent"
38,2578,"independent"
38,2579,"independent"
38,2580,"independent"
38,2581,"independent"
40,2582,"independent"
38,2583,"independent"
38,2584,"independent"
40,2585,"independent"
38,2586,"independent"
40,2587,"independent"
40,2588,"independent"
40,2589,"independent"
38,2590,"independent"
38,2591,"independent"
38,2592,"independent"
38,2593,"independent"
40,2594,"independent"
40,2595,"independent"
36,2596,"independent"
38,2597,"independent"
36,2598,"independent"
40,2599,"independent"
40,2600,"independent"
38,2601,"independent"
38,2602,"independent"
38,2603,"independent"
38,2604,"independent"
36,2605,"independent"
38,2606,"independent"
40,2607,"independent"
38,2608,"independent"
40,2609,"independent"
38,2610,"independent"
38,2611,"independent"
38,2612,"independent"
40,2613,"independent"
38,2614,"independent"
38,2615,"independent"
38,2616,"independent"
38,2617,"independent"
40,2618,"independent"
38,2619,"independent"
38,2620,"independent"
40,2621,"independent"
40,2622,"independent"
38,2623,"independent"
40,2624,"independent"
40,2625,"independent"
40,2626,"independent"
40,2627,"independent"
36,2628,"independent"
38,2629,"independent"
36,2630,"independent"
36,2631,"independent"
38,2632,"independent"
38,2633,"independent"
38,2634,"independent"
38,2635,"independent"
40,2636,"independent"
40,2637,"independent"
40,2638,"independent"
38,2639,"independent"
40,2640,"independent"
40,2641,"independent"
40,2642,"independent"
36,2643,"independent"
40,2644,"independent"
38,2645,"independent"
40,2646,"independent"
38,2647,"independent"
38,2648,"independent"
36,2649,"independent"
40,2650,"independent"
38,2651,"independent"
40,2652,"independent"
40,2653,"independent"
40,2654,"independent"
40,2655,"independent"
40,2656,"independent"
38,2657,"independent"
38,2658,"independent"
38,2659,"independent"
38,2660,"independent"
40,2661,"independent"
40,2662,"independent"
38,2663,"independent"
40,2664,"independent"
36,2665,"independent"
38,2666,"independent"
40,2667,"independent"
40,2668,"independent"
40,2669,"independent"
38,2670,"independent"
38,2671,"independent"
38,2672,"independent"
38,2673,"independent"
38,2674,"independent"
38,2675,"independent"
40,2676,"independent"
38,2677,"independent"
40,2678,"independent"
40,2679,"independent"
40,2680,"independent"
40,2681,"independent"
38,2682,"independent"
40,2683,"independent"
40,2684,"independent"
38,2685,"independent"
38,2686,"independent"
40,2687,"independent"
40,2688,"independent"
38,2689,"independent"
38,2690,"independent"
36,2691,"independent"
40,2692,"independent"
40,2693,"independent"
38,2694,"independent"
40,2695,"independent"
36,2696,"independent"
40,2697,"independent"
40,2698,"independent"
40,2699,"independent"
38,2700,"independent"
38,2701,"independent"
38,2702,"independent"
38,2703,"independent"
38,2704,"independent"
38,2705,"independent"
38,2706,"independent"
38,2707,"independent"
40,2708,"independent"
40,2709,"independent"
40,2710,"independent"
38,2711,"independent"
38,2712,"independent"
38,2713,"independent"
38,2714,"independent"
40,2715,"independent"
38,2716,"independent"
40,2717,"independent"
36,2718,"independent"
36,2719,"independent"
38,2720,"independent"
40,2721,"independent"
40,2722,"independent"
38,2723,"independent"
38,2724,"independent"
40,2725,"independent"
38,2726,"independent"
40,2727,"independent"
40,2728,"independent"
38,2729,"independent"
38,2730,"independent"
38,2731,"independent"
38,2732,"independent"
38,2733,"independent"
40,2734,"independent"
38,2735,"independent"
40,2736,"independent"
40,2737,"independent"
38,2738,"independent"
38,2739,"independent"
36,2740,"independent"
36,2741,"independent"
36,2742,"independent"
36,2743,"independent"
38,2744,"independent"
40,2745,"independent"
40,2746,"independent"
36,2747,"independent"
36,2748,"independent"
40,2749,"independent"
38,2750,"independent"
40,2751,"independent"
40,2752,"independent"
40,2753,"independent"
40,2754,"independent"
38,2755,"independent"
40,2756,"independent"
40,2757,"independent"
38,2758,"independent"
38,2759,"independent"
38,2760,"independent"
40,2761,"independent"
38,2762,"independent"
40,2763,"independent"
40,2764,"independent"
38,2765,"independent"
38,2766,"independent"
40,2767,"independent"
38,2768,"independent"
40,2769,"independent"
40,2770,"independent"
40,2771,"independent"
38,2772,"independent"
40,2773,"independent"
38,2774,"independent"
38,2775,"independent"
40,2776,"independent"
38,2777,"independent"
40,2778,"independent"
38,2779,"independent"
36,2780,"independent"
36,2781,"independent"
38,2782,"independent"
36,2783,"independent"
40,2784,"independent"
40,2785,"independent"
40,2786,"independent"
40,2787,"independent"
38,2788,"independent"
38,2789,"independent"
36,2790,"independent"
38,2791,"independent"
40,2792,"independent"
38,2793,"independent"
38,2794,"independent"
38,2795,"independent"
38,2796,"independent"
38,2797,"independent"
40,2798,"independent"
38,2799,"independent"
40,2800,"independent"
36,2801,"independent"
38,2802,"independent"
38,2803,"independent"
36,2804,"independent"
40,2805,"independent"
40,2806,"independent"
38,2807,"independent"
40,2808,"independent"
38,2809,"independent"
38,2810,"independent"
38,2811,"independent"
40,2812,"independent"
40,2813,"independent"
38,2814,"independent"
40,2815,"independent"
40,2816,"independent"
38,2817,"independent"
38,2818,"independent"
36,2819,"independent"
40,2820,"independent"
40,2821,"independent"
38,2822,"independent"
40,2823,"independent"
38,2824,"independent"
38,2825,"independent"
40,2826,"independent"
38,2827,"independent"
38,2828,"independent"
38,2829,"independent"
36,2830,"independent"
40,2831,"independent"
40,2832,"independent"
38,2833,"independent"
38,2834,"independent"
40,2835,"independent"
40,2836,"independent"
38,2837,"independent"
40,2838,"independent"
40,2839,"independent"
40,2840,"independent"
40,2841,"independent"
40,2842,"independent"
40,2843,"independent"
38,2844,"independent"
38,2845,"independent"
38,2846,"independent"
40,2847,"independent"
40,2848,"independent"
40,2849,"independent"
38,2850,"independent"
36,2851,"independent"
38,2852,"independent"
40,2853,"independent"
38,2854,"independent"
38,2855,"independent"
38,2856,"independent"
38,2857,"independent"
36,2858,"independent"
38,2859,"independent"
38,2860,"independent"
38,2861,"independent"
38,2862,"independent"
38,2863,"independent"
40,2864,"independent"
38,2865,"independent"
36,2866,"independent"
38,2867,"independent"
38,2868,"independent"
40,2869,"independent"
38,2870,"independent"
38,2871,"independent"
38,2872,"independent"
38,2873,"independent"
38,2874,"independent"
40,2875,"independent"
38,2876,"independent"
40,2877,"independent"
40,2878,"independent"
40,2879,"independent"
38,2880,"independent"
40,2881,"independent"
38,2882,"independent"
40,2883,"independent"
38,2884,"independent"
38,2885,"independent"
40,2886,"independent"
38,2887,"independent"
38,2888,"independent"
40,2889,"independent"
40,2890,"independent"
40,2891,"independent"
40,2892,"independent"
38,2893,"independent"
38,2894,"independent"
40,2895,"independent"
40,2896,"independent"
38,2897,"independent"
38,2898,"independent"
40,2899,"independent"
40,2900,"independent"
38,2901,"independent"
38,2902,"independent"
40,2903,"independent"
38,2904,"independent"
40,2905,"independent"
36,2906,"independent"
40,2907,"independent"
38,2908,"independent"
40,2909,"independent"
40,2910,"independent"
40,2911,"independent"
40,2912,"independent"
38,2913,"independent"
40,2914,"independent"
36,2915,"independent"
40,2916,"independent"
38,2917,"independent"
40,2918,"independent"
40,2919,"independent"
40,2920,"independent"
40,2921,"independent"
40,2922,"independent"
40,2923,"independent"
38,2924,"independent"
38,2925,"independent"
40,2926,"independent"
40,2927,"independent"
38,2928,"independent"
40,2929,"independent"
40,2930,"independent"
38,2931,"independent"
38,2932,"independent"
38,2933,"independent"
40,2934,"independent"
40,2935,"independent"
40,2936,"independent"
40,2937,"independent"
38,2938,"independent"
40,2939,"independent"
40,2940,"independent"
40,2941,"independent"
40,2942,"independent"
40,2943,"independent"
40,2944,"independent"
38,2945,"independent"
38,2946,"independent"
38,2947,"independent"
40,2948,"independent"
40,2949,"independent"
38,2950,"independent"
36,2951,"independent"
38,2952,"independent"
36,2953,"independent"
38,2954,"independent"
38,2955,"independent"
36,2956,"independent"
38,2957,"independent"
38,2958,"independent"
36,2959,"independent"
40,2960,"independent"
40,2961,"independent"
38,2962,"independent"
40,2963,"independent"
38,2964,"independent"
40,2965,"independent"
38,2966,"independent"
38,2967,"independent"
38,2968,"independent"
38,2969,"independent"
38,2970,"independent"
38,2971,"independent"
40,2972,"independent"
40,2973,"independent"
40,2974,"independent"
38,2975,"independent"
38,2976,"independent"
40,2977,"independent"
38,2978,"independent"
36,2979,"independent"
40,2980,"independent"
38,2981,"independent"
38,2982,"independent"
38,2983,"independent"
38,2984,"independent"
38,2985,"independent"
40,2986,"independent"
40,2987,"independent"
40,2988,"independent"
40,2989,"independent"
38,2990,"independent"
38,2991,"independent"
38,2992,"independent"
36,2993,"independent"
38,2994,"independent"
38,2995,"independent"
36,2996,"independent"
38,2997,"independent"
38,2998,"independent"
40,2999,"independent"
38,3000,"independent"
38,3001,"independent"
40,3002,"independent"
40,3003,"independent"
38,3004,"independent"
40,3005,"independent"
38,3006,"independent"
40,3007,"independent"
40,3008,"independent"
40,3009,"independent"
36,3010,"independent"
38,3011,"independent"
40,3012,"independent"
40,3013,"independent"
40,3014,"independent"
40,3015,"independent"
38,3016,"independent"
36,3017,"independent"
38,3018,"independent"
36,3019,"independent"
40,3020,"independent"
40,3021,"independent"
40,3022,"independent"
40,3023,"independent"
40,3024,"independent"
40,3025,"independent"
36,3026,"independent"
38,3027,"independent"
38,3028,"independent"
40,3029,"independent"
38,3030,"independent"
38,3031,"independent"
40,3032,"independent"
36,3033,"independent"
38,3034,"independent"
38,3035,"independent"
38,3036,"independent"
38,3037,"independent"
38,3038,"independent"
40,3039,"independent"
38,3040,"independent"
38,3041,"independent"
38,3042,"independent"
38,3043,"independent"
40,3044,"independent"
40,3045,"independent"
38,3046,"independent"
38,3047,"independent"
38,3048,"independent"
38,3049,"independent"
40,3050,"independent"
40,3051,"independent"
40,3052,"independent"
40,3053,"independent"
38,3054,"independent"
38,3055,"independent"
38,3056,"independent"
40,3057,"independent"
40,3058,"independent"
40,3059,"independent"
36,3060,"independent"
40,3061,"independent"
40,3062,"independent"
36,3063,"independent"
36,3064,"independent"
36,3065,"independent"
38,3066,"independent"
38,3067,"independent"
38,3068,"independent"
40,3069,"independent"
40,3070,"independent"
38,3071,"independent"
40,3072,"independent"
40,3073,"independent"
40,3074,"independent"
38,3075,"independent"
38,3076,"independent"
38,3077,"independent"
40,3078,"independent"
40,3079,"independent"
38,3080,"independent"
40,3081,"independent"
40,3082,"independent"
40,3083,"independent"
40,3084,"independent"
38,3085,"independent"
38,3086,"independent"
36,3087,"independent"
38,3088,"independent"
38,3089,"independent"
40,3090,"independent"
40,3091,"independent"
40,3092,"independent"
38,3093,"independent"
38,3094,"independent"
38,3095,"independent"
38,3096,"independent"
38,3097,"independent"
40,3098,"independent"
40,3099,"independent"
40,3100,"independent"
40,3101,"independent"
40,3102,"independent"
40,3103,"independent"
40,3104,"independent"
36,3105,"independent"
40,3106,"independent"
40,3107,"independent"
38,3108,"independent"
38,3109,"independent"
40,3110,"independent"
38,3111,"independent"
38,3112,"independent"
38,3113,"independent"
38,3114,"independent"
40,3115,"independent"
40,3116,"independent"
40,3117,"independent"
40,3118,"independent"
38,3119,"independent"
40,3120,"independent"
38,3121,"independent"
38,3122,"independent"
36,3123,"independent"
38,3124,"independent"
40,3125,"independent"
40,3126,"independent"
36,3127,"independent"
36,3128,"independent"
40,3129,"independent"
38,3130,"independent"
38,3131,"independent"
38,3132,"independent"
38,3133,"independent"
40,3134,"independent"
40,3135,"independent"
38,3136,"independent"
38,3137,"independent"
40,3138,"independent"
40,3139,"independent"
40,3140,"independent"
40,3141,"independent"
40,3142,"independent"
36,3143,"independent"
38,3144,"independent"
40,3145,"independent"
38,3146,"independent"
38,3147,"independent"
40,3148,"independent"
40,3149,"independent"
38,3150,"independent"
38,3151,"independent"
40,3152,"independent"
40,3153,"independent"
38,3154,"independent"
40,3155,"independent"
38,3156,"independent"
38,3157,"independent"
36,3158,"independent"
38,3159,"independent"
40,3160,"independent"
40,3161,"independent"
40,3162,"independent"
40,3163,"independent"
40,3164,"independent"
40,3165,"independent"
40,3166,"independent"
40,3167,"independent"
38,3168,"independent"
38,3169,"independent"
38,3170,"independent"
38,3171,"independent"
38,3172,"independent"
40,3173,"independent"
40,3174,"independent"
40,3175,"independent"
38,3176,"independent"
40,3177,"independent"
40,3178,"independent"
36,3179,"independent"
38,3180,"independent"
40,3181,"independent"
40,3182,"independent"
40,3183,"independent"
38,3184,"independent"
40,3185,"independent"
38,3186,"independent"
38,3187,"independent"
40,3188,"independent"
38,3189,"independent"
38,3190,"independent"
38,3191,"independent"
40,3192,"independent"
40,3193,"independent"
40,3194,"independent"
38,3195,"independent"
38,3196,"independent"
38,3197,"independent"
38,3198,"independent"
38,3199,"independent"
38,3200,"independent"
38,3201,"independent"
38,3202,"independent"
40,3203,"independent"
40,3204,"independent"
36,3205,"independent"
38,3206,"independent"
38,3207,"independent"
40,3208,"independent"
38,3209,"independent"
38,3210,"independent"
40,3211,"independent"
38,3212,"independent"
40,3213,"independent"
40,3214,"independent"
36,3215,"independent"
38,3216,"independent"
38,3217,"independent"
38,3218,"independent"
36,3219,"independent"
38,3220,"independent"
38,3221,"independent"
38,3222,"independent"
36,3223,"independent"
40,3224,"independent"
40,3225,"independent"
36,3226,"independent"
38,3227,"independent"
40,3228,"independent"
38,3229,"independent"
38,3230,"independent"
38,3231,"independent"
38,3232,"independent"
38,3233,"independent"
38,3234,"independent"
40,3235,"independent"
38,3236,"independent"
38,3237,"independent"
38,3238,"independent"
38,3239,"independent"
40,3240,"independent"
36,3241,"independent"
40,3242,"independent"
38,3243,"independent"
38,3244,"independent"
40,3245,"independent"
38,3246,"independent"
38,3247,"independent"
40,3248,"independent"
36,3249,"independent"
38,3250,"independent"
38,3251,"independent"
40,3252,"independent"
38,3253,"independent"
40,3254,"independent"
40,3255,"independent"
40,3256,"independent"
36,3257,"independent"
40,3258,"independent"
40,3259,"independent"
40,3260,"independent"
40,3261,"independent"
38,3262,"independent"
40,3263,"independent"
38,3264,"independent"
40,3265,"independent"
40,3266,"independent"
40,3267,"independent"
38,3268,"independent"
38,3269,"independent"
38,3270,"independent"
38,3271,"independent"
38,3272,"independent"
38,3273,"independent"
38,3274,"independent"
38,3275,"independent"
38,3276,"independent"
38,3277,"independent"
38,3278,"independent"
40,3279,"independent"
38,3280,"independent"
38,3281,"independent"
38,3282,"independent"
38,3283,"independent"
40,3284,"independent"
36,3285,"independent"
38,3286,"independent"
36,3287,"independent"
40,3288,"independent"
36,3289,"independent"
38,3290,"independent"
38,3291,"independent"
40,3292,"independent"
36,3293,"independent"
40,3294,"independent"
40,3295,"independent"
40,3296,"independent"
40,3297,"independent"
40,3298,"independent"
38,3299,"independent"
40,3300,"independent"
40,3301,"independent"
40,3302,"independent"
40,3303,"independent"
40,3304,"independent"
38,3305,"independent"
38,3306,"independent"
38,3307,"independent"
40,3308,"independent"
38,3309,"independent"
40,3310,"independent"
40,3311,"independent"
40,3312,"independent"
40,3313,"independent"
38,3314,"independent"
38,3315,"independent"
40,3316,"independent"
38,3317,"independent"
38,3318,"independent"
38,3319,"independent"
38,3320,"independent"
40,3321,"independent"
40,3322,"independent"
40,3323,"independent"
38,3324,"independent"
38,3325,"independent"
38,3326,"independent"
40,3327,"independent"
38,3328,"independent"
38,3329,"independent"
40,3330,"independent"
40,3331,"independent"
36,3332,"independent"
38,3333,"independent"
36,3334,"independent"
40,3335,"independent"
38,3336,"independent"
40,3337,"independent"
40,3338,"independent"
40,3339,"independent"
36,3340,"independent"
40,3341,"independent"
38,3342,"independent"
38,3343,"independent"
40,3344,"independent"
38,3345,"independent"
36,3346,"independent"
36,3347,"independent"
36,3348,"independent"
38,3349,"independent"
40,3350,"independent"
38,3351,"independent"
38,3352,"independent"
40,3353,"independent"
38,3354,"independent"
40,3355,"independent"
38,3356,"independent"
38,3357,"independent"
40,3358,"independent"
40,3359,"independent"
40,3360,"independent"
36,3361,"independent"
38,3362,"independent"
40,3363,"independent"
38,3364,"independent"
40,3365,"independent"
38,3366,"independent"
38,3367,"independent"
40,3368,"independent"
40,3369,"independent"
40,3370,"independent"
40,3371,"independent"
38,3372,"independent"
40,3373,"independent"
36,3374,"independent"
40,3375,"independent"
38,3376,"independent"
40,3377,"independent"
40,3378,"independent"
40,3379,"independent"
40,3380,"independent"
38,3381,"independent"
38,3382,"independent"
36,3383,"independent"
38,3384,"independent"
40,3385,"independent"
40,3386,"independent"
38,3387,"independent"
38,3388,"independent"
38,3389,"independent"
38,3390,"independent"
40,3391,"independent"
38,3392,"independent"
40,3393,"independent"
38,3394,"independent"
40,3395,"independent"
40,3396,"independent"
36,3397,"independent"
38,3398,"independent"
38,3399,"independent"
40,3400,"independent"
40,3401,"independent"
38,3402,"independent"
40,3403,"independent"
40,3404,"independent"
38,3405,"independent"
38,3406,"independent"
38,3407,"independent"
36,3408,"independent"
40,3409,"independent"
40,3410,"independent"
38,3411,"independent"
40,3412,"independent"
38,3413,"independent"
38,3414,"independent"
36,3415,"independent"
38,3416,"independent"
36,3417,"independent"
38,3418,"independent"
38,3419,"independent"
40,3420,"independent"
40,3421,"independent"
38,3422,"independent"
38,3423,"independent"
38,3424,"independent"
38,3425,"independent"
40,3426,"independent"
40,3427,"independent"
40,3428,"independent"
36,3429,"independent"
38,3430,"independent"
38,3431,"independent"
38,3432,"independent"
40,3433,"independent"
40,3434,"independent"
38,3435,"independent"
38,3436,"independent"
38,3437,"independent"
38,3438,"independent"
40,3439,"independent"
40,3440,"independent"
38,3441,"independent"
40,3442,"independent"
40,3443,"independent"
40,3444,"independent"
36,3445,"independent"
40,3446,"independent"
40,3447,"independent"
40,3448,"independent"
40,3449,"independent"
38,3450,"independent"
40,3451,"independent"
40,3452,"independent"
38,3453,"independent"
40,3454,"independent"
40,3455,"independent"
38,3456,"independent"
38,3457,"independent"
40,3458,"independent"
40,3459,"independent"
40,3460,"independent"
40,3461,"independent"
40,3462,"independent"
40,3463,"independent"
40,3464,"independent"
38,3465,"independent"
38,3466,"independent"
40,3467,"independent"
40,3468,"independent"
36,3469,"independent"
38,3470,"independent"
40,3471,"independent"
40,3472,"independent"
40,3473,"independent"
38,3474,"independent"
40,3475,"independent"
40,3476,"independent"
38,3477,"independent"
40,3478,"independent"
36,3479,"independent"
40,3480,"independent"
38,3481,"independent"
38,3482,"independent"
38,3483,"independent"
38,3484,"independent"
38,3485,"independent"
38,3486,"independent"
40,3487,"independent"
40,3488,"independent"
36,3489,"independent"
38,3490,"independent"
40,3491,"independent"
40,3492,"independent"
40,3493,"independent"
38,3494,"independent"
38,3495,"independent"
40,3496,"independent"
38,3497,"independent"
38,3498,"independent"
38,3499,"independent"
40,3500,"independent"
40,3501,"independent"
40,3502,"independent"
40,3503,"independent"
36,3504,"independent"
36,3505,"independent"
38,3506,"independent"
40,3507,"independent"
38,3508,"independent"
40,3509,"independent"
38,3510,"independent"
40,3511,"independent"
40,3512,"independent"
40,3513,"independent"
38,3514,"independent"
40,3515,"independent"
38,3516,"independent"
36,3517,"independent"
38,3518,"independent"
38,3519,"independent"
40,3520,"independent"
38,3521,"independent"
40,3522,"independent"
38,3523,"independent"
38,3524,"independent"
40,3525,"independent"
40,3526,"independent"
40,3527,"independent"
38,3528,"independent"
40,3529,"independent"
38,3530,"independent"
40,3531,"independent"
40,3532,"independent"
38,3533,"independent"
38,3534,"independent"
36,3535,"independent"
40,3536,"independent"
40,3537,"independent"
38,3538,"independent"
36,3539,"independent"
36,3540,"independent"
38,3541,"independent"
38,3542,"independent"
38,3543,"independent"
38,3544,"independent"
38,3545,"independent"
38,3546,"independent"
38,3547,"independent"
38,3548,"independent"
40,3549,"independent"
38,3550,"independent"
36,3551,"independent"
38,3552,"independent"
38,3553,"independent"
40,3554,"independent"
36,3555,"independent"
40,3556,"independent"
38,3557,"independent"
40,3558,"independent"
38,3559,"independent"
38,3560,"independent"
40,3561,"independent"
40,3562,"independent"
40,3563,"independent"
36,3564,"independent"
38,3565,"independent"
38,3566,"independent"
38,3567,"independent"
36,3568,"independent"
38,3569,"independent"
38,3570,"independent"
38,3571,"independent"
40,3572,"independent"
40,3573,"independent"
36,3574,"independent"
40,3575,"independent"
40,3576,"independent"
38,3577,"independent"
38,3578,"independent"
40,3579,"independent"
40,3580,"independent"
38,3581,"independent"
40,3582,"independent"
40,3583,"independent"
40,3584,"independent"
38,3585,"independent"
36,3586,"independent"
38,3587,"independent"
38,3588,"independent"
38,3589,"independent"
40,3590,"independent"
36,3591,"independent"
38,3592,"independent"
40,3593,"independent"
38,3594,"independent"
38,3595,"independent"
38,3596,"independent"
38,3597,"independent"
38,3598,"independent"
38,3599,"independent"
38,3600,"independent"
38,3601,"independent"
40,3602,"independent"
40,3603,"independent"
38,3604,"independent"
40,3605,"independent"
40,3606,"independent"
40,3607,"independent"
38,3608,"independent"
40,3609,"independent"
40,3610,"independent"
38,3611,"independent"
38,3612,"independent"
36,3613,"independent"
40,3614,"independent"
36,3615,"independent"
38,3616,"independent"
40,3617,"independent"
40,3618,"independent"
38,3619,"independent"
40,3620,"independent"
36,3621,"independent"
40,3622,"independent"
40,3623,"independent"
38,3624,"independent"
38,3625,"independent"
38,3626,"independent"
36,3627,"independent"
36,3628,"independent"
40,3629,"independent"
38,3630,"independent"
38,3631,"independent"
40,3632,"independent"
38,3633,"independent"
38,3634,"independent"
40,3635,"independent"
38,3636,"independent"
40,3637,"independent"
40,3638,"independent"
38,3639,"independent"
38,3640,"independent"
38,3641,"independent"
36,3642,"independent"
40,3643,"independent"
40,3644,"independent"
38,3645,"independent"
40,3646,"independent"
40,3647,"independent"
40,3648,"independent"
40,3649,"independent"
40,3650,"independent"
36,3651,"independent"
36,3652,"independent"
38,3653,"independent"
38,3654,"independent"
38,3655,"independent"
38,3656,"independent"
38,3657,"independent"
38,3658,"independent"
40,3659,"independent"
38,3660,"independent"
36,3661,"independent"
40,3662,"independent"
40,3663,"independent"
38,3664,"independent"
40,3665,"independent"
38,3666,"independent"
40,3667,"independent"
40,3668,"independent"
40,3669,"independent"
38,3670,"independent"
38,3671,"independent"
40,3672,"independent"
40,3673,"independent"
40,3674,"independent"
36,3675,"independent"
40,3676,"independent"
40,3677,"independent"
40,3678,"independent"
40,3679,"independent"
36,3680,"independent"
36,3681,"independent"
40,3682,"independent"
40,3683,"independent"
40,3684,"independent"
40,3685,"independent"
38,3686,"independent"
38,3687,"independent"
40,3688,"independent"
40,3689,"independent"
36,3690,"independent"
38,3691,"independent"
38,3692,"independent"
36,3693,"independent"
36,3694,"independent"
36,3695,"independent"
40,3696,"independent"
38,3697,"independent"
40,3698,"independent"
40,3699,"independent"
40,3700,"independent"
38,3701,"independent"
36,3702,"independent"
38,3703,"independent"
38,3704,"independent"
36,3705,"independent"
38,3706,"independent"
38,3707,"independent"
40,3708,"independent"
38,3709,"independent"
38,3710,"independent"
36,3711,"independent"
36,3712,"independent"
40,3713,"independent"
38,3714,"independent"
40,3715,"independent"
38,3716,"independent"
38,3717,"independent"
36,3718,"independent"
40,3719,"independent"
40,3720,"independent"
38,3721,"independent"
38,3722,"independent"
38,3723,"independent"
40,3724,"independent"
38,3725,"independent"
40,3726,"independent"
40,3727,"independent"
38,3728,"independent"
38,3729,"independent"
40,3730,"independent"
40,3731,"independent"
40,3732,"independent"
40,3733,"independent"
40,3734,"independent"
38,3735,"independent"
40,3736,"independent"
40,3737,"independent"
40,3738,"independent"
38,3739,"independent"
38,3740,"independent"
40,3741,"independent"
40,3742,"independent"
38,3743,"independent"
40,3744,"independent"
40,3745,"independent"
38,3746,"independent"
38,3747,"independent"
38,3748,"independent"
38,3749,"independent"
38,3750,"independent"
38,3751,"independent"
38,3752,"independent"
40,3753,"independent"
38,3754,"independent"
38,3755,"independent"
40,3756,"independent"
38,3757,"independent"
36,3758,"independent"
36,3759,"independent"
36,3760,"independent"
38,3761,"independent"
40,3762,"independent"
40,3763,"independent"
38,3764,"independent"
40,3765,"independent"
40,3766,"independent"
40,3767,"independent"
38,3768,"independent"
38,3769,"independent"
38,3770,"independent"
40,3771,"independent"
36,3772,"independent"
40,3773,"independent"
40,3774,"independent"
38,3775,"independent"
38,3776,"independent"
38,3777,"independent"
38,3778,"independent"
38,3779,"independent"
38,3780,"independent"
40,3781,"independent"
38,3782,"independent"
38,3783,"independent"
38,3784,"independent"
40,3785,"independent"
40,3786,"independent"
40,3787,"independent"
38,3788,"independent"
36,3789,"independent"
38,3790,"independent"
36,3791,"independent"
40,3792,"independent"
38,3793,"independent"
38,3794,"independent"
40,3795,"independent"
38,3796,"independent"
38,3797,"independent"
36,3798,"independent"
38,3799,"independent"
36,3800,"independent"
38,3801,"independent"
38,3802,"independent"
36,3803,"independent"
40,3804,"independent"
38,3805,"independent"
40,3806,"independent"
40,3807,"independent"
40,3808,"independent"
38,3809,"independent"
38,3810,"independent"
38,3811,"independent"
38,3812,"independent"
38,3813,"independent"
40,3814,"independent"
40,3815,"independent"
38,3816,"independent"
40,3817,"independent"
40,3818,"independent"
38,3819,"independent"
40,3820,"independent"
40,3821,"independent"
40,3822,"independent"
40,3823,"independent"
40,3824,"independent"
36,3825,"independent"
38,3826,"independent"
40,3827,"independent"
40,3828,"independent"
38,3829,"independent"
40,3830,"independent"
38,3831,"independent"
40,3832,"independent"
38,3833,"independent"
38,3834,"independent"
38,3835,"independent"
36,3836,"independent"
38,3837,"independent"
40,3838,"independent"
40,3839,"independent"
40,3840,"independent"
38,3841,"independent"
40,3842,"independent"
40,3843,"independent"
38,3844,"independent"
38,3845,"independent"
38,3846,"independent"
40,3847,"independent"
40,3848,"independent"
36,3849,"independent"
38,3850,"independent"
38,3851,"independent"
38,3852,"independent"
40,3853,"independent"
38,3854,"independent"
40,3855,"independent"
40,3856,"independent"
38,3857,"independent"
40,3858,"independent"
38,3859,"independent"
38,3860,"independent"
40,3861,"independent"
40,3862,"independent"
40,3863,"independent"
40,3864,"independent"
40,3865,"independent"
38,3866,"independent"
40,3867,"independent"
38,3868,"independent"
36,3869,"independent"
38,3870,"independent"
38,3871,"independent"
38,3872,"independent"
38,3873,"independent"
36,3874,"independent"
38,3875,"independent"
40,3876,"independent"
40,3877,"independent"
38,3878,"independent"
38,3879,"independent"
38,3880,"independent"
38,3881,"independent"
38,3882,"independent"
40,3883,"independent"
40,3884,"independent"
38,3885,"independent"
40,3886,"independent"
40,3887,"independent"
40,3888,"independent"
40,3889,"independent"
36,3890,"independent"
38,3891,"independent"
38,3892,"independent"
38,3893,"independent"
40,3894,"independent"
38,3895,"independent"
38,3896,"independent"
38,3897,"independent"
38,3898,"independent"
38,3899,"independent"
36,3900,"independent"
40,3901,"independent"
40,3902,"independent"
40,3903,"independent"
40,3904,"independent"
38,3905,"independent"
40,3906,"independent"
38,3907,"independent"
40,3908,"independent"
40,3909,"independent"
38,3910,"independent"
38,3911,"independent"
38,3912,"independent"
40,3913,"independent"
38,3914,"independent"
38,3915,"independent"
38,3916,"independent"
40,3917,"independent"
40,3918,"independent"
38,3919,"independent"
36,3920,"independent"
38,3921,"independent"
36,3922,"independent"
36,3923,"independent"
40,3924,"independent"
38,3925,"independent"
40,3926,"independent"
40,3927,"independent"
36,3928,"independent"
40,3929,"independent"
38,3930,"independent"
40,3931,"independent"
38,3932,"independent"
40,3933,"independent"
38,3934,"independent"
38,3935,"independent"
40,3936,"independent"
40,3937,"independent"
40,3938,"independent"
40,3939,"independent"
40,3940,"independent"
40,3941,"independent"
40,3942,"independent"
38,3943,"independent"
40,3944,"independent"
40,3945,"independent"
38,3946,"independent"
40,3947,"independent"
40,3948,"independent"
38,3949,"independent"
40,3950,"independent"
40,3951,"independent"
40,3952,"independent"
40,3953,"independent"
40,3954,"independent"
40,3955,"independent"
40,3956,"independent"
40,3957,"independent"
38,3958,"independent"
40,3959,"independent"
38,3960,"independent"
38,3961,"independent"
40,3962,"independent"
40,3963,"independent"
40,3964,"independent"
40,3965,"independent"
38,3966,"independent"
40,3967,"independent"
40,3968,"independent"
38,3969,"independent"
38,3970,"independent"
38,3971,"independent"
38,3972,"independent"
40,3973,"independent"
40,3974,"independent"
36,3975,"independent"
40,3976,"independent"
40,3977,"independent"
40,3978,"independent"
38,3979,"independent"
38,3980,"independent"
40,3981,"independent"
40,3982,"independent"
40,3983,"independent"
38,3984,"independent"
38,3985,"independent"
40,3986,"independent"
38,3987,"independent"
40,3988,"independent"
40,3989,"independent"
38,3990,"independent"
40,3991,"independent"
36,3992,"independent"
38,3993,"independent"
38,3994,"independent"
40,3995,"independent"
38,3996,"independent"
40,3997,"independent"
36,3998,"independent"
40,3999,"independent"
40,4000,"independent"
36,4001,"independent"
38,4002,"independent"
38,4003,"independent"
38,4004,"independent"
40,4005,"independent"
40,4006,"independent"
38,4007,"independent"
40,4008,"independent"
40,4009,"independent"
40,4010,"independent"
38,4011,"independent"
38,4012,"independent"
40,4013,"independent"
38,4014,"independent"
38,4015,"independent"
36,4016,"independent"
38,4017,"independent"
40,4018,"independent"
40,4019,"independent"
40,4020,"independent"
40,4021,"independent"
38,4022,"independent"
40,4023,"independent"
40,4024,"independent"
40,4025,"independent"
40,4026,"independent"
40,4027,"independent"
40,4028,"independent"
38,4029,"independent"
40,4030,"independent"
38,4031,"independent"
40,4032,"independent"
38,4033,"independent"
40,4034,"independent"
38,4035,"independent"
38,4036,"independent"
40,4037,"independent"
38,4038,"independent"
40,4039,"independent"
38,4040,"independent"
40,4041,"independent"
38,4042,"independent"
38,4043,"independent"
40,4044,"independent"
40,4045,"independent"
36,4046,"independent"
38,4047,"independent"
40,4048,"independent"
36,4049,"independent"
38,4050,"independent"
40,4051,"independent"
40,4052,"independent"
38,4053,"independent"
38,4054,"independent"
38,4055,"independent"
40,4056,"independent"
38,4057,"independent"
38,4058,"independent"
36,4059,"independent"
36,4060,"independent"
40,4061,"independent"
40,4062,"independent"
40,4063,"independent"
40,4064,"independent"
40,4065,"independent"
36,4066,"independent"
38,4067,"independent"
38,4068,"independent"
40,4069,"independent"
38,4070,"independent"
38,4071,"independent"
40,4072,"independent"
38,4073,"independent"
40,4074,"independent"
40,4075,"independent"
40,4076,"independent"
38,4077,"independent"
40,4078,"independent"
38,4079,"independent"
36,4080,"independent"
36,4081,"independent"
38,4082,"independent"
36,4083,"independent"
40,4084,"independent"
40,4085,"independent"
40,4086,"independent"
40,4087,"independent"
38,4088,"independent"
40,4089,"independent"
38,4090,"independent"
40,4091,"independent"
40,4092,"independent"
38,4093,"independent"
40,4094,"independent"
36,4095,"independent"
38,4096,"independent"
40,4097,"independent"
38,4098,"independent"
38,4099,"independent"
40,4100,"independent"
36,4101,"independent"
40,4102,"independent"
38,4103,"independent"
38,4104,"independent"
38,4105,"independent"
38,4106,"independent"
40,4107,"independent"
40,4108,"independent"
38,4109,"independent"
36,4110,"independent"
40,4111,"independent"
38,4112,"independent"
40,4113,"independent"
38,4114,"independent"
38,4115,"independent"
38,4116,"independent"
38,4117,"independent"
36,4118,"independent"
40,4119,"independent"
36,4120,"independent"
40,4121,"independent"
36,4122,"independent"
38,4123,"independent"
38,4124,"independent"
40,4125,"independent"
38,4126,"independent"
40,4127,"independent"
40,4128,"independent"
40,4129,"independent"
40,4130,"independent"
40,4131,"independent"
40,4132,"independent"
36,4133,"independent"
40,4134,"independent"
36,4135,"independent"
38,4136,"independent"
36,4137,"independent"
38,4138,"independent"
40,4139,"independent"
40,4140,"independent"
40,4141,"independent"
38,4142,"independent"
40,4143,"independent"
40,4144,"independent"
38,4145,"independent"
40,4146,"independent"
38,4147,"independent"
40,4148,"independent"
40,4149,"independent"
38,4150,"independent"
40,4151,"independent"
36,4152,"independent"
40,4153,"independent"
38,4154,"independent"
38,4155,"independent"
38,4156,"independent"
40,4157,"independent"
38,4158,"independent"
36,4159,"independent"
38,4160,"independent"
40,4161,"independent"
40,4162,"independent"
38,4163,"independent"
40,4164,"independent"
38,4165,"independent"
38,4166,"independent"
40,4167,"independent"
40,4168,"independent"
40,4169,"independent"
36,4170,"independent"
38,4171,"independent"
38,4172,"independent"
40,4173,"independent"
38,4174,"independent"
38,4175,"independent"
40,4176,"independent"
40,4177,"independent"
38,4178,"independent"
40,4179,"independent"
38,4180,"independent"
40,4181,"independent"
36,4182,"independent"
38,4183,"independent"
40,4184,"independent"
38,4185,"independent"
38,4186,"independent"
40,4187,"independent"
40,4188,"independent"
40,4189,"independent"
38,4190,"independent"
38,4191,"independent"
38,4192,"independent"
38,4193,"independent"
38,4194,"independent"
38,4195,"independent"
38,4196,"independent"
38,4197,"independent"
40,4198,"independent"
40,4199,"independent"
40,4200,"independent"
40,4201,"independent"
38,4202,"independent"
38,4203,"independent"
40,4204,"independent"
38,4205,"independent"
38,4206,"independent"
40,4207,"independent"
40,4208,"independent"
40,4209,"independent"
40,4210,"independent"
40,4211,"independent"
36,4212,"independent"
38,4213,"independent"
38,4214,"independent"
38,4215,"independent"
38,4216,"independent"
40,4217,"independent"
40,4218,"independent"
38,4219,"independent"
40,4220,"independent"
38,4221,"independent"
40,4222,"independent"
36,4223,"independent"
38,4224,"independent"
40,4225,"independent"
40,4226,"independent"
40,4227,"independent"
40,4228,"independent"
38,4229,"independent"
38,4230,"independent"
36,4231,"independent"
38,4232,"independent"
40,4233,"independent"
38,4234,"independent"
38,4235,"independent"
40,4236,"independent"
38,4237,"independent"
36,4238,"independent"
38,4239,"independent"
40,4240,"independent"
40,4241,"independent"
38,4242,"independent"
36,4243,"independent"
38,4244,"independent"
38,4245,"independent"
40,4246,"independent"
40,4247,"independent"
38,4248,"independent"
40,4249,"independent"
40,4250,"independent"
38,4251,"independent"
36,4252,"independent"
36,4253,"independent"
40,4254,"independent"
40,4255,"independent"
40,4256,"independent"
38,4257,"independent"
40,4258,"independent"
40,4259,"independent"
40,4260,"independent"
38,4261,"independent"
40,4262,"independent"
38,4263,"independent"
38,4264,"independent"
40,4265,"independent"
40,4266,"independent"
38,4267,"independent"
36,4268,"independent"
38,4269,"independent"
40,4270,"independent"
38,4271,"independent"
38,4272,"independent"
40,4273,"independent"
40,4274,"independent"
38,4275,"independent"
40,4276,"independent"
40,4277,"independent"
40,4278,"independent"
38,4279,"independent"
36,4280,"independent"
38,4281,"independent"
40,4282,"independent"
40,4283,"independent"
40,4284,"independent"
40,4285,"independent"
36,4286,"independent"
38,4287,"independent"
40,4288,"independent"
38,4289,"independent"
40,4290,"independent"
38,4291,"independent"
36,4292,"independent"
40,4293,"independent"
38,4294,"independent"
40,4295,"independent"
40,4296,"independent"
38,4297,"independent"
40,4298,"independent"
40,4299,"independent"
40,4300,"independent"
38,4301,"independent"
40,4302,"independent"
36,4303,"independent"
38,4304,"independent"
38,4305,"independent"
40,4306,"independent"
36,4307,"independent"
40,4308,"independent"
36,4309,"independent"
36,4310,"independent"
40,4311,"independent"
40,4312,"independent"
40,4313,"independent"
38,4314,"independent"
40,4315,"independent"
40,4316,"independent"
38,4317,"independent"
38,4318,"independent"
38,4319,"independent"
40,4320,"independent"
40,4321,"independent"
38,4322,"independent"
38,4323,"independent"
38,4324,"independent"
40,4325,"independent"
38,4326,"independent"
36,4327,"independent"
38,4328,"independent"
36,4329,"independent"
40,4330,"independent"
38,4331,"independent"
38,4332,"independent"
38,4333,"independent"
38,4334,"independent"
40,4335,"independent"
40,4336,"independent"
38,4337,"independent"
38,4338,"independent"
40,4339,"independent"
38,4340,"independent"
36,4341,"independent"
38,4342,"independent"
36,4343,"independent"
38,4344,"independent"
40,4345,"independent"
40,4346,"independent"
38,4347,"independent"
38,4348,"independent"
36,4349,"independent"
38,4350,"independent"
38,4351,"independent"
38,4352,"independent"
36,4353,"independent"
38,4354,"independent"
38,4355,"independent"
38,4356,"independent"
38,4357,"independent"
38,4358,"independent"
40,4359,"independent"
40,4360,"independent"
36,4361,"independent"
36,4362,"independent"
36,4363,"independent"
36,4364,"independent"
38,4365,"independent"
38,4366,"independent"
38,4367,"independent"
38,4368,"independent"
38,4369,"independent"
38,4370,"independent"
40,4371,"independent"
38,4372,"independent"
38,4373,"independent"
40,4374,"independent"
38,4375,"independent"
40,4376,"independent"
40,4377,"independent"
40,4378,"independent"
40,4379,"independent"
38,4380,"independent"
38,4381,"independent"
36,4382,"independent"
38,4383,"independent"
38,4384,"independent"
40,4385,"independent"
40,4386,"independent"
40,4387,"independent"
40,4388,"independent"
40,4389,"independent"
40,4390,"independent"
40,4391,"independent"
36,4392,"independent"
36,4393,"independent"
38,4394,"independent"
38,4395,"independent"
38,4396,"independent"
40,4397,"independent"
40,4398,"independent"
40,4399,"independent"
40,4400,"independent"
40,4401,"independent"
38,4402,"independent"
40,4403,"independent"
40,4404,"independent"
40,4405,"independent"
36,4406,"independent"
38,4407,"independent"
38,4408,"independent"
40,4409,"independent"
38,4410,"independent"
38,4411,"independent"
38,4412,"independent"
38,4413,"independent"
40,4414,"independent"
38,4415,"independent"
40,4416,"independent"
38,4417,"independent"
36,4418,"independent"
40,4419,"independent"
40,4420,"independent"
38,4421,"independent"
36,4422,"independent"
36,4423,"independent"
40,4424,"independent"
38,4425,"independent"
40,4426,"independent"
40,4427,"independent"
36,4428,"independent"
38,4429,"independent"
38,4430,"independent"
38,4431,"independent"
40,4432,"independent"
38,4433,"independent"
40,4434,"independent"
40,4435,"independent"
38,4436,"independent"
40,4437,"independent"
38,4438,"independent"
38,4439,"independent"
38,4440,"independent"
40,4441,"independent"
38,4442,"independent"
38,4443,"independent"
36,4444,"independent"
38,4445,"independent"
40,4446,"independent"
40,4447,"independent"
40,4448,"independent"
40,4449,"independent"
38,4450,"independent"
38,4451,"independent"
40,4452,"independent"
40,4453,"independent"
40,4454,"independent"
38,4455,"independent"
36,4456,"independent"
36,4457,"independent"
40,4458,"independent"
38,4459,"independent"
38,4460,"independent"
40,4461,"independent"
40,4462,"independent"
40,4463,"independent"
38,4464,"independent"
38,4465,"independent"
40,4466,"independent"
38,4467,"independent"
36,4468,"independent"
38,4469,"independent"
38,4470,"independent"
36,4471,"independent"
36,4472,"independent"
40,4473,"independent"
38,4474,"independent"
40,4475,"independent"
40,4476,"independent"
38,4477,"independent"
40,4478,"independent"
40,4479,"independent"
40,4480,"independent"
40,4481,"independent"
40,4482,"independent"
40,4483,"independent"
40,4484,"independent"
40,4485,"independent"
40,4486,"independent"
40,4487,"independent"
38,4488,"independent"
38,4489,"independent"
40,4490,"independent"
40,4491,"independent"
40,4492,"independent"
38,4493,"independent"
40,4494,"independent"
40,4495,"independent"
40,4496,"independent"
36,4497,"independent"
40,4498,"independent"
40,4499,"independent"
36,4500,"independent"
40,4501,"independent"
40,4502,"independent"
40,4503,"independent"
38,4504,"independent"
38,4505,"independent"
38,4506,"independent"
40,4507,"independent"
40,4508,"independent"
36,4509,"independent"
36,4510,"independent"
38,4511,"independent"
40,4512,"independent"
40,4513,"independent"
40,4514,"independent"
40,4515,"independent"
38,4516,"independent"
40,4517,"independent"
38,4518,"independent"
40,4519,"independent"
40,4520,"independent"
38,4521,"independent"
40,4522,"independent"
40,4523,"independent"
36,4524,"independent"
40,4525,"independent"
40,4526,"independent"
40,4527,"independent"
38,4528,"independent"
40,4529,"independent"
38,4530,"independent"
38,4531,"independent"
38,4532,"independent"
38,4533,"independent"
38,4534,"independent"
38,4535,"independent"
40,4536,"independent"
40,4537,"independent"
40,4538,"independent"
38,4539,"independent"
38,4540,"independent"
40,4541,"independent"
38,4542,"independent"
40,4543,"independent"
40,4544,"independent"
38,4545,"independent"
40,4546,"independent"
40,4547,"independent"
38,4548,"independent"
36,4549,"independent"
38,4550,"independent"
40,4551,"independent"
36,4552,"independent"
40,4553,"independent"
40,4554,"independent"
40,4555,"independent"
38,4556,"independent"
38,4557,"independent"
40,4558,"independent"
40,4559,"independent"
40,4560,"independent"
38,4561,"independent"
38,4562,"independent"
40,4563,"independent"
40,4564,"independent"
38,4565,"independent"
40,4566,"independent"
38,4567,"independent"
40,4568,"independent"
38,4569,"independent"
38,4570,"independent"
38,4571,"independent"
40,4572,"independent"
40,4573,"independent"
38,4574,"independent"
38,4575,"independent"
40,4576,"independent"
38,4577,"independent"
40,4578,"independent"
40,4579,"independent"
36,4580,"independent"
40,4581,"independent"
36,4582,"independent"
38,4583,"independent"
38,4584,"independent"
38,4585,"independent"
38,4586,"independent"
38,4587,"independent"
38,4588,"independent"
38,4589,"independent"
38,4590,"independent"
40,4591,"independent"
38,4592,"independent"
38,4593,"independent"
40,4594,"independent"
40,4595,"independent"
40,4596,"independent"
40,4597,"independent"
40,4598,"independent"
38,4599,"independent"
38,4600,"independent"
40,4601,"independent"
38,4602,"independent"
40,4603,"independent"
40,4604,"independent"
40,4605,"independent"
40,4606,"independent"
40,4607,"independent"
38,4608,"independent"
40,4609,"independent"
40,4610,"independent"
38,4611,"independent"
36,4612,"independent"
38,4613,"independent"
40,4614,"independent"
40,4615,"independent"
40,4616,"independent"
38,4617,"independent"
40,4618,"independent"
40,4619,"independent"
38,4620,"independent"
38,4621,"independent"
38,4622,"independent"
38,4623,"independent"
40,4624,"independent"
40,4625,"independent"
40,4626,"independent"
36,4627,"independent"
38,4628,"independent"
40,4629,"independent"
40,4630,"independent"
38,4631,"independent"
38,4632,"independent"
40,4633,"independent"
40,4634,"independent"
40,4635,"independent"
38,4636,"independent"
38,4637,"independent"
38,4638,"independent"
40,4639,"independent"
38,4640,"independent"
38,4641,"independent"
40,4642,"independent"
40,4643,"independent"
40,4644,"independent"
40,4645,"independent"
40,4646,"independent"
38,4647,"independent"
40,4648,"independent"
40,4649,"independent"
38,4650,"independent"
40,4651,"independent"
38,4652,"independent"
38,4653,"independent"
38,4654,"independent"
38,4655,"independent"
40,4656,"independent"
40,4657,"independent"
38,4658,"independent"
40,4659,"independent"
38,4660,"independent"
38,4661,"independent"
36,4662,"independent"
38,4663,"independent"
38,4664,"independent"
38,4665,"independent"
40,4666,"independent"
38,4667,"independent"
38,4668,"independent"
36,4669,"independent"
38,4670,"independent"
38,4671,"independent"
40,4672,"independent"
38,4673,"independent"
40,4674,"independent"
40,4675,"independent"
38,4676,"independent"
40,4677,"independent"
36,4678,"independent"
38,4679,"independent"
40,4680,"independent"
38,4681,"independent"
40,4682,"independent"
38,4683,"independent"
38,4684,"independent"
40,4685,"independent"
40,4686,"independent"
38,4687,"independent"
40,4688,"independent"
38,4689,"independent"
36,4690,"independent"
38,4691,"independent"
38,4692,"independent"
38,4693,"independent"
36,4694,"independent"
40,4695,"independent"
40,4696,"independent"
40,4697,"independent"
38,4698,"independent"
36,4699,"independent"
38,4700,"independent"
38,4701,"independent"
38,4702,"independent"
38,4703,"independent"
40,4704,"independent"
38,4705,"independent"
40,4706,"independent"
38,4707,"independent"
36,4708,"independent"
40,4709,"independent"
38,4710,"independent"
36,4711,"independent"
36,4712,"independent"
40,4713,"independent"
40,4714,"independent"
40,4715,"independent"
40,4716,"independent"
38,4717,"independent"
38,4718,"independent"
40,4719,"independent"
38,4720,"independent"
38,4721,"independent"
38,4722,"independent"
40,4723,"independent"
40,4724,"independent"
38,4725,"independent"
40,4726,"independent"
40,4727,"independent"
40,4728,"independent"
38,4729,"independent"
40,4730,"independent"
40,4731,"independent"
38,4732,"independent"
38,4733,"independent"
36,4734,"independent"
40,4735,"independent"
40,4736,"independent"
40,4737,"independent"
36,4738,"independent"
38,4739,"independent"
40,4740,"independent"
40,4741,"independent"
40,4742,"independent"
40,4743,"independent"
38,4744,"independent"
40,4745,"independent"
40,4746,"independent"
40,4747,"independent"
40,4748,"independent"
38,4749,"independent"
36,4750,"independent"
40,4751,"independent"
38,4752,"independent"
40,4753,"independent"
40,4754,"independent"
40,4755,"independent"
40,4756,"independent"
40,4757,"independent"
38,4758,"independent"
40,4759,"independent"
40,4760,"independent"
40,4761,"independent"
40,4762,"independent"
40,4763,"independent"
36,4764,"independent"
38,4765,"independent"
38,4766,"independent"
38,4767,"independent"
40,4768,"independent"
36,4769,"independent"
40,4770,"independent"
40,4771,"independent"
36,4772,"independent"
40,4773,"independent"
38,4774,"independent"
38,4775,"independent"
38,4776,"independent"
40,4777,"independent"
38,4778,"independent"
38,4779,"independent"
40,4780,"independent"
38,4781,"independent"
40,4782,"independent"
38,4783,"independent"
38,4784,"independent"
40,4785,"independent"
38,4786,"independent"
40,4787,"independent"
36,4788,"independent"
36,4789,"independent"
38,4790,"independent"
40,4791,"independent"
40,4792,"independent"
40,4793,"independent"
38,4794,"independent"
38,4795,"independent"
36,4796,"independent"
40,4797,"independent"
40,4798,"independent"
38,4799,"independent"
36,4800,"independent"
40,4801,"independent"
38,4802,"independent"
40,4803,"independent"
40,4804,"independent"
40,4805,"independent"
38,4806,"independent"
38,4807,"independent"
38,4808,"independent"
40,4809,"independent"
40,4810,"independent"
36,4811,"independent"
38,4812,"independent"
40,4813,"independent"
36,4814,"independent"
38,4815,"independent"
40,4816,"independent"
38,4817,"independent"
40,4818,"independent"
40,4819,"independent"
40,4820,"independent"
40,4821,"independent"
40,4822,"independent"
38,4823,"independent"
36,4824,"independent"
38,4825,"independent"
40,4826,"independent"
40,4827,"independent"
40,4828,"independent"
38,4829,"independent"
38,4830,"independent"
40,4831,"independent"
38,4832,"independent"
38,4833,"independent"
38,4834,"independent"
38,4835,"independent"
40,4836,"independent"
38,4837,"independent"
40,4838,"independent"
38,4839,"independent"
36,4840,"independent"
38,4841,"independent"
38,4842,"independent"
40,4843,"independent"
40,4844,"independent"
40,4845,"independent"
40,4846,"independent"
40,4847,"independent"
38,4848,"independent"
40,4849,"independent"
40,4850,"independent"
38,4851,"independent"
40,4852,"independent"
38,4853,"independent"
40,4854,"independent"
38,4855,"independent"
40,4856,"independent"
38,4857,"independent"
38,4858,"independent"
40,4859,"independent"
40,4860,"independent"
36,4861,"independent"
38,4862,"independent"
38,4863,"independent"
40,4864,"independent"
40,4865,"independent"
38,4866,"independent"
38,4867,"independent"
36,4868,"independent"
36,4869,"independent"
38,4870,"independent"
40,4871,"independent"
38,4872,"independent"
40,4873,"independent"
40,4874,"independent"
38,4875,"independent"
40,4876,"independent"
40,4877,"independent"
38,4878,"independent"
40,4879,"independent"
38,4880,"independent"
38,4881,"independent"
40,4882,"independent"
38,4883,"independent"
40,4884,"independent"
38,4885,"independent"
38,4886,"independent"
36,4887,"independent"
36,4888,"independent"
36,4889,"independent"
40,4890,"independent"
40,4891,"independent"
38,4892,"independent"
36,4893,"independent"
36,4894,"independent"
40,4895,"independent"
40,4896,"independent"
40,4897,"independent"
40,4898,"independent"
40,4899,"independent"
36,4900,"independent"
38,4901,"independent"
40,4902,"independent"
38,4903,"independent"
38,4904,"independent"
40,4905,"independent"
38,4906,"independent"
40,4907,"independent"
40,4908,"independent"
38,4909,"independent"
40,4910,"independent"
38,4911,"independent"
36,4912,"independent"
40,4913,"independent"
38,4914,"independent"
40,4915,"independent"
40,4916,"independent"
38,4917,"independent"
40,4918,"independent"
38,4919,"independent"
40,4920,"independent"
38,4921,"independent"
38,4922,"independent"
40,4923,"independent"
40,4924,"independent"
40,4925,"independent"
40,4926,"independent"
40,4927,"independent"
40,4928,"independent"
38,4929,"independent"
38,4930,"independent"
36,4931,"independent"
40,4932,"independent"
38,4933,"independent"
38,4934,"independent"
38,4935,"independent"
38,4936,"independent"
40,4937,"independent"
40,4938,"independent"
40,4939,"independent"
38,4940,"independent"
40,4941,"independent"
38,4942,"independent"
40,4943,"independent"
40,4944,"independent"
38,4945,"independent"
38,4946,"independent"
36,4947,"independent"
38,4948,"independent"
40,4949,"independent"
40,4950,"independent"
40,4951,"independent"
40,4952,"independent"
38,4953,"independent"
40,4954,"independent"
38,4955,"independent"
36,4956,"independent"
40,4957,"independent"
40,4958,"independent"
38,4959,"independent"
38,4960,"independent"
38,4961,"independent"
40,4962,"independent"
40,4963,"independent"
40,4964,"independent"
38,4965,"independent"
38,4966,"independent"
36,4967,"independent"
38,4968,"independent"
38,4969,"independent"
40,4970,"independent"
40,4971,"independent"
40,4972,"independent"
38,4973,"independent"
38,4974,"independent"
40,4975,"independent"
38,4976,"independent"
38,4977,"independent"
36,4978,"independent"
36,4979,"independent"
36,4980,"independent"
40,4981,"independent"
38,4982,"independent"
38,4983,"independent"
38,4984,"independent"
38,4985,"independent"
38,4986,"independent"
38,4987,"independent"
38,4988,"independent"
38,4989,"independent"
38,4990,"independent"
38,4991,"independent"
38,4992,"independent"
40,4993,"independent"
40,4994,"independent"
40,4995,"independent"
40,4996,"independent"
38,4997,"independent"
38,4998,"independent"
38,4999,"independent"
40,5000,"independent"
38,5001,"independent"
40,5002,"independent"
40,5003,"independent"
40,5004,"independent"
38,5005,"independent"
40,5006,"independent"
40,5007,"independent"
38,5008,"independent"
40,5009,"independent"
38,5010,"independent"
40,5011,"independent"
38,5012,"independent"
36,5013,"independent"
40,5014,"independent"
40,5015,"independent"
40,5016,"independent"
38,5017,"independent"
40,5018,"independent"
36,5019,"independent"
36,5020,"independent"
36,5021,"independent"
38,5022,"independent"
40,5023,"independent"
38,5024,"independent"
38,5025,"independent"
36,5026,"independent"
38,5027,"independent"
36,5028,"independent"
38,5029,"independent"
38,5030,"independent"
40,5031,"independent"
40,5032,"independent"
38,5033,"independent"
38,5034,"independent"
40,5035,"independent"
40,5036,"independent"
38,5037,"independent"
38,5038,"independent"
40,5039,"independent"
38,5040,"independent"
38,5041,"independent"
38,5042,"independent"
40,5043,"independent"
40,5044,"independent"
38,5045,"independent"
38,5046,"independent"
38,5047,"independent"
40,5048,"independent"
38,5049,"independent"
38,5050,"independent"
36,5051,"independent"
40,5052,"independent"
40,5053,"independent"
38,5054,"independent"
38,5055,"independent"
38,5056,"independent"
38,5057,"independent"
40,5058,"independent"
38,5059,"independent"
38,5060,"independent"
38,5061,"independent"
36,5062,"independent"
40,5063,"independent"
36,5064,"independent"
40,5065,"independent"
38,5066,"independent"
36,5067,"independent"
38,5068,"independent"
40,5069,"independent"
38,5070,"independent"
36,5071,"independent"
40,5072,"independent"
38,5073,"independent"
40,5074,"independent"
38,5075,"independent"
36,5076,"independent"
36,5077,"independent"
40,5078,"independent"
40,5079,"independent"
40,5080,"independent"
40,5081,"independent"
40,5082,"independent"
38,5083,"independent"
40,5084,"independent"
38,5085,"independent"
38,5086,"independent"
40,5087,"independent"
38,5088,"independent"
38,5089,"independent"
36,5090,"independent"
40,5091,"independent"
38,5092,"independent"
40,5093,"independent"
40,5094,"independent"
38,5095,"independent"
40,5096,"independent"
36,5097,"independent"
38,5098,"independent"
38,5099,"independent"
40,5100,"independent"
40,5101,"independent"
36,5102,"independent"
38,5103,"independent"
38,5104,"independent"
36,5105,"independent"
40,5106,"independent"
40,5107,"independent"
40,5108,"independent"
36,5109,"independent"
40,5110,"independent"
38,5111,"independent"
40,5112,"independent"
36,5113,"independent"
38,5114,"independent"
36,5115,"independent"
36,5116,"independent"
40,5117,"independent"
38,5118,"independent"
40,5119,"independent"
38,5120,"independent"
38,5121,"independent"
38,5122,"independent"
38,5123,"independent"
40,5124,"independent"
40,5125,"independent"
40,5126,"independent"
36,5127,"independent"
40,5128,"independent"
38,5129,"independent"
40,5130,"independent"
38,5131,"independent"
36,5132,"independent"
38,5133,"independent"
36,5134,"independent"
40,5135,"independent"
36,5136,"independent"
36,5137,"independent"
38,5138,"independent"
40,5139,"independent"
38,5140,"independent"
40,5141,"independent"
38,5142,"independent"
36,5143,"independent"
40,5144,"independent"
40,5145,"independent"
38,5146,"independent"
36,5147,"independent"
38,5148,"independent"
40,5149,"independent"
38,5150,"independent"
40,5151,"independent"
40,5152,"independent"
40,5153,"independent"
38,5154,"independent"
38,5155,"independent"
38,5156,"independent"
36,5157,"independent"
38,5158,"independent"
38,5159,"independent"
38,5160,"independent"
38,5161,"independent"
40,5162,"independent"
38,5163,"independent"
40,5164,"independent"
38,5165,"independent"
40,5166,"independent"
38,5167,"independent"
40,5168,"independent"
38,5169,"independent"
40,5170,"independent"
36,5171,"independent"
36,5172,"independent"
40,5173,"independent"
38,5174,"independent"
40,5175,"independent"
38,5176,"independent"
40,5177,"independent"
40,5178,"independent"
36,5179,"independent"
40,5180,"independent"
38,5181,"independent"
38,5182,"independent"
38,5183,"independent"
38,5184,"independent"
38,5185,"independent"
40,5186,"independent"
40,5187,"independent"
36,5188,"independent"
38,5189,"independent"
38,5190,"independent"
38,5191,"independent"
40,5192,"independent"
38,5193,"independent"
38,5194,"independent"
40,5195,"independent"
38,5196,"independent"
40,5197,"independent"
38,5198,"independent"
40,5199,"independent"
40,5200,"independent"
36,5201,"independent"
40,5202,"independent"
40,5203,"independent"
38,5204,"independent"
40,5205,"independent"
38,5206,"independent"
40,5207,"independent"
38,5208,"independent"
38,5209,"independent"
40,5210,"independent"
38,5211,"independent"
40,5212,"independent"
38,5213,"independent"
38,5214,"independent"
38,5215,"independent"
38,5216,"independent"
40,5217,"independent"
38,5218,"independent"
38,5219,"independent"
38,5220,"independent"
38,5221,"independent"
38,5222,"independent"
38,5223,"independent"
40,5224,"independent"
40,5225,"independent"
38,5226,"independent"
38,5227,"independent"
38,5228,"independent"
38,5229,"independent"
40,5230,"independent"
40,5231,"independent"
40,5232,"independent"
40,5233,"independent"
38,5234,"independent"
38,5235,"independent"
40,5236,"independent"
38,5237,"independent"
38,5238,"independent"
38,5239,"independent"
38,5240,"independent"
38,5241,"independent"
38,5242,"independent"
40,5243,"independent"
38,5244,"independent"
36,5245,"independent"
38,5246,"independent"
40,5247,"independent"
40,5248,"independent"
40,5249,"independent"
40,5250,"independent"
40,5251,"independent"
36,5252,"independent"
40,5253,"independent"
38,5254,"independent"
38,5255,"independent"
38,5256,"independent"
38,5257,"independent"
40,5258,"independent"
40,5259,"independent"
40,5260,"independent"
36,5261,"independent"
36,5262,"independent"
38,5263,"independent"
38,5264,"independent"
40,5265,"independent"
38,5266,"independent"
40,5267,"independent"
40,5268,"independent"
40,5269,"independent"
38,5270,"independent"
38,5271,"independent"
40,5272,"independent"
40,5273,"independent"
36,5274,"independent"
38,5275,"independent"
38,5276,"independent"
38,5277,"independent"
36,5278,"independent"
38,5279,"independent"
38,5280,"independent"
40,5281,"independent"
40,5282,"independent"
38,5283,"independent"
38,5284,"independent"
40,5285,"independent"
38,5286,"independent"
40,5287,"independent"
40,5288,"independent"
38,5289,"independent"
40,5290,"independent"
38,5291,"independent"
40,5292,"independent"
40,5293,"independent"
38,5294,"independent"
40,5295,"independent"
40,5296,"independent"
40,5297,"independent"
40,5298,"independent"
38,5299,"independent"
40,5300,"independent"
38,5301,"independent"
36,5302,"independent"
40,5303,"independent"
38,5304,"independent"
40,5305,"independent"
40,5306,"independent"
40,5307,"independent"
36,5308,"independent"
38,5309,"independent"
38,5310,"independent"
40,5311,"independent"
40,5312,"independent"
40,5313,"independent"
40,5314,"independent"
38,5315,"independent"
40,5316,"independent"
40,5317,"independent"
38,5318,"independent"
40,5319,"independent"
40,5320,"independent"
38,5321,"independent"
38,5322,"independent"
40,5323,"independent"
38,5324,"independent"
38,5325,"independent"
40,5326,"independent"
36,5327,"independent"
36,5328,"independent"
40,5329,"independent"
38,5330,"independent"
40,5331,"independent"
40,5332,"independent"
38,5333,"independent"
40,5334,"independent"
38,5335,"independent"
40,5336,"independent"
40,5337,"independent"
38,5338,"independent"
36,5339,"independent"
38,5340,"independent"
36,5341,"independent"
38,5342,"independent"
38,5343,"independent"
40,5344,"independent"
38,5345,"independent"
38,5346,"independent"
38,5347,"independent"
40,5348,"independent"
38,5349,"independent"
40,5350,"independent"
38,5351,"independent"
40,5352,"independent"
40,5353,"independent"
38,5354,"independent"
38,5355,"independent"
38,5356,"independent"
40,5357,"independent"
38,5358,"independent"
36,5359,"independent"
36,5360,"independent"
40,5361,"independent"
38,5362,"independent"
38,5363,"independent"
40,5364,"independent"
36,5365,"independent"
40,5366,"independent"
38,5367,"independent"
38,5368,"independent"
40,5369,"independent"
40,5370,"independent"
38,5371,"independent"
38,5372,"independent"
40,5373,"independent"
38,5374,"independent"
40,5375,"independent"
38,5376,"independent"
36,5377,"independent"
40,5378,"independent"
38,5379,"independent"
40,5380,"independent"
40,5381,"independent"
38,5382,"independent"
40,5383,"independent"
40,5384,"independent"
38,5385,"independent"
38,5386,"independent"
40,5387,"independent"
40,5388,"independent"
38,5389,"independent"
38,5390,"independent"
40,5391,"independent"
38,5392,"independent"
40,5393,"independent"
38,5394,"independent"
40,5395,"independent"
40,5396,"independent"
40,5397,"independent"
38,5398,"independent"
38,5399,"independent"
40,5400,"independent"
40,5401,"independent"
36,5402,"independent"
38,5403,"independent"
40,5404,"independent"
38,5405,"independent"
38,5406,"independent"
40,5407,"independent"
38,5408,"independent"
38,5409,"independent"
36,5410,"independent"
40,5411,"independent"
40,5412,"independent"
38,5413,"independent"
38,5414,"independent"
40,5415,"independent"
40,5416,"independent"
40,5417,"independent"
38,5418,"independent"
36,5419,"independent"
38,5420,"independent"
38,5421,"independent"
38,5422,"independent"
38,5423,"independent"
40,5424,"independent"
38,5425,"independent"
40,5426,"independent"
40,5427,"independent"
38,5428,"independent"
38,5429,"independent"
40,5430,"independent"
40,5431,"independent"
38,5432,"independent"
36,5433,"independent"
38,5434,"independent"
40,5435,"independent"
40,5436,"independent"
40,5437,"independent"
36,5438,"independent"
40,5439,"independent"
38,5440,"independent"
38,5441,"independent"
38,5442,"independent"
40,5443,"independent"
38,5444,"independent"
40,5445,"independent"
40,5446,"independent"
38,5447,"independent"
38,5448,"independent"
38,5449,"independent"
38,5450,"independent"
38,5451,"independent"
40,5452,"independent"
40,5453,"independent"
38,5454,"independent"
40,5455,"independent"
40,5456,"independent"
40,5457,"independent"
40,5458,"independent"
40,5459,"independent"
40,5460,"independent"
38,5461,"independent"
38,5462,"independent"
38,5463,"independent"
40,5464,"independent"
40,5465,"independent"
40,5466,"independent"
40,5467,"independent"
38,5468,"independent"
40,5469,"independent"
38,5470,"independent"
40,5471,"independent"
40,5472,"independent"
38,5473,"independent"
40,5474,"independent"
40,5475,"independent"
40,5476,"independent"
40,5477,"independent"
40,5478,"independent"
40,5479,"independent"
38,5480,"independent"
38,5481,"independent"
38,5482,"independent"
40,5483,"independent"
38,5484,"independent"
38,5485,"independent"
38,5486,"independent"
38,5487,"independent"
40,5488,"independent"
40,5489,"independent"
40,5490,"independent"
38,5491,"independent"
40,5492,"independent"
38,5493,"independent"
38,5494,"independent"
40,5495,"independent"
38,5496,"independent"
38,5497,"independent"
40,5498,"independent"
36,5499,"independent"
38,5500,"independent"
38,5501,"independent"
38,5502,"independent"
40,5503,"independent"
38,5504,"independent"
40,5505,"independent"
36,5506,"independent"
40,5507,"independent"
38,5508,"independent"
36,5509,"independent"
40,5510,"independent"
38,5511,"independent"
40,5512,"independent"
40,5513,"independent"
40,5514,"independent"
36,5515,"independent"
36,5516,"independent"
38,5517,"independent"
40,5518,"independent"
40,5519,"independent"
40,5520,"independent"
40,5521,"independent"
40,5522,"independent"
38,5523,"independent"
38,5524,"independent"
40,5525,"independent"
40,5526,"independent"
40,5527,"independent"
38,5528,"independent"
38,5529,"independent"
38,5530,"independent"
38,5531,"independent"
40,5532,"independent"
40,5533,"independent"
36,5534,"independent"
40,5535,"independent"
38,5536,"independent"
38,5537,"independent"
36,5538,"independent"
36,5539,"independent"
40,5540,"independent"
40,5541,"independent"
38,5542,"independent"
38,5543,"independent"
40,5544,"independent"
40,5545,"independent"
40,5546,"independent"
40,5547,"independent"
40,5548,"independent"
40,5549,"independent"
40,5550,"independent"
40,5551,"independent"
40,5552,"independent"
38,5553,"independent"
38,5554,"independent"
38,5555,"independent"
36,5556,"independent"
40,5557,"independent"
36,5558,"independent"
38,5559,"independent"
38,5560,"independent"
40,5561,"independent"
40,5562,"independent"
36,5563,"independent"
40,5564,"independent"
40,5565,"independent"
40,5566,"independent"
36,5567,"independent"
38,5568,"independent"
38,5569,"independent"
38,5570,"independent"
40,5571,"independent"
38,5572,"independent"
38,5573,"independent"
38,5574,"independent"
38,5575,"independent"
38,5576,"independent"
36,5577,"independent"
40,5578,"independent"
36,5579,"independent"
38,5580,"independent"
40,5581,"independent"
40,5582,"independent"
36,5583,"independent"
38,5584,"independent"
40,5585,"independent"
40,5586,"independent"
38,5587,"independent"
40,5588,"independent"
38,5589,"independent"
40,5590,"independent"
38,5591,"independent"
40,5592,"independent"
38,5593,"independent"
38,5594,"independent"
40,5595,"independent"
36,5596,"independent"
38,5597,"independent"
40,5598,"independent"
38,5599,"independent"
40,5600,"independent"
40,5601,"independent"
38,5602,"independent"
36,5603,"independent"
40,5604,"independent"
40,5605,"independent"
40,5606,"independent"
36,5607,"independent"
40,5608,"independent"
40,5609,"independent"
38,5610,"independent"
40,5611,"independent"
40,5612,"independent"
40,5613,"independent"
38,5614,"independent"
36,5615,"independent"
38,5616,"independent"
40,5617,"independent"
36,5618,"independent"
38,5619,"independent"
38,5620,"independent"
38,5621,"independent"
38,5622,"independent"
40,5623,"independent"
40,5624,"independent"
40,5625,"independent"
40,5626,"independent"
36,5627,"independent"
40,5628,"independent"
40,5629,"independent"
40,5630,"independent"
38,5631,"independent"
36,5632,"independent"
38,5633,"independent"
36,5634,"independent"
38,5635,"independent"
40,5636,"independent"
40,5637,"independent"
38,5638,"independent"
36,5639,"independent"
36,5640,"independent"
38,5641,"independent"
38,5642,"independent"
40,5643,"independent"
40,5644,"independent"
38,5645,"independent"
40,5646,"independent"
40,5647,"independent"
40,5648,"independent"
38,5649,"independent"
38,5650,"independent"
38,5651,"independent"
38,5652,"independent"
40,5653,"independent"
40,5654,"independent"
38,5655,"independent"
38,5656,"independent"
38,5657,"independent"
40,5658,"independent"
40,5659,"independent"
40,5660,"independent"
38,5661,"independent"
40,5662,"independent"
40,5663,"independent"
38,5664,"independent"
38,5665,"independent"
38,5666,"independent"
38,5667,"independent"
38,5668,"independent"
40,5669,"independent"
40,5670,"independent"
40,5671,"independent"
38,5672,"independent"
40,5673,"independent"
40,5674,"independent"
38,5675,"independent"
38,5676,"independent"
36,5677,"independent"
38,5678,"independent"
38,5679,"independent"
40,5680,"independent"
40,5681,"independent"
38,5682,"independent"
40,5683,"independent"
40,5684,"independent"
36,5685,"independent"
40,5686,"independent"
38,5687,"independent"
38,5688,"independent"
36,5689,"independent"
36,5690,"independent"
40,5691,"independent"
40,5692,"independent"
40,5693,"independent"
38,5694,"independent"
40,5695,"independent"
36,5696,"independent"
40,5697,"independent"
40,5698,"independent"
40,5699,"independent"
40,5700,"independent"
40,5701,"independent"
38,5702,"independent"
40,5703,"independent"
38,5704,"independent"
40,5705,"independent"
40,5706,"independent"
38,5707,"independent"
36,5708,"independent"
38,5709,"independent"
40,5710,"independent"
40,5711,"independent"
38,5712,"independent"
38,5713,"independent"
38,5714,"independent"
38,5715,"independent"
40,5716,"independent"
38,5717,"independent"
38,5718,"independent"
40,5719,"independent"
36,5720,"independent"
40,5721,"independent"
38,5722,"independent"
40,5723,"independent"
38,5724,"independent"
38,5725,"independent"
38,5726,"independent"
38,5727,"independent"
36,5728,"independent"
40,5729,"independent"
40,5730,"independent"
40,5731,"independent"
40,5732,"independent"
40,5733,"independent"
38,5734,"independent"
40,5735,"independent"
40,5736,"independent"
40,5737,"independent"
38,5738,"independent"
38,5739,"independent"
40,5740,"independent"
38,5741,"independent"
38,5742,"independent"
40,5743,"independent"
38,5744,"independent"
38,5745,"independent"
40,5746,"independent"
40,5747,"independent"
36,5748,"independent"
38,5749,"independent"
38,5750,"independent"
40,5751,"independent"
40,5752,"independent"
40,5753,"independent"
40,5754,"independent"
38,5755,"independent"
38,5756,"independent"
38,5757,"independent"
38,5758,"independent"
38,5759,"independent"
40,5760,"independent"
40,5761,"independent"
40,5762,"independent"
36,5763,"independent"
40,5764,"independent"
38,5765,"independent"
40,5766,"independent"
40,5767,"independent"
40,5768,"independent"
40,5769,"independent"
40,5770,"independent"
38,5771,"independent"
40,5772,"independent"
40,5773,"independent"
38,5774,"independent"
38,5775,"independent"
40,5776,"independent"
36,5777,"independent"
38,5778,"independent"
40,5779,"independent"
36,5780,"independent"
40,5781,"independent"
40,5782,"independent"
40,5783,"independent"
40,5784,"independent"
40,5785,"independent"
38,5786,"independent"
38,5787,"independent"
40,5788,"independent"
40,5789,"independent"
38,5790,"independent"
40,5791,"independent"
40,5792,"independent"
38,5793,"independent"
38,5794,"independent"
38,5795,"independent"
38,5796,"independent"
40,5797,"independent"
38,5798,"independent"
38,5799,"independent"
36,5800,"independent"
38,5801,"independent"
40,5802,"independent"
40,5803,"independent"
38,5804,"independent"
40,5805,"independent"
40,5806,"independent"
38,5807,"independent"
40,5808,"independent"
36,5809,"independent"
40,5810,"independent"
38,5811,"independent"
40,5812,"independent"
40,5813,"independent"
40,5814,"independent"
38,5815,"independent"
40,5816,"independent"
38,5817,"independent"
40,5818,"independent"
40,5819,"independent"
40,5820,"independent"
40,5821,"independent"
40,5822,"independent"
36,5823,"independent"
40,5824,"independent"
38,5825,"independent"
38,5826,"independent"
40,5827,"independent"
40,5828,"independent"
38,5829,"independent"
40,5830,"independent"
40,5831,"independent"
40,5832,"independent"
38,5833,"independent"
40,5834,"independent"
40,5835,"independent"
40,5836,"independent"
40,5837,"independent"
40,5838,"independent"
40,5839,"independent"
38,5840,"independent"
40,5841,"independent"
38,5842,"independent"
36,5843,"independent"
38,5844,"independent"
40,5845,"independent"
40,5846,"independent"
38,5847,"independent"
38,5848,"independent"
40,5849,"independent"
40,5850,"independent"
38,5851,"independent"
38,5852,"independent"
40,5853,"independent"
40,5854,"independent"
38,5855,"independent"
40,5856,"independent"
40,5857,"independent"
38,5858,"independent"
38,5859,"independent"
38,5860,"independent"
38,5861,"independent"
38,5862,"independent"
40,5863,"independent"
40,5864,"independent"
38,5865,"independent"
38,5866,"independent"
38,5867,"independent"
38,5868,"independent"
40,5869,"independent"
40,5870,"independent"
38,5871,"independent"
38,5872,"independent"
40,5873,"independent"
36,5874,"independent"
40,5875,"independent"
38,5876,"independent"
40,5877,"independent"
40,5878,"independent"
36,5879,"independent"
36,5880,"independent"
40,5881,"independent"
40,5882,"independent"
40,5883,"independent"
36,5884,"independent"
36,5885,"independent"
40,5886,"independent"
40,5887,"independent"
38,5888,"independent"
40,5889,"independent"
40,5890,"independent"
36,5891,"independent"
36,5892,"independent"
40,5893,"independent"
40,5894,"independent"
40,5895,"independent"
40,5896,"independent"
40,5897,"independent"
40,5898,"independent"
38,5899,"independent"
40,5900,"independent"
38,5901,"independent"
36,5902,"independent"
38,5903,"independent"
36,5904,"independent"
40,5905,"independent"
40,5906,"independent"
38,5907,"independent"
38,5908,"independent"
38,5909,"independent"
38,5910,"independent"
38,5911,"independent"
40,5912,"independent"
38,5913,"independent"
36,5914,"independent"
40,5915,"independent"
36,5916,"independent"
36,5917,"independent"
40,5918,"independent"
38,5919,"independent"
38,5920,"independent"
40,5921,"independent"
36,5922,"independent"
38,5923,"independent"
40,5924,"independent"
38,5925,"independent"
38,5926,"independent"
38,5927,"independent"
38,5928,"independent"
36,5929,"independent"
40,5930,"independent"
40,5931,"independent"
38,5932,"independent"
40,5933,"independent"
38,5934,"independent"
38,5935,"independent"
38,5936,"independent"
40,5937,"independent"
36,5938,"independent"
40,5939,"independent"
38,5940,"independent"
40,5941,"independent"
40,5942,"independent"
38,5943,"independent"
38,5944,"independent"
40,5945,"independent"
40,5946,"independent"
38,5947,"independent"
40,5948,"independent"
40,5949,"independent"
40,5950,"independent"
38,5951,"independent"
40,5952,"independent"
40,5953,"independent"
38,5954,"independent"
40,5955,"independent"
40,5956,"independent"
40,5957,"independent"
40,5958,"independent"
38,5959,"independent"
38,5960,"independent"
40,5961,"independent"
38,5962,"independent"
38,5963,"independent"
38,5964,"independent"
38,5965,"independent"
38,5966,"independent"
40,5967,"independent"
38,5968,"independent"
36,5969,"independent"
40,5970,"independent"
38,5971,"independent"
38,5972,"independent"
40,5973,"independent"
40,5974,"independent"
38,5975,"independent"
36,5976,"independent"
38,5977,"independent"
40,5978,"independent"
40,5979,"independent"
40,5980,"independent"
38,5981,"independent"
38,5982,"independent"
40,5983,"independent"
40,5984,"independent"
38,5985,"independent"
40,5986,"independent"
36,5987,"independent"
38,5988,"independent"
38,5989,"independent"
38,5990,"independent"
38,5991,"independent"
40,5992,"independent"
36,5993,"independent"
40,5994,"independent"
40,5995,"independent"
40,5996,"independent"
36,5997,"independent"
40,5998,"independent"
38,5999,"independent"
38,6000,"independent"
38,6001,"independent"
38,6002,"independent"
40,6003,"independent"
38,6004,"independent"
40,6005,"independent"
40,6006,"independent"
38,6007,"independent"
40,6008,"independent"
40,6009,"independent"
40,6010,"independent"
38,6011,"independent"
38,6012,"independent"
38,6013,"independent"
40,6014,"independent"
38,6015,"independent"
40,6016,"independent"
38,6017,"independent"
38,6018,"independent"
38,6019,"independent"
36,6020,"independent"
40,6021,"independent"
38,6022,"independent"
40,6023,"independent"
38,6024,"independent"
40,6025,"independent"
38,6026,"independent"
36,6027,"independent"
38,6028,"independent"
38,6029,"independent"
36,6030,"independent"
40,6031,"independent"
38,6032,"independent"
36,6033,"independent"
36,6034,"independent"
40,6035,"independent"
40,6036,"independent"
38,6037,"independent"
40,6038,"independent"
36,6039,"independent"
38,6040,"independent"
40,6041,"independent"
40,6042,"independent"
36,6043,"independent"
40,6044,"independent"
38,6045,"independent"
38,6046,"independent"
40,6047,"independent"
36,6048,"independent"
36,6049,"independent"
38,6050,"independent"
40,6051,"independent"
38,6052,"independent"
38,6053,"independent"
40,6054,"independent"
38,6055,"independent"
38,6056,"independent"
40,6057,"independent"
40,6058,"independent"
38,6059,"independent"
38,6060,"independent"
38,6061,"independent"
38,6062,"independent"
38,6063,"independent"
40,6064,"independent"
36,6065,"independent"
38,6066,"independent"
36,6067,"independent"
38,6068,"independent"
38,6069,"independent"
38,6070,"independent"
38,6071,"independent"
40,6072,"independent"
40,6073,"independent"
40,6074,"independent"
40,6075,"independent"
38,6076,"independent"
38,6077,"independent"
38,6078,"independent"
40,6079,"independent"
40,6080,"independent"
40,6081,"independent"
38,6082,"independent"
38,6083,"independent"
40,6084,"independent"
38,6085,"independent"
40,6086,"independent"
40,6087,"independent"
40,6088,"independent"
38,6089,"independent"
38,6090,"independent"
40,6091,"independent"
38,6092,"independent"
38,6093,"independent"
40,6094,"independent"
40,6095,"independent"
36,6096,"independent"
40,6097,"independent"
38,6098,"independent"
38,6099,"independent"
38,6100,"independent"
40,6101,"independent"
40,6102,"independent"
36,6103,"independent"
40,6104,"independent"
40,6105,"independent"
38,6106,"independent"
40,6107,"independent"
38,6108,"independent"
38,6109,"independent"
38,6110,"independent"
38,6111,"independent"
38,6112,"independent"
40,6113,"independent"
38,6114,"independent"
38,6115,"independent"
38,6116,"independent"
40,6117,"independent"
38,6118,"independent"
40,6119,"independent"
40,6120,"independent"
38,6121,"independent"
38,6122,"independent"
36,6123,"independent"
40,6124,"independent"
38,6125,"independent"
40,6126,"independent"
40,6127,"independent"
40,6128,"independent"
40,6129,"independent"
36,6130,"independent"
38,6131,"independent"
38,6132,"independent"
40,6133,"independent"
36,6134,"independent"
40,6135,"independent"
38,6136,"independent"
38,6137,"independent"
40,6138,"independent"
40,6139,"independent"
38,6140,"independent"
36,6141,"independent"
40,6142,"independent"
40,6143,"independent"
38,6144,"independent"
38,6145,"independent"
38,6146,"independent"
36,6147,"independent"
38,6148,"independent"
36,6149,"independent"
40,6150,"independent"
38,6151,"independent"
38,6152,"independent"
40,6153,"independent"
38,6154,"independent"
40,6155,"independent"
38,6156,"independent"
38,6157,"independent"
40,6158,"independent"
38,6159,"independent"
40,6160,"independent"
38,6161,"independent"
38,6162,"independent"
36,6163,"independent"
38,6164,"independent"
38,6165,"independent"
36,6166,"independent"
40,6167,"independent"
40,6168,"independent"
38,6169,"independent"
40,6170,"independent"
40,6171,"independent"
40,6172,"independent"
40,6173,"independent"
40,6174,"independent"
38,6175,"independent"
38,6176,"independent"
38,6177,"independent"
40,6178,"independent"
40,6179,"independent"
38,6180,"independent"
40,6181,"independent"
40,6182,"independent"
36,6183,"independent"
36,6184,"independent"
38,6185,"independent"
38,6186,"independent"
38,6187,"independent"
40,6188,"independent"
40,6189,"independent"
40,6190,"independent"
40,6191,"independent"
40,6192,"independent"
38,6193,"independent"
38,6194,"independent"
40,6195,"independent"
38,6196,"independent"
38,6197,"independent"
40,6198,"independent"
40,6199,"independent"
38,6200,"independent"
40,6201,"independent"
38,6202,"independent"
38,6203,"independent"
38,6204,"independent"
40,6205,"independent"
38,6206,"independent"
38,6207,"independent"
40,6208,"independent"
38,6209,"independent"
38,6210,"independent"
40,6211,"independent"
38,6212,"independent"
38,6213,"independent"
38,6214,"independent"
38,6215,"independent"
40,6216,"independent"
40,6217,"independent"
38,6218,"independent"
38,6219,"independent"
40,6220,"independent"
38,6221,"independent"
40,6222,"independent"
36,6223,"independent"
38,6224,"independent"
36,6225,"independent"
36,6226,"independent"
40,6227,"independent"
38,6228,"independent"
40,6229,"independent"
38,6230,"independent"
40,6231,"independent"
40,6232,"independent"
38,6233,"independent"
40,6234,"independent"
36,6235,"independent"
38,6236,"independent"
40,6237,"independent"
40,6238,"independent"
40,6239,"independent"
40,6240,"independent"
36,6241,"independent"
40,6242,"independent"
40,6243,"independent"
38,6244,"independent"
38,6245,"independent"
36,6246,"independent"
38,6247,"independent"
38,6248,"independent"
40,6249,"independent"
40,6250,"independent"
40,6251,"independent"
38,6252,"independent"
40,6253,"independent"
38,6254,"independent"
38,6255,"independent"
40,6256,"independent"
36,6257,"independent"
38,6258,"independent"
38,6259,"independent"
38,6260,"independent"
38,6261,"independent"
38,6262,"independent"
38,6263,"independent"
40,6264,"independent"
36,6265,"independent"
38,6266,"independent"
38,6267,"independent"
40,6268,"independent"
38,6269,"independent"
38,6270,"independent"
40,6271,"independent"
40,6272,"independent"
38,6273,"independent"
38,6274,"independent"
38,6275,"independent"
36,6276,"independent"
38,6277,"independent"
38,6278,"independent"
40,6279,"independent"
36,6280,"independent"
38,6281,"independent"
38,6282,"independent"
40,6283,"independent"
38,6284,"independent"
36,6285,"independent"
38,6286,"independent"
38,6287,"independent"
38,6288,"independent"
36,6289,"independent"
38,6290,"independent"
38,6291,"independent"
38,6292,"independent"
38,6293,"independent"
38,6294,"independent"
38,6295,"independent"
40,6296,"independent"
40,6297,"independent"
38,6298,"independent"
40,6299,"independent"
40,6300,"independent"
40,6301,"independent"
38,6302,"independent"
36,6303,"independent"
38,6304,"independent"
36,6305,"independent"
38,6306,"independent"
40,6307,"independent"
38,6308,"independent"
38,6309,"independent"
40,6310,"independent"
40,6311,"independent"
40,6312,"independent"
40,6313,"independent"
38,6314,"independent"
38,6315,"independent"
38,6316,"independent"
40,6317,"independent"
40,6318,"independent"
40,6319,"independent"
38,6320,"independent"
38,6321,"independent"
40,6322,"independent"
38,6323,"independent"
38,6324,"independent"
40,6325,"independent"
38,6326,"independent"
38,6327,"independent"
40,6328,"independent"
38,6329,"independent"
40,6330,"independent"
40,6331,"independent"
38,6332,"independent"
38,6333,"independent"
38,6334,"independent"
38,6335,"independent"
40,6336,"independent"
38,6337,"independent"
40,6338,"independent"
40,6339,"independent"
40,6340,"independent"
36,6341,"independent"
38,6342,"independent"
38,6343,"independent"
40,6344,"independent"
40,6345,"independent"
40,6346,"independent"
36,6347,"independent"
40,6348,"independent"
40,6349,"independent"
40,6350,"independent"
40,6351,"independent"
38,6352,"independent"
38,6353,"independent"
38,6354,"independent"
38,6355,"independent"
40,6356,"independent"
38,6357,"independent"
40,6358,"independent"
40,6359,"independent"
40,6360,"independent"
38,6361,"independent"
38,6362,"independent"
40,6363,"independent"
38,6364,"independent"
40,6365,"independent"
38,6366,"independent"
38,6367,"independent"
36,6368,"independent"
40,6369,"independent"
40,6370,"independent"
38,6371,"independent"
38,6372,"independent"
40,6373,"independent"
40,6374,"independent"
38,6375,"independent"
38,6376,"independent"
38,6377,"independent"
40,6378,"independent"
40,6379,"independent"
40,6380,"independent"
40,6381,"independent"
36,6382,"independent"
38,6383,"independent"
38,6384,"independent"
38,6385,"independent"
40,6386,"independent"
38,6387,"independent"
40,6388,"independent"
40,6389,"independent"
36,6390,"independent"
38,6391,"independent"
40,6392,"independent"
40,6393,"independent"
40,6394,"independent"
40,6395,"independent"
38,6396,"independent"
40,6397,"independent"
38,6398,"independent"
38,6399,"independent"
40,6400,"independent"
40,6401,"independent"
38,6402,"independent"
38,6403,"independent"
38,6404,"independent"
40,6405,"independent"
38,6406,"independent"
38,6407,"independent"
40,6408,"independent"
40,6409,"independent"
40,6410,"independent"
36,6411,"independent"
38,6412,"independent"
40,6413,"independent"
38,6414,"independent"
38,6415,"independent"
40,6416,"independent"
40,6417,"independent"
36,6418,"independent"
40,6419,"independent"
40,6420,"independent"
38,6421,"independent"
36,6422,"independent"
38,6423,"independent"
36,6424,"independent"
38,6425,"independent"
40,6426,"independent"
40,6427,"independent"
38,6428,"independent"
38,6429,"independent"
40,6430,"independent"
38,6431,"independent"
38,6432,"independent"
38,6433,"independent"
40,6434,"independent"
40,6435,"independent"
40,6436,"independent"
40,6437,"independent"
40,6438,"independent"
40,6439,"independent"
38,6440,"independent"
38,6441,"independent"
38,6442,"independent"
38,6443,"independent"
40,6444,"independent"
40,6445,"independent"
40,6446,"independent"
38,6447,"independent"
40,6448,"independent"
40,6449,"independent"
40,6450,"independent"
40,6451,"independent"
40,6452,"independent"
40,6453,"independent"
40,6454,"independent"
38,6455,"independent"
40,6456,"independent"
36,6457,"independent"
38,6458,"independent"
38,6459,"independent"
40,6460,"independent"
40,6461,"independent"
40,6462,"independent"
40,6463,"independent"
40,6464,"independent"
40,6465,"independent"
40,6466,"independent"
40,6467,"independent"
40,6468,"independent"
36,6469,"independent"
38,6470,"independent"
40,6471,"independent"
38,6472,"independent"
40,6473,"independent"
40,6474,"independent"
40,6475,"independent"
38,6476,"independent"
40,6477,"independent"
38,6478,"independent"
38,6479,"independent"
40,6480,"independent"
40,6481,"independent"
40,6482,"independent"
40,6483,"independent"
40,6484,"independent"
40,6485,"independent"
38,6486,"independent"
40,6487,"independent"
36,6488,"independent"
40,6489,"independent"
38,6490,"independent"
38,6491,"independent"
38,6492,"independent"
40,6493,"independent"
40,6494,"independent"
40,6495,"independent"
40,6496,"independent"
40,6497,"independent"
40,6498,"independent"
38,6499,"independent"
40,6500,"independent"
40,6501,"independent"
38,6502,"independent"
36,6503,"independent"
36,6504,"independent"
38,6505,"independent"
40,6506,"independent"
40,6507,"independent"
38,6508,"independent"
38,6509,"independent"
36,6510,"independent"
40,6511,"independent"
40,6512,"independent"
38,6513,"independent"
36,6514,"independent"
38,6515,"independent"
40,6516,"independent"
40,6517,"independent"
38,6518,"independent"
38,6519,"independent"
38,6520,"independent"
40,6521,"independent"
40,6522,"independent"
38,6523,"independent"
38,6524,"independent"
38,6525,"independent"
38,6526,"independent"
38,6527,"independent"
38,6528,"independent"
38,6529,"independent"
38,6530,"independent"
36,6531,"independent"
38,6532,"independent"
40,6533,"independent"
38,6534,"independent"
40,6535,"independent"
38,6536,"independent"
38,6537,"independent"
38,6538,"independent"
40,6539,"independent"
40,6540,"independent"
36,6541,"independent"
40,6542,"independent"
40,6543,"independent"
38,6544,"independent"
38,6545,"independent"
40,6546,"independent"
40,6547,"independent"
38,6548,"independent"
40,6549,"independent"
38,6550,"independent"
40,6551,"independent"
40,6552,"independent"
40,6553,"independent"
38,6554,"independent"
38,6555,"independent"
36,6556,"independent"
38,6557,"independent"
40,6558,"independent"
40,6559,"independent"
38,6560,"independent"
38,6561,"independent"
38,6562,"independent"
38,6563,"independent"
38,6564,"independent"
38,6565,"independent"
40,6566,"independent"
40,6567,"independent"
38,6568,"independent"
40,6569,"independent"
38,6570,"independent"
38,6571,"independent"
40,6572,"independent"
36,6573,"independent"
38,6574,"independent"
38,6575,"independent"
38,6576,"independent"
38,6577,"independent"
40,6578,"independent"
40,6579,"independent"
40,6580,"independent"
38,6581,"independent"
38,6582,"independent"
36,6583,"independent"
40,6584,"independent"
38,6585,"independent"
36,6586,"independent"
36,6587,"independent"
38,6588,"independent"
38,6589,"independent"
40,6590,"independent"
38,6591,"independent"
38,6592,"independent"
36,6593,"independent"
40,6594,"independent"
38,6595,"independent"
40,6596,"independent"
40,6597,"independent"
38,6598,"independent"
36,6599,"independent"
38,6600,"independent"
38,6601,"independent"
40,6602,"independent"
40,6603,"independent"
40,6604,"independent"
40,6605,"independent"
38,6606,"independent"
38,6607,"independent"
40,6608,"independent"
38,6609,"independent"
36,6610,"independent"
40,6611,"independent"
40,6612,"independent"
40,6613,"independent"
38,6614,"independent"
38,6615,"independent"
40,6616,"independent"
40,6617,"independent"
38,6618,"independent"
38,6619,"independent"
38,6620,"independent"
38,6621,"independent"
40,6622,"independent"
40,6623,"independent"
40,6624,"independent"
40,6625,"independent"
38,6626,"independent"
38,6627,"independent"
38,6628,"independent"
36,6629,"independent"
38,6630,"independent"
38,6631,"independent"
40,6632,"independent"
36,6633,"independent"
36,6634,"independent"
38,6635,"independent"
38,6636,"independent"
40,6637,"independent"
36,6638,"independent"
38,6639,"independent"
40,6640,"independent"
38,6641,"independent"
36,6642,"independent"
38,6643,"independent"
38,6644,"independent"
40,6645,"independent"
36,6646,"independent"
40,6647,"independent"
38,6648,"independent"
40,6649,"independent"
38,6650,"independent"
40,6651,"independent"
40,6652,"independent"
40,6653,"independent"
38,6654,"independent"
40,6655,"independent"
38,6656,"independent"
40,6657,"independent"
38,6658,"independent"
38,6659,"independent"
38,6660,"independent"
38,6661,"independent"
38,6662,"independent"
40,6663,"independent"
38,6664,"independent"
38,6665,"independent"
40,6666,"independent"
40,6667,"independent"
40,6668,"independent"
38,6669,"independent"
40,6670,"independent"
36,6671,"independent"
40,6672,"independent"
40,6673,"independent"
38,6674,"independent"
40,6675,"independent"
40,6676,"independent"
38,6677,"independent"
40,6678,"independent"
40,6679,"independent"
40,6680,"independent"
38,6681,"independent"
36,6682,"independent"
40,6683,"independent"
40,6684,"independent"
38,6685,"independent"
40,6686,"independent"
40,6687,"independent"
40,6688,"independent"
40,6689,"independent"
38,6690,"independent"
40,6691,"independent"
38,6692,"independent"
40,6693,"independent"
38,6694,"independent"
38,6695,"independent"
40,6696,"independent"
40,6697,"independent"
38,6698,"independent"
38,6699,"independent"
38,6700,"independent"
40,6701,"independent"
38,6702,"independent"
40,6703,"independent"
38,6704,"independent"
38,6705,"independent"
36,6706,"independent"
40,6707,"independent"
40,6708,"independent"
40,6709,"independent"
38,6710,"independent"
36,6711,"independent"
38,6712,"independent"
40,6713,"independent"
38,6714,"independent"
38,6715,"independent"
38,6716,"independent"
40,6717,"independent"
38,6718,"independent"
40,6719,"independent"
40,6720,"independent"
40,6721,"independent"
40,6722,"independent"
38,6723,"independent"
38,6724,"independent"
40,6725,"independent"
36,6726,"independent"
40,6727,"independent"
38,6728,"independent"
38,6729,"independent"
38,6730,"independent"
40,6731,"independent"
40,6732,"independent"
38,6733,"independent"
40,6734,"independent"
38,6735,"independent"
38,6736,"independent"
38,6737,"independent"
38,6738,"independent"
36,6739,"independent"
38,6740,"independent"
38,6741,"independent"
38,6742,"independent"
40,6743,"independent"
38,6744,"independent"
38,6745,"independent"
38,6746,"independent"
36,6747,"independent"
38,6748,"independent"
38,6749,"independent"
40,6750,"independent"
40,6751,"independent"
38,6752,"independent"
38,6753,"independent"
40,6754,"independent"
38,6755,"independent"
40,6756,"independent"
40,6757,"independent"
40,6758,"independent"
36,6759,"independent"
40,6760,"independent"
38,6761,"independent"
38,6762,"independent"
40,6763,"independent"
38,6764,"independent"
38,6765,"independent"
38,6766,"independent"
38,6767,"independent"
38,6768,"independent"
40,6769,"independent"
38,6770,"independent"
40,6771,"independent"
38,6772,"independent"
38,6773,"independent"
40,6774,"independent"
36,6775,"independent"
38,6776,"independent"
36,6777,"independent"
38,6778,"independent"
38,6779,"independent"
40,6780,"independent"
40,6781,"independent"
40,6782,"independent"
38,6783,"independent"
38,6784,"independent"
40,6785,"independent"
38,6786,"independent"
38,6787,"independent"
40,6788,"independent"
40,6789,"independent"
38,6790,"independent"
40,6791,"independent"
38,6792,"independent"
38,6793,"independent"
38,6794,"independent"
40,6795,"independent"
40,6796,"independent"
38,6797,"independent"
40,6798,"independent"
38,6799,"independent"
40,6800,"independent"
40,6801,"independent"
40,6802,"independent"
40,6803,"independent"
40,6804,"independent"
38,6805,"independent"
36,6806,"independent"
38,6807,"independent"
40,6808,"independent"
40,6809,"independent"
38,6810,"independent"
40,6811,"independent"
40,6812,"independent"
38,6813,"independent"
40,6814,"independent"
38,6815,"independent"
40,6816,"independent"
40,6817,"independent"
40,6818,"independent"
36,6819,"independent"
38,6820,"independent"
38,6821,"independent"
40,6822,"independent"
38,6823,"independent"
40,6824,"independent"
38,6825,"independent"
40,6826,"independent"
40,6827,"independent"
40,6828,"independent"
40,6829,"independent"
38,6830,"independent"
38,6831,"independent"
38,6832,"independent"
38,6833,"independent"
38,6834,"independent"
40,6835,"independent"
38,6836,"independent"
38,6837,"independent"
40,6838,"independent"
40,6839,"independent"
38,6840,"independent"
40,6841,"independent"
38,6842,"independent"
38,6843,"independent"
40,6844,"independent"
38,6845,"independent"
40,6846,"independent"
40,6847,"independent"
38,6848,"independent"
38,6849,"independent"
38,6850,"independent"
40,6851,"independent"
40,6852,"independent"
40,6853,"independent"
40,6854,"independent"
36,6855,"independent"
38,6856,"independent"
38,6857,"independent"
38,6858,"independent"
38,6859,"independent"
38,6860,"independent"
38,6861,"independent"
40,6862,"independent"
36,6863,"independent"
40,6864,"independent"
40,6865,"independent"
38,6866,"independent"
40,6867,"independent"
40,6868,"independent"
40,6869,"independent"
40,6870,"independent"
40,6871,"independent"
38,6872,"independent"
40,6873,"independent"
40,6874,"independent"
40,6875,"independent"
38,6876,"independent"
40,6877,"independent"
38,6878,"independent"
36,6879,"independent"
40,6880,"independent"
40,6881,"independent"
38,6882,"independent"
40,6883,"independent"
40,6884,"independent"
40,6885,"independent"
38,6886,"independent"
40,6887,"independent"
38,6888,"independent"
38,6889,"independent"
38,6890,"independent"
36,6891,"independent"
36,6892,"independent"
36,6893,"independent"
36,6894,"independent"
38,6895,"independent"
40,6896,"independent"
38,6897,"independent"
38,6898,"independent"
36,6899,"independent"
38,6900,"independent"
36,6901,"independent"
38,6902,"independent"
36,6903,"independent"
40,6904,"independent"
40,6905,"independent"
40,6906,"independent"
38,6907,"independent"
40,6908,"independent"
38,6909,"independent"
40,6910,"independent"
38,6911,"independent"
38,6912,"independent"
38,6913,"independent"
36,6914,"independent"
40,6915,"independent"
38,6916,"independent"
40,6917,"independent"
38,6918,"independent"
36,6919,"independent"
40,6920,"independent"
38,6921,"independent"
38,6922,"independent"
40,6923,"independent"
40,6924,"independent"
38,6925,"independent"
40,6926,"independent"
38,6927,"independent"
38,6928,"independent"
40,6929,"independent"
38,6930,"independent"
38,6931,"independent"
40,6932,"independent"
38,6933,"independent"
38,6934,"independent"
38,6935,"independent"
40,6936,"independent"
38,6937,"independent"
40,6938,"independent"
38,6939,"independent"
36,6940,"independent"
38,6941,"independent"
40,6942,"independent"
38,6943,"independent"
40,6944,"independent"
40,6945,"independent"
38,6946,"independent"
40,6947,"independent"
40,6948,"independent"
40,6949,"independent"
38,6950,"independent"
40,6951,"independent"
38,6952,"independent"
38,6953,"independent"
38,6954,"independent"
40,6955,"independent"
36,6956,"independent"
40,6957,"independent"
38,6958,"independent"
38,6959,"independent"
36,6960,"independent"
38,6961,"independent"
40,6962,"independent"
40,6963,"independent"
40,6964,"independent"
40,6965,"independent"
40,6966,"independent"
40,6967,"independent"
40,6968,"independent"
40,6969,"independent"
40,6970,"independent"
38,6971,"independent"
40,6972,"independent"
40,6973,"independent"
40,6974,"independent"
40,6975,"independent"
38,6976,"independent"
40,6977,"independent"
40,6978,"independent"
38,6979,"independent"
40,6980,"independent"
40,6981,"independent"
38,6982,"independent"
40,6983,"independent"
40,6984,"independent"
38,6985,"independent"
40,6986,"independent"
40,6987,"independent"
40,6988,"independent"
38,6989,"independent"
38,6990,"independent"
38,6991,"independent"
40,6992,"independent"
40,6993,"independent"
40,6994,"independent"
40,6995,"independent"
36,6996,"independent"
40,6997,"independent"
38,6998,"independent"
38,6999,"independent"
38,7000,"independent"
40,7001,"independent"
40,7002,"independent"
40,7003,"independent"
40,7004,"independent"
40,7005,"independent"
38,7006,"independent"
38,7007,"independent"
40,7008,"independent"
40,7009,"independent"
40,7010,"independent"
40,7011,"independent"
40,7012,"independent"
38,7013,"independent"
38,7014,"independent"
38,7015,"independent"
36,7016,"independent"
36,7017,"independent"
40,7018,"independent"
38,7019,"independent"
40,7020,"independent"
38,7021,"independent"
40,7022,"independent"
38,7023,"independent"
36,7024,"independent"
40,7025,"independent"
40,7026,"independent"
40,7027,"independent"
38,7028,"independent"
36,7029,"independent"
38,7030,"independent"
40,7031,"independent"
40,7032,"independent"
40,7033,"independent"
40,7034,"independent"
38,7035,"independent"
38,7036,"independent"
38,7037,"independent"
38,7038,"independent"
38,7039,"independent"
38,7040,"independent"
40,7041,"independent"
38,7042,"independent"
38,7043,"independent"
38,7044,"independent"
40,7045,"independent"
38,7046,"independent"
40,7047,"independent"
38,7048,"independent"
38,7049,"independent"
38,7050,"independent"
38,7051,"independent"
38,7052,"independent"
40,7053,"independent"
36,7054,"independent"
40,7055,"independent"
38,7056,"independent"
40,7057,"independent"
38,7058,"independent"
40,7059,"independent"
40,7060,"independent"
38,7061,"independent"
40,7062,"independent"
36,7063,"independent"
38,7064,"independent"
38,7065,"independent"
38,7066,"independent"
40,7067,"independent"
40,7068,"independent"
38,7069,"independent"
38,7070,"independent"
40,7071,"independent"
40,7072,"independent"
36,7073,"independent"
38,7074,"independent"
40,7075,"independent"
38,7076,"independent"
40,7077,"independent"
40,7078,"independent"
40,7079,"independent"
40,7080,"independent"
40,7081,"independent"
38,7082,"independent"
38,7083,"independent"
38,7084,"independent"
40,7085,"independent"
38,7086,"independent"
40,7087,"independent"
38,7088,"independent"
40,7089,"independent"
40,7090,"independent"
38,7091,"independent"
38,7092,"independent"
38,7093,"independent"
38,7094,"independent"
38,7095,"independent"
38,7096,"independent"
40,7097,"independent"
40,7098,"independent"
40,7099,"independent"
38,7100,"independent"
38,7101,"independent"
38,7102,"independent"
40,7103,"independent"
40,7104,"independent"
38,7105,"independent"
38,7106,"independent"
36,7107,"independent"
38,7108,"independent"
36,7109,"independent"
36,7110,"independent"
38,7111,"independent"
40,7112,"independent"
38,7113,"independent"
36,7114,"independent"
38,7115,"independent"
38,7116,"independent"
40,7117,"independent"
40,7118,"independent"
38,7119,"independent"
38,7120,"independent"
40,7121,"independent"
38,7122,"independent"
40,7123,"independent"
40,7124,"independent"
40,7125,"independent"
38,7126,"independent"
40,7127,"independent"
40,7128,"independent"
38,7129,"independent"
40,7130,"independent"
38,7131,"independent"
38,7132,"independent"
38,7133,"independent"
38,7134,"independent"
38,7135,"independent"
40,7136,"independent"
40,7137,"independent"
40,7138,"independent"
40,7139,"independent"
40,7140,"independent"
40,7141,"independent"
38,7142,"independent"
40,7143,"independent"
40,7144,"independent"
40,7145,"independent"
40,7146,"independent"
40,7147,"independent"
40,7148,"independent"
40,7149,"independent"
38,7150,"independent"
40,7151,"independent"
38,7152,"independent"
38,7153,"independent"
38,7154,"independent"
40,7155,"independent"
40,7156,"independent"
40,7157,"independent"
40,7158,"independent"
40,7159,"independent"
38,7160,"independent"
38,7161,"independent"
40,7162,"independent"
40,7163,"independent"
40,7164,"independent"
40,7165,"independent"
38,7166,"independent"
40,7167,"independent"
38,7168,"independent"
40,7169,"independent"
38,7170,"independent"
40,7171,"independent"
38,7172,"independent"
38,7173,"independent"
40,7174,"independent"
36,7175,"independent"
36,7176,"independent"
36,7177,"independent"
40,7178,"independent"
40,7179,"independent"
40,7180,"independent"
38,7181,"independent"
38,7182,"independent"
38,7183,"independent"
40,7184,"independent"
38,7185,"independent"
40,7186,"independent"
36,7187,"independent"
38,7188,"independent"
40,7189,"independent"
40,7190,"independent"
40,7191,"independent"
38,7192,"independent"
38,7193,"independent"
38,7194,"independent"
40,7195,"independent"
36,7196,"independent"
40,7197,"independent"
38,7198,"independent"
40,7199,"independent"
40,7200,"independent"
40,7201,"independent"
40,7202,"independent"
38,7203,"independent"
38,7204,"independent"
38,7205,"independent"
40,7206,"independent"
38,7207,"independent"
38,7208,"independent"
40,7209,"independent"
38,7210,"independent"
40,7211,"independent"
38,7212,"independent"
40,7213,"independent"
36,7214,"independent"
38,7215,"independent"
38,7216,"independent"
38,7217,"independent"
40,7218,"independent"
40,7219,"independent"
36,7220,"independent"
40,7221,"independent"
38,7222,"independent"
40,7223,"independent"
40,7224,"independent"
38,7225,"independent"
40,7226,"independent"
40,7227,"independent"
36,7228,"independent"
40,7229,"independent"
38,7230,"independent"
40,7231,"independent"
38,7232,"independent"
38,7233,"independent"
36,7234,"independent"
40,7235,"independent"
38,7236,"independent"
40,7237,"independent"
38,7238,"independent"
40,7239,"independent"
40,7240,"independent"
38,7241,"independent"
40,7242,"independent"
40,7243,"independent"
36,7244,"independent"
38,7245,"independent"
40,7246,"independent"
38,7247,"independent"
36,7248,"independent"
36,7249,"independent"
38,7250,"independent"
40,7251,"independent"
40,7252,"independent"
40,7253,"independent"
38,7254,"independent"
38,7255,"independent"
40,7256,"independent"
38,7257,"independent"
40,7258,"independent"
40,7259,"independent"
38,7260,"independent"
38,7261,"independent"
40,7262,"independent"
40,7263,"independent"
38,7264,"independent"
40,7265,"independent"
38,7266,"independent"
38,7267,"independent"
38,7268,"independent"
40,7269,"independent"
36,7270,"independent"
40,7271,"independent"
38,7272,"independent"
38,7273,"independent"
40,7274,"independent"
40,7275,"independent"
40,7276,"independent"
38,7277,"independent"
36,7278,"independent"
38,7279,"independent"
38,7280,"independent"
40,7281,"independent"
38,7282,"independent"
40,7283,"independent"
40,7284,"independent"
38,7285,"independent"
38,7286,"independent"
38,7287,"independent"
40,7288,"independent"
40,7289,"independent"
38,7290,"independent"
40,7291,"independent"
38,7292,"independent"
38,7293,"independent"
38,7294,"independent"
38,7295,"independent"
40,7296,"independent"
40,7297,"independent"
40,7298,"independent"
40,7299,"independent"
40,7300,"independent"
40,7301,"independent"
40,7302,"independent"
36,7303,"independent"
40,7304,"independent"
40,7305,"independent"
40,7306,"independent"
38,7307,"independent"
38,7308,"independent"
38,7309,"independent"
40,7310,"independent"
40,7311,"independent"
36,7312,"independent"
38,7313,"independent"
38,7314,"independent"
40,7315,"independent"
38,7316,"independent"
38,7317,"independent"
36,7318,"independent"
40,7319,"independent"
38,7320,"independent"
40,7321,"independent"
40,7322,"independent"
38,7323,"independent"
40,7324,"independent"
38,7325,"independent"
38,7326,"independent"
40,7327,"independent"
40,7328,"independent"
40,7329,"independent"
38,7330,"independent"
40,7331,"independent"
40,7332,"independent"
38,7333,"independent"
40,7334,"independent"
38,7335,"independent"
40,7336,"independent"
40,7337,"independent"
38,7338,"independent"
40,7339,"independent"
40,7340,"independent"
40,7341,"independent"
38,7342,"independent"
38,7343,"independent"
38,7344,"independent"
40,7345,"independent"
36,7346,"independent"
38,7347,"independent"
38,7348,"independent"
36,7349,"independent"
40,7350,"independent"
40,7351,"independent"
40,7352,"independent"
38,7353,"independent"
38,7354,"independent"
38,7355,"independent"
40,7356,"independent"
40,7357,"independent"
38,7358,"independent"
40,7359,"independent"
40,7360,"independent"
36,7361,"independent"
38,7362,"independent"
38,7363,"independent"
38,7364,"independent"
36,7365,"independent"
40,7366,"independent"
36,7367,"independent"
38,7368,"independent"
38,7369,"independent"
36,7370,"independent"
40,7371,"independent"
38,7372,"independent"
40,7373,"independent"
40,7374,"independent"
38,7375,"independent"
40,7376,"independent"
38,7377,"independent"
38,7378,"independent"
36,7379,"independent"
40,7380,"independent"
40,7381,"independent"
36,7382,"independent"
36,7383,"independent"
36,7384,"independent"
40,7385,"independent"
38,7386,"independent"
40,7387,"independent"
38,7388,"independent"
38,7389,"independent"
36,7390,"independent"
40,7391,"independent"
38,7392,"independent"
40,7393,"independent"
40,7394,"independent"
40,7395,"independent"
40,7396,"independent"
40,7397,"independent"
40,7398,"independent"
40,7399,"independent"
40,7400,"independent"
40,7401,"independent"
38,7402,"independent"
40,7403,"independent"
38,7404,"independent"
40,7405,"independent"
40,7406,"independent"
38,7407,"independent"
36,7408,"independent"
38,7409,"independent"
38,7410,"independent"
38,7411,"independent"
40,7412,"independent"
38,7413,"independent"
40,7414,"independent"
38,7415,"independent"
40,7416,"independent"
40,7417,"independent"
38,7418,"independent"
40,7419,"independent"
40,7420,"independent"
38,7421,"independent"
36,7422,"independent"
38,7423,"independent"
38,7424,"independent"
38,7425,"independent"
40,7426,"independent"
40,7427,"independent"
38,7428,"independent"
38,7429,"independent"
38,7430,"independent"
38,7431,"independent"
40,7432,"independent"
38,7433,"independent"
38,7434,"independent"
38,7435,"independent"
40,7436,"independent"
38,7437,"independent"
38,7438,"independent"
40,7439,"independent"
36,7440,"independent"
38,7441,"independent"
40,7442,"independent"
38,7443,"independent"
38,7444,"independent"
38,7445,"independent"
40,7446,"independent"
38,7447,"independent"
38,7448,"independent"
40,7449,"independent"
38,7450,"independent"
40,7451,"independent"
40,7452,"independent"
38,7453,"independent"
38,7454,"independent"
38,7455,"independent"
38,7456,"independent"
38,7457,"independent"
40,7458,"independent"
38,7459,"independent"
40,7460,"independent"
38,7461,"independent"
38,7462,"independent"
38,7463,"independent"
36,7464,"independent"
38,7465,"independent"
38,7466,"independent"
40,7467,"independent"
38,7468,"independent"
38,7469,"independent"
40,7470,"independent"
40,7471,"independent"
40,7472,"independent"
40,7473,"independent"
40,7474,"independent"
38,7475,"independent"
40,7476,"independent"
38,7477,"independent"
40,7478,"independent"
38,7479,"independent"
40,7480,"independent"
40,7481,"independent"
38,7482,"independent"
38,7483,"independent"
40,7484,"independent"
38,7485,"independent"
38,7486,"independent"
40,7487,"independent"
38,7488,"independent"
40,7489,"independent"
40,7490,"independent"
40,7491,"independent"
38,7492,"independent"
38,7493,"independent"
40,7494,"independent"
40,7495,"independent"
38,7496,"independent"
36,7497,"independent"
40,7498,"independent"
40,7499,"independent"
38,7500,"independent"
38,7501,"independent"
38,7502,"independent"
40,7503,"independent"
38,7504,"independent"
40,7505,"independent"
40,7506,"independent"
40,7507,"independent"
38,7508,"independent"
40,7509,"independent"
38,7510,"independent"
38,7511,"independent"
40,7512,"independent"
40,7513,"independent"
40,7514,"independent"
38,7515,"independent"
38,7516,"independent"
40,7517,"independent"
38,7518,"independent"
38,7519,"independent"
40,7520,"independent"
38,7521,"independent"
36,7522,"independent"
38,7523,"independent"
38,7524,"independent"
38,7525,"independent"
36,7526,"independent"
40,7527,"independent"
40,7528,"independent"
40,7529,"independent"
40,7530,"independent"
40,7531,"independent"
38,7532,"independent"
38,7533,"independent"
40,7534,"independent"
38,7535,"independent"
38,7536,"independent"
36,7537,"independent"
40,7538,"independent"
36,7539,"independent"
38,7540,"independent"
38,7541,"independent"
36,7542,"independent"
38,7543,"independent"
40,7544,"independent"
40,7545,"independent"
38,7546,"independent"
38,7547,"independent"
36,7548,"independent"
40,7549,"independent"
38,7550,"independent"
38,7551,"independent"
40,7552,"independent"
40,7553,"independent"
40,7554,"independent"
40,7555,"independent"
38,7556,"independent"
40,7557,"independent"
40,7558,"independent"
40,7559,"independent"
40,7560,"independent"
38,7561,"independent"
36,7562,"independent"
36,7563,"independent"
40,7564,"independent"
38,7565,"independent"
40,7566,"independent"
40,7567,"independent"
38,7568,"independent"
40,7569,"independent"
40,7570,"independent"
40,7571,"independent"
38,7572,"independent"
40,7573,"independent"
38,7574,"independent"
38,7575,"independent"
38,7576,"independent"
40,7577,"independent"
40,7578,"independent"
38,7579,"independent"
38,7580,"independent"
40,7581,"independent"
38,7582,"independent"
38,7583,"independent"
38,7584,"independent"
40,7585,"independent"
40,7586,"independent"
40,7587,"independent"
40,7588,"independent"
40,7589,"independent"
40,7590,"independent"
38,7591,"independent"
40,7592,"independent"
38,7593,"independent"
40,7594,"independent"
38,7595,"independent"
40,7596,"independent"
40,7597,"independent"
40,7598,"independent"
36,7599,"independent"
40,7600,"independent"
40,7601,"independent"
38,7602,"independent"
40,7603,"independent"
40,7604,"independent"
38,7605,"independent"
38,7606,"independent"
38,7607,"independent"
38,7608,"independent"
38,7609,"independent"
40,7610,"independent"
40,7611,"independent"
40,7612,"independent"
40,7613,"independent"
38,7614,"independent"
38,7615,"independent"
38,7616,"independent"
40,7617,"independent"
40,7618,"independent"
40,7619,"independent"
40,7620,"independent"
38,7621,"independent"
40,7622,"independent"
40,7623,"independent"
38,7624,"independent"
40,7625,"independent"
40,7626,"independent"
40,7627,"independent"
38,7628,"independent"
38,7629,"independent"
40,7630,"independent"
38,7631,"independent"
38,7632,"independent"
38,7633,"independent"
36,7634,"independent"
36,7635,"independent"
40,7636,"independent"
40,7637,"independent"
38,7638,"independent"
38,7639,"independent"
40,7640,"independent"
40,7641,"independent"
40,7642,"independent"
38,7643,"independent"
38,7644,"independent"
36,7645,"independent"
38,7646,"independent"
40,7647,"independent"
36,7648,"independent"
40,7649,"independent"
40,7650,"independent"
38,7651,"independent"
36,7652,"independent"
40,7653,"independent"
38,7654,"independent"
38,7655,"independent"
40,7656,"independent"
38,7657,"independent"
38,7658,"independent"
40,7659,"independent"
40,7660,"independent"
38,7661,"independent"
38,7662,"independent"
38,7663,"independent"
38,7664,"independent"
40,7665,"independent"
38,7666,"independent"
40,7667,"independent"
40,7668,"independent"
38,7669,"independent"
38,7670,"independent"
36,7671,"independent"
40,7672,"independent"
38,7673,"independent"
40,7674,"independent"
38,7675,"independent"
40,7676,"independent"
38,7677,"independent"
38,7678,"independent"
40,7679,"independent"
36,7680,"independent"
38,7681,"independent"
38,7682,"independent"
40,7683,"independent"
38,7684,"independent"
40,7685,"independent"
40,7686,"independent"
38,7687,"independent"
40,7688,"independent"
40,7689,"independent"
36,7690,"independent"
38,7691,"independent"
38,7692,"independent"
36,7693,"independent"
36,7694,"independent"
38,7695,"independent"
40,7696,"independent"
40,7697,"independent"
40,7698,"independent"
38,7699,"independent"
40,7700,"independent"
40,7701,"independent"
36,7702,"independent"
40,7703,"independent"
36,7704,"independent"
38,7705,"independent"
40,7706,"independent"
40,7707,"independent"
38,7708,"independent"
36,7709,"independent"
40,7710,"independent"
38,7711,"independent"
38,7712,"independent"
36,7713,"independent"
40,7714,"independent"
40,7715,"independent"
40,7716,"independent"
40,7717,"independent"
38,7718,"independent"
38,7719,"independent"
40,7720,"independent"
36,7721,"independent"
38,7722,"independent"
40,7723,"independent"
38,7724,"independent"
36,7725,"independent"
36,7726,"independent"
40,7727,"independent"
36,7728,"independent"
40,7729,"independent"
40,7730,"independent"
40,7731,"independent"
38,7732,"independent"
36,7733,"independent"
36,7734,"independent"
38,7735,"independent"
40,7736,"independent"
38,7737,"independent"
38,7738,"independent"
38,7739,"independent"
40,7740,"independent"
40,7741,"independent"
38,7742,"independent"
40,7743,"independent"
40,7744,"independent"
40,7745,"independent"
40,7746,"independent"
40,7747,"independent"
38,7748,"independent"
40,7749,"independent"
38,7750,"independent"
40,7751,"independent"
40,7752,"independent"
40,7753,"independent"
40,7754,"independent"
40,7755,"independent"
38,7756,"independent"
38,7757,"independent"
40,7758,"independent"
40,7759,"independent"
40,7760,"independent"
40,7761,"independent"
38,7762,"independent"
38,7763,"independent"
36,7764,"independent"
40,7765,"independent"
38,7766,"independent"
40,7767,"independent"
36,7768,"independent"
40,7769,"independent"
40,7770,"independent"
40,7771,"independent"
40,7772,"independent"
38,7773,"independent"
38,7774,"independent"
38,7775,"independent"
40,7776,"independent"
40,7777,"independent"
40,7778,"independent"
36,7779,"independent"
38,7780,"independent"
40,7781,"independent"
40,7782,"independent"
40,7783,"independent"
38,7784,"independent"
38,7785,"independent"
38,7786,"independent"
40,7787,"independent"
40,7788,"independent"
40,7789,"independent"
40,7790,"independent"
38,7791,"independent"
38,7792,"independent"
40,7793,"independent"
38,7794,"independent"
38,7795,"independent"
38,7796,"independent"
40,7797,"independent"
40,7798,"independent"
40,7799,"independent"
38,7800,"independent"
40,7801,"independent"
38,7802,"independent"
40,7803,"independent"
38,7804,"independent"
36,7805,"independent"
38,7806,"independent"
38,7807,"independent"
40,7808,"independent"
38,7809,"independent"
36,7810,"independent"
40,7811,"independent"
40,7812,"independent"
38,7813,"independent"
40,7814,"independent"
38,7815,"independent"
36,7816,"independent"
40,7817,"independent"
38,7818,"independent"
40,7819,"independent"
40,7820,"independent"
40,7821,"independent"
36,7822,"independent"
40,7823,"independent"
38,7824,"independent"
40,7825,"independent"
40,7826,"independent"
38,7827,"independent"
38,7828,"independent"
40,7829,"independent"
40,7830,"independent"
40,7831,"independent"
38,7832,"independent"
38,7833,"independent"
38,7834,"independent"
40,7835,"independent"
38,7836,"independent"
38,7837,"independent"
38,7838,"independent"
38,7839,"independent"
38,7840,"independent"
40,7841,"independent"
40,7842,"independent"
38,7843,"independent"
38,7844,"independent"
38,7845,"independent"
38,7846,"independent"
36,7847,"independent"
36,7848,"independent"
36,7849,"independent"
36,7850,"independent"
38,7851,"independent"
40,7852,"independent"
38,7853,"independent"
38,7854,"independent"
36,7855,"independent"
40,7856,"independent"
40,7857,"independent"
38,7858,"independent"
38,7859,"independent"
40,7860,"independent"
40,7861,"independent"
40,7862,"independent"
40,7863,"independent"
40,7864,"independent"
38,7865,"independent"
38,7866,"independent"
38,7867,"independent"
38,7868,"independent"
38,7869,"independent"
38,7870,"independent"
40,7871,"independent"
38,7872,"independent"
38,7873,"independent"
38,7874,"independent"
40,7875,"independent"
38,7876,"independent"
38,7877,"independent"
38,7878,"independent"
40,7879,"independent"
40,7880,"independent"
38,7881,"independent"
38,7882,"independent"
38,7883,"independent"
40,7884,"independent"
40,7885,"independent"
40,7886,"independent"
40,7887,"independent"
38,7888,"independent"
38,7889,"independent"
40,7890,"independent"
40,7891,"independent"
38,7892,"independent"
38,7893,"independent"
38,7894,"independent"
36,7895,"independent"
38,7896,"independent"
40,7897,"independent"
36,7898,"independent"
38,7899,"independent"
38,7900,"independent"
38,7901,"independent"
40,7902,"independent"
38,7903,"independent"
38,7904,"independent"
38,7905,"independent"
38,7906,"independent"
38,7907,"independent"
40,7908,"independent"
40,7909,"independent"
36,7910,"independent"
40,7911,"independent"
40,7912,"independent"
40,7913,"independent"
40,7914,"independent"
38,7915,"independent"
38,7916,"independent"
38,7917,"independent"
38,7918,"independent"
40,7919,"independent"
38,7920,"independent"
40,7921,"independent"
36,7922,"independent"
36,7923,"independent"
36,7924,"independent"
40,7925,"independent"
38,7926,"independent"
38,7927,"independent"
40,7928,"independent"
38,7929,"independent"
38,7930,"independent"
40,7931,"independent"
40,7932,"independent"
40,7933,"independent"
40,7934,"independent"
38,7935,"independent"
40,7936,"independent"
38,7937,"independent"
38,7938,"independent"
38,7939,"independent"
40,7940,"independent"
40,7941,"independent"
40,7942,"independent"
40,7943,"independent"
40,7944,"independent"
40,7945,"independent"
40,7946,"independent"
40,7947,"independent"
40,7948,"independent"
38,7949,"independent"
38,7950,"independent"
38,7951,"independent"
38,7952,"independent"
38,7953,"independent"
38,7954,"independent"
38,7955,"independent"
40,7956,"independent"
40,7957,"independent"
38,7958,"independent"
40,7959,"independent"
40,7960,"independent"
40,7961,"independent"
38,7962,"independent"
38,7963,"independent"
38,7964,"independent"
40,7965,"independent"
38,7966,"independent"
40,7967,"independent"
40,7968,"independent"
40,7969,"independent"
38,7970,"independent"
40,7971,"independent"
38,7972,"independent"
38,7973,"independent"
36,7974,"independent"
38,7975,"independent"
38,7976,"independent"
40,7977,"independent"
38,7978,"independent"
40,7979,"independent"
40,7980,"independent"
40,7981,"independent"
38,7982,"independent"
38,7983,"independent"
40,7984,"independent"
40,7985,"independent"
36,7986,"independent"
36,7987,"independent"
38,7988,"independent"
40,7989,"independent"
40,7990,"independent"
36,7991,"independent"
40,7992,"independent"
36,7993,"independent"
40,7994,"independent"
40,7995,"independent"
40,7996,"independent"
40,7997,"independent"
40,7998,"independent"
38,7999,"independent"
40,8000,"independent"
40,8001,"independent"
40,8002,"independent"
38,8003,"independent"
38,8004,"independent"
40,8005,"independent"
38,8006,"independent"
40,8007,"independent"
36,8008,"independent"
40,8009,"independent"
38,8010,"independent"
38,8011,"independent"
38,8012,"independent"
38,8013,"independent"
40,8014,"independent"
40,8015,"independent"
40,8016,"independent"
40,8017,"independent"
40,8018,"independent"
38,8019,"independent"
36,8020,"independent"
38,8021,"independent"
38,8022,"independent"
36,8023,"independent"
40,8024,"independent"
38,8025,"independent"
36,8026,"independent"
40,8027,"independent"
40,8028,"independent"
38,8029,"independent"
36,8030,"independent"
38,8031,"independent"
40,8032,"independent"
38,8033,"independent"
40,8034,"independent"
40,8035,"independent"
40,8036,"independent"
38,8037,"independent"
40,8038,"independent"
40,8039,"independent"
38,8040,"independent"
36,8041,"independent"
38,8042,"independent"
38,8043,"independent"
40,8044,"independent"
40,8045,"independent"
38,8046,"independent"
40,8047,"independent"
40,8048,"independent"
38,8049,"independent"
38,8050,"independent"
40,8051,"independent"
38,8052,"independent"
40,8053,"independent"
40,8054,"independent"
38,8055,"independent"
38,8056,"independent"
40,8057,"independent"
36,8058,"independent"
40,8059,"independent"
38,8060,"independent"
40,8061,"independent"
40,8062,"independent"
40,8063,"independent"
40,8064,"independent"
38,8065,"independent"
38,8066,"independent"
38,8067,"independent"
40,8068,"independent"
38,8069,"independent"
40,8070,"independent"
36,8071,"independent"
38,8072,"independent"
40,8073,"independent"
40,8074,"independent"
38,8075,"independent"
40,8076,"independent"
40,8077,"independent"
40,8078,"independent"
40,8079,"independent"
40,8080,"independent"
38,8081,"independent"
38,8082,"independent"
38,8083,"independent"
36,8084,"independent"
38,8085,"independent"
38,8086,"independent"
40,8087,"independent"
38,8088,"independent"
38,8089,"independent"
38,8090,"independent"
40,8091,"independent"
38,8092,"independent"
40,8093,"independent"
40,8094,"independent"
40,8095,"independent"
40,8096,"independent"
38,8097,"independent"
40,8098,"independent"
40,8099,"independent"
40,8100,"independent"
38,8101,"independent"
40,8102,"independent"
38,8103,"independent"
38,8104,"independent"
40,8105,"independent"
38,8106,"independent"
38,8107,"independent"
40,8108,"independent"
38,8109,"independent"
38,8110,"independent"
40,8111,"independent"
40,8112,"independent"
40,8113,"independent"
38,8114,"independent"
40,8115,"independent"
40,8116,"independent"
40,8117,"independent"
40,8118,"independent"
38,8119,"independent"
36,8120,"independent"
38,8121,"independent"
40,8122,"independent"
40,8123,"independent"
40,8124,"independent"
40,8125,"independent"
38,8126,"independent"
40,8127,"independent"
38,8128,"independent"
40,8129,"independent"
36,8130,"independent"
38,8131,"independent"
38,8132,"independent"
36,8133,"independent"
38,8134,"independent"
40,8135,"independent"
40,8136,"independent"
36,8137,"independent"
36,8138,"independent"
40,8139,"independent"
40,8140,"independent"
40,8141,"independent"
38,8142,"independent"
40,8143,"independent"
40,8144,"independent"
36,8145,"independent"
36,8146,"independent"
36,8147,"independent"
40,8148,"independent"
40,8149,"independent"
40,8150,"independent"
40,8151,"independent"
38,8152,"independent"
40,8153,"independent"
40,8154,"independent"
38,8155,"independent"
40,8156,"independent"
38,8157,"independent"
40,8158,"independent"
40,8159,"independent"
38,8160,"independent"
40,8161,"independent"
38,8162,"independent"
40,8163,"independent"
38,8164,"independent"
38,8165,"independent"
36,8166,"independent"
38,8167,"independent"
38,8168,"independent"
40,8169,"independent"
38,8170,"independent"
40,8171,"independent"
40,8172,"independent"
38,8173,"independent"
40,8174,"independent"
38,8175,"independent"
38,8176,"independent"
40,8177,"independent"
40,8178,"independent"
36,8179,"independent"
40,8180,"independent"
40,8181,"independent"
40,8182,"independent"
38,8183,"independent"
36,8184,"independent"
40,8185,"independent"
38,8186,"independent"
36,8187,"independent"
38,8188,"independent"
40,8189,"independent"
38,8190,"independent"
36,8191,"independent"
38,8192,"independent"
36,8193,"independent"
38,8194,"independent"
40,8195,"independent"
38,8196,"independent"
40,8197,"independent"
40,8198,"independent"
40,8199,"independent"
36,8200,"independent"
38,8201,"independent"
38,8202,"independent"
40,8203,"independent"
40,8204,"independent"
40,8205,"independent"
38,8206,"independent"
38,8207,"independent"
36,8208,"independent"
36,8209,"independent"
36,8210,"independent"
38,8211,"independent"
40,8212,"independent"
40,8213,"independent"
38,8214,"independent"
38,8215,"independent"
36,8216,"independent"
38,8217,"independent"
38,8218,"independent"
38,8219,"independent"
36,8220,"independent"
36,8221,"independent"
38,8222,"independent"
38,8223,"independent"
36,8224,"independent"
36,8225,"independent"
38,8226,"independent"
38,8227,"independent"
40,8228,"independent"
40,8229,"independent"
38,8230,"independent"
38,8231,"independent"
38,8232,"independent"
36,8233,"independent"
38,8234,"independent"
38,8235,"independent"
38,8236,"independent"
40,8237,"independent"
40,8238,"independent"
40,8239,"independent"
38,8240,"independent"
38,8241,"independent"
40,8242,"independent"
40,8243,"independent"
40,8244,"independent"
38,8245,"independent"
38,8246,"independent"
36,8247,"independent"
40,8248,"independent"
38,8249,"independent"
40,8250,"independent"
38,8251,"independent"
40,8252,"independent"
36,8253,"independent"
38,8254,"independent"
40,8255,"independent"
38,8256,"independent"
38,8257,"independent"
40,8258,"independent"
38,8259,"independent"
38,8260,"independent"
40,8261,"independent"
40,8262,"independent"
40,8263,"independent"
40,8264,"independent"
36,8265,"independent"
40,8266,"independent"
36,8267,"independent"
40,8268,"independent"
40,8269,"independent"
40,8270,"independent"
36,8271,"independent"
40,8272,"independent"
38,8273,"independent"
36,8274,"independent"
38,8275,"independent"
40,8276,"independent"
40,8277,"independent"
40,8278,"independent"
40,8279,"independent"
36,8280,"independent"
40,8281,"independent"
38,8282,"independent"
36,8283,"independent"
40,8284,"independent"
38,8285,"independent"
38,8286,"independent"
38,8287,"independent"
40,8288,"independent"
38,8289,"independent"
40,8290,"independent"
36,8291,"independent"
38,8292,"independent"
38,8293,"independent"
38,8294,"independent"
38,8295,"independent"
38,8296,"independent"
40,8297,"independent"
40,8298,"independent"
36,8299,"independent"
40,8300,"independent"
40,8301,"independent"
40,8302,"independent"
38,8303,"independent"
38,8304,"independent"
40,8305,"independent"
38,8306,"independent"
38,8307,"independent"
40,8308,"independent"
38,8309,"independent"
38,8310,"independent"
40,8311,"independent"
38,8312,"independent"
38,8313,"independent"
38,8314,"independent"
40,8315,"independent"
40,8316,"independent"
40,8317,"independent"
40,8318,"independent"
36,8319,"independent"
38,8320,"independent"
38,8321,"independent"
40,8322,"independent"
36,8323,"independent"
38,8324,"independent"
40,8325,"independent"
38,8326,"independent"
38,8327,"independent"
40,8328,"independent"
38,8329,"independent"
36,8330,"independent"
36,8331,"independent"
36,8332,"independent"
38,8333,"independent"
38,8334,"independent"
38,8335,"independent"
38,8336,"independent"
36,8337,"independent"
38,8338,"independent"
36,8339,"independent"
38,8340,"independent"
38,8341,"independent"
38,8342,"independent"
38,8343,"independent"
40,8344,"independent"
40,8345,"independent"
38,8346,"independent"
38,8347,"independent"
38,8348,"independent"
38,8349,"independent"
38,8350,"independent"
40,8351,"independent"
40,8352,"independent"
38,8353,"independent"
40,8354,"independent"
40,8355,"independent"
40,8356,"independent"
38,8357,"independent"
40,8358,"independent"
40,8359,"independent"
36,8360,"independent"
38,8361,"independent"
38,8362,"independent"
40,8363,"independent"
40,8364,"independent"
38,8365,"independent"
38,8366,"independent"
40,8367,"independent"
38,8368,"independent"
36,8369,"independent"
38,8370,"independent"
38,8371,"independent"
36,8372,"independent"
38,8373,"independent"
36,8374,"independent"
38,8375,"independent"
38,8376,"independent"
40,8377,"independent"
38,8378,"independent"
36,8379,"independent"
40,8380,"independent"
36,8381,"independent"
36,8382,"independent"
38,8383,"independent"
40,8384,"independent"
40,8385,"independent"
40,8386,"independent"
38,8387,"independent"
40,8388,"independent"
38,8389,"independent"
40,8390,"independent"
38,8391,"independent"
38,8392,"independent"
38,8393,"independent"
36,8394,"independent"
38,8395,"independent"
40,8396,"independent"
38,8397,"independent"
40,8398,"independent"
38,8399,"independent"
40,8400,"independent"
38,8401,"independent"
38,8402,"independent"
38,8403,"independent"
40,8404,"independent"
38,8405,"independent"
38,8406,"independent"
38,8407,"independent"
36,8408,"independent"
38,8409,"independent"
36,8410,"independent"
38,8411,"independent"
36,8412,"independent"
38,8413,"independent"
38,8414,"independent"
38,8415,"independent"
40,8416,"independent"
38,8417,"independent"
36,8418,"independent"
36,8419,"independent"
40,8420,"independent"
38,8421,"independent"
40,8422,"independent"
36,8423,"independent"
38,8424,"independent"
38,8425,"independent"
40,8426,"independent"
36,8427,"independent"
40,8428,"independent"
38,8429,"independent"
38,8430,"independent"
40,8431,"independent"
40,8432,"independent"
40,8433,"independent"
38,8434,"independent"
40,8435,"independent"
38,8436,"independent"
38,8437,"independent"
38,8438,"independent"
38,8439,"independent"
40,8440,"independent"
40,8441,"independent"
40,8442,"independent"
38,8443,"independent"
38,8444,"independent"
38,8445,"independent"
38,8446,"independent"
40,8447,"independent"
40,8448,"independent"
40,8449,"independent"
40,8450,"independent"
38,8451,"independent"
40,8452,"independent"
40,8453,"independent"
40,8454,"independent"
40,8455,"independent"
40,8456,"independent"
38,8457,"independent"
40,8458,"independent"
38,8459,"independent"
40,8460,"independent"
40,8461,"independent"
40,8462,"independent"
36,8463,"independent"
38,8464,"independent"
40,8465,"independent"
36,8466,"independent"
38,8467,"independent"
36,8468,"independent"
38,8469,"independent"
40,8470,"independent"
40,8471,"independent"
38,8472,"independent"
40,8473,"independent"
38,8474,"independent"
40,8475,"independent"
40,8476,"independent"
38,8477,"independent"
40,8478,"independent"
38,8479,"independent"
36,8480,"independent"
40,8481,"independent"
38,8482,"independent"
38,8483,"independent"
38,8484,"independent"
38,8485,"independent"
38,8486,"independent"
36,8487,"independent"
38,8488,"independent"
38,8489,"independent"
38,8490,"independent"
38,8491,"independent"
36,8492,"independent"
38,8493,"independent"
38,8494,"independent"
40,8495,"independent"
40,8496,"independent"
40,8497,"independent"
40,8498,"independent"
40,8499,"independent"
38,8500,"independent"
38,8501,"independent"
36,8502,"independent"
38,8503,"independent"
38,8504,"independent"
40,8505,"independent"
40,8506,"independent"
36,8507,"independent"
38,8508,"independent"
38,8509,"independent"
40,8510,"independent"
38,8511,"independent"
40,8512,"independent"
38,8513,"independent"
40,8514,"independent"
40,8515,"independent"
40,8516,"independent"
40,8517,"independent"
38,8518,"independent"
40,8519,"independent"
38,8520,"independent"
40,8521,"independent"
38,8522,"independent"
36,8523,"independent"
40,8524,"independent"
40,8525,"independent"
40,8526,"independent"
38,8527,"independent"
40,8528,"independent"
40,8529,"independent"
38,8530,"independent"
40,8531,"independent"
38,8532,"independent"
40,8533,"independent"
38,8534,"independent"
38,8535,"independent"
40,8536,"independent"
40,8537,"independent"
40,8538,"independent"
40,8539,"independent"
40,8540,"independent"
40,8541,"independent"
40,8542,"independent"
40,8543,"independent"
38,8544,"independent"
40,8545,"independent"
40,8546,"independent"
38,8547,"independent"
36,8548,"independent"
40,8549,"independent"
38,8550,"independent"
36,8551,"independent"
40,8552,"independent"
36,8553,"independent"
38,8554,"independent"
40,8555,"independent"
40,8556,"independent"
40,8557,"independent"
36,8558,"independent"
40,8559,"independent"
38,8560,"independent"
38,8561,"independent"
40,8562,"independent"
38,8563,"independent"
38,8564,"independent"
38,8565,"independent"
38,8566,"independent"
40,8567,"independent"
40,8568,"independent"
40,8569,"independent"
40,8570,"independent"
40,8571,"independent"
38,8572,"independent"
40,8573,"independent"
40,8574,"independent"
38,8575,"independent"
40,8576,"independent"
38,8577,"independent"
38,8578,"independent"
40,8579,"independent"
40,8580,"independent"
40,8581,"independent"
36,8582,"independent"
38,8583,"independent"
40,8584,"independent"
40,8585,"independent"
38,8586,"independent"
38,8587,"independent"
36,8588,"independent"
38,8589,"independent"
40,8590,"independent"
40,8591,"independent"
40,8592,"independent"
38,8593,"independent"
40,8594,"independent"
40,8595,"independent"
38,8596,"independent"
38,8597,"independent"
38,8598,"independent"
38,8599,"independent"
38,8600,"independent"
38,8601,"independent"
38,8602,"independent"
40,8603,"independent"
40,8604,"independent"
40,8605,"independent"
38,8606,"independent"
40,8607,"independent"
40,8608,"independent"
40,8609,"independent"
38,8610,"independent"
38,8611,"independent"
40,8612,"independent"
40,8613,"independent"
40,8614,"independent"
38,8615,"independent"
38,8616,"independent"
40,8617,"independent"
40,8618,"independent"
38,8619,"independent"
38,8620,"independent"
38,8621,"independent"
40,8622,"independent"
40,8623,"independent"
38,8624,"independent"
40,8625,"independent"
38,8626,"independent"
38,8627,"independent"
38,8628,"independent"
40,8629,"independent"
40,8630,"independent"
38,8631,"independent"
36,8632,"independent"
40,8633,"independent"
38,8634,"independent"
40,8635,"independent"
40,8636,"independent"
36,8637,"independent"
40,8638,"independent"
38,8639,"independent"
38,8640,"independent"
40,8641,"independent"
38,8642,"independent"
40,8643,"independent"
38,8644,"independent"
40,8645,"independent"
38,8646,"independent"
38,8647,"independent"
38,8648,"independent"
38,8649,"independent"
40,8650,"independent"
40,8651,"independent"
36,8652,"independent"
40,8653,"independent"
40,8654,"independent"
40,8655,"independent"
38,8656,"independent"
40,8657,"independent"
40,8658,"independent"
40,8659,"independent"
38,8660,"independent"
40,8661,"independent"
38,8662,"independent"
40,8663,"independent"
40,8664,"independent"
38,8665,"independent"
40,8666,"independent"
38,8667,"independent"
38,8668,"independent"
38,8669,"independent"
38,8670,"independent"
40,8671,"independent"
40,8672,"independent"
38,8673,"independent"
36,8674,"independent"
38,8675,"independent"
40,8676,"independent"
38,8677,"independent"
40,8678,"independent"
40,8679,"independent"
36,8680,"independent"
40,8681,"independent"
38,8682,"independent"
38,8683,"independent"
38,8684,"independent"
40,8685,"independent"
40,8686,"independent"
40,8687,"independent"
38,8688,"independent"
40,8689,"independent"
40,8690,"independent"
36,8691,"independent"
38,8692,"independent"
38,8693,"independent"
40,8694,"independent"
40,8695,"independent"
40,8696,"independent"
36,8697,"independent"
38,8698,"independent"
38,8699,"independent"
40,8700,"independent"
40,8701,"independent"
40,8702,"independent"
38,8703,"independent"
38,8704,"independent"
40,8705,"independent"
38,8706,"independent"
38,8707,"independent"
38,8708,"independent"
38,8709,"independent"
40,8710,"independent"
36,8711,"independent"
40,8712,"independent"
40,8713,"independent"
40,8714,"independent"
40,8715,"independent"
40,8716,"independent"
36,8717,"independent"
40,8718,"independent"
40,8719,"independent"
38,8720,"independent"
40,8721,"independent"
36,8722,"independent"
36,8723,"independent"
40,8724,"independent"
38,8725,"independent"
40,8726,"independent"
38,8727,"independent"
40,8728,"independent"
38,8729,"independent"
38,8730,"independent"
40,8731,"independent"
38,8732,"independent"
38,8733,"independent"
40,8734,"independent"
38,8735,"independent"
40,8736,"independent"
40,8737,"independent"
38,8738,"independent"
38,8739,"independent"
38,8740,"independent"
40,8741,"independent"
40,8742,"independent"
40,8743,"independent"
38,8744,"independent"
38,8745,"independent"
40,8746,"independent"
36,8747,"independent"
40,8748,"independent"
36,8749,"independent"
40,8750,"independent"
40,8751,"independent"
38,8752,"independent"
40,8753,"independent"
40,8754,"independent"
40,8755,"independent"
40,8756,"independent"
38,8757,"independent"
40,8758,"independent"
36,8759,"independent"
38,8760,"independent"
40,8761,"independent"
40,8762,"independent"
40,8763,"independent"
40,8764,"independent"
40,8765,"independent"
38,8766,"independent"
40,8767,"independent"
38,8768,"independent"
40,8769,"independent"
38,8770,"independent"
38,8771,"independent"
38,8772,"independent"
38,8773,"independent"
36,8774,"independent"
40,8775,"independent"
36,8776,"independent"
36,8777,"independent"
38,8778,"independent"
38,8779,"independent"
40,8780,"independent"
38,8781,"independent"
38,8782,"independent"
38,8783,"independent"
40,8784,"independent"
38,8785,"independent"
40,8786,"independent"
38,8787,"independent"
40,8788,"independent"
40,8789,"independent"
38,8790,"independent"
38,8791,"independent"
40,8792,"independent"
40,8793,"independent"
38,8794,"independent"
38,8795,"independent"
40,8796,"independent"
40,8797,"independent"
38,8798,"independent"
38,8799,"independent"
40,8800,"independent"
40,8801,"independent"
40,8802,"independent"
40,8803,"independent"
38,8804,"independent"
38,8805,"independent"
40,8806,"independent"
40,8807,"independent"
40,8808,"independent"
38,8809,"independent"
38,8810,"independent"
36,8811,"independent"
38,8812,"independent"
38,8813,"independent"
40,8814,"independent"
38,8815,"independent"
36,8816,"independent"
36,8817,"independent"
36,8818,"independent"
38,8819,"independent"
36,8820,"independent"
38,8821,"independent"
36,8822,"independent"
38,8823,"independent"
40,8824,"independent"
38,8825,"independent"
38,8826,"independent"
40,8827,"independent"
38,8828,"independent"
40,8829,"independent"
40,8830,"independent"
40,8831,"independent"
40,8832,"independent"
40,8833,"independent"
40,8834,"independent"
40,8835,"independent"
40,8836,"independent"
38,8837,"independent"
36,8838,"independent"
40,8839,"independent"
40,8840,"independent"
38,8841,"independent"
40,8842,"independent"
38,8843,"independent"
40,8844,"independent"
40,8845,"independent"
40,8846,"independent"
38,8847,"independent"
38,8848,"independent"
38,8849,"independent"
40,8850,"independent"
40,8851,"independent"
38,8852,"independent"
40,8853,"independent"
38,8854,"independent"
38,8855,"independent"
38,8856,"independent"
36,8857,"independent"
38,8858,"independent"
40,8859,"independent"
40,8860,"independent"
38,8861,"independent"
38,8862,"independent"
40,8863,"independent"
38,8864,"independent"
38,8865,"independent"
38,8866,"independent"
40,8867,"independent"
40,8868,"independent"
40,8869,"independent"
38,8870,"independent"
38,8871,"independent"
38,8872,"independent"
38,8873,"independent"
40,8874,"independent"
36,8875,"independent"
40,8876,"independent"
40,8877,"independent"
36,8878,"independent"
40,8879,"independent"
40,8880,"independent"
40,8881,"independent"
38,8882,"independent"
36,8883,"independent"
38,8884,"independent"
40,8885,"independent"
40,8886,"independent"
38,8887,"independent"
38,8888,"independent"
40,8889,"independent"
38,8890,"independent"
40,8891,"independent"
40,8892,"independent"
40,8893,"independent"
38,8894,"independent"
38,8895,"independent"
38,8896,"independent"
38,8897,"independent"
40,8898,"independent"
40,8899,"independent"
38,8900,"independent"
40,8901,"independent"
38,8902,"independent"
40,8903,"independent"
40,8904,"independent"
38,8905,"independent"
38,8906,"independent"
38,8907,"independent"
36,8908,"independent"
38,8909,"independent"
40,8910,"independent"
40,8911,"independent"
38,8912,"independent"
38,8913,"independent"
38,8914,"independent"
38,8915,"independent"
38,8916,"independent"
40,8917,"independent"
40,8918,"independent"
36,8919,"independent"
40,8920,"independent"
38,8921,"independent"
40,8922,"independent"
38,8923,"independent"
38,8924,"independent"
38,8925,"independent"
40,8926,"independent"
40,8927,"independent"
40,8928,"independent"
36,8929,"independent"
38,8930,"independent"
40,8931,"independent"
36,8932,"independent"
38,8933,"independent"
40,8934,"independent"
40,8935,"independent"
40,8936,"independent"
40,8937,"independent"
40,8938,"independent"
38,8939,"independent"
40,8940,"independent"
40,8941,"independent"
38,8942,"independent"
38,8943,"independent"
40,8944,"independent"
38,8945,"independent"
40,8946,"independent"
38,8947,"independent"
38,8948,"independent"
38,8949,"independent"
38,8950,"independent"
40,8951,"independent"
38,8952,"independent"
40,8953,"independent"
40,8954,"independent"
40,8955,"independent"
38,8956,"independent"
40,8957,"independent"
36,8958,"independent"
36,8959,"independent"
38,8960,"independent"
40,8961,"independent"
40,8962,"independent"
38,8963,"independent"
36,8964,"independent"
40,8965,"independent"
40,8966,"independent"
36,8967,"independent"
38,8968,"independent"
38,8969,"independent"
36,8970,"independent"
38,8971,"independent"
38,8972,"independent"
38,8973,"independent"
36,8974,"independent"
38,8975,"independent"
40,8976,"independent"
40,8977,"independent"
38,8978,"independent"
40,8979,"independent"
40,8980,"independent"
40,8981,"independent"
40,8982,"independent"
38,8983,"independent"
38,8984,"independent"
38,8985,"independent"
40,8986,"independent"
38,8987,"independent"
40,8988,"independent"
40,8989,"independent"
40,8990,"independent"
40,8991,"independent"
38,8992,"independent"
38,8993,"independent"
40,8994,"independent"
40,8995,"independent"
38,8996,"independent"
38,8997,"independent"
36,8998,"independent"
40,8999,"independent"
38,9000,"independent"
38,9001,"independent"
