"RF","tree_id","dataset"
12,1,"independent"
14,2,"independent"
16,3,"independent"
18,4,"independent"
16,5,"independent"
16,6,"independent"
20,7,"independent"
12,8,"independent"
16,9,"independent"
16,10,"independent"
22,11,"independent"
14,12,"independent"
10,13,"independent"
18,14,"independent"
18,15,"independent"
16,16,"independent"
10,17,"independent"
18,18,"independent"
16,19,"independent"
20,20,"independent"
10,21,"independent"
18,22,"independent"
18,23,"independent"
14,24,"independent"
10,25,"independent"
10,26,"independent"
14,27,"independent"
18,28,"independent"
18,29,"independent"
14,30,"independent"
12,31,"independent"
16,32,"independent"
18,33,"independent"
16,34,"independent"
22,35,"independent"
18,36,"independent"
12,37,"independent"
4,38,"independent"
16,39,"independent"
16,40,"independent"
10,41,"independent"
14,42,"independent"
16,43,"independent"
18,44,"independent"
18,45,"independent"
18,46,"independent"
12,47,"independent"
12,48,"independent"
10,49,"independent"
6,50,"independent"
12,51,"independent"
18,52,"independent"
20,53,"independent"
14,54,"independent"
18,55,"independent"
16,56,"independent"
12,57,"independent"
12,58,"independent"
20,59,"independent"
18,60,"independent"
16,61,"independent"
12,62,"independent"
20,63,"independent"
16,64,"independent"
12,65,"independent"
16,66,"independent"
14,67,"independent"
14,68,"independent"
18,69,"independent"
12,70,"independent"
14,71,"independent"
12,72,"independent"
12,73,"independent"
20,74,"independent"
14,75,"independent"
10,76,"independent"
16,77,"independent"
18,78,"independent"
16,79,"independent"
12,80,"independent"
16,81,"independent"
18,82,"independent"
18,83,"independent"
10,84,"independent"
10,85,"independent"
12,86,"independent"
16,87,"independent"
14,88,"independent"
16,89,"independent"
14,90,"independent"
14,91,"independent"
18,92,"independent"
12,93,"independent"
20,94,"independent"
14,95,"independent"
20,96,"independent"
18,97,"independent"
6,98,"independent"
18,99,"independent"
22,100,"independent"
20,101,"independent"
18,102,"independent"
16,103,"independent"
14,104,"independent"
12,105,"independent"
16,106,"independent"
18,107,"independent"
18,108,"independent"
10,109,"independent"
12,110,"independent"
20,111,"independent"
16,112,"independent"
16,113,"independent"
16,114,"independent"
14,115,"independent"
8,116,"independent"
14,117,"independent"
16,118,"independent"
14,119,"independent"
20,120,"independent"
22,121,"independent"
18,122,"independent"
14,123,"independent"
14,124,"independent"
12,125,"independent"
18,126,"independent"
18,127,"independent"
16,128,"independent"
18,129,"independent"
20,130,"independent"
12,131,"independent"
16,132,"independent"
14,133,"independent"
16,134,"independent"
16,135,"independent"
12,136,"independent"
20,137,"independent"
10,138,"independent"
6,139,"independent"
12,140,"independent"
14,141,"independent"
18,142,"independent"
14,143,"independent"
18,144,"independent"
16,145,"independent"
16,146,"independent"
14,147,"independent"
20,148,"independent"
18,149,"independent"
10,150,"independent"
10,151,"independent"
14,152,"independent"
10,153,"independent"
10,154,"independent"
10,155,"independent"
16,156,"independent"
14,157,"independent"
18,158,"independent"
16,159,"independent"
20,160,"independent"
12,161,"independent"
20,162,"independent"
14,163,"independent"
10,164,"independent"
18,165,"independent"
14,166,"independent"
14,167,"independent"
14,168,"independent"
16,169,"independent"
24,170,"independent"
16,171,"independent"
6,172,"independent"
16,173,"independent"
10,174,"independent"
12,175,"independent"
18,176,"independent"
16,177,"independent"
14,178,"independent"
8,179,"independent"
18,180,"independent"
18,181,"independent"
16,182,"independent"
14,183,"independent"
12,184,"independent"
12,185,"independent"
16,186,"independent"
10,187,"independent"
12,188,"independent"
20,189,"independent"
18,190,"independent"
16,191,"independent"
18,192,"independent"
14,193,"independent"
14,194,"independent"
16,195,"independent"
14,196,"independent"
16,197,"independent"
22,198,"independent"
16,199,"independent"
16,200,"independent"
14,201,"independent"
12,202,"independent"
12,203,"independent"
20,204,"independent"
16,205,"independent"
16,206,"independent"
10,207,"independent"
12,208,"independent"
12,209,"independent"
26,210,"independent"
14,211,"independent"
12,212,"independent"
14,213,"independent"
14,214,"independent"
12,215,"independent"
20,216,"independent"
16,217,"independent"
16,218,"independent"
14,219,"independent"
12,220,"independent"
12,221,"independent"
14,222,"independent"
20,223,"independent"
16,224,"independent"
10,225,"independent"
14,226,"independent"
18,227,"independent"
18,228,"independent"
12,229,"independent"
16,230,"independent"
20,231,"independent"
18,232,"independent"
14,233,"independent"
16,234,"independent"
20,235,"independent"
16,236,"independent"
18,237,"independent"
18,238,"independent"
14,239,"independent"
16,240,"independent"
12,241,"independent"
14,242,"independent"
10,243,"independent"
16,244,"independent"
18,245,"independent"
16,246,"independent"
14,247,"independent"
18,248,"independent"
24,249,"independent"
12,250,"independent"
14,251,"independent"
12,252,"independent"
16,253,"independent"
18,254,"independent"
22,255,"independent"
18,256,"independent"
16,257,"independent"
18,258,"independent"
12,259,"independent"
10,260,"independent"
18,261,"independent"
12,262,"independent"
22,263,"independent"
18,264,"independent"
16,265,"independent"
12,266,"independent"
16,267,"independent"
14,268,"independent"
16,269,"independent"
10,270,"independent"
18,271,"independent"
12,272,"independent"
14,273,"independent"
8,274,"independent"
14,275,"independent"
16,276,"independent"
14,277,"independent"
20,278,"independent"
8,279,"independent"
16,280,"independent"
16,281,"independent"
18,282,"independent"
18,283,"independent"
16,284,"independent"
12,285,"independent"
12,286,"independent"
16,287,"independent"
16,288,"independent"
18,289,"independent"
18,290,"independent"
14,291,"independent"
12,292,"independent"
20,293,"independent"
18,294,"independent"
16,295,"independent"
14,296,"independent"
10,297,"independent"
10,298,"independent"
16,299,"independent"
16,300,"independent"
18,301,"independent"
20,302,"independent"
20,303,"independent"
12,304,"independent"
16,305,"independent"
16,306,"independent"
10,307,"independent"
18,308,"independent"
16,309,"independent"
22,310,"independent"
18,311,"independent"
10,312,"independent"
10,313,"independent"
18,314,"independent"
18,315,"independent"
14,316,"independent"
18,317,"independent"
14,318,"independent"
16,319,"independent"
16,320,"independent"
14,321,"independent"
18,322,"independent"
10,323,"independent"
22,324,"independent"
16,325,"independent"
14,326,"independent"
12,327,"independent"
10,328,"independent"
10,329,"independent"
18,330,"independent"
6,331,"independent"
8,332,"independent"
12,333,"independent"
14,334,"independent"
12,335,"independent"
22,336,"independent"
10,337,"independent"
14,338,"independent"
16,339,"independent"
14,340,"independent"
22,341,"independent"
16,342,"independent"
16,343,"independent"
16,344,"independent"
18,345,"independent"
18,346,"independent"
10,347,"independent"
8,348,"independent"
10,349,"independent"
16,350,"independent"
16,351,"independent"
6,352,"independent"
12,353,"independent"
16,354,"independent"
12,355,"independent"
14,356,"independent"
16,357,"independent"
16,358,"independent"
18,359,"independent"
20,360,"independent"
20,361,"independent"
18,362,"independent"
24,363,"independent"
18,364,"independent"
12,365,"independent"
12,366,"independent"
14,367,"independent"
12,368,"independent"
16,369,"independent"
14,370,"independent"
16,371,"independent"
16,372,"independent"
14,373,"independent"
6,374,"independent"
16,375,"independent"
16,376,"independent"
12,377,"independent"
16,378,"independent"
20,379,"independent"
22,380,"independent"
14,381,"independent"
18,382,"independent"
10,383,"independent"
12,384,"independent"
14,385,"independent"
12,386,"independent"
14,387,"independent"
8,388,"independent"
12,389,"independent"
16,390,"independent"
18,391,"independent"
22,392,"independent"
16,393,"independent"
18,394,"independent"
14,395,"independent"
18,396,"independent"
14,397,"independent"
16,398,"independent"
14,399,"independent"
12,400,"independent"
16,401,"independent"
14,402,"independent"
22,403,"independent"
18,404,"independent"
20,405,"independent"
14,406,"independent"
18,407,"independent"
12,408,"independent"
14,409,"independent"
12,410,"independent"
16,411,"independent"
14,412,"independent"
12,413,"independent"
10,414,"independent"
14,415,"independent"
12,416,"independent"
16,417,"independent"
14,418,"independent"
6,419,"independent"
20,420,"independent"
18,421,"independent"
16,422,"independent"
14,423,"independent"
18,424,"independent"
12,425,"independent"
20,426,"independent"
20,427,"independent"
16,428,"independent"
14,429,"independent"
16,430,"independent"
14,431,"independent"
16,432,"independent"
18,433,"independent"
16,434,"independent"
16,435,"independent"
16,436,"independent"
16,437,"independent"
18,438,"independent"
12,439,"independent"
8,440,"independent"
18,441,"independent"
18,442,"independent"
18,443,"independent"
16,444,"independent"
22,445,"independent"
14,446,"independent"
16,447,"independent"
16,448,"independent"
12,449,"independent"
10,450,"independent"
10,451,"independent"
20,452,"independent"
20,453,"independent"
10,454,"independent"
20,455,"independent"
18,456,"independent"
18,457,"independent"
16,458,"independent"
8,459,"independent"
16,460,"independent"
10,461,"independent"
12,462,"independent"
10,463,"independent"
20,464,"independent"
22,465,"independent"
16,466,"independent"
16,467,"independent"
20,468,"independent"
10,469,"independent"
20,470,"independent"
18,471,"independent"
8,472,"independent"
16,473,"independent"
14,474,"independent"
16,475,"independent"
20,476,"independent"
16,477,"independent"
20,478,"independent"
16,479,"independent"
10,480,"independent"
14,481,"independent"
6,482,"independent"
16,483,"independent"
22,484,"independent"
14,485,"independent"
22,486,"independent"
12,487,"independent"
20,488,"independent"
20,489,"independent"
14,490,"independent"
6,491,"independent"
16,492,"independent"
18,493,"independent"
2,494,"independent"
16,495,"independent"
18,496,"independent"
14,497,"independent"
18,498,"independent"
18,499,"independent"
14,500,"independent"
22,501,"independent"
16,502,"independent"
16,503,"independent"
16,504,"independent"
20,505,"independent"
16,506,"independent"
20,507,"independent"
18,508,"independent"
12,509,"independent"
10,510,"independent"
18,511,"independent"
14,512,"independent"
10,513,"independent"
10,514,"independent"
16,515,"independent"
14,516,"independent"
14,517,"independent"
20,518,"independent"
18,519,"independent"
8,520,"independent"
8,521,"independent"
18,522,"independent"
16,523,"independent"
16,524,"independent"
16,525,"independent"
14,526,"independent"
20,527,"independent"
14,528,"independent"
8,529,"independent"
8,530,"independent"
12,531,"independent"
18,532,"independent"
20,533,"independent"
18,534,"independent"
18,535,"independent"
18,536,"independent"
22,537,"independent"
18,538,"independent"
18,539,"independent"
8,540,"independent"
14,541,"independent"
24,542,"independent"
16,543,"independent"
14,544,"independent"
14,545,"independent"
16,546,"independent"
18,547,"independent"
14,548,"independent"
16,549,"independent"
20,550,"independent"
10,551,"independent"
12,552,"independent"
22,553,"independent"
20,554,"independent"
16,555,"independent"
14,556,"independent"
22,557,"independent"
12,558,"independent"
16,559,"independent"
22,560,"independent"
10,561,"independent"
20,562,"independent"
20,563,"independent"
12,564,"independent"
16,565,"independent"
12,566,"independent"
18,567,"independent"
10,568,"independent"
14,569,"independent"
10,570,"independent"
20,571,"independent"
20,572,"independent"
14,573,"independent"
12,574,"independent"
16,575,"independent"
22,576,"independent"
16,577,"independent"
10,578,"independent"
10,579,"independent"
18,580,"independent"
12,581,"independent"
20,582,"independent"
10,583,"independent"
18,584,"independent"
14,585,"independent"
18,586,"independent"
14,587,"independent"
16,588,"independent"
14,589,"independent"
18,590,"independent"
14,591,"independent"
14,592,"independent"
16,593,"independent"
10,594,"independent"
18,595,"independent"
22,596,"independent"
20,597,"independent"
16,598,"independent"
14,599,"independent"
14,600,"independent"
18,601,"independent"
14,602,"independent"
14,603,"independent"
18,604,"independent"
12,605,"independent"
8,606,"independent"
14,607,"independent"
16,608,"independent"
20,609,"independent"
10,610,"independent"
18,611,"independent"
20,612,"independent"
0,613,"independent"
10,614,"independent"
14,615,"independent"
12,616,"independent"
18,617,"independent"
16,618,"independent"
18,619,"independent"
20,620,"independent"
12,621,"independent"
14,622,"independent"
18,623,"independent"
22,624,"independent"
18,625,"independent"
14,626,"independent"
20,627,"independent"
16,628,"independent"
18,629,"independent"
12,630,"independent"
10,631,"independent"
12,632,"independent"
10,633,"independent"
20,634,"independent"
20,635,"independent"
14,636,"independent"
12,637,"independent"
20,638,"independent"
20,639,"independent"
14,640,"independent"
10,641,"independent"
12,642,"independent"
16,643,"independent"
24,644,"independent"
14,645,"independent"
14,646,"independent"
18,647,"independent"
8,648,"independent"
16,649,"independent"
16,650,"independent"
22,651,"independent"
20,652,"independent"
18,653,"independent"
12,654,"independent"
6,655,"independent"
10,656,"independent"
18,657,"independent"
18,658,"independent"
14,659,"independent"
14,660,"independent"
20,661,"independent"
18,662,"independent"
14,663,"independent"
18,664,"independent"
14,665,"independent"
18,666,"independent"
14,667,"independent"
14,668,"independent"
16,669,"independent"
12,670,"independent"
10,671,"independent"
20,672,"independent"
10,673,"independent"
14,674,"independent"
16,675,"independent"
22,676,"independent"
16,677,"independent"
8,678,"independent"
14,679,"independent"
12,680,"independent"
14,681,"independent"
20,682,"independent"
18,683,"independent"
20,684,"independent"
12,685,"independent"
16,686,"independent"
14,687,"independent"
16,688,"independent"
20,689,"independent"
12,690,"independent"
16,691,"independent"
12,692,"independent"
20,693,"independent"
16,694,"independent"
14,695,"independent"
14,696,"independent"
16,697,"independent"
14,698,"independent"
14,699,"independent"
16,700,"independent"
16,701,"independent"
12,702,"independent"
16,703,"independent"
8,704,"independent"
16,705,"independent"
16,706,"independent"
18,707,"independent"
12,708,"independent"
14,709,"independent"
18,710,"independent"
12,711,"independent"
18,712,"independent"
20,713,"independent"
6,714,"independent"
16,715,"independent"
18,716,"independent"
12,717,"independent"
10,718,"independent"
16,719,"independent"
20,720,"independent"
18,721,"independent"
18,722,"independent"
20,723,"independent"
14,724,"independent"
14,725,"independent"
16,726,"independent"
10,727,"independent"
18,728,"independent"
16,729,"independent"
8,730,"independent"
10,731,"independent"
14,732,"independent"
18,733,"independent"
12,734,"independent"
14,735,"independent"
20,736,"independent"
16,737,"independent"
20,738,"independent"
16,739,"independent"
12,740,"independent"
20,741,"independent"
18,742,"independent"
12,743,"independent"
16,744,"independent"
18,745,"independent"
24,746,"independent"
8,747,"independent"
22,748,"independent"
20,749,"independent"
18,750,"independent"
16,751,"independent"
22,752,"independent"
18,753,"independent"
8,754,"independent"
10,755,"independent"
18,756,"independent"
14,757,"independent"
12,758,"independent"
20,759,"independent"
14,760,"independent"
14,761,"independent"
16,762,"independent"
12,763,"independent"
12,764,"independent"
12,765,"independent"
12,766,"independent"
14,767,"independent"
10,768,"independent"
14,769,"independent"
12,770,"independent"
16,771,"independent"
14,772,"independent"
18,773,"independent"
14,774,"independent"
20,775,"independent"
10,776,"independent"
14,777,"independent"
20,778,"independent"
10,779,"independent"
18,780,"independent"
16,781,"independent"
4,782,"independent"
14,783,"independent"
12,784,"independent"
18,785,"independent"
12,786,"independent"
20,787,"independent"
10,788,"independent"
8,789,"independent"
12,790,"independent"
16,791,"independent"
8,792,"independent"
20,793,"independent"
22,794,"independent"
14,795,"independent"
10,796,"independent"
10,797,"independent"
14,798,"independent"
12,799,"independent"
22,800,"independent"
20,801,"independent"
16,802,"independent"
16,803,"independent"
18,804,"independent"
6,805,"independent"
4,806,"independent"
8,807,"independent"
14,808,"independent"
12,809,"independent"
12,810,"independent"
14,811,"independent"
10,812,"independent"
10,813,"independent"
18,814,"independent"
26,815,"independent"
18,816,"independent"
18,817,"independent"
20,818,"independent"
10,819,"independent"
14,820,"independent"
16,821,"independent"
12,822,"independent"
16,823,"independent"
16,824,"independent"
18,825,"independent"
18,826,"independent"
18,827,"independent"
16,828,"independent"
22,829,"independent"
8,830,"independent"
12,831,"independent"
8,832,"independent"
14,833,"independent"
10,834,"independent"
12,835,"independent"
4,836,"independent"
12,837,"independent"
14,838,"independent"
10,839,"independent"
10,840,"independent"
14,841,"independent"
16,842,"independent"
16,843,"independent"
18,844,"independent"
14,845,"independent"
18,846,"independent"
14,847,"independent"
14,848,"independent"
22,849,"independent"
16,850,"independent"
22,851,"independent"
14,852,"independent"
8,853,"independent"
18,854,"independent"
14,855,"independent"
14,856,"independent"
12,857,"independent"
10,858,"independent"
14,859,"independent"
12,860,"independent"
10,861,"independent"
16,862,"independent"
16,863,"independent"
18,864,"independent"
20,865,"independent"
12,866,"independent"
16,867,"independent"
18,868,"independent"
18,869,"independent"
14,870,"independent"
16,871,"independent"
16,872,"independent"
18,873,"independent"
14,874,"independent"
18,875,"independent"
18,876,"independent"
18,877,"independent"
22,878,"independent"
14,879,"independent"
18,880,"independent"
12,881,"independent"
16,882,"independent"
22,883,"independent"
6,884,"independent"
16,885,"independent"
16,886,"independent"
10,887,"independent"
18,888,"independent"
18,889,"independent"
16,890,"independent"
14,891,"independent"
4,892,"independent"
16,893,"independent"
24,894,"independent"
12,895,"independent"
22,896,"independent"
12,897,"independent"
18,898,"independent"
12,899,"independent"
16,900,"independent"
18,901,"independent"
18,902,"independent"
16,903,"independent"
12,904,"independent"
16,905,"independent"
14,906,"independent"
16,907,"independent"
16,908,"independent"
22,909,"independent"
14,910,"independent"
20,911,"independent"
16,912,"independent"
14,913,"independent"
14,914,"independent"
20,915,"independent"
18,916,"independent"
18,917,"independent"
14,918,"independent"
14,919,"independent"
14,920,"independent"
20,921,"independent"
8,922,"independent"
12,923,"independent"
18,924,"independent"
16,925,"independent"
20,926,"independent"
12,927,"independent"
14,928,"independent"
16,929,"independent"
12,930,"independent"
10,931,"independent"
10,932,"independent"
16,933,"independent"
16,934,"independent"
20,935,"independent"
12,936,"independent"
8,937,"independent"
16,938,"independent"
16,939,"independent"
16,940,"independent"
20,941,"independent"
18,942,"independent"
16,943,"independent"
18,944,"independent"
18,945,"independent"
14,946,"independent"
14,947,"independent"
14,948,"independent"
18,949,"independent"
18,950,"independent"
10,951,"independent"
6,952,"independent"
14,953,"independent"
16,954,"independent"
18,955,"independent"
14,956,"independent"
18,957,"independent"
14,958,"independent"
20,959,"independent"
18,960,"independent"
18,961,"independent"
16,962,"independent"
16,963,"independent"
20,964,"independent"
22,965,"independent"
10,966,"independent"
14,967,"independent"
20,968,"independent"
20,969,"independent"
16,970,"independent"
20,971,"independent"
20,972,"independent"
12,973,"independent"
14,974,"independent"
10,975,"independent"
20,976,"independent"
22,977,"independent"
14,978,"independent"
18,979,"independent"
18,980,"independent"
18,981,"independent"
12,982,"independent"
12,983,"independent"
6,984,"independent"
18,985,"independent"
12,986,"independent"
10,987,"independent"
18,988,"independent"
20,989,"independent"
12,990,"independent"
12,991,"independent"
16,992,"independent"
16,993,"independent"
12,994,"independent"
20,995,"independent"
20,996,"independent"
20,997,"independent"
18,998,"independent"
16,999,"independent"
16,1000,"independent"
18,1001,"independent"
20,1002,"independent"
18,1003,"independent"
22,1004,"independent"
16,1005,"independent"
16,1006,"independent"
22,1007,"independent"
12,1008,"independent"
14,1009,"independent"
18,1010,"independent"
18,1011,"independent"
20,1012,"independent"
18,1013,"independent"
20,1014,"independent"
12,1015,"independent"
12,1016,"independent"
14,1017,"independent"
14,1018,"independent"
12,1019,"independent"
12,1020,"independent"
18,1021,"independent"
14,1022,"independent"
14,1023,"independent"
12,1024,"independent"
18,1025,"independent"
20,1026,"independent"
18,1027,"independent"
14,1028,"independent"
14,1029,"independent"
12,1030,"independent"
6,1031,"independent"
20,1032,"independent"
18,1033,"independent"
18,1034,"independent"
16,1035,"independent"
16,1036,"independent"
16,1037,"independent"
18,1038,"independent"
18,1039,"independent"
12,1040,"independent"
12,1041,"independent"
22,1042,"independent"
12,1043,"independent"
16,1044,"independent"
20,1045,"independent"
16,1046,"independent"
14,1047,"independent"
12,1048,"independent"
16,1049,"independent"
14,1050,"independent"
14,1051,"independent"
20,1052,"independent"
10,1053,"independent"
14,1054,"independent"
14,1055,"independent"
22,1056,"independent"
18,1057,"independent"
16,1058,"independent"
16,1059,"independent"
14,1060,"independent"
20,1061,"independent"
14,1062,"independent"
16,1063,"independent"
14,1064,"independent"
10,1065,"independent"
24,1066,"independent"
20,1067,"independent"
16,1068,"independent"
12,1069,"independent"
14,1070,"independent"
16,1071,"independent"
12,1072,"independent"
16,1073,"independent"
14,1074,"independent"
10,1075,"independent"
12,1076,"independent"
14,1077,"independent"
10,1078,"independent"
16,1079,"independent"
14,1080,"independent"
16,1081,"independent"
14,1082,"independent"
16,1083,"independent"
18,1084,"independent"
16,1085,"independent"
20,1086,"independent"
18,1087,"independent"
18,1088,"independent"
22,1089,"independent"
16,1090,"independent"
16,1091,"independent"
14,1092,"independent"
16,1093,"independent"
10,1094,"independent"
12,1095,"independent"
14,1096,"independent"
22,1097,"independent"
18,1098,"independent"
14,1099,"independent"
18,1100,"independent"
16,1101,"independent"
16,1102,"independent"
16,1103,"independent"
14,1104,"independent"
14,1105,"independent"
14,1106,"independent"
14,1107,"independent"
12,1108,"independent"
22,1109,"independent"
18,1110,"independent"
16,1111,"independent"
10,1112,"independent"
20,1113,"independent"
18,1114,"independent"
16,1115,"independent"
14,1116,"independent"
18,1117,"independent"
18,1118,"independent"
16,1119,"independent"
16,1120,"independent"
16,1121,"independent"
18,1122,"independent"
14,1123,"independent"
14,1124,"independent"
14,1125,"independent"
14,1126,"independent"
18,1127,"independent"
22,1128,"independent"
14,1129,"independent"
14,1130,"independent"
14,1131,"independent"
16,1132,"independent"
10,1133,"independent"
8,1134,"independent"
12,1135,"independent"
22,1136,"independent"
22,1137,"independent"
14,1138,"independent"
20,1139,"independent"
10,1140,"independent"
8,1141,"independent"
14,1142,"independent"
14,1143,"independent"
14,1144,"independent"
10,1145,"independent"
16,1146,"independent"
18,1147,"independent"
24,1148,"independent"
12,1149,"independent"
16,1150,"independent"
10,1151,"independent"
16,1152,"independent"
20,1153,"independent"
14,1154,"independent"
16,1155,"independent"
14,1156,"independent"
14,1157,"independent"
12,1158,"independent"
8,1159,"independent"
14,1160,"independent"
16,1161,"independent"
16,1162,"independent"
12,1163,"independent"
16,1164,"independent"
14,1165,"independent"
16,1166,"independent"
20,1167,"independent"
12,1168,"independent"
18,1169,"independent"
16,1170,"independent"
16,1171,"independent"
16,1172,"independent"
18,1173,"independent"
16,1174,"independent"
16,1175,"independent"
12,1176,"independent"
16,1177,"independent"
14,1178,"independent"
18,1179,"independent"
20,1180,"independent"
16,1181,"independent"
10,1182,"independent"
16,1183,"independent"
16,1184,"independent"
12,1185,"independent"
16,1186,"independent"
12,1187,"independent"
12,1188,"independent"
12,1189,"independent"
16,1190,"independent"
16,1191,"independent"
22,1192,"independent"
12,1193,"independent"
22,1194,"independent"
14,1195,"independent"
18,1196,"independent"
16,1197,"independent"
10,1198,"independent"
18,1199,"independent"
22,1200,"independent"
14,1201,"independent"
10,1202,"independent"
14,1203,"independent"
8,1204,"independent"
14,1205,"independent"
16,1206,"independent"
16,1207,"independent"
16,1208,"independent"
22,1209,"independent"
18,1210,"independent"
16,1211,"independent"
18,1212,"independent"
10,1213,"independent"
20,1214,"independent"
16,1215,"independent"
16,1216,"independent"
14,1217,"independent"
10,1218,"independent"
18,1219,"independent"
16,1220,"independent"
12,1221,"independent"
10,1222,"independent"
14,1223,"independent"
12,1224,"independent"
22,1225,"independent"
22,1226,"independent"
12,1227,"independent"
8,1228,"independent"
18,1229,"independent"
10,1230,"independent"
18,1231,"independent"
18,1232,"independent"
16,1233,"independent"
10,1234,"independent"
14,1235,"independent"
14,1236,"independent"
12,1237,"independent"
22,1238,"independent"
22,1239,"independent"
10,1240,"independent"
12,1241,"independent"
16,1242,"independent"
8,1243,"independent"
18,1244,"independent"
18,1245,"independent"
10,1246,"independent"
22,1247,"independent"
16,1248,"independent"
14,1249,"independent"
6,1250,"independent"
14,1251,"independent"
16,1252,"independent"
16,1253,"independent"
20,1254,"independent"
16,1255,"independent"
14,1256,"independent"
16,1257,"independent"
10,1258,"independent"
20,1259,"independent"
12,1260,"independent"
16,1261,"independent"
12,1262,"independent"
16,1263,"independent"
16,1264,"independent"
10,1265,"independent"
6,1266,"independent"
10,1267,"independent"
16,1268,"independent"
16,1269,"independent"
12,1270,"independent"
8,1271,"independent"
12,1272,"independent"
16,1273,"independent"
18,1274,"independent"
16,1275,"independent"
22,1276,"independent"
20,1277,"independent"
20,1278,"independent"
20,1279,"independent"
16,1280,"independent"
14,1281,"independent"
16,1282,"independent"
16,1283,"independent"
16,1284,"independent"
12,1285,"independent"
10,1286,"independent"
14,1287,"independent"
18,1288,"independent"
14,1289,"independent"
20,1290,"independent"
14,1291,"independent"
16,1292,"independent"
18,1293,"independent"
12,1294,"independent"
14,1295,"independent"
8,1296,"independent"
20,1297,"independent"
10,1298,"independent"
14,1299,"independent"
22,1300,"independent"
12,1301,"independent"
16,1302,"independent"
16,1303,"independent"
14,1304,"independent"
20,1305,"independent"
22,1306,"independent"
12,1307,"independent"
14,1308,"independent"
12,1309,"independent"
16,1310,"independent"
16,1311,"independent"
16,1312,"independent"
18,1313,"independent"
14,1314,"independent"
16,1315,"independent"
14,1316,"independent"
22,1317,"independent"
16,1318,"independent"
12,1319,"independent"
8,1320,"independent"
16,1321,"independent"
16,1322,"independent"
20,1323,"independent"
16,1324,"independent"
18,1325,"independent"
16,1326,"independent"
14,1327,"independent"
14,1328,"independent"
16,1329,"independent"
16,1330,"independent"
16,1331,"independent"
16,1332,"independent"
18,1333,"independent"
12,1334,"independent"
10,1335,"independent"
16,1336,"independent"
16,1337,"independent"
20,1338,"independent"
18,1339,"independent"
6,1340,"independent"
12,1341,"independent"
16,1342,"independent"
18,1343,"independent"
12,1344,"independent"
18,1345,"independent"
16,1346,"independent"
24,1347,"independent"
16,1348,"independent"
8,1349,"independent"
16,1350,"independent"
16,1351,"independent"
16,1352,"independent"
14,1353,"independent"
14,1354,"independent"
16,1355,"independent"
20,1356,"independent"
14,1357,"independent"
18,1358,"independent"
12,1359,"independent"
16,1360,"independent"
24,1361,"independent"
12,1362,"independent"
14,1363,"independent"
16,1364,"independent"
18,1365,"independent"
20,1366,"independent"
16,1367,"independent"
18,1368,"independent"
12,1369,"independent"
14,1370,"independent"
16,1371,"independent"
24,1372,"independent"
12,1373,"independent"
14,1374,"independent"
16,1375,"independent"
14,1376,"independent"
18,1377,"independent"
14,1378,"independent"
12,1379,"independent"
20,1380,"independent"
12,1381,"independent"
20,1382,"independent"
20,1383,"independent"
18,1384,"independent"
14,1385,"independent"
12,1386,"independent"
20,1387,"independent"
20,1388,"independent"
26,1389,"independent"
16,1390,"independent"
12,1391,"independent"
14,1392,"independent"
24,1393,"independent"
18,1394,"independent"
16,1395,"independent"
18,1396,"independent"
14,1397,"independent"
16,1398,"independent"
10,1399,"independent"
10,1400,"independent"
16,1401,"independent"
12,1402,"independent"
12,1403,"independent"
14,1404,"independent"
20,1405,"independent"
18,1406,"independent"
18,1407,"independent"
18,1408,"independent"
8,1409,"independent"
20,1410,"independent"
20,1411,"independent"
18,1412,"independent"
14,1413,"independent"
14,1414,"independent"
8,1415,"independent"
16,1416,"independent"
22,1417,"independent"
14,1418,"independent"
18,1419,"independent"
18,1420,"independent"
12,1421,"independent"
18,1422,"independent"
18,1423,"independent"
16,1424,"independent"
22,1425,"independent"
16,1426,"independent"
12,1427,"independent"
16,1428,"independent"
14,1429,"independent"
12,1430,"independent"
12,1431,"independent"
10,1432,"independent"
16,1433,"independent"
10,1434,"independent"
12,1435,"independent"
20,1436,"independent"
16,1437,"independent"
12,1438,"independent"
14,1439,"independent"
16,1440,"independent"
16,1441,"independent"
16,1442,"independent"
14,1443,"independent"
22,1444,"independent"
14,1445,"independent"
12,1446,"independent"
14,1447,"independent"
8,1448,"independent"
14,1449,"independent"
22,1450,"independent"
16,1451,"independent"
12,1452,"independent"
18,1453,"independent"
14,1454,"independent"
14,1455,"independent"
16,1456,"independent"
10,1457,"independent"
18,1458,"independent"
20,1459,"independent"
16,1460,"independent"
16,1461,"independent"
18,1462,"independent"
22,1463,"independent"
14,1464,"independent"
16,1465,"independent"
14,1466,"independent"
14,1467,"independent"
20,1468,"independent"
12,1469,"independent"
12,1470,"independent"
16,1471,"independent"
16,1472,"independent"
12,1473,"independent"
16,1474,"independent"
14,1475,"independent"
14,1476,"independent"
16,1477,"independent"
10,1478,"independent"
14,1479,"independent"
12,1480,"independent"
14,1481,"independent"
14,1482,"independent"
22,1483,"independent"
12,1484,"independent"
16,1485,"independent"
18,1486,"independent"
12,1487,"independent"
24,1488,"independent"
22,1489,"independent"
6,1490,"independent"
20,1491,"independent"
18,1492,"independent"
16,1493,"independent"
24,1494,"independent"
18,1495,"independent"
12,1496,"independent"
18,1497,"independent"
20,1498,"independent"
14,1499,"independent"
14,1500,"independent"
14,1501,"independent"
10,1502,"independent"
24,1503,"independent"
16,1504,"independent"
8,1505,"independent"
12,1506,"independent"
18,1507,"independent"
16,1508,"independent"
24,1509,"independent"
18,1510,"independent"
20,1511,"independent"
16,1512,"independent"
8,1513,"independent"
14,1514,"independent"
16,1515,"independent"
16,1516,"independent"
14,1517,"independent"
18,1518,"independent"
16,1519,"independent"
16,1520,"independent"
12,1521,"independent"
16,1522,"independent"
18,1523,"independent"
20,1524,"independent"
16,1525,"independent"
14,1526,"independent"
12,1527,"independent"
14,1528,"independent"
8,1529,"independent"
18,1530,"independent"
10,1531,"independent"
16,1532,"independent"
12,1533,"independent"
16,1534,"independent"
18,1535,"independent"
12,1536,"independent"
12,1537,"independent"
16,1538,"independent"
18,1539,"independent"
16,1540,"independent"
14,1541,"independent"
22,1542,"independent"
16,1543,"independent"
10,1544,"independent"
16,1545,"independent"
18,1546,"independent"
18,1547,"independent"
14,1548,"independent"
20,1549,"independent"
22,1550,"independent"
8,1551,"independent"
20,1552,"independent"
14,1553,"independent"
18,1554,"independent"
16,1555,"independent"
16,1556,"independent"
20,1557,"independent"
14,1558,"independent"
10,1559,"independent"
6,1560,"independent"
18,1561,"independent"
12,1562,"independent"
20,1563,"independent"
16,1564,"independent"
16,1565,"independent"
14,1566,"independent"
16,1567,"independent"
16,1568,"independent"
14,1569,"independent"
12,1570,"independent"
18,1571,"independent"
22,1572,"independent"
16,1573,"independent"
16,1574,"independent"
12,1575,"independent"
20,1576,"independent"
18,1577,"independent"
18,1578,"independent"
14,1579,"independent"
24,1580,"independent"
10,1581,"independent"
6,1582,"independent"
18,1583,"independent"
14,1584,"independent"
20,1585,"independent"
16,1586,"independent"
12,1587,"independent"
14,1588,"independent"
18,1589,"independent"
14,1590,"independent"
18,1591,"independent"
24,1592,"independent"
14,1593,"independent"
20,1594,"independent"
18,1595,"independent"
14,1596,"independent"
12,1597,"independent"
18,1598,"independent"
16,1599,"independent"
20,1600,"independent"
16,1601,"independent"
14,1602,"independent"
22,1603,"independent"
12,1604,"independent"
14,1605,"independent"
16,1606,"independent"
16,1607,"independent"
8,1608,"independent"
10,1609,"independent"
12,1610,"independent"
8,1611,"independent"
16,1612,"independent"
14,1613,"independent"
12,1614,"independent"
24,1615,"independent"
20,1616,"independent"
12,1617,"independent"
10,1618,"independent"
16,1619,"independent"
10,1620,"independent"
24,1621,"independent"
16,1622,"independent"
12,1623,"independent"
16,1624,"independent"
6,1625,"independent"
14,1626,"independent"
14,1627,"independent"
24,1628,"independent"
16,1629,"independent"
20,1630,"independent"
20,1631,"independent"
12,1632,"independent"
16,1633,"independent"
12,1634,"independent"
16,1635,"independent"
14,1636,"independent"
6,1637,"independent"
10,1638,"independent"
12,1639,"independent"
12,1640,"independent"
14,1641,"independent"
18,1642,"independent"
16,1643,"independent"
18,1644,"independent"
20,1645,"independent"
18,1646,"independent"
18,1647,"independent"
16,1648,"independent"
18,1649,"independent"
12,1650,"independent"
14,1651,"independent"
8,1652,"independent"
20,1653,"independent"
14,1654,"independent"
16,1655,"independent"
16,1656,"independent"
26,1657,"independent"
18,1658,"independent"
10,1659,"independent"
14,1660,"independent"
16,1661,"independent"
16,1662,"independent"
18,1663,"independent"
18,1664,"independent"
8,1665,"independent"
18,1666,"independent"
12,1667,"independent"
18,1668,"independent"
14,1669,"independent"
14,1670,"independent"
10,1671,"independent"
10,1672,"independent"
16,1673,"independent"
18,1674,"independent"
18,1675,"independent"
14,1676,"independent"
12,1677,"independent"
14,1678,"independent"
20,1679,"independent"
16,1680,"independent"
8,1681,"independent"
12,1682,"independent"
18,1683,"independent"
24,1684,"independent"
20,1685,"independent"
4,1686,"independent"
18,1687,"independent"
16,1688,"independent"
16,1689,"independent"
14,1690,"independent"
10,1691,"independent"
14,1692,"independent"
10,1693,"independent"
14,1694,"independent"
20,1695,"independent"
14,1696,"independent"
10,1697,"independent"
18,1698,"independent"
6,1699,"independent"
10,1700,"independent"
8,1701,"independent"
16,1702,"independent"
14,1703,"independent"
14,1704,"independent"
20,1705,"independent"
18,1706,"independent"
14,1707,"independent"
16,1708,"independent"
14,1709,"independent"
20,1710,"independent"
20,1711,"independent"
12,1712,"independent"
18,1713,"independent"
18,1714,"independent"
18,1715,"independent"
12,1716,"independent"
14,1717,"independent"
12,1718,"independent"
8,1719,"independent"
20,1720,"independent"
6,1721,"independent"
12,1722,"independent"
10,1723,"independent"
6,1724,"independent"
6,1725,"independent"
14,1726,"independent"
22,1727,"independent"
16,1728,"independent"
20,1729,"independent"
20,1730,"independent"
14,1731,"independent"
16,1732,"independent"
14,1733,"independent"
12,1734,"independent"
16,1735,"independent"
18,1736,"independent"
14,1737,"independent"
20,1738,"independent"
12,1739,"independent"
18,1740,"independent"
14,1741,"independent"
18,1742,"independent"
16,1743,"independent"
20,1744,"independent"
14,1745,"independent"
16,1746,"independent"
22,1747,"independent"
22,1748,"independent"
16,1749,"independent"
20,1750,"independent"
22,1751,"independent"
14,1752,"independent"
18,1753,"independent"
14,1754,"independent"
18,1755,"independent"
12,1756,"independent"
16,1757,"independent"
10,1758,"independent"
14,1759,"independent"
16,1760,"independent"
16,1761,"independent"
16,1762,"independent"
18,1763,"independent"
14,1764,"independent"
12,1765,"independent"
14,1766,"independent"
20,1767,"independent"
18,1768,"independent"
16,1769,"independent"
16,1770,"independent"
16,1771,"independent"
16,1772,"independent"
18,1773,"independent"
12,1774,"independent"
10,1775,"independent"
10,1776,"independent"
20,1777,"independent"
14,1778,"independent"
20,1779,"independent"
16,1780,"independent"
16,1781,"independent"
18,1782,"independent"
18,1783,"independent"
10,1784,"independent"
16,1785,"independent"
20,1786,"independent"
20,1787,"independent"
14,1788,"independent"
12,1789,"independent"
16,1790,"independent"
8,1791,"independent"
16,1792,"independent"
18,1793,"independent"
18,1794,"independent"
8,1795,"independent"
12,1796,"independent"
14,1797,"independent"
22,1798,"independent"
10,1799,"independent"
16,1800,"independent"
14,1801,"independent"
14,1802,"independent"
16,1803,"independent"
16,1804,"independent"
16,1805,"independent"
18,1806,"independent"
20,1807,"independent"
16,1808,"independent"
16,1809,"independent"
18,1810,"independent"
10,1811,"independent"
12,1812,"independent"
22,1813,"independent"
18,1814,"independent"
18,1815,"independent"
14,1816,"independent"
14,1817,"independent"
18,1818,"independent"
14,1819,"independent"
20,1820,"independent"
18,1821,"independent"
18,1822,"independent"
16,1823,"independent"
10,1824,"independent"
14,1825,"independent"
18,1826,"independent"
12,1827,"independent"
14,1828,"independent"
14,1829,"independent"
12,1830,"independent"
14,1831,"independent"
12,1832,"independent"
16,1833,"independent"
18,1834,"independent"
12,1835,"independent"
18,1836,"independent"
18,1837,"independent"
16,1838,"independent"
12,1839,"independent"
20,1840,"independent"
12,1841,"independent"
16,1842,"independent"
20,1843,"independent"
14,1844,"independent"
18,1845,"independent"
10,1846,"independent"
22,1847,"independent"
12,1848,"independent"
18,1849,"independent"
18,1850,"independent"
14,1851,"independent"
20,1852,"independent"
12,1853,"independent"
18,1854,"independent"
16,1855,"independent"
10,1856,"independent"
12,1857,"independent"
8,1858,"independent"
16,1859,"independent"
20,1860,"independent"
14,1861,"independent"
10,1862,"independent"
16,1863,"independent"
18,1864,"independent"
16,1865,"independent"
14,1866,"independent"
14,1867,"independent"
20,1868,"independent"
12,1869,"independent"
20,1870,"independent"
18,1871,"independent"
18,1872,"independent"
18,1873,"independent"
12,1874,"independent"
16,1875,"independent"
14,1876,"independent"
12,1877,"independent"
12,1878,"independent"
20,1879,"independent"
24,1880,"independent"
18,1881,"independent"
16,1882,"independent"
12,1883,"independent"
12,1884,"independent"
12,1885,"independent"
10,1886,"independent"
18,1887,"independent"
12,1888,"independent"
20,1889,"independent"
16,1890,"independent"
6,1891,"independent"
16,1892,"independent"
12,1893,"independent"
20,1894,"independent"
20,1895,"independent"
16,1896,"independent"
18,1897,"independent"
20,1898,"independent"
20,1899,"independent"
12,1900,"independent"
20,1901,"independent"
18,1902,"independent"
22,1903,"independent"
24,1904,"independent"
10,1905,"independent"
10,1906,"independent"
10,1907,"independent"
14,1908,"independent"
14,1909,"independent"
14,1910,"independent"
16,1911,"independent"
12,1912,"independent"
14,1913,"independent"
24,1914,"independent"
14,1915,"independent"
14,1916,"independent"
14,1917,"independent"
16,1918,"independent"
10,1919,"independent"
16,1920,"independent"
12,1921,"independent"
12,1922,"independent"
20,1923,"independent"
18,1924,"independent"
14,1925,"independent"
14,1926,"independent"
16,1927,"independent"
22,1928,"independent"
18,1929,"independent"
12,1930,"independent"
20,1931,"independent"
16,1932,"independent"
10,1933,"independent"
20,1934,"independent"
10,1935,"independent"
20,1936,"independent"
22,1937,"independent"
16,1938,"independent"
16,1939,"independent"
24,1940,"independent"
16,1941,"independent"
16,1942,"independent"
20,1943,"independent"
16,1944,"independent"
14,1945,"independent"
20,1946,"independent"
24,1947,"independent"
12,1948,"independent"
10,1949,"independent"
18,1950,"independent"
14,1951,"independent"
14,1952,"independent"
18,1953,"independent"
14,1954,"independent"
18,1955,"independent"
14,1956,"independent"
18,1957,"independent"
22,1958,"independent"
22,1959,"independent"
16,1960,"independent"
14,1961,"independent"
14,1962,"independent"
18,1963,"independent"
16,1964,"independent"
16,1965,"independent"
8,1966,"independent"
10,1967,"independent"
22,1968,"independent"
18,1969,"independent"
18,1970,"independent"
6,1971,"independent"
16,1972,"independent"
8,1973,"independent"
14,1974,"independent"
18,1975,"independent"
22,1976,"independent"
16,1977,"independent"
14,1978,"independent"
16,1979,"independent"
12,1980,"independent"
10,1981,"independent"
20,1982,"independent"
16,1983,"independent"
16,1984,"independent"
14,1985,"independent"
10,1986,"independent"
16,1987,"independent"
22,1988,"independent"
14,1989,"independent"
16,1990,"independent"
22,1991,"independent"
14,1992,"independent"
14,1993,"independent"
16,1994,"independent"
16,1995,"independent"
16,1996,"independent"
22,1997,"independent"
14,1998,"independent"
16,1999,"independent"
16,2000,"independent"
18,2001,"independent"
8,2002,"independent"
10,2003,"independent"
16,2004,"independent"
12,2005,"independent"
12,2006,"independent"
16,2007,"independent"
14,2008,"independent"
18,2009,"independent"
18,2010,"independent"
10,2011,"independent"
16,2012,"independent"
6,2013,"independent"
12,2014,"independent"
18,2015,"independent"
22,2016,"independent"
14,2017,"independent"
16,2018,"independent"
18,2019,"independent"
18,2020,"independent"
22,2021,"independent"
20,2022,"independent"
14,2023,"independent"
10,2024,"independent"
18,2025,"independent"
12,2026,"independent"
12,2027,"independent"
14,2028,"independent"
18,2029,"independent"
12,2030,"independent"
16,2031,"independent"
16,2032,"independent"
14,2033,"independent"
14,2034,"independent"
18,2035,"independent"
10,2036,"independent"
20,2037,"independent"
12,2038,"independent"
16,2039,"independent"
14,2040,"independent"
14,2041,"independent"
12,2042,"independent"
12,2043,"independent"
22,2044,"independent"
14,2045,"independent"
20,2046,"independent"
22,2047,"independent"
16,2048,"independent"
18,2049,"independent"
16,2050,"independent"
18,2051,"independent"
10,2052,"independent"
6,2053,"independent"
18,2054,"independent"
20,2055,"independent"
14,2056,"independent"
16,2057,"independent"
20,2058,"independent"
14,2059,"independent"
14,2060,"independent"
14,2061,"independent"
12,2062,"independent"
10,2063,"independent"
20,2064,"independent"
18,2065,"independent"
20,2066,"independent"
20,2067,"independent"
18,2068,"independent"
20,2069,"independent"
20,2070,"independent"
16,2071,"independent"
14,2072,"independent"
16,2073,"independent"
14,2074,"independent"
16,2075,"independent"
16,2076,"independent"
22,2077,"independent"
22,2078,"independent"
16,2079,"independent"
16,2080,"independent"
12,2081,"independent"
12,2082,"independent"
14,2083,"independent"
14,2084,"independent"
14,2085,"independent"
18,2086,"independent"
14,2087,"independent"
10,2088,"independent"
14,2089,"independent"
12,2090,"independent"
16,2091,"independent"
10,2092,"independent"
12,2093,"independent"
10,2094,"independent"
10,2095,"independent"
14,2096,"independent"
16,2097,"independent"
16,2098,"independent"
20,2099,"independent"
12,2100,"independent"
16,2101,"independent"
12,2102,"independent"
16,2103,"independent"
20,2104,"independent"
14,2105,"independent"
14,2106,"independent"
22,2107,"independent"
18,2108,"independent"
16,2109,"independent"
14,2110,"independent"
16,2111,"independent"
16,2112,"independent"
16,2113,"independent"
8,2114,"independent"
18,2115,"independent"
14,2116,"independent"
16,2117,"independent"
18,2118,"independent"
12,2119,"independent"
16,2120,"independent"
18,2121,"independent"
12,2122,"independent"
8,2123,"independent"
14,2124,"independent"
24,2125,"independent"
14,2126,"independent"
16,2127,"independent"
18,2128,"independent"
12,2129,"independent"
10,2130,"independent"
20,2131,"independent"
12,2132,"independent"
20,2133,"independent"
16,2134,"independent"
18,2135,"independent"
16,2136,"independent"
14,2137,"independent"
10,2138,"independent"
10,2139,"independent"
16,2140,"independent"
16,2141,"independent"
14,2142,"independent"
18,2143,"independent"
18,2144,"independent"
14,2145,"independent"
16,2146,"independent"
16,2147,"independent"
12,2148,"independent"
4,2149,"independent"
18,2150,"independent"
20,2151,"independent"
16,2152,"independent"
14,2153,"independent"
16,2154,"independent"
14,2155,"independent"
16,2156,"independent"
10,2157,"independent"
16,2158,"independent"
18,2159,"independent"
22,2160,"independent"
24,2161,"independent"
22,2162,"independent"
22,2163,"independent"
6,2164,"independent"
10,2165,"independent"
18,2166,"independent"
16,2167,"independent"
12,2168,"independent"
12,2169,"independent"
18,2170,"independent"
18,2171,"independent"
18,2172,"independent"
18,2173,"independent"
16,2174,"independent"
12,2175,"independent"
20,2176,"independent"
16,2177,"independent"
20,2178,"independent"
24,2179,"independent"
20,2180,"independent"
16,2181,"independent"
20,2182,"independent"
16,2183,"independent"
14,2184,"independent"
14,2185,"independent"
16,2186,"independent"
12,2187,"independent"
20,2188,"independent"
16,2189,"independent"
12,2190,"independent"
22,2191,"independent"
16,2192,"independent"
14,2193,"independent"
20,2194,"independent"
22,2195,"independent"
18,2196,"independent"
18,2197,"independent"
20,2198,"independent"
14,2199,"independent"
22,2200,"independent"
14,2201,"independent"
10,2202,"independent"
20,2203,"independent"
14,2204,"independent"
20,2205,"independent"
12,2206,"independent"
18,2207,"independent"
18,2208,"independent"
12,2209,"independent"
16,2210,"independent"
12,2211,"independent"
12,2212,"independent"
12,2213,"independent"
14,2214,"independent"
20,2215,"independent"
16,2216,"independent"
16,2217,"independent"
12,2218,"independent"
10,2219,"independent"
18,2220,"independent"
12,2221,"independent"
16,2222,"independent"
10,2223,"independent"
14,2224,"independent"
18,2225,"independent"
18,2226,"independent"
16,2227,"independent"
20,2228,"independent"
16,2229,"independent"
18,2230,"independent"
14,2231,"independent"
8,2232,"independent"
20,2233,"independent"
16,2234,"independent"
16,2235,"independent"
12,2236,"independent"
10,2237,"independent"
14,2238,"independent"
22,2239,"independent"
18,2240,"independent"
12,2241,"independent"
18,2242,"independent"
18,2243,"independent"
16,2244,"independent"
10,2245,"independent"
14,2246,"independent"
22,2247,"independent"
18,2248,"independent"
14,2249,"independent"
16,2250,"independent"
16,2251,"independent"
20,2252,"independent"
22,2253,"independent"
22,2254,"independent"
12,2255,"independent"
22,2256,"independent"
12,2257,"independent"
18,2258,"independent"
24,2259,"independent"
18,2260,"independent"
14,2261,"independent"
14,2262,"independent"
16,2263,"independent"
14,2264,"independent"
8,2265,"independent"
18,2266,"independent"
10,2267,"independent"
16,2268,"independent"
14,2269,"independent"
6,2270,"independent"
12,2271,"independent"
8,2272,"independent"
20,2273,"independent"
14,2274,"independent"
12,2275,"independent"
12,2276,"independent"
14,2277,"independent"
16,2278,"independent"
20,2279,"independent"
14,2280,"independent"
12,2281,"independent"
18,2282,"independent"
14,2283,"independent"
16,2284,"independent"
14,2285,"independent"
14,2286,"independent"
10,2287,"independent"
12,2288,"independent"
20,2289,"independent"
8,2290,"independent"
18,2291,"independent"
12,2292,"independent"
18,2293,"independent"
12,2294,"independent"
8,2295,"independent"
16,2296,"independent"
18,2297,"independent"
20,2298,"independent"
20,2299,"independent"
8,2300,"independent"
12,2301,"independent"
16,2302,"independent"
20,2303,"independent"
18,2304,"independent"
18,2305,"independent"
16,2306,"independent"
12,2307,"independent"
20,2308,"independent"
16,2309,"independent"
16,2310,"independent"
14,2311,"independent"
12,2312,"independent"
12,2313,"independent"
16,2314,"independent"
18,2315,"independent"
22,2316,"independent"
20,2317,"independent"
10,2318,"independent"
14,2319,"independent"
20,2320,"independent"
14,2321,"independent"
8,2322,"independent"
16,2323,"independent"
12,2324,"independent"
12,2325,"independent"
20,2326,"independent"
12,2327,"independent"
18,2328,"independent"
14,2329,"independent"
20,2330,"independent"
18,2331,"independent"
22,2332,"independent"
18,2333,"independent"
16,2334,"independent"
14,2335,"independent"
16,2336,"independent"
14,2337,"independent"
10,2338,"independent"
16,2339,"independent"
12,2340,"independent"
18,2341,"independent"
14,2342,"independent"
12,2343,"independent"
14,2344,"independent"
20,2345,"independent"
16,2346,"independent"
20,2347,"independent"
14,2348,"independent"
18,2349,"independent"
10,2350,"independent"
18,2351,"independent"
16,2352,"independent"
16,2353,"independent"
20,2354,"independent"
18,2355,"independent"
18,2356,"independent"
18,2357,"independent"
8,2358,"independent"
12,2359,"independent"
20,2360,"independent"
14,2361,"independent"
22,2362,"independent"
12,2363,"independent"
20,2364,"independent"
16,2365,"independent"
12,2366,"independent"
6,2367,"independent"
16,2368,"independent"
18,2369,"independent"
14,2370,"independent"
14,2371,"independent"
16,2372,"independent"
10,2373,"independent"
14,2374,"independent"
16,2375,"independent"
14,2376,"independent"
18,2377,"independent"
16,2378,"independent"
10,2379,"independent"
20,2380,"independent"
14,2381,"independent"
16,2382,"independent"
14,2383,"independent"
22,2384,"independent"
14,2385,"independent"
20,2386,"independent"
14,2387,"independent"
14,2388,"independent"
22,2389,"independent"
8,2390,"independent"
18,2391,"independent"
12,2392,"independent"
20,2393,"independent"
14,2394,"independent"
14,2395,"independent"
12,2396,"independent"
18,2397,"independent"
12,2398,"independent"
12,2399,"independent"
12,2400,"independent"
18,2401,"independent"
20,2402,"independent"
18,2403,"independent"
14,2404,"independent"
16,2405,"independent"
12,2406,"independent"
12,2407,"independent"
16,2408,"independent"
14,2409,"independent"
16,2410,"independent"
24,2411,"independent"
14,2412,"independent"
16,2413,"independent"
16,2414,"independent"
12,2415,"independent"
12,2416,"independent"
12,2417,"independent"
20,2418,"independent"
12,2419,"independent"
14,2420,"independent"
20,2421,"independent"
14,2422,"independent"
14,2423,"independent"
14,2424,"independent"
20,2425,"independent"
18,2426,"independent"
14,2427,"independent"
12,2428,"independent"
18,2429,"independent"
18,2430,"independent"
18,2431,"independent"
16,2432,"independent"
16,2433,"independent"
16,2434,"independent"
18,2435,"independent"
14,2436,"independent"
16,2437,"independent"
16,2438,"independent"
18,2439,"independent"
14,2440,"independent"
14,2441,"independent"
14,2442,"independent"
16,2443,"independent"
16,2444,"independent"
14,2445,"independent"
8,2446,"independent"
14,2447,"independent"
10,2448,"independent"
16,2449,"independent"
10,2450,"independent"
16,2451,"independent"
20,2452,"independent"
18,2453,"independent"
14,2454,"independent"
18,2455,"independent"
10,2456,"independent"
12,2457,"independent"
14,2458,"independent"
20,2459,"independent"
14,2460,"independent"
14,2461,"independent"
16,2462,"independent"
14,2463,"independent"
16,2464,"independent"
16,2465,"independent"
18,2466,"independent"
18,2467,"independent"
20,2468,"independent"
12,2469,"independent"
14,2470,"independent"
14,2471,"independent"
18,2472,"independent"
18,2473,"independent"
14,2474,"independent"
10,2475,"independent"
16,2476,"independent"
12,2477,"independent"
12,2478,"independent"
22,2479,"independent"
6,2480,"independent"
10,2481,"independent"
20,2482,"independent"
16,2483,"independent"
12,2484,"independent"
18,2485,"independent"
18,2486,"independent"
20,2487,"independent"
16,2488,"independent"
14,2489,"independent"
16,2490,"independent"
14,2491,"independent"
20,2492,"independent"
14,2493,"independent"
8,2494,"independent"
10,2495,"independent"
14,2496,"independent"
20,2497,"independent"
14,2498,"independent"
16,2499,"independent"
14,2500,"independent"
16,2501,"independent"
14,2502,"independent"
12,2503,"independent"
12,2504,"independent"
10,2505,"independent"
18,2506,"independent"
18,2507,"independent"
14,2508,"independent"
10,2509,"independent"
14,2510,"independent"
14,2511,"independent"
18,2512,"independent"
18,2513,"independent"
14,2514,"independent"
16,2515,"independent"
12,2516,"independent"
8,2517,"independent"
8,2518,"independent"
12,2519,"independent"
20,2520,"independent"
12,2521,"independent"
14,2522,"independent"
16,2523,"independent"
14,2524,"independent"
14,2525,"independent"
18,2526,"independent"
16,2527,"independent"
12,2528,"independent"
18,2529,"independent"
10,2530,"independent"
22,2531,"independent"
20,2532,"independent"
20,2533,"independent"
18,2534,"independent"
14,2535,"independent"
16,2536,"independent"
16,2537,"independent"
16,2538,"independent"
12,2539,"independent"
20,2540,"independent"
4,2541,"independent"
20,2542,"independent"
12,2543,"independent"
14,2544,"independent"
18,2545,"independent"
14,2546,"independent"
20,2547,"independent"
18,2548,"independent"
16,2549,"independent"
12,2550,"independent"
20,2551,"independent"
16,2552,"independent"
12,2553,"independent"
12,2554,"independent"
14,2555,"independent"
16,2556,"independent"
16,2557,"independent"
12,2558,"independent"
18,2559,"independent"
12,2560,"independent"
16,2561,"independent"
10,2562,"independent"
14,2563,"independent"
20,2564,"independent"
18,2565,"independent"
14,2566,"independent"
20,2567,"independent"
14,2568,"independent"
22,2569,"independent"
20,2570,"independent"
18,2571,"independent"
22,2572,"independent"
22,2573,"independent"
18,2574,"independent"
14,2575,"independent"
22,2576,"independent"
8,2577,"independent"
12,2578,"independent"
8,2579,"independent"
22,2580,"independent"
10,2581,"independent"
16,2582,"independent"
14,2583,"independent"
14,2584,"independent"
20,2585,"independent"
16,2586,"independent"
10,2587,"independent"
14,2588,"independent"
16,2589,"independent"
18,2590,"independent"
18,2591,"independent"
14,2592,"independent"
8,2593,"independent"
14,2594,"independent"
16,2595,"independent"
12,2596,"independent"
18,2597,"independent"
10,2598,"independent"
16,2599,"independent"
16,2600,"independent"
12,2601,"independent"
18,2602,"independent"
10,2603,"independent"
14,2604,"independent"
12,2605,"independent"
14,2606,"independent"
14,2607,"independent"
14,2608,"independent"
12,2609,"independent"
18,2610,"independent"
14,2611,"independent"
22,2612,"independent"
10,2613,"independent"
14,2614,"independent"
20,2615,"independent"
18,2616,"independent"
16,2617,"independent"
12,2618,"independent"
18,2619,"independent"
16,2620,"independent"
18,2621,"independent"
14,2622,"independent"
14,2623,"independent"
16,2624,"independent"
14,2625,"independent"
16,2626,"independent"
20,2627,"independent"
22,2628,"independent"
16,2629,"independent"
20,2630,"independent"
10,2631,"independent"
16,2632,"independent"
14,2633,"independent"
20,2634,"independent"
16,2635,"independent"
8,2636,"independent"
16,2637,"independent"
20,2638,"independent"
18,2639,"independent"
18,2640,"independent"
12,2641,"independent"
24,2642,"independent"
16,2643,"independent"
6,2644,"independent"
14,2645,"independent"
18,2646,"independent"
14,2647,"independent"
18,2648,"independent"
20,2649,"independent"
14,2650,"independent"
18,2651,"independent"
14,2652,"independent"
14,2653,"independent"
16,2654,"independent"
20,2655,"independent"
14,2656,"independent"
14,2657,"independent"
12,2658,"independent"
22,2659,"independent"
14,2660,"independent"
24,2661,"independent"
18,2662,"independent"
14,2663,"independent"
16,2664,"independent"
14,2665,"independent"
14,2666,"independent"
18,2667,"independent"
18,2668,"independent"
24,2669,"independent"
22,2670,"independent"
16,2671,"independent"
18,2672,"independent"
14,2673,"independent"
24,2674,"independent"
16,2675,"independent"
12,2676,"independent"
22,2677,"independent"
20,2678,"independent"
12,2679,"independent"
22,2680,"independent"
8,2681,"independent"
14,2682,"independent"
22,2683,"independent"
6,2684,"independent"
18,2685,"independent"
14,2686,"independent"
14,2687,"independent"
24,2688,"independent"
14,2689,"independent"
22,2690,"independent"
18,2691,"independent"
14,2692,"independent"
18,2693,"independent"
16,2694,"independent"
16,2695,"independent"
20,2696,"independent"
18,2697,"independent"
16,2698,"independent"
10,2699,"independent"
12,2700,"independent"
14,2701,"independent"
16,2702,"independent"
8,2703,"independent"
10,2704,"independent"
20,2705,"independent"
16,2706,"independent"
16,2707,"independent"
22,2708,"independent"
14,2709,"independent"
14,2710,"independent"
22,2711,"independent"
16,2712,"independent"
16,2713,"independent"
10,2714,"independent"
16,2715,"independent"
12,2716,"independent"
16,2717,"independent"
14,2718,"independent"
18,2719,"independent"
14,2720,"independent"
18,2721,"independent"
20,2722,"independent"
12,2723,"independent"
20,2724,"independent"
16,2725,"independent"
20,2726,"independent"
14,2727,"independent"
20,2728,"independent"
20,2729,"independent"
14,2730,"independent"
12,2731,"independent"
14,2732,"independent"
14,2733,"independent"
10,2734,"independent"
18,2735,"independent"
16,2736,"independent"
16,2737,"independent"
12,2738,"independent"
16,2739,"independent"
16,2740,"independent"
14,2741,"independent"
16,2742,"independent"
6,2743,"independent"
16,2744,"independent"
14,2745,"independent"
12,2746,"independent"
14,2747,"independent"
12,2748,"independent"
14,2749,"independent"
16,2750,"independent"
16,2751,"independent"
18,2752,"independent"
20,2753,"independent"
18,2754,"independent"
18,2755,"independent"
14,2756,"independent"
18,2757,"independent"
14,2758,"independent"
18,2759,"independent"
12,2760,"independent"
22,2761,"independent"
20,2762,"independent"
12,2763,"independent"
16,2764,"independent"
16,2765,"independent"
8,2766,"independent"
14,2767,"independent"
14,2768,"independent"
18,2769,"independent"
16,2770,"independent"
10,2771,"independent"
20,2772,"independent"
16,2773,"independent"
20,2774,"independent"
14,2775,"independent"
14,2776,"independent"
12,2777,"independent"
12,2778,"independent"
8,2779,"independent"
16,2780,"independent"
16,2781,"independent"
16,2782,"independent"
12,2783,"independent"
10,2784,"independent"
20,2785,"independent"
10,2786,"independent"
8,2787,"independent"
12,2788,"independent"
16,2789,"independent"
16,2790,"independent"
22,2791,"independent"
10,2792,"independent"
20,2793,"independent"
12,2794,"independent"
12,2795,"independent"
12,2796,"independent"
12,2797,"independent"
12,2798,"independent"
16,2799,"independent"
18,2800,"independent"
10,2801,"independent"
16,2802,"independent"
16,2803,"independent"
18,2804,"independent"
16,2805,"independent"
20,2806,"independent"
16,2807,"independent"
14,2808,"independent"
16,2809,"independent"
18,2810,"independent"
18,2811,"independent"
16,2812,"independent"
16,2813,"independent"
22,2814,"independent"
12,2815,"independent"
16,2816,"independent"
16,2817,"independent"
12,2818,"independent"
14,2819,"independent"
22,2820,"independent"
12,2821,"independent"
14,2822,"independent"
18,2823,"independent"
22,2824,"independent"
12,2825,"independent"
18,2826,"independent"
14,2827,"independent"
16,2828,"independent"
14,2829,"independent"
16,2830,"independent"
22,2831,"independent"
18,2832,"independent"
20,2833,"independent"
12,2834,"independent"
18,2835,"independent"
18,2836,"independent"
18,2837,"independent"
20,2838,"independent"
12,2839,"independent"
14,2840,"independent"
12,2841,"independent"
8,2842,"independent"
18,2843,"independent"
14,2844,"independent"
16,2845,"independent"
16,2846,"independent"
20,2847,"independent"
18,2848,"independent"
14,2849,"independent"
16,2850,"independent"
14,2851,"independent"
12,2852,"independent"
20,2853,"independent"
6,2854,"independent"
12,2855,"independent"
20,2856,"independent"
6,2857,"independent"
20,2858,"independent"
20,2859,"independent"
12,2860,"independent"
12,2861,"independent"
10,2862,"independent"
20,2863,"independent"
14,2864,"independent"
6,2865,"independent"
12,2866,"independent"
18,2867,"independent"
16,2868,"independent"
16,2869,"independent"
12,2870,"independent"
16,2871,"independent"
18,2872,"independent"
16,2873,"independent"
12,2874,"independent"
18,2875,"independent"
16,2876,"independent"
10,2877,"independent"
14,2878,"independent"
16,2879,"independent"
14,2880,"independent"
12,2881,"independent"
12,2882,"independent"
12,2883,"independent"
24,2884,"independent"
20,2885,"independent"
16,2886,"independent"
22,2887,"independent"
10,2888,"independent"
20,2889,"independent"
12,2890,"independent"
18,2891,"independent"
18,2892,"independent"
14,2893,"independent"
18,2894,"independent"
12,2895,"independent"
14,2896,"independent"
16,2897,"independent"
18,2898,"independent"
16,2899,"independent"
20,2900,"independent"
14,2901,"independent"
20,2902,"independent"
12,2903,"independent"
18,2904,"independent"
16,2905,"independent"
18,2906,"independent"
26,2907,"independent"
12,2908,"independent"
18,2909,"independent"
16,2910,"independent"
14,2911,"independent"
14,2912,"independent"
16,2913,"independent"
14,2914,"independent"
22,2915,"independent"
18,2916,"independent"
16,2917,"independent"
14,2918,"independent"
24,2919,"independent"
14,2920,"independent"
14,2921,"independent"
12,2922,"independent"
8,2923,"independent"
14,2924,"independent"
18,2925,"independent"
10,2926,"independent"
16,2927,"independent"
16,2928,"independent"
12,2929,"independent"
18,2930,"independent"
18,2931,"independent"
20,2932,"independent"
22,2933,"independent"
18,2934,"independent"
10,2935,"independent"
18,2936,"independent"
18,2937,"independent"
16,2938,"independent"
16,2939,"independent"
14,2940,"independent"
20,2941,"independent"
20,2942,"independent"
14,2943,"independent"
18,2944,"independent"
18,2945,"independent"
20,2946,"independent"
12,2947,"independent"
10,2948,"independent"
8,2949,"independent"
16,2950,"independent"
16,2951,"independent"
14,2952,"independent"
18,2953,"independent"
16,2954,"independent"
14,2955,"independent"
18,2956,"independent"
14,2957,"independent"
16,2958,"independent"
12,2959,"independent"
10,2960,"independent"
8,2961,"independent"
20,2962,"independent"
16,2963,"independent"
10,2964,"independent"
14,2965,"independent"
20,2966,"independent"
16,2967,"independent"
16,2968,"independent"
18,2969,"independent"
14,2970,"independent"
16,2971,"independent"
14,2972,"independent"
16,2973,"independent"
20,2974,"independent"
18,2975,"independent"
18,2976,"independent"
16,2977,"independent"
18,2978,"independent"
16,2979,"independent"
16,2980,"independent"
14,2981,"independent"
14,2982,"independent"
10,2983,"independent"
16,2984,"independent"
20,2985,"independent"
14,2986,"independent"
14,2987,"independent"
14,2988,"independent"
18,2989,"independent"
16,2990,"independent"
16,2991,"independent"
10,2992,"independent"
22,2993,"independent"
22,2994,"independent"
10,2995,"independent"
10,2996,"independent"
18,2997,"independent"
14,2998,"independent"
24,2999,"independent"
20,3000,"independent"
18,3001,"independent"
20,3002,"independent"
18,3003,"independent"
14,3004,"independent"
14,3005,"independent"
14,3006,"independent"
14,3007,"independent"
12,3008,"independent"
20,3009,"independent"
10,3010,"independent"
18,3011,"independent"
22,3012,"independent"
14,3013,"independent"
16,3014,"independent"
20,3015,"independent"
18,3016,"independent"
14,3017,"independent"
18,3018,"independent"
20,3019,"independent"
22,3020,"independent"
18,3021,"independent"
16,3022,"independent"
20,3023,"independent"
16,3024,"independent"
10,3025,"independent"
16,3026,"independent"
10,3027,"independent"
12,3028,"independent"
18,3029,"independent"
18,3030,"independent"
8,3031,"independent"
18,3032,"independent"
18,3033,"independent"
20,3034,"independent"
16,3035,"independent"
16,3036,"independent"
12,3037,"independent"
20,3038,"independent"
14,3039,"independent"
12,3040,"independent"
14,3041,"independent"
14,3042,"independent"
18,3043,"independent"
20,3044,"independent"
16,3045,"independent"
18,3046,"independent"
18,3047,"independent"
16,3048,"independent"
14,3049,"independent"
14,3050,"independent"
18,3051,"independent"
20,3052,"independent"
8,3053,"independent"
18,3054,"independent"
8,3055,"independent"
16,3056,"independent"
16,3057,"independent"
16,3058,"independent"
18,3059,"independent"
16,3060,"independent"
8,3061,"independent"
20,3062,"independent"
12,3063,"independent"
14,3064,"independent"
18,3065,"independent"
18,3066,"independent"
16,3067,"independent"
22,3068,"independent"
10,3069,"independent"
20,3070,"independent"
22,3071,"independent"
14,3072,"independent"
8,3073,"independent"
10,3074,"independent"
20,3075,"independent"
12,3076,"independent"
14,3077,"independent"
14,3078,"independent"
10,3079,"independent"
18,3080,"independent"
14,3081,"independent"
14,3082,"independent"
16,3083,"independent"
8,3084,"independent"
20,3085,"independent"
6,3086,"independent"
14,3087,"independent"
16,3088,"independent"
18,3089,"independent"
18,3090,"independent"
14,3091,"independent"
10,3092,"independent"
14,3093,"independent"
10,3094,"independent"
18,3095,"independent"
20,3096,"independent"
16,3097,"independent"
14,3098,"independent"
16,3099,"independent"
24,3100,"independent"
16,3101,"independent"
18,3102,"independent"
12,3103,"independent"
16,3104,"independent"
8,3105,"independent"
6,3106,"independent"
14,3107,"independent"
10,3108,"independent"
14,3109,"independent"
10,3110,"independent"
6,3111,"independent"
22,3112,"independent"
14,3113,"independent"
22,3114,"independent"
8,3115,"independent"
10,3116,"independent"
16,3117,"independent"
14,3118,"independent"
16,3119,"independent"
18,3120,"independent"
18,3121,"independent"
14,3122,"independent"
18,3123,"independent"
16,3124,"independent"
18,3125,"independent"
14,3126,"independent"
22,3127,"independent"
18,3128,"independent"
22,3129,"independent"
8,3130,"independent"
10,3131,"independent"
12,3132,"independent"
10,3133,"independent"
12,3134,"independent"
14,3135,"independent"
16,3136,"independent"
16,3137,"independent"
16,3138,"independent"
16,3139,"independent"
10,3140,"independent"
16,3141,"independent"
14,3142,"independent"
16,3143,"independent"
16,3144,"independent"
22,3145,"independent"
20,3146,"independent"
16,3147,"independent"
14,3148,"independent"
10,3149,"independent"
12,3150,"independent"
16,3151,"independent"
14,3152,"independent"
20,3153,"independent"
10,3154,"independent"
16,3155,"independent"
14,3156,"independent"
16,3157,"independent"
14,3158,"independent"
18,3159,"independent"
16,3160,"independent"
20,3161,"independent"
16,3162,"independent"
22,3163,"independent"
16,3164,"independent"
18,3165,"independent"
16,3166,"independent"
12,3167,"independent"
18,3168,"independent"
12,3169,"independent"
16,3170,"independent"
12,3171,"independent"
16,3172,"independent"
10,3173,"independent"
18,3174,"independent"
20,3175,"independent"
16,3176,"independent"
18,3177,"independent"
18,3178,"independent"
24,3179,"independent"
16,3180,"independent"
18,3181,"independent"
10,3182,"independent"
20,3183,"independent"
22,3184,"independent"
18,3185,"independent"
20,3186,"independent"
22,3187,"independent"
16,3188,"independent"
16,3189,"independent"
12,3190,"independent"
16,3191,"independent"
10,3192,"independent"
10,3193,"independent"
6,3194,"independent"
22,3195,"independent"
8,3196,"independent"
12,3197,"independent"
10,3198,"independent"
26,3199,"independent"
14,3200,"independent"
14,3201,"independent"
14,3202,"independent"
20,3203,"independent"
16,3204,"independent"
16,3205,"independent"
18,3206,"independent"
20,3207,"independent"
14,3208,"independent"
20,3209,"independent"
18,3210,"independent"
16,3211,"independent"
18,3212,"independent"
16,3213,"independent"
22,3214,"independent"
16,3215,"independent"
16,3216,"independent"
18,3217,"independent"
14,3218,"independent"
14,3219,"independent"
14,3220,"independent"
18,3221,"independent"
18,3222,"independent"
16,3223,"independent"
22,3224,"independent"
14,3225,"independent"
18,3226,"independent"
16,3227,"independent"
16,3228,"independent"
18,3229,"independent"
14,3230,"independent"
22,3231,"independent"
10,3232,"independent"
14,3233,"independent"
16,3234,"independent"
14,3235,"independent"
18,3236,"independent"
12,3237,"independent"
18,3238,"independent"
18,3239,"independent"
14,3240,"independent"
16,3241,"independent"
18,3242,"independent"
16,3243,"independent"
18,3244,"independent"
18,3245,"independent"
22,3246,"independent"
20,3247,"independent"
6,3248,"independent"
16,3249,"independent"
14,3250,"independent"
14,3251,"independent"
12,3252,"independent"
18,3253,"independent"
16,3254,"independent"
18,3255,"independent"
10,3256,"independent"
12,3257,"independent"
18,3258,"independent"
14,3259,"independent"
14,3260,"independent"
12,3261,"independent"
16,3262,"independent"
14,3263,"independent"
18,3264,"independent"
20,3265,"independent"
14,3266,"independent"
10,3267,"independent"
16,3268,"independent"
14,3269,"independent"
18,3270,"independent"
12,3271,"independent"
18,3272,"independent"
12,3273,"independent"
14,3274,"independent"
14,3275,"independent"
8,3276,"independent"
20,3277,"independent"
16,3278,"independent"
16,3279,"independent"
18,3280,"independent"
8,3281,"independent"
10,3282,"independent"
14,3283,"independent"
12,3284,"independent"
16,3285,"independent"
20,3286,"independent"
18,3287,"independent"
20,3288,"independent"
14,3289,"independent"
18,3290,"independent"
22,3291,"independent"
12,3292,"independent"
18,3293,"independent"
12,3294,"independent"
12,3295,"independent"
18,3296,"independent"
14,3297,"independent"
20,3298,"independent"
20,3299,"independent"
10,3300,"independent"
14,3301,"independent"
18,3302,"independent"
12,3303,"independent"
16,3304,"independent"
22,3305,"independent"
16,3306,"independent"
20,3307,"independent"
14,3308,"independent"
12,3309,"independent"
16,3310,"independent"
12,3311,"independent"
16,3312,"independent"
16,3313,"independent"
16,3314,"independent"
18,3315,"independent"
24,3316,"independent"
16,3317,"independent"
20,3318,"independent"
10,3319,"independent"
14,3320,"independent"
16,3321,"independent"
22,3322,"independent"
18,3323,"independent"
16,3324,"independent"
18,3325,"independent"
18,3326,"independent"
18,3327,"independent"
22,3328,"independent"
16,3329,"independent"
10,3330,"independent"
14,3331,"independent"
8,3332,"independent"
14,3333,"independent"
8,3334,"independent"
12,3335,"independent"
12,3336,"independent"
18,3337,"independent"
16,3338,"independent"
16,3339,"independent"
18,3340,"independent"
16,3341,"independent"
20,3342,"independent"
16,3343,"independent"
16,3344,"independent"
10,3345,"independent"
12,3346,"independent"
20,3347,"independent"
16,3348,"independent"
10,3349,"independent"
8,3350,"independent"
12,3351,"independent"
16,3352,"independent"
16,3353,"independent"
12,3354,"independent"
8,3355,"independent"
16,3356,"independent"
20,3357,"independent"
14,3358,"independent"
16,3359,"independent"
10,3360,"independent"
18,3361,"independent"
10,3362,"independent"
18,3363,"independent"
16,3364,"independent"
20,3365,"independent"
14,3366,"independent"
12,3367,"independent"
18,3368,"independent"
14,3369,"independent"
14,3370,"independent"
10,3371,"independent"
18,3372,"independent"
16,3373,"independent"
12,3374,"independent"
18,3375,"independent"
16,3376,"independent"
12,3377,"independent"
12,3378,"independent"
18,3379,"independent"
14,3380,"independent"
10,3381,"independent"
18,3382,"independent"
16,3383,"independent"
14,3384,"independent"
18,3385,"independent"
18,3386,"independent"
14,3387,"independent"
18,3388,"independent"
16,3389,"independent"
18,3390,"independent"
14,3391,"independent"
14,3392,"independent"
18,3393,"independent"
10,3394,"independent"
18,3395,"independent"
16,3396,"independent"
20,3397,"independent"
18,3398,"independent"
10,3399,"independent"
14,3400,"independent"
12,3401,"independent"
18,3402,"independent"
10,3403,"independent"
16,3404,"independent"
16,3405,"independent"
12,3406,"independent"
16,3407,"independent"
16,3408,"independent"
12,3409,"independent"
12,3410,"independent"
18,3411,"independent"
10,3412,"independent"
16,3413,"independent"
14,3414,"independent"
8,3415,"independent"
16,3416,"independent"
20,3417,"independent"
10,3418,"independent"
16,3419,"independent"
14,3420,"independent"
20,3421,"independent"
10,3422,"independent"
12,3423,"independent"
16,3424,"independent"
16,3425,"independent"
16,3426,"independent"
20,3427,"independent"
16,3428,"independent"
18,3429,"independent"
4,3430,"independent"
20,3431,"independent"
16,3432,"independent"
14,3433,"independent"
22,3434,"independent"
20,3435,"independent"
16,3436,"independent"
18,3437,"independent"
16,3438,"independent"
18,3439,"independent"
18,3440,"independent"
16,3441,"independent"
12,3442,"independent"
16,3443,"independent"
10,3444,"independent"
18,3445,"independent"
14,3446,"independent"
14,3447,"independent"
16,3448,"independent"
22,3449,"independent"
12,3450,"independent"
22,3451,"independent"
12,3452,"independent"
14,3453,"independent"
16,3454,"independent"
12,3455,"independent"
18,3456,"independent"
18,3457,"independent"
14,3458,"independent"
16,3459,"independent"
18,3460,"independent"
14,3461,"independent"
18,3462,"independent"
16,3463,"independent"
10,3464,"independent"
20,3465,"independent"
14,3466,"independent"
26,3467,"independent"
22,3468,"independent"
20,3469,"independent"
16,3470,"independent"
14,3471,"independent"
14,3472,"independent"
12,3473,"independent"
10,3474,"independent"
16,3475,"independent"
16,3476,"independent"
18,3477,"independent"
12,3478,"independent"
18,3479,"independent"
14,3480,"independent"
22,3481,"independent"
16,3482,"independent"
16,3483,"independent"
14,3484,"independent"
10,3485,"independent"
10,3486,"independent"
20,3487,"independent"
16,3488,"independent"
14,3489,"independent"
18,3490,"independent"
14,3491,"independent"
18,3492,"independent"
18,3493,"independent"
18,3494,"independent"
14,3495,"independent"
12,3496,"independent"
18,3497,"independent"
4,3498,"independent"
24,3499,"independent"
22,3500,"independent"
16,3501,"independent"
10,3502,"independent"
14,3503,"independent"
14,3504,"independent"
16,3505,"independent"
18,3506,"independent"
22,3507,"independent"
8,3508,"independent"
16,3509,"independent"
16,3510,"independent"
12,3511,"independent"
14,3512,"independent"
18,3513,"independent"
12,3514,"independent"
16,3515,"independent"
12,3516,"independent"
18,3517,"independent"
8,3518,"independent"
12,3519,"independent"
16,3520,"independent"
16,3521,"independent"
18,3522,"independent"
22,3523,"independent"
8,3524,"independent"
8,3525,"independent"
14,3526,"independent"
10,3527,"independent"
14,3528,"independent"
14,3529,"independent"
14,3530,"independent"
18,3531,"independent"
22,3532,"independent"
18,3533,"independent"
16,3534,"independent"
16,3535,"independent"
16,3536,"independent"
12,3537,"independent"
18,3538,"independent"
14,3539,"independent"
14,3540,"independent"
16,3541,"independent"
10,3542,"independent"
14,3543,"independent"
8,3544,"independent"
6,3545,"independent"
16,3546,"independent"
22,3547,"independent"
18,3548,"independent"
18,3549,"independent"
14,3550,"independent"
16,3551,"independent"
22,3552,"independent"
16,3553,"independent"
20,3554,"independent"
16,3555,"independent"
12,3556,"independent"
10,3557,"independent"
16,3558,"independent"
12,3559,"independent"
14,3560,"independent"
16,3561,"independent"
18,3562,"independent"
8,3563,"independent"
12,3564,"independent"
20,3565,"independent"
10,3566,"independent"
6,3567,"independent"
14,3568,"independent"
18,3569,"independent"
8,3570,"independent"
12,3571,"independent"
18,3572,"independent"
10,3573,"independent"
10,3574,"independent"
12,3575,"independent"
16,3576,"independent"
14,3577,"independent"
12,3578,"independent"
24,3579,"independent"
16,3580,"independent"
14,3581,"independent"
16,3582,"independent"
20,3583,"independent"
20,3584,"independent"
22,3585,"independent"
16,3586,"independent"
16,3587,"independent"
14,3588,"independent"
10,3589,"independent"
14,3590,"independent"
14,3591,"independent"
12,3592,"independent"
22,3593,"independent"
16,3594,"independent"
8,3595,"independent"
20,3596,"independent"
16,3597,"independent"
12,3598,"independent"
16,3599,"independent"
14,3600,"independent"
16,3601,"independent"
14,3602,"independent"
18,3603,"independent"
28,3604,"independent"
24,3605,"independent"
16,3606,"independent"
10,3607,"independent"
12,3608,"independent"
14,3609,"independent"
14,3610,"independent"
16,3611,"independent"
12,3612,"independent"
16,3613,"independent"
18,3614,"independent"
22,3615,"independent"
14,3616,"independent"
22,3617,"independent"
18,3618,"independent"
18,3619,"independent"
18,3620,"independent"
16,3621,"independent"
10,3622,"independent"
14,3623,"independent"
20,3624,"independent"
18,3625,"independent"
16,3626,"independent"
10,3627,"independent"
16,3628,"independent"
14,3629,"independent"
14,3630,"independent"
14,3631,"independent"
16,3632,"independent"
12,3633,"independent"
22,3634,"independent"
10,3635,"independent"
14,3636,"independent"
12,3637,"independent"
14,3638,"independent"
22,3639,"independent"
20,3640,"independent"
14,3641,"independent"
14,3642,"independent"
20,3643,"independent"
22,3644,"independent"
20,3645,"independent"
20,3646,"independent"
20,3647,"independent"
30,3648,"independent"
18,3649,"independent"
22,3650,"independent"
16,3651,"independent"
18,3652,"independent"
20,3653,"independent"
20,3654,"independent"
16,3655,"independent"
22,3656,"independent"
14,3657,"independent"
16,3658,"independent"
14,3659,"independent"
12,3660,"independent"
20,3661,"independent"
22,3662,"independent"
12,3663,"independent"
18,3664,"independent"
18,3665,"independent"
20,3666,"independent"
20,3667,"independent"
24,3668,"independent"
12,3669,"independent"
10,3670,"independent"
14,3671,"independent"
20,3672,"independent"
16,3673,"independent"
14,3674,"independent"
14,3675,"independent"
16,3676,"independent"
20,3677,"independent"
16,3678,"independent"
16,3679,"independent"
16,3680,"independent"
12,3681,"independent"
22,3682,"independent"
18,3683,"independent"
16,3684,"independent"
14,3685,"independent"
12,3686,"independent"
14,3687,"independent"
14,3688,"independent"
14,3689,"independent"
14,3690,"independent"
18,3691,"independent"
12,3692,"independent"
16,3693,"independent"
14,3694,"independent"
14,3695,"independent"
10,3696,"independent"
18,3697,"independent"
12,3698,"independent"
24,3699,"independent"
12,3700,"independent"
18,3701,"independent"
14,3702,"independent"
10,3703,"independent"
10,3704,"independent"
10,3705,"independent"
14,3706,"independent"
14,3707,"independent"
24,3708,"independent"
18,3709,"independent"
20,3710,"independent"
10,3711,"independent"
10,3712,"independent"
12,3713,"independent"
14,3714,"independent"
10,3715,"independent"
14,3716,"independent"
10,3717,"independent"
18,3718,"independent"
16,3719,"independent"
14,3720,"independent"
14,3721,"independent"
14,3722,"independent"
20,3723,"independent"
20,3724,"independent"
18,3725,"independent"
18,3726,"independent"
18,3727,"independent"
14,3728,"independent"
14,3729,"independent"
16,3730,"independent"
14,3731,"independent"
14,3732,"independent"
20,3733,"independent"
12,3734,"independent"
14,3735,"independent"
16,3736,"independent"
16,3737,"independent"
8,3738,"independent"
8,3739,"independent"
14,3740,"independent"
18,3741,"independent"
14,3742,"independent"
12,3743,"independent"
20,3744,"independent"
10,3745,"independent"
18,3746,"independent"
20,3747,"independent"
20,3748,"independent"
18,3749,"independent"
16,3750,"independent"
6,3751,"independent"
12,3752,"independent"
16,3753,"independent"
22,3754,"independent"
16,3755,"independent"
14,3756,"independent"
16,3757,"independent"
16,3758,"independent"
12,3759,"independent"
24,3760,"independent"
16,3761,"independent"
12,3762,"independent"
18,3763,"independent"
16,3764,"independent"
16,3765,"independent"
18,3766,"independent"
16,3767,"independent"
20,3768,"independent"
18,3769,"independent"
16,3770,"independent"
18,3771,"independent"
12,3772,"independent"
18,3773,"independent"
8,3774,"independent"
8,3775,"independent"
14,3776,"independent"
20,3777,"independent"
16,3778,"independent"
10,3779,"independent"
8,3780,"independent"
14,3781,"independent"
14,3782,"independent"
16,3783,"independent"
20,3784,"independent"
14,3785,"independent"
16,3786,"independent"
18,3787,"independent"
22,3788,"independent"
8,3789,"independent"
14,3790,"independent"
10,3791,"independent"
16,3792,"independent"
20,3793,"independent"
22,3794,"independent"
12,3795,"independent"
18,3796,"independent"
18,3797,"independent"
16,3798,"independent"
18,3799,"independent"
18,3800,"independent"
16,3801,"independent"
16,3802,"independent"
20,3803,"independent"
18,3804,"independent"
12,3805,"independent"
10,3806,"independent"
16,3807,"independent"
18,3808,"independent"
20,3809,"independent"
20,3810,"independent"
20,3811,"independent"
18,3812,"independent"
18,3813,"independent"
12,3814,"independent"
22,3815,"independent"
12,3816,"independent"
18,3817,"independent"
10,3818,"independent"
18,3819,"independent"
14,3820,"independent"
22,3821,"independent"
18,3822,"independent"
12,3823,"independent"
16,3824,"independent"
18,3825,"independent"
10,3826,"independent"
14,3827,"independent"
16,3828,"independent"
16,3829,"independent"
16,3830,"independent"
14,3831,"independent"
20,3832,"independent"
18,3833,"independent"
16,3834,"independent"
14,3835,"independent"
10,3836,"independent"
16,3837,"independent"
18,3838,"independent"
16,3839,"independent"
18,3840,"independent"
14,3841,"independent"
12,3842,"independent"
14,3843,"independent"
10,3844,"independent"
12,3845,"independent"
16,3846,"independent"
10,3847,"independent"
20,3848,"independent"
10,3849,"independent"
20,3850,"independent"
22,3851,"independent"
12,3852,"independent"
16,3853,"independent"
16,3854,"independent"
18,3855,"independent"
14,3856,"independent"
12,3857,"independent"
16,3858,"independent"
10,3859,"independent"
16,3860,"independent"
20,3861,"independent"
12,3862,"independent"
12,3863,"independent"
16,3864,"independent"
14,3865,"independent"
14,3866,"independent"
14,3867,"independent"
14,3868,"independent"
16,3869,"independent"
18,3870,"independent"
16,3871,"independent"
22,3872,"independent"
16,3873,"independent"
20,3874,"independent"
12,3875,"independent"
14,3876,"independent"
16,3877,"independent"
18,3878,"independent"
16,3879,"independent"
14,3880,"independent"
18,3881,"independent"
14,3882,"independent"
18,3883,"independent"
14,3884,"independent"
14,3885,"independent"
20,3886,"independent"
10,3887,"independent"
12,3888,"independent"
12,3889,"independent"
12,3890,"independent"
22,3891,"independent"
20,3892,"independent"
12,3893,"independent"
14,3894,"independent"
22,3895,"independent"
20,3896,"independent"
10,3897,"independent"
22,3898,"independent"
16,3899,"independent"
20,3900,"independent"
20,3901,"independent"
20,3902,"independent"
18,3903,"independent"
16,3904,"independent"
12,3905,"independent"
8,3906,"independent"
14,3907,"independent"
20,3908,"independent"
16,3909,"independent"
12,3910,"independent"
12,3911,"independent"
14,3912,"independent"
20,3913,"independent"
20,3914,"independent"
16,3915,"independent"
14,3916,"independent"
12,3917,"independent"
10,3918,"independent"
16,3919,"independent"
10,3920,"independent"
8,3921,"independent"
18,3922,"independent"
18,3923,"independent"
12,3924,"independent"
18,3925,"independent"
16,3926,"independent"
10,3927,"independent"
18,3928,"independent"
6,3929,"independent"
18,3930,"independent"
16,3931,"independent"
16,3932,"independent"
20,3933,"independent"
12,3934,"independent"
12,3935,"independent"
10,3936,"independent"
18,3937,"independent"
12,3938,"independent"
12,3939,"independent"
12,3940,"independent"
14,3941,"independent"
14,3942,"independent"
18,3943,"independent"
14,3944,"independent"
12,3945,"independent"
16,3946,"independent"
14,3947,"independent"
16,3948,"independent"
18,3949,"independent"
20,3950,"independent"
14,3951,"independent"
16,3952,"independent"
12,3953,"independent"
8,3954,"independent"
18,3955,"independent"
12,3956,"independent"
12,3957,"independent"
16,3958,"independent"
14,3959,"independent"
20,3960,"independent"
16,3961,"independent"
16,3962,"independent"
8,3963,"independent"
18,3964,"independent"
12,3965,"independent"
14,3966,"independent"
10,3967,"independent"
10,3968,"independent"
18,3969,"independent"
12,3970,"independent"
18,3971,"independent"
18,3972,"independent"
14,3973,"independent"
12,3974,"independent"
18,3975,"independent"
16,3976,"independent"
14,3977,"independent"
10,3978,"independent"
14,3979,"independent"
18,3980,"independent"
14,3981,"independent"
14,3982,"independent"
20,3983,"independent"
20,3984,"independent"
16,3985,"independent"
20,3986,"independent"
24,3987,"independent"
16,3988,"independent"
18,3989,"independent"
14,3990,"independent"
16,3991,"independent"
20,3992,"independent"
14,3993,"independent"
22,3994,"independent"
12,3995,"independent"
12,3996,"independent"
16,3997,"independent"
20,3998,"independent"
20,3999,"independent"
10,4000,"independent"
20,4001,"independent"
10,4002,"independent"
16,4003,"independent"
12,4004,"independent"
14,4005,"independent"
14,4006,"independent"
16,4007,"independent"
20,4008,"independent"
16,4009,"independent"
10,4010,"independent"
14,4011,"independent"
22,4012,"independent"
14,4013,"independent"
12,4014,"independent"
14,4015,"independent"
18,4016,"independent"
18,4017,"independent"
8,4018,"independent"
18,4019,"independent"
16,4020,"independent"
16,4021,"independent"
10,4022,"independent"
12,4023,"independent"
16,4024,"independent"
14,4025,"independent"
24,4026,"independent"
18,4027,"independent"
18,4028,"independent"
20,4029,"independent"
16,4030,"independent"
16,4031,"independent"
12,4032,"independent"
18,4033,"independent"
12,4034,"independent"
18,4035,"independent"
12,4036,"independent"
18,4037,"independent"
16,4038,"independent"
14,4039,"independent"
22,4040,"independent"
8,4041,"independent"
18,4042,"independent"
14,4043,"independent"
16,4044,"independent"
12,4045,"independent"
14,4046,"independent"
16,4047,"independent"
14,4048,"independent"
20,4049,"independent"
14,4050,"independent"
22,4051,"independent"
22,4052,"independent"
20,4053,"independent"
12,4054,"independent"
10,4055,"independent"
18,4056,"independent"
6,4057,"independent"
18,4058,"independent"
16,4059,"independent"
18,4060,"independent"
18,4061,"independent"
12,4062,"independent"
14,4063,"independent"
14,4064,"independent"
14,4065,"independent"
12,4066,"independent"
18,4067,"independent"
12,4068,"independent"
16,4069,"independent"
14,4070,"independent"
18,4071,"independent"
12,4072,"independent"
18,4073,"independent"
14,4074,"independent"
20,4075,"independent"
16,4076,"independent"
20,4077,"independent"
20,4078,"independent"
14,4079,"independent"
22,4080,"independent"
16,4081,"independent"
14,4082,"independent"
18,4083,"independent"
10,4084,"independent"
14,4085,"independent"
18,4086,"independent"
10,4087,"independent"
10,4088,"independent"
18,4089,"independent"
18,4090,"independent"
22,4091,"independent"
14,4092,"independent"
20,4093,"independent"
26,4094,"independent"
6,4095,"independent"
14,4096,"independent"
16,4097,"independent"
18,4098,"independent"
14,4099,"independent"
10,4100,"independent"
10,4101,"independent"
12,4102,"independent"
16,4103,"independent"
12,4104,"independent"
20,4105,"independent"
10,4106,"independent"
10,4107,"independent"
12,4108,"independent"
16,4109,"independent"
18,4110,"independent"
20,4111,"independent"
16,4112,"independent"
14,4113,"independent"
16,4114,"independent"
6,4115,"independent"
18,4116,"independent"
16,4117,"independent"
18,4118,"independent"
14,4119,"independent"
16,4120,"independent"
14,4121,"independent"
14,4122,"independent"
12,4123,"independent"
18,4124,"independent"
20,4125,"independent"
12,4126,"independent"
10,4127,"independent"
12,4128,"independent"
14,4129,"independent"
14,4130,"independent"
16,4131,"independent"
18,4132,"independent"
24,4133,"independent"
12,4134,"independent"
4,4135,"independent"
10,4136,"independent"
16,4137,"independent"
24,4138,"independent"
16,4139,"independent"
16,4140,"independent"
20,4141,"independent"
18,4142,"independent"
14,4143,"independent"
14,4144,"independent"
14,4145,"independent"
16,4146,"independent"
14,4147,"independent"
18,4148,"independent"
16,4149,"independent"
16,4150,"independent"
12,4151,"independent"
10,4152,"independent"
16,4153,"independent"
16,4154,"independent"
18,4155,"independent"
8,4156,"independent"
16,4157,"independent"
16,4158,"independent"
18,4159,"independent"
14,4160,"independent"
18,4161,"independent"
20,4162,"independent"
18,4163,"independent"
16,4164,"independent"
14,4165,"independent"
10,4166,"independent"
16,4167,"independent"
18,4168,"independent"
16,4169,"independent"
14,4170,"independent"
20,4171,"independent"
16,4172,"independent"
20,4173,"independent"
18,4174,"independent"
12,4175,"independent"
20,4176,"independent"
14,4177,"independent"
18,4178,"independent"
10,4179,"independent"
16,4180,"independent"
12,4181,"independent"
16,4182,"independent"
12,4183,"independent"
20,4184,"independent"
16,4185,"independent"
22,4186,"independent"
16,4187,"independent"
10,4188,"independent"
14,4189,"independent"
18,4190,"independent"
18,4191,"independent"
14,4192,"independent"
16,4193,"independent"
22,4194,"independent"
22,4195,"independent"
14,4196,"independent"
12,4197,"independent"
10,4198,"independent"
16,4199,"independent"
18,4200,"independent"
14,4201,"independent"
22,4202,"independent"
14,4203,"independent"
18,4204,"independent"
22,4205,"independent"
18,4206,"independent"
14,4207,"independent"
16,4208,"independent"
14,4209,"independent"
12,4210,"independent"
18,4211,"independent"
18,4212,"independent"
18,4213,"independent"
12,4214,"independent"
14,4215,"independent"
14,4216,"independent"
12,4217,"independent"
16,4218,"independent"
14,4219,"independent"
12,4220,"independent"
20,4221,"independent"
16,4222,"independent"
16,4223,"independent"
18,4224,"independent"
12,4225,"independent"
12,4226,"independent"
16,4227,"independent"
12,4228,"independent"
20,4229,"independent"
14,4230,"independent"
14,4231,"independent"
16,4232,"independent"
18,4233,"independent"
12,4234,"independent"
22,4235,"independent"
14,4236,"independent"
20,4237,"independent"
12,4238,"independent"
10,4239,"independent"
16,4240,"independent"
14,4241,"independent"
16,4242,"independent"
14,4243,"independent"
12,4244,"independent"
16,4245,"independent"
14,4246,"independent"
12,4247,"independent"
16,4248,"independent"
14,4249,"independent"
16,4250,"independent"
18,4251,"independent"
16,4252,"independent"
14,4253,"independent"
14,4254,"independent"
14,4255,"independent"
16,4256,"independent"
16,4257,"independent"
14,4258,"independent"
14,4259,"independent"
14,4260,"independent"
22,4261,"independent"
16,4262,"independent"
18,4263,"independent"
18,4264,"independent"
18,4265,"independent"
14,4266,"independent"
14,4267,"independent"
18,4268,"independent"
16,4269,"independent"
10,4270,"independent"
16,4271,"independent"
14,4272,"independent"
16,4273,"independent"
12,4274,"independent"
12,4275,"independent"
10,4276,"independent"
18,4277,"independent"
16,4278,"independent"
18,4279,"independent"
18,4280,"independent"
24,4281,"independent"
14,4282,"independent"
16,4283,"independent"
12,4284,"independent"
22,4285,"independent"
14,4286,"independent"
14,4287,"independent"
16,4288,"independent"
12,4289,"independent"
20,4290,"independent"
20,4291,"independent"
20,4292,"independent"
14,4293,"independent"
14,4294,"independent"
14,4295,"independent"
14,4296,"independent"
18,4297,"independent"
14,4298,"independent"
18,4299,"independent"
14,4300,"independent"
10,4301,"independent"
12,4302,"independent"
16,4303,"independent"
18,4304,"independent"
20,4305,"independent"
18,4306,"independent"
18,4307,"independent"
20,4308,"independent"
16,4309,"independent"
18,4310,"independent"
8,4311,"independent"
8,4312,"independent"
16,4313,"independent"
18,4314,"independent"
22,4315,"independent"
10,4316,"independent"
14,4317,"independent"
8,4318,"independent"
6,4319,"independent"
14,4320,"independent"
16,4321,"independent"
16,4322,"independent"
16,4323,"independent"
14,4324,"independent"
16,4325,"independent"
14,4326,"independent"
18,4327,"independent"
16,4328,"independent"
18,4329,"independent"
20,4330,"independent"
12,4331,"independent"
18,4332,"independent"
16,4333,"independent"
16,4334,"independent"
14,4335,"independent"
18,4336,"independent"
20,4337,"independent"
14,4338,"independent"
18,4339,"independent"
14,4340,"independent"
8,4341,"independent"
18,4342,"independent"
16,4343,"independent"
18,4344,"independent"
14,4345,"independent"
18,4346,"independent"
20,4347,"independent"
20,4348,"independent"
14,4349,"independent"
10,4350,"independent"
10,4351,"independent"
16,4352,"independent"
8,4353,"independent"
12,4354,"independent"
12,4355,"independent"
12,4356,"independent"
12,4357,"independent"
12,4358,"independent"
16,4359,"independent"
16,4360,"independent"
24,4361,"independent"
18,4362,"independent"
16,4363,"independent"
20,4364,"independent"
20,4365,"independent"
16,4366,"independent"
12,4367,"independent"
16,4368,"independent"
14,4369,"independent"
18,4370,"independent"
18,4371,"independent"
12,4372,"independent"
20,4373,"independent"
10,4374,"independent"
16,4375,"independent"
14,4376,"independent"
14,4377,"independent"
14,4378,"independent"
22,4379,"independent"
14,4380,"independent"
12,4381,"independent"
14,4382,"independent"
16,4383,"independent"
18,4384,"independent"
16,4385,"independent"
12,4386,"independent"
14,4387,"independent"
18,4388,"independent"
16,4389,"independent"
10,4390,"independent"
16,4391,"independent"
12,4392,"independent"
16,4393,"independent"
14,4394,"independent"
16,4395,"independent"
20,4396,"independent"
14,4397,"independent"
16,4398,"independent"
18,4399,"independent"
24,4400,"independent"
20,4401,"independent"
14,4402,"independent"
16,4403,"independent"
12,4404,"independent"
14,4405,"independent"
16,4406,"independent"
14,4407,"independent"
16,4408,"independent"
18,4409,"independent"
14,4410,"independent"
12,4411,"independent"
14,4412,"independent"
18,4413,"independent"
18,4414,"independent"
14,4415,"independent"
16,4416,"independent"
10,4417,"independent"
18,4418,"independent"
18,4419,"independent"
16,4420,"independent"
12,4421,"independent"
18,4422,"independent"
12,4423,"independent"
8,4424,"independent"
12,4425,"independent"
10,4426,"independent"
12,4427,"independent"
16,4428,"independent"
14,4429,"independent"
18,4430,"independent"
20,4431,"independent"
12,4432,"independent"
10,4433,"independent"
18,4434,"independent"
12,4435,"independent"
14,4436,"independent"
20,4437,"independent"
14,4438,"independent"
20,4439,"independent"
12,4440,"independent"
16,4441,"independent"
10,4442,"independent"
12,4443,"independent"
12,4444,"independent"
20,4445,"independent"
24,4446,"independent"
20,4447,"independent"
18,4448,"independent"
16,4449,"independent"
8,4450,"independent"
14,4451,"independent"
24,4452,"independent"
18,4453,"independent"
18,4454,"independent"
16,4455,"independent"
14,4456,"independent"
10,4457,"independent"
12,4458,"independent"
14,4459,"independent"
20,4460,"independent"
20,4461,"independent"
12,4462,"independent"
8,4463,"independent"
16,4464,"independent"
16,4465,"independent"
8,4466,"independent"
8,4467,"independent"
14,4468,"independent"
10,4469,"independent"
14,4470,"independent"
18,4471,"independent"
14,4472,"independent"
18,4473,"independent"
8,4474,"independent"
14,4475,"independent"
14,4476,"independent"
10,4477,"independent"
16,4478,"independent"
20,4479,"independent"
10,4480,"independent"
8,4481,"independent"
18,4482,"independent"
14,4483,"independent"
12,4484,"independent"
16,4485,"independent"
14,4486,"independent"
16,4487,"independent"
18,4488,"independent"
20,4489,"independent"
16,4490,"independent"
14,4491,"independent"
18,4492,"independent"
18,4493,"independent"
14,4494,"independent"
18,4495,"independent"
20,4496,"independent"
18,4497,"independent"
14,4498,"independent"
8,4499,"independent"
20,4500,"independent"
12,4501,"independent"
14,4502,"independent"
18,4503,"independent"
16,4504,"independent"
16,4505,"independent"
12,4506,"independent"
20,4507,"independent"
18,4508,"independent"
18,4509,"independent"
16,4510,"independent"
16,4511,"independent"
20,4512,"independent"
16,4513,"independent"
16,4514,"independent"
24,4515,"independent"
14,4516,"independent"
10,4517,"independent"
14,4518,"independent"
22,4519,"independent"
16,4520,"independent"
18,4521,"independent"
10,4522,"independent"
14,4523,"independent"
16,4524,"independent"
14,4525,"independent"
10,4526,"independent"
16,4527,"independent"
20,4528,"independent"
18,4529,"independent"
18,4530,"independent"
10,4531,"independent"
16,4532,"independent"
20,4533,"independent"
10,4534,"independent"
10,4535,"independent"
16,4536,"independent"
16,4537,"independent"
18,4538,"independent"
10,4539,"independent"
14,4540,"independent"
14,4541,"independent"
8,4542,"independent"
14,4543,"independent"
16,4544,"independent"
12,4545,"independent"
16,4546,"independent"
16,4547,"independent"
18,4548,"independent"
18,4549,"independent"
20,4550,"independent"
8,4551,"independent"
12,4552,"independent"
16,4553,"independent"
10,4554,"independent"
18,4555,"independent"
20,4556,"independent"
12,4557,"independent"
22,4558,"independent"
10,4559,"independent"
14,4560,"independent"
24,4561,"independent"
10,4562,"independent"
22,4563,"independent"
22,4564,"independent"
18,4565,"independent"
20,4566,"independent"
18,4567,"independent"
14,4568,"independent"
22,4569,"independent"
22,4570,"independent"
16,4571,"independent"
14,4572,"independent"
18,4573,"independent"
16,4574,"independent"
18,4575,"independent"
18,4576,"independent"
18,4577,"independent"
8,4578,"independent"
16,4579,"independent"
24,4580,"independent"
8,4581,"independent"
16,4582,"independent"
18,4583,"independent"
14,4584,"independent"
16,4585,"independent"
14,4586,"independent"
16,4587,"independent"
16,4588,"independent"
16,4589,"independent"
18,4590,"independent"
14,4591,"independent"
20,4592,"independent"
12,4593,"independent"
16,4594,"independent"
12,4595,"independent"
16,4596,"independent"
14,4597,"independent"
18,4598,"independent"
14,4599,"independent"
14,4600,"independent"
10,4601,"independent"
20,4602,"independent"
20,4603,"independent"
20,4604,"independent"
14,4605,"independent"
12,4606,"independent"
16,4607,"independent"
22,4608,"independent"
8,4609,"independent"
16,4610,"independent"
18,4611,"independent"
18,4612,"independent"
12,4613,"independent"
12,4614,"independent"
22,4615,"independent"
18,4616,"independent"
24,4617,"independent"
18,4618,"independent"
22,4619,"independent"
16,4620,"independent"
16,4621,"independent"
20,4622,"independent"
12,4623,"independent"
16,4624,"independent"
10,4625,"independent"
14,4626,"independent"
10,4627,"independent"
20,4628,"independent"
14,4629,"independent"
18,4630,"independent"
20,4631,"independent"
12,4632,"independent"
12,4633,"independent"
18,4634,"independent"
16,4635,"independent"
16,4636,"independent"
14,4637,"independent"
16,4638,"independent"
16,4639,"independent"
14,4640,"independent"
18,4641,"independent"
14,4642,"independent"
14,4643,"independent"
18,4644,"independent"
14,4645,"independent"
16,4646,"independent"
14,4647,"independent"
4,4648,"independent"
10,4649,"independent"
16,4650,"independent"
14,4651,"independent"
16,4652,"independent"
14,4653,"independent"
12,4654,"independent"
16,4655,"independent"
16,4656,"independent"
20,4657,"independent"
14,4658,"independent"
12,4659,"independent"
18,4660,"independent"
22,4661,"independent"
20,4662,"independent"
12,4663,"independent"
14,4664,"independent"
12,4665,"independent"
16,4666,"independent"
22,4667,"independent"
16,4668,"independent"
22,4669,"independent"
16,4670,"independent"
16,4671,"independent"
20,4672,"independent"
16,4673,"independent"
20,4674,"independent"
14,4675,"independent"
20,4676,"independent"
12,4677,"independent"
18,4678,"independent"
16,4679,"independent"
8,4680,"independent"
14,4681,"independent"
18,4682,"independent"
16,4683,"independent"
12,4684,"independent"
12,4685,"independent"
12,4686,"independent"
18,4687,"independent"
16,4688,"independent"
18,4689,"independent"
16,4690,"independent"
14,4691,"independent"
12,4692,"independent"
16,4693,"independent"
16,4694,"independent"
16,4695,"independent"
14,4696,"independent"
14,4697,"independent"
12,4698,"independent"
12,4699,"independent"
10,4700,"independent"
16,4701,"independent"
10,4702,"independent"
10,4703,"independent"
18,4704,"independent"
20,4705,"independent"
18,4706,"independent"
22,4707,"independent"
14,4708,"independent"
20,4709,"independent"
20,4710,"independent"
12,4711,"independent"
10,4712,"independent"
14,4713,"independent"
16,4714,"independent"
18,4715,"independent"
12,4716,"independent"
2,4717,"independent"
14,4718,"independent"
16,4719,"independent"
12,4720,"independent"
18,4721,"independent"
16,4722,"independent"
14,4723,"independent"
10,4724,"independent"
24,4725,"independent"
18,4726,"independent"
10,4727,"independent"
18,4728,"independent"
14,4729,"independent"
12,4730,"independent"
16,4731,"independent"
12,4732,"independent"
12,4733,"independent"
22,4734,"independent"
16,4735,"independent"
10,4736,"independent"
16,4737,"independent"
8,4738,"independent"
18,4739,"independent"
8,4740,"independent"
12,4741,"independent"
12,4742,"independent"
22,4743,"independent"
14,4744,"independent"
12,4745,"independent"
12,4746,"independent"
14,4747,"independent"
18,4748,"independent"
14,4749,"independent"
18,4750,"independent"
18,4751,"independent"
18,4752,"independent"
20,4753,"independent"
14,4754,"independent"
12,4755,"independent"
18,4756,"independent"
18,4757,"independent"
18,4758,"independent"
16,4759,"independent"
20,4760,"independent"
12,4761,"independent"
22,4762,"independent"
18,4763,"independent"
20,4764,"independent"
18,4765,"independent"
14,4766,"independent"
10,4767,"independent"
14,4768,"independent"
20,4769,"independent"
14,4770,"independent"
12,4771,"independent"
16,4772,"independent"
10,4773,"independent"
14,4774,"independent"
18,4775,"independent"
14,4776,"independent"
10,4777,"independent"
18,4778,"independent"
8,4779,"independent"
16,4780,"independent"
10,4781,"independent"
22,4782,"independent"
12,4783,"independent"
16,4784,"independent"
20,4785,"independent"
24,4786,"independent"
12,4787,"independent"
14,4788,"independent"
12,4789,"independent"
18,4790,"independent"
18,4791,"independent"
14,4792,"independent"
24,4793,"independent"
14,4794,"independent"
10,4795,"independent"
14,4796,"independent"
8,4797,"independent"
18,4798,"independent"
10,4799,"independent"
12,4800,"independent"
10,4801,"independent"
14,4802,"independent"
20,4803,"independent"
18,4804,"independent"
12,4805,"independent"
24,4806,"independent"
14,4807,"independent"
10,4808,"independent"
22,4809,"independent"
18,4810,"independent"
20,4811,"independent"
14,4812,"independent"
20,4813,"independent"
12,4814,"independent"
18,4815,"independent"
18,4816,"independent"
18,4817,"independent"
18,4818,"independent"
14,4819,"independent"
16,4820,"independent"
18,4821,"independent"
18,4822,"independent"
14,4823,"independent"
16,4824,"independent"
10,4825,"independent"
14,4826,"independent"
16,4827,"independent"
16,4828,"independent"
22,4829,"independent"
16,4830,"independent"
18,4831,"independent"
20,4832,"independent"
6,4833,"independent"
18,4834,"independent"
16,4835,"independent"
12,4836,"independent"
12,4837,"independent"
20,4838,"independent"
16,4839,"independent"
14,4840,"independent"
18,4841,"independent"
14,4842,"independent"
22,4843,"independent"
16,4844,"independent"
20,4845,"independent"
14,4846,"independent"
12,4847,"independent"
12,4848,"independent"
18,4849,"independent"
14,4850,"independent"
14,4851,"independent"
10,4852,"independent"
6,4853,"independent"
20,4854,"independent"
14,4855,"independent"
10,4856,"independent"
18,4857,"independent"
14,4858,"independent"
18,4859,"independent"
16,4860,"independent"
16,4861,"independent"
24,4862,"independent"
22,4863,"independent"
16,4864,"independent"
14,4865,"independent"
16,4866,"independent"
14,4867,"independent"
18,4868,"independent"
14,4869,"independent"
14,4870,"independent"
18,4871,"independent"
10,4872,"independent"
18,4873,"independent"
18,4874,"independent"
12,4875,"independent"
10,4876,"independent"
14,4877,"independent"
12,4878,"independent"
14,4879,"independent"
18,4880,"independent"
14,4881,"independent"
18,4882,"independent"
16,4883,"independent"
18,4884,"independent"
20,4885,"independent"
22,4886,"independent"
12,4887,"independent"
12,4888,"independent"
16,4889,"independent"
18,4890,"independent"
14,4891,"independent"
8,4892,"independent"
10,4893,"independent"
14,4894,"independent"
14,4895,"independent"
16,4896,"independent"
20,4897,"independent"
18,4898,"independent"
16,4899,"independent"
14,4900,"independent"
16,4901,"independent"
22,4902,"independent"
18,4903,"independent"
12,4904,"independent"
14,4905,"independent"
18,4906,"independent"
12,4907,"independent"
12,4908,"independent"
14,4909,"independent"
14,4910,"independent"
14,4911,"independent"
18,4912,"independent"
22,4913,"independent"
18,4914,"independent"
18,4915,"independent"
16,4916,"independent"
16,4917,"independent"
18,4918,"independent"
8,4919,"independent"
16,4920,"independent"
18,4921,"independent"
12,4922,"independent"
22,4923,"independent"
16,4924,"independent"
18,4925,"independent"
14,4926,"independent"
26,4927,"independent"
14,4928,"independent"
10,4929,"independent"
20,4930,"independent"
14,4931,"independent"
10,4932,"independent"
12,4933,"independent"
18,4934,"independent"
20,4935,"independent"
16,4936,"independent"
18,4937,"independent"
18,4938,"independent"
20,4939,"independent"
14,4940,"independent"
14,4941,"independent"
18,4942,"independent"
12,4943,"independent"
22,4944,"independent"
14,4945,"independent"
10,4946,"independent"
16,4947,"independent"
20,4948,"independent"
16,4949,"independent"
16,4950,"independent"
20,4951,"independent"
20,4952,"independent"
16,4953,"independent"
16,4954,"independent"
12,4955,"independent"
18,4956,"independent"
10,4957,"independent"
14,4958,"independent"
2,4959,"independent"
16,4960,"independent"
14,4961,"independent"
18,4962,"independent"
14,4963,"independent"
16,4964,"independent"
16,4965,"independent"
18,4966,"independent"
12,4967,"independent"
20,4968,"independent"
14,4969,"independent"
14,4970,"independent"
10,4971,"independent"
16,4972,"independent"
16,4973,"independent"
22,4974,"independent"
18,4975,"independent"
10,4976,"independent"
14,4977,"independent"
12,4978,"independent"
16,4979,"independent"
12,4980,"independent"
14,4981,"independent"
12,4982,"independent"
16,4983,"independent"
12,4984,"independent"
16,4985,"independent"
14,4986,"independent"
12,4987,"independent"
16,4988,"independent"
14,4989,"independent"
14,4990,"independent"
16,4991,"independent"
16,4992,"independent"
16,4993,"independent"
20,4994,"independent"
16,4995,"independent"
16,4996,"independent"
20,4997,"independent"
14,4998,"independent"
16,4999,"independent"
14,5000,"independent"
12,5001,"independent"
18,5002,"independent"
14,5003,"independent"
16,5004,"independent"
22,5005,"independent"
14,5006,"independent"
18,5007,"independent"
22,5008,"independent"
8,5009,"independent"
16,5010,"independent"
20,5011,"independent"
12,5012,"independent"
12,5013,"independent"
16,5014,"independent"
20,5015,"independent"
20,5016,"independent"
20,5017,"independent"
12,5018,"independent"
14,5019,"independent"
16,5020,"independent"
12,5021,"independent"
16,5022,"independent"
18,5023,"independent"
12,5024,"independent"
14,5025,"independent"
18,5026,"independent"
18,5027,"independent"
14,5028,"independent"
16,5029,"independent"
12,5030,"independent"
16,5031,"independent"
18,5032,"independent"
18,5033,"independent"
20,5034,"independent"
16,5035,"independent"
14,5036,"independent"
12,5037,"independent"
12,5038,"independent"
16,5039,"independent"
14,5040,"independent"
16,5041,"independent"
16,5042,"independent"
14,5043,"independent"
6,5044,"independent"
18,5045,"independent"
20,5046,"independent"
14,5047,"independent"
14,5048,"independent"
18,5049,"independent"
18,5050,"independent"
22,5051,"independent"
12,5052,"independent"
10,5053,"independent"
16,5054,"independent"
18,5055,"independent"
12,5056,"independent"
18,5057,"independent"
16,5058,"independent"
12,5059,"independent"
14,5060,"independent"
18,5061,"independent"
18,5062,"independent"
16,5063,"independent"
18,5064,"independent"
16,5065,"independent"
18,5066,"independent"
16,5067,"independent"
12,5068,"independent"
12,5069,"independent"
12,5070,"independent"
14,5071,"independent"
20,5072,"independent"
18,5073,"independent"
12,5074,"independent"
16,5075,"independent"
12,5076,"independent"
12,5077,"independent"
12,5078,"independent"
8,5079,"independent"
16,5080,"independent"
12,5081,"independent"
14,5082,"independent"
14,5083,"independent"
14,5084,"independent"
12,5085,"independent"
16,5086,"independent"
14,5087,"independent"
18,5088,"independent"
18,5089,"independent"
16,5090,"independent"
18,5091,"independent"
20,5092,"independent"
14,5093,"independent"
8,5094,"independent"
10,5095,"independent"
10,5096,"independent"
16,5097,"independent"
14,5098,"independent"
12,5099,"independent"
10,5100,"independent"
16,5101,"independent"
10,5102,"independent"
20,5103,"independent"
10,5104,"independent"
14,5105,"independent"
20,5106,"independent"
18,5107,"independent"
16,5108,"independent"
20,5109,"independent"
18,5110,"independent"
18,5111,"independent"
16,5112,"independent"
10,5113,"independent"
22,5114,"independent"
18,5115,"independent"
14,5116,"independent"
12,5117,"independent"
12,5118,"independent"
12,5119,"independent"
12,5120,"independent"
16,5121,"independent"
16,5122,"independent"
8,5123,"independent"
20,5124,"independent"
16,5125,"independent"
14,5126,"independent"
14,5127,"independent"
22,5128,"independent"
18,5129,"independent"
14,5130,"independent"
12,5131,"independent"
14,5132,"independent"
14,5133,"independent"
14,5134,"independent"
18,5135,"independent"
22,5136,"independent"
12,5137,"independent"
14,5138,"independent"
18,5139,"independent"
18,5140,"independent"
20,5141,"independent"
18,5142,"independent"
8,5143,"independent"
18,5144,"independent"
16,5145,"independent"
10,5146,"independent"
10,5147,"independent"
12,5148,"independent"
20,5149,"independent"
18,5150,"independent"
14,5151,"independent"
16,5152,"independent"
18,5153,"independent"
16,5154,"independent"
14,5155,"independent"
14,5156,"independent"
18,5157,"independent"
14,5158,"independent"
16,5159,"independent"
22,5160,"independent"
16,5161,"independent"
12,5162,"independent"
18,5163,"independent"
14,5164,"independent"
18,5165,"independent"
16,5166,"independent"
22,5167,"independent"
16,5168,"independent"
18,5169,"independent"
16,5170,"independent"
22,5171,"independent"
18,5172,"independent"
20,5173,"independent"
20,5174,"independent"
12,5175,"independent"
12,5176,"independent"
12,5177,"independent"
14,5178,"independent"
16,5179,"independent"
18,5180,"independent"
12,5181,"independent"
14,5182,"independent"
16,5183,"independent"
8,5184,"independent"
14,5185,"independent"
12,5186,"independent"
14,5187,"independent"
12,5188,"independent"
12,5189,"independent"
14,5190,"independent"
18,5191,"independent"
20,5192,"independent"
10,5193,"independent"
16,5194,"independent"
14,5195,"independent"
18,5196,"independent"
14,5197,"independent"
14,5198,"independent"
18,5199,"independent"
18,5200,"independent"
20,5201,"independent"
22,5202,"independent"
18,5203,"independent"
22,5204,"independent"
20,5205,"independent"
10,5206,"independent"
10,5207,"independent"
22,5208,"independent"
16,5209,"independent"
16,5210,"independent"
10,5211,"independent"
12,5212,"independent"
12,5213,"independent"
10,5214,"independent"
18,5215,"independent"
14,5216,"independent"
20,5217,"independent"
12,5218,"independent"
18,5219,"independent"
14,5220,"independent"
12,5221,"independent"
18,5222,"independent"
20,5223,"independent"
12,5224,"independent"
14,5225,"independent"
16,5226,"independent"
18,5227,"independent"
12,5228,"independent"
16,5229,"independent"
14,5230,"independent"
14,5231,"independent"
14,5232,"independent"
12,5233,"independent"
12,5234,"independent"
16,5235,"independent"
14,5236,"independent"
12,5237,"independent"
14,5238,"independent"
10,5239,"independent"
18,5240,"independent"
12,5241,"independent"
8,5242,"independent"
18,5243,"independent"
20,5244,"independent"
14,5245,"independent"
14,5246,"independent"
20,5247,"independent"
16,5248,"independent"
14,5249,"independent"
10,5250,"independent"
16,5251,"independent"
16,5252,"independent"
18,5253,"independent"
14,5254,"independent"
12,5255,"independent"
20,5256,"independent"
20,5257,"independent"
12,5258,"independent"
16,5259,"independent"
8,5260,"independent"
18,5261,"independent"
14,5262,"independent"
16,5263,"independent"
18,5264,"independent"
22,5265,"independent"
18,5266,"independent"
20,5267,"independent"
16,5268,"independent"
18,5269,"independent"
12,5270,"independent"
18,5271,"independent"
14,5272,"independent"
14,5273,"independent"
16,5274,"independent"
16,5275,"independent"
22,5276,"independent"
16,5277,"independent"
16,5278,"independent"
14,5279,"independent"
18,5280,"independent"
18,5281,"independent"
20,5282,"independent"
18,5283,"independent"
20,5284,"independent"
14,5285,"independent"
16,5286,"independent"
22,5287,"independent"
20,5288,"independent"
14,5289,"independent"
20,5290,"independent"
14,5291,"independent"
16,5292,"independent"
18,5293,"independent"
10,5294,"independent"
14,5295,"independent"
16,5296,"independent"
20,5297,"independent"
16,5298,"independent"
20,5299,"independent"
10,5300,"independent"
16,5301,"independent"
14,5302,"independent"
12,5303,"independent"
16,5304,"independent"
16,5305,"independent"
16,5306,"independent"
18,5307,"independent"
20,5308,"independent"
12,5309,"independent"
16,5310,"independent"
16,5311,"independent"
16,5312,"independent"
16,5313,"independent"
10,5314,"independent"
18,5315,"independent"
14,5316,"independent"
14,5317,"independent"
14,5318,"independent"
6,5319,"independent"
12,5320,"independent"
20,5321,"independent"
12,5322,"independent"
18,5323,"independent"
24,5324,"independent"
14,5325,"independent"
10,5326,"independent"
16,5327,"independent"
14,5328,"independent"
16,5329,"independent"
18,5330,"independent"
12,5331,"independent"
16,5332,"independent"
18,5333,"independent"
18,5334,"independent"
12,5335,"independent"
16,5336,"independent"
16,5337,"independent"
10,5338,"independent"
12,5339,"independent"
20,5340,"independent"
16,5341,"independent"
14,5342,"independent"
16,5343,"independent"
14,5344,"independent"
14,5345,"independent"
18,5346,"independent"
20,5347,"independent"
14,5348,"independent"
10,5349,"independent"
8,5350,"independent"
10,5351,"independent"
10,5352,"independent"
12,5353,"independent"
18,5354,"independent"
16,5355,"independent"
16,5356,"independent"
16,5357,"independent"
14,5358,"independent"
12,5359,"independent"
14,5360,"independent"
8,5361,"independent"
18,5362,"independent"
14,5363,"independent"
10,5364,"independent"
18,5365,"independent"
20,5366,"independent"
18,5367,"independent"
18,5368,"independent"
14,5369,"independent"
10,5370,"independent"
14,5371,"independent"
10,5372,"independent"
14,5373,"independent"
12,5374,"independent"
16,5375,"independent"
12,5376,"independent"
18,5377,"independent"
16,5378,"independent"
12,5379,"independent"
14,5380,"independent"
18,5381,"independent"
16,5382,"independent"
16,5383,"independent"
20,5384,"independent"
8,5385,"independent"
16,5386,"independent"
16,5387,"independent"
18,5388,"independent"
20,5389,"independent"
20,5390,"independent"
24,5391,"independent"
18,5392,"independent"
12,5393,"independent"
18,5394,"independent"
14,5395,"independent"
6,5396,"independent"
18,5397,"independent"
20,5398,"independent"
16,5399,"independent"
16,5400,"independent"
12,5401,"independent"
18,5402,"independent"
20,5403,"independent"
22,5404,"independent"
20,5405,"independent"
18,5406,"independent"
24,5407,"independent"
16,5408,"independent"
10,5409,"independent"
12,5410,"independent"
18,5411,"independent"
18,5412,"independent"
20,5413,"independent"
12,5414,"independent"
16,5415,"independent"
18,5416,"independent"
16,5417,"independent"
12,5418,"independent"
18,5419,"independent"
14,5420,"independent"
16,5421,"independent"
16,5422,"independent"
12,5423,"independent"
10,5424,"independent"
16,5425,"independent"
16,5426,"independent"
14,5427,"independent"
20,5428,"independent"
14,5429,"independent"
16,5430,"independent"
14,5431,"independent"
18,5432,"independent"
10,5433,"independent"
16,5434,"independent"
20,5435,"independent"
16,5436,"independent"
8,5437,"independent"
16,5438,"independent"
10,5439,"independent"
18,5440,"independent"
18,5441,"independent"
24,5442,"independent"
18,5443,"independent"
26,5444,"independent"
18,5445,"independent"
12,5446,"independent"
16,5447,"independent"
10,5448,"independent"
14,5449,"independent"
14,5450,"independent"
16,5451,"independent"
10,5452,"independent"
12,5453,"independent"
10,5454,"independent"
14,5455,"independent"
20,5456,"independent"
16,5457,"independent"
6,5458,"independent"
14,5459,"independent"
20,5460,"independent"
18,5461,"independent"
10,5462,"independent"
12,5463,"independent"
8,5464,"independent"
16,5465,"independent"
14,5466,"independent"
14,5467,"independent"
14,5468,"independent"
18,5469,"independent"
12,5470,"independent"
16,5471,"independent"
14,5472,"independent"
18,5473,"independent"
18,5474,"independent"
8,5475,"independent"
10,5476,"independent"
22,5477,"independent"
12,5478,"independent"
10,5479,"independent"
14,5480,"independent"
12,5481,"independent"
14,5482,"independent"
24,5483,"independent"
12,5484,"independent"
16,5485,"independent"
18,5486,"independent"
10,5487,"independent"
12,5488,"independent"
24,5489,"independent"
16,5490,"independent"
16,5491,"independent"
12,5492,"independent"
18,5493,"independent"
18,5494,"independent"
20,5495,"independent"
18,5496,"independent"
16,5497,"independent"
18,5498,"independent"
24,5499,"independent"
18,5500,"independent"
18,5501,"independent"
16,5502,"independent"
14,5503,"independent"
16,5504,"independent"
16,5505,"independent"
18,5506,"independent"
16,5507,"independent"
14,5508,"independent"
22,5509,"independent"
12,5510,"independent"
18,5511,"independent"
22,5512,"independent"
18,5513,"independent"
16,5514,"independent"
14,5515,"independent"
12,5516,"independent"
14,5517,"independent"
18,5518,"independent"
14,5519,"independent"
20,5520,"independent"
18,5521,"independent"
14,5522,"independent"
20,5523,"independent"
18,5524,"independent"
16,5525,"independent"
18,5526,"independent"
24,5527,"independent"
18,5528,"independent"
12,5529,"independent"
14,5530,"independent"
18,5531,"independent"
20,5532,"independent"
18,5533,"independent"
18,5534,"independent"
8,5535,"independent"
14,5536,"independent"
16,5537,"independent"
16,5538,"independent"
12,5539,"independent"
14,5540,"independent"
20,5541,"independent"
8,5542,"independent"
12,5543,"independent"
16,5544,"independent"
14,5545,"independent"
18,5546,"independent"
20,5547,"independent"
8,5548,"independent"
18,5549,"independent"
16,5550,"independent"
10,5551,"independent"
14,5552,"independent"
14,5553,"independent"
12,5554,"independent"
14,5555,"independent"
16,5556,"independent"
18,5557,"independent"
16,5558,"independent"
14,5559,"independent"
16,5560,"independent"
18,5561,"independent"
16,5562,"independent"
18,5563,"independent"
16,5564,"independent"
14,5565,"independent"
12,5566,"independent"
14,5567,"independent"
16,5568,"independent"
16,5569,"independent"
18,5570,"independent"
6,5571,"independent"
14,5572,"independent"
18,5573,"independent"
22,5574,"independent"
12,5575,"independent"
16,5576,"independent"
16,5577,"independent"
14,5578,"independent"
14,5579,"independent"
8,5580,"independent"
12,5581,"independent"
16,5582,"independent"
22,5583,"independent"
16,5584,"independent"
14,5585,"independent"
10,5586,"independent"
10,5587,"independent"
16,5588,"independent"
20,5589,"independent"
14,5590,"independent"
14,5591,"independent"
14,5592,"independent"
12,5593,"independent"
22,5594,"independent"
18,5595,"independent"
16,5596,"independent"
14,5597,"independent"
14,5598,"independent"
14,5599,"independent"
12,5600,"independent"
20,5601,"independent"
18,5602,"independent"
16,5603,"independent"
12,5604,"independent"
14,5605,"independent"
10,5606,"independent"
20,5607,"independent"
16,5608,"independent"
12,5609,"independent"
18,5610,"independent"
12,5611,"independent"
20,5612,"independent"
16,5613,"independent"
14,5614,"independent"
18,5615,"independent"
18,5616,"independent"
16,5617,"independent"
18,5618,"independent"
16,5619,"independent"
22,5620,"independent"
14,5621,"independent"
12,5622,"independent"
16,5623,"independent"
18,5624,"independent"
12,5625,"independent"
14,5626,"independent"
16,5627,"independent"
22,5628,"independent"
14,5629,"independent"
18,5630,"independent"
10,5631,"independent"
14,5632,"independent"
18,5633,"independent"
12,5634,"independent"
16,5635,"independent"
22,5636,"independent"
18,5637,"independent"
16,5638,"independent"
12,5639,"independent"
28,5640,"independent"
14,5641,"independent"
16,5642,"independent"
12,5643,"independent"
16,5644,"independent"
14,5645,"independent"
16,5646,"independent"
16,5647,"independent"
10,5648,"independent"
12,5649,"independent"
14,5650,"independent"
12,5651,"independent"
22,5652,"independent"
14,5653,"independent"
16,5654,"independent"
6,5655,"independent"
16,5656,"independent"
8,5657,"independent"
16,5658,"independent"
16,5659,"independent"
12,5660,"independent"
16,5661,"independent"
22,5662,"independent"
18,5663,"independent"
20,5664,"independent"
10,5665,"independent"
14,5666,"independent"
16,5667,"independent"
16,5668,"independent"
16,5669,"independent"
14,5670,"independent"
18,5671,"independent"
18,5672,"independent"
14,5673,"independent"
18,5674,"independent"
16,5675,"independent"
12,5676,"independent"
10,5677,"independent"
14,5678,"independent"
20,5679,"independent"
18,5680,"independent"
16,5681,"independent"
16,5682,"independent"
22,5683,"independent"
10,5684,"independent"
18,5685,"independent"
18,5686,"independent"
18,5687,"independent"
10,5688,"independent"
12,5689,"independent"
16,5690,"independent"
14,5691,"independent"
16,5692,"independent"
18,5693,"independent"
18,5694,"independent"
16,5695,"independent"
20,5696,"independent"
14,5697,"independent"
18,5698,"independent"
12,5699,"independent"
16,5700,"independent"
16,5701,"independent"
22,5702,"independent"
8,5703,"independent"
10,5704,"independent"
20,5705,"independent"
14,5706,"independent"
12,5707,"independent"
18,5708,"independent"
14,5709,"independent"
20,5710,"independent"
16,5711,"independent"
14,5712,"independent"
14,5713,"independent"
14,5714,"independent"
20,5715,"independent"
16,5716,"independent"
12,5717,"independent"
16,5718,"independent"
14,5719,"independent"
16,5720,"independent"
12,5721,"independent"
22,5722,"independent"
20,5723,"independent"
14,5724,"independent"
12,5725,"independent"
14,5726,"independent"
12,5727,"independent"
24,5728,"independent"
20,5729,"independent"
12,5730,"independent"
10,5731,"independent"
14,5732,"independent"
18,5733,"independent"
20,5734,"independent"
14,5735,"independent"
12,5736,"independent"
16,5737,"independent"
14,5738,"independent"
20,5739,"independent"
22,5740,"independent"
12,5741,"independent"
28,5742,"independent"
16,5743,"independent"
16,5744,"independent"
16,5745,"independent"
16,5746,"independent"
18,5747,"independent"
12,5748,"independent"
14,5749,"independent"
12,5750,"independent"
12,5751,"independent"
10,5752,"independent"
16,5753,"independent"
20,5754,"independent"
16,5755,"independent"
12,5756,"independent"
16,5757,"independent"
14,5758,"independent"
16,5759,"independent"
14,5760,"independent"
20,5761,"independent"
16,5762,"independent"
2,5763,"independent"
16,5764,"independent"
16,5765,"independent"
16,5766,"independent"
14,5767,"independent"
18,5768,"independent"
20,5769,"independent"
8,5770,"independent"
10,5771,"independent"
16,5772,"independent"
14,5773,"independent"
16,5774,"independent"
18,5775,"independent"
16,5776,"independent"
14,5777,"independent"
6,5778,"independent"
14,5779,"independent"
18,5780,"independent"
16,5781,"independent"
12,5782,"independent"
22,5783,"independent"
12,5784,"independent"
12,5785,"independent"
10,5786,"independent"
14,5787,"independent"
14,5788,"independent"
14,5789,"independent"
10,5790,"independent"
10,5791,"independent"
16,5792,"independent"
10,5793,"independent"
16,5794,"independent"
18,5795,"independent"
12,5796,"independent"
18,5797,"independent"
16,5798,"independent"
14,5799,"independent"
14,5800,"independent"
12,5801,"independent"
18,5802,"independent"
12,5803,"independent"
14,5804,"independent"
16,5805,"independent"
14,5806,"independent"
10,5807,"independent"
26,5808,"independent"
20,5809,"independent"
16,5810,"independent"
12,5811,"independent"
14,5812,"independent"
10,5813,"independent"
18,5814,"independent"
14,5815,"independent"
20,5816,"independent"
12,5817,"independent"
20,5818,"independent"
16,5819,"independent"
12,5820,"independent"
20,5821,"independent"
14,5822,"independent"
10,5823,"independent"
10,5824,"independent"
16,5825,"independent"
12,5826,"independent"
22,5827,"independent"
18,5828,"independent"
12,5829,"independent"
18,5830,"independent"
12,5831,"independent"
18,5832,"independent"
16,5833,"independent"
12,5834,"independent"
14,5835,"independent"
14,5836,"independent"
14,5837,"independent"
4,5838,"independent"
6,5839,"independent"
12,5840,"independent"
16,5841,"independent"
18,5842,"independent"
16,5843,"independent"
16,5844,"independent"
20,5845,"independent"
14,5846,"independent"
14,5847,"independent"
14,5848,"independent"
20,5849,"independent"
12,5850,"independent"
18,5851,"independent"
14,5852,"independent"
10,5853,"independent"
10,5854,"independent"
24,5855,"independent"
12,5856,"independent"
10,5857,"independent"
12,5858,"independent"
8,5859,"independent"
16,5860,"independent"
12,5861,"independent"
18,5862,"independent"
6,5863,"independent"
8,5864,"independent"
12,5865,"independent"
12,5866,"independent"
20,5867,"independent"
12,5868,"independent"
16,5869,"independent"
18,5870,"independent"
16,5871,"independent"
12,5872,"independent"
20,5873,"independent"
8,5874,"independent"
16,5875,"independent"
16,5876,"independent"
18,5877,"independent"
10,5878,"independent"
14,5879,"independent"
18,5880,"independent"
16,5881,"independent"
12,5882,"independent"
14,5883,"independent"
18,5884,"independent"
16,5885,"independent"
18,5886,"independent"
10,5887,"independent"
12,5888,"independent"
10,5889,"independent"
14,5890,"independent"
20,5891,"independent"
22,5892,"independent"
10,5893,"independent"
14,5894,"independent"
22,5895,"independent"
16,5896,"independent"
14,5897,"independent"
12,5898,"independent"
12,5899,"independent"
20,5900,"independent"
12,5901,"independent"
24,5902,"independent"
18,5903,"independent"
12,5904,"independent"
14,5905,"independent"
14,5906,"independent"
16,5907,"independent"
22,5908,"independent"
16,5909,"independent"
24,5910,"independent"
20,5911,"independent"
18,5912,"independent"
14,5913,"independent"
12,5914,"independent"
16,5915,"independent"
14,5916,"independent"
24,5917,"independent"
24,5918,"independent"
22,5919,"independent"
14,5920,"independent"
10,5921,"independent"
12,5922,"independent"
18,5923,"independent"
12,5924,"independent"
20,5925,"independent"
14,5926,"independent"
18,5927,"independent"
16,5928,"independent"
16,5929,"independent"
16,5930,"independent"
12,5931,"independent"
12,5932,"independent"
16,5933,"independent"
12,5934,"independent"
12,5935,"independent"
16,5936,"independent"
20,5937,"independent"
18,5938,"independent"
12,5939,"independent"
18,5940,"independent"
10,5941,"independent"
16,5942,"independent"
12,5943,"independent"
12,5944,"independent"
12,5945,"independent"
14,5946,"independent"
22,5947,"independent"
16,5948,"independent"
16,5949,"independent"
14,5950,"independent"
20,5951,"independent"
18,5952,"independent"
14,5953,"independent"
6,5954,"independent"
8,5955,"independent"
10,5956,"independent"
14,5957,"independent"
10,5958,"independent"
16,5959,"independent"
20,5960,"independent"
16,5961,"independent"
16,5962,"independent"
16,5963,"independent"
18,5964,"independent"
16,5965,"independent"
18,5966,"independent"
10,5967,"independent"
18,5968,"independent"
12,5969,"independent"
14,5970,"independent"
8,5971,"independent"
16,5972,"independent"
10,5973,"independent"
10,5974,"independent"
14,5975,"independent"
22,5976,"independent"
20,5977,"independent"
12,5978,"independent"
12,5979,"independent"
14,5980,"independent"
14,5981,"independent"
12,5982,"independent"
16,5983,"independent"
14,5984,"independent"
14,5985,"independent"
14,5986,"independent"
10,5987,"independent"
14,5988,"independent"
16,5989,"independent"
8,5990,"independent"
18,5991,"independent"
20,5992,"independent"
16,5993,"independent"
12,5994,"independent"
16,5995,"independent"
18,5996,"independent"
14,5997,"independent"
12,5998,"independent"
14,5999,"independent"
16,6000,"independent"
8,6001,"independent"
18,6002,"independent"
18,6003,"independent"
12,6004,"independent"
20,6005,"independent"
16,6006,"independent"
14,6007,"independent"
6,6008,"independent"
16,6009,"independent"
16,6010,"independent"
18,6011,"independent"
18,6012,"independent"
14,6013,"independent"
12,6014,"independent"
20,6015,"independent"
20,6016,"independent"
14,6017,"independent"
16,6018,"independent"
18,6019,"independent"
14,6020,"independent"
16,6021,"independent"
14,6022,"independent"
12,6023,"independent"
16,6024,"independent"
18,6025,"independent"
14,6026,"independent"
14,6027,"independent"
18,6028,"independent"
22,6029,"independent"
12,6030,"independent"
18,6031,"independent"
18,6032,"independent"
16,6033,"independent"
12,6034,"independent"
14,6035,"independent"
16,6036,"independent"
16,6037,"independent"
14,6038,"independent"
20,6039,"independent"
22,6040,"independent"
18,6041,"independent"
18,6042,"independent"
18,6043,"independent"
16,6044,"independent"
16,6045,"independent"
12,6046,"independent"
14,6047,"independent"
16,6048,"independent"
10,6049,"independent"
6,6050,"independent"
12,6051,"independent"
16,6052,"independent"
12,6053,"independent"
14,6054,"independent"
12,6055,"independent"
22,6056,"independent"
18,6057,"independent"
16,6058,"independent"
12,6059,"independent"
16,6060,"independent"
12,6061,"independent"
16,6062,"independent"
12,6063,"independent"
20,6064,"independent"
16,6065,"independent"
18,6066,"independent"
16,6067,"independent"
16,6068,"independent"
20,6069,"independent"
14,6070,"independent"
20,6071,"independent"
10,6072,"independent"
12,6073,"independent"
16,6074,"independent"
16,6075,"independent"
16,6076,"independent"
20,6077,"independent"
14,6078,"independent"
20,6079,"independent"
16,6080,"independent"
14,6081,"independent"
10,6082,"independent"
14,6083,"independent"
14,6084,"independent"
20,6085,"independent"
16,6086,"independent"
16,6087,"independent"
12,6088,"independent"
12,6089,"independent"
16,6090,"independent"
16,6091,"independent"
20,6092,"independent"
14,6093,"independent"
16,6094,"independent"
16,6095,"independent"
10,6096,"independent"
18,6097,"independent"
18,6098,"independent"
16,6099,"independent"
22,6100,"independent"
18,6101,"independent"
16,6102,"independent"
14,6103,"independent"
14,6104,"independent"
14,6105,"independent"
14,6106,"independent"
16,6107,"independent"
14,6108,"independent"
14,6109,"independent"
20,6110,"independent"
16,6111,"independent"
18,6112,"independent"
12,6113,"independent"
18,6114,"independent"
12,6115,"independent"
18,6116,"independent"
20,6117,"independent"
16,6118,"independent"
8,6119,"independent"
4,6120,"independent"
10,6121,"independent"
10,6122,"independent"
20,6123,"independent"
16,6124,"independent"
18,6125,"independent"
20,6126,"independent"
10,6127,"independent"
16,6128,"independent"
4,6129,"independent"
10,6130,"independent"
20,6131,"independent"
26,6132,"independent"
8,6133,"independent"
18,6134,"independent"
18,6135,"independent"
16,6136,"independent"
14,6137,"independent"
18,6138,"independent"
14,6139,"independent"
14,6140,"independent"
12,6141,"independent"
14,6142,"independent"
14,6143,"independent"
14,6144,"independent"
16,6145,"independent"
14,6146,"independent"
18,6147,"independent"
16,6148,"independent"
14,6149,"independent"
14,6150,"independent"
14,6151,"independent"
16,6152,"independent"
20,6153,"independent"
14,6154,"independent"
12,6155,"independent"
14,6156,"independent"
14,6157,"independent"
14,6158,"independent"
18,6159,"independent"
18,6160,"independent"
16,6161,"independent"
16,6162,"independent"
10,6163,"independent"
18,6164,"independent"
16,6165,"independent"
20,6166,"independent"
20,6167,"independent"
14,6168,"independent"
22,6169,"independent"
10,6170,"independent"
22,6171,"independent"
6,6172,"independent"
18,6173,"independent"
10,6174,"independent"
14,6175,"independent"
16,6176,"independent"
20,6177,"independent"
18,6178,"independent"
14,6179,"independent"
10,6180,"independent"
14,6181,"independent"
16,6182,"independent"
14,6183,"independent"
12,6184,"independent"
16,6185,"independent"
16,6186,"independent"
12,6187,"independent"
22,6188,"independent"
8,6189,"independent"
18,6190,"independent"
16,6191,"independent"
12,6192,"independent"
14,6193,"independent"
16,6194,"independent"
18,6195,"independent"
14,6196,"independent"
14,6197,"independent"
14,6198,"independent"
10,6199,"independent"
16,6200,"independent"
14,6201,"independent"
12,6202,"independent"
20,6203,"independent"
16,6204,"independent"
16,6205,"independent"
18,6206,"independent"
12,6207,"independent"
12,6208,"independent"
20,6209,"independent"
20,6210,"independent"
12,6211,"independent"
16,6212,"independent"
16,6213,"independent"
12,6214,"independent"
20,6215,"independent"
12,6216,"independent"
16,6217,"independent"
18,6218,"independent"
18,6219,"independent"
12,6220,"independent"
16,6221,"independent"
14,6222,"independent"
24,6223,"independent"
16,6224,"independent"
20,6225,"independent"
14,6226,"independent"
16,6227,"independent"
20,6228,"independent"
20,6229,"independent"
16,6230,"independent"
14,6231,"independent"
14,6232,"independent"
16,6233,"independent"
10,6234,"independent"
12,6235,"independent"
20,6236,"independent"
14,6237,"independent"
14,6238,"independent"
12,6239,"independent"
14,6240,"independent"
16,6241,"independent"
16,6242,"independent"
14,6243,"independent"
14,6244,"independent"
16,6245,"independent"
12,6246,"independent"
14,6247,"independent"
16,6248,"independent"
20,6249,"independent"
18,6250,"independent"
14,6251,"independent"
18,6252,"independent"
18,6253,"independent"
10,6254,"independent"
18,6255,"independent"
16,6256,"independent"
6,6257,"independent"
20,6258,"independent"
16,6259,"independent"
16,6260,"independent"
12,6261,"independent"
16,6262,"independent"
16,6263,"independent"
14,6264,"independent"
20,6265,"independent"
20,6266,"independent"
18,6267,"independent"
20,6268,"independent"
14,6269,"independent"
14,6270,"independent"
10,6271,"independent"
12,6272,"independent"
10,6273,"independent"
12,6274,"independent"
12,6275,"independent"
14,6276,"independent"
14,6277,"independent"
16,6278,"independent"
16,6279,"independent"
14,6280,"independent"
20,6281,"independent"
14,6282,"independent"
12,6283,"independent"
18,6284,"independent"
18,6285,"independent"
14,6286,"independent"
14,6287,"independent"
12,6288,"independent"
10,6289,"independent"
16,6290,"independent"
12,6291,"independent"
10,6292,"independent"
20,6293,"independent"
16,6294,"independent"
14,6295,"independent"
12,6296,"independent"
10,6297,"independent"
12,6298,"independent"
16,6299,"independent"
10,6300,"independent"
20,6301,"independent"
18,6302,"independent"
14,6303,"independent"
18,6304,"independent"
20,6305,"independent"
16,6306,"independent"
14,6307,"independent"
18,6308,"independent"
14,6309,"independent"
10,6310,"independent"
10,6311,"independent"
12,6312,"independent"
16,6313,"independent"
10,6314,"independent"
16,6315,"independent"
18,6316,"independent"
18,6317,"independent"
18,6318,"independent"
16,6319,"independent"
14,6320,"independent"
14,6321,"independent"
10,6322,"independent"
22,6323,"independent"
20,6324,"independent"
18,6325,"independent"
22,6326,"independent"
18,6327,"independent"
16,6328,"independent"
18,6329,"independent"
16,6330,"independent"
16,6331,"independent"
12,6332,"independent"
14,6333,"independent"
10,6334,"independent"
14,6335,"independent"
14,6336,"independent"
18,6337,"independent"
14,6338,"independent"
16,6339,"independent"
16,6340,"independent"
10,6341,"independent"
12,6342,"independent"
16,6343,"independent"
14,6344,"independent"
14,6345,"independent"
10,6346,"independent"
20,6347,"independent"
16,6348,"independent"
16,6349,"independent"
16,6350,"independent"
14,6351,"independent"
20,6352,"independent"
18,6353,"independent"
14,6354,"independent"
12,6355,"independent"
16,6356,"independent"
18,6357,"independent"
16,6358,"independent"
18,6359,"independent"
14,6360,"independent"
16,6361,"independent"
6,6362,"independent"
14,6363,"independent"
12,6364,"independent"
12,6365,"independent"
18,6366,"independent"
16,6367,"independent"
12,6368,"independent"
14,6369,"independent"
14,6370,"independent"
18,6371,"independent"
20,6372,"independent"
20,6373,"independent"
20,6374,"independent"
22,6375,"independent"
18,6376,"independent"
14,6377,"independent"
18,6378,"independent"
16,6379,"independent"
14,6380,"independent"
10,6381,"independent"
16,6382,"independent"
20,6383,"independent"
14,6384,"independent"
22,6385,"independent"
16,6386,"independent"
20,6387,"independent"
14,6388,"independent"
12,6389,"independent"
18,6390,"independent"
16,6391,"independent"
18,6392,"independent"
16,6393,"independent"
16,6394,"independent"
18,6395,"independent"
12,6396,"independent"
20,6397,"independent"
10,6398,"independent"
16,6399,"independent"
14,6400,"independent"
16,6401,"independent"
12,6402,"independent"
6,6403,"independent"
16,6404,"independent"
16,6405,"independent"
6,6406,"independent"
10,6407,"independent"
8,6408,"independent"
18,6409,"independent"
16,6410,"independent"
18,6411,"independent"
14,6412,"independent"
12,6413,"independent"
14,6414,"independent"
20,6415,"independent"
18,6416,"independent"
14,6417,"independent"
18,6418,"independent"
14,6419,"independent"
20,6420,"independent"
16,6421,"independent"
16,6422,"independent"
20,6423,"independent"
12,6424,"independent"
10,6425,"independent"
16,6426,"independent"
20,6427,"independent"
16,6428,"independent"
26,6429,"independent"
18,6430,"independent"
18,6431,"independent"
12,6432,"independent"
16,6433,"independent"
16,6434,"independent"
10,6435,"independent"
18,6436,"independent"
12,6437,"independent"
14,6438,"independent"
18,6439,"independent"
18,6440,"independent"
14,6441,"independent"
22,6442,"independent"
20,6443,"independent"
16,6444,"independent"
18,6445,"independent"
22,6446,"independent"
20,6447,"independent"
18,6448,"independent"
18,6449,"independent"
16,6450,"independent"
2,6451,"independent"
14,6452,"independent"
12,6453,"independent"
12,6454,"independent"
16,6455,"independent"
20,6456,"independent"
12,6457,"independent"
10,6458,"independent"
14,6459,"independent"
20,6460,"independent"
14,6461,"independent"
10,6462,"independent"
8,6463,"independent"
18,6464,"independent"
18,6465,"independent"
22,6466,"independent"
12,6467,"independent"
16,6468,"independent"
14,6469,"independent"
24,6470,"independent"
20,6471,"independent"
16,6472,"independent"
16,6473,"independent"
18,6474,"independent"
22,6475,"independent"
18,6476,"independent"
10,6477,"independent"
14,6478,"independent"
14,6479,"independent"
12,6480,"independent"
14,6481,"independent"
24,6482,"independent"
14,6483,"independent"
18,6484,"independent"
20,6485,"independent"
16,6486,"independent"
18,6487,"independent"
12,6488,"independent"
20,6489,"independent"
18,6490,"independent"
12,6491,"independent"
14,6492,"independent"
14,6493,"independent"
16,6494,"independent"
24,6495,"independent"
16,6496,"independent"
24,6497,"independent"
18,6498,"independent"
20,6499,"independent"
22,6500,"independent"
18,6501,"independent"
18,6502,"independent"
18,6503,"independent"
14,6504,"independent"
8,6505,"independent"
18,6506,"independent"
10,6507,"independent"
16,6508,"independent"
14,6509,"independent"
14,6510,"independent"
10,6511,"independent"
16,6512,"independent"
22,6513,"independent"
10,6514,"independent"
14,6515,"independent"
20,6516,"independent"
16,6517,"independent"
20,6518,"independent"
16,6519,"independent"
14,6520,"independent"
18,6521,"independent"
18,6522,"independent"
22,6523,"independent"
14,6524,"independent"
16,6525,"independent"
16,6526,"independent"
10,6527,"independent"
18,6528,"independent"
14,6529,"independent"
16,6530,"independent"
14,6531,"independent"
14,6532,"independent"
14,6533,"independent"
16,6534,"independent"
14,6535,"independent"
14,6536,"independent"
20,6537,"independent"
16,6538,"independent"
22,6539,"independent"
14,6540,"independent"
10,6541,"independent"
14,6542,"independent"
18,6543,"independent"
16,6544,"independent"
16,6545,"independent"
12,6546,"independent"
12,6547,"independent"
12,6548,"independent"
12,6549,"independent"
16,6550,"independent"
20,6551,"independent"
14,6552,"independent"
14,6553,"independent"
16,6554,"independent"
16,6555,"independent"
20,6556,"independent"
10,6557,"independent"
12,6558,"independent"
14,6559,"independent"
14,6560,"independent"
14,6561,"independent"
12,6562,"independent"
12,6563,"independent"
20,6564,"independent"
8,6565,"independent"
16,6566,"independent"
16,6567,"independent"
10,6568,"independent"
16,6569,"independent"
14,6570,"independent"
20,6571,"independent"
20,6572,"independent"
16,6573,"independent"
8,6574,"independent"
14,6575,"independent"
16,6576,"independent"
20,6577,"independent"
14,6578,"independent"
14,6579,"independent"
18,6580,"independent"
22,6581,"independent"
16,6582,"independent"
12,6583,"independent"
16,6584,"independent"
16,6585,"independent"
20,6586,"independent"
18,6587,"independent"
16,6588,"independent"
20,6589,"independent"
20,6590,"independent"
14,6591,"independent"
14,6592,"independent"
14,6593,"independent"
14,6594,"independent"
14,6595,"independent"
20,6596,"independent"
16,6597,"independent"
12,6598,"independent"
16,6599,"independent"
18,6600,"independent"
12,6601,"independent"
16,6602,"independent"
16,6603,"independent"
16,6604,"independent"
16,6605,"independent"
16,6606,"independent"
24,6607,"independent"
20,6608,"independent"
16,6609,"independent"
14,6610,"independent"
12,6611,"independent"
12,6612,"independent"
18,6613,"independent"
20,6614,"independent"
18,6615,"independent"
20,6616,"independent"
20,6617,"independent"
22,6618,"independent"
20,6619,"independent"
14,6620,"independent"
12,6621,"independent"
14,6622,"independent"
14,6623,"independent"
14,6624,"independent"
16,6625,"independent"
12,6626,"independent"
18,6627,"independent"
20,6628,"independent"
18,6629,"independent"
14,6630,"independent"
12,6631,"independent"
16,6632,"independent"
12,6633,"independent"
16,6634,"independent"
16,6635,"independent"
16,6636,"independent"
20,6637,"independent"
18,6638,"independent"
14,6639,"independent"
14,6640,"independent"
22,6641,"independent"
16,6642,"independent"
20,6643,"independent"
12,6644,"independent"
20,6645,"independent"
12,6646,"independent"
14,6647,"independent"
18,6648,"independent"
16,6649,"independent"
18,6650,"independent"
12,6651,"independent"
8,6652,"independent"
10,6653,"independent"
18,6654,"independent"
18,6655,"independent"
20,6656,"independent"
18,6657,"independent"
8,6658,"independent"
12,6659,"independent"
16,6660,"independent"
16,6661,"independent"
20,6662,"independent"
10,6663,"independent"
20,6664,"independent"
16,6665,"independent"
20,6666,"independent"
14,6667,"independent"
14,6668,"independent"
8,6669,"independent"
14,6670,"independent"
16,6671,"independent"
18,6672,"independent"
16,6673,"independent"
20,6674,"independent"
18,6675,"independent"
12,6676,"independent"
20,6677,"independent"
22,6678,"independent"
16,6679,"independent"
10,6680,"independent"
14,6681,"independent"
12,6682,"independent"
24,6683,"independent"
22,6684,"independent"
18,6685,"independent"
20,6686,"independent"
12,6687,"independent"
12,6688,"independent"
4,6689,"independent"
10,6690,"independent"
18,6691,"independent"
14,6692,"independent"
14,6693,"independent"
12,6694,"independent"
18,6695,"independent"
16,6696,"independent"
16,6697,"independent"
12,6698,"independent"
18,6699,"independent"
16,6700,"independent"
20,6701,"independent"
12,6702,"independent"
18,6703,"independent"
24,6704,"independent"
14,6705,"independent"
14,6706,"independent"
14,6707,"independent"
12,6708,"independent"
20,6709,"independent"
16,6710,"independent"
14,6711,"independent"
12,6712,"independent"
12,6713,"independent"
14,6714,"independent"
18,6715,"independent"
14,6716,"independent"
18,6717,"independent"
14,6718,"independent"
14,6719,"independent"
16,6720,"independent"
18,6721,"independent"
18,6722,"independent"
18,6723,"independent"
12,6724,"independent"
14,6725,"independent"
12,6726,"independent"
16,6727,"independent"
10,6728,"independent"
18,6729,"independent"
12,6730,"independent"
12,6731,"independent"
6,6732,"independent"
18,6733,"independent"
14,6734,"independent"
10,6735,"independent"
14,6736,"independent"
12,6737,"independent"
14,6738,"independent"
14,6739,"independent"
16,6740,"independent"
8,6741,"independent"
8,6742,"independent"
18,6743,"independent"
14,6744,"independent"
14,6745,"independent"
18,6746,"independent"
12,6747,"independent"
14,6748,"independent"
20,6749,"independent"
18,6750,"independent"
16,6751,"independent"
18,6752,"independent"
8,6753,"independent"
16,6754,"independent"
10,6755,"independent"
14,6756,"independent"
22,6757,"independent"
18,6758,"independent"
18,6759,"independent"
12,6760,"independent"
12,6761,"independent"
22,6762,"independent"
16,6763,"independent"
10,6764,"independent"
20,6765,"independent"
8,6766,"independent"
16,6767,"independent"
12,6768,"independent"
10,6769,"independent"
16,6770,"independent"
14,6771,"independent"
24,6772,"independent"
10,6773,"independent"
18,6774,"independent"
12,6775,"independent"
20,6776,"independent"
10,6777,"independent"
18,6778,"independent"
14,6779,"independent"
18,6780,"independent"
16,6781,"independent"
16,6782,"independent"
10,6783,"independent"
20,6784,"independent"
14,6785,"independent"
18,6786,"independent"
22,6787,"independent"
18,6788,"independent"
18,6789,"independent"
12,6790,"independent"
20,6791,"independent"
18,6792,"independent"
18,6793,"independent"
16,6794,"independent"
18,6795,"independent"
12,6796,"independent"
20,6797,"independent"
16,6798,"independent"
24,6799,"independent"
24,6800,"independent"
14,6801,"independent"
14,6802,"independent"
8,6803,"independent"
6,6804,"independent"
16,6805,"independent"
18,6806,"independent"
14,6807,"independent"
20,6808,"independent"
14,6809,"independent"
12,6810,"independent"
12,6811,"independent"
12,6812,"independent"
14,6813,"independent"
24,6814,"independent"
14,6815,"independent"
20,6816,"independent"
12,6817,"independent"
14,6818,"independent"
10,6819,"independent"
20,6820,"independent"
12,6821,"independent"
16,6822,"independent"
8,6823,"independent"
18,6824,"independent"
12,6825,"independent"
10,6826,"independent"
22,6827,"independent"
20,6828,"independent"
16,6829,"independent"
20,6830,"independent"
20,6831,"independent"
16,6832,"independent"
14,6833,"independent"
18,6834,"independent"
20,6835,"independent"
12,6836,"independent"
18,6837,"independent"
18,6838,"independent"
20,6839,"independent"
16,6840,"independent"
12,6841,"independent"
18,6842,"independent"
22,6843,"independent"
8,6844,"independent"
16,6845,"independent"
20,6846,"independent"
12,6847,"independent"
12,6848,"independent"
20,6849,"independent"
12,6850,"independent"
20,6851,"independent"
12,6852,"independent"
12,6853,"independent"
12,6854,"independent"
12,6855,"independent"
20,6856,"independent"
20,6857,"independent"
16,6858,"independent"
14,6859,"independent"
16,6860,"independent"
22,6861,"independent"
20,6862,"independent"
16,6863,"independent"
14,6864,"independent"
18,6865,"independent"
10,6866,"independent"
14,6867,"independent"
16,6868,"independent"
16,6869,"independent"
18,6870,"independent"
14,6871,"independent"
16,6872,"independent"
12,6873,"independent"
18,6874,"independent"
16,6875,"independent"
16,6876,"independent"
8,6877,"independent"
16,6878,"independent"
16,6879,"independent"
12,6880,"independent"
26,6881,"independent"
18,6882,"independent"
14,6883,"independent"
16,6884,"independent"
12,6885,"independent"
14,6886,"independent"
14,6887,"independent"
20,6888,"independent"
18,6889,"independent"
6,6890,"independent"
20,6891,"independent"
10,6892,"independent"
10,6893,"independent"
16,6894,"independent"
8,6895,"independent"
16,6896,"independent"
18,6897,"independent"
16,6898,"independent"
16,6899,"independent"
20,6900,"independent"
12,6901,"independent"
14,6902,"independent"
18,6903,"independent"
14,6904,"independent"
18,6905,"independent"
8,6906,"independent"
12,6907,"independent"
16,6908,"independent"
20,6909,"independent"
16,6910,"independent"
18,6911,"independent"
20,6912,"independent"
10,6913,"independent"
22,6914,"independent"
18,6915,"independent"
18,6916,"independent"
14,6917,"independent"
18,6918,"independent"
16,6919,"independent"
20,6920,"independent"
16,6921,"independent"
16,6922,"independent"
14,6923,"independent"
20,6924,"independent"
12,6925,"independent"
4,6926,"independent"
14,6927,"independent"
18,6928,"independent"
18,6929,"independent"
18,6930,"independent"
16,6931,"independent"
14,6932,"independent"
10,6933,"independent"
10,6934,"independent"
14,6935,"independent"
18,6936,"independent"
16,6937,"independent"
20,6938,"independent"
14,6939,"independent"
20,6940,"independent"
22,6941,"independent"
12,6942,"independent"
18,6943,"independent"
18,6944,"independent"
8,6945,"independent"
16,6946,"independent"
16,6947,"independent"
22,6948,"independent"
8,6949,"independent"
16,6950,"independent"
10,6951,"independent"
10,6952,"independent"
18,6953,"independent"
12,6954,"independent"
14,6955,"independent"
18,6956,"independent"
22,6957,"independent"
26,6958,"independent"
18,6959,"independent"
16,6960,"independent"
18,6961,"independent"
12,6962,"independent"
16,6963,"independent"
14,6964,"independent"
12,6965,"independent"
12,6966,"independent"
8,6967,"independent"
26,6968,"independent"
12,6969,"independent"
20,6970,"independent"
26,6971,"independent"
18,6972,"independent"
20,6973,"independent"
14,6974,"independent"
12,6975,"independent"
18,6976,"independent"
16,6977,"independent"
16,6978,"independent"
12,6979,"independent"
16,6980,"independent"
16,6981,"independent"
16,6982,"independent"
16,6983,"independent"
20,6984,"independent"
16,6985,"independent"
20,6986,"independent"
4,6987,"independent"
16,6988,"independent"
18,6989,"independent"
20,6990,"independent"
14,6991,"independent"
10,6992,"independent"
20,6993,"independent"
10,6994,"independent"
14,6995,"independent"
14,6996,"independent"
16,6997,"independent"
10,6998,"independent"
14,6999,"independent"
24,7000,"independent"
14,7001,"independent"
12,7002,"independent"
10,7003,"independent"
10,7004,"independent"
8,7005,"independent"
20,7006,"independent"
14,7007,"independent"
16,7008,"independent"
14,7009,"independent"
18,7010,"independent"
16,7011,"independent"
16,7012,"independent"
22,7013,"independent"
18,7014,"independent"
20,7015,"independent"
12,7016,"independent"
14,7017,"independent"
16,7018,"independent"
14,7019,"independent"
20,7020,"independent"
20,7021,"independent"
14,7022,"independent"
18,7023,"independent"
14,7024,"independent"
10,7025,"independent"
12,7026,"independent"
14,7027,"independent"
18,7028,"independent"
16,7029,"independent"
12,7030,"independent"
24,7031,"independent"
18,7032,"independent"
24,7033,"independent"
14,7034,"independent"
12,7035,"independent"
10,7036,"independent"
22,7037,"independent"
10,7038,"independent"
16,7039,"independent"
6,7040,"independent"
12,7041,"independent"
10,7042,"independent"
20,7043,"independent"
24,7044,"independent"
14,7045,"independent"
20,7046,"independent"
16,7047,"independent"
12,7048,"independent"
10,7049,"independent"
16,7050,"independent"
14,7051,"independent"
10,7052,"independent"
14,7053,"independent"
18,7054,"independent"
18,7055,"independent"
10,7056,"independent"
14,7057,"independent"
16,7058,"independent"
16,7059,"independent"
16,7060,"independent"
12,7061,"independent"
12,7062,"independent"
20,7063,"independent"
18,7064,"independent"
14,7065,"independent"
16,7066,"independent"
22,7067,"independent"
12,7068,"independent"
16,7069,"independent"
18,7070,"independent"
16,7071,"independent"
14,7072,"independent"
18,7073,"independent"
10,7074,"independent"
14,7075,"independent"
16,7076,"independent"
16,7077,"independent"
16,7078,"independent"
16,7079,"independent"
14,7080,"independent"
14,7081,"independent"
16,7082,"independent"
10,7083,"independent"
16,7084,"independent"
16,7085,"independent"
12,7086,"independent"
18,7087,"independent"
12,7088,"independent"
14,7089,"independent"
18,7090,"independent"
14,7091,"independent"
16,7092,"independent"
14,7093,"independent"
18,7094,"independent"
14,7095,"independent"
20,7096,"independent"
14,7097,"independent"
16,7098,"independent"
18,7099,"independent"
12,7100,"independent"
18,7101,"independent"
10,7102,"independent"
12,7103,"independent"
14,7104,"independent"
14,7105,"independent"
16,7106,"independent"
18,7107,"independent"
18,7108,"independent"
14,7109,"independent"
18,7110,"independent"
22,7111,"independent"
16,7112,"independent"
14,7113,"independent"
22,7114,"independent"
12,7115,"independent"
12,7116,"independent"
18,7117,"independent"
14,7118,"independent"
16,7119,"independent"
10,7120,"independent"
16,7121,"independent"
10,7122,"independent"
10,7123,"independent"
18,7124,"independent"
20,7125,"independent"
16,7126,"independent"
14,7127,"independent"
10,7128,"independent"
16,7129,"independent"
14,7130,"independent"
16,7131,"independent"
16,7132,"independent"
18,7133,"independent"
20,7134,"independent"
12,7135,"independent"
16,7136,"independent"
14,7137,"independent"
18,7138,"independent"
10,7139,"independent"
14,7140,"independent"
18,7141,"independent"
18,7142,"independent"
8,7143,"independent"
18,7144,"independent"
14,7145,"independent"
16,7146,"independent"
16,7147,"independent"
10,7148,"independent"
14,7149,"independent"
12,7150,"independent"
10,7151,"independent"
18,7152,"independent"
16,7153,"independent"
16,7154,"independent"
12,7155,"independent"
12,7156,"independent"
16,7157,"independent"
12,7158,"independent"
20,7159,"independent"
10,7160,"independent"
8,7161,"independent"
14,7162,"independent"
10,7163,"independent"
16,7164,"independent"
14,7165,"independent"
18,7166,"independent"
18,7167,"independent"
12,7168,"independent"
18,7169,"independent"
10,7170,"independent"
18,7171,"independent"
20,7172,"independent"
20,7173,"independent"
20,7174,"independent"
12,7175,"independent"
14,7176,"independent"
16,7177,"independent"
16,7178,"independent"
16,7179,"independent"
14,7180,"independent"
20,7181,"independent"
14,7182,"independent"
14,7183,"independent"
10,7184,"independent"
16,7185,"independent"
18,7186,"independent"
12,7187,"independent"
18,7188,"independent"
10,7189,"independent"
14,7190,"independent"
22,7191,"independent"
20,7192,"independent"
20,7193,"independent"
10,7194,"independent"
16,7195,"independent"
24,7196,"independent"
10,7197,"independent"
18,7198,"independent"
16,7199,"independent"
16,7200,"independent"
18,7201,"independent"
20,7202,"independent"
6,7203,"independent"
18,7204,"independent"
22,7205,"independent"
16,7206,"independent"
20,7207,"independent"
18,7208,"independent"
22,7209,"independent"
16,7210,"independent"
16,7211,"independent"
14,7212,"independent"
14,7213,"independent"
14,7214,"independent"
10,7215,"independent"
18,7216,"independent"
12,7217,"independent"
18,7218,"independent"
18,7219,"independent"
16,7220,"independent"
12,7221,"independent"
18,7222,"independent"
12,7223,"independent"
20,7224,"independent"
16,7225,"independent"
6,7226,"independent"
14,7227,"independent"
22,7228,"independent"
18,7229,"independent"
16,7230,"independent"
12,7231,"independent"
12,7232,"independent"
10,7233,"independent"
16,7234,"independent"
8,7235,"independent"
16,7236,"independent"
22,7237,"independent"
16,7238,"independent"
16,7239,"independent"
14,7240,"independent"
14,7241,"independent"
8,7242,"independent"
24,7243,"independent"
6,7244,"independent"
20,7245,"independent"
16,7246,"independent"
18,7247,"independent"
14,7248,"independent"
14,7249,"independent"
14,7250,"independent"
20,7251,"independent"
16,7252,"independent"
16,7253,"independent"
8,7254,"independent"
14,7255,"independent"
12,7256,"independent"
14,7257,"independent"
18,7258,"independent"
12,7259,"independent"
12,7260,"independent"
16,7261,"independent"
16,7262,"independent"
14,7263,"independent"
14,7264,"independent"
16,7265,"independent"
16,7266,"independent"
12,7267,"independent"
12,7268,"independent"
14,7269,"independent"
22,7270,"independent"
8,7271,"independent"
22,7272,"independent"
22,7273,"independent"
12,7274,"independent"
10,7275,"independent"
16,7276,"independent"
16,7277,"independent"
16,7278,"independent"
14,7279,"independent"
10,7280,"independent"
14,7281,"independent"
14,7282,"independent"
18,7283,"independent"
22,7284,"independent"
22,7285,"independent"
16,7286,"independent"
12,7287,"independent"
18,7288,"independent"
12,7289,"independent"
6,7290,"independent"
18,7291,"independent"
16,7292,"independent"
6,7293,"independent"
12,7294,"independent"
18,7295,"independent"
20,7296,"independent"
20,7297,"independent"
8,7298,"independent"
12,7299,"independent"
18,7300,"independent"
14,7301,"independent"
16,7302,"independent"
6,7303,"independent"
16,7304,"independent"
22,7305,"independent"
20,7306,"independent"
14,7307,"independent"
16,7308,"independent"
14,7309,"independent"
8,7310,"independent"
12,7311,"independent"
16,7312,"independent"
20,7313,"independent"
12,7314,"independent"
14,7315,"independent"
8,7316,"independent"
16,7317,"independent"
14,7318,"independent"
14,7319,"independent"
16,7320,"independent"
20,7321,"independent"
18,7322,"independent"
20,7323,"independent"
16,7324,"independent"
16,7325,"independent"
12,7326,"independent"
14,7327,"independent"
8,7328,"independent"
16,7329,"independent"
16,7330,"independent"
8,7331,"independent"
12,7332,"independent"
10,7333,"independent"
10,7334,"independent"
8,7335,"independent"
16,7336,"independent"
18,7337,"independent"
16,7338,"independent"
16,7339,"independent"
10,7340,"independent"
16,7341,"independent"
20,7342,"independent"
16,7343,"independent"
16,7344,"independent"
10,7345,"independent"
14,7346,"independent"
16,7347,"independent"
6,7348,"independent"
18,7349,"independent"
16,7350,"independent"
14,7351,"independent"
16,7352,"independent"
10,7353,"independent"
18,7354,"independent"
14,7355,"independent"
12,7356,"independent"
12,7357,"independent"
16,7358,"independent"
12,7359,"independent"
20,7360,"independent"
18,7361,"independent"
16,7362,"independent"
20,7363,"independent"
10,7364,"independent"
20,7365,"independent"
6,7366,"independent"
16,7367,"independent"
20,7368,"independent"
14,7369,"independent"
22,7370,"independent"
18,7371,"independent"
10,7372,"independent"
18,7373,"independent"
18,7374,"independent"
20,7375,"independent"
18,7376,"independent"
12,7377,"independent"
18,7378,"independent"
14,7379,"independent"
18,7380,"independent"
16,7381,"independent"
18,7382,"independent"
12,7383,"independent"
16,7384,"independent"
16,7385,"independent"
12,7386,"independent"
14,7387,"independent"
14,7388,"independent"
20,7389,"independent"
12,7390,"independent"
16,7391,"independent"
12,7392,"independent"
14,7393,"independent"
18,7394,"independent"
16,7395,"independent"
8,7396,"independent"
14,7397,"independent"
10,7398,"independent"
12,7399,"independent"
12,7400,"independent"
20,7401,"independent"
18,7402,"independent"
14,7403,"independent"
12,7404,"independent"
18,7405,"independent"
10,7406,"independent"
14,7407,"independent"
14,7408,"independent"
12,7409,"independent"
16,7410,"independent"
20,7411,"independent"
22,7412,"independent"
12,7413,"independent"
18,7414,"independent"
16,7415,"independent"
14,7416,"independent"
12,7417,"independent"
12,7418,"independent"
10,7419,"independent"
14,7420,"independent"
12,7421,"independent"
14,7422,"independent"
16,7423,"independent"
14,7424,"independent"
18,7425,"independent"
12,7426,"independent"
16,7427,"independent"
14,7428,"independent"
20,7429,"independent"
14,7430,"independent"
18,7431,"independent"
16,7432,"independent"
18,7433,"independent"
10,7434,"independent"
18,7435,"independent"
16,7436,"independent"
16,7437,"independent"
16,7438,"independent"
14,7439,"independent"
16,7440,"independent"
12,7441,"independent"
12,7442,"independent"
14,7443,"independent"
20,7444,"independent"
18,7445,"independent"
24,7446,"independent"
18,7447,"independent"
24,7448,"independent"
12,7449,"independent"
16,7450,"independent"
16,7451,"independent"
16,7452,"independent"
18,7453,"independent"
20,7454,"independent"
16,7455,"independent"
18,7456,"independent"
20,7457,"independent"
14,7458,"independent"
16,7459,"independent"
24,7460,"independent"
16,7461,"independent"
16,7462,"independent"
14,7463,"independent"
16,7464,"independent"
8,7465,"independent"
6,7466,"independent"
8,7467,"independent"
12,7468,"independent"
10,7469,"independent"
14,7470,"independent"
14,7471,"independent"
18,7472,"independent"
18,7473,"independent"
18,7474,"independent"
14,7475,"independent"
18,7476,"independent"
8,7477,"independent"
12,7478,"independent"
20,7479,"independent"
14,7480,"independent"
16,7481,"independent"
10,7482,"independent"
20,7483,"independent"
10,7484,"independent"
14,7485,"independent"
8,7486,"independent"
14,7487,"independent"
14,7488,"independent"
16,7489,"independent"
20,7490,"independent"
12,7491,"independent"
22,7492,"independent"
18,7493,"independent"
10,7494,"independent"
18,7495,"independent"
16,7496,"independent"
14,7497,"independent"
16,7498,"independent"
20,7499,"independent"
18,7500,"independent"
12,7501,"independent"
14,7502,"independent"
16,7503,"independent"
10,7504,"independent"
12,7505,"independent"
12,7506,"independent"
20,7507,"independent"
14,7508,"independent"
8,7509,"independent"
14,7510,"independent"
18,7511,"independent"
20,7512,"independent"
18,7513,"independent"
18,7514,"independent"
18,7515,"independent"
20,7516,"independent"
20,7517,"independent"
14,7518,"independent"
18,7519,"independent"
12,7520,"independent"
10,7521,"independent"
14,7522,"independent"
20,7523,"independent"
10,7524,"independent"
16,7525,"independent"
14,7526,"independent"
16,7527,"independent"
10,7528,"independent"
14,7529,"independent"
14,7530,"independent"
22,7531,"independent"
20,7532,"independent"
12,7533,"independent"
10,7534,"independent"
22,7535,"independent"
16,7536,"independent"
16,7537,"independent"
16,7538,"independent"
20,7539,"independent"
20,7540,"independent"
22,7541,"independent"
20,7542,"independent"
18,7543,"independent"
16,7544,"independent"
16,7545,"independent"
20,7546,"independent"
16,7547,"independent"
14,7548,"independent"
12,7549,"independent"
18,7550,"independent"
6,7551,"independent"
20,7552,"independent"
14,7553,"independent"
16,7554,"independent"
16,7555,"independent"
18,7556,"independent"
16,7557,"independent"
20,7558,"independent"
18,7559,"independent"
16,7560,"independent"
20,7561,"independent"
18,7562,"independent"
16,7563,"independent"
20,7564,"independent"
18,7565,"independent"
22,7566,"independent"
14,7567,"independent"
18,7568,"independent"
16,7569,"independent"
12,7570,"independent"
12,7571,"independent"
16,7572,"independent"
10,7573,"independent"
12,7574,"independent"
12,7575,"independent"
16,7576,"independent"
12,7577,"independent"
18,7578,"independent"
18,7579,"independent"
16,7580,"independent"
14,7581,"independent"
16,7582,"independent"
18,7583,"independent"
18,7584,"independent"
20,7585,"independent"
18,7586,"independent"
18,7587,"independent"
20,7588,"independent"
14,7589,"independent"
16,7590,"independent"
16,7591,"independent"
16,7592,"independent"
14,7593,"independent"
14,7594,"independent"
12,7595,"independent"
16,7596,"independent"
18,7597,"independent"
16,7598,"independent"
16,7599,"independent"
14,7600,"independent"
16,7601,"independent"
16,7602,"independent"
16,7603,"independent"
10,7604,"independent"
20,7605,"independent"
20,7606,"independent"
20,7607,"independent"
12,7608,"independent"
16,7609,"independent"
16,7610,"independent"
18,7611,"independent"
6,7612,"independent"
20,7613,"independent"
16,7614,"independent"
12,7615,"independent"
20,7616,"independent"
20,7617,"independent"
14,7618,"independent"
16,7619,"independent"
12,7620,"independent"
20,7621,"independent"
20,7622,"independent"
20,7623,"independent"
16,7624,"independent"
24,7625,"independent"
28,7626,"independent"
18,7627,"independent"
16,7628,"independent"
10,7629,"independent"
12,7630,"independent"
12,7631,"independent"
14,7632,"independent"
14,7633,"independent"
18,7634,"independent"
12,7635,"independent"
20,7636,"independent"
12,7637,"independent"
22,7638,"independent"
16,7639,"independent"
24,7640,"independent"
18,7641,"independent"
8,7642,"independent"
14,7643,"independent"
14,7644,"independent"
10,7645,"independent"
16,7646,"independent"
18,7647,"independent"
12,7648,"independent"
14,7649,"independent"
16,7650,"independent"
10,7651,"independent"
18,7652,"independent"
14,7653,"independent"
12,7654,"independent"
12,7655,"independent"
18,7656,"independent"
18,7657,"independent"
18,7658,"independent"
18,7659,"independent"
16,7660,"independent"
14,7661,"independent"
16,7662,"independent"
14,7663,"independent"
16,7664,"independent"
18,7665,"independent"
18,7666,"independent"
18,7667,"independent"
18,7668,"independent"
10,7669,"independent"
14,7670,"independent"
12,7671,"independent"
16,7672,"independent"
18,7673,"independent"
12,7674,"independent"
8,7675,"independent"
10,7676,"independent"
4,7677,"independent"
14,7678,"independent"
10,7679,"independent"
12,7680,"independent"
14,7681,"independent"
14,7682,"independent"
10,7683,"independent"
12,7684,"independent"
10,7685,"independent"
18,7686,"independent"
16,7687,"independent"
16,7688,"independent"
16,7689,"independent"
10,7690,"independent"
24,7691,"independent"
18,7692,"independent"
22,7693,"independent"
16,7694,"independent"
14,7695,"independent"
14,7696,"independent"
22,7697,"independent"
26,7698,"independent"
10,7699,"independent"
12,7700,"independent"
12,7701,"independent"
12,7702,"independent"
16,7703,"independent"
8,7704,"independent"
22,7705,"independent"
24,7706,"independent"
16,7707,"independent"
12,7708,"independent"
18,7709,"independent"
6,7710,"independent"
10,7711,"independent"
18,7712,"independent"
18,7713,"independent"
24,7714,"independent"
18,7715,"independent"
12,7716,"independent"
14,7717,"independent"
16,7718,"independent"
14,7719,"independent"
18,7720,"independent"
16,7721,"independent"
18,7722,"independent"
12,7723,"independent"
18,7724,"independent"
14,7725,"independent"
16,7726,"independent"
20,7727,"independent"
16,7728,"independent"
20,7729,"independent"
10,7730,"independent"
12,7731,"independent"
12,7732,"independent"
14,7733,"independent"
18,7734,"independent"
16,7735,"independent"
14,7736,"independent"
14,7737,"independent"
16,7738,"independent"
12,7739,"independent"
14,7740,"independent"
14,7741,"independent"
14,7742,"independent"
12,7743,"independent"
10,7744,"independent"
16,7745,"independent"
10,7746,"independent"
22,7747,"independent"
16,7748,"independent"
12,7749,"independent"
14,7750,"independent"
12,7751,"independent"
16,7752,"independent"
16,7753,"independent"
16,7754,"independent"
14,7755,"independent"
16,7756,"independent"
18,7757,"independent"
12,7758,"independent"
8,7759,"independent"
8,7760,"independent"
18,7761,"independent"
12,7762,"independent"
14,7763,"independent"
14,7764,"independent"
12,7765,"independent"
20,7766,"independent"
18,7767,"independent"
20,7768,"independent"
16,7769,"independent"
14,7770,"independent"
8,7771,"independent"
20,7772,"independent"
16,7773,"independent"
12,7774,"independent"
14,7775,"independent"
20,7776,"independent"
24,7777,"independent"
22,7778,"independent"
16,7779,"independent"
14,7780,"independent"
24,7781,"independent"
12,7782,"independent"
6,7783,"independent"
10,7784,"independent"
12,7785,"independent"
14,7786,"independent"
10,7787,"independent"
12,7788,"independent"
16,7789,"independent"
14,7790,"independent"
12,7791,"independent"
22,7792,"independent"
18,7793,"independent"
14,7794,"independent"
16,7795,"independent"
14,7796,"independent"
16,7797,"independent"
22,7798,"independent"
18,7799,"independent"
18,7800,"independent"
16,7801,"independent"
18,7802,"independent"
14,7803,"independent"
6,7804,"independent"
20,7805,"independent"
18,7806,"independent"
22,7807,"independent"
12,7808,"independent"
16,7809,"independent"
16,7810,"independent"
8,7811,"independent"
12,7812,"independent"
16,7813,"independent"
20,7814,"independent"
10,7815,"independent"
12,7816,"independent"
20,7817,"independent"
18,7818,"independent"
18,7819,"independent"
12,7820,"independent"
16,7821,"independent"
10,7822,"independent"
16,7823,"independent"
8,7824,"independent"
8,7825,"independent"
14,7826,"independent"
16,7827,"independent"
22,7828,"independent"
18,7829,"independent"
12,7830,"independent"
12,7831,"independent"
18,7832,"independent"
20,7833,"independent"
12,7834,"independent"
14,7835,"independent"
18,7836,"independent"
22,7837,"independent"
8,7838,"independent"
20,7839,"independent"
16,7840,"independent"
18,7841,"independent"
18,7842,"independent"
14,7843,"independent"
20,7844,"independent"
18,7845,"independent"
16,7846,"independent"
10,7847,"independent"
14,7848,"independent"
18,7849,"independent"
16,7850,"independent"
14,7851,"independent"
14,7852,"independent"
20,7853,"independent"
16,7854,"independent"
14,7855,"independent"
12,7856,"independent"
14,7857,"independent"
14,7858,"independent"
12,7859,"independent"
14,7860,"independent"
16,7861,"independent"
16,7862,"independent"
14,7863,"independent"
16,7864,"independent"
10,7865,"independent"
12,7866,"independent"
14,7867,"independent"
20,7868,"independent"
16,7869,"independent"
14,7870,"independent"
20,7871,"independent"
10,7872,"independent"
28,7873,"independent"
16,7874,"independent"
18,7875,"independent"
18,7876,"independent"
16,7877,"independent"
14,7878,"independent"
12,7879,"independent"
18,7880,"independent"
22,7881,"independent"
16,7882,"independent"
16,7883,"independent"
18,7884,"independent"
16,7885,"independent"
12,7886,"independent"
18,7887,"independent"
18,7888,"independent"
14,7889,"independent"
20,7890,"independent"
22,7891,"independent"
16,7892,"independent"
14,7893,"independent"
8,7894,"independent"
14,7895,"independent"
16,7896,"independent"
18,7897,"independent"
18,7898,"independent"
14,7899,"independent"
20,7900,"independent"
20,7901,"independent"
12,7902,"independent"
14,7903,"independent"
18,7904,"independent"
14,7905,"independent"
16,7906,"independent"
18,7907,"independent"
16,7908,"independent"
24,7909,"independent"
20,7910,"independent"
20,7911,"independent"
14,7912,"independent"
14,7913,"independent"
12,7914,"independent"
12,7915,"independent"
18,7916,"independent"
10,7917,"independent"
12,7918,"independent"
16,7919,"independent"
16,7920,"independent"
18,7921,"independent"
14,7922,"independent"
20,7923,"independent"
10,7924,"independent"
12,7925,"independent"
12,7926,"independent"
20,7927,"independent"
14,7928,"independent"
16,7929,"independent"
18,7930,"independent"
14,7931,"independent"
12,7932,"independent"
20,7933,"independent"
14,7934,"independent"
12,7935,"independent"
14,7936,"independent"
6,7937,"independent"
16,7938,"independent"
16,7939,"independent"
20,7940,"independent"
16,7941,"independent"
12,7942,"independent"
14,7943,"independent"
14,7944,"independent"
18,7945,"independent"
16,7946,"independent"
8,7947,"independent"
20,7948,"independent"
10,7949,"independent"
16,7950,"independent"
16,7951,"independent"
18,7952,"independent"
18,7953,"independent"
12,7954,"independent"
20,7955,"independent"
22,7956,"independent"
6,7957,"independent"
14,7958,"independent"
16,7959,"independent"
16,7960,"independent"
16,7961,"independent"
8,7962,"independent"
20,7963,"independent"
16,7964,"independent"
18,7965,"independent"
8,7966,"independent"
16,7967,"independent"
16,7968,"independent"
8,7969,"independent"
20,7970,"independent"
14,7971,"independent"
22,7972,"independent"
16,7973,"independent"
22,7974,"independent"
22,7975,"independent"
18,7976,"independent"
14,7977,"independent"
16,7978,"independent"
12,7979,"independent"
14,7980,"independent"
12,7981,"independent"
14,7982,"independent"
16,7983,"independent"
22,7984,"independent"
24,7985,"independent"
20,7986,"independent"
16,7987,"independent"
8,7988,"independent"
18,7989,"independent"
20,7990,"independent"
10,7991,"independent"
12,7992,"independent"
14,7993,"independent"
18,7994,"independent"
22,7995,"independent"
14,7996,"independent"
14,7997,"independent"
14,7998,"independent"
14,7999,"independent"
22,8000,"independent"
14,8001,"independent"
20,8002,"independent"
18,8003,"independent"
18,8004,"independent"
18,8005,"independent"
20,8006,"independent"
22,8007,"independent"
16,8008,"independent"
18,8009,"independent"
18,8010,"independent"
18,8011,"independent"
10,8012,"independent"
14,8013,"independent"
14,8014,"independent"
14,8015,"independent"
10,8016,"independent"
14,8017,"independent"
14,8018,"independent"
20,8019,"independent"
20,8020,"independent"
16,8021,"independent"
14,8022,"independent"
12,8023,"independent"
10,8024,"independent"
12,8025,"independent"
16,8026,"independent"
14,8027,"independent"
20,8028,"independent"
14,8029,"independent"
16,8030,"independent"
20,8031,"independent"
24,8032,"independent"
16,8033,"independent"
20,8034,"independent"
12,8035,"independent"
18,8036,"independent"
14,8037,"independent"
12,8038,"independent"
12,8039,"independent"
14,8040,"independent"
14,8041,"independent"
14,8042,"independent"
14,8043,"independent"
14,8044,"independent"
14,8045,"independent"
16,8046,"independent"
18,8047,"independent"
14,8048,"independent"
18,8049,"independent"
24,8050,"independent"
14,8051,"independent"
18,8052,"independent"
14,8053,"independent"
18,8054,"independent"
16,8055,"independent"
16,8056,"independent"
12,8057,"independent"
18,8058,"independent"
8,8059,"independent"
16,8060,"independent"
16,8061,"independent"
14,8062,"independent"
14,8063,"independent"
20,8064,"independent"
16,8065,"independent"
18,8066,"independent"
10,8067,"independent"
14,8068,"independent"
16,8069,"independent"
14,8070,"independent"
12,8071,"independent"
18,8072,"independent"
18,8073,"independent"
18,8074,"independent"
16,8075,"independent"
12,8076,"independent"
14,8077,"independent"
10,8078,"independent"
14,8079,"independent"
20,8080,"independent"
16,8081,"independent"
22,8082,"independent"
16,8083,"independent"
12,8084,"independent"
16,8085,"independent"
8,8086,"independent"
10,8087,"independent"
14,8088,"independent"
10,8089,"independent"
12,8090,"independent"
16,8091,"independent"
10,8092,"independent"
18,8093,"independent"
24,8094,"independent"
24,8095,"independent"
18,8096,"independent"
18,8097,"independent"
12,8098,"independent"
12,8099,"independent"
10,8100,"independent"
10,8101,"independent"
16,8102,"independent"
14,8103,"independent"
10,8104,"independent"
16,8105,"independent"
14,8106,"independent"
6,8107,"independent"
14,8108,"independent"
18,8109,"independent"
18,8110,"independent"
22,8111,"independent"
10,8112,"independent"
24,8113,"independent"
10,8114,"independent"
20,8115,"independent"
12,8116,"independent"
16,8117,"independent"
16,8118,"independent"
20,8119,"independent"
20,8120,"independent"
18,8121,"independent"
16,8122,"independent"
14,8123,"independent"
16,8124,"independent"
18,8125,"independent"
14,8126,"independent"
8,8127,"independent"
10,8128,"independent"
18,8129,"independent"
16,8130,"independent"
24,8131,"independent"
18,8132,"independent"
16,8133,"independent"
14,8134,"independent"
14,8135,"independent"
12,8136,"independent"
16,8137,"independent"
16,8138,"independent"
18,8139,"independent"
12,8140,"independent"
16,8141,"independent"
22,8142,"independent"
20,8143,"independent"
18,8144,"independent"
20,8145,"independent"
16,8146,"independent"
10,8147,"independent"
16,8148,"independent"
16,8149,"independent"
16,8150,"independent"
18,8151,"independent"
6,8152,"independent"
16,8153,"independent"
16,8154,"independent"
16,8155,"independent"
14,8156,"independent"
10,8157,"independent"
12,8158,"independent"
14,8159,"independent"
20,8160,"independent"
14,8161,"independent"
14,8162,"independent"
12,8163,"independent"
14,8164,"independent"
8,8165,"independent"
14,8166,"independent"
16,8167,"independent"
16,8168,"independent"
16,8169,"independent"
20,8170,"independent"
20,8171,"independent"
18,8172,"independent"
16,8173,"independent"
10,8174,"independent"
14,8175,"independent"
16,8176,"independent"
12,8177,"independent"
12,8178,"independent"
18,8179,"independent"
16,8180,"independent"
16,8181,"independent"
16,8182,"independent"
16,8183,"independent"
12,8184,"independent"
16,8185,"independent"
14,8186,"independent"
20,8187,"independent"
8,8188,"independent"
14,8189,"independent"
18,8190,"independent"
18,8191,"independent"
12,8192,"independent"
18,8193,"independent"
18,8194,"independent"
18,8195,"independent"
18,8196,"independent"
16,8197,"independent"
12,8198,"independent"
16,8199,"independent"
18,8200,"independent"
16,8201,"independent"
10,8202,"independent"
16,8203,"independent"
12,8204,"independent"
14,8205,"independent"
20,8206,"independent"
16,8207,"independent"
14,8208,"independent"
20,8209,"independent"
22,8210,"independent"
18,8211,"independent"
12,8212,"independent"
16,8213,"independent"
16,8214,"independent"
8,8215,"independent"
18,8216,"independent"
14,8217,"independent"
14,8218,"independent"
16,8219,"independent"
14,8220,"independent"
14,8221,"independent"
10,8222,"independent"
20,8223,"independent"
6,8224,"independent"
16,8225,"independent"
18,8226,"independent"
16,8227,"independent"
14,8228,"independent"
18,8229,"independent"
12,8230,"independent"
12,8231,"independent"
16,8232,"independent"
22,8233,"independent"
16,8234,"independent"
20,8235,"independent"
14,8236,"independent"
14,8237,"independent"
10,8238,"independent"
6,8239,"independent"
18,8240,"independent"
22,8241,"independent"
12,8242,"independent"
16,8243,"independent"
20,8244,"independent"
16,8245,"independent"
14,8246,"independent"
20,8247,"independent"
18,8248,"independent"
16,8249,"independent"
14,8250,"independent"
20,8251,"independent"
18,8252,"independent"
20,8253,"independent"
18,8254,"independent"
8,8255,"independent"
16,8256,"independent"
14,8257,"independent"
18,8258,"independent"
12,8259,"independent"
18,8260,"independent"
14,8261,"independent"
14,8262,"independent"
10,8263,"independent"
20,8264,"independent"
12,8265,"independent"
16,8266,"independent"
20,8267,"independent"
22,8268,"independent"
20,8269,"independent"
18,8270,"independent"
20,8271,"independent"
16,8272,"independent"
18,8273,"independent"
18,8274,"independent"
12,8275,"independent"
16,8276,"independent"
8,8277,"independent"
18,8278,"independent"
16,8279,"independent"
14,8280,"independent"
16,8281,"independent"
18,8282,"independent"
12,8283,"independent"
14,8284,"independent"
18,8285,"independent"
16,8286,"independent"
16,8287,"independent"
18,8288,"independent"
20,8289,"independent"
12,8290,"independent"
10,8291,"independent"
12,8292,"independent"
22,8293,"independent"
18,8294,"independent"
10,8295,"independent"
12,8296,"independent"
18,8297,"independent"
20,8298,"independent"
22,8299,"independent"
10,8300,"independent"
14,8301,"independent"
20,8302,"independent"
16,8303,"independent"
14,8304,"independent"
12,8305,"independent"
12,8306,"independent"
4,8307,"independent"
20,8308,"independent"
14,8309,"independent"
10,8310,"independent"
16,8311,"independent"
18,8312,"independent"
14,8313,"independent"
12,8314,"independent"
10,8315,"independent"
20,8316,"independent"
16,8317,"independent"
16,8318,"independent"
14,8319,"independent"
14,8320,"independent"
8,8321,"independent"
20,8322,"independent"
20,8323,"independent"
22,8324,"independent"
20,8325,"independent"
16,8326,"independent"
18,8327,"independent"
14,8328,"independent"
10,8329,"independent"
18,8330,"independent"
18,8331,"independent"
12,8332,"independent"
12,8333,"independent"
14,8334,"independent"
20,8335,"independent"
16,8336,"independent"
14,8337,"independent"
20,8338,"independent"
16,8339,"independent"
16,8340,"independent"
16,8341,"independent"
18,8342,"independent"
24,8343,"independent"
16,8344,"independent"
20,8345,"independent"
16,8346,"independent"
16,8347,"independent"
12,8348,"independent"
14,8349,"independent"
18,8350,"independent"
20,8351,"independent"
10,8352,"independent"
18,8353,"independent"
16,8354,"independent"
18,8355,"independent"
18,8356,"independent"
20,8357,"independent"
10,8358,"independent"
14,8359,"independent"
24,8360,"independent"
14,8361,"independent"
16,8362,"independent"
16,8363,"independent"
16,8364,"independent"
16,8365,"independent"
16,8366,"independent"
20,8367,"independent"
20,8368,"independent"
12,8369,"independent"
20,8370,"independent"
16,8371,"independent"
16,8372,"independent"
18,8373,"independent"
12,8374,"independent"
26,8375,"independent"
18,8376,"independent"
28,8377,"independent"
20,8378,"independent"
24,8379,"independent"
12,8380,"independent"
10,8381,"independent"
20,8382,"independent"
16,8383,"independent"
24,8384,"independent"
16,8385,"independent"
12,8386,"independent"
12,8387,"independent"
20,8388,"independent"
24,8389,"independent"
22,8390,"independent"
20,8391,"independent"
20,8392,"independent"
12,8393,"independent"
16,8394,"independent"
16,8395,"independent"
18,8396,"independent"
16,8397,"independent"
18,8398,"independent"
16,8399,"independent"
10,8400,"independent"
16,8401,"independent"
14,8402,"independent"
18,8403,"independent"
10,8404,"independent"
14,8405,"independent"
14,8406,"independent"
10,8407,"independent"
12,8408,"independent"
14,8409,"independent"
16,8410,"independent"
16,8411,"independent"
16,8412,"independent"
16,8413,"independent"
18,8414,"independent"
20,8415,"independent"
14,8416,"independent"
10,8417,"independent"
16,8418,"independent"
12,8419,"independent"
26,8420,"independent"
12,8421,"independent"
10,8422,"independent"
14,8423,"independent"
16,8424,"independent"
12,8425,"independent"
18,8426,"independent"
20,8427,"independent"
16,8428,"independent"
16,8429,"independent"
20,8430,"independent"
14,8431,"independent"
14,8432,"independent"
18,8433,"independent"
12,8434,"independent"
22,8435,"independent"
18,8436,"independent"
16,8437,"independent"
18,8438,"independent"
10,8439,"independent"
18,8440,"independent"
18,8441,"independent"
20,8442,"independent"
12,8443,"independent"
18,8444,"independent"
18,8445,"independent"
12,8446,"independent"
20,8447,"independent"
18,8448,"independent"
18,8449,"independent"
18,8450,"independent"
22,8451,"independent"
12,8452,"independent"
22,8453,"independent"
12,8454,"independent"
20,8455,"independent"
16,8456,"independent"
22,8457,"independent"
14,8458,"independent"
14,8459,"independent"
18,8460,"independent"
16,8461,"independent"
18,8462,"independent"
22,8463,"independent"
20,8464,"independent"
12,8465,"independent"
10,8466,"independent"
18,8467,"independent"
22,8468,"independent"
12,8469,"independent"
14,8470,"independent"
12,8471,"independent"
18,8472,"independent"
12,8473,"independent"
16,8474,"independent"
14,8475,"independent"
16,8476,"independent"
18,8477,"independent"
20,8478,"independent"
18,8479,"independent"
10,8480,"independent"
20,8481,"independent"
14,8482,"independent"
10,8483,"independent"
8,8484,"independent"
18,8485,"independent"
10,8486,"independent"
22,8487,"independent"
18,8488,"independent"
12,8489,"independent"
12,8490,"independent"
16,8491,"independent"
12,8492,"independent"
18,8493,"independent"
14,8494,"independent"
14,8495,"independent"
16,8496,"independent"
14,8497,"independent"
18,8498,"independent"
16,8499,"independent"
12,8500,"independent"
18,8501,"independent"
16,8502,"independent"
10,8503,"independent"
16,8504,"independent"
16,8505,"independent"
14,8506,"independent"
12,8507,"independent"
14,8508,"independent"
16,8509,"independent"
18,8510,"independent"
20,8511,"independent"
14,8512,"independent"
14,8513,"independent"
12,8514,"independent"
20,8515,"independent"
16,8516,"independent"
20,8517,"independent"
16,8518,"independent"
18,8519,"independent"
12,8520,"independent"
22,8521,"independent"
16,8522,"independent"
18,8523,"independent"
22,8524,"independent"
20,8525,"independent"
16,8526,"independent"
16,8527,"independent"
16,8528,"independent"
18,8529,"independent"
14,8530,"independent"
18,8531,"independent"
10,8532,"independent"
18,8533,"independent"
18,8534,"independent"
20,8535,"independent"
18,8536,"independent"
18,8537,"independent"
20,8538,"independent"
16,8539,"independent"
20,8540,"independent"
12,8541,"independent"
22,8542,"independent"
14,8543,"independent"
16,8544,"independent"
10,8545,"independent"
12,8546,"independent"
20,8547,"independent"
16,8548,"independent"
12,8549,"independent"
14,8550,"independent"
16,8551,"independent"
14,8552,"independent"
8,8553,"independent"
14,8554,"independent"
18,8555,"independent"
16,8556,"independent"
18,8557,"independent"
14,8558,"independent"
16,8559,"independent"
16,8560,"independent"
14,8561,"independent"
16,8562,"independent"
20,8563,"independent"
16,8564,"independent"
16,8565,"independent"
18,8566,"independent"
20,8567,"independent"
14,8568,"independent"
18,8569,"independent"
16,8570,"independent"
18,8571,"independent"
12,8572,"independent"
18,8573,"independent"
22,8574,"independent"
16,8575,"independent"
10,8576,"independent"
12,8577,"independent"
18,8578,"independent"
14,8579,"independent"
6,8580,"independent"
18,8581,"independent"
12,8582,"independent"
18,8583,"independent"
18,8584,"independent"
18,8585,"independent"
18,8586,"independent"
12,8587,"independent"
16,8588,"independent"
12,8589,"independent"
16,8590,"independent"
14,8591,"independent"
22,8592,"independent"
20,8593,"independent"
16,8594,"independent"
16,8595,"independent"
14,8596,"independent"
18,8597,"independent"
16,8598,"independent"
16,8599,"independent"
10,8600,"independent"
16,8601,"independent"
16,8602,"independent"
12,8603,"independent"
12,8604,"independent"
14,8605,"independent"
10,8606,"independent"
14,8607,"independent"
20,8608,"independent"
18,8609,"independent"
20,8610,"independent"
10,8611,"independent"
14,8612,"independent"
18,8613,"independent"
8,8614,"independent"
10,8615,"independent"
14,8616,"independent"
18,8617,"independent"
16,8618,"independent"
16,8619,"independent"
8,8620,"independent"
14,8621,"independent"
16,8622,"independent"
10,8623,"independent"
16,8624,"independent"
16,8625,"independent"
18,8626,"independent"
18,8627,"independent"
16,8628,"independent"
18,8629,"independent"
12,8630,"independent"
8,8631,"independent"
10,8632,"independent"
14,8633,"independent"
18,8634,"independent"
12,8635,"independent"
16,8636,"independent"
16,8637,"independent"
18,8638,"independent"
18,8639,"independent"
22,8640,"independent"
14,8641,"independent"
10,8642,"independent"
18,8643,"independent"
12,8644,"independent"
14,8645,"independent"
10,8646,"independent"
20,8647,"independent"
16,8648,"independent"
16,8649,"independent"
18,8650,"independent"
12,8651,"independent"
14,8652,"independent"
20,8653,"independent"
16,8654,"independent"
10,8655,"independent"
18,8656,"independent"
14,8657,"independent"
16,8658,"independent"
18,8659,"independent"
16,8660,"independent"
12,8661,"independent"
14,8662,"independent"
18,8663,"independent"
16,8664,"independent"
16,8665,"independent"
22,8666,"independent"
6,8667,"independent"
10,8668,"independent"
16,8669,"independent"
16,8670,"independent"
10,8671,"independent"
16,8672,"independent"
16,8673,"independent"
22,8674,"independent"
16,8675,"independent"
16,8676,"independent"
22,8677,"independent"
20,8678,"independent"
14,8679,"independent"
24,8680,"independent"
18,8681,"independent"
20,8682,"independent"
20,8683,"independent"
10,8684,"independent"
16,8685,"independent"
16,8686,"independent"
12,8687,"independent"
20,8688,"independent"
14,8689,"independent"
16,8690,"independent"
18,8691,"independent"
18,8692,"independent"
16,8693,"independent"
18,8694,"independent"
14,8695,"independent"
16,8696,"independent"
14,8697,"independent"
12,8698,"independent"
8,8699,"independent"
18,8700,"independent"
22,8701,"independent"
22,8702,"independent"
14,8703,"independent"
14,8704,"independent"
16,8705,"independent"
16,8706,"independent"
14,8707,"independent"
10,8708,"independent"
12,8709,"independent"
10,8710,"independent"
16,8711,"independent"
16,8712,"independent"
16,8713,"independent"
16,8714,"independent"
12,8715,"independent"
16,8716,"independent"
14,8717,"independent"
14,8718,"independent"
16,8719,"independent"
16,8720,"independent"
16,8721,"independent"
14,8722,"independent"
18,8723,"independent"
14,8724,"independent"
12,8725,"independent"
14,8726,"independent"
8,8727,"independent"
10,8728,"independent"
12,8729,"independent"
20,8730,"independent"
16,8731,"independent"
12,8732,"independent"
10,8733,"independent"
8,8734,"independent"
14,8735,"independent"
12,8736,"independent"
6,8737,"independent"
14,8738,"independent"
8,8739,"independent"
20,8740,"independent"
16,8741,"independent"
16,8742,"independent"
18,8743,"independent"
16,8744,"independent"
14,8745,"independent"
10,8746,"independent"
14,8747,"independent"
12,8748,"independent"
18,8749,"independent"
18,8750,"independent"
12,8751,"independent"
20,8752,"independent"
8,8753,"independent"
22,8754,"independent"
22,8755,"independent"
14,8756,"independent"
20,8757,"independent"
18,8758,"independent"
14,8759,"independent"
16,8760,"independent"
18,8761,"independent"
18,8762,"independent"
10,8763,"independent"
10,8764,"independent"
18,8765,"independent"
12,8766,"independent"
16,8767,"independent"
18,8768,"independent"
10,8769,"independent"
16,8770,"independent"
14,8771,"independent"
20,8772,"independent"
8,8773,"independent"
10,8774,"independent"
8,8775,"independent"
14,8776,"independent"
18,8777,"independent"
18,8778,"independent"
10,8779,"independent"
22,8780,"independent"
20,8781,"independent"
12,8782,"independent"
10,8783,"independent"
16,8784,"independent"
12,8785,"independent"
16,8786,"independent"
14,8787,"independent"
12,8788,"independent"
10,8789,"independent"
18,8790,"independent"
18,8791,"independent"
20,8792,"independent"
12,8793,"independent"
12,8794,"independent"
22,8795,"independent"
14,8796,"independent"
14,8797,"independent"
18,8798,"independent"
18,8799,"independent"
16,8800,"independent"
12,8801,"independent"
16,8802,"independent"
18,8803,"independent"
18,8804,"independent"
12,8805,"independent"
18,8806,"independent"
22,8807,"independent"
14,8808,"independent"
10,8809,"independent"
22,8810,"independent"
20,8811,"independent"
20,8812,"independent"
12,8813,"independent"
12,8814,"independent"
16,8815,"independent"
14,8816,"independent"
10,8817,"independent"
18,8818,"independent"
16,8819,"independent"
16,8820,"independent"
12,8821,"independent"
20,8822,"independent"
14,8823,"independent"
20,8824,"independent"
16,8825,"independent"
14,8826,"independent"
16,8827,"independent"
12,8828,"independent"
18,8829,"independent"
14,8830,"independent"
12,8831,"independent"
12,8832,"independent"
20,8833,"independent"
16,8834,"independent"
16,8835,"independent"
8,8836,"independent"
18,8837,"independent"
16,8838,"independent"
18,8839,"independent"
18,8840,"independent"
18,8841,"independent"
18,8842,"independent"
14,8843,"independent"
14,8844,"independent"
14,8845,"independent"
16,8846,"independent"
8,8847,"independent"
20,8848,"independent"
20,8849,"independent"
14,8850,"independent"
18,8851,"independent"
22,8852,"independent"
12,8853,"independent"
16,8854,"independent"
18,8855,"independent"
24,8856,"independent"
22,8857,"independent"
14,8858,"independent"
12,8859,"independent"
12,8860,"independent"
10,8861,"independent"
10,8862,"independent"
12,8863,"independent"
16,8864,"independent"
14,8865,"independent"
16,8866,"independent"
18,8867,"independent"
10,8868,"independent"
20,8869,"independent"
10,8870,"independent"
16,8871,"independent"
16,8872,"independent"
16,8873,"independent"
12,8874,"independent"
14,8875,"independent"
14,8876,"independent"
18,8877,"independent"
18,8878,"independent"
12,8879,"independent"
18,8880,"independent"
16,8881,"independent"
14,8882,"independent"
14,8883,"independent"
18,8884,"independent"
14,8885,"independent"
20,8886,"independent"
10,8887,"independent"
12,8888,"independent"
14,8889,"independent"
18,8890,"independent"
12,8891,"independent"
16,8892,"independent"
16,8893,"independent"
8,8894,"independent"
10,8895,"independent"
14,8896,"independent"
18,8897,"independent"
14,8898,"independent"
10,8899,"independent"
20,8900,"independent"
16,8901,"independent"
14,8902,"independent"
10,8903,"independent"
12,8904,"independent"
6,8905,"independent"
18,8906,"independent"
22,8907,"independent"
18,8908,"independent"
10,8909,"independent"
12,8910,"independent"
10,8911,"independent"
14,8912,"independent"
10,8913,"independent"
10,8914,"independent"
12,8915,"independent"
16,8916,"independent"
16,8917,"independent"
18,8918,"independent"
14,8919,"independent"
12,8920,"independent"
18,8921,"independent"
18,8922,"independent"
16,8923,"independent"
10,8924,"independent"
12,8925,"independent"
18,8926,"independent"
10,8927,"independent"
14,8928,"independent"
16,8929,"independent"
10,8930,"independent"
14,8931,"independent"
14,8932,"independent"
18,8933,"independent"
12,8934,"independent"
12,8935,"independent"
14,8936,"independent"
20,8937,"independent"
12,8938,"independent"
14,8939,"independent"
16,8940,"independent"
16,8941,"independent"
14,8942,"independent"
12,8943,"independent"
14,8944,"independent"
16,8945,"independent"
20,8946,"independent"
22,8947,"independent"
16,8948,"independent"
18,8949,"independent"
18,8950,"independent"
18,8951,"independent"
20,8952,"independent"
22,8953,"independent"
12,8954,"independent"
14,8955,"independent"
14,8956,"independent"
20,8957,"independent"
18,8958,"independent"
10,8959,"independent"
14,8960,"independent"
18,8961,"independent"
18,8962,"independent"
16,8963,"independent"
14,8964,"independent"
16,8965,"independent"
20,8966,"independent"
22,8967,"independent"
14,8968,"independent"
16,8969,"independent"
20,8970,"independent"
18,8971,"independent"
18,8972,"independent"
18,8973,"independent"
18,8974,"independent"
18,8975,"independent"
20,8976,"independent"
18,8977,"independent"
18,8978,"independent"
16,8979,"independent"
14,8980,"independent"
18,8981,"independent"
12,8982,"independent"
12,8983,"independent"
18,8984,"independent"
20,8985,"independent"
14,8986,"independent"
16,8987,"independent"
14,8988,"independent"
10,8989,"independent"
18,8990,"independent"
18,8991,"independent"
20,8992,"independent"
12,8993,"independent"
12,8994,"independent"
14,8995,"independent"
14,8996,"independent"
16,8997,"independent"
16,8998,"independent"
8,8999,"independent"
16,9000,"independent"
16,9001,"independent"
28,1,"dependent"
26,2,"dependent"
24,3,"dependent"
26,4,"dependent"
22,5,"dependent"
24,6,"dependent"
30,7,"dependent"
26,8,"dependent"
26,9,"dependent"
24,10,"dependent"
28,11,"dependent"
20,12,"dependent"
32,13,"dependent"
26,14,"dependent"
20,15,"dependent"
26,16,"dependent"
26,17,"dependent"
22,18,"dependent"
30,19,"dependent"
28,20,"dependent"
24,21,"dependent"
32,22,"dependent"
30,23,"dependent"
32,24,"dependent"
26,25,"dependent"
26,26,"dependent"
30,27,"dependent"
24,28,"dependent"
24,29,"dependent"
30,30,"dependent"
24,31,"dependent"
22,32,"dependent"
26,33,"dependent"
28,34,"dependent"
24,35,"dependent"
32,36,"dependent"
34,37,"dependent"
22,38,"dependent"
24,39,"dependent"
26,40,"dependent"
26,41,"dependent"
32,42,"dependent"
28,43,"dependent"
24,44,"dependent"
28,45,"dependent"
28,46,"dependent"
26,47,"dependent"
26,48,"dependent"
26,49,"dependent"
28,50,"dependent"
22,51,"dependent"
24,52,"dependent"
24,53,"dependent"
28,54,"dependent"
26,55,"dependent"
22,56,"dependent"
32,57,"dependent"
16,58,"dependent"
24,59,"dependent"
28,60,"dependent"
22,61,"dependent"
22,62,"dependent"
26,63,"dependent"
28,64,"dependent"
26,65,"dependent"
30,66,"dependent"
26,67,"dependent"
30,68,"dependent"
30,69,"dependent"
28,70,"dependent"
24,71,"dependent"
20,72,"dependent"
28,73,"dependent"
30,74,"dependent"
24,75,"dependent"
28,76,"dependent"
22,77,"dependent"
30,78,"dependent"
26,79,"dependent"
28,80,"dependent"
32,81,"dependent"
30,82,"dependent"
32,83,"dependent"
30,84,"dependent"
28,85,"dependent"
26,86,"dependent"
30,87,"dependent"
22,88,"dependent"
20,89,"dependent"
24,90,"dependent"
26,91,"dependent"
28,92,"dependent"
26,93,"dependent"
28,94,"dependent"
20,95,"dependent"
28,96,"dependent"
34,97,"dependent"
20,98,"dependent"
28,99,"dependent"
22,100,"dependent"
26,101,"dependent"
26,102,"dependent"
24,103,"dependent"
24,104,"dependent"
30,105,"dependent"
28,106,"dependent"
32,107,"dependent"
26,108,"dependent"
22,109,"dependent"
28,110,"dependent"
24,111,"dependent"
28,112,"dependent"
22,113,"dependent"
28,114,"dependent"
24,115,"dependent"
32,116,"dependent"
26,117,"dependent"
26,118,"dependent"
30,119,"dependent"
24,120,"dependent"
22,121,"dependent"
26,122,"dependent"
22,123,"dependent"
30,124,"dependent"
28,125,"dependent"
28,126,"dependent"
20,127,"dependent"
28,128,"dependent"
26,129,"dependent"
20,130,"dependent"
22,131,"dependent"
24,132,"dependent"
30,133,"dependent"
28,134,"dependent"
26,135,"dependent"
34,136,"dependent"
22,137,"dependent"
30,138,"dependent"
30,139,"dependent"
28,140,"dependent"
28,141,"dependent"
30,142,"dependent"
30,143,"dependent"
24,144,"dependent"
32,145,"dependent"
26,146,"dependent"
30,147,"dependent"
26,148,"dependent"
26,149,"dependent"
20,150,"dependent"
26,151,"dependent"
28,152,"dependent"
30,153,"dependent"
32,154,"dependent"
22,155,"dependent"
28,156,"dependent"
22,157,"dependent"
24,158,"dependent"
32,159,"dependent"
28,160,"dependent"
28,161,"dependent"
30,162,"dependent"
30,163,"dependent"
28,164,"dependent"
30,165,"dependent"
26,166,"dependent"
22,167,"dependent"
30,168,"dependent"
26,169,"dependent"
30,170,"dependent"
28,171,"dependent"
24,172,"dependent"
26,173,"dependent"
22,174,"dependent"
30,175,"dependent"
24,176,"dependent"
32,177,"dependent"
22,178,"dependent"
26,179,"dependent"
22,180,"dependent"
24,181,"dependent"
30,182,"dependent"
24,183,"dependent"
30,184,"dependent"
26,185,"dependent"
30,186,"dependent"
28,187,"dependent"
28,188,"dependent"
26,189,"dependent"
22,190,"dependent"
18,191,"dependent"
24,192,"dependent"
32,193,"dependent"
28,194,"dependent"
30,195,"dependent"
28,196,"dependent"
32,197,"dependent"
26,198,"dependent"
26,199,"dependent"
30,200,"dependent"
32,201,"dependent"
28,202,"dependent"
32,203,"dependent"
26,204,"dependent"
28,205,"dependent"
26,206,"dependent"
30,207,"dependent"
26,208,"dependent"
26,209,"dependent"
22,210,"dependent"
28,211,"dependent"
20,212,"dependent"
28,213,"dependent"
24,214,"dependent"
32,215,"dependent"
28,216,"dependent"
26,217,"dependent"
28,218,"dependent"
30,219,"dependent"
32,220,"dependent"
26,221,"dependent"
24,222,"dependent"
28,223,"dependent"
22,224,"dependent"
28,225,"dependent"
24,226,"dependent"
22,227,"dependent"
30,228,"dependent"
28,229,"dependent"
24,230,"dependent"
28,231,"dependent"
26,232,"dependent"
32,233,"dependent"
24,234,"dependent"
26,235,"dependent"
22,236,"dependent"
34,237,"dependent"
30,238,"dependent"
34,239,"dependent"
26,240,"dependent"
26,241,"dependent"
28,242,"dependent"
26,243,"dependent"
24,244,"dependent"
28,245,"dependent"
28,246,"dependent"
28,247,"dependent"
26,248,"dependent"
26,249,"dependent"
30,250,"dependent"
30,251,"dependent"
28,252,"dependent"
26,253,"dependent"
28,254,"dependent"
24,255,"dependent"
26,256,"dependent"
22,257,"dependent"
24,258,"dependent"
26,259,"dependent"
26,260,"dependent"
30,261,"dependent"
32,262,"dependent"
30,263,"dependent"
20,264,"dependent"
28,265,"dependent"
26,266,"dependent"
28,267,"dependent"
30,268,"dependent"
30,269,"dependent"
26,270,"dependent"
22,271,"dependent"
26,272,"dependent"
28,273,"dependent"
22,274,"dependent"
28,275,"dependent"
26,276,"dependent"
26,277,"dependent"
30,278,"dependent"
24,279,"dependent"
30,280,"dependent"
28,281,"dependent"
22,282,"dependent"
24,283,"dependent"
20,284,"dependent"
26,285,"dependent"
26,286,"dependent"
24,287,"dependent"
24,288,"dependent"
30,289,"dependent"
26,290,"dependent"
28,291,"dependent"
30,292,"dependent"
28,293,"dependent"
26,294,"dependent"
32,295,"dependent"
28,296,"dependent"
24,297,"dependent"
26,298,"dependent"
24,299,"dependent"
28,300,"dependent"
28,301,"dependent"
22,302,"dependent"
24,303,"dependent"
28,304,"dependent"
34,305,"dependent"
30,306,"dependent"
28,307,"dependent"
26,308,"dependent"
30,309,"dependent"
26,310,"dependent"
26,311,"dependent"
30,312,"dependent"
22,313,"dependent"
30,314,"dependent"
26,315,"dependent"
22,316,"dependent"
30,317,"dependent"
26,318,"dependent"
22,319,"dependent"
26,320,"dependent"
26,321,"dependent"
20,322,"dependent"
28,323,"dependent"
22,324,"dependent"
32,325,"dependent"
30,326,"dependent"
26,327,"dependent"
34,328,"dependent"
16,329,"dependent"
32,330,"dependent"
28,331,"dependent"
32,332,"dependent"
22,333,"dependent"
28,334,"dependent"
24,335,"dependent"
28,336,"dependent"
26,337,"dependent"
22,338,"dependent"
24,339,"dependent"
26,340,"dependent"
22,341,"dependent"
24,342,"dependent"
34,343,"dependent"
26,344,"dependent"
28,345,"dependent"
26,346,"dependent"
26,347,"dependent"
26,348,"dependent"
30,349,"dependent"
24,350,"dependent"
26,351,"dependent"
24,352,"dependent"
28,353,"dependent"
26,354,"dependent"
28,355,"dependent"
32,356,"dependent"
30,357,"dependent"
28,358,"dependent"
28,359,"dependent"
28,360,"dependent"
24,361,"dependent"
24,362,"dependent"
28,363,"dependent"
28,364,"dependent"
30,365,"dependent"
30,366,"dependent"
28,367,"dependent"
28,368,"dependent"
26,369,"dependent"
28,370,"dependent"
26,371,"dependent"
26,372,"dependent"
32,373,"dependent"
24,374,"dependent"
26,375,"dependent"
18,376,"dependent"
24,377,"dependent"
24,378,"dependent"
26,379,"dependent"
26,380,"dependent"
32,381,"dependent"
32,382,"dependent"
28,383,"dependent"
22,384,"dependent"
34,385,"dependent"
26,386,"dependent"
32,387,"dependent"
32,388,"dependent"
28,389,"dependent"
26,390,"dependent"
22,391,"dependent"
28,392,"dependent"
28,393,"dependent"
26,394,"dependent"
26,395,"dependent"
28,396,"dependent"
24,397,"dependent"
28,398,"dependent"
20,399,"dependent"
28,400,"dependent"
28,401,"dependent"
24,402,"dependent"
24,403,"dependent"
22,404,"dependent"
34,405,"dependent"
28,406,"dependent"
32,407,"dependent"
28,408,"dependent"
24,409,"dependent"
26,410,"dependent"
28,411,"dependent"
28,412,"dependent"
32,413,"dependent"
26,414,"dependent"
28,415,"dependent"
24,416,"dependent"
26,417,"dependent"
20,418,"dependent"
26,419,"dependent"
20,420,"dependent"
24,421,"dependent"
24,422,"dependent"
28,423,"dependent"
32,424,"dependent"
26,425,"dependent"
26,426,"dependent"
26,427,"dependent"
26,428,"dependent"
30,429,"dependent"
24,430,"dependent"
24,431,"dependent"
30,432,"dependent"
26,433,"dependent"
24,434,"dependent"
30,435,"dependent"
24,436,"dependent"
22,437,"dependent"
32,438,"dependent"
26,439,"dependent"
28,440,"dependent"
32,441,"dependent"
22,442,"dependent"
26,443,"dependent"
28,444,"dependent"
28,445,"dependent"
30,446,"dependent"
28,447,"dependent"
28,448,"dependent"
28,449,"dependent"
26,450,"dependent"
28,451,"dependent"
30,452,"dependent"
24,453,"dependent"
26,454,"dependent"
32,455,"dependent"
28,456,"dependent"
28,457,"dependent"
26,458,"dependent"
26,459,"dependent"
28,460,"dependent"
34,461,"dependent"
22,462,"dependent"
26,463,"dependent"
28,464,"dependent"
30,465,"dependent"
30,466,"dependent"
28,467,"dependent"
24,468,"dependent"
28,469,"dependent"
30,470,"dependent"
30,471,"dependent"
30,472,"dependent"
30,473,"dependent"
26,474,"dependent"
24,475,"dependent"
26,476,"dependent"
30,477,"dependent"
30,478,"dependent"
26,479,"dependent"
30,480,"dependent"
26,481,"dependent"
28,482,"dependent"
24,483,"dependent"
26,484,"dependent"
28,485,"dependent"
28,486,"dependent"
24,487,"dependent"
26,488,"dependent"
32,489,"dependent"
32,490,"dependent"
34,491,"dependent"
24,492,"dependent"
36,493,"dependent"
26,494,"dependent"
24,495,"dependent"
30,496,"dependent"
32,497,"dependent"
26,498,"dependent"
28,499,"dependent"
22,500,"dependent"
30,501,"dependent"
24,502,"dependent"
28,503,"dependent"
28,504,"dependent"
24,505,"dependent"
28,506,"dependent"
28,507,"dependent"
30,508,"dependent"
30,509,"dependent"
22,510,"dependent"
26,511,"dependent"
26,512,"dependent"
18,513,"dependent"
16,514,"dependent"
28,515,"dependent"
28,516,"dependent"
24,517,"dependent"
32,518,"dependent"
30,519,"dependent"
26,520,"dependent"
28,521,"dependent"
20,522,"dependent"
28,523,"dependent"
28,524,"dependent"
20,525,"dependent"
26,526,"dependent"
26,527,"dependent"
24,528,"dependent"
24,529,"dependent"
26,530,"dependent"
34,531,"dependent"
30,532,"dependent"
30,533,"dependent"
28,534,"dependent"
20,535,"dependent"
26,536,"dependent"
28,537,"dependent"
24,538,"dependent"
24,539,"dependent"
24,540,"dependent"
30,541,"dependent"
26,542,"dependent"
22,543,"dependent"
26,544,"dependent"
26,545,"dependent"
26,546,"dependent"
30,547,"dependent"
28,548,"dependent"
24,549,"dependent"
22,550,"dependent"
26,551,"dependent"
32,552,"dependent"
28,553,"dependent"
28,554,"dependent"
22,555,"dependent"
24,556,"dependent"
26,557,"dependent"
30,558,"dependent"
20,559,"dependent"
26,560,"dependent"
30,561,"dependent"
24,562,"dependent"
30,563,"dependent"
32,564,"dependent"
28,565,"dependent"
26,566,"dependent"
28,567,"dependent"
22,568,"dependent"
28,569,"dependent"
26,570,"dependent"
28,571,"dependent"
18,572,"dependent"
24,573,"dependent"
30,574,"dependent"
24,575,"dependent"
20,576,"dependent"
28,577,"dependent"
28,578,"dependent"
28,579,"dependent"
26,580,"dependent"
32,581,"dependent"
26,582,"dependent"
30,583,"dependent"
22,584,"dependent"
26,585,"dependent"
26,586,"dependent"
30,587,"dependent"
22,588,"dependent"
26,589,"dependent"
24,590,"dependent"
30,591,"dependent"
34,592,"dependent"
30,593,"dependent"
26,594,"dependent"
30,595,"dependent"
18,596,"dependent"
26,597,"dependent"
24,598,"dependent"
28,599,"dependent"
26,600,"dependent"
28,601,"dependent"
28,602,"dependent"
22,603,"dependent"
24,604,"dependent"
26,605,"dependent"
28,606,"dependent"
26,607,"dependent"
26,608,"dependent"
20,609,"dependent"
26,610,"dependent"
20,611,"dependent"
32,612,"dependent"
26,613,"dependent"
22,614,"dependent"
30,615,"dependent"
28,616,"dependent"
26,617,"dependent"
24,618,"dependent"
28,619,"dependent"
18,620,"dependent"
22,621,"dependent"
26,622,"dependent"
28,623,"dependent"
32,624,"dependent"
26,625,"dependent"
32,626,"dependent"
32,627,"dependent"
30,628,"dependent"
30,629,"dependent"
26,630,"dependent"
20,631,"dependent"
28,632,"dependent"
32,633,"dependent"
26,634,"dependent"
26,635,"dependent"
28,636,"dependent"
28,637,"dependent"
24,638,"dependent"
24,639,"dependent"
26,640,"dependent"
26,641,"dependent"
30,642,"dependent"
30,643,"dependent"
32,644,"dependent"
30,645,"dependent"
22,646,"dependent"
26,647,"dependent"
24,648,"dependent"
26,649,"dependent"
28,650,"dependent"
30,651,"dependent"
28,652,"dependent"
26,653,"dependent"
34,654,"dependent"
32,655,"dependent"
34,656,"dependent"
30,657,"dependent"
24,658,"dependent"
28,659,"dependent"
24,660,"dependent"
28,661,"dependent"
24,662,"dependent"
26,663,"dependent"
24,664,"dependent"
26,665,"dependent"
30,666,"dependent"
28,667,"dependent"
28,668,"dependent"
24,669,"dependent"
28,670,"dependent"
24,671,"dependent"
26,672,"dependent"
32,673,"dependent"
26,674,"dependent"
28,675,"dependent"
26,676,"dependent"
28,677,"dependent"
24,678,"dependent"
24,679,"dependent"
30,680,"dependent"
22,681,"dependent"
28,682,"dependent"
26,683,"dependent"
24,684,"dependent"
24,685,"dependent"
24,686,"dependent"
22,687,"dependent"
30,688,"dependent"
20,689,"dependent"
30,690,"dependent"
30,691,"dependent"
30,692,"dependent"
28,693,"dependent"
28,694,"dependent"
34,695,"dependent"
28,696,"dependent"
22,697,"dependent"
18,698,"dependent"
28,699,"dependent"
24,700,"dependent"
34,701,"dependent"
22,702,"dependent"
24,703,"dependent"
28,704,"dependent"
28,705,"dependent"
30,706,"dependent"
26,707,"dependent"
30,708,"dependent"
30,709,"dependent"
32,710,"dependent"
36,711,"dependent"
32,712,"dependent"
26,713,"dependent"
24,714,"dependent"
26,715,"dependent"
28,716,"dependent"
24,717,"dependent"
24,718,"dependent"
28,719,"dependent"
28,720,"dependent"
28,721,"dependent"
18,722,"dependent"
24,723,"dependent"
26,724,"dependent"
30,725,"dependent"
30,726,"dependent"
28,727,"dependent"
24,728,"dependent"
32,729,"dependent"
30,730,"dependent"
28,731,"dependent"
32,732,"dependent"
26,733,"dependent"
28,734,"dependent"
26,735,"dependent"
32,736,"dependent"
30,737,"dependent"
26,738,"dependent"
26,739,"dependent"
26,740,"dependent"
28,741,"dependent"
24,742,"dependent"
24,743,"dependent"
22,744,"dependent"
24,745,"dependent"
32,746,"dependent"
28,747,"dependent"
28,748,"dependent"
28,749,"dependent"
30,750,"dependent"
28,751,"dependent"
24,752,"dependent"
26,753,"dependent"
28,754,"dependent"
28,755,"dependent"
30,756,"dependent"
30,757,"dependent"
30,758,"dependent"
26,759,"dependent"
32,760,"dependent"
30,761,"dependent"
28,762,"dependent"
28,763,"dependent"
26,764,"dependent"
30,765,"dependent"
24,766,"dependent"
26,767,"dependent"
26,768,"dependent"
24,769,"dependent"
30,770,"dependent"
24,771,"dependent"
26,772,"dependent"
28,773,"dependent"
32,774,"dependent"
26,775,"dependent"
22,776,"dependent"
26,777,"dependent"
28,778,"dependent"
30,779,"dependent"
28,780,"dependent"
22,781,"dependent"
28,782,"dependent"
26,783,"dependent"
24,784,"dependent"
26,785,"dependent"
28,786,"dependent"
30,787,"dependent"
26,788,"dependent"
28,789,"dependent"
22,790,"dependent"
22,791,"dependent"
26,792,"dependent"
30,793,"dependent"
16,794,"dependent"
28,795,"dependent"
26,796,"dependent"
30,797,"dependent"
28,798,"dependent"
26,799,"dependent"
22,800,"dependent"
32,801,"dependent"
28,802,"dependent"
28,803,"dependent"
28,804,"dependent"
32,805,"dependent"
24,806,"dependent"
26,807,"dependent"
26,808,"dependent"
30,809,"dependent"
28,810,"dependent"
28,811,"dependent"
24,812,"dependent"
28,813,"dependent"
26,814,"dependent"
32,815,"dependent"
22,816,"dependent"
30,817,"dependent"
30,818,"dependent"
28,819,"dependent"
30,820,"dependent"
28,821,"dependent"
24,822,"dependent"
24,823,"dependent"
26,824,"dependent"
32,825,"dependent"
26,826,"dependent"
30,827,"dependent"
28,828,"dependent"
22,829,"dependent"
26,830,"dependent"
22,831,"dependent"
22,832,"dependent"
30,833,"dependent"
26,834,"dependent"
26,835,"dependent"
26,836,"dependent"
28,837,"dependent"
24,838,"dependent"
24,839,"dependent"
26,840,"dependent"
28,841,"dependent"
28,842,"dependent"
22,843,"dependent"
28,844,"dependent"
24,845,"dependent"
26,846,"dependent"
28,847,"dependent"
30,848,"dependent"
28,849,"dependent"
28,850,"dependent"
22,851,"dependent"
26,852,"dependent"
22,853,"dependent"
24,854,"dependent"
32,855,"dependent"
26,856,"dependent"
24,857,"dependent"
26,858,"dependent"
30,859,"dependent"
24,860,"dependent"
30,861,"dependent"
26,862,"dependent"
14,863,"dependent"
22,864,"dependent"
28,865,"dependent"
26,866,"dependent"
30,867,"dependent"
26,868,"dependent"
24,869,"dependent"
28,870,"dependent"
28,871,"dependent"
28,872,"dependent"
28,873,"dependent"
30,874,"dependent"
30,875,"dependent"
20,876,"dependent"
26,877,"dependent"
24,878,"dependent"
28,879,"dependent"
28,880,"dependent"
24,881,"dependent"
32,882,"dependent"
32,883,"dependent"
30,884,"dependent"
28,885,"dependent"
26,886,"dependent"
26,887,"dependent"
28,888,"dependent"
24,889,"dependent"
18,890,"dependent"
28,891,"dependent"
20,892,"dependent"
28,893,"dependent"
30,894,"dependent"
28,895,"dependent"
22,896,"dependent"
26,897,"dependent"
26,898,"dependent"
32,899,"dependent"
24,900,"dependent"
28,901,"dependent"
24,902,"dependent"
20,903,"dependent"
26,904,"dependent"
22,905,"dependent"
24,906,"dependent"
24,907,"dependent"
30,908,"dependent"
32,909,"dependent"
26,910,"dependent"
28,911,"dependent"
18,912,"dependent"
24,913,"dependent"
26,914,"dependent"
20,915,"dependent"
28,916,"dependent"
22,917,"dependent"
24,918,"dependent"
24,919,"dependent"
24,920,"dependent"
30,921,"dependent"
28,922,"dependent"
24,923,"dependent"
28,924,"dependent"
26,925,"dependent"
32,926,"dependent"
30,927,"dependent"
28,928,"dependent"
30,929,"dependent"
28,930,"dependent"
28,931,"dependent"
28,932,"dependent"
28,933,"dependent"
30,934,"dependent"
20,935,"dependent"
30,936,"dependent"
28,937,"dependent"
26,938,"dependent"
18,939,"dependent"
30,940,"dependent"
30,941,"dependent"
28,942,"dependent"
24,943,"dependent"
22,944,"dependent"
24,945,"dependent"
26,946,"dependent"
28,947,"dependent"
32,948,"dependent"
26,949,"dependent"
28,950,"dependent"
24,951,"dependent"
26,952,"dependent"
26,953,"dependent"
22,954,"dependent"
24,955,"dependent"
18,956,"dependent"
24,957,"dependent"
28,958,"dependent"
28,959,"dependent"
22,960,"dependent"
24,961,"dependent"
24,962,"dependent"
32,963,"dependent"
28,964,"dependent"
30,965,"dependent"
24,966,"dependent"
28,967,"dependent"
28,968,"dependent"
30,969,"dependent"
28,970,"dependent"
30,971,"dependent"
30,972,"dependent"
28,973,"dependent"
26,974,"dependent"
34,975,"dependent"
26,976,"dependent"
26,977,"dependent"
22,978,"dependent"
26,979,"dependent"
26,980,"dependent"
34,981,"dependent"
30,982,"dependent"
28,983,"dependent"
28,984,"dependent"
24,985,"dependent"
30,986,"dependent"
24,987,"dependent"
26,988,"dependent"
28,989,"dependent"
28,990,"dependent"
28,991,"dependent"
28,992,"dependent"
28,993,"dependent"
22,994,"dependent"
20,995,"dependent"
26,996,"dependent"
26,997,"dependent"
26,998,"dependent"
32,999,"dependent"
30,1000,"dependent"
22,1001,"dependent"
20,1002,"dependent"
26,1003,"dependent"
22,1004,"dependent"
30,1005,"dependent"
26,1006,"dependent"
32,1007,"dependent"
22,1008,"dependent"
28,1009,"dependent"
24,1010,"dependent"
30,1011,"dependent"
26,1012,"dependent"
28,1013,"dependent"
28,1014,"dependent"
22,1015,"dependent"
26,1016,"dependent"
30,1017,"dependent"
28,1018,"dependent"
26,1019,"dependent"
30,1020,"dependent"
24,1021,"dependent"
32,1022,"dependent"
24,1023,"dependent"
26,1024,"dependent"
28,1025,"dependent"
32,1026,"dependent"
22,1027,"dependent"
20,1028,"dependent"
28,1029,"dependent"
18,1030,"dependent"
28,1031,"dependent"
22,1032,"dependent"
22,1033,"dependent"
24,1034,"dependent"
32,1035,"dependent"
24,1036,"dependent"
26,1037,"dependent"
24,1038,"dependent"
24,1039,"dependent"
26,1040,"dependent"
32,1041,"dependent"
22,1042,"dependent"
24,1043,"dependent"
26,1044,"dependent"
30,1045,"dependent"
24,1046,"dependent"
28,1047,"dependent"
36,1048,"dependent"
32,1049,"dependent"
22,1050,"dependent"
26,1051,"dependent"
26,1052,"dependent"
26,1053,"dependent"
24,1054,"dependent"
30,1055,"dependent"
28,1056,"dependent"
28,1057,"dependent"
30,1058,"dependent"
26,1059,"dependent"
24,1060,"dependent"
24,1061,"dependent"
26,1062,"dependent"
26,1063,"dependent"
30,1064,"dependent"
22,1065,"dependent"
20,1066,"dependent"
26,1067,"dependent"
28,1068,"dependent"
28,1069,"dependent"
26,1070,"dependent"
32,1071,"dependent"
28,1072,"dependent"
24,1073,"dependent"
24,1074,"dependent"
30,1075,"dependent"
28,1076,"dependent"
24,1077,"dependent"
26,1078,"dependent"
26,1079,"dependent"
32,1080,"dependent"
26,1081,"dependent"
28,1082,"dependent"
34,1083,"dependent"
26,1084,"dependent"
26,1085,"dependent"
28,1086,"dependent"
26,1087,"dependent"
26,1088,"dependent"
26,1089,"dependent"
28,1090,"dependent"
28,1091,"dependent"
32,1092,"dependent"
24,1093,"dependent"
28,1094,"dependent"
20,1095,"dependent"
22,1096,"dependent"
20,1097,"dependent"
24,1098,"dependent"
30,1099,"dependent"
32,1100,"dependent"
30,1101,"dependent"
24,1102,"dependent"
28,1103,"dependent"
26,1104,"dependent"
28,1105,"dependent"
20,1106,"dependent"
22,1107,"dependent"
26,1108,"dependent"
28,1109,"dependent"
30,1110,"dependent"
20,1111,"dependent"
22,1112,"dependent"
22,1113,"dependent"
26,1114,"dependent"
26,1115,"dependent"
26,1116,"dependent"
26,1117,"dependent"
32,1118,"dependent"
26,1119,"dependent"
32,1120,"dependent"
26,1121,"dependent"
30,1122,"dependent"
24,1123,"dependent"
28,1124,"dependent"
28,1125,"dependent"
30,1126,"dependent"
30,1127,"dependent"
22,1128,"dependent"
26,1129,"dependent"
30,1130,"dependent"
30,1131,"dependent"
36,1132,"dependent"
32,1133,"dependent"
28,1134,"dependent"
26,1135,"dependent"
24,1136,"dependent"
30,1137,"dependent"
28,1138,"dependent"
26,1139,"dependent"
30,1140,"dependent"
26,1141,"dependent"
28,1142,"dependent"
28,1143,"dependent"
30,1144,"dependent"
30,1145,"dependent"
22,1146,"dependent"
26,1147,"dependent"
32,1148,"dependent"
22,1149,"dependent"
34,1150,"dependent"
26,1151,"dependent"
26,1152,"dependent"
28,1153,"dependent"
32,1154,"dependent"
32,1155,"dependent"
30,1156,"dependent"
24,1157,"dependent"
30,1158,"dependent"
30,1159,"dependent"
36,1160,"dependent"
28,1161,"dependent"
26,1162,"dependent"
26,1163,"dependent"
22,1164,"dependent"
24,1165,"dependent"
26,1166,"dependent"
26,1167,"dependent"
22,1168,"dependent"
22,1169,"dependent"
26,1170,"dependent"
22,1171,"dependent"
30,1172,"dependent"
32,1173,"dependent"
26,1174,"dependent"
22,1175,"dependent"
28,1176,"dependent"
28,1177,"dependent"
24,1178,"dependent"
28,1179,"dependent"
26,1180,"dependent"
24,1181,"dependent"
28,1182,"dependent"
30,1183,"dependent"
28,1184,"dependent"
28,1185,"dependent"
30,1186,"dependent"
26,1187,"dependent"
30,1188,"dependent"
28,1189,"dependent"
30,1190,"dependent"
26,1191,"dependent"
32,1192,"dependent"
18,1193,"dependent"
26,1194,"dependent"
26,1195,"dependent"
22,1196,"dependent"
28,1197,"dependent"
30,1198,"dependent"
26,1199,"dependent"
30,1200,"dependent"
26,1201,"dependent"
28,1202,"dependent"
16,1203,"dependent"
22,1204,"dependent"
26,1205,"dependent"
24,1206,"dependent"
24,1207,"dependent"
26,1208,"dependent"
22,1209,"dependent"
18,1210,"dependent"
24,1211,"dependent"
28,1212,"dependent"
26,1213,"dependent"
26,1214,"dependent"
24,1215,"dependent"
26,1216,"dependent"
26,1217,"dependent"
30,1218,"dependent"
28,1219,"dependent"
28,1220,"dependent"
28,1221,"dependent"
26,1222,"dependent"
24,1223,"dependent"
28,1224,"dependent"
28,1225,"dependent"
28,1226,"dependent"
30,1227,"dependent"
30,1228,"dependent"
24,1229,"dependent"
26,1230,"dependent"
24,1231,"dependent"
30,1232,"dependent"
26,1233,"dependent"
28,1234,"dependent"
28,1235,"dependent"
24,1236,"dependent"
26,1237,"dependent"
30,1238,"dependent"
26,1239,"dependent"
32,1240,"dependent"
26,1241,"dependent"
30,1242,"dependent"
30,1243,"dependent"
26,1244,"dependent"
30,1245,"dependent"
28,1246,"dependent"
28,1247,"dependent"
26,1248,"dependent"
26,1249,"dependent"
28,1250,"dependent"
28,1251,"dependent"
28,1252,"dependent"
28,1253,"dependent"
26,1254,"dependent"
24,1255,"dependent"
30,1256,"dependent"
20,1257,"dependent"
32,1258,"dependent"
20,1259,"dependent"
24,1260,"dependent"
28,1261,"dependent"
24,1262,"dependent"
22,1263,"dependent"
22,1264,"dependent"
26,1265,"dependent"
34,1266,"dependent"
32,1267,"dependent"
32,1268,"dependent"
24,1269,"dependent"
32,1270,"dependent"
34,1271,"dependent"
26,1272,"dependent"
28,1273,"dependent"
32,1274,"dependent"
28,1275,"dependent"
30,1276,"dependent"
28,1277,"dependent"
24,1278,"dependent"
28,1279,"dependent"
28,1280,"dependent"
24,1281,"dependent"
26,1282,"dependent"
22,1283,"dependent"
22,1284,"dependent"
22,1285,"dependent"
24,1286,"dependent"
28,1287,"dependent"
24,1288,"dependent"
20,1289,"dependent"
28,1290,"dependent"
28,1291,"dependent"
30,1292,"dependent"
28,1293,"dependent"
24,1294,"dependent"
30,1295,"dependent"
32,1296,"dependent"
28,1297,"dependent"
28,1298,"dependent"
28,1299,"dependent"
24,1300,"dependent"
24,1301,"dependent"
30,1302,"dependent"
26,1303,"dependent"
20,1304,"dependent"
28,1305,"dependent"
28,1306,"dependent"
26,1307,"dependent"
30,1308,"dependent"
26,1309,"dependent"
30,1310,"dependent"
30,1311,"dependent"
26,1312,"dependent"
26,1313,"dependent"
26,1314,"dependent"
26,1315,"dependent"
24,1316,"dependent"
24,1317,"dependent"
24,1318,"dependent"
28,1319,"dependent"
26,1320,"dependent"
26,1321,"dependent"
22,1322,"dependent"
28,1323,"dependent"
32,1324,"dependent"
28,1325,"dependent"
24,1326,"dependent"
24,1327,"dependent"
26,1328,"dependent"
28,1329,"dependent"
26,1330,"dependent"
36,1331,"dependent"
26,1332,"dependent"
34,1333,"dependent"
24,1334,"dependent"
30,1335,"dependent"
24,1336,"dependent"
28,1337,"dependent"
28,1338,"dependent"
32,1339,"dependent"
32,1340,"dependent"
16,1341,"dependent"
28,1342,"dependent"
26,1343,"dependent"
32,1344,"dependent"
26,1345,"dependent"
26,1346,"dependent"
26,1347,"dependent"
26,1348,"dependent"
26,1349,"dependent"
28,1350,"dependent"
26,1351,"dependent"
28,1352,"dependent"
26,1353,"dependent"
22,1354,"dependent"
22,1355,"dependent"
26,1356,"dependent"
28,1357,"dependent"
26,1358,"dependent"
30,1359,"dependent"
24,1360,"dependent"
28,1361,"dependent"
30,1362,"dependent"
24,1363,"dependent"
28,1364,"dependent"
28,1365,"dependent"
28,1366,"dependent"
20,1367,"dependent"
20,1368,"dependent"
24,1369,"dependent"
26,1370,"dependent"
26,1371,"dependent"
24,1372,"dependent"
30,1373,"dependent"
26,1374,"dependent"
22,1375,"dependent"
24,1376,"dependent"
26,1377,"dependent"
24,1378,"dependent"
24,1379,"dependent"
28,1380,"dependent"
26,1381,"dependent"
28,1382,"dependent"
24,1383,"dependent"
22,1384,"dependent"
26,1385,"dependent"
30,1386,"dependent"
24,1387,"dependent"
24,1388,"dependent"
26,1389,"dependent"
26,1390,"dependent"
20,1391,"dependent"
30,1392,"dependent"
22,1393,"dependent"
30,1394,"dependent"
24,1395,"dependent"
18,1396,"dependent"
26,1397,"dependent"
28,1398,"dependent"
26,1399,"dependent"
30,1400,"dependent"
26,1401,"dependent"
24,1402,"dependent"
26,1403,"dependent"
24,1404,"dependent"
26,1405,"dependent"
24,1406,"dependent"
32,1407,"dependent"
28,1408,"dependent"
28,1409,"dependent"
26,1410,"dependent"
28,1411,"dependent"
32,1412,"dependent"
26,1413,"dependent"
30,1414,"dependent"
20,1415,"dependent"
30,1416,"dependent"
26,1417,"dependent"
22,1418,"dependent"
30,1419,"dependent"
26,1420,"dependent"
24,1421,"dependent"
24,1422,"dependent"
24,1423,"dependent"
28,1424,"dependent"
30,1425,"dependent"
26,1426,"dependent"
30,1427,"dependent"
26,1428,"dependent"
32,1429,"dependent"
26,1430,"dependent"
28,1431,"dependent"
30,1432,"dependent"
24,1433,"dependent"
30,1434,"dependent"
30,1435,"dependent"
24,1436,"dependent"
26,1437,"dependent"
28,1438,"dependent"
26,1439,"dependent"
28,1440,"dependent"
28,1441,"dependent"
26,1442,"dependent"
24,1443,"dependent"
24,1444,"dependent"
26,1445,"dependent"
20,1446,"dependent"
30,1447,"dependent"
28,1448,"dependent"
24,1449,"dependent"
26,1450,"dependent"
28,1451,"dependent"
28,1452,"dependent"
26,1453,"dependent"
30,1454,"dependent"
26,1455,"dependent"
30,1456,"dependent"
28,1457,"dependent"
28,1458,"dependent"
18,1459,"dependent"
30,1460,"dependent"
22,1461,"dependent"
24,1462,"dependent"
30,1463,"dependent"
34,1464,"dependent"
30,1465,"dependent"
28,1466,"dependent"
28,1467,"dependent"
28,1468,"dependent"
26,1469,"dependent"
28,1470,"dependent"
32,1471,"dependent"
24,1472,"dependent"
30,1473,"dependent"
32,1474,"dependent"
26,1475,"dependent"
26,1476,"dependent"
30,1477,"dependent"
26,1478,"dependent"
30,1479,"dependent"
28,1480,"dependent"
26,1481,"dependent"
26,1482,"dependent"
24,1483,"dependent"
28,1484,"dependent"
28,1485,"dependent"
26,1486,"dependent"
24,1487,"dependent"
28,1488,"dependent"
30,1489,"dependent"
22,1490,"dependent"
32,1491,"dependent"
26,1492,"dependent"
32,1493,"dependent"
28,1494,"dependent"
30,1495,"dependent"
18,1496,"dependent"
24,1497,"dependent"
30,1498,"dependent"
24,1499,"dependent"
20,1500,"dependent"
30,1501,"dependent"
24,1502,"dependent"
26,1503,"dependent"
22,1504,"dependent"
26,1505,"dependent"
30,1506,"dependent"
30,1507,"dependent"
28,1508,"dependent"
34,1509,"dependent"
24,1510,"dependent"
28,1511,"dependent"
26,1512,"dependent"
26,1513,"dependent"
24,1514,"dependent"
24,1515,"dependent"
20,1516,"dependent"
28,1517,"dependent"
26,1518,"dependent"
28,1519,"dependent"
24,1520,"dependent"
24,1521,"dependent"
30,1522,"dependent"
26,1523,"dependent"
30,1524,"dependent"
24,1525,"dependent"
26,1526,"dependent"
30,1527,"dependent"
28,1528,"dependent"
24,1529,"dependent"
26,1530,"dependent"
28,1531,"dependent"
26,1532,"dependent"
20,1533,"dependent"
28,1534,"dependent"
22,1535,"dependent"
22,1536,"dependent"
28,1537,"dependent"
26,1538,"dependent"
28,1539,"dependent"
30,1540,"dependent"
26,1541,"dependent"
24,1542,"dependent"
28,1543,"dependent"
24,1544,"dependent"
24,1545,"dependent"
28,1546,"dependent"
26,1547,"dependent"
28,1548,"dependent"
20,1549,"dependent"
26,1550,"dependent"
28,1551,"dependent"
26,1552,"dependent"
28,1553,"dependent"
24,1554,"dependent"
26,1555,"dependent"
22,1556,"dependent"
22,1557,"dependent"
26,1558,"dependent"
26,1559,"dependent"
24,1560,"dependent"
26,1561,"dependent"
26,1562,"dependent"
24,1563,"dependent"
30,1564,"dependent"
28,1565,"dependent"
24,1566,"dependent"
32,1567,"dependent"
24,1568,"dependent"
28,1569,"dependent"
28,1570,"dependent"
32,1571,"dependent"
26,1572,"dependent"
30,1573,"dependent"
28,1574,"dependent"
22,1575,"dependent"
24,1576,"dependent"
26,1577,"dependent"
24,1578,"dependent"
24,1579,"dependent"
32,1580,"dependent"
24,1581,"dependent"
24,1582,"dependent"
28,1583,"dependent"
30,1584,"dependent"
30,1585,"dependent"
32,1586,"dependent"
28,1587,"dependent"
30,1588,"dependent"
28,1589,"dependent"
34,1590,"dependent"
26,1591,"dependent"
28,1592,"dependent"
26,1593,"dependent"
28,1594,"dependent"
26,1595,"dependent"
30,1596,"dependent"
28,1597,"dependent"
24,1598,"dependent"
30,1599,"dependent"
24,1600,"dependent"
28,1601,"dependent"
30,1602,"dependent"
22,1603,"dependent"
22,1604,"dependent"
26,1605,"dependent"
26,1606,"dependent"
30,1607,"dependent"
26,1608,"dependent"
24,1609,"dependent"
24,1610,"dependent"
28,1611,"dependent"
30,1612,"dependent"
26,1613,"dependent"
24,1614,"dependent"
24,1615,"dependent"
22,1616,"dependent"
28,1617,"dependent"
28,1618,"dependent"
20,1619,"dependent"
24,1620,"dependent"
26,1621,"dependent"
30,1622,"dependent"
22,1623,"dependent"
26,1624,"dependent"
22,1625,"dependent"
24,1626,"dependent"
26,1627,"dependent"
22,1628,"dependent"
28,1629,"dependent"
30,1630,"dependent"
26,1631,"dependent"
32,1632,"dependent"
28,1633,"dependent"
24,1634,"dependent"
24,1635,"dependent"
26,1636,"dependent"
30,1637,"dependent"
20,1638,"dependent"
26,1639,"dependent"
28,1640,"dependent"
30,1641,"dependent"
28,1642,"dependent"
32,1643,"dependent"
30,1644,"dependent"
24,1645,"dependent"
30,1646,"dependent"
26,1647,"dependent"
24,1648,"dependent"
26,1649,"dependent"
24,1650,"dependent"
22,1651,"dependent"
28,1652,"dependent"
32,1653,"dependent"
28,1654,"dependent"
30,1655,"dependent"
26,1656,"dependent"
32,1657,"dependent"
28,1658,"dependent"
28,1659,"dependent"
32,1660,"dependent"
32,1661,"dependent"
32,1662,"dependent"
26,1663,"dependent"
24,1664,"dependent"
30,1665,"dependent"
28,1666,"dependent"
30,1667,"dependent"
24,1668,"dependent"
24,1669,"dependent"
26,1670,"dependent"
30,1671,"dependent"
30,1672,"dependent"
26,1673,"dependent"
20,1674,"dependent"
26,1675,"dependent"
26,1676,"dependent"
22,1677,"dependent"
22,1678,"dependent"
28,1679,"dependent"
20,1680,"dependent"
22,1681,"dependent"
24,1682,"dependent"
32,1683,"dependent"
30,1684,"dependent"
28,1685,"dependent"
32,1686,"dependent"
30,1687,"dependent"
28,1688,"dependent"
34,1689,"dependent"
30,1690,"dependent"
26,1691,"dependent"
22,1692,"dependent"
30,1693,"dependent"
30,1694,"dependent"
26,1695,"dependent"
34,1696,"dependent"
30,1697,"dependent"
28,1698,"dependent"
20,1699,"dependent"
18,1700,"dependent"
30,1701,"dependent"
26,1702,"dependent"
26,1703,"dependent"
26,1704,"dependent"
28,1705,"dependent"
24,1706,"dependent"
20,1707,"dependent"
28,1708,"dependent"
30,1709,"dependent"
30,1710,"dependent"
30,1711,"dependent"
32,1712,"dependent"
28,1713,"dependent"
28,1714,"dependent"
30,1715,"dependent"
28,1716,"dependent"
28,1717,"dependent"
26,1718,"dependent"
26,1719,"dependent"
28,1720,"dependent"
28,1721,"dependent"
30,1722,"dependent"
32,1723,"dependent"
30,1724,"dependent"
28,1725,"dependent"
32,1726,"dependent"
34,1727,"dependent"
28,1728,"dependent"
28,1729,"dependent"
36,1730,"dependent"
24,1731,"dependent"
20,1732,"dependent"
28,1733,"dependent"
28,1734,"dependent"
30,1735,"dependent"
28,1736,"dependent"
26,1737,"dependent"
32,1738,"dependent"
24,1739,"dependent"
28,1740,"dependent"
24,1741,"dependent"
24,1742,"dependent"
30,1743,"dependent"
22,1744,"dependent"
24,1745,"dependent"
28,1746,"dependent"
26,1747,"dependent"
30,1748,"dependent"
24,1749,"dependent"
22,1750,"dependent"
24,1751,"dependent"
26,1752,"dependent"
20,1753,"dependent"
26,1754,"dependent"
30,1755,"dependent"
30,1756,"dependent"
26,1757,"dependent"
26,1758,"dependent"
26,1759,"dependent"
30,1760,"dependent"
28,1761,"dependent"
22,1762,"dependent"
18,1763,"dependent"
24,1764,"dependent"
24,1765,"dependent"
22,1766,"dependent"
26,1767,"dependent"
26,1768,"dependent"
22,1769,"dependent"
28,1770,"dependent"
32,1771,"dependent"
26,1772,"dependent"
26,1773,"dependent"
28,1774,"dependent"
24,1775,"dependent"
28,1776,"dependent"
22,1777,"dependent"
22,1778,"dependent"
30,1779,"dependent"
26,1780,"dependent"
26,1781,"dependent"
26,1782,"dependent"
28,1783,"dependent"
24,1784,"dependent"
26,1785,"dependent"
28,1786,"dependent"
30,1787,"dependent"
28,1788,"dependent"
24,1789,"dependent"
20,1790,"dependent"
24,1791,"dependent"
18,1792,"dependent"
28,1793,"dependent"
32,1794,"dependent"
26,1795,"dependent"
28,1796,"dependent"
22,1797,"dependent"
26,1798,"dependent"
24,1799,"dependent"
26,1800,"dependent"
20,1801,"dependent"
30,1802,"dependent"
24,1803,"dependent"
28,1804,"dependent"
34,1805,"dependent"
30,1806,"dependent"
24,1807,"dependent"
26,1808,"dependent"
34,1809,"dependent"
24,1810,"dependent"
26,1811,"dependent"
30,1812,"dependent"
28,1813,"dependent"
30,1814,"dependent"
24,1815,"dependent"
24,1816,"dependent"
30,1817,"dependent"
26,1818,"dependent"
32,1819,"dependent"
24,1820,"dependent"
28,1821,"dependent"
24,1822,"dependent"
32,1823,"dependent"
26,1824,"dependent"
30,1825,"dependent"
24,1826,"dependent"
28,1827,"dependent"
28,1828,"dependent"
26,1829,"dependent"
26,1830,"dependent"
26,1831,"dependent"
22,1832,"dependent"
24,1833,"dependent"
24,1834,"dependent"
28,1835,"dependent"
24,1836,"dependent"
22,1837,"dependent"
22,1838,"dependent"
26,1839,"dependent"
26,1840,"dependent"
24,1841,"dependent"
22,1842,"dependent"
24,1843,"dependent"
32,1844,"dependent"
24,1845,"dependent"
26,1846,"dependent"
24,1847,"dependent"
28,1848,"dependent"
26,1849,"dependent"
28,1850,"dependent"
26,1851,"dependent"
28,1852,"dependent"
26,1853,"dependent"
30,1854,"dependent"
30,1855,"dependent"
28,1856,"dependent"
24,1857,"dependent"
26,1858,"dependent"
26,1859,"dependent"
26,1860,"dependent"
28,1861,"dependent"
26,1862,"dependent"
26,1863,"dependent"
28,1864,"dependent"
28,1865,"dependent"
24,1866,"dependent"
32,1867,"dependent"
24,1868,"dependent"
26,1869,"dependent"
30,1870,"dependent"
30,1871,"dependent"
26,1872,"dependent"
26,1873,"dependent"
28,1874,"dependent"
22,1875,"dependent"
26,1876,"dependent"
32,1877,"dependent"
22,1878,"dependent"
22,1879,"dependent"
30,1880,"dependent"
24,1881,"dependent"
30,1882,"dependent"
30,1883,"dependent"
26,1884,"dependent"
22,1885,"dependent"
26,1886,"dependent"
20,1887,"dependent"
20,1888,"dependent"
22,1889,"dependent"
30,1890,"dependent"
30,1891,"dependent"
26,1892,"dependent"
28,1893,"dependent"
28,1894,"dependent"
24,1895,"dependent"
26,1896,"dependent"
28,1897,"dependent"
30,1898,"dependent"
30,1899,"dependent"
26,1900,"dependent"
24,1901,"dependent"
30,1902,"dependent"
22,1903,"dependent"
22,1904,"dependent"
28,1905,"dependent"
28,1906,"dependent"
32,1907,"dependent"
28,1908,"dependent"
30,1909,"dependent"
22,1910,"dependent"
20,1911,"dependent"
26,1912,"dependent"
28,1913,"dependent"
22,1914,"dependent"
26,1915,"dependent"
26,1916,"dependent"
30,1917,"dependent"
24,1918,"dependent"
28,1919,"dependent"
26,1920,"dependent"
22,1921,"dependent"
26,1922,"dependent"
30,1923,"dependent"
20,1924,"dependent"
20,1925,"dependent"
30,1926,"dependent"
26,1927,"dependent"
34,1928,"dependent"
34,1929,"dependent"
28,1930,"dependent"
24,1931,"dependent"
24,1932,"dependent"
26,1933,"dependent"
28,1934,"dependent"
28,1935,"dependent"
28,1936,"dependent"
28,1937,"dependent"
26,1938,"dependent"
36,1939,"dependent"
26,1940,"dependent"
28,1941,"dependent"
34,1942,"dependent"
26,1943,"dependent"
32,1944,"dependent"
24,1945,"dependent"
30,1946,"dependent"
30,1947,"dependent"
30,1948,"dependent"
24,1949,"dependent"
22,1950,"dependent"
24,1951,"dependent"
24,1952,"dependent"
28,1953,"dependent"
26,1954,"dependent"
24,1955,"dependent"
28,1956,"dependent"
26,1957,"dependent"
30,1958,"dependent"
32,1959,"dependent"
28,1960,"dependent"
24,1961,"dependent"
22,1962,"dependent"
24,1963,"dependent"
24,1964,"dependent"
26,1965,"dependent"
26,1966,"dependent"
28,1967,"dependent"
28,1968,"dependent"
24,1969,"dependent"
28,1970,"dependent"
26,1971,"dependent"
28,1972,"dependent"
28,1973,"dependent"
28,1974,"dependent"
30,1975,"dependent"
26,1976,"dependent"
28,1977,"dependent"
26,1978,"dependent"
28,1979,"dependent"
26,1980,"dependent"
30,1981,"dependent"
26,1982,"dependent"
18,1983,"dependent"
24,1984,"dependent"
26,1985,"dependent"
32,1986,"dependent"
18,1987,"dependent"
28,1988,"dependent"
24,1989,"dependent"
24,1990,"dependent"
24,1991,"dependent"
24,1992,"dependent"
32,1993,"dependent"
32,1994,"dependent"
26,1995,"dependent"
18,1996,"dependent"
28,1997,"dependent"
24,1998,"dependent"
22,1999,"dependent"
28,2000,"dependent"
28,2001,"dependent"
22,2002,"dependent"
28,2003,"dependent"
18,2004,"dependent"
24,2005,"dependent"
24,2006,"dependent"
26,2007,"dependent"
30,2008,"dependent"
30,2009,"dependent"
30,2010,"dependent"
24,2011,"dependent"
26,2012,"dependent"
22,2013,"dependent"
30,2014,"dependent"
24,2015,"dependent"
26,2016,"dependent"
22,2017,"dependent"
30,2018,"dependent"
30,2019,"dependent"
30,2020,"dependent"
22,2021,"dependent"
30,2022,"dependent"
28,2023,"dependent"
24,2024,"dependent"
24,2025,"dependent"
24,2026,"dependent"
28,2027,"dependent"
28,2028,"dependent"
22,2029,"dependent"
30,2030,"dependent"
32,2031,"dependent"
26,2032,"dependent"
34,2033,"dependent"
24,2034,"dependent"
30,2035,"dependent"
26,2036,"dependent"
26,2037,"dependent"
26,2038,"dependent"
30,2039,"dependent"
30,2040,"dependent"
22,2041,"dependent"
30,2042,"dependent"
30,2043,"dependent"
26,2044,"dependent"
26,2045,"dependent"
32,2046,"dependent"
28,2047,"dependent"
26,2048,"dependent"
28,2049,"dependent"
28,2050,"dependent"
34,2051,"dependent"
30,2052,"dependent"
26,2053,"dependent"
32,2054,"dependent"
32,2055,"dependent"
26,2056,"dependent"
30,2057,"dependent"
26,2058,"dependent"
24,2059,"dependent"
30,2060,"dependent"
28,2061,"dependent"
32,2062,"dependent"
30,2063,"dependent"
26,2064,"dependent"
30,2065,"dependent"
28,2066,"dependent"
26,2067,"dependent"
26,2068,"dependent"
26,2069,"dependent"
26,2070,"dependent"
30,2071,"dependent"
28,2072,"dependent"
26,2073,"dependent"
30,2074,"dependent"
24,2075,"dependent"
18,2076,"dependent"
28,2077,"dependent"
26,2078,"dependent"
24,2079,"dependent"
26,2080,"dependent"
32,2081,"dependent"
26,2082,"dependent"
22,2083,"dependent"
32,2084,"dependent"
26,2085,"dependent"
28,2086,"dependent"
28,2087,"dependent"
20,2088,"dependent"
26,2089,"dependent"
22,2090,"dependent"
30,2091,"dependent"
30,2092,"dependent"
22,2093,"dependent"
30,2094,"dependent"
20,2095,"dependent"
28,2096,"dependent"
28,2097,"dependent"
22,2098,"dependent"
28,2099,"dependent"
28,2100,"dependent"
24,2101,"dependent"
26,2102,"dependent"
30,2103,"dependent"
24,2104,"dependent"
28,2105,"dependent"
28,2106,"dependent"
22,2107,"dependent"
30,2108,"dependent"
24,2109,"dependent"
24,2110,"dependent"
28,2111,"dependent"
28,2112,"dependent"
30,2113,"dependent"
28,2114,"dependent"
28,2115,"dependent"
24,2116,"dependent"
28,2117,"dependent"
26,2118,"dependent"
24,2119,"dependent"
28,2120,"dependent"
24,2121,"dependent"
30,2122,"dependent"
32,2123,"dependent"
32,2124,"dependent"
28,2125,"dependent"
28,2126,"dependent"
24,2127,"dependent"
26,2128,"dependent"
28,2129,"dependent"
30,2130,"dependent"
26,2131,"dependent"
26,2132,"dependent"
22,2133,"dependent"
14,2134,"dependent"
26,2135,"dependent"
32,2136,"dependent"
28,2137,"dependent"
26,2138,"dependent"
24,2139,"dependent"
24,2140,"dependent"
28,2141,"dependent"
30,2142,"dependent"
28,2143,"dependent"
30,2144,"dependent"
28,2145,"dependent"
28,2146,"dependent"
26,2147,"dependent"
34,2148,"dependent"
28,2149,"dependent"
22,2150,"dependent"
28,2151,"dependent"
26,2152,"dependent"
22,2153,"dependent"
26,2154,"dependent"
26,2155,"dependent"
30,2156,"dependent"
24,2157,"dependent"
28,2158,"dependent"
30,2159,"dependent"
30,2160,"dependent"
26,2161,"dependent"
30,2162,"dependent"
22,2163,"dependent"
22,2164,"dependent"
28,2165,"dependent"
24,2166,"dependent"
26,2167,"dependent"
24,2168,"dependent"
28,2169,"dependent"
26,2170,"dependent"
28,2171,"dependent"
30,2172,"dependent"
30,2173,"dependent"
26,2174,"dependent"
26,2175,"dependent"
22,2176,"dependent"
20,2177,"dependent"
24,2178,"dependent"
28,2179,"dependent"
32,2180,"dependent"
22,2181,"dependent"
28,2182,"dependent"
26,2183,"dependent"
28,2184,"dependent"
22,2185,"dependent"
26,2186,"dependent"
24,2187,"dependent"
28,2188,"dependent"
28,2189,"dependent"
26,2190,"dependent"
28,2191,"dependent"
18,2192,"dependent"
22,2193,"dependent"
28,2194,"dependent"
26,2195,"dependent"
24,2196,"dependent"
30,2197,"dependent"
24,2198,"dependent"
24,2199,"dependent"
22,2200,"dependent"
32,2201,"dependent"
26,2202,"dependent"
22,2203,"dependent"
24,2204,"dependent"
26,2205,"dependent"
26,2206,"dependent"
24,2207,"dependent"
22,2208,"dependent"
30,2209,"dependent"
30,2210,"dependent"
26,2211,"dependent"
30,2212,"dependent"
30,2213,"dependent"
32,2214,"dependent"
24,2215,"dependent"
28,2216,"dependent"
28,2217,"dependent"
28,2218,"dependent"
24,2219,"dependent"
26,2220,"dependent"
26,2221,"dependent"
16,2222,"dependent"
22,2223,"dependent"
26,2224,"dependent"
32,2225,"dependent"
26,2226,"dependent"
30,2227,"dependent"
26,2228,"dependent"
28,2229,"dependent"
30,2230,"dependent"
26,2231,"dependent"
28,2232,"dependent"
24,2233,"dependent"
28,2234,"dependent"
28,2235,"dependent"
30,2236,"dependent"
26,2237,"dependent"
26,2238,"dependent"
32,2239,"dependent"
30,2240,"dependent"
28,2241,"dependent"
28,2242,"dependent"
24,2243,"dependent"
28,2244,"dependent"
26,2245,"dependent"
34,2246,"dependent"
22,2247,"dependent"
30,2248,"dependent"
28,2249,"dependent"
28,2250,"dependent"
20,2251,"dependent"
32,2252,"dependent"
28,2253,"dependent"
24,2254,"dependent"
24,2255,"dependent"
28,2256,"dependent"
28,2257,"dependent"
28,2258,"dependent"
24,2259,"dependent"
24,2260,"dependent"
26,2261,"dependent"
24,2262,"dependent"
26,2263,"dependent"
28,2264,"dependent"
22,2265,"dependent"
24,2266,"dependent"
30,2267,"dependent"
30,2268,"dependent"
32,2269,"dependent"
22,2270,"dependent"
28,2271,"dependent"
28,2272,"dependent"
34,2273,"dependent"
28,2274,"dependent"
28,2275,"dependent"
30,2276,"dependent"
20,2277,"dependent"
20,2278,"dependent"
20,2279,"dependent"
30,2280,"dependent"
28,2281,"dependent"
30,2282,"dependent"
26,2283,"dependent"
34,2284,"dependent"
24,2285,"dependent"
32,2286,"dependent"
26,2287,"dependent"
24,2288,"dependent"
24,2289,"dependent"
26,2290,"dependent"
22,2291,"dependent"
26,2292,"dependent"
26,2293,"dependent"
30,2294,"dependent"
30,2295,"dependent"
24,2296,"dependent"
30,2297,"dependent"
26,2298,"dependent"
26,2299,"dependent"
26,2300,"dependent"
24,2301,"dependent"
28,2302,"dependent"
26,2303,"dependent"
30,2304,"dependent"
26,2305,"dependent"
32,2306,"dependent"
20,2307,"dependent"
24,2308,"dependent"
28,2309,"dependent"
28,2310,"dependent"
24,2311,"dependent"
28,2312,"dependent"
24,2313,"dependent"
30,2314,"dependent"
30,2315,"dependent"
26,2316,"dependent"
28,2317,"dependent"
24,2318,"dependent"
28,2319,"dependent"
16,2320,"dependent"
26,2321,"dependent"
32,2322,"dependent"
26,2323,"dependent"
28,2324,"dependent"
26,2325,"dependent"
26,2326,"dependent"
28,2327,"dependent"
22,2328,"dependent"
26,2329,"dependent"
30,2330,"dependent"
24,2331,"dependent"
24,2332,"dependent"
30,2333,"dependent"
34,2334,"dependent"
28,2335,"dependent"
26,2336,"dependent"
28,2337,"dependent"
28,2338,"dependent"
26,2339,"dependent"
26,2340,"dependent"
26,2341,"dependent"
24,2342,"dependent"
24,2343,"dependent"
24,2344,"dependent"
28,2345,"dependent"
30,2346,"dependent"
26,2347,"dependent"
26,2348,"dependent"
26,2349,"dependent"
28,2350,"dependent"
30,2351,"dependent"
26,2352,"dependent"
28,2353,"dependent"
28,2354,"dependent"
26,2355,"dependent"
30,2356,"dependent"
32,2357,"dependent"
30,2358,"dependent"
30,2359,"dependent"
24,2360,"dependent"
24,2361,"dependent"
30,2362,"dependent"
24,2363,"dependent"
24,2364,"dependent"
24,2365,"dependent"
22,2366,"dependent"
22,2367,"dependent"
26,2368,"dependent"
28,2369,"dependent"
28,2370,"dependent"
32,2371,"dependent"
22,2372,"dependent"
26,2373,"dependent"
30,2374,"dependent"
26,2375,"dependent"
22,2376,"dependent"
32,2377,"dependent"
30,2378,"dependent"
32,2379,"dependent"
22,2380,"dependent"
32,2381,"dependent"
22,2382,"dependent"
28,2383,"dependent"
28,2384,"dependent"
24,2385,"dependent"
26,2386,"dependent"
28,2387,"dependent"
26,2388,"dependent"
26,2389,"dependent"
32,2390,"dependent"
24,2391,"dependent"
28,2392,"dependent"
26,2393,"dependent"
24,2394,"dependent"
26,2395,"dependent"
20,2396,"dependent"
22,2397,"dependent"
28,2398,"dependent"
20,2399,"dependent"
24,2400,"dependent"
34,2401,"dependent"
28,2402,"dependent"
30,2403,"dependent"
22,2404,"dependent"
30,2405,"dependent"
28,2406,"dependent"
30,2407,"dependent"
28,2408,"dependent"
26,2409,"dependent"
24,2410,"dependent"
24,2411,"dependent"
22,2412,"dependent"
26,2413,"dependent"
28,2414,"dependent"
24,2415,"dependent"
30,2416,"dependent"
20,2417,"dependent"
26,2418,"dependent"
32,2419,"dependent"
28,2420,"dependent"
24,2421,"dependent"
28,2422,"dependent"
30,2423,"dependent"
20,2424,"dependent"
28,2425,"dependent"
28,2426,"dependent"
24,2427,"dependent"
32,2428,"dependent"
26,2429,"dependent"
32,2430,"dependent"
32,2431,"dependent"
24,2432,"dependent"
26,2433,"dependent"
30,2434,"dependent"
28,2435,"dependent"
26,2436,"dependent"
26,2437,"dependent"
30,2438,"dependent"
28,2439,"dependent"
28,2440,"dependent"
28,2441,"dependent"
30,2442,"dependent"
30,2443,"dependent"
26,2444,"dependent"
26,2445,"dependent"
24,2446,"dependent"
26,2447,"dependent"
22,2448,"dependent"
32,2449,"dependent"
28,2450,"dependent"
28,2451,"dependent"
28,2452,"dependent"
30,2453,"dependent"
28,2454,"dependent"
30,2455,"dependent"
32,2456,"dependent"
20,2457,"dependent"
26,2458,"dependent"
28,2459,"dependent"
30,2460,"dependent"
24,2461,"dependent"
30,2462,"dependent"
30,2463,"dependent"
24,2464,"dependent"
32,2465,"dependent"
22,2466,"dependent"
24,2467,"dependent"
26,2468,"dependent"
24,2469,"dependent"
28,2470,"dependent"
22,2471,"dependent"
26,2472,"dependent"
28,2473,"dependent"
20,2474,"dependent"
28,2475,"dependent"
30,2476,"dependent"
26,2477,"dependent"
22,2478,"dependent"
28,2479,"dependent"
34,2480,"dependent"
26,2481,"dependent"
28,2482,"dependent"
26,2483,"dependent"
28,2484,"dependent"
28,2485,"dependent"
26,2486,"dependent"
26,2487,"dependent"
28,2488,"dependent"
28,2489,"dependent"
28,2490,"dependent"
30,2491,"dependent"
26,2492,"dependent"
30,2493,"dependent"
28,2494,"dependent"
30,2495,"dependent"
24,2496,"dependent"
26,2497,"dependent"
30,2498,"dependent"
24,2499,"dependent"
24,2500,"dependent"
24,2501,"dependent"
24,2502,"dependent"
26,2503,"dependent"
28,2504,"dependent"
24,2505,"dependent"
26,2506,"dependent"
30,2507,"dependent"
24,2508,"dependent"
32,2509,"dependent"
28,2510,"dependent"
32,2511,"dependent"
28,2512,"dependent"
22,2513,"dependent"
30,2514,"dependent"
30,2515,"dependent"
32,2516,"dependent"
24,2517,"dependent"
26,2518,"dependent"
22,2519,"dependent"
28,2520,"dependent"
28,2521,"dependent"
26,2522,"dependent"
28,2523,"dependent"
32,2524,"dependent"
28,2525,"dependent"
28,2526,"dependent"
28,2527,"dependent"
30,2528,"dependent"
26,2529,"dependent"
26,2530,"dependent"
28,2531,"dependent"
28,2532,"dependent"
26,2533,"dependent"
28,2534,"dependent"
28,2535,"dependent"
30,2536,"dependent"
28,2537,"dependent"
28,2538,"dependent"
26,2539,"dependent"
32,2540,"dependent"
26,2541,"dependent"
28,2542,"dependent"
26,2543,"dependent"
24,2544,"dependent"
24,2545,"dependent"
22,2546,"dependent"
22,2547,"dependent"
30,2548,"dependent"
30,2549,"dependent"
28,2550,"dependent"
22,2551,"dependent"
28,2552,"dependent"
30,2553,"dependent"
30,2554,"dependent"
32,2555,"dependent"
26,2556,"dependent"
20,2557,"dependent"
26,2558,"dependent"
26,2559,"dependent"
30,2560,"dependent"
26,2561,"dependent"
28,2562,"dependent"
14,2563,"dependent"
26,2564,"dependent"
34,2565,"dependent"
30,2566,"dependent"
30,2567,"dependent"
24,2568,"dependent"
26,2569,"dependent"
30,2570,"dependent"
22,2571,"dependent"
28,2572,"dependent"
26,2573,"dependent"
22,2574,"dependent"
28,2575,"dependent"
30,2576,"dependent"
22,2577,"dependent"
26,2578,"dependent"
26,2579,"dependent"
30,2580,"dependent"
28,2581,"dependent"
30,2582,"dependent"
22,2583,"dependent"
28,2584,"dependent"
32,2585,"dependent"
28,2586,"dependent"
28,2587,"dependent"
32,2588,"dependent"
28,2589,"dependent"
30,2590,"dependent"
32,2591,"dependent"
28,2592,"dependent"
24,2593,"dependent"
32,2594,"dependent"
32,2595,"dependent"
28,2596,"dependent"
30,2597,"dependent"
28,2598,"dependent"
26,2599,"dependent"
32,2600,"dependent"
26,2601,"dependent"
26,2602,"dependent"
30,2603,"dependent"
26,2604,"dependent"
28,2605,"dependent"
18,2606,"dependent"
28,2607,"dependent"
22,2608,"dependent"
34,2609,"dependent"
28,2610,"dependent"
26,2611,"dependent"
28,2612,"dependent"
24,2613,"dependent"
22,2614,"dependent"
22,2615,"dependent"
26,2616,"dependent"
26,2617,"dependent"
26,2618,"dependent"
28,2619,"dependent"
26,2620,"dependent"
28,2621,"dependent"
28,2622,"dependent"
24,2623,"dependent"
26,2624,"dependent"
20,2625,"dependent"
30,2626,"dependent"
28,2627,"dependent"
28,2628,"dependent"
28,2629,"dependent"
28,2630,"dependent"
26,2631,"dependent"
24,2632,"dependent"
34,2633,"dependent"
24,2634,"dependent"
32,2635,"dependent"
24,2636,"dependent"
26,2637,"dependent"
24,2638,"dependent"
30,2639,"dependent"
26,2640,"dependent"
26,2641,"dependent"
32,2642,"dependent"
28,2643,"dependent"
22,2644,"dependent"
22,2645,"dependent"
28,2646,"dependent"
24,2647,"dependent"
26,2648,"dependent"
24,2649,"dependent"
22,2650,"dependent"
28,2651,"dependent"
26,2652,"dependent"
28,2653,"dependent"
28,2654,"dependent"
28,2655,"dependent"
34,2656,"dependent"
26,2657,"dependent"
28,2658,"dependent"
26,2659,"dependent"
28,2660,"dependent"
30,2661,"dependent"
28,2662,"dependent"
30,2663,"dependent"
26,2664,"dependent"
28,2665,"dependent"
26,2666,"dependent"
28,2667,"dependent"
30,2668,"dependent"
28,2669,"dependent"
18,2670,"dependent"
30,2671,"dependent"
30,2672,"dependent"
24,2673,"dependent"
28,2674,"dependent"
24,2675,"dependent"
30,2676,"dependent"
32,2677,"dependent"
24,2678,"dependent"
32,2679,"dependent"
26,2680,"dependent"
20,2681,"dependent"
26,2682,"dependent"
30,2683,"dependent"
26,2684,"dependent"
26,2685,"dependent"
28,2686,"dependent"
26,2687,"dependent"
24,2688,"dependent"
26,2689,"dependent"
24,2690,"dependent"
20,2691,"dependent"
26,2692,"dependent"
28,2693,"dependent"
26,2694,"dependent"
26,2695,"dependent"
24,2696,"dependent"
26,2697,"dependent"
32,2698,"dependent"
30,2699,"dependent"
28,2700,"dependent"
24,2701,"dependent"
26,2702,"dependent"
30,2703,"dependent"
28,2704,"dependent"
28,2705,"dependent"
28,2706,"dependent"
26,2707,"dependent"
28,2708,"dependent"
30,2709,"dependent"
30,2710,"dependent"
20,2711,"dependent"
28,2712,"dependent"
20,2713,"dependent"
22,2714,"dependent"
28,2715,"dependent"
22,2716,"dependent"
20,2717,"dependent"
28,2718,"dependent"
30,2719,"dependent"
26,2720,"dependent"
34,2721,"dependent"
28,2722,"dependent"
22,2723,"dependent"
32,2724,"dependent"
26,2725,"dependent"
22,2726,"dependent"
30,2727,"dependent"
22,2728,"dependent"
26,2729,"dependent"
26,2730,"dependent"
30,2731,"dependent"
24,2732,"dependent"
30,2733,"dependent"
24,2734,"dependent"
22,2735,"dependent"
28,2736,"dependent"
24,2737,"dependent"
26,2738,"dependent"
32,2739,"dependent"
28,2740,"dependent"
26,2741,"dependent"
26,2742,"dependent"
24,2743,"dependent"
24,2744,"dependent"
22,2745,"dependent"
26,2746,"dependent"
30,2747,"dependent"
32,2748,"dependent"
28,2749,"dependent"
30,2750,"dependent"
26,2751,"dependent"
24,2752,"dependent"
30,2753,"dependent"
26,2754,"dependent"
24,2755,"dependent"
28,2756,"dependent"
22,2757,"dependent"
26,2758,"dependent"
22,2759,"dependent"
28,2760,"dependent"
28,2761,"dependent"
22,2762,"dependent"
30,2763,"dependent"
24,2764,"dependent"
32,2765,"dependent"
26,2766,"dependent"
26,2767,"dependent"
26,2768,"dependent"
30,2769,"dependent"
26,2770,"dependent"
26,2771,"dependent"
26,2772,"dependent"
32,2773,"dependent"
26,2774,"dependent"
28,2775,"dependent"
24,2776,"dependent"
24,2777,"dependent"
26,2778,"dependent"
28,2779,"dependent"
30,2780,"dependent"
22,2781,"dependent"
26,2782,"dependent"
28,2783,"dependent"
24,2784,"dependent"
20,2785,"dependent"
22,2786,"dependent"
30,2787,"dependent"
24,2788,"dependent"
22,2789,"dependent"
24,2790,"dependent"
30,2791,"dependent"
28,2792,"dependent"
26,2793,"dependent"
24,2794,"dependent"
20,2795,"dependent"
26,2796,"dependent"
28,2797,"dependent"
32,2798,"dependent"
28,2799,"dependent"
30,2800,"dependent"
28,2801,"dependent"
30,2802,"dependent"
30,2803,"dependent"
24,2804,"dependent"
24,2805,"dependent"
28,2806,"dependent"
28,2807,"dependent"
28,2808,"dependent"
28,2809,"dependent"
28,2810,"dependent"
26,2811,"dependent"
30,2812,"dependent"
30,2813,"dependent"
26,2814,"dependent"
20,2815,"dependent"
22,2816,"dependent"
24,2817,"dependent"
26,2818,"dependent"
28,2819,"dependent"
22,2820,"dependent"
26,2821,"dependent"
32,2822,"dependent"
26,2823,"dependent"
32,2824,"dependent"
28,2825,"dependent"
22,2826,"dependent"
30,2827,"dependent"
22,2828,"dependent"
28,2829,"dependent"
22,2830,"dependent"
28,2831,"dependent"
22,2832,"dependent"
30,2833,"dependent"
30,2834,"dependent"
24,2835,"dependent"
30,2836,"dependent"
24,2837,"dependent"
30,2838,"dependent"
26,2839,"dependent"
22,2840,"dependent"
18,2841,"dependent"
26,2842,"dependent"
22,2843,"dependent"
24,2844,"dependent"
28,2845,"dependent"
28,2846,"dependent"
30,2847,"dependent"
28,2848,"dependent"
30,2849,"dependent"
30,2850,"dependent"
30,2851,"dependent"
32,2852,"dependent"
22,2853,"dependent"
22,2854,"dependent"
26,2855,"dependent"
28,2856,"dependent"
26,2857,"dependent"
28,2858,"dependent"
30,2859,"dependent"
22,2860,"dependent"
26,2861,"dependent"
26,2862,"dependent"
20,2863,"dependent"
30,2864,"dependent"
26,2865,"dependent"
28,2866,"dependent"
26,2867,"dependent"
26,2868,"dependent"
30,2869,"dependent"
24,2870,"dependent"
24,2871,"dependent"
28,2872,"dependent"
26,2873,"dependent"
24,2874,"dependent"
28,2875,"dependent"
28,2876,"dependent"
28,2877,"dependent"
24,2878,"dependent"
22,2879,"dependent"
30,2880,"dependent"
24,2881,"dependent"
24,2882,"dependent"
22,2883,"dependent"
22,2884,"dependent"
28,2885,"dependent"
24,2886,"dependent"
30,2887,"dependent"
28,2888,"dependent"
22,2889,"dependent"
22,2890,"dependent"
28,2891,"dependent"
24,2892,"dependent"
26,2893,"dependent"
24,2894,"dependent"
28,2895,"dependent"
26,2896,"dependent"
34,2897,"dependent"
26,2898,"dependent"
24,2899,"dependent"
22,2900,"dependent"
26,2901,"dependent"
26,2902,"dependent"
30,2903,"dependent"
28,2904,"dependent"
30,2905,"dependent"
24,2906,"dependent"
26,2907,"dependent"
26,2908,"dependent"
32,2909,"dependent"
28,2910,"dependent"
24,2911,"dependent"
26,2912,"dependent"
24,2913,"dependent"
32,2914,"dependent"
30,2915,"dependent"
28,2916,"dependent"
28,2917,"dependent"
28,2918,"dependent"
28,2919,"dependent"
30,2920,"dependent"
16,2921,"dependent"
24,2922,"dependent"
26,2923,"dependent"
28,2924,"dependent"
32,2925,"dependent"
26,2926,"dependent"
32,2927,"dependent"
30,2928,"dependent"
28,2929,"dependent"
22,2930,"dependent"
28,2931,"dependent"
24,2932,"dependent"
30,2933,"dependent"
24,2934,"dependent"
26,2935,"dependent"
24,2936,"dependent"
34,2937,"dependent"
26,2938,"dependent"
22,2939,"dependent"
26,2940,"dependent"
26,2941,"dependent"
30,2942,"dependent"
26,2943,"dependent"
22,2944,"dependent"
20,2945,"dependent"
30,2946,"dependent"
32,2947,"dependent"
28,2948,"dependent"
24,2949,"dependent"
20,2950,"dependent"
28,2951,"dependent"
22,2952,"dependent"
28,2953,"dependent"
30,2954,"dependent"
26,2955,"dependent"
28,2956,"dependent"
32,2957,"dependent"
26,2958,"dependent"
28,2959,"dependent"
26,2960,"dependent"
28,2961,"dependent"
14,2962,"dependent"
22,2963,"dependent"
26,2964,"dependent"
30,2965,"dependent"
26,2966,"dependent"
22,2967,"dependent"
22,2968,"dependent"
30,2969,"dependent"
28,2970,"dependent"
26,2971,"dependent"
28,2972,"dependent"
24,2973,"dependent"
28,2974,"dependent"
32,2975,"dependent"
32,2976,"dependent"
28,2977,"dependent"
24,2978,"dependent"
34,2979,"dependent"
28,2980,"dependent"
32,2981,"dependent"
28,2982,"dependent"
30,2983,"dependent"
22,2984,"dependent"
26,2985,"dependent"
24,2986,"dependent"
20,2987,"dependent"
28,2988,"dependent"
30,2989,"dependent"
24,2990,"dependent"
24,2991,"dependent"
26,2992,"dependent"
32,2993,"dependent"
24,2994,"dependent"
26,2995,"dependent"
26,2996,"dependent"
20,2997,"dependent"
24,2998,"dependent"
24,2999,"dependent"
16,3000,"dependent"
28,3001,"dependent"
30,3002,"dependent"
28,3003,"dependent"
24,3004,"dependent"
32,3005,"dependent"
30,3006,"dependent"
32,3007,"dependent"
26,3008,"dependent"
20,3009,"dependent"
24,3010,"dependent"
26,3011,"dependent"
24,3012,"dependent"
28,3013,"dependent"
28,3014,"dependent"
28,3015,"dependent"
28,3016,"dependent"
28,3017,"dependent"
28,3018,"dependent"
26,3019,"dependent"
24,3020,"dependent"
22,3021,"dependent"
30,3022,"dependent"
28,3023,"dependent"
34,3024,"dependent"
26,3025,"dependent"
30,3026,"dependent"
30,3027,"dependent"
28,3028,"dependent"
26,3029,"dependent"
26,3030,"dependent"
20,3031,"dependent"
26,3032,"dependent"
28,3033,"dependent"
30,3034,"dependent"
26,3035,"dependent"
22,3036,"dependent"
22,3037,"dependent"
30,3038,"dependent"
26,3039,"dependent"
22,3040,"dependent"
28,3041,"dependent"
32,3042,"dependent"
26,3043,"dependent"
26,3044,"dependent"
30,3045,"dependent"
28,3046,"dependent"
30,3047,"dependent"
28,3048,"dependent"
22,3049,"dependent"
22,3050,"dependent"
22,3051,"dependent"
26,3052,"dependent"
24,3053,"dependent"
26,3054,"dependent"
30,3055,"dependent"
30,3056,"dependent"
28,3057,"dependent"
26,3058,"dependent"
30,3059,"dependent"
28,3060,"dependent"
20,3061,"dependent"
26,3062,"dependent"
28,3063,"dependent"
24,3064,"dependent"
28,3065,"dependent"
30,3066,"dependent"
26,3067,"dependent"
34,3068,"dependent"
30,3069,"dependent"
30,3070,"dependent"
30,3071,"dependent"
24,3072,"dependent"
24,3073,"dependent"
22,3074,"dependent"
30,3075,"dependent"
22,3076,"dependent"
26,3077,"dependent"
24,3078,"dependent"
22,3079,"dependent"
26,3080,"dependent"
22,3081,"dependent"
26,3082,"dependent"
26,3083,"dependent"
26,3084,"dependent"
30,3085,"dependent"
26,3086,"dependent"
30,3087,"dependent"
28,3088,"dependent"
26,3089,"dependent"
28,3090,"dependent"
28,3091,"dependent"
26,3092,"dependent"
30,3093,"dependent"
24,3094,"dependent"
24,3095,"dependent"
22,3096,"dependent"
24,3097,"dependent"
26,3098,"dependent"
24,3099,"dependent"
28,3100,"dependent"
26,3101,"dependent"
22,3102,"dependent"
22,3103,"dependent"
30,3104,"dependent"
24,3105,"dependent"
32,3106,"dependent"
28,3107,"dependent"
26,3108,"dependent"
28,3109,"dependent"
30,3110,"dependent"
16,3111,"dependent"
22,3112,"dependent"
26,3113,"dependent"
32,3114,"dependent"
24,3115,"dependent"
30,3116,"dependent"
26,3117,"dependent"
30,3118,"dependent"
22,3119,"dependent"
28,3120,"dependent"
26,3121,"dependent"
28,3122,"dependent"
24,3123,"dependent"
28,3124,"dependent"
26,3125,"dependent"
26,3126,"dependent"
26,3127,"dependent"
24,3128,"dependent"
32,3129,"dependent"
26,3130,"dependent"
24,3131,"dependent"
24,3132,"dependent"
28,3133,"dependent"
30,3134,"dependent"
22,3135,"dependent"
24,3136,"dependent"
28,3137,"dependent"
30,3138,"dependent"
28,3139,"dependent"
26,3140,"dependent"
30,3141,"dependent"
24,3142,"dependent"
30,3143,"dependent"
28,3144,"dependent"
28,3145,"dependent"
32,3146,"dependent"
28,3147,"dependent"
28,3148,"dependent"
26,3149,"dependent"
28,3150,"dependent"
30,3151,"dependent"
28,3152,"dependent"
26,3153,"dependent"
32,3154,"dependent"
24,3155,"dependent"
30,3156,"dependent"
26,3157,"dependent"
20,3158,"dependent"
28,3159,"dependent"
28,3160,"dependent"
28,3161,"dependent"
32,3162,"dependent"
28,3163,"dependent"
26,3164,"dependent"
24,3165,"dependent"
30,3166,"dependent"
32,3167,"dependent"
26,3168,"dependent"
28,3169,"dependent"
28,3170,"dependent"
28,3171,"dependent"
26,3172,"dependent"
24,3173,"dependent"
32,3174,"dependent"
24,3175,"dependent"
30,3176,"dependent"
30,3177,"dependent"
22,3178,"dependent"
24,3179,"dependent"
26,3180,"dependent"
26,3181,"dependent"
30,3182,"dependent"
28,3183,"dependent"
30,3184,"dependent"
20,3185,"dependent"
30,3186,"dependent"
26,3187,"dependent"
28,3188,"dependent"
24,3189,"dependent"
28,3190,"dependent"
26,3191,"dependent"
32,3192,"dependent"
30,3193,"dependent"
30,3194,"dependent"
24,3195,"dependent"
30,3196,"dependent"
30,3197,"dependent"
24,3198,"dependent"
28,3199,"dependent"
28,3200,"dependent"
30,3201,"dependent"
28,3202,"dependent"
32,3203,"dependent"
28,3204,"dependent"
30,3205,"dependent"
28,3206,"dependent"
30,3207,"dependent"
26,3208,"dependent"
22,3209,"dependent"
26,3210,"dependent"
28,3211,"dependent"
28,3212,"dependent"
24,3213,"dependent"
28,3214,"dependent"
30,3215,"dependent"
30,3216,"dependent"
24,3217,"dependent"
28,3218,"dependent"
22,3219,"dependent"
26,3220,"dependent"
24,3221,"dependent"
24,3222,"dependent"
22,3223,"dependent"
24,3224,"dependent"
28,3225,"dependent"
26,3226,"dependent"
30,3227,"dependent"
34,3228,"dependent"
22,3229,"dependent"
26,3230,"dependent"
26,3231,"dependent"
26,3232,"dependent"
28,3233,"dependent"
32,3234,"dependent"
22,3235,"dependent"
24,3236,"dependent"
24,3237,"dependent"
26,3238,"dependent"
32,3239,"dependent"
22,3240,"dependent"
24,3241,"dependent"
18,3242,"dependent"
28,3243,"dependent"
26,3244,"dependent"
32,3245,"dependent"
28,3246,"dependent"
26,3247,"dependent"
24,3248,"dependent"
22,3249,"dependent"
24,3250,"dependent"
30,3251,"dependent"
30,3252,"dependent"
22,3253,"dependent"
28,3254,"dependent"
24,3255,"dependent"
24,3256,"dependent"
28,3257,"dependent"
26,3258,"dependent"
26,3259,"dependent"
26,3260,"dependent"
30,3261,"dependent"
24,3262,"dependent"
30,3263,"dependent"
26,3264,"dependent"
32,3265,"dependent"
26,3266,"dependent"
30,3267,"dependent"
28,3268,"dependent"
24,3269,"dependent"
30,3270,"dependent"
28,3271,"dependent"
24,3272,"dependent"
26,3273,"dependent"
32,3274,"dependent"
24,3275,"dependent"
26,3276,"dependent"
24,3277,"dependent"
28,3278,"dependent"
26,3279,"dependent"
26,3280,"dependent"
26,3281,"dependent"
32,3282,"dependent"
30,3283,"dependent"
28,3284,"dependent"
22,3285,"dependent"
28,3286,"dependent"
26,3287,"dependent"
24,3288,"dependent"
24,3289,"dependent"
28,3290,"dependent"
24,3291,"dependent"
26,3292,"dependent"
26,3293,"dependent"
28,3294,"dependent"
30,3295,"dependent"
28,3296,"dependent"
34,3297,"dependent"
24,3298,"dependent"
26,3299,"dependent"
26,3300,"dependent"
26,3301,"dependent"
24,3302,"dependent"
30,3303,"dependent"
26,3304,"dependent"
26,3305,"dependent"
28,3306,"dependent"
24,3307,"dependent"
26,3308,"dependent"
32,3309,"dependent"
24,3310,"dependent"
32,3311,"dependent"
30,3312,"dependent"
30,3313,"dependent"
22,3314,"dependent"
26,3315,"dependent"
22,3316,"dependent"
32,3317,"dependent"
28,3318,"dependent"
30,3319,"dependent"
24,3320,"dependent"
26,3321,"dependent"
26,3322,"dependent"
22,3323,"dependent"
32,3324,"dependent"
30,3325,"dependent"
24,3326,"dependent"
28,3327,"dependent"
26,3328,"dependent"
30,3329,"dependent"
28,3330,"dependent"
24,3331,"dependent"
24,3332,"dependent"
32,3333,"dependent"
32,3334,"dependent"
30,3335,"dependent"
24,3336,"dependent"
28,3337,"dependent"
30,3338,"dependent"
26,3339,"dependent"
24,3340,"dependent"
32,3341,"dependent"
30,3342,"dependent"
30,3343,"dependent"
20,3344,"dependent"
22,3345,"dependent"
28,3346,"dependent"
32,3347,"dependent"
24,3348,"dependent"
32,3349,"dependent"
28,3350,"dependent"
24,3351,"dependent"
26,3352,"dependent"
28,3353,"dependent"
24,3354,"dependent"
28,3355,"dependent"
32,3356,"dependent"
22,3357,"dependent"
30,3358,"dependent"
28,3359,"dependent"
24,3360,"dependent"
28,3361,"dependent"
28,3362,"dependent"
26,3363,"dependent"
30,3364,"dependent"
26,3365,"dependent"
22,3366,"dependent"
26,3367,"dependent"
28,3368,"dependent"
24,3369,"dependent"
24,3370,"dependent"
26,3371,"dependent"
28,3372,"dependent"
22,3373,"dependent"
24,3374,"dependent"
30,3375,"dependent"
32,3376,"dependent"
28,3377,"dependent"
28,3378,"dependent"
30,3379,"dependent"
20,3380,"dependent"
32,3381,"dependent"
28,3382,"dependent"
26,3383,"dependent"
20,3384,"dependent"
30,3385,"dependent"
20,3386,"dependent"
26,3387,"dependent"
22,3388,"dependent"
22,3389,"dependent"
26,3390,"dependent"
22,3391,"dependent"
26,3392,"dependent"
32,3393,"dependent"
26,3394,"dependent"
32,3395,"dependent"
30,3396,"dependent"
28,3397,"dependent"
28,3398,"dependent"
30,3399,"dependent"
24,3400,"dependent"
26,3401,"dependent"
24,3402,"dependent"
30,3403,"dependent"
24,3404,"dependent"
28,3405,"dependent"
28,3406,"dependent"
20,3407,"dependent"
20,3408,"dependent"
28,3409,"dependent"
24,3410,"dependent"
18,3411,"dependent"
24,3412,"dependent"
26,3413,"dependent"
24,3414,"dependent"
34,3415,"dependent"
28,3416,"dependent"
28,3417,"dependent"
26,3418,"dependent"
30,3419,"dependent"
24,3420,"dependent"
18,3421,"dependent"
30,3422,"dependent"
30,3423,"dependent"
24,3424,"dependent"
30,3425,"dependent"
28,3426,"dependent"
24,3427,"dependent"
30,3428,"dependent"
24,3429,"dependent"
24,3430,"dependent"
26,3431,"dependent"
26,3432,"dependent"
24,3433,"dependent"
24,3434,"dependent"
22,3435,"dependent"
24,3436,"dependent"
26,3437,"dependent"
28,3438,"dependent"
26,3439,"dependent"
24,3440,"dependent"
24,3441,"dependent"
28,3442,"dependent"
28,3443,"dependent"
30,3444,"dependent"
20,3445,"dependent"
30,3446,"dependent"
34,3447,"dependent"
30,3448,"dependent"
28,3449,"dependent"
24,3450,"dependent"
30,3451,"dependent"
30,3452,"dependent"
26,3453,"dependent"
22,3454,"dependent"
28,3455,"dependent"
28,3456,"dependent"
30,3457,"dependent"
26,3458,"dependent"
24,3459,"dependent"
26,3460,"dependent"
24,3461,"dependent"
30,3462,"dependent"
26,3463,"dependent"
24,3464,"dependent"
26,3465,"dependent"
26,3466,"dependent"
26,3467,"dependent"
28,3468,"dependent"
26,3469,"dependent"
28,3470,"dependent"
28,3471,"dependent"
32,3472,"dependent"
26,3473,"dependent"
26,3474,"dependent"
22,3475,"dependent"
28,3476,"dependent"
24,3477,"dependent"
32,3478,"dependent"
32,3479,"dependent"
26,3480,"dependent"
30,3481,"dependent"
20,3482,"dependent"
26,3483,"dependent"
28,3484,"dependent"
24,3485,"dependent"
26,3486,"dependent"
26,3487,"dependent"
30,3488,"dependent"
22,3489,"dependent"
30,3490,"dependent"
24,3491,"dependent"
24,3492,"dependent"
30,3493,"dependent"
26,3494,"dependent"
26,3495,"dependent"
26,3496,"dependent"
28,3497,"dependent"
28,3498,"dependent"
32,3499,"dependent"
22,3500,"dependent"
26,3501,"dependent"
30,3502,"dependent"
28,3503,"dependent"
22,3504,"dependent"
22,3505,"dependent"
26,3506,"dependent"
20,3507,"dependent"
26,3508,"dependent"
26,3509,"dependent"
26,3510,"dependent"
30,3511,"dependent"
28,3512,"dependent"
30,3513,"dependent"
28,3514,"dependent"
30,3515,"dependent"
26,3516,"dependent"
24,3517,"dependent"
30,3518,"dependent"
32,3519,"dependent"
24,3520,"dependent"
28,3521,"dependent"
26,3522,"dependent"
30,3523,"dependent"
30,3524,"dependent"
30,3525,"dependent"
30,3526,"dependent"
30,3527,"dependent"
28,3528,"dependent"
28,3529,"dependent"
30,3530,"dependent"
34,3531,"dependent"
32,3532,"dependent"
26,3533,"dependent"
26,3534,"dependent"
30,3535,"dependent"
32,3536,"dependent"
28,3537,"dependent"
30,3538,"dependent"
28,3539,"dependent"
24,3540,"dependent"
22,3541,"dependent"
28,3542,"dependent"
26,3543,"dependent"
26,3544,"dependent"
26,3545,"dependent"
32,3546,"dependent"
26,3547,"dependent"
30,3548,"dependent"
26,3549,"dependent"
30,3550,"dependent"
26,3551,"dependent"
36,3552,"dependent"
32,3553,"dependent"
26,3554,"dependent"
26,3555,"dependent"
26,3556,"dependent"
30,3557,"dependent"
28,3558,"dependent"
30,3559,"dependent"
24,3560,"dependent"
26,3561,"dependent"
24,3562,"dependent"
26,3563,"dependent"
30,3564,"dependent"
24,3565,"dependent"
26,3566,"dependent"
22,3567,"dependent"
22,3568,"dependent"
28,3569,"dependent"
24,3570,"dependent"
26,3571,"dependent"
26,3572,"dependent"
26,3573,"dependent"
32,3574,"dependent"
26,3575,"dependent"
26,3576,"dependent"
26,3577,"dependent"
26,3578,"dependent"
32,3579,"dependent"
28,3580,"dependent"
26,3581,"dependent"
28,3582,"dependent"
22,3583,"dependent"
36,3584,"dependent"
28,3585,"dependent"
28,3586,"dependent"
24,3587,"dependent"
30,3588,"dependent"
28,3589,"dependent"
28,3590,"dependent"
28,3591,"dependent"
26,3592,"dependent"
28,3593,"dependent"
26,3594,"dependent"
24,3595,"dependent"
22,3596,"dependent"
24,3597,"dependent"
30,3598,"dependent"
32,3599,"dependent"
28,3600,"dependent"
30,3601,"dependent"
22,3602,"dependent"
30,3603,"dependent"
28,3604,"dependent"
30,3605,"dependent"
32,3606,"dependent"
28,3607,"dependent"
30,3608,"dependent"
22,3609,"dependent"
26,3610,"dependent"
26,3611,"dependent"
26,3612,"dependent"
24,3613,"dependent"
24,3614,"dependent"
28,3615,"dependent"
28,3616,"dependent"
22,3617,"dependent"
26,3618,"dependent"
24,3619,"dependent"
30,3620,"dependent"
32,3621,"dependent"
26,3622,"dependent"
28,3623,"dependent"
30,3624,"dependent"
26,3625,"dependent"
26,3626,"dependent"
26,3627,"dependent"
30,3628,"dependent"
28,3629,"dependent"
26,3630,"dependent"
24,3631,"dependent"
20,3632,"dependent"
28,3633,"dependent"
26,3634,"dependent"
22,3635,"dependent"
18,3636,"dependent"
26,3637,"dependent"
32,3638,"dependent"
30,3639,"dependent"
30,3640,"dependent"
32,3641,"dependent"
30,3642,"dependent"
28,3643,"dependent"
26,3644,"dependent"
26,3645,"dependent"
20,3646,"dependent"
22,3647,"dependent"
30,3648,"dependent"
26,3649,"dependent"
26,3650,"dependent"
28,3651,"dependent"
22,3652,"dependent"
30,3653,"dependent"
32,3654,"dependent"
26,3655,"dependent"
28,3656,"dependent"
30,3657,"dependent"
26,3658,"dependent"
30,3659,"dependent"
26,3660,"dependent"
22,3661,"dependent"
26,3662,"dependent"
32,3663,"dependent"
22,3664,"dependent"
30,3665,"dependent"
24,3666,"dependent"
28,3667,"dependent"
30,3668,"dependent"
22,3669,"dependent"
28,3670,"dependent"
34,3671,"dependent"
24,3672,"dependent"
28,3673,"dependent"
28,3674,"dependent"
22,3675,"dependent"
28,3676,"dependent"
30,3677,"dependent"
26,3678,"dependent"
30,3679,"dependent"
26,3680,"dependent"
28,3681,"dependent"
28,3682,"dependent"
26,3683,"dependent"
24,3684,"dependent"
20,3685,"dependent"
26,3686,"dependent"
28,3687,"dependent"
28,3688,"dependent"
30,3689,"dependent"
32,3690,"dependent"
28,3691,"dependent"
28,3692,"dependent"
24,3693,"dependent"
30,3694,"dependent"
26,3695,"dependent"
28,3696,"dependent"
26,3697,"dependent"
26,3698,"dependent"
30,3699,"dependent"
24,3700,"dependent"
22,3701,"dependent"
22,3702,"dependent"
26,3703,"dependent"
26,3704,"dependent"
30,3705,"dependent"
26,3706,"dependent"
12,3707,"dependent"
28,3708,"dependent"
26,3709,"dependent"
28,3710,"dependent"
22,3711,"dependent"
22,3712,"dependent"
30,3713,"dependent"
24,3714,"dependent"
28,3715,"dependent"
22,3716,"dependent"
22,3717,"dependent"
26,3718,"dependent"
26,3719,"dependent"
30,3720,"dependent"
30,3721,"dependent"
30,3722,"dependent"
20,3723,"dependent"
24,3724,"dependent"
28,3725,"dependent"
26,3726,"dependent"
28,3727,"dependent"
30,3728,"dependent"
24,3729,"dependent"
24,3730,"dependent"
32,3731,"dependent"
26,3732,"dependent"
28,3733,"dependent"
30,3734,"dependent"
22,3735,"dependent"
30,3736,"dependent"
28,3737,"dependent"
28,3738,"dependent"
30,3739,"dependent"
28,3740,"dependent"
36,3741,"dependent"
30,3742,"dependent"
30,3743,"dependent"
26,3744,"dependent"
24,3745,"dependent"
28,3746,"dependent"
30,3747,"dependent"
24,3748,"dependent"
32,3749,"dependent"
28,3750,"dependent"
26,3751,"dependent"
28,3752,"dependent"
26,3753,"dependent"
36,3754,"dependent"
26,3755,"dependent"
32,3756,"dependent"
26,3757,"dependent"
28,3758,"dependent"
26,3759,"dependent"
28,3760,"dependent"
30,3761,"dependent"
24,3762,"dependent"
28,3763,"dependent"
28,3764,"dependent"
28,3765,"dependent"
28,3766,"dependent"
30,3767,"dependent"
24,3768,"dependent"
26,3769,"dependent"
30,3770,"dependent"
24,3771,"dependent"
30,3772,"dependent"
26,3773,"dependent"
30,3774,"dependent"
20,3775,"dependent"
30,3776,"dependent"
30,3777,"dependent"
24,3778,"dependent"
28,3779,"dependent"
24,3780,"dependent"
30,3781,"dependent"
24,3782,"dependent"
28,3783,"dependent"
22,3784,"dependent"
30,3785,"dependent"
32,3786,"dependent"
26,3787,"dependent"
24,3788,"dependent"
32,3789,"dependent"
24,3790,"dependent"
30,3791,"dependent"
28,3792,"dependent"
26,3793,"dependent"
28,3794,"dependent"
30,3795,"dependent"
30,3796,"dependent"
26,3797,"dependent"
24,3798,"dependent"
30,3799,"dependent"
26,3800,"dependent"
26,3801,"dependent"
24,3802,"dependent"
26,3803,"dependent"
24,3804,"dependent"
26,3805,"dependent"
28,3806,"dependent"
26,3807,"dependent"
28,3808,"dependent"
26,3809,"dependent"
30,3810,"dependent"
24,3811,"dependent"
30,3812,"dependent"
28,3813,"dependent"
28,3814,"dependent"
30,3815,"dependent"
26,3816,"dependent"
28,3817,"dependent"
28,3818,"dependent"
28,3819,"dependent"
28,3820,"dependent"
28,3821,"dependent"
30,3822,"dependent"
24,3823,"dependent"
28,3824,"dependent"
30,3825,"dependent"
30,3826,"dependent"
32,3827,"dependent"
22,3828,"dependent"
32,3829,"dependent"
28,3830,"dependent"
28,3831,"dependent"
20,3832,"dependent"
30,3833,"dependent"
26,3834,"dependent"
26,3835,"dependent"
26,3836,"dependent"
28,3837,"dependent"
20,3838,"dependent"
22,3839,"dependent"
24,3840,"dependent"
26,3841,"dependent"
30,3842,"dependent"
26,3843,"dependent"
30,3844,"dependent"
24,3845,"dependent"
26,3846,"dependent"
30,3847,"dependent"
26,3848,"dependent"
28,3849,"dependent"
28,3850,"dependent"
26,3851,"dependent"
24,3852,"dependent"
28,3853,"dependent"
28,3854,"dependent"
24,3855,"dependent"
24,3856,"dependent"
26,3857,"dependent"
28,3858,"dependent"
26,3859,"dependent"
30,3860,"dependent"
26,3861,"dependent"
24,3862,"dependent"
28,3863,"dependent"
30,3864,"dependent"
32,3865,"dependent"
30,3866,"dependent"
28,3867,"dependent"
20,3868,"dependent"
30,3869,"dependent"
28,3870,"dependent"
24,3871,"dependent"
22,3872,"dependent"
28,3873,"dependent"
20,3874,"dependent"
26,3875,"dependent"
32,3876,"dependent"
28,3877,"dependent"
32,3878,"dependent"
26,3879,"dependent"
22,3880,"dependent"
28,3881,"dependent"
24,3882,"dependent"
32,3883,"dependent"
24,3884,"dependent"
32,3885,"dependent"
28,3886,"dependent"
26,3887,"dependent"
30,3888,"dependent"
24,3889,"dependent"
30,3890,"dependent"
26,3891,"dependent"
28,3892,"dependent"
24,3893,"dependent"
24,3894,"dependent"
26,3895,"dependent"
26,3896,"dependent"
26,3897,"dependent"
28,3898,"dependent"
26,3899,"dependent"
24,3900,"dependent"
26,3901,"dependent"
24,3902,"dependent"
28,3903,"dependent"
30,3904,"dependent"
26,3905,"dependent"
26,3906,"dependent"
26,3907,"dependent"
26,3908,"dependent"
28,3909,"dependent"
24,3910,"dependent"
30,3911,"dependent"
30,3912,"dependent"
22,3913,"dependent"
28,3914,"dependent"
24,3915,"dependent"
30,3916,"dependent"
28,3917,"dependent"
24,3918,"dependent"
30,3919,"dependent"
28,3920,"dependent"
24,3921,"dependent"
28,3922,"dependent"
20,3923,"dependent"
36,3924,"dependent"
30,3925,"dependent"
28,3926,"dependent"
28,3927,"dependent"
26,3928,"dependent"
24,3929,"dependent"
26,3930,"dependent"
26,3931,"dependent"
26,3932,"dependent"
30,3933,"dependent"
26,3934,"dependent"
24,3935,"dependent"
28,3936,"dependent"
24,3937,"dependent"
22,3938,"dependent"
26,3939,"dependent"
28,3940,"dependent"
28,3941,"dependent"
24,3942,"dependent"
26,3943,"dependent"
24,3944,"dependent"
28,3945,"dependent"
20,3946,"dependent"
18,3947,"dependent"
24,3948,"dependent"
30,3949,"dependent"
22,3950,"dependent"
30,3951,"dependent"
24,3952,"dependent"
28,3953,"dependent"
26,3954,"dependent"
28,3955,"dependent"
30,3956,"dependent"
30,3957,"dependent"
26,3958,"dependent"
28,3959,"dependent"
20,3960,"dependent"
28,3961,"dependent"
24,3962,"dependent"
28,3963,"dependent"
26,3964,"dependent"
26,3965,"dependent"
26,3966,"dependent"
26,3967,"dependent"
28,3968,"dependent"
28,3969,"dependent"
28,3970,"dependent"
26,3971,"dependent"
26,3972,"dependent"
20,3973,"dependent"
26,3974,"dependent"
30,3975,"dependent"
26,3976,"dependent"
26,3977,"dependent"
34,3978,"dependent"
30,3979,"dependent"
24,3980,"dependent"
32,3981,"dependent"
32,3982,"dependent"
18,3983,"dependent"
26,3984,"dependent"
26,3985,"dependent"
32,3986,"dependent"
22,3987,"dependent"
28,3988,"dependent"
28,3989,"dependent"
26,3990,"dependent"
24,3991,"dependent"
26,3992,"dependent"
32,3993,"dependent"
26,3994,"dependent"
28,3995,"dependent"
26,3996,"dependent"
24,3997,"dependent"
28,3998,"dependent"
24,3999,"dependent"
22,4000,"dependent"
22,4001,"dependent"
22,4002,"dependent"
30,4003,"dependent"
28,4004,"dependent"
26,4005,"dependent"
30,4006,"dependent"
22,4007,"dependent"
24,4008,"dependent"
22,4009,"dependent"
32,4010,"dependent"
30,4011,"dependent"
30,4012,"dependent"
28,4013,"dependent"
28,4014,"dependent"
24,4015,"dependent"
28,4016,"dependent"
26,4017,"dependent"
28,4018,"dependent"
26,4019,"dependent"
20,4020,"dependent"
26,4021,"dependent"
24,4022,"dependent"
24,4023,"dependent"
28,4024,"dependent"
28,4025,"dependent"
28,4026,"dependent"
24,4027,"dependent"
26,4028,"dependent"
30,4029,"dependent"
26,4030,"dependent"
28,4031,"dependent"
24,4032,"dependent"
24,4033,"dependent"
28,4034,"dependent"
30,4035,"dependent"
26,4036,"dependent"
18,4037,"dependent"
32,4038,"dependent"
30,4039,"dependent"
30,4040,"dependent"
28,4041,"dependent"
20,4042,"dependent"
26,4043,"dependent"
30,4044,"dependent"
28,4045,"dependent"
26,4046,"dependent"
18,4047,"dependent"
26,4048,"dependent"
26,4049,"dependent"
32,4050,"dependent"
26,4051,"dependent"
34,4052,"dependent"
30,4053,"dependent"
26,4054,"dependent"
26,4055,"dependent"
26,4056,"dependent"
30,4057,"dependent"
30,4058,"dependent"
28,4059,"dependent"
22,4060,"dependent"
28,4061,"dependent"
26,4062,"dependent"
26,4063,"dependent"
26,4064,"dependent"
28,4065,"dependent"
22,4066,"dependent"
28,4067,"dependent"
30,4068,"dependent"
22,4069,"dependent"
22,4070,"dependent"
24,4071,"dependent"
24,4072,"dependent"
22,4073,"dependent"
30,4074,"dependent"
26,4075,"dependent"
26,4076,"dependent"
26,4077,"dependent"
22,4078,"dependent"
22,4079,"dependent"
28,4080,"dependent"
28,4081,"dependent"
24,4082,"dependent"
24,4083,"dependent"
26,4084,"dependent"
26,4085,"dependent"
24,4086,"dependent"
30,4087,"dependent"
36,4088,"dependent"
28,4089,"dependent"
28,4090,"dependent"
30,4091,"dependent"
28,4092,"dependent"
30,4093,"dependent"
26,4094,"dependent"
26,4095,"dependent"
30,4096,"dependent"
20,4097,"dependent"
32,4098,"dependent"
24,4099,"dependent"
26,4100,"dependent"
24,4101,"dependent"
24,4102,"dependent"
30,4103,"dependent"
26,4104,"dependent"
32,4105,"dependent"
32,4106,"dependent"
24,4107,"dependent"
22,4108,"dependent"
24,4109,"dependent"
24,4110,"dependent"
28,4111,"dependent"
32,4112,"dependent"
30,4113,"dependent"
24,4114,"dependent"
32,4115,"dependent"
32,4116,"dependent"
20,4117,"dependent"
28,4118,"dependent"
28,4119,"dependent"
28,4120,"dependent"
26,4121,"dependent"
28,4122,"dependent"
28,4123,"dependent"
26,4124,"dependent"
26,4125,"dependent"
24,4126,"dependent"
34,4127,"dependent"
24,4128,"dependent"
24,4129,"dependent"
34,4130,"dependent"
28,4131,"dependent"
28,4132,"dependent"
30,4133,"dependent"
30,4134,"dependent"
28,4135,"dependent"
26,4136,"dependent"
28,4137,"dependent"
26,4138,"dependent"
26,4139,"dependent"
30,4140,"dependent"
32,4141,"dependent"
30,4142,"dependent"
26,4143,"dependent"
28,4144,"dependent"
22,4145,"dependent"
20,4146,"dependent"
26,4147,"dependent"
22,4148,"dependent"
28,4149,"dependent"
30,4150,"dependent"
20,4151,"dependent"
28,4152,"dependent"
28,4153,"dependent"
30,4154,"dependent"
24,4155,"dependent"
28,4156,"dependent"
28,4157,"dependent"
30,4158,"dependent"
20,4159,"dependent"
20,4160,"dependent"
26,4161,"dependent"
26,4162,"dependent"
26,4163,"dependent"
30,4164,"dependent"
30,4165,"dependent"
26,4166,"dependent"
30,4167,"dependent"
20,4168,"dependent"
28,4169,"dependent"
28,4170,"dependent"
32,4171,"dependent"
32,4172,"dependent"
30,4173,"dependent"
28,4174,"dependent"
26,4175,"dependent"
28,4176,"dependent"
26,4177,"dependent"
24,4178,"dependent"
24,4179,"dependent"
26,4180,"dependent"
30,4181,"dependent"
28,4182,"dependent"
32,4183,"dependent"
32,4184,"dependent"
26,4185,"dependent"
28,4186,"dependent"
26,4187,"dependent"
28,4188,"dependent"
30,4189,"dependent"
30,4190,"dependent"
24,4191,"dependent"
26,4192,"dependent"
30,4193,"dependent"
30,4194,"dependent"
30,4195,"dependent"
26,4196,"dependent"
28,4197,"dependent"
28,4198,"dependent"
24,4199,"dependent"
32,4200,"dependent"
26,4201,"dependent"
22,4202,"dependent"
26,4203,"dependent"
24,4204,"dependent"
28,4205,"dependent"
28,4206,"dependent"
30,4207,"dependent"
22,4208,"dependent"
22,4209,"dependent"
32,4210,"dependent"
26,4211,"dependent"
34,4212,"dependent"
28,4213,"dependent"
26,4214,"dependent"
28,4215,"dependent"
28,4216,"dependent"
26,4217,"dependent"
30,4218,"dependent"
20,4219,"dependent"
26,4220,"dependent"
22,4221,"dependent"
26,4222,"dependent"
24,4223,"dependent"
26,4224,"dependent"
34,4225,"dependent"
26,4226,"dependent"
26,4227,"dependent"
24,4228,"dependent"
28,4229,"dependent"
30,4230,"dependent"
24,4231,"dependent"
26,4232,"dependent"
30,4233,"dependent"
26,4234,"dependent"
28,4235,"dependent"
32,4236,"dependent"
26,4237,"dependent"
24,4238,"dependent"
20,4239,"dependent"
28,4240,"dependent"
30,4241,"dependent"
30,4242,"dependent"
28,4243,"dependent"
28,4244,"dependent"
30,4245,"dependent"
24,4246,"dependent"
26,4247,"dependent"
30,4248,"dependent"
28,4249,"dependent"
28,4250,"dependent"
26,4251,"dependent"
28,4252,"dependent"
28,4253,"dependent"
26,4254,"dependent"
34,4255,"dependent"
30,4256,"dependent"
30,4257,"dependent"
30,4258,"dependent"
28,4259,"dependent"
28,4260,"dependent"
28,4261,"dependent"
24,4262,"dependent"
28,4263,"dependent"
24,4264,"dependent"
28,4265,"dependent"
30,4266,"dependent"
26,4267,"dependent"
22,4268,"dependent"
18,4269,"dependent"
22,4270,"dependent"
26,4271,"dependent"
24,4272,"dependent"
26,4273,"dependent"
28,4274,"dependent"
30,4275,"dependent"
22,4276,"dependent"
28,4277,"dependent"
28,4278,"dependent"
24,4279,"dependent"
28,4280,"dependent"
28,4281,"dependent"
28,4282,"dependent"
30,4283,"dependent"
30,4284,"dependent"
24,4285,"dependent"
28,4286,"dependent"
24,4287,"dependent"
28,4288,"dependent"
24,4289,"dependent"
28,4290,"dependent"
28,4291,"dependent"
26,4292,"dependent"
28,4293,"dependent"
28,4294,"dependent"
30,4295,"dependent"
28,4296,"dependent"
30,4297,"dependent"
22,4298,"dependent"
32,4299,"dependent"
26,4300,"dependent"
28,4301,"dependent"
36,4302,"dependent"
22,4303,"dependent"
24,4304,"dependent"
28,4305,"dependent"
30,4306,"dependent"
28,4307,"dependent"
30,4308,"dependent"
24,4309,"dependent"
28,4310,"dependent"
32,4311,"dependent"
26,4312,"dependent"
26,4313,"dependent"
28,4314,"dependent"
32,4315,"dependent"
28,4316,"dependent"
26,4317,"dependent"
30,4318,"dependent"
26,4319,"dependent"
30,4320,"dependent"
18,4321,"dependent"
28,4322,"dependent"
32,4323,"dependent"
26,4324,"dependent"
28,4325,"dependent"
26,4326,"dependent"
26,4327,"dependent"
32,4328,"dependent"
30,4329,"dependent"
28,4330,"dependent"
22,4331,"dependent"
28,4332,"dependent"
24,4333,"dependent"
32,4334,"dependent"
28,4335,"dependent"
26,4336,"dependent"
28,4337,"dependent"
26,4338,"dependent"
20,4339,"dependent"
24,4340,"dependent"
32,4341,"dependent"
24,4342,"dependent"
22,4343,"dependent"
24,4344,"dependent"
30,4345,"dependent"
30,4346,"dependent"
32,4347,"dependent"
32,4348,"dependent"
26,4349,"dependent"
30,4350,"dependent"
22,4351,"dependent"
34,4352,"dependent"
28,4353,"dependent"
24,4354,"dependent"
26,4355,"dependent"
30,4356,"dependent"
24,4357,"dependent"
28,4358,"dependent"
26,4359,"dependent"
24,4360,"dependent"
26,4361,"dependent"
22,4362,"dependent"
28,4363,"dependent"
20,4364,"dependent"
24,4365,"dependent"
28,4366,"dependent"
20,4367,"dependent"
32,4368,"dependent"
28,4369,"dependent"
32,4370,"dependent"
28,4371,"dependent"
34,4372,"dependent"
30,4373,"dependent"
28,4374,"dependent"
28,4375,"dependent"
26,4376,"dependent"
30,4377,"dependent"
20,4378,"dependent"
20,4379,"dependent"
20,4380,"dependent"
24,4381,"dependent"
30,4382,"dependent"
26,4383,"dependent"
28,4384,"dependent"
24,4385,"dependent"
26,4386,"dependent"
22,4387,"dependent"
28,4388,"dependent"
22,4389,"dependent"
34,4390,"dependent"
20,4391,"dependent"
24,4392,"dependent"
28,4393,"dependent"
26,4394,"dependent"
30,4395,"dependent"
28,4396,"dependent"
28,4397,"dependent"
26,4398,"dependent"
28,4399,"dependent"
30,4400,"dependent"
28,4401,"dependent"
24,4402,"dependent"
28,4403,"dependent"
26,4404,"dependent"
22,4405,"dependent"
26,4406,"dependent"
26,4407,"dependent"
26,4408,"dependent"
30,4409,"dependent"
28,4410,"dependent"
34,4411,"dependent"
30,4412,"dependent"
28,4413,"dependent"
26,4414,"dependent"
26,4415,"dependent"
30,4416,"dependent"
30,4417,"dependent"
28,4418,"dependent"
32,4419,"dependent"
28,4420,"dependent"
28,4421,"dependent"
24,4422,"dependent"
26,4423,"dependent"
28,4424,"dependent"
28,4425,"dependent"
26,4426,"dependent"
30,4427,"dependent"
28,4428,"dependent"
28,4429,"dependent"
28,4430,"dependent"
28,4431,"dependent"
26,4432,"dependent"
26,4433,"dependent"
32,4434,"dependent"
24,4435,"dependent"
28,4436,"dependent"
28,4437,"dependent"
28,4438,"dependent"
30,4439,"dependent"
28,4440,"dependent"
28,4441,"dependent"
28,4442,"dependent"
28,4443,"dependent"
28,4444,"dependent"
24,4445,"dependent"
24,4446,"dependent"
24,4447,"dependent"
30,4448,"dependent"
26,4449,"dependent"
28,4450,"dependent"
26,4451,"dependent"
24,4452,"dependent"
26,4453,"dependent"
24,4454,"dependent"
26,4455,"dependent"
26,4456,"dependent"
26,4457,"dependent"
26,4458,"dependent"
26,4459,"dependent"
22,4460,"dependent"
28,4461,"dependent"
26,4462,"dependent"
22,4463,"dependent"
20,4464,"dependent"
26,4465,"dependent"
28,4466,"dependent"
28,4467,"dependent"
26,4468,"dependent"
28,4469,"dependent"
28,4470,"dependent"
24,4471,"dependent"
30,4472,"dependent"
26,4473,"dependent"
24,4474,"dependent"
28,4475,"dependent"
20,4476,"dependent"
32,4477,"dependent"
30,4478,"dependent"
28,4479,"dependent"
22,4480,"dependent"
26,4481,"dependent"
30,4482,"dependent"
32,4483,"dependent"
26,4484,"dependent"
32,4485,"dependent"
26,4486,"dependent"
26,4487,"dependent"
26,4488,"dependent"
28,4489,"dependent"
20,4490,"dependent"
24,4491,"dependent"
28,4492,"dependent"
26,4493,"dependent"
30,4494,"dependent"
26,4495,"dependent"
26,4496,"dependent"
28,4497,"dependent"
26,4498,"dependent"
24,4499,"dependent"
30,4500,"dependent"
28,4501,"dependent"
30,4502,"dependent"
22,4503,"dependent"
34,4504,"dependent"
24,4505,"dependent"
26,4506,"dependent"
30,4507,"dependent"
22,4508,"dependent"
26,4509,"dependent"
28,4510,"dependent"
32,4511,"dependent"
24,4512,"dependent"
26,4513,"dependent"
32,4514,"dependent"
28,4515,"dependent"
28,4516,"dependent"
28,4517,"dependent"
22,4518,"dependent"
26,4519,"dependent"
28,4520,"dependent"
20,4521,"dependent"
18,4522,"dependent"
32,4523,"dependent"
26,4524,"dependent"
28,4525,"dependent"
26,4526,"dependent"
24,4527,"dependent"
30,4528,"dependent"
30,4529,"dependent"
24,4530,"dependent"
28,4531,"dependent"
24,4532,"dependent"
26,4533,"dependent"
30,4534,"dependent"
30,4535,"dependent"
26,4536,"dependent"
26,4537,"dependent"
32,4538,"dependent"
30,4539,"dependent"
24,4540,"dependent"
28,4541,"dependent"
26,4542,"dependent"
28,4543,"dependent"
28,4544,"dependent"
30,4545,"dependent"
26,4546,"dependent"
32,4547,"dependent"
28,4548,"dependent"
32,4549,"dependent"
30,4550,"dependent"
24,4551,"dependent"
26,4552,"dependent"
26,4553,"dependent"
24,4554,"dependent"
20,4555,"dependent"
20,4556,"dependent"
30,4557,"dependent"
26,4558,"dependent"
26,4559,"dependent"
30,4560,"dependent"
24,4561,"dependent"
24,4562,"dependent"
22,4563,"dependent"
28,4564,"dependent"
26,4565,"dependent"
26,4566,"dependent"
24,4567,"dependent"
26,4568,"dependent"
26,4569,"dependent"
28,4570,"dependent"
26,4571,"dependent"
24,4572,"dependent"
22,4573,"dependent"
24,4574,"dependent"
26,4575,"dependent"
28,4576,"dependent"
28,4577,"dependent"
28,4578,"dependent"
28,4579,"dependent"
28,4580,"dependent"
24,4581,"dependent"
28,4582,"dependent"
28,4583,"dependent"
30,4584,"dependent"
28,4585,"dependent"
28,4586,"dependent"
28,4587,"dependent"
24,4588,"dependent"
26,4589,"dependent"
24,4590,"dependent"
26,4591,"dependent"
20,4592,"dependent"
24,4593,"dependent"
30,4594,"dependent"
32,4595,"dependent"
24,4596,"dependent"
24,4597,"dependent"
26,4598,"dependent"
28,4599,"dependent"
32,4600,"dependent"
32,4601,"dependent"
28,4602,"dependent"
26,4603,"dependent"
24,4604,"dependent"
30,4605,"dependent"
26,4606,"dependent"
30,4607,"dependent"
24,4608,"dependent"
24,4609,"dependent"
22,4610,"dependent"
30,4611,"dependent"
30,4612,"dependent"
30,4613,"dependent"
32,4614,"dependent"
24,4615,"dependent"
30,4616,"dependent"
28,4617,"dependent"
26,4618,"dependent"
28,4619,"dependent"
20,4620,"dependent"
26,4621,"dependent"
24,4622,"dependent"
32,4623,"dependent"
32,4624,"dependent"
28,4625,"dependent"
26,4626,"dependent"
22,4627,"dependent"
28,4628,"dependent"
30,4629,"dependent"
18,4630,"dependent"
26,4631,"dependent"
26,4632,"dependent"
28,4633,"dependent"
32,4634,"dependent"
22,4635,"dependent"
30,4636,"dependent"
36,4637,"dependent"
30,4638,"dependent"
32,4639,"dependent"
28,4640,"dependent"
30,4641,"dependent"
26,4642,"dependent"
24,4643,"dependent"
28,4644,"dependent"
26,4645,"dependent"
26,4646,"dependent"
24,4647,"dependent"
28,4648,"dependent"
28,4649,"dependent"
26,4650,"dependent"
26,4651,"dependent"
26,4652,"dependent"
26,4653,"dependent"
26,4654,"dependent"
32,4655,"dependent"
26,4656,"dependent"
24,4657,"dependent"
26,4658,"dependent"
30,4659,"dependent"
26,4660,"dependent"
34,4661,"dependent"
28,4662,"dependent"
26,4663,"dependent"
24,4664,"dependent"
26,4665,"dependent"
32,4666,"dependent"
16,4667,"dependent"
32,4668,"dependent"
28,4669,"dependent"
28,4670,"dependent"
26,4671,"dependent"
16,4672,"dependent"
24,4673,"dependent"
32,4674,"dependent"
28,4675,"dependent"
28,4676,"dependent"
28,4677,"dependent"
28,4678,"dependent"
32,4679,"dependent"
26,4680,"dependent"
30,4681,"dependent"
26,4682,"dependent"
24,4683,"dependent"
26,4684,"dependent"
28,4685,"dependent"
22,4686,"dependent"
22,4687,"dependent"
26,4688,"dependent"
28,4689,"dependent"
28,4690,"dependent"
26,4691,"dependent"
26,4692,"dependent"
26,4693,"dependent"
30,4694,"dependent"
24,4695,"dependent"
20,4696,"dependent"
30,4697,"dependent"
28,4698,"dependent"
26,4699,"dependent"
26,4700,"dependent"
20,4701,"dependent"
26,4702,"dependent"
30,4703,"dependent"
24,4704,"dependent"
26,4705,"dependent"
28,4706,"dependent"
16,4707,"dependent"
28,4708,"dependent"
30,4709,"dependent"
26,4710,"dependent"
28,4711,"dependent"
22,4712,"dependent"
26,4713,"dependent"
30,4714,"dependent"
26,4715,"dependent"
26,4716,"dependent"
24,4717,"dependent"
30,4718,"dependent"
30,4719,"dependent"
26,4720,"dependent"
36,4721,"dependent"
24,4722,"dependent"
28,4723,"dependent"
28,4724,"dependent"
24,4725,"dependent"
26,4726,"dependent"
28,4727,"dependent"
28,4728,"dependent"
26,4729,"dependent"
30,4730,"dependent"
30,4731,"dependent"
26,4732,"dependent"
24,4733,"dependent"
32,4734,"dependent"
26,4735,"dependent"
30,4736,"dependent"
30,4737,"dependent"
26,4738,"dependent"
24,4739,"dependent"
22,4740,"dependent"
28,4741,"dependent"
26,4742,"dependent"
26,4743,"dependent"
32,4744,"dependent"
30,4745,"dependent"
26,4746,"dependent"
30,4747,"dependent"
30,4748,"dependent"
22,4749,"dependent"
32,4750,"dependent"
30,4751,"dependent"
30,4752,"dependent"
24,4753,"dependent"
28,4754,"dependent"
26,4755,"dependent"
26,4756,"dependent"
22,4757,"dependent"
28,4758,"dependent"
22,4759,"dependent"
20,4760,"dependent"
26,4761,"dependent"
28,4762,"dependent"
28,4763,"dependent"
26,4764,"dependent"
30,4765,"dependent"
30,4766,"dependent"
24,4767,"dependent"
32,4768,"dependent"
30,4769,"dependent"
28,4770,"dependent"
30,4771,"dependent"
24,4772,"dependent"
22,4773,"dependent"
28,4774,"dependent"
26,4775,"dependent"
32,4776,"dependent"
24,4777,"dependent"
26,4778,"dependent"
24,4779,"dependent"
28,4780,"dependent"
32,4781,"dependent"
28,4782,"dependent"
24,4783,"dependent"
22,4784,"dependent"
24,4785,"dependent"
30,4786,"dependent"
26,4787,"dependent"
20,4788,"dependent"
26,4789,"dependent"
26,4790,"dependent"
20,4791,"dependent"
30,4792,"dependent"
26,4793,"dependent"
30,4794,"dependent"
28,4795,"dependent"
30,4796,"dependent"
26,4797,"dependent"
26,4798,"dependent"
28,4799,"dependent"
28,4800,"dependent"
28,4801,"dependent"
28,4802,"dependent"
30,4803,"dependent"
32,4804,"dependent"
26,4805,"dependent"
24,4806,"dependent"
24,4807,"dependent"
28,4808,"dependent"
24,4809,"dependent"
20,4810,"dependent"
28,4811,"dependent"
28,4812,"dependent"
24,4813,"dependent"
26,4814,"dependent"
30,4815,"dependent"
24,4816,"dependent"
28,4817,"dependent"
24,4818,"dependent"
30,4819,"dependent"
28,4820,"dependent"
24,4821,"dependent"
30,4822,"dependent"
26,4823,"dependent"
26,4824,"dependent"
24,4825,"dependent"
28,4826,"dependent"
24,4827,"dependent"
32,4828,"dependent"
26,4829,"dependent"
32,4830,"dependent"
24,4831,"dependent"
32,4832,"dependent"
26,4833,"dependent"
26,4834,"dependent"
24,4835,"dependent"
28,4836,"dependent"
22,4837,"dependent"
30,4838,"dependent"
20,4839,"dependent"
30,4840,"dependent"
26,4841,"dependent"
26,4842,"dependent"
26,4843,"dependent"
24,4844,"dependent"
28,4845,"dependent"
30,4846,"dependent"
30,4847,"dependent"
24,4848,"dependent"
20,4849,"dependent"
20,4850,"dependent"
28,4851,"dependent"
24,4852,"dependent"
24,4853,"dependent"
28,4854,"dependent"
30,4855,"dependent"
28,4856,"dependent"
28,4857,"dependent"
24,4858,"dependent"
24,4859,"dependent"
26,4860,"dependent"
28,4861,"dependent"
24,4862,"dependent"
30,4863,"dependent"
28,4864,"dependent"
28,4865,"dependent"
32,4866,"dependent"
30,4867,"dependent"
26,4868,"dependent"
28,4869,"dependent"
26,4870,"dependent"
28,4871,"dependent"
26,4872,"dependent"
26,4873,"dependent"
28,4874,"dependent"
26,4875,"dependent"
28,4876,"dependent"
22,4877,"dependent"
16,4878,"dependent"
28,4879,"dependent"
26,4880,"dependent"
30,4881,"dependent"
30,4882,"dependent"
24,4883,"dependent"
30,4884,"dependent"
26,4885,"dependent"
26,4886,"dependent"
30,4887,"dependent"
28,4888,"dependent"
26,4889,"dependent"
24,4890,"dependent"
24,4891,"dependent"
30,4892,"dependent"
28,4893,"dependent"
24,4894,"dependent"
22,4895,"dependent"
30,4896,"dependent"
28,4897,"dependent"
26,4898,"dependent"
30,4899,"dependent"
30,4900,"dependent"
30,4901,"dependent"
30,4902,"dependent"
30,4903,"dependent"
28,4904,"dependent"
26,4905,"dependent"
22,4906,"dependent"
26,4907,"dependent"
26,4908,"dependent"
24,4909,"dependent"
14,4910,"dependent"
20,4911,"dependent"
24,4912,"dependent"
26,4913,"dependent"
20,4914,"dependent"
22,4915,"dependent"
28,4916,"dependent"
20,4917,"dependent"
30,4918,"dependent"
28,4919,"dependent"
24,4920,"dependent"
26,4921,"dependent"
28,4922,"dependent"
24,4923,"dependent"
24,4924,"dependent"
26,4925,"dependent"
30,4926,"dependent"
30,4927,"dependent"
28,4928,"dependent"
28,4929,"dependent"
30,4930,"dependent"
24,4931,"dependent"
24,4932,"dependent"
28,4933,"dependent"
26,4934,"dependent"
20,4935,"dependent"
34,4936,"dependent"
22,4937,"dependent"
30,4938,"dependent"
26,4939,"dependent"
26,4940,"dependent"
26,4941,"dependent"
30,4942,"dependent"
30,4943,"dependent"
28,4944,"dependent"
20,4945,"dependent"
22,4946,"dependent"
30,4947,"dependent"
30,4948,"dependent"
24,4949,"dependent"
24,4950,"dependent"
26,4951,"dependent"
28,4952,"dependent"
32,4953,"dependent"
20,4954,"dependent"
24,4955,"dependent"
26,4956,"dependent"
28,4957,"dependent"
24,4958,"dependent"
32,4959,"dependent"
30,4960,"dependent"
22,4961,"dependent"
28,4962,"dependent"
26,4963,"dependent"
30,4964,"dependent"
22,4965,"dependent"
26,4966,"dependent"
30,4967,"dependent"
22,4968,"dependent"
30,4969,"dependent"
28,4970,"dependent"
30,4971,"dependent"
32,4972,"dependent"
30,4973,"dependent"
28,4974,"dependent"
26,4975,"dependent"
32,4976,"dependent"
20,4977,"dependent"
24,4978,"dependent"
28,4979,"dependent"
28,4980,"dependent"
28,4981,"dependent"
26,4982,"dependent"
32,4983,"dependent"
30,4984,"dependent"
26,4985,"dependent"
26,4986,"dependent"
32,4987,"dependent"
20,4988,"dependent"
24,4989,"dependent"
28,4990,"dependent"
30,4991,"dependent"
26,4992,"dependent"
24,4993,"dependent"
24,4994,"dependent"
24,4995,"dependent"
30,4996,"dependent"
30,4997,"dependent"
30,4998,"dependent"
24,4999,"dependent"
26,5000,"dependent"
30,5001,"dependent"
26,5002,"dependent"
28,5003,"dependent"
22,5004,"dependent"
30,5005,"dependent"
26,5006,"dependent"
24,5007,"dependent"
30,5008,"dependent"
26,5009,"dependent"
28,5010,"dependent"
24,5011,"dependent"
22,5012,"dependent"
28,5013,"dependent"
22,5014,"dependent"
30,5015,"dependent"
28,5016,"dependent"
30,5017,"dependent"
24,5018,"dependent"
26,5019,"dependent"
24,5020,"dependent"
28,5021,"dependent"
22,5022,"dependent"
30,5023,"dependent"
30,5024,"dependent"
30,5025,"dependent"
28,5026,"dependent"
20,5027,"dependent"
28,5028,"dependent"
22,5029,"dependent"
28,5030,"dependent"
24,5031,"dependent"
24,5032,"dependent"
32,5033,"dependent"
32,5034,"dependent"
28,5035,"dependent"
30,5036,"dependent"
28,5037,"dependent"
28,5038,"dependent"
28,5039,"dependent"
24,5040,"dependent"
32,5041,"dependent"
28,5042,"dependent"
26,5043,"dependent"
28,5044,"dependent"
32,5045,"dependent"
30,5046,"dependent"
24,5047,"dependent"
20,5048,"dependent"
26,5049,"dependent"
22,5050,"dependent"
28,5051,"dependent"
24,5052,"dependent"
22,5053,"dependent"
30,5054,"dependent"
26,5055,"dependent"
32,5056,"dependent"
26,5057,"dependent"
22,5058,"dependent"
22,5059,"dependent"
28,5060,"dependent"
26,5061,"dependent"
30,5062,"dependent"
26,5063,"dependent"
22,5064,"dependent"
28,5065,"dependent"
30,5066,"dependent"
26,5067,"dependent"
26,5068,"dependent"
30,5069,"dependent"
28,5070,"dependent"
30,5071,"dependent"
34,5072,"dependent"
28,5073,"dependent"
18,5074,"dependent"
28,5075,"dependent"
26,5076,"dependent"
24,5077,"dependent"
30,5078,"dependent"
30,5079,"dependent"
24,5080,"dependent"
30,5081,"dependent"
28,5082,"dependent"
28,5083,"dependent"
24,5084,"dependent"
22,5085,"dependent"
30,5086,"dependent"
28,5087,"dependent"
28,5088,"dependent"
24,5089,"dependent"
30,5090,"dependent"
30,5091,"dependent"
30,5092,"dependent"
32,5093,"dependent"
26,5094,"dependent"
28,5095,"dependent"
28,5096,"dependent"
28,5097,"dependent"
26,5098,"dependent"
22,5099,"dependent"
30,5100,"dependent"
30,5101,"dependent"
26,5102,"dependent"
20,5103,"dependent"
28,5104,"dependent"
22,5105,"dependent"
30,5106,"dependent"
28,5107,"dependent"
24,5108,"dependent"
30,5109,"dependent"
32,5110,"dependent"
18,5111,"dependent"
30,5112,"dependent"
20,5113,"dependent"
24,5114,"dependent"
24,5115,"dependent"
22,5116,"dependent"
28,5117,"dependent"
28,5118,"dependent"
24,5119,"dependent"
32,5120,"dependent"
26,5121,"dependent"
32,5122,"dependent"
28,5123,"dependent"
24,5124,"dependent"
30,5125,"dependent"
28,5126,"dependent"
26,5127,"dependent"
26,5128,"dependent"
26,5129,"dependent"
26,5130,"dependent"
26,5131,"dependent"
28,5132,"dependent"
24,5133,"dependent"
28,5134,"dependent"
28,5135,"dependent"
28,5136,"dependent"
24,5137,"dependent"
32,5138,"dependent"
28,5139,"dependent"
32,5140,"dependent"
28,5141,"dependent"
24,5142,"dependent"
32,5143,"dependent"
28,5144,"dependent"
26,5145,"dependent"
30,5146,"dependent"
30,5147,"dependent"
28,5148,"dependent"
30,5149,"dependent"
26,5150,"dependent"
34,5151,"dependent"
24,5152,"dependent"
26,5153,"dependent"
24,5154,"dependent"
26,5155,"dependent"
28,5156,"dependent"
24,5157,"dependent"
28,5158,"dependent"
28,5159,"dependent"
26,5160,"dependent"
26,5161,"dependent"
28,5162,"dependent"
28,5163,"dependent"
26,5164,"dependent"
24,5165,"dependent"
28,5166,"dependent"
30,5167,"dependent"
22,5168,"dependent"
22,5169,"dependent"
30,5170,"dependent"
30,5171,"dependent"
32,5172,"dependent"
30,5173,"dependent"
34,5174,"dependent"
26,5175,"dependent"
26,5176,"dependent"
24,5177,"dependent"
36,5178,"dependent"
26,5179,"dependent"
26,5180,"dependent"
26,5181,"dependent"
26,5182,"dependent"
24,5183,"dependent"
30,5184,"dependent"
28,5185,"dependent"
26,5186,"dependent"
34,5187,"dependent"
26,5188,"dependent"
28,5189,"dependent"
34,5190,"dependent"
26,5191,"dependent"
26,5192,"dependent"
30,5193,"dependent"
32,5194,"dependent"
26,5195,"dependent"
30,5196,"dependent"
26,5197,"dependent"
28,5198,"dependent"
28,5199,"dependent"
32,5200,"dependent"
24,5201,"dependent"
30,5202,"dependent"
28,5203,"dependent"
24,5204,"dependent"
32,5205,"dependent"
28,5206,"dependent"
30,5207,"dependent"
30,5208,"dependent"
24,5209,"dependent"
30,5210,"dependent"
30,5211,"dependent"
26,5212,"dependent"
28,5213,"dependent"
26,5214,"dependent"
28,5215,"dependent"
26,5216,"dependent"
30,5217,"dependent"
32,5218,"dependent"
28,5219,"dependent"
24,5220,"dependent"
30,5221,"dependent"
26,5222,"dependent"
28,5223,"dependent"
28,5224,"dependent"
22,5225,"dependent"
22,5226,"dependent"
24,5227,"dependent"
32,5228,"dependent"
28,5229,"dependent"
28,5230,"dependent"
26,5231,"dependent"
30,5232,"dependent"
26,5233,"dependent"
24,5234,"dependent"
26,5235,"dependent"
26,5236,"dependent"
26,5237,"dependent"
28,5238,"dependent"
28,5239,"dependent"
20,5240,"dependent"
30,5241,"dependent"
26,5242,"dependent"
24,5243,"dependent"
28,5244,"dependent"
28,5245,"dependent"
24,5246,"dependent"
24,5247,"dependent"
32,5248,"dependent"
22,5249,"dependent"
26,5250,"dependent"
30,5251,"dependent"
28,5252,"dependent"
28,5253,"dependent"
24,5254,"dependent"
24,5255,"dependent"
22,5256,"dependent"
24,5257,"dependent"
26,5258,"dependent"
28,5259,"dependent"
26,5260,"dependent"
26,5261,"dependent"
22,5262,"dependent"
22,5263,"dependent"
28,5264,"dependent"
30,5265,"dependent"
28,5266,"dependent"
28,5267,"dependent"
26,5268,"dependent"
26,5269,"dependent"
28,5270,"dependent"
32,5271,"dependent"
30,5272,"dependent"
24,5273,"dependent"
32,5274,"dependent"
26,5275,"dependent"
22,5276,"dependent"
30,5277,"dependent"
32,5278,"dependent"
26,5279,"dependent"
26,5280,"dependent"
26,5281,"dependent"
32,5282,"dependent"
28,5283,"dependent"
28,5284,"dependent"
26,5285,"dependent"
20,5286,"dependent"
24,5287,"dependent"
24,5288,"dependent"
28,5289,"dependent"
24,5290,"dependent"
26,5291,"dependent"
26,5292,"dependent"
26,5293,"dependent"
24,5294,"dependent"
28,5295,"dependent"
28,5296,"dependent"
28,5297,"dependent"
26,5298,"dependent"
28,5299,"dependent"
32,5300,"dependent"
28,5301,"dependent"
28,5302,"dependent"
20,5303,"dependent"
26,5304,"dependent"
32,5305,"dependent"
32,5306,"dependent"
30,5307,"dependent"
20,5308,"dependent"
18,5309,"dependent"
28,5310,"dependent"
22,5311,"dependent"
34,5312,"dependent"
28,5313,"dependent"
32,5314,"dependent"
26,5315,"dependent"
24,5316,"dependent"
28,5317,"dependent"
30,5318,"dependent"
26,5319,"dependent"
30,5320,"dependent"
26,5321,"dependent"
28,5322,"dependent"
26,5323,"dependent"
22,5324,"dependent"
26,5325,"dependent"
24,5326,"dependent"
28,5327,"dependent"
26,5328,"dependent"
30,5329,"dependent"
26,5330,"dependent"
28,5331,"dependent"
34,5332,"dependent"
26,5333,"dependent"
32,5334,"dependent"
32,5335,"dependent"
26,5336,"dependent"
22,5337,"dependent"
28,5338,"dependent"
30,5339,"dependent"
34,5340,"dependent"
26,5341,"dependent"
28,5342,"dependent"
24,5343,"dependent"
26,5344,"dependent"
24,5345,"dependent"
30,5346,"dependent"
26,5347,"dependent"
28,5348,"dependent"
22,5349,"dependent"
32,5350,"dependent"
34,5351,"dependent"
26,5352,"dependent"
30,5353,"dependent"
26,5354,"dependent"
30,5355,"dependent"
26,5356,"dependent"
28,5357,"dependent"
26,5358,"dependent"
20,5359,"dependent"
24,5360,"dependent"
26,5361,"dependent"
26,5362,"dependent"
26,5363,"dependent"
26,5364,"dependent"
28,5365,"dependent"
26,5366,"dependent"
26,5367,"dependent"
28,5368,"dependent"
28,5369,"dependent"
24,5370,"dependent"
26,5371,"dependent"
28,5372,"dependent"
24,5373,"dependent"
28,5374,"dependent"
28,5375,"dependent"
26,5376,"dependent"
20,5377,"dependent"
24,5378,"dependent"
24,5379,"dependent"
26,5380,"dependent"
26,5381,"dependent"
24,5382,"dependent"
24,5383,"dependent"
34,5384,"dependent"
26,5385,"dependent"
24,5386,"dependent"
32,5387,"dependent"
28,5388,"dependent"
28,5389,"dependent"
26,5390,"dependent"
26,5391,"dependent"
28,5392,"dependent"
28,5393,"dependent"
30,5394,"dependent"
24,5395,"dependent"
28,5396,"dependent"
26,5397,"dependent"
26,5398,"dependent"
30,5399,"dependent"
24,5400,"dependent"
26,5401,"dependent"
28,5402,"dependent"
20,5403,"dependent"
26,5404,"dependent"
28,5405,"dependent"
24,5406,"dependent"
26,5407,"dependent"
26,5408,"dependent"
24,5409,"dependent"
20,5410,"dependent"
28,5411,"dependent"
30,5412,"dependent"
30,5413,"dependent"
26,5414,"dependent"
34,5415,"dependent"
28,5416,"dependent"
28,5417,"dependent"
26,5418,"dependent"
20,5419,"dependent"
26,5420,"dependent"
30,5421,"dependent"
24,5422,"dependent"
28,5423,"dependent"
26,5424,"dependent"
30,5425,"dependent"
26,5426,"dependent"
14,5427,"dependent"
28,5428,"dependent"
26,5429,"dependent"
26,5430,"dependent"
26,5431,"dependent"
28,5432,"dependent"
28,5433,"dependent"
26,5434,"dependent"
24,5435,"dependent"
26,5436,"dependent"
26,5437,"dependent"
26,5438,"dependent"
24,5439,"dependent"
26,5440,"dependent"
28,5441,"dependent"
26,5442,"dependent"
26,5443,"dependent"
30,5444,"dependent"
28,5445,"dependent"
30,5446,"dependent"
32,5447,"dependent"
26,5448,"dependent"
28,5449,"dependent"
24,5450,"dependent"
32,5451,"dependent"
24,5452,"dependent"
28,5453,"dependent"
28,5454,"dependent"
26,5455,"dependent"
28,5456,"dependent"
30,5457,"dependent"
24,5458,"dependent"
24,5459,"dependent"
30,5460,"dependent"
28,5461,"dependent"
30,5462,"dependent"
30,5463,"dependent"
28,5464,"dependent"
28,5465,"dependent"
28,5466,"dependent"
26,5467,"dependent"
24,5468,"dependent"
30,5469,"dependent"
28,5470,"dependent"
30,5471,"dependent"
28,5472,"dependent"
26,5473,"dependent"
28,5474,"dependent"
30,5475,"dependent"
30,5476,"dependent"
30,5477,"dependent"
24,5478,"dependent"
32,5479,"dependent"
28,5480,"dependent"
32,5481,"dependent"
28,5482,"dependent"
30,5483,"dependent"
22,5484,"dependent"
26,5485,"dependent"
26,5486,"dependent"
32,5487,"dependent"
28,5488,"dependent"
24,5489,"dependent"
22,5490,"dependent"
26,5491,"dependent"
26,5492,"dependent"
22,5493,"dependent"
30,5494,"dependent"
32,5495,"dependent"
30,5496,"dependent"
22,5497,"dependent"
24,5498,"dependent"
26,5499,"dependent"
28,5500,"dependent"
24,5501,"dependent"
30,5502,"dependent"
28,5503,"dependent"
32,5504,"dependent"
26,5505,"dependent"
26,5506,"dependent"
28,5507,"dependent"
26,5508,"dependent"
24,5509,"dependent"
26,5510,"dependent"
28,5511,"dependent"
30,5512,"dependent"
24,5513,"dependent"
30,5514,"dependent"
22,5515,"dependent"
28,5516,"dependent"
28,5517,"dependent"
34,5518,"dependent"
22,5519,"dependent"
22,5520,"dependent"
24,5521,"dependent"
26,5522,"dependent"
26,5523,"dependent"
30,5524,"dependent"
26,5525,"dependent"
28,5526,"dependent"
30,5527,"dependent"
28,5528,"dependent"
26,5529,"dependent"
26,5530,"dependent"
26,5531,"dependent"
26,5532,"dependent"
24,5533,"dependent"
34,5534,"dependent"
28,5535,"dependent"
26,5536,"dependent"
28,5537,"dependent"
28,5538,"dependent"
32,5539,"dependent"
30,5540,"dependent"
32,5541,"dependent"
32,5542,"dependent"
32,5543,"dependent"
28,5544,"dependent"
26,5545,"dependent"
34,5546,"dependent"
26,5547,"dependent"
26,5548,"dependent"
20,5549,"dependent"
24,5550,"dependent"
26,5551,"dependent"
30,5552,"dependent"
30,5553,"dependent"
28,5554,"dependent"
28,5555,"dependent"
34,5556,"dependent"
26,5557,"dependent"
32,5558,"dependent"
26,5559,"dependent"
26,5560,"dependent"
24,5561,"dependent"
30,5562,"dependent"
24,5563,"dependent"
24,5564,"dependent"
28,5565,"dependent"
26,5566,"dependent"
22,5567,"dependent"
28,5568,"dependent"
20,5569,"dependent"
30,5570,"dependent"
18,5571,"dependent"
26,5572,"dependent"
24,5573,"dependent"
28,5574,"dependent"
28,5575,"dependent"
26,5576,"dependent"
26,5577,"dependent"
26,5578,"dependent"
28,5579,"dependent"
24,5580,"dependent"
30,5581,"dependent"
26,5582,"dependent"
30,5583,"dependent"
26,5584,"dependent"
30,5585,"dependent"
30,5586,"dependent"
28,5587,"dependent"
32,5588,"dependent"
22,5589,"dependent"
26,5590,"dependent"
26,5591,"dependent"
30,5592,"dependent"
28,5593,"dependent"
24,5594,"dependent"
24,5595,"dependent"
26,5596,"dependent"
22,5597,"dependent"
24,5598,"dependent"
26,5599,"dependent"
30,5600,"dependent"
26,5601,"dependent"
36,5602,"dependent"
26,5603,"dependent"
28,5604,"dependent"
28,5605,"dependent"
30,5606,"dependent"
26,5607,"dependent"
30,5608,"dependent"
26,5609,"dependent"
30,5610,"dependent"
32,5611,"dependent"
22,5612,"dependent"
24,5613,"dependent"
28,5614,"dependent"
28,5615,"dependent"
24,5616,"dependent"
26,5617,"dependent"
28,5618,"dependent"
22,5619,"dependent"
30,5620,"dependent"
32,5621,"dependent"
28,5622,"dependent"
22,5623,"dependent"
20,5624,"dependent"
26,5625,"dependent"
24,5626,"dependent"
30,5627,"dependent"
20,5628,"dependent"
26,5629,"dependent"
28,5630,"dependent"
24,5631,"dependent"
30,5632,"dependent"
28,5633,"dependent"
30,5634,"dependent"
30,5635,"dependent"
22,5636,"dependent"
22,5637,"dependent"
28,5638,"dependent"
26,5639,"dependent"
26,5640,"dependent"
30,5641,"dependent"
28,5642,"dependent"
28,5643,"dependent"
28,5644,"dependent"
28,5645,"dependent"
24,5646,"dependent"
30,5647,"dependent"
22,5648,"dependent"
28,5649,"dependent"
18,5650,"dependent"
30,5651,"dependent"
26,5652,"dependent"
26,5653,"dependent"
26,5654,"dependent"
32,5655,"dependent"
30,5656,"dependent"
30,5657,"dependent"
26,5658,"dependent"
32,5659,"dependent"
26,5660,"dependent"
22,5661,"dependent"
24,5662,"dependent"
26,5663,"dependent"
28,5664,"dependent"
24,5665,"dependent"
32,5666,"dependent"
30,5667,"dependent"
26,5668,"dependent"
22,5669,"dependent"
26,5670,"dependent"
26,5671,"dependent"
26,5672,"dependent"
28,5673,"dependent"
24,5674,"dependent"
30,5675,"dependent"
24,5676,"dependent"
26,5677,"dependent"
22,5678,"dependent"
28,5679,"dependent"
28,5680,"dependent"
28,5681,"dependent"
30,5682,"dependent"
30,5683,"dependent"
28,5684,"dependent"
26,5685,"dependent"
28,5686,"dependent"
24,5687,"dependent"
28,5688,"dependent"
26,5689,"dependent"
30,5690,"dependent"
30,5691,"dependent"
28,5692,"dependent"
28,5693,"dependent"
32,5694,"dependent"
26,5695,"dependent"
30,5696,"dependent"
26,5697,"dependent"
30,5698,"dependent"
26,5699,"dependent"
28,5700,"dependent"
26,5701,"dependent"
26,5702,"dependent"
22,5703,"dependent"
30,5704,"dependent"
22,5705,"dependent"
28,5706,"dependent"
26,5707,"dependent"
26,5708,"dependent"
24,5709,"dependent"
34,5710,"dependent"
28,5711,"dependent"
24,5712,"dependent"
30,5713,"dependent"
26,5714,"dependent"
28,5715,"dependent"
30,5716,"dependent"
26,5717,"dependent"
26,5718,"dependent"
28,5719,"dependent"
28,5720,"dependent"
28,5721,"dependent"
28,5722,"dependent"
28,5723,"dependent"
32,5724,"dependent"
26,5725,"dependent"
26,5726,"dependent"
18,5727,"dependent"
26,5728,"dependent"
24,5729,"dependent"
20,5730,"dependent"
24,5731,"dependent"
20,5732,"dependent"
22,5733,"dependent"
26,5734,"dependent"
24,5735,"dependent"
26,5736,"dependent"
26,5737,"dependent"
20,5738,"dependent"
26,5739,"dependent"
28,5740,"dependent"
26,5741,"dependent"
26,5742,"dependent"
28,5743,"dependent"
24,5744,"dependent"
30,5745,"dependent"
28,5746,"dependent"
22,5747,"dependent"
20,5748,"dependent"
28,5749,"dependent"
30,5750,"dependent"
26,5751,"dependent"
28,5752,"dependent"
26,5753,"dependent"
24,5754,"dependent"
26,5755,"dependent"
30,5756,"dependent"
30,5757,"dependent"
28,5758,"dependent"
24,5759,"dependent"
26,5760,"dependent"
30,5761,"dependent"
32,5762,"dependent"
30,5763,"dependent"
26,5764,"dependent"
18,5765,"dependent"
18,5766,"dependent"
26,5767,"dependent"
24,5768,"dependent"
24,5769,"dependent"
22,5770,"dependent"
26,5771,"dependent"
22,5772,"dependent"
28,5773,"dependent"
26,5774,"dependent"
16,5775,"dependent"
30,5776,"dependent"
28,5777,"dependent"
28,5778,"dependent"
24,5779,"dependent"
32,5780,"dependent"
22,5781,"dependent"
24,5782,"dependent"
30,5783,"dependent"
28,5784,"dependent"
30,5785,"dependent"
28,5786,"dependent"
24,5787,"dependent"
28,5788,"dependent"
26,5789,"dependent"
30,5790,"dependent"
30,5791,"dependent"
28,5792,"dependent"
30,5793,"dependent"
32,5794,"dependent"
28,5795,"dependent"
26,5796,"dependent"
26,5797,"dependent"
26,5798,"dependent"
26,5799,"dependent"
24,5800,"dependent"
30,5801,"dependent"
16,5802,"dependent"
28,5803,"dependent"
24,5804,"dependent"
24,5805,"dependent"
30,5806,"dependent"
24,5807,"dependent"
18,5808,"dependent"
28,5809,"dependent"
22,5810,"dependent"
30,5811,"dependent"
26,5812,"dependent"
32,5813,"dependent"
30,5814,"dependent"
28,5815,"dependent"
28,5816,"dependent"
24,5817,"dependent"
24,5818,"dependent"
20,5819,"dependent"
16,5820,"dependent"
28,5821,"dependent"
24,5822,"dependent"
30,5823,"dependent"
26,5824,"dependent"
30,5825,"dependent"
32,5826,"dependent"
26,5827,"dependent"
26,5828,"dependent"
22,5829,"dependent"
30,5830,"dependent"
30,5831,"dependent"
30,5832,"dependent"
30,5833,"dependent"
24,5834,"dependent"
26,5835,"dependent"
24,5836,"dependent"
24,5837,"dependent"
26,5838,"dependent"
34,5839,"dependent"
28,5840,"dependent"
26,5841,"dependent"
32,5842,"dependent"
32,5843,"dependent"
26,5844,"dependent"
24,5845,"dependent"
26,5846,"dependent"
26,5847,"dependent"
28,5848,"dependent"
24,5849,"dependent"
24,5850,"dependent"
24,5851,"dependent"
26,5852,"dependent"
28,5853,"dependent"
20,5854,"dependent"
18,5855,"dependent"
26,5856,"dependent"
28,5857,"dependent"
28,5858,"dependent"
26,5859,"dependent"
28,5860,"dependent"
32,5861,"dependent"
24,5862,"dependent"
24,5863,"dependent"
30,5864,"dependent"
26,5865,"dependent"
28,5866,"dependent"
28,5867,"dependent"
30,5868,"dependent"
30,5869,"dependent"
32,5870,"dependent"
26,5871,"dependent"
24,5872,"dependent"
22,5873,"dependent"
16,5874,"dependent"
34,5875,"dependent"
26,5876,"dependent"
32,5877,"dependent"
24,5878,"dependent"
30,5879,"dependent"
30,5880,"dependent"
30,5881,"dependent"
26,5882,"dependent"
26,5883,"dependent"
32,5884,"dependent"
22,5885,"dependent"
24,5886,"dependent"
24,5887,"dependent"
28,5888,"dependent"
22,5889,"dependent"
26,5890,"dependent"
22,5891,"dependent"
30,5892,"dependent"
28,5893,"dependent"
24,5894,"dependent"
26,5895,"dependent"
28,5896,"dependent"
26,5897,"dependent"
24,5898,"dependent"
22,5899,"dependent"
24,5900,"dependent"
24,5901,"dependent"
28,5902,"dependent"
30,5903,"dependent"
24,5904,"dependent"
26,5905,"dependent"
26,5906,"dependent"
28,5907,"dependent"
26,5908,"dependent"
28,5909,"dependent"
30,5910,"dependent"
28,5911,"dependent"
24,5912,"dependent"
26,5913,"dependent"
30,5914,"dependent"
26,5915,"dependent"
28,5916,"dependent"
30,5917,"dependent"
24,5918,"dependent"
32,5919,"dependent"
28,5920,"dependent"
20,5921,"dependent"
26,5922,"dependent"
24,5923,"dependent"
30,5924,"dependent"
26,5925,"dependent"
30,5926,"dependent"
24,5927,"dependent"
22,5928,"dependent"
26,5929,"dependent"
22,5930,"dependent"
30,5931,"dependent"
24,5932,"dependent"
28,5933,"dependent"
24,5934,"dependent"
32,5935,"dependent"
24,5936,"dependent"
26,5937,"dependent"
30,5938,"dependent"
30,5939,"dependent"
26,5940,"dependent"
26,5941,"dependent"
32,5942,"dependent"
22,5943,"dependent"
28,5944,"dependent"
26,5945,"dependent"
26,5946,"dependent"
26,5947,"dependent"
30,5948,"dependent"
30,5949,"dependent"
26,5950,"dependent"
30,5951,"dependent"
26,5952,"dependent"
30,5953,"dependent"
24,5954,"dependent"
26,5955,"dependent"
24,5956,"dependent"
24,5957,"dependent"
28,5958,"dependent"
20,5959,"dependent"
26,5960,"dependent"
26,5961,"dependent"
26,5962,"dependent"
26,5963,"dependent"
30,5964,"dependent"
30,5965,"dependent"
28,5966,"dependent"
28,5967,"dependent"
28,5968,"dependent"
24,5969,"dependent"
26,5970,"dependent"
30,5971,"dependent"
26,5972,"dependent"
30,5973,"dependent"
26,5974,"dependent"
28,5975,"dependent"
24,5976,"dependent"
28,5977,"dependent"
30,5978,"dependent"
30,5979,"dependent"
22,5980,"dependent"
20,5981,"dependent"
24,5982,"dependent"
28,5983,"dependent"
28,5984,"dependent"
22,5985,"dependent"
28,5986,"dependent"
30,5987,"dependent"
18,5988,"dependent"
26,5989,"dependent"
16,5990,"dependent"
28,5991,"dependent"
26,5992,"dependent"
28,5993,"dependent"
20,5994,"dependent"
28,5995,"dependent"
26,5996,"dependent"
26,5997,"dependent"
30,5998,"dependent"
32,5999,"dependent"
26,6000,"dependent"
32,6001,"dependent"
28,6002,"dependent"
28,6003,"dependent"
26,6004,"dependent"
30,6005,"dependent"
32,6006,"dependent"
30,6007,"dependent"
28,6008,"dependent"
30,6009,"dependent"
28,6010,"dependent"
36,6011,"dependent"
26,6012,"dependent"
20,6013,"dependent"
28,6014,"dependent"
28,6015,"dependent"
32,6016,"dependent"
24,6017,"dependent"
28,6018,"dependent"
26,6019,"dependent"
32,6020,"dependent"
28,6021,"dependent"
32,6022,"dependent"
28,6023,"dependent"
28,6024,"dependent"
26,6025,"dependent"
20,6026,"dependent"
26,6027,"dependent"
28,6028,"dependent"
16,6029,"dependent"
26,6030,"dependent"
26,6031,"dependent"
26,6032,"dependent"
22,6033,"dependent"
28,6034,"dependent"
22,6035,"dependent"
24,6036,"dependent"
22,6037,"dependent"
32,6038,"dependent"
22,6039,"dependent"
28,6040,"dependent"
22,6041,"dependent"
24,6042,"dependent"
26,6043,"dependent"
30,6044,"dependent"
24,6045,"dependent"
30,6046,"dependent"
30,6047,"dependent"
26,6048,"dependent"
26,6049,"dependent"
26,6050,"dependent"
22,6051,"dependent"
32,6052,"dependent"
30,6053,"dependent"
26,6054,"dependent"
30,6055,"dependent"
26,6056,"dependent"
26,6057,"dependent"
30,6058,"dependent"
26,6059,"dependent"
28,6060,"dependent"
26,6061,"dependent"
32,6062,"dependent"
32,6063,"dependent"
22,6064,"dependent"
30,6065,"dependent"
28,6066,"dependent"
22,6067,"dependent"
22,6068,"dependent"
24,6069,"dependent"
26,6070,"dependent"
26,6071,"dependent"
34,6072,"dependent"
26,6073,"dependent"
28,6074,"dependent"
32,6075,"dependent"
26,6076,"dependent"
28,6077,"dependent"
20,6078,"dependent"
24,6079,"dependent"
26,6080,"dependent"
28,6081,"dependent"
28,6082,"dependent"
24,6083,"dependent"
24,6084,"dependent"
24,6085,"dependent"
22,6086,"dependent"
26,6087,"dependent"
28,6088,"dependent"
24,6089,"dependent"
30,6090,"dependent"
34,6091,"dependent"
26,6092,"dependent"
30,6093,"dependent"
26,6094,"dependent"
26,6095,"dependent"
32,6096,"dependent"
26,6097,"dependent"
22,6098,"dependent"
28,6099,"dependent"
30,6100,"dependent"
20,6101,"dependent"
28,6102,"dependent"
28,6103,"dependent"
30,6104,"dependent"
34,6105,"dependent"
26,6106,"dependent"
34,6107,"dependent"
28,6108,"dependent"
34,6109,"dependent"
26,6110,"dependent"
30,6111,"dependent"
28,6112,"dependent"
26,6113,"dependent"
20,6114,"dependent"
32,6115,"dependent"
26,6116,"dependent"
26,6117,"dependent"
22,6118,"dependent"
26,6119,"dependent"
30,6120,"dependent"
30,6121,"dependent"
30,6122,"dependent"
30,6123,"dependent"
26,6124,"dependent"
28,6125,"dependent"
30,6126,"dependent"
22,6127,"dependent"
24,6128,"dependent"
24,6129,"dependent"
22,6130,"dependent"
30,6131,"dependent"
26,6132,"dependent"
24,6133,"dependent"
28,6134,"dependent"
30,6135,"dependent"
32,6136,"dependent"
26,6137,"dependent"
26,6138,"dependent"
26,6139,"dependent"
28,6140,"dependent"
30,6141,"dependent"
28,6142,"dependent"
22,6143,"dependent"
28,6144,"dependent"
28,6145,"dependent"
30,6146,"dependent"
28,6147,"dependent"
30,6148,"dependent"
26,6149,"dependent"
24,6150,"dependent"
28,6151,"dependent"
22,6152,"dependent"
32,6153,"dependent"
22,6154,"dependent"
26,6155,"dependent"
28,6156,"dependent"
24,6157,"dependent"
24,6158,"dependent"
22,6159,"dependent"
24,6160,"dependent"
28,6161,"dependent"
24,6162,"dependent"
22,6163,"dependent"
28,6164,"dependent"
26,6165,"dependent"
26,6166,"dependent"
24,6167,"dependent"
24,6168,"dependent"
24,6169,"dependent"
30,6170,"dependent"
30,6171,"dependent"
30,6172,"dependent"
24,6173,"dependent"
26,6174,"dependent"
32,6175,"dependent"
26,6176,"dependent"
28,6177,"dependent"
26,6178,"dependent"
30,6179,"dependent"
26,6180,"dependent"
28,6181,"dependent"
24,6182,"dependent"
28,6183,"dependent"
22,6184,"dependent"
26,6185,"dependent"
30,6186,"dependent"
22,6187,"dependent"
32,6188,"dependent"
28,6189,"dependent"
26,6190,"dependent"
26,6191,"dependent"
28,6192,"dependent"
28,6193,"dependent"
34,6194,"dependent"
26,6195,"dependent"
22,6196,"dependent"
32,6197,"dependent"
30,6198,"dependent"
24,6199,"dependent"
26,6200,"dependent"
26,6201,"dependent"
26,6202,"dependent"
22,6203,"dependent"
28,6204,"dependent"
26,6205,"dependent"
30,6206,"dependent"
32,6207,"dependent"
24,6208,"dependent"
30,6209,"dependent"
30,6210,"dependent"
28,6211,"dependent"
24,6212,"dependent"
26,6213,"dependent"
26,6214,"dependent"
28,6215,"dependent"
26,6216,"dependent"
22,6217,"dependent"
26,6218,"dependent"
26,6219,"dependent"
26,6220,"dependent"
26,6221,"dependent"
24,6222,"dependent"
24,6223,"dependent"
26,6224,"dependent"
28,6225,"dependent"
28,6226,"dependent"
26,6227,"dependent"
22,6228,"dependent"
28,6229,"dependent"
24,6230,"dependent"
24,6231,"dependent"
28,6232,"dependent"
26,6233,"dependent"
30,6234,"dependent"
22,6235,"dependent"
28,6236,"dependent"
24,6237,"dependent"
26,6238,"dependent"
30,6239,"dependent"
26,6240,"dependent"
24,6241,"dependent"
26,6242,"dependent"
26,6243,"dependent"
22,6244,"dependent"
28,6245,"dependent"
26,6246,"dependent"
30,6247,"dependent"
28,6248,"dependent"
26,6249,"dependent"
28,6250,"dependent"
28,6251,"dependent"
28,6252,"dependent"
28,6253,"dependent"
26,6254,"dependent"
30,6255,"dependent"
20,6256,"dependent"
28,6257,"dependent"
30,6258,"dependent"
24,6259,"dependent"
28,6260,"dependent"
28,6261,"dependent"
24,6262,"dependent"
20,6263,"dependent"
28,6264,"dependent"
24,6265,"dependent"
26,6266,"dependent"
26,6267,"dependent"
26,6268,"dependent"
28,6269,"dependent"
32,6270,"dependent"
28,6271,"dependent"
26,6272,"dependent"
28,6273,"dependent"
26,6274,"dependent"
30,6275,"dependent"
26,6276,"dependent"
32,6277,"dependent"
32,6278,"dependent"
30,6279,"dependent"
30,6280,"dependent"
28,6281,"dependent"
24,6282,"dependent"
24,6283,"dependent"
28,6284,"dependent"
26,6285,"dependent"
24,6286,"dependent"
34,6287,"dependent"
30,6288,"dependent"
26,6289,"dependent"
28,6290,"dependent"
32,6291,"dependent"
22,6292,"dependent"
26,6293,"dependent"
28,6294,"dependent"
22,6295,"dependent"
28,6296,"dependent"
24,6297,"dependent"
26,6298,"dependent"
26,6299,"dependent"
24,6300,"dependent"
26,6301,"dependent"
28,6302,"dependent"
28,6303,"dependent"
28,6304,"dependent"
24,6305,"dependent"
22,6306,"dependent"
26,6307,"dependent"
22,6308,"dependent"
28,6309,"dependent"
30,6310,"dependent"
26,6311,"dependent"
28,6312,"dependent"
28,6313,"dependent"
30,6314,"dependent"
20,6315,"dependent"
24,6316,"dependent"
20,6317,"dependent"
32,6318,"dependent"
24,6319,"dependent"
20,6320,"dependent"
22,6321,"dependent"
24,6322,"dependent"
30,6323,"dependent"
22,6324,"dependent"
22,6325,"dependent"
26,6326,"dependent"
26,6327,"dependent"
28,6328,"dependent"
28,6329,"dependent"
26,6330,"dependent"
24,6331,"dependent"
28,6332,"dependent"
22,6333,"dependent"
28,6334,"dependent"
22,6335,"dependent"
26,6336,"dependent"
24,6337,"dependent"
24,6338,"dependent"
32,6339,"dependent"
30,6340,"dependent"
30,6341,"dependent"
24,6342,"dependent"
24,6343,"dependent"
26,6344,"dependent"
24,6345,"dependent"
26,6346,"dependent"
22,6347,"dependent"
24,6348,"dependent"
26,6349,"dependent"
22,6350,"dependent"
24,6351,"dependent"
26,6352,"dependent"
30,6353,"dependent"
22,6354,"dependent"
26,6355,"dependent"
34,6356,"dependent"
28,6357,"dependent"
28,6358,"dependent"
24,6359,"dependent"
24,6360,"dependent"
24,6361,"dependent"
22,6362,"dependent"
20,6363,"dependent"
26,6364,"dependent"
24,6365,"dependent"
26,6366,"dependent"
28,6367,"dependent"
32,6368,"dependent"
24,6369,"dependent"
28,6370,"dependent"
22,6371,"dependent"
32,6372,"dependent"
28,6373,"dependent"
28,6374,"dependent"
28,6375,"dependent"
24,6376,"dependent"
18,6377,"dependent"
26,6378,"dependent"
32,6379,"dependent"
26,6380,"dependent"
24,6381,"dependent"
24,6382,"dependent"
30,6383,"dependent"
20,6384,"dependent"
26,6385,"dependent"
24,6386,"dependent"
26,6387,"dependent"
28,6388,"dependent"
26,6389,"dependent"
16,6390,"dependent"
28,6391,"dependent"
18,6392,"dependent"
24,6393,"dependent"
28,6394,"dependent"
22,6395,"dependent"
32,6396,"dependent"
24,6397,"dependent"
18,6398,"dependent"
22,6399,"dependent"
22,6400,"dependent"
26,6401,"dependent"
20,6402,"dependent"
28,6403,"dependent"
26,6404,"dependent"
30,6405,"dependent"
32,6406,"dependent"
22,6407,"dependent"
26,6408,"dependent"
28,6409,"dependent"
24,6410,"dependent"
30,6411,"dependent"
28,6412,"dependent"
28,6413,"dependent"
32,6414,"dependent"
28,6415,"dependent"
22,6416,"dependent"
26,6417,"dependent"
28,6418,"dependent"
24,6419,"dependent"
30,6420,"dependent"
30,6421,"dependent"
24,6422,"dependent"
26,6423,"dependent"
30,6424,"dependent"
26,6425,"dependent"
28,6426,"dependent"
22,6427,"dependent"
28,6428,"dependent"
32,6429,"dependent"
34,6430,"dependent"
34,6431,"dependent"
26,6432,"dependent"
24,6433,"dependent"
28,6434,"dependent"
28,6435,"dependent"
26,6436,"dependent"
32,6437,"dependent"
26,6438,"dependent"
32,6439,"dependent"
28,6440,"dependent"
30,6441,"dependent"
30,6442,"dependent"
24,6443,"dependent"
20,6444,"dependent"
30,6445,"dependent"
18,6446,"dependent"
24,6447,"dependent"
26,6448,"dependent"
32,6449,"dependent"
34,6450,"dependent"
26,6451,"dependent"
28,6452,"dependent"
26,6453,"dependent"
26,6454,"dependent"
28,6455,"dependent"
26,6456,"dependent"
30,6457,"dependent"
34,6458,"dependent"
24,6459,"dependent"
28,6460,"dependent"
28,6461,"dependent"
26,6462,"dependent"
26,6463,"dependent"
28,6464,"dependent"
24,6465,"dependent"
28,6466,"dependent"
28,6467,"dependent"
28,6468,"dependent"
24,6469,"dependent"
22,6470,"dependent"
24,6471,"dependent"
26,6472,"dependent"
24,6473,"dependent"
30,6474,"dependent"
24,6475,"dependent"
26,6476,"dependent"
32,6477,"dependent"
24,6478,"dependent"
26,6479,"dependent"
22,6480,"dependent"
30,6481,"dependent"
24,6482,"dependent"
32,6483,"dependent"
26,6484,"dependent"
30,6485,"dependent"
20,6486,"dependent"
24,6487,"dependent"
30,6488,"dependent"
26,6489,"dependent"
28,6490,"dependent"
22,6491,"dependent"
26,6492,"dependent"
28,6493,"dependent"
24,6494,"dependent"
30,6495,"dependent"
26,6496,"dependent"
28,6497,"dependent"
28,6498,"dependent"
30,6499,"dependent"
26,6500,"dependent"
24,6501,"dependent"
32,6502,"dependent"
16,6503,"dependent"
30,6504,"dependent"
26,6505,"dependent"
28,6506,"dependent"
28,6507,"dependent"
24,6508,"dependent"
18,6509,"dependent"
22,6510,"dependent"
30,6511,"dependent"
24,6512,"dependent"
28,6513,"dependent"
26,6514,"dependent"
26,6515,"dependent"
26,6516,"dependent"
16,6517,"dependent"
34,6518,"dependent"
28,6519,"dependent"
30,6520,"dependent"
22,6521,"dependent"
26,6522,"dependent"
26,6523,"dependent"
28,6524,"dependent"
24,6525,"dependent"
26,6526,"dependent"
26,6527,"dependent"
30,6528,"dependent"
26,6529,"dependent"
28,6530,"dependent"
26,6531,"dependent"
26,6532,"dependent"
22,6533,"dependent"
24,6534,"dependent"
26,6535,"dependent"
26,6536,"dependent"
28,6537,"dependent"
24,6538,"dependent"
26,6539,"dependent"
28,6540,"dependent"
30,6541,"dependent"
32,6542,"dependent"
24,6543,"dependent"
24,6544,"dependent"
24,6545,"dependent"
24,6546,"dependent"
24,6547,"dependent"
24,6548,"dependent"
32,6549,"dependent"
24,6550,"dependent"
30,6551,"dependent"
26,6552,"dependent"
22,6553,"dependent"
20,6554,"dependent"
30,6555,"dependent"
24,6556,"dependent"
26,6557,"dependent"
28,6558,"dependent"
26,6559,"dependent"
30,6560,"dependent"
24,6561,"dependent"
24,6562,"dependent"
28,6563,"dependent"
24,6564,"dependent"
30,6565,"dependent"
28,6566,"dependent"
20,6567,"dependent"
26,6568,"dependent"
26,6569,"dependent"
24,6570,"dependent"
26,6571,"dependent"
24,6572,"dependent"
28,6573,"dependent"
24,6574,"dependent"
28,6575,"dependent"
18,6576,"dependent"
28,6577,"dependent"
32,6578,"dependent"
24,6579,"dependent"
32,6580,"dependent"
28,6581,"dependent"
34,6582,"dependent"
22,6583,"dependent"
30,6584,"dependent"
30,6585,"dependent"
30,6586,"dependent"
36,6587,"dependent"
28,6588,"dependent"
30,6589,"dependent"
32,6590,"dependent"
26,6591,"dependent"
30,6592,"dependent"
26,6593,"dependent"
26,6594,"dependent"
22,6595,"dependent"
22,6596,"dependent"
30,6597,"dependent"
16,6598,"dependent"
28,6599,"dependent"
32,6600,"dependent"
28,6601,"dependent"
28,6602,"dependent"
28,6603,"dependent"
26,6604,"dependent"
28,6605,"dependent"
30,6606,"dependent"
34,6607,"dependent"
24,6608,"dependent"
26,6609,"dependent"
20,6610,"dependent"
24,6611,"dependent"
20,6612,"dependent"
26,6613,"dependent"
28,6614,"dependent"
30,6615,"dependent"
32,6616,"dependent"
28,6617,"dependent"
28,6618,"dependent"
30,6619,"dependent"
28,6620,"dependent"
28,6621,"dependent"
28,6622,"dependent"
24,6623,"dependent"
28,6624,"dependent"
22,6625,"dependent"
24,6626,"dependent"
28,6627,"dependent"
28,6628,"dependent"
26,6629,"dependent"
26,6630,"dependent"
34,6631,"dependent"
30,6632,"dependent"
22,6633,"dependent"
30,6634,"dependent"
32,6635,"dependent"
28,6636,"dependent"
26,6637,"dependent"
30,6638,"dependent"
22,6639,"dependent"
28,6640,"dependent"
26,6641,"dependent"
30,6642,"dependent"
26,6643,"dependent"
30,6644,"dependent"
28,6645,"dependent"
26,6646,"dependent"
22,6647,"dependent"
28,6648,"dependent"
28,6649,"dependent"
24,6650,"dependent"
26,6651,"dependent"
22,6652,"dependent"
26,6653,"dependent"
26,6654,"dependent"
30,6655,"dependent"
26,6656,"dependent"
16,6657,"dependent"
28,6658,"dependent"
24,6659,"dependent"
26,6660,"dependent"
26,6661,"dependent"
30,6662,"dependent"
28,6663,"dependent"
22,6664,"dependent"
30,6665,"dependent"
28,6666,"dependent"
28,6667,"dependent"
28,6668,"dependent"
24,6669,"dependent"
22,6670,"dependent"
28,6671,"dependent"
24,6672,"dependent"
30,6673,"dependent"
26,6674,"dependent"
32,6675,"dependent"
34,6676,"dependent"
26,6677,"dependent"
26,6678,"dependent"
24,6679,"dependent"
28,6680,"dependent"
24,6681,"dependent"
32,6682,"dependent"
32,6683,"dependent"
30,6684,"dependent"
30,6685,"dependent"
18,6686,"dependent"
30,6687,"dependent"
32,6688,"dependent"
26,6689,"dependent"
32,6690,"dependent"
30,6691,"dependent"
30,6692,"dependent"
32,6693,"dependent"
28,6694,"dependent"
24,6695,"dependent"
30,6696,"dependent"
20,6697,"dependent"
30,6698,"dependent"
24,6699,"dependent"
22,6700,"dependent"
24,6701,"dependent"
30,6702,"dependent"
26,6703,"dependent"
20,6704,"dependent"
30,6705,"dependent"
28,6706,"dependent"
28,6707,"dependent"
30,6708,"dependent"
28,6709,"dependent"
32,6710,"dependent"
22,6711,"dependent"
22,6712,"dependent"
26,6713,"dependent"
28,6714,"dependent"
26,6715,"dependent"
28,6716,"dependent"
30,6717,"dependent"
26,6718,"dependent"
30,6719,"dependent"
24,6720,"dependent"
28,6721,"dependent"
26,6722,"dependent"
26,6723,"dependent"
28,6724,"dependent"
28,6725,"dependent"
32,6726,"dependent"
32,6727,"dependent"
24,6728,"dependent"
24,6729,"dependent"
26,6730,"dependent"
22,6731,"dependent"
24,6732,"dependent"
26,6733,"dependent"
22,6734,"dependent"
32,6735,"dependent"
24,6736,"dependent"
26,6737,"dependent"
30,6738,"dependent"
26,6739,"dependent"
30,6740,"dependent"
26,6741,"dependent"
22,6742,"dependent"
22,6743,"dependent"
30,6744,"dependent"
26,6745,"dependent"
24,6746,"dependent"
24,6747,"dependent"
28,6748,"dependent"
24,6749,"dependent"
28,6750,"dependent"
24,6751,"dependent"
28,6752,"dependent"
24,6753,"dependent"
24,6754,"dependent"
26,6755,"dependent"
26,6756,"dependent"
24,6757,"dependent"
24,6758,"dependent"
20,6759,"dependent"
26,6760,"dependent"
24,6761,"dependent"
28,6762,"dependent"
26,6763,"dependent"
30,6764,"dependent"
26,6765,"dependent"
28,6766,"dependent"
26,6767,"dependent"
26,6768,"dependent"
26,6769,"dependent"
28,6770,"dependent"
28,6771,"dependent"
32,6772,"dependent"
28,6773,"dependent"
28,6774,"dependent"
24,6775,"dependent"
32,6776,"dependent"
24,6777,"dependent"
28,6778,"dependent"
24,6779,"dependent"
24,6780,"dependent"
24,6781,"dependent"
34,6782,"dependent"
28,6783,"dependent"
26,6784,"dependent"
24,6785,"dependent"
26,6786,"dependent"
24,6787,"dependent"
26,6788,"dependent"
28,6789,"dependent"
30,6790,"dependent"
28,6791,"dependent"
24,6792,"dependent"
22,6793,"dependent"
28,6794,"dependent"
28,6795,"dependent"
30,6796,"dependent"
28,6797,"dependent"
32,6798,"dependent"
24,6799,"dependent"
28,6800,"dependent"
30,6801,"dependent"
26,6802,"dependent"
24,6803,"dependent"
26,6804,"dependent"
26,6805,"dependent"
30,6806,"dependent"
30,6807,"dependent"
26,6808,"dependent"
28,6809,"dependent"
30,6810,"dependent"
30,6811,"dependent"
30,6812,"dependent"
32,6813,"dependent"
26,6814,"dependent"
26,6815,"dependent"
34,6816,"dependent"
28,6817,"dependent"
30,6818,"dependent"
30,6819,"dependent"
24,6820,"dependent"
34,6821,"dependent"
24,6822,"dependent"
18,6823,"dependent"
34,6824,"dependent"
30,6825,"dependent"
22,6826,"dependent"
30,6827,"dependent"
24,6828,"dependent"
32,6829,"dependent"
28,6830,"dependent"
22,6831,"dependent"
22,6832,"dependent"
30,6833,"dependent"
26,6834,"dependent"
32,6835,"dependent"
28,6836,"dependent"
32,6837,"dependent"
28,6838,"dependent"
24,6839,"dependent"
30,6840,"dependent"
30,6841,"dependent"
20,6842,"dependent"
28,6843,"dependent"
20,6844,"dependent"
28,6845,"dependent"
28,6846,"dependent"
20,6847,"dependent"
24,6848,"dependent"
24,6849,"dependent"
18,6850,"dependent"
24,6851,"dependent"
30,6852,"dependent"
28,6853,"dependent"
22,6854,"dependent"
26,6855,"dependent"
28,6856,"dependent"
26,6857,"dependent"
22,6858,"dependent"
30,6859,"dependent"
30,6860,"dependent"
26,6861,"dependent"
30,6862,"dependent"
28,6863,"dependent"
30,6864,"dependent"
22,6865,"dependent"
26,6866,"dependent"
28,6867,"dependent"
26,6868,"dependent"
24,6869,"dependent"
20,6870,"dependent"
26,6871,"dependent"
32,6872,"dependent"
26,6873,"dependent"
30,6874,"dependent"
26,6875,"dependent"
30,6876,"dependent"
24,6877,"dependent"
22,6878,"dependent"
28,6879,"dependent"
26,6880,"dependent"
28,6881,"dependent"
22,6882,"dependent"
24,6883,"dependent"
26,6884,"dependent"
30,6885,"dependent"
28,6886,"dependent"
28,6887,"dependent"
30,6888,"dependent"
26,6889,"dependent"
30,6890,"dependent"
28,6891,"dependent"
22,6892,"dependent"
24,6893,"dependent"
30,6894,"dependent"
30,6895,"dependent"
26,6896,"dependent"
26,6897,"dependent"
26,6898,"dependent"
30,6899,"dependent"
32,6900,"dependent"
28,6901,"dependent"
24,6902,"dependent"
28,6903,"dependent"
28,6904,"dependent"
30,6905,"dependent"
26,6906,"dependent"
28,6907,"dependent"
24,6908,"dependent"
26,6909,"dependent"
30,6910,"dependent"
30,6911,"dependent"
28,6912,"dependent"
32,6913,"dependent"
28,6914,"dependent"
28,6915,"dependent"
28,6916,"dependent"
32,6917,"dependent"
30,6918,"dependent"
32,6919,"dependent"
26,6920,"dependent"
30,6921,"dependent"
26,6922,"dependent"
30,6923,"dependent"
24,6924,"dependent"
30,6925,"dependent"
22,6926,"dependent"
32,6927,"dependent"
28,6928,"dependent"
30,6929,"dependent"
24,6930,"dependent"
28,6931,"dependent"
30,6932,"dependent"
24,6933,"dependent"
28,6934,"dependent"
26,6935,"dependent"
30,6936,"dependent"
28,6937,"dependent"
24,6938,"dependent"
26,6939,"dependent"
28,6940,"dependent"
26,6941,"dependent"
26,6942,"dependent"
24,6943,"dependent"
30,6944,"dependent"
26,6945,"dependent"
28,6946,"dependent"
30,6947,"dependent"
28,6948,"dependent"
26,6949,"dependent"
26,6950,"dependent"
24,6951,"dependent"
26,6952,"dependent"
32,6953,"dependent"
28,6954,"dependent"
28,6955,"dependent"
26,6956,"dependent"
24,6957,"dependent"
32,6958,"dependent"
28,6959,"dependent"
28,6960,"dependent"
26,6961,"dependent"
26,6962,"dependent"
28,6963,"dependent"
24,6964,"dependent"
30,6965,"dependent"
28,6966,"dependent"
34,6967,"dependent"
26,6968,"dependent"
30,6969,"dependent"
22,6970,"dependent"
30,6971,"dependent"
32,6972,"dependent"
30,6973,"dependent"
22,6974,"dependent"
22,6975,"dependent"
28,6976,"dependent"
34,6977,"dependent"
28,6978,"dependent"
26,6979,"dependent"
26,6980,"dependent"
16,6981,"dependent"
20,6982,"dependent"
30,6983,"dependent"
26,6984,"dependent"
30,6985,"dependent"
24,6986,"dependent"
30,6987,"dependent"
22,6988,"dependent"
28,6989,"dependent"
28,6990,"dependent"
22,6991,"dependent"
20,6992,"dependent"
26,6993,"dependent"
32,6994,"dependent"
24,6995,"dependent"
30,6996,"dependent"
28,6997,"dependent"
26,6998,"dependent"
32,6999,"dependent"
22,7000,"dependent"
22,7001,"dependent"
30,7002,"dependent"
28,7003,"dependent"
28,7004,"dependent"
30,7005,"dependent"
24,7006,"dependent"
28,7007,"dependent"
26,7008,"dependent"
28,7009,"dependent"
32,7010,"dependent"
28,7011,"dependent"
30,7012,"dependent"
30,7013,"dependent"
26,7014,"dependent"
30,7015,"dependent"
26,7016,"dependent"
26,7017,"dependent"
26,7018,"dependent"
24,7019,"dependent"
32,7020,"dependent"
26,7021,"dependent"
26,7022,"dependent"
22,7023,"dependent"
28,7024,"dependent"
28,7025,"dependent"
30,7026,"dependent"
24,7027,"dependent"
28,7028,"dependent"
26,7029,"dependent"
30,7030,"dependent"
26,7031,"dependent"
26,7032,"dependent"
32,7033,"dependent"
26,7034,"dependent"
28,7035,"dependent"
26,7036,"dependent"
28,7037,"dependent"
26,7038,"dependent"
18,7039,"dependent"
32,7040,"dependent"
22,7041,"dependent"
28,7042,"dependent"
24,7043,"dependent"
30,7044,"dependent"
26,7045,"dependent"
28,7046,"dependent"
28,7047,"dependent"
26,7048,"dependent"
24,7049,"dependent"
30,7050,"dependent"
26,7051,"dependent"
26,7052,"dependent"
28,7053,"dependent"
24,7054,"dependent"
26,7055,"dependent"
30,7056,"dependent"
30,7057,"dependent"
24,7058,"dependent"
26,7059,"dependent"
16,7060,"dependent"
22,7061,"dependent"
26,7062,"dependent"
30,7063,"dependent"
24,7064,"dependent"
30,7065,"dependent"
24,7066,"dependent"
28,7067,"dependent"
24,7068,"dependent"
28,7069,"dependent"
22,7070,"dependent"
26,7071,"dependent"
22,7072,"dependent"
24,7073,"dependent"
32,7074,"dependent"
26,7075,"dependent"
22,7076,"dependent"
26,7077,"dependent"
24,7078,"dependent"
32,7079,"dependent"
30,7080,"dependent"
34,7081,"dependent"
30,7082,"dependent"
26,7083,"dependent"
26,7084,"dependent"
30,7085,"dependent"
28,7086,"dependent"
30,7087,"dependent"
28,7088,"dependent"
32,7089,"dependent"
22,7090,"dependent"
28,7091,"dependent"
28,7092,"dependent"
26,7093,"dependent"
20,7094,"dependent"
30,7095,"dependent"
34,7096,"dependent"
28,7097,"dependent"
36,7098,"dependent"
26,7099,"dependent"
26,7100,"dependent"
28,7101,"dependent"
26,7102,"dependent"
28,7103,"dependent"
26,7104,"dependent"
32,7105,"dependent"
28,7106,"dependent"
24,7107,"dependent"
30,7108,"dependent"
26,7109,"dependent"
30,7110,"dependent"
32,7111,"dependent"
30,7112,"dependent"
32,7113,"dependent"
24,7114,"dependent"
26,7115,"dependent"
30,7116,"dependent"
28,7117,"dependent"
28,7118,"dependent"
28,7119,"dependent"
26,7120,"dependent"
28,7121,"dependent"
32,7122,"dependent"
30,7123,"dependent"
30,7124,"dependent"
30,7125,"dependent"
30,7126,"dependent"
32,7127,"dependent"
26,7128,"dependent"
28,7129,"dependent"
28,7130,"dependent"
28,7131,"dependent"
30,7132,"dependent"
26,7133,"dependent"
28,7134,"dependent"
24,7135,"dependent"
30,7136,"dependent"
30,7137,"dependent"
24,7138,"dependent"
26,7139,"dependent"
28,7140,"dependent"
30,7141,"dependent"
28,7142,"dependent"
26,7143,"dependent"
28,7144,"dependent"
32,7145,"dependent"
22,7146,"dependent"
34,7147,"dependent"
24,7148,"dependent"
28,7149,"dependent"
24,7150,"dependent"
30,7151,"dependent"
26,7152,"dependent"
32,7153,"dependent"
22,7154,"dependent"
28,7155,"dependent"
32,7156,"dependent"
28,7157,"dependent"
26,7158,"dependent"
26,7159,"dependent"
26,7160,"dependent"
26,7161,"dependent"
28,7162,"dependent"
32,7163,"dependent"
26,7164,"dependent"
20,7165,"dependent"
24,7166,"dependent"
22,7167,"dependent"
28,7168,"dependent"
24,7169,"dependent"
24,7170,"dependent"
30,7171,"dependent"
30,7172,"dependent"
28,7173,"dependent"
30,7174,"dependent"
24,7175,"dependent"
28,7176,"dependent"
18,7177,"dependent"
32,7178,"dependent"
18,7179,"dependent"
28,7180,"dependent"
26,7181,"dependent"
32,7182,"dependent"
24,7183,"dependent"
24,7184,"dependent"
30,7185,"dependent"
26,7186,"dependent"
18,7187,"dependent"
22,7188,"dependent"
16,7189,"dependent"
24,7190,"dependent"
16,7191,"dependent"
28,7192,"dependent"
30,7193,"dependent"
28,7194,"dependent"
30,7195,"dependent"
28,7196,"dependent"
22,7197,"dependent"
22,7198,"dependent"
24,7199,"dependent"
20,7200,"dependent"
28,7201,"dependent"
30,7202,"dependent"
28,7203,"dependent"
24,7204,"dependent"
30,7205,"dependent"
24,7206,"dependent"
20,7207,"dependent"
24,7208,"dependent"
24,7209,"dependent"
28,7210,"dependent"
22,7211,"dependent"
24,7212,"dependent"
24,7213,"dependent"
26,7214,"dependent"
26,7215,"dependent"
26,7216,"dependent"
22,7217,"dependent"
32,7218,"dependent"
28,7219,"dependent"
32,7220,"dependent"
30,7221,"dependent"
30,7222,"dependent"
26,7223,"dependent"
26,7224,"dependent"
28,7225,"dependent"
30,7226,"dependent"
28,7227,"dependent"
22,7228,"dependent"
26,7229,"dependent"
24,7230,"dependent"
24,7231,"dependent"
26,7232,"dependent"
32,7233,"dependent"
28,7234,"dependent"
22,7235,"dependent"
28,7236,"dependent"
24,7237,"dependent"
24,7238,"dependent"
28,7239,"dependent"
28,7240,"dependent"
24,7241,"dependent"
18,7242,"dependent"
26,7243,"dependent"
26,7244,"dependent"
24,7245,"dependent"
24,7246,"dependent"
22,7247,"dependent"
26,7248,"dependent"
28,7249,"dependent"
28,7250,"dependent"
28,7251,"dependent"
32,7252,"dependent"
26,7253,"dependent"
32,7254,"dependent"
26,7255,"dependent"
26,7256,"dependent"
26,7257,"dependent"
24,7258,"dependent"
30,7259,"dependent"
24,7260,"dependent"
32,7261,"dependent"
26,7262,"dependent"
26,7263,"dependent"
26,7264,"dependent"
28,7265,"dependent"
28,7266,"dependent"
26,7267,"dependent"
28,7268,"dependent"
28,7269,"dependent"
28,7270,"dependent"
28,7271,"dependent"
30,7272,"dependent"
26,7273,"dependent"
24,7274,"dependent"
24,7275,"dependent"
28,7276,"dependent"
24,7277,"dependent"
28,7278,"dependent"
26,7279,"dependent"
28,7280,"dependent"
30,7281,"dependent"
26,7282,"dependent"
32,7283,"dependent"
28,7284,"dependent"
28,7285,"dependent"
28,7286,"dependent"
28,7287,"dependent"
30,7288,"dependent"
16,7289,"dependent"
30,7290,"dependent"
30,7291,"dependent"
26,7292,"dependent"
26,7293,"dependent"
28,7294,"dependent"
28,7295,"dependent"
32,7296,"dependent"
26,7297,"dependent"
24,7298,"dependent"
28,7299,"dependent"
32,7300,"dependent"
30,7301,"dependent"
26,7302,"dependent"
24,7303,"dependent"
26,7304,"dependent"
26,7305,"dependent"
28,7306,"dependent"
26,7307,"dependent"
24,7308,"dependent"
30,7309,"dependent"
26,7310,"dependent"
30,7311,"dependent"
28,7312,"dependent"
28,7313,"dependent"
28,7314,"dependent"
30,7315,"dependent"
30,7316,"dependent"
18,7317,"dependent"
26,7318,"dependent"
30,7319,"dependent"
22,7320,"dependent"
24,7321,"dependent"
30,7322,"dependent"
28,7323,"dependent"
24,7324,"dependent"
26,7325,"dependent"
26,7326,"dependent"
34,7327,"dependent"
24,7328,"dependent"
26,7329,"dependent"
28,7330,"dependent"
24,7331,"dependent"
24,7332,"dependent"
24,7333,"dependent"
32,7334,"dependent"
28,7335,"dependent"
26,7336,"dependent"
28,7337,"dependent"
32,7338,"dependent"
26,7339,"dependent"
30,7340,"dependent"
26,7341,"dependent"
22,7342,"dependent"
28,7343,"dependent"
24,7344,"dependent"
28,7345,"dependent"
28,7346,"dependent"
32,7347,"dependent"
32,7348,"dependent"
34,7349,"dependent"
30,7350,"dependent"
32,7351,"dependent"
22,7352,"dependent"
26,7353,"dependent"
30,7354,"dependent"
24,7355,"dependent"
22,7356,"dependent"
24,7357,"dependent"
34,7358,"dependent"
28,7359,"dependent"
28,7360,"dependent"
32,7361,"dependent"
30,7362,"dependent"
32,7363,"dependent"
24,7364,"dependent"
22,7365,"dependent"
24,7366,"dependent"
28,7367,"dependent"
26,7368,"dependent"
28,7369,"dependent"
30,7370,"dependent"
26,7371,"dependent"
30,7372,"dependent"
30,7373,"dependent"
22,7374,"dependent"
24,7375,"dependent"
26,7376,"dependent"
30,7377,"dependent"
28,7378,"dependent"
24,7379,"dependent"
28,7380,"dependent"
28,7381,"dependent"
26,7382,"dependent"
22,7383,"dependent"
30,7384,"dependent"
28,7385,"dependent"
28,7386,"dependent"
30,7387,"dependent"
28,7388,"dependent"
28,7389,"dependent"
22,7390,"dependent"
22,7391,"dependent"
22,7392,"dependent"
24,7393,"dependent"
30,7394,"dependent"
28,7395,"dependent"
26,7396,"dependent"
24,7397,"dependent"
30,7398,"dependent"
32,7399,"dependent"
30,7400,"dependent"
28,7401,"dependent"
22,7402,"dependent"
22,7403,"dependent"
28,7404,"dependent"
26,7405,"dependent"
26,7406,"dependent"
22,7407,"dependent"
28,7408,"dependent"
22,7409,"dependent"
26,7410,"dependent"
24,7411,"dependent"
24,7412,"dependent"
30,7413,"dependent"
34,7414,"dependent"
22,7415,"dependent"
28,7416,"dependent"
26,7417,"dependent"
26,7418,"dependent"
24,7419,"dependent"
24,7420,"dependent"
32,7421,"dependent"
28,7422,"dependent"
32,7423,"dependent"
24,7424,"dependent"
28,7425,"dependent"
26,7426,"dependent"
26,7427,"dependent"
34,7428,"dependent"
32,7429,"dependent"
30,7430,"dependent"
28,7431,"dependent"
28,7432,"dependent"
30,7433,"dependent"
24,7434,"dependent"
30,7435,"dependent"
30,7436,"dependent"
22,7437,"dependent"
28,7438,"dependent"
24,7439,"dependent"
26,7440,"dependent"
26,7441,"dependent"
26,7442,"dependent"
24,7443,"dependent"
26,7444,"dependent"
30,7445,"dependent"
28,7446,"dependent"
32,7447,"dependent"
30,7448,"dependent"
34,7449,"dependent"
30,7450,"dependent"
26,7451,"dependent"
24,7452,"dependent"
32,7453,"dependent"
28,7454,"dependent"
24,7455,"dependent"
22,7456,"dependent"
22,7457,"dependent"
20,7458,"dependent"
28,7459,"dependent"
26,7460,"dependent"
26,7461,"dependent"
28,7462,"dependent"
30,7463,"dependent"
28,7464,"dependent"
22,7465,"dependent"
26,7466,"dependent"
24,7467,"dependent"
24,7468,"dependent"
24,7469,"dependent"
28,7470,"dependent"
24,7471,"dependent"
32,7472,"dependent"
26,7473,"dependent"
22,7474,"dependent"
26,7475,"dependent"
26,7476,"dependent"
30,7477,"dependent"
34,7478,"dependent"
28,7479,"dependent"
30,7480,"dependent"
28,7481,"dependent"
28,7482,"dependent"
26,7483,"dependent"
28,7484,"dependent"
26,7485,"dependent"
26,7486,"dependent"
34,7487,"dependent"
24,7488,"dependent"
30,7489,"dependent"
30,7490,"dependent"
24,7491,"dependent"
30,7492,"dependent"
32,7493,"dependent"
30,7494,"dependent"
26,7495,"dependent"
26,7496,"dependent"
26,7497,"dependent"
24,7498,"dependent"
28,7499,"dependent"
32,7500,"dependent"
22,7501,"dependent"
28,7502,"dependent"
24,7503,"dependent"
22,7504,"dependent"
28,7505,"dependent"
24,7506,"dependent"
30,7507,"dependent"
26,7508,"dependent"
30,7509,"dependent"
26,7510,"dependent"
28,7511,"dependent"
20,7512,"dependent"
24,7513,"dependent"
26,7514,"dependent"
28,7515,"dependent"
26,7516,"dependent"
22,7517,"dependent"
28,7518,"dependent"
22,7519,"dependent"
24,7520,"dependent"
28,7521,"dependent"
30,7522,"dependent"
24,7523,"dependent"
24,7524,"dependent"
22,7525,"dependent"
24,7526,"dependent"
20,7527,"dependent"
24,7528,"dependent"
28,7529,"dependent"
32,7530,"dependent"
28,7531,"dependent"
24,7532,"dependent"
34,7533,"dependent"
28,7534,"dependent"
24,7535,"dependent"
26,7536,"dependent"
28,7537,"dependent"
30,7538,"dependent"
30,7539,"dependent"
28,7540,"dependent"
32,7541,"dependent"
26,7542,"dependent"
28,7543,"dependent"
30,7544,"dependent"
24,7545,"dependent"
26,7546,"dependent"
28,7547,"dependent"
24,7548,"dependent"
28,7549,"dependent"
24,7550,"dependent"
28,7551,"dependent"
30,7552,"dependent"
26,7553,"dependent"
26,7554,"dependent"
34,7555,"dependent"
28,7556,"dependent"
26,7557,"dependent"
26,7558,"dependent"
32,7559,"dependent"
28,7560,"dependent"
28,7561,"dependent"
24,7562,"dependent"
30,7563,"dependent"
26,7564,"dependent"
32,7565,"dependent"
18,7566,"dependent"
26,7567,"dependent"
30,7568,"dependent"
28,7569,"dependent"
24,7570,"dependent"
26,7571,"dependent"
28,7572,"dependent"
26,7573,"dependent"
26,7574,"dependent"
32,7575,"dependent"
26,7576,"dependent"
26,7577,"dependent"
30,7578,"dependent"
30,7579,"dependent"
26,7580,"dependent"
28,7581,"dependent"
28,7582,"dependent"
26,7583,"dependent"
28,7584,"dependent"
28,7585,"dependent"
28,7586,"dependent"
22,7587,"dependent"
28,7588,"dependent"
26,7589,"dependent"
26,7590,"dependent"
28,7591,"dependent"
30,7592,"dependent"
30,7593,"dependent"
28,7594,"dependent"
28,7595,"dependent"
28,7596,"dependent"
22,7597,"dependent"
28,7598,"dependent"
26,7599,"dependent"
24,7600,"dependent"
32,7601,"dependent"
24,7602,"dependent"
26,7603,"dependent"
28,7604,"dependent"
24,7605,"dependent"
32,7606,"dependent"
30,7607,"dependent"
30,7608,"dependent"
28,7609,"dependent"
24,7610,"dependent"
24,7611,"dependent"
26,7612,"dependent"
28,7613,"dependent"
22,7614,"dependent"
30,7615,"dependent"
22,7616,"dependent"
28,7617,"dependent"
28,7618,"dependent"
26,7619,"dependent"
32,7620,"dependent"
34,7621,"dependent"
26,7622,"dependent"
26,7623,"dependent"
26,7624,"dependent"
32,7625,"dependent"
26,7626,"dependent"
22,7627,"dependent"
30,7628,"dependent"
28,7629,"dependent"
24,7630,"dependent"
22,7631,"dependent"
26,7632,"dependent"
28,7633,"dependent"
28,7634,"dependent"
28,7635,"dependent"
26,7636,"dependent"
28,7637,"dependent"
24,7638,"dependent"
24,7639,"dependent"
24,7640,"dependent"
30,7641,"dependent"
28,7642,"dependent"
26,7643,"dependent"
32,7644,"dependent"
32,7645,"dependent"
24,7646,"dependent"
30,7647,"dependent"
30,7648,"dependent"
24,7649,"dependent"
30,7650,"dependent"
24,7651,"dependent"
24,7652,"dependent"
30,7653,"dependent"
26,7654,"dependent"
28,7655,"dependent"
30,7656,"dependent"
28,7657,"dependent"
26,7658,"dependent"
24,7659,"dependent"
26,7660,"dependent"
32,7661,"dependent"
26,7662,"dependent"
24,7663,"dependent"
24,7664,"dependent"
26,7665,"dependent"
32,7666,"dependent"
22,7667,"dependent"
30,7668,"dependent"
34,7669,"dependent"
28,7670,"dependent"
24,7671,"dependent"
28,7672,"dependent"
28,7673,"dependent"
26,7674,"dependent"
26,7675,"dependent"
18,7676,"dependent"
24,7677,"dependent"
34,7678,"dependent"
22,7679,"dependent"
28,7680,"dependent"
24,7681,"dependent"
28,7682,"dependent"
26,7683,"dependent"
26,7684,"dependent"
30,7685,"dependent"
28,7686,"dependent"
26,7687,"dependent"
24,7688,"dependent"
30,7689,"dependent"
32,7690,"dependent"
26,7691,"dependent"
24,7692,"dependent"
20,7693,"dependent"
28,7694,"dependent"
30,7695,"dependent"
26,7696,"dependent"
28,7697,"dependent"
26,7698,"dependent"
20,7699,"dependent"
26,7700,"dependent"
28,7701,"dependent"
28,7702,"dependent"
26,7703,"dependent"
28,7704,"dependent"
28,7705,"dependent"
28,7706,"dependent"
30,7707,"dependent"
32,7708,"dependent"
24,7709,"dependent"
26,7710,"dependent"
30,7711,"dependent"
20,7712,"dependent"
22,7713,"dependent"
26,7714,"dependent"
22,7715,"dependent"
26,7716,"dependent"
22,7717,"dependent"
30,7718,"dependent"
26,7719,"dependent"
26,7720,"dependent"
26,7721,"dependent"
26,7722,"dependent"
26,7723,"dependent"
28,7724,"dependent"
32,7725,"dependent"
24,7726,"dependent"
28,7727,"dependent"
24,7728,"dependent"
22,7729,"dependent"
30,7730,"dependent"
24,7731,"dependent"
24,7732,"dependent"
30,7733,"dependent"
26,7734,"dependent"
24,7735,"dependent"
28,7736,"dependent"
28,7737,"dependent"
24,7738,"dependent"
34,7739,"dependent"
30,7740,"dependent"
26,7741,"dependent"
22,7742,"dependent"
28,7743,"dependent"
28,7744,"dependent"
28,7745,"dependent"
28,7746,"dependent"
24,7747,"dependent"
28,7748,"dependent"
24,7749,"dependent"
26,7750,"dependent"
26,7751,"dependent"
26,7752,"dependent"
26,7753,"dependent"
26,7754,"dependent"
26,7755,"dependent"
26,7756,"dependent"
28,7757,"dependent"
28,7758,"dependent"
26,7759,"dependent"
28,7760,"dependent"
28,7761,"dependent"
26,7762,"dependent"
18,7763,"dependent"
26,7764,"dependent"
30,7765,"dependent"
24,7766,"dependent"
20,7767,"dependent"
26,7768,"dependent"
28,7769,"dependent"
30,7770,"dependent"
24,7771,"dependent"
28,7772,"dependent"
22,7773,"dependent"
28,7774,"dependent"
20,7775,"dependent"
18,7776,"dependent"
18,7777,"dependent"
22,7778,"dependent"
30,7779,"dependent"
28,7780,"dependent"
20,7781,"dependent"
24,7782,"dependent"
28,7783,"dependent"
26,7784,"dependent"
28,7785,"dependent"
26,7786,"dependent"
32,7787,"dependent"
32,7788,"dependent"
34,7789,"dependent"
24,7790,"dependent"
20,7791,"dependent"
32,7792,"dependent"
30,7793,"dependent"
24,7794,"dependent"
30,7795,"dependent"
34,7796,"dependent"
26,7797,"dependent"
24,7798,"dependent"
20,7799,"dependent"
28,7800,"dependent"
28,7801,"dependent"
24,7802,"dependent"
18,7803,"dependent"
28,7804,"dependent"
30,7805,"dependent"
28,7806,"dependent"
22,7807,"dependent"
26,7808,"dependent"
26,7809,"dependent"
28,7810,"dependent"
28,7811,"dependent"
24,7812,"dependent"
24,7813,"dependent"
26,7814,"dependent"
24,7815,"dependent"
28,7816,"dependent"
28,7817,"dependent"
28,7818,"dependent"
20,7819,"dependent"
26,7820,"dependent"
22,7821,"dependent"
20,7822,"dependent"
32,7823,"dependent"
28,7824,"dependent"
30,7825,"dependent"
24,7826,"dependent"
24,7827,"dependent"
24,7828,"dependent"
28,7829,"dependent"
28,7830,"dependent"
28,7831,"dependent"
32,7832,"dependent"
24,7833,"dependent"
24,7834,"dependent"
26,7835,"dependent"
20,7836,"dependent"
22,7837,"dependent"
30,7838,"dependent"
22,7839,"dependent"
26,7840,"dependent"
26,7841,"dependent"
22,7842,"dependent"
28,7843,"dependent"
26,7844,"dependent"
30,7845,"dependent"
28,7846,"dependent"
24,7847,"dependent"
30,7848,"dependent"
26,7849,"dependent"
26,7850,"dependent"
24,7851,"dependent"
24,7852,"dependent"
26,7853,"dependent"
34,7854,"dependent"
28,7855,"dependent"
26,7856,"dependent"
28,7857,"dependent"
28,7858,"dependent"
26,7859,"dependent"
30,7860,"dependent"
30,7861,"dependent"
30,7862,"dependent"
28,7863,"dependent"
28,7864,"dependent"
24,7865,"dependent"
28,7866,"dependent"
30,7867,"dependent"
26,7868,"dependent"
24,7869,"dependent"
24,7870,"dependent"
18,7871,"dependent"
30,7872,"dependent"
30,7873,"dependent"
24,7874,"dependent"
28,7875,"dependent"
26,7876,"dependent"
20,7877,"dependent"
28,7878,"dependent"
26,7879,"dependent"
32,7880,"dependent"
30,7881,"dependent"
28,7882,"dependent"
28,7883,"dependent"
34,7884,"dependent"
28,7885,"dependent"
28,7886,"dependent"
22,7887,"dependent"
24,7888,"dependent"
28,7889,"dependent"
26,7890,"dependent"
30,7891,"dependent"
28,7892,"dependent"
26,7893,"dependent"
22,7894,"dependent"
28,7895,"dependent"
22,7896,"dependent"
26,7897,"dependent"
26,7898,"dependent"
30,7899,"dependent"
26,7900,"dependent"
30,7901,"dependent"
28,7902,"dependent"
26,7903,"dependent"
32,7904,"dependent"
22,7905,"dependent"
22,7906,"dependent"
28,7907,"dependent"
26,7908,"dependent"
34,7909,"dependent"
28,7910,"dependent"
28,7911,"dependent"
24,7912,"dependent"
30,7913,"dependent"
30,7914,"dependent"
30,7915,"dependent"
26,7916,"dependent"
24,7917,"dependent"
30,7918,"dependent"
28,7919,"dependent"
24,7920,"dependent"
22,7921,"dependent"
24,7922,"dependent"
24,7923,"dependent"
30,7924,"dependent"
26,7925,"dependent"
24,7926,"dependent"
22,7927,"dependent"
26,7928,"dependent"
32,7929,"dependent"
30,7930,"dependent"
28,7931,"dependent"
28,7932,"dependent"
26,7933,"dependent"
20,7934,"dependent"
28,7935,"dependent"
32,7936,"dependent"
28,7937,"dependent"
30,7938,"dependent"
26,7939,"dependent"
28,7940,"dependent"
30,7941,"dependent"
30,7942,"dependent"
32,7943,"dependent"
30,7944,"dependent"
28,7945,"dependent"
28,7946,"dependent"
26,7947,"dependent"
32,7948,"dependent"
30,7949,"dependent"
30,7950,"dependent"
30,7951,"dependent"
26,7952,"dependent"
22,7953,"dependent"
22,7954,"dependent"
28,7955,"dependent"
24,7956,"dependent"
28,7957,"dependent"
28,7958,"dependent"
24,7959,"dependent"
26,7960,"dependent"
28,7961,"dependent"
28,7962,"dependent"
22,7963,"dependent"
26,7964,"dependent"
26,7965,"dependent"
22,7966,"dependent"
34,7967,"dependent"
26,7968,"dependent"
30,7969,"dependent"
24,7970,"dependent"
30,7971,"dependent"
26,7972,"dependent"
24,7973,"dependent"
26,7974,"dependent"
28,7975,"dependent"
24,7976,"dependent"
28,7977,"dependent"
24,7978,"dependent"
32,7979,"dependent"
24,7980,"dependent"
28,7981,"dependent"
24,7982,"dependent"
26,7983,"dependent"
30,7984,"dependent"
18,7985,"dependent"
30,7986,"dependent"
28,7987,"dependent"
32,7988,"dependent"
26,7989,"dependent"
24,7990,"dependent"
30,7991,"dependent"
24,7992,"dependent"
28,7993,"dependent"
30,7994,"dependent"
24,7995,"dependent"
24,7996,"dependent"
22,7997,"dependent"
24,7998,"dependent"
28,7999,"dependent"
28,8000,"dependent"
20,8001,"dependent"
24,8002,"dependent"
32,8003,"dependent"
24,8004,"dependent"
26,8005,"dependent"
28,8006,"dependent"
26,8007,"dependent"
26,8008,"dependent"
22,8009,"dependent"
28,8010,"dependent"
22,8011,"dependent"
28,8012,"dependent"
26,8013,"dependent"
24,8014,"dependent"
28,8015,"dependent"
28,8016,"dependent"
26,8017,"dependent"
34,8018,"dependent"
24,8019,"dependent"
30,8020,"dependent"
24,8021,"dependent"
24,8022,"dependent"
28,8023,"dependent"
26,8024,"dependent"
28,8025,"dependent"
20,8026,"dependent"
30,8027,"dependent"
28,8028,"dependent"
22,8029,"dependent"
22,8030,"dependent"
28,8031,"dependent"
28,8032,"dependent"
32,8033,"dependent"
28,8034,"dependent"
26,8035,"dependent"
28,8036,"dependent"
26,8037,"dependent"
22,8038,"dependent"
26,8039,"dependent"
26,8040,"dependent"
28,8041,"dependent"
30,8042,"dependent"
24,8043,"dependent"
26,8044,"dependent"
30,8045,"dependent"
24,8046,"dependent"
26,8047,"dependent"
30,8048,"dependent"
30,8049,"dependent"
30,8050,"dependent"
26,8051,"dependent"
20,8052,"dependent"
24,8053,"dependent"
30,8054,"dependent"
28,8055,"dependent"
24,8056,"dependent"
30,8057,"dependent"
26,8058,"dependent"
30,8059,"dependent"
24,8060,"dependent"
22,8061,"dependent"
24,8062,"dependent"
24,8063,"dependent"
26,8064,"dependent"
26,8065,"dependent"
24,8066,"dependent"
26,8067,"dependent"
26,8068,"dependent"
22,8069,"dependent"
32,8070,"dependent"
26,8071,"dependent"
24,8072,"dependent"
28,8073,"dependent"
30,8074,"dependent"
24,8075,"dependent"
28,8076,"dependent"
24,8077,"dependent"
16,8078,"dependent"
16,8079,"dependent"
24,8080,"dependent"
30,8081,"dependent"
28,8082,"dependent"
28,8083,"dependent"
28,8084,"dependent"
26,8085,"dependent"
26,8086,"dependent"
22,8087,"dependent"
24,8088,"dependent"
24,8089,"dependent"
24,8090,"dependent"
22,8091,"dependent"
26,8092,"dependent"
18,8093,"dependent"
30,8094,"dependent"
26,8095,"dependent"
26,8096,"dependent"
28,8097,"dependent"
26,8098,"dependent"
26,8099,"dependent"
26,8100,"dependent"
34,8101,"dependent"
24,8102,"dependent"
26,8103,"dependent"
30,8104,"dependent"
24,8105,"dependent"
30,8106,"dependent"
22,8107,"dependent"
20,8108,"dependent"
26,8109,"dependent"
28,8110,"dependent"
34,8111,"dependent"
30,8112,"dependent"
24,8113,"dependent"
30,8114,"dependent"
26,8115,"dependent"
28,8116,"dependent"
24,8117,"dependent"
28,8118,"dependent"
26,8119,"dependent"
28,8120,"dependent"
30,8121,"dependent"
24,8122,"dependent"
26,8123,"dependent"
26,8124,"dependent"
24,8125,"dependent"
30,8126,"dependent"
22,8127,"dependent"
24,8128,"dependent"
26,8129,"dependent"
28,8130,"dependent"
26,8131,"dependent"
22,8132,"dependent"
28,8133,"dependent"
34,8134,"dependent"
28,8135,"dependent"
28,8136,"dependent"
28,8137,"dependent"
28,8138,"dependent"
26,8139,"dependent"
28,8140,"dependent"
26,8141,"dependent"
30,8142,"dependent"
22,8143,"dependent"
20,8144,"dependent"
28,8145,"dependent"
18,8146,"dependent"
16,8147,"dependent"
24,8148,"dependent"
24,8149,"dependent"
26,8150,"dependent"
32,8151,"dependent"
22,8152,"dependent"
30,8153,"dependent"
24,8154,"dependent"
26,8155,"dependent"
26,8156,"dependent"
30,8157,"dependent"
26,8158,"dependent"
30,8159,"dependent"
16,8160,"dependent"
28,8161,"dependent"
20,8162,"dependent"
26,8163,"dependent"
30,8164,"dependent"
22,8165,"dependent"
32,8166,"dependent"
24,8167,"dependent"
26,8168,"dependent"
30,8169,"dependent"
22,8170,"dependent"
26,8171,"dependent"
28,8172,"dependent"
32,8173,"dependent"
26,8174,"dependent"
30,8175,"dependent"
28,8176,"dependent"
30,8177,"dependent"
20,8178,"dependent"
30,8179,"dependent"
26,8180,"dependent"
26,8181,"dependent"
30,8182,"dependent"
24,8183,"dependent"
26,8184,"dependent"
24,8185,"dependent"
24,8186,"dependent"
26,8187,"dependent"
28,8188,"dependent"
20,8189,"dependent"
32,8190,"dependent"
24,8191,"dependent"
24,8192,"dependent"
24,8193,"dependent"
24,8194,"dependent"
32,8195,"dependent"
30,8196,"dependent"
30,8197,"dependent"
32,8198,"dependent"
30,8199,"dependent"
26,8200,"dependent"
26,8201,"dependent"
26,8202,"dependent"
30,8203,"dependent"
22,8204,"dependent"
26,8205,"dependent"
28,8206,"dependent"
26,8207,"dependent"
24,8208,"dependent"
28,8209,"dependent"
34,8210,"dependent"
28,8211,"dependent"
26,8212,"dependent"
28,8213,"dependent"
26,8214,"dependent"
28,8215,"dependent"
34,8216,"dependent"
30,8217,"dependent"
20,8218,"dependent"
26,8219,"dependent"
20,8220,"dependent"
28,8221,"dependent"
22,8222,"dependent"
30,8223,"dependent"
24,8224,"dependent"
20,8225,"dependent"
24,8226,"dependent"
28,8227,"dependent"
30,8228,"dependent"
28,8229,"dependent"
28,8230,"dependent"
26,8231,"dependent"
30,8232,"dependent"
22,8233,"dependent"
30,8234,"dependent"
24,8235,"dependent"
28,8236,"dependent"
28,8237,"dependent"
24,8238,"dependent"
24,8239,"dependent"
28,8240,"dependent"
22,8241,"dependent"
30,8242,"dependent"
26,8243,"dependent"
30,8244,"dependent"
26,8245,"dependent"
26,8246,"dependent"
32,8247,"dependent"
30,8248,"dependent"
28,8249,"dependent"
24,8250,"dependent"
28,8251,"dependent"
32,8252,"dependent"
30,8253,"dependent"
24,8254,"dependent"
32,8255,"dependent"
26,8256,"dependent"
24,8257,"dependent"
28,8258,"dependent"
26,8259,"dependent"
30,8260,"dependent"
32,8261,"dependent"
30,8262,"dependent"
30,8263,"dependent"
28,8264,"dependent"
28,8265,"dependent"
26,8266,"dependent"
26,8267,"dependent"
28,8268,"dependent"
30,8269,"dependent"
18,8270,"dependent"
26,8271,"dependent"
28,8272,"dependent"
24,8273,"dependent"
28,8274,"dependent"
26,8275,"dependent"
24,8276,"dependent"
34,8277,"dependent"
28,8278,"dependent"
32,8279,"dependent"
22,8280,"dependent"
22,8281,"dependent"
30,8282,"dependent"
28,8283,"dependent"
26,8284,"dependent"
28,8285,"dependent"
24,8286,"dependent"
26,8287,"dependent"
32,8288,"dependent"
26,8289,"dependent"
28,8290,"dependent"
28,8291,"dependent"
24,8292,"dependent"
22,8293,"dependent"
30,8294,"dependent"
32,8295,"dependent"
26,8296,"dependent"
32,8297,"dependent"
24,8298,"dependent"
26,8299,"dependent"
32,8300,"dependent"
26,8301,"dependent"
26,8302,"dependent"
28,8303,"dependent"
20,8304,"dependent"
22,8305,"dependent"
26,8306,"dependent"
22,8307,"dependent"
22,8308,"dependent"
24,8309,"dependent"
24,8310,"dependent"
28,8311,"dependent"
32,8312,"dependent"
24,8313,"dependent"
26,8314,"dependent"
28,8315,"dependent"
26,8316,"dependent"
26,8317,"dependent"
28,8318,"dependent"
28,8319,"dependent"
34,8320,"dependent"
34,8321,"dependent"
22,8322,"dependent"
26,8323,"dependent"
28,8324,"dependent"
30,8325,"dependent"
28,8326,"dependent"
26,8327,"dependent"
26,8328,"dependent"
26,8329,"dependent"
30,8330,"dependent"
26,8331,"dependent"
26,8332,"dependent"
26,8333,"dependent"
32,8334,"dependent"
30,8335,"dependent"
28,8336,"dependent"
28,8337,"dependent"
26,8338,"dependent"
26,8339,"dependent"
24,8340,"dependent"
32,8341,"dependent"
26,8342,"dependent"
32,8343,"dependent"
28,8344,"dependent"
26,8345,"dependent"
30,8346,"dependent"
32,8347,"dependent"
28,8348,"dependent"
20,8349,"dependent"
28,8350,"dependent"
30,8351,"dependent"
26,8352,"dependent"
22,8353,"dependent"
30,8354,"dependent"
26,8355,"dependent"
26,8356,"dependent"
22,8357,"dependent"
24,8358,"dependent"
28,8359,"dependent"
32,8360,"dependent"
30,8361,"dependent"
30,8362,"dependent"
26,8363,"dependent"
28,8364,"dependent"
24,8365,"dependent"
32,8366,"dependent"
32,8367,"dependent"
22,8368,"dependent"
28,8369,"dependent"
28,8370,"dependent"
28,8371,"dependent"
28,8372,"dependent"
26,8373,"dependent"
26,8374,"dependent"
26,8375,"dependent"
26,8376,"dependent"
30,8377,"dependent"
30,8378,"dependent"
32,8379,"dependent"
28,8380,"dependent"
30,8381,"dependent"
28,8382,"dependent"
28,8383,"dependent"
30,8384,"dependent"
18,8385,"dependent"
14,8386,"dependent"
26,8387,"dependent"
34,8388,"dependent"
28,8389,"dependent"
24,8390,"dependent"
30,8391,"dependent"
30,8392,"dependent"
30,8393,"dependent"
22,8394,"dependent"
30,8395,"dependent"
22,8396,"dependent"
26,8397,"dependent"
32,8398,"dependent"
26,8399,"dependent"
26,8400,"dependent"
22,8401,"dependent"
30,8402,"dependent"
28,8403,"dependent"
26,8404,"dependent"
22,8405,"dependent"
24,8406,"dependent"
26,8407,"dependent"
30,8408,"dependent"
32,8409,"dependent"
24,8410,"dependent"
32,8411,"dependent"
28,8412,"dependent"
24,8413,"dependent"
24,8414,"dependent"
26,8415,"dependent"
26,8416,"dependent"
24,8417,"dependent"
28,8418,"dependent"
34,8419,"dependent"
30,8420,"dependent"
32,8421,"dependent"
30,8422,"dependent"
30,8423,"dependent"
30,8424,"dependent"
34,8425,"dependent"
30,8426,"dependent"
28,8427,"dependent"
18,8428,"dependent"
26,8429,"dependent"
24,8430,"dependent"
26,8431,"dependent"
30,8432,"dependent"
32,8433,"dependent"
24,8434,"dependent"
22,8435,"dependent"
28,8436,"dependent"
30,8437,"dependent"
26,8438,"dependent"
26,8439,"dependent"
30,8440,"dependent"
26,8441,"dependent"
24,8442,"dependent"
28,8443,"dependent"
28,8444,"dependent"
28,8445,"dependent"
22,8446,"dependent"
26,8447,"dependent"
28,8448,"dependent"
26,8449,"dependent"
30,8450,"dependent"
22,8451,"dependent"
24,8452,"dependent"
32,8453,"dependent"
26,8454,"dependent"
24,8455,"dependent"
20,8456,"dependent"
30,8457,"dependent"
26,8458,"dependent"
24,8459,"dependent"
28,8460,"dependent"
26,8461,"dependent"
30,8462,"dependent"
28,8463,"dependent"
26,8464,"dependent"
30,8465,"dependent"
28,8466,"dependent"
30,8467,"dependent"
30,8468,"dependent"
30,8469,"dependent"
26,8470,"dependent"
30,8471,"dependent"
30,8472,"dependent"
24,8473,"dependent"
26,8474,"dependent"
32,8475,"dependent"
26,8476,"dependent"
28,8477,"dependent"
24,8478,"dependent"
28,8479,"dependent"
26,8480,"dependent"
26,8481,"dependent"
28,8482,"dependent"
28,8483,"dependent"
24,8484,"dependent"
22,8485,"dependent"
28,8486,"dependent"
28,8487,"dependent"
28,8488,"dependent"
24,8489,"dependent"
30,8490,"dependent"
28,8491,"dependent"
20,8492,"dependent"
30,8493,"dependent"
30,8494,"dependent"
28,8495,"dependent"
28,8496,"dependent"
30,8497,"dependent"
18,8498,"dependent"
30,8499,"dependent"
32,8500,"dependent"
28,8501,"dependent"
30,8502,"dependent"
24,8503,"dependent"
20,8504,"dependent"
28,8505,"dependent"
24,8506,"dependent"
30,8507,"dependent"
28,8508,"dependent"
24,8509,"dependent"
30,8510,"dependent"
30,8511,"dependent"
24,8512,"dependent"
30,8513,"dependent"
24,8514,"dependent"
28,8515,"dependent"
24,8516,"dependent"
24,8517,"dependent"
22,8518,"dependent"
20,8519,"dependent"
28,8520,"dependent"
32,8521,"dependent"
30,8522,"dependent"
26,8523,"dependent"
24,8524,"dependent"
22,8525,"dependent"
26,8526,"dependent"
20,8527,"dependent"
28,8528,"dependent"
26,8529,"dependent"
24,8530,"dependent"
28,8531,"dependent"
28,8532,"dependent"
28,8533,"dependent"
26,8534,"dependent"
22,8535,"dependent"
24,8536,"dependent"
24,8537,"dependent"
26,8538,"dependent"
24,8539,"dependent"
30,8540,"dependent"
26,8541,"dependent"
26,8542,"dependent"
26,8543,"dependent"
30,8544,"dependent"
24,8545,"dependent"
28,8546,"dependent"
26,8547,"dependent"
28,8548,"dependent"
32,8549,"dependent"
28,8550,"dependent"
22,8551,"dependent"
26,8552,"dependent"
24,8553,"dependent"
28,8554,"dependent"
28,8555,"dependent"
28,8556,"dependent"
22,8557,"dependent"
30,8558,"dependent"
24,8559,"dependent"
24,8560,"dependent"
26,8561,"dependent"
30,8562,"dependent"
22,8563,"dependent"
28,8564,"dependent"
24,8565,"dependent"
22,8566,"dependent"
26,8567,"dependent"
34,8568,"dependent"
28,8569,"dependent"
24,8570,"dependent"
24,8571,"dependent"
28,8572,"dependent"
26,8573,"dependent"
28,8574,"dependent"
30,8575,"dependent"
22,8576,"dependent"
30,8577,"dependent"
30,8578,"dependent"
28,8579,"dependent"
22,8580,"dependent"
30,8581,"dependent"
28,8582,"dependent"
26,8583,"dependent"
18,8584,"dependent"
30,8585,"dependent"
22,8586,"dependent"
28,8587,"dependent"
30,8588,"dependent"
26,8589,"dependent"
20,8590,"dependent"
28,8591,"dependent"
32,8592,"dependent"
24,8593,"dependent"
26,8594,"dependent"
22,8595,"dependent"
26,8596,"dependent"
30,8597,"dependent"
28,8598,"dependent"
26,8599,"dependent"
28,8600,"dependent"
28,8601,"dependent"
24,8602,"dependent"
26,8603,"dependent"
24,8604,"dependent"
26,8605,"dependent"
30,8606,"dependent"
26,8607,"dependent"
28,8608,"dependent"
30,8609,"dependent"
28,8610,"dependent"
32,8611,"dependent"
30,8612,"dependent"
28,8613,"dependent"
32,8614,"dependent"
30,8615,"dependent"
26,8616,"dependent"
26,8617,"dependent"
24,8618,"dependent"
20,8619,"dependent"
26,8620,"dependent"
30,8621,"dependent"
26,8622,"dependent"
32,8623,"dependent"
22,8624,"dependent"
34,8625,"dependent"
22,8626,"dependent"
28,8627,"dependent"
24,8628,"dependent"
22,8629,"dependent"
24,8630,"dependent"
34,8631,"dependent"
28,8632,"dependent"
28,8633,"dependent"
30,8634,"dependent"
26,8635,"dependent"
30,8636,"dependent"
26,8637,"dependent"
26,8638,"dependent"
26,8639,"dependent"
26,8640,"dependent"
26,8641,"dependent"
26,8642,"dependent"
32,8643,"dependent"
30,8644,"dependent"
22,8645,"dependent"
22,8646,"dependent"
26,8647,"dependent"
22,8648,"dependent"
26,8649,"dependent"
30,8650,"dependent"
24,8651,"dependent"
34,8652,"dependent"
32,8653,"dependent"
26,8654,"dependent"
30,8655,"dependent"
30,8656,"dependent"
24,8657,"dependent"
28,8658,"dependent"
30,8659,"dependent"
24,8660,"dependent"
30,8661,"dependent"
28,8662,"dependent"
24,8663,"dependent"
30,8664,"dependent"
26,8665,"dependent"
28,8666,"dependent"
32,8667,"dependent"
28,8668,"dependent"
22,8669,"dependent"
28,8670,"dependent"
30,8671,"dependent"
28,8672,"dependent"
32,8673,"dependent"
28,8674,"dependent"
34,8675,"dependent"
20,8676,"dependent"
24,8677,"dependent"
30,8678,"dependent"
28,8679,"dependent"
26,8680,"dependent"
26,8681,"dependent"
28,8682,"dependent"
20,8683,"dependent"
24,8684,"dependent"
26,8685,"dependent"
32,8686,"dependent"
26,8687,"dependent"
28,8688,"dependent"
20,8689,"dependent"
26,8690,"dependent"
30,8691,"dependent"
22,8692,"dependent"
36,8693,"dependent"
26,8694,"dependent"
26,8695,"dependent"
32,8696,"dependent"
30,8697,"dependent"
28,8698,"dependent"
32,8699,"dependent"
22,8700,"dependent"
26,8701,"dependent"
26,8702,"dependent"
30,8703,"dependent"
28,8704,"dependent"
26,8705,"dependent"
30,8706,"dependent"
30,8707,"dependent"
28,8708,"dependent"
32,8709,"dependent"
28,8710,"dependent"
22,8711,"dependent"
26,8712,"dependent"
24,8713,"dependent"
28,8714,"dependent"
26,8715,"dependent"
24,8716,"dependent"
28,8717,"dependent"
30,8718,"dependent"
28,8719,"dependent"
24,8720,"dependent"
22,8721,"dependent"
24,8722,"dependent"
22,8723,"dependent"
22,8724,"dependent"
22,8725,"dependent"
26,8726,"dependent"
26,8727,"dependent"
26,8728,"dependent"
26,8729,"dependent"
32,8730,"dependent"
26,8731,"dependent"
30,8732,"dependent"
22,8733,"dependent"
28,8734,"dependent"
30,8735,"dependent"
26,8736,"dependent"
30,8737,"dependent"
32,8738,"dependent"
22,8739,"dependent"
26,8740,"dependent"
32,8741,"dependent"
30,8742,"dependent"
26,8743,"dependent"
30,8744,"dependent"
24,8745,"dependent"
30,8746,"dependent"
24,8747,"dependent"
26,8748,"dependent"
24,8749,"dependent"
28,8750,"dependent"
32,8751,"dependent"
30,8752,"dependent"
30,8753,"dependent"
22,8754,"dependent"
26,8755,"dependent"
30,8756,"dependent"
24,8757,"dependent"
26,8758,"dependent"
24,8759,"dependent"
26,8760,"dependent"
26,8761,"dependent"
28,8762,"dependent"
32,8763,"dependent"
24,8764,"dependent"
24,8765,"dependent"
30,8766,"dependent"
30,8767,"dependent"
30,8768,"dependent"
28,8769,"dependent"
28,8770,"dependent"
30,8771,"dependent"
24,8772,"dependent"
22,8773,"dependent"
26,8774,"dependent"
28,8775,"dependent"
24,8776,"dependent"
28,8777,"dependent"
24,8778,"dependent"
24,8779,"dependent"
22,8780,"dependent"
22,8781,"dependent"
18,8782,"dependent"
30,8783,"dependent"
22,8784,"dependent"
24,8785,"dependent"
28,8786,"dependent"
34,8787,"dependent"
26,8788,"dependent"
28,8789,"dependent"
32,8790,"dependent"
28,8791,"dependent"
30,8792,"dependent"
32,8793,"dependent"
26,8794,"dependent"
30,8795,"dependent"
26,8796,"dependent"
24,8797,"dependent"
28,8798,"dependent"
32,8799,"dependent"
24,8800,"dependent"
28,8801,"dependent"
32,8802,"dependent"
26,8803,"dependent"
26,8804,"dependent"
28,8805,"dependent"
28,8806,"dependent"
30,8807,"dependent"
28,8808,"dependent"
26,8809,"dependent"
28,8810,"dependent"
26,8811,"dependent"
30,8812,"dependent"
32,8813,"dependent"
28,8814,"dependent"
26,8815,"dependent"
28,8816,"dependent"
32,8817,"dependent"
32,8818,"dependent"
22,8819,"dependent"
22,8820,"dependent"
26,8821,"dependent"
26,8822,"dependent"
30,8823,"dependent"
32,8824,"dependent"
26,8825,"dependent"
30,8826,"dependent"
36,8827,"dependent"
24,8828,"dependent"
28,8829,"dependent"
30,8830,"dependent"
18,8831,"dependent"
26,8832,"dependent"
26,8833,"dependent"
22,8834,"dependent"
22,8835,"dependent"
26,8836,"dependent"
22,8837,"dependent"
20,8838,"dependent"
26,8839,"dependent"
30,8840,"dependent"
28,8841,"dependent"
30,8842,"dependent"
22,8843,"dependent"
26,8844,"dependent"
24,8845,"dependent"
24,8846,"dependent"
30,8847,"dependent"
30,8848,"dependent"
22,8849,"dependent"
22,8850,"dependent"
28,8851,"dependent"
28,8852,"dependent"
32,8853,"dependent"
28,8854,"dependent"
24,8855,"dependent"
32,8856,"dependent"
32,8857,"dependent"
30,8858,"dependent"
28,8859,"dependent"
30,8860,"dependent"
24,8861,"dependent"
26,8862,"dependent"
22,8863,"dependent"
26,8864,"dependent"
26,8865,"dependent"
22,8866,"dependent"
32,8867,"dependent"
26,8868,"dependent"
26,8869,"dependent"
22,8870,"dependent"
28,8871,"dependent"
34,8872,"dependent"
26,8873,"dependent"
30,8874,"dependent"
26,8875,"dependent"
22,8876,"dependent"
30,8877,"dependent"
32,8878,"dependent"
26,8879,"dependent"
24,8880,"dependent"
26,8881,"dependent"
30,8882,"dependent"
16,8883,"dependent"
28,8884,"dependent"
32,8885,"dependent"
30,8886,"dependent"
32,8887,"dependent"
26,8888,"dependent"
26,8889,"dependent"
30,8890,"dependent"
28,8891,"dependent"
28,8892,"dependent"
30,8893,"dependent"
26,8894,"dependent"
28,8895,"dependent"
26,8896,"dependent"
22,8897,"dependent"
24,8898,"dependent"
32,8899,"dependent"
34,8900,"dependent"
26,8901,"dependent"
24,8902,"dependent"
30,8903,"dependent"
30,8904,"dependent"
20,8905,"dependent"
24,8906,"dependent"
28,8907,"dependent"
32,8908,"dependent"
26,8909,"dependent"
32,8910,"dependent"
28,8911,"dependent"
22,8912,"dependent"
24,8913,"dependent"
20,8914,"dependent"
20,8915,"dependent"
30,8916,"dependent"
30,8917,"dependent"
28,8918,"dependent"
28,8919,"dependent"
32,8920,"dependent"
24,8921,"dependent"
28,8922,"dependent"
28,8923,"dependent"
28,8924,"dependent"
28,8925,"dependent"
26,8926,"dependent"
32,8927,"dependent"
24,8928,"dependent"
24,8929,"dependent"
24,8930,"dependent"
28,8931,"dependent"
24,8932,"dependent"
26,8933,"dependent"
22,8934,"dependent"
26,8935,"dependent"
30,8936,"dependent"
28,8937,"dependent"
28,8938,"dependent"
24,8939,"dependent"
26,8940,"dependent"
26,8941,"dependent"
20,8942,"dependent"
30,8943,"dependent"
24,8944,"dependent"
28,8945,"dependent"
26,8946,"dependent"
28,8947,"dependent"
26,8948,"dependent"
26,8949,"dependent"
26,8950,"dependent"
30,8951,"dependent"
26,8952,"dependent"
24,8953,"dependent"
30,8954,"dependent"
28,8955,"dependent"
28,8956,"dependent"
22,8957,"dependent"
32,8958,"dependent"
22,8959,"dependent"
30,8960,"dependent"
20,8961,"dependent"
20,8962,"dependent"
28,8963,"dependent"
28,8964,"dependent"
26,8965,"dependent"
24,8966,"dependent"
34,8967,"dependent"
26,8968,"dependent"
28,8969,"dependent"
20,8970,"dependent"
26,8971,"dependent"
28,8972,"dependent"
24,8973,"dependent"
32,8974,"dependent"
22,8975,"dependent"
30,8976,"dependent"
26,8977,"dependent"
28,8978,"dependent"
26,8979,"dependent"
26,8980,"dependent"
24,8981,"dependent"
26,8982,"dependent"
32,8983,"dependent"
28,8984,"dependent"
24,8985,"dependent"
30,8986,"dependent"
26,8987,"dependent"
30,8988,"dependent"
26,8989,"dependent"
26,8990,"dependent"
28,8991,"dependent"
30,8992,"dependent"
22,8993,"dependent"
32,8994,"dependent"
26,8995,"dependent"
24,8996,"dependent"
22,8997,"dependent"
28,8998,"dependent"
26,8999,"dependent"
30,9000,"dependent"
30,9001,"dependent"
