"RF","tree_id","dataset"
46,1,"independent"
44,2,"independent"
44,3,"independent"
44,4,"independent"
46,5,"independent"
44,6,"independent"
46,7,"independent"
42,8,"independent"
44,9,"independent"
46,10,"independent"
46,11,"independent"
44,12,"independent"
44,13,"independent"
44,14,"independent"
48,15,"independent"
44,16,"independent"
48,17,"independent"
46,18,"independent"
46,19,"independent"
44,20,"independent"
42,21,"independent"
46,22,"independent"
44,23,"independent"
44,24,"independent"
42,25,"independent"
48,26,"independent"
46,27,"independent"
44,28,"independent"
44,29,"independent"
44,30,"independent"
44,31,"independent"
46,32,"independent"
46,33,"independent"
44,34,"independent"
46,35,"independent"
46,36,"independent"
46,37,"independent"
46,38,"independent"
44,39,"independent"
42,40,"independent"
44,41,"independent"
44,42,"independent"
44,43,"independent"
46,44,"independent"
44,45,"independent"
44,46,"independent"
44,47,"independent"
44,48,"independent"
48,49,"independent"
44,50,"independent"
44,51,"independent"
48,52,"independent"
46,53,"independent"
48,54,"independent"
46,55,"independent"
46,56,"independent"
46,57,"independent"
42,58,"independent"
48,59,"independent"
44,60,"independent"
48,61,"independent"
44,62,"independent"
44,63,"independent"
46,64,"independent"
44,65,"independent"
44,66,"independent"
44,67,"independent"
42,68,"independent"
44,69,"independent"
46,70,"independent"
44,71,"independent"
46,72,"independent"
44,73,"independent"
44,74,"independent"
42,75,"independent"
46,76,"independent"
42,77,"independent"
44,78,"independent"
46,79,"independent"
46,80,"independent"
44,81,"independent"
44,82,"independent"
44,83,"independent"
44,84,"independent"
44,85,"independent"
46,86,"independent"
44,87,"independent"
44,88,"independent"
42,89,"independent"
44,90,"independent"
46,91,"independent"
44,92,"independent"
48,93,"independent"
44,94,"independent"
46,95,"independent"
46,96,"independent"
46,97,"independent"
46,98,"independent"
44,99,"independent"
46,100,"independent"
46,101,"independent"
44,102,"independent"
44,103,"independent"
44,104,"independent"
46,105,"independent"
44,106,"independent"
44,107,"independent"
44,108,"independent"
44,109,"independent"
46,110,"independent"
44,111,"independent"
46,112,"independent"
46,113,"independent"
46,114,"independent"
46,115,"independent"
46,116,"independent"
44,117,"independent"
46,118,"independent"
46,119,"independent"
44,120,"independent"
48,121,"independent"
42,122,"independent"
44,123,"independent"
44,124,"independent"
46,125,"independent"
46,126,"independent"
44,127,"independent"
48,128,"independent"
48,129,"independent"
46,130,"independent"
50,131,"independent"
48,132,"independent"
46,133,"independent"
46,134,"independent"
46,135,"independent"
44,136,"independent"
44,137,"independent"
44,138,"independent"
44,139,"independent"
44,140,"independent"
44,141,"independent"
44,142,"independent"
46,143,"independent"
44,144,"independent"
44,145,"independent"
42,146,"independent"
44,147,"independent"
46,148,"independent"
48,149,"independent"
44,150,"independent"
44,151,"independent"
42,152,"independent"
44,153,"independent"
46,154,"independent"
44,155,"independent"
42,156,"independent"
44,157,"independent"
44,158,"independent"
44,159,"independent"
46,160,"independent"
42,161,"independent"
46,162,"independent"
46,163,"independent"
44,164,"independent"
46,165,"independent"
46,166,"independent"
46,167,"independent"
46,168,"independent"
44,169,"independent"
46,170,"independent"
44,171,"independent"
46,172,"independent"
44,173,"independent"
44,174,"independent"
44,175,"independent"
46,176,"independent"
42,177,"independent"
48,178,"independent"
44,179,"independent"
42,180,"independent"
46,181,"independent"
44,182,"independent"
44,183,"independent"
42,184,"independent"
44,185,"independent"
44,186,"independent"
42,187,"independent"
44,188,"independent"
46,189,"independent"
44,190,"independent"
44,191,"independent"
42,192,"independent"
46,193,"independent"
44,194,"independent"
42,195,"independent"
42,196,"independent"
46,197,"independent"
46,198,"independent"
46,199,"independent"
46,200,"independent"
44,201,"independent"
48,202,"independent"
42,203,"independent"
46,204,"independent"
48,205,"independent"
44,206,"independent"
46,207,"independent"
46,208,"independent"
44,209,"independent"
44,210,"independent"
44,211,"independent"
44,212,"independent"
44,213,"independent"
46,214,"independent"
48,215,"independent"
46,216,"independent"
44,217,"independent"
48,218,"independent"
46,219,"independent"
44,220,"independent"
44,221,"independent"
46,222,"independent"
44,223,"independent"
48,224,"independent"
42,225,"independent"
46,226,"independent"
44,227,"independent"
44,228,"independent"
46,229,"independent"
48,230,"independent"
42,231,"independent"
42,232,"independent"
44,233,"independent"
44,234,"independent"
46,235,"independent"
44,236,"independent"
46,237,"independent"
44,238,"independent"
44,239,"independent"
44,240,"independent"
46,241,"independent"
42,242,"independent"
46,243,"independent"
46,244,"independent"
44,245,"independent"
42,246,"independent"
44,247,"independent"
46,248,"independent"
46,249,"independent"
48,250,"independent"
44,251,"independent"
42,252,"independent"
46,253,"independent"
48,254,"independent"
46,255,"independent"
46,256,"independent"
42,257,"independent"
44,258,"independent"
42,259,"independent"
46,260,"independent"
44,261,"independent"
46,262,"independent"
44,263,"independent"
48,264,"independent"
46,265,"independent"
44,266,"independent"
46,267,"independent"
46,268,"independent"
46,269,"independent"
44,270,"independent"
44,271,"independent"
46,272,"independent"
46,273,"independent"
44,274,"independent"
48,275,"independent"
46,276,"independent"
46,277,"independent"
42,278,"independent"
44,279,"independent"
48,280,"independent"
46,281,"independent"
46,282,"independent"
46,283,"independent"
44,284,"independent"
46,285,"independent"
46,286,"independent"
46,287,"independent"
44,288,"independent"
46,289,"independent"
44,290,"independent"
44,291,"independent"
42,292,"independent"
48,293,"independent"
46,294,"independent"
46,295,"independent"
46,296,"independent"
46,297,"independent"
46,298,"independent"
48,299,"independent"
42,300,"independent"
46,301,"independent"
44,302,"independent"
46,303,"independent"
48,304,"independent"
42,305,"independent"
46,306,"independent"
48,307,"independent"
44,308,"independent"
46,309,"independent"
42,310,"independent"
44,311,"independent"
44,312,"independent"
42,313,"independent"
46,314,"independent"
44,315,"independent"
46,316,"independent"
46,317,"independent"
44,318,"independent"
46,319,"independent"
42,320,"independent"
42,321,"independent"
48,322,"independent"
44,323,"independent"
46,324,"independent"
46,325,"independent"
46,326,"independent"
44,327,"independent"
42,328,"independent"
44,329,"independent"
48,330,"independent"
48,331,"independent"
48,332,"independent"
46,333,"independent"
44,334,"independent"
42,335,"independent"
48,336,"independent"
44,337,"independent"
44,338,"independent"
46,339,"independent"
42,340,"independent"
44,341,"independent"
42,342,"independent"
46,343,"independent"
46,344,"independent"
46,345,"independent"
48,346,"independent"
44,347,"independent"
46,348,"independent"
44,349,"independent"
42,350,"independent"
48,351,"independent"
44,352,"independent"
44,353,"independent"
46,354,"independent"
44,355,"independent"
44,356,"independent"
44,357,"independent"
42,358,"independent"
44,359,"independent"
46,360,"independent"
44,361,"independent"
42,362,"independent"
46,363,"independent"
44,364,"independent"
48,365,"independent"
44,366,"independent"
44,367,"independent"
44,368,"independent"
44,369,"independent"
44,370,"independent"
44,371,"independent"
44,372,"independent"
44,373,"independent"
42,374,"independent"
44,375,"independent"
48,376,"independent"
44,377,"independent"
46,378,"independent"
46,379,"independent"
48,380,"independent"
44,381,"independent"
42,382,"independent"
46,383,"independent"
48,384,"independent"
42,385,"independent"
44,386,"independent"
46,387,"independent"
46,388,"independent"
44,389,"independent"
46,390,"independent"
44,391,"independent"
44,392,"independent"
44,393,"independent"
44,394,"independent"
46,395,"independent"
46,396,"independent"
46,397,"independent"
46,398,"independent"
46,399,"independent"
44,400,"independent"
46,401,"independent"
46,402,"independent"
44,403,"independent"
42,404,"independent"
44,405,"independent"
46,406,"independent"
44,407,"independent"
46,408,"independent"
48,409,"independent"
46,410,"independent"
44,411,"independent"
46,412,"independent"
44,413,"independent"
44,414,"independent"
42,415,"independent"
46,416,"independent"
48,417,"independent"
48,418,"independent"
46,419,"independent"
44,420,"independent"
48,421,"independent"
46,422,"independent"
44,423,"independent"
46,424,"independent"
44,425,"independent"
44,426,"independent"
42,427,"independent"
46,428,"independent"
46,429,"independent"
46,430,"independent"
42,431,"independent"
44,432,"independent"
46,433,"independent"
44,434,"independent"
48,435,"independent"
46,436,"independent"
48,437,"independent"
44,438,"independent"
46,439,"independent"
44,440,"independent"
46,441,"independent"
46,442,"independent"
46,443,"independent"
48,444,"independent"
46,445,"independent"
48,446,"independent"
46,447,"independent"
44,448,"independent"
44,449,"independent"
48,450,"independent"
44,451,"independent"
42,452,"independent"
46,453,"independent"
44,454,"independent"
46,455,"independent"
44,456,"independent"
44,457,"independent"
44,458,"independent"
44,459,"independent"
44,460,"independent"
46,461,"independent"
46,462,"independent"
46,463,"independent"
44,464,"independent"
44,465,"independent"
42,466,"independent"
44,467,"independent"
46,468,"independent"
44,469,"independent"
44,470,"independent"
44,471,"independent"
44,472,"independent"
42,473,"independent"
44,474,"independent"
46,475,"independent"
46,476,"independent"
46,477,"independent"
42,478,"independent"
44,479,"independent"
46,480,"independent"
48,481,"independent"
42,482,"independent"
48,483,"independent"
46,484,"independent"
44,485,"independent"
44,486,"independent"
44,487,"independent"
44,488,"independent"
44,489,"independent"
46,490,"independent"
42,491,"independent"
46,492,"independent"
44,493,"independent"
42,494,"independent"
46,495,"independent"
46,496,"independent"
44,497,"independent"
46,498,"independent"
44,499,"independent"
46,500,"independent"
46,501,"independent"
46,502,"independent"
44,503,"independent"
46,504,"independent"
46,505,"independent"
46,506,"independent"
46,507,"independent"
44,508,"independent"
44,509,"independent"
46,510,"independent"
44,511,"independent"
42,512,"independent"
46,513,"independent"
46,514,"independent"
42,515,"independent"
44,516,"independent"
44,517,"independent"
44,518,"independent"
46,519,"independent"
46,520,"independent"
44,521,"independent"
44,522,"independent"
44,523,"independent"
46,524,"independent"
46,525,"independent"
48,526,"independent"
48,527,"independent"
46,528,"independent"
44,529,"independent"
48,530,"independent"
42,531,"independent"
46,532,"independent"
44,533,"independent"
42,534,"independent"
44,535,"independent"
44,536,"independent"
46,537,"independent"
42,538,"independent"
44,539,"independent"
44,540,"independent"
46,541,"independent"
46,542,"independent"
46,543,"independent"
44,544,"independent"
44,545,"independent"
44,546,"independent"
44,547,"independent"
42,548,"independent"
44,549,"independent"
46,550,"independent"
46,551,"independent"
44,552,"independent"
46,553,"independent"
48,554,"independent"
46,555,"independent"
44,556,"independent"
46,557,"independent"
44,558,"independent"
42,559,"independent"
46,560,"independent"
46,561,"independent"
46,562,"independent"
46,563,"independent"
46,564,"independent"
44,565,"independent"
44,566,"independent"
46,567,"independent"
42,568,"independent"
44,569,"independent"
46,570,"independent"
46,571,"independent"
44,572,"independent"
44,573,"independent"
44,574,"independent"
44,575,"independent"
42,576,"independent"
48,577,"independent"
44,578,"independent"
44,579,"independent"
46,580,"independent"
46,581,"independent"
48,582,"independent"
44,583,"independent"
44,584,"independent"
42,585,"independent"
48,586,"independent"
46,587,"independent"
46,588,"independent"
42,589,"independent"
46,590,"independent"
48,591,"independent"
46,592,"independent"
46,593,"independent"
44,594,"independent"
42,595,"independent"
46,596,"independent"
46,597,"independent"
46,598,"independent"
46,599,"independent"
46,600,"independent"
46,601,"independent"
44,602,"independent"
46,603,"independent"
42,604,"independent"
48,605,"independent"
46,606,"independent"
44,607,"independent"
42,608,"independent"
44,609,"independent"
46,610,"independent"
46,611,"independent"
46,612,"independent"
46,613,"independent"
48,614,"independent"
42,615,"independent"
46,616,"independent"
46,617,"independent"
46,618,"independent"
44,619,"independent"
48,620,"independent"
46,621,"independent"
44,622,"independent"
44,623,"independent"
44,624,"independent"
46,625,"independent"
42,626,"independent"
44,627,"independent"
42,628,"independent"
46,629,"independent"
48,630,"independent"
46,631,"independent"
46,632,"independent"
44,633,"independent"
46,634,"independent"
44,635,"independent"
48,636,"independent"
44,637,"independent"
42,638,"independent"
46,639,"independent"
46,640,"independent"
46,641,"independent"
44,642,"independent"
46,643,"independent"
44,644,"independent"
44,645,"independent"
42,646,"independent"
44,647,"independent"
46,648,"independent"
44,649,"independent"
48,650,"independent"
46,651,"independent"
44,652,"independent"
42,653,"independent"
44,654,"independent"
46,655,"independent"
44,656,"independent"
42,657,"independent"
44,658,"independent"
46,659,"independent"
46,660,"independent"
48,661,"independent"
46,662,"independent"
42,663,"independent"
44,664,"independent"
42,665,"independent"
46,666,"independent"
46,667,"independent"
44,668,"independent"
46,669,"independent"
48,670,"independent"
44,671,"independent"
42,672,"independent"
44,673,"independent"
42,674,"independent"
44,675,"independent"
44,676,"independent"
46,677,"independent"
46,678,"independent"
46,679,"independent"
44,680,"independent"
46,681,"independent"
42,682,"independent"
46,683,"independent"
48,684,"independent"
46,685,"independent"
44,686,"independent"
48,687,"independent"
46,688,"independent"
46,689,"independent"
44,690,"independent"
44,691,"independent"
44,692,"independent"
46,693,"independent"
44,694,"independent"
44,695,"independent"
44,696,"independent"
44,697,"independent"
44,698,"independent"
46,699,"independent"
44,700,"independent"
46,701,"independent"
46,702,"independent"
44,703,"independent"
44,704,"independent"
42,705,"independent"
46,706,"independent"
44,707,"independent"
46,708,"independent"
46,709,"independent"
46,710,"independent"
44,711,"independent"
44,712,"independent"
44,713,"independent"
44,714,"independent"
46,715,"independent"
48,716,"independent"
46,717,"independent"
46,718,"independent"
46,719,"independent"
46,720,"independent"
46,721,"independent"
44,722,"independent"
46,723,"independent"
46,724,"independent"
44,725,"independent"
44,726,"independent"
42,727,"independent"
46,728,"independent"
44,729,"independent"
46,730,"independent"
44,731,"independent"
46,732,"independent"
46,733,"independent"
46,734,"independent"
44,735,"independent"
44,736,"independent"
46,737,"independent"
44,738,"independent"
44,739,"independent"
44,740,"independent"
44,741,"independent"
44,742,"independent"
46,743,"independent"
46,744,"independent"
46,745,"independent"
44,746,"independent"
46,747,"independent"
48,748,"independent"
46,749,"independent"
42,750,"independent"
46,751,"independent"
44,752,"independent"
46,753,"independent"
46,754,"independent"
46,755,"independent"
44,756,"independent"
44,757,"independent"
44,758,"independent"
44,759,"independent"
46,760,"independent"
44,761,"independent"
44,762,"independent"
46,763,"independent"
44,764,"independent"
48,765,"independent"
42,766,"independent"
46,767,"independent"
44,768,"independent"
46,769,"independent"
44,770,"independent"
44,771,"independent"
48,772,"independent"
42,773,"independent"
48,774,"independent"
46,775,"independent"
46,776,"independent"
46,777,"independent"
46,778,"independent"
46,779,"independent"
42,780,"independent"
46,781,"independent"
46,782,"independent"
46,783,"independent"
46,784,"independent"
46,785,"independent"
46,786,"independent"
46,787,"independent"
46,788,"independent"
44,789,"independent"
44,790,"independent"
44,791,"independent"
44,792,"independent"
48,793,"independent"
44,794,"independent"
44,795,"independent"
44,796,"independent"
44,797,"independent"
44,798,"independent"
44,799,"independent"
46,800,"independent"
42,801,"independent"
48,802,"independent"
46,803,"independent"
44,804,"independent"
46,805,"independent"
44,806,"independent"
42,807,"independent"
44,808,"independent"
44,809,"independent"
44,810,"independent"
44,811,"independent"
46,812,"independent"
46,813,"independent"
46,814,"independent"
48,815,"independent"
42,816,"independent"
44,817,"independent"
44,818,"independent"
44,819,"independent"
44,820,"independent"
44,821,"independent"
44,822,"independent"
44,823,"independent"
44,824,"independent"
46,825,"independent"
44,826,"independent"
42,827,"independent"
46,828,"independent"
46,829,"independent"
44,830,"independent"
44,831,"independent"
44,832,"independent"
44,833,"independent"
46,834,"independent"
48,835,"independent"
42,836,"independent"
44,837,"independent"
46,838,"independent"
46,839,"independent"
48,840,"independent"
44,841,"independent"
46,842,"independent"
44,843,"independent"
46,844,"independent"
46,845,"independent"
46,846,"independent"
48,847,"independent"
44,848,"independent"
44,849,"independent"
44,850,"independent"
44,851,"independent"
44,852,"independent"
48,853,"independent"
44,854,"independent"
44,855,"independent"
46,856,"independent"
44,857,"independent"
46,858,"independent"
46,859,"independent"
46,860,"independent"
46,861,"independent"
44,862,"independent"
46,863,"independent"
46,864,"independent"
46,865,"independent"
44,866,"independent"
44,867,"independent"
46,868,"independent"
46,869,"independent"
48,870,"independent"
44,871,"independent"
44,872,"independent"
46,873,"independent"
42,874,"independent"
44,875,"independent"
44,876,"independent"
46,877,"independent"
46,878,"independent"
46,879,"independent"
42,880,"independent"
46,881,"independent"
46,882,"independent"
42,883,"independent"
42,884,"independent"
46,885,"independent"
44,886,"independent"
44,887,"independent"
42,888,"independent"
44,889,"independent"
44,890,"independent"
44,891,"independent"
44,892,"independent"
44,893,"independent"
46,894,"independent"
46,895,"independent"
44,896,"independent"
46,897,"independent"
46,898,"independent"
44,899,"independent"
46,900,"independent"
44,901,"independent"
48,902,"independent"
46,903,"independent"
46,904,"independent"
46,905,"independent"
44,906,"independent"
44,907,"independent"
44,908,"independent"
46,909,"independent"
44,910,"independent"
46,911,"independent"
46,912,"independent"
46,913,"independent"
46,914,"independent"
46,915,"independent"
46,916,"independent"
46,917,"independent"
46,918,"independent"
44,919,"independent"
44,920,"independent"
44,921,"independent"
44,922,"independent"
42,923,"independent"
44,924,"independent"
46,925,"independent"
44,926,"independent"
44,927,"independent"
46,928,"independent"
46,929,"independent"
46,930,"independent"
46,931,"independent"
44,932,"independent"
44,933,"independent"
44,934,"independent"
44,935,"independent"
46,936,"independent"
50,937,"independent"
44,938,"independent"
48,939,"independent"
46,940,"independent"
44,941,"independent"
44,942,"independent"
46,943,"independent"
46,944,"independent"
44,945,"independent"
46,946,"independent"
44,947,"independent"
42,948,"independent"
44,949,"independent"
42,950,"independent"
46,951,"independent"
44,952,"independent"
46,953,"independent"
46,954,"independent"
46,955,"independent"
46,956,"independent"
44,957,"independent"
46,958,"independent"
46,959,"independent"
42,960,"independent"
44,961,"independent"
44,962,"independent"
44,963,"independent"
46,964,"independent"
46,965,"independent"
46,966,"independent"
46,967,"independent"
48,968,"independent"
48,969,"independent"
46,970,"independent"
44,971,"independent"
42,972,"independent"
44,973,"independent"
44,974,"independent"
44,975,"independent"
46,976,"independent"
46,977,"independent"
46,978,"independent"
48,979,"independent"
44,980,"independent"
48,981,"independent"
44,982,"independent"
46,983,"independent"
46,984,"independent"
46,985,"independent"
46,986,"independent"
44,987,"independent"
44,988,"independent"
44,989,"independent"
42,990,"independent"
42,991,"independent"
42,992,"independent"
44,993,"independent"
44,994,"independent"
46,995,"independent"
46,996,"independent"
48,997,"independent"
46,998,"independent"
44,999,"independent"
46,1000,"independent"
44,1001,"independent"
46,1002,"independent"
46,1003,"independent"
44,1004,"independent"
42,1005,"independent"
44,1006,"independent"
46,1007,"independent"
46,1008,"independent"
44,1009,"independent"
48,1010,"independent"
46,1011,"independent"
48,1012,"independent"
44,1013,"independent"
42,1014,"independent"
44,1015,"independent"
46,1016,"independent"
44,1017,"independent"
48,1018,"independent"
46,1019,"independent"
46,1020,"independent"
44,1021,"independent"
44,1022,"independent"
44,1023,"independent"
44,1024,"independent"
46,1025,"independent"
44,1026,"independent"
44,1027,"independent"
46,1028,"independent"
46,1029,"independent"
48,1030,"independent"
42,1031,"independent"
44,1032,"independent"
46,1033,"independent"
44,1034,"independent"
42,1035,"independent"
42,1036,"independent"
44,1037,"independent"
44,1038,"independent"
46,1039,"independent"
44,1040,"independent"
46,1041,"independent"
44,1042,"independent"
44,1043,"independent"
46,1044,"independent"
44,1045,"independent"
44,1046,"independent"
46,1047,"independent"
46,1048,"independent"
44,1049,"independent"
44,1050,"independent"
44,1051,"independent"
42,1052,"independent"
42,1053,"independent"
46,1054,"independent"
46,1055,"independent"
46,1056,"independent"
44,1057,"independent"
44,1058,"independent"
44,1059,"independent"
46,1060,"independent"
46,1061,"independent"
44,1062,"independent"
46,1063,"independent"
46,1064,"independent"
42,1065,"independent"
48,1066,"independent"
46,1067,"independent"
44,1068,"independent"
46,1069,"independent"
46,1070,"independent"
46,1071,"independent"
46,1072,"independent"
44,1073,"independent"
44,1074,"independent"
44,1075,"independent"
44,1076,"independent"
48,1077,"independent"
44,1078,"independent"
44,1079,"independent"
46,1080,"independent"
46,1081,"independent"
44,1082,"independent"
46,1083,"independent"
46,1084,"independent"
48,1085,"independent"
46,1086,"independent"
46,1087,"independent"
46,1088,"independent"
46,1089,"independent"
46,1090,"independent"
46,1091,"independent"
46,1092,"independent"
46,1093,"independent"
44,1094,"independent"
44,1095,"independent"
44,1096,"independent"
46,1097,"independent"
46,1098,"independent"
42,1099,"independent"
44,1100,"independent"
44,1101,"independent"
44,1102,"independent"
44,1103,"independent"
46,1104,"independent"
44,1105,"independent"
44,1106,"independent"
46,1107,"independent"
48,1108,"independent"
48,1109,"independent"
46,1110,"independent"
42,1111,"independent"
46,1112,"independent"
46,1113,"independent"
46,1114,"independent"
44,1115,"independent"
46,1116,"independent"
44,1117,"independent"
42,1118,"independent"
48,1119,"independent"
48,1120,"independent"
46,1121,"independent"
46,1122,"independent"
44,1123,"independent"
44,1124,"independent"
46,1125,"independent"
46,1126,"independent"
46,1127,"independent"
44,1128,"independent"
46,1129,"independent"
48,1130,"independent"
44,1131,"independent"
46,1132,"independent"
42,1133,"independent"
46,1134,"independent"
44,1135,"independent"
44,1136,"independent"
42,1137,"independent"
48,1138,"independent"
46,1139,"independent"
46,1140,"independent"
48,1141,"independent"
44,1142,"independent"
44,1143,"independent"
48,1144,"independent"
46,1145,"independent"
46,1146,"independent"
44,1147,"independent"
46,1148,"independent"
46,1149,"independent"
46,1150,"independent"
46,1151,"independent"
44,1152,"independent"
44,1153,"independent"
44,1154,"independent"
46,1155,"independent"
44,1156,"independent"
48,1157,"independent"
46,1158,"independent"
46,1159,"independent"
46,1160,"independent"
44,1161,"independent"
44,1162,"independent"
44,1163,"independent"
42,1164,"independent"
46,1165,"independent"
48,1166,"independent"
44,1167,"independent"
46,1168,"independent"
44,1169,"independent"
44,1170,"independent"
46,1171,"independent"
44,1172,"independent"
44,1173,"independent"
44,1174,"independent"
44,1175,"independent"
46,1176,"independent"
42,1177,"independent"
48,1178,"independent"
44,1179,"independent"
42,1180,"independent"
46,1181,"independent"
44,1182,"independent"
44,1183,"independent"
46,1184,"independent"
46,1185,"independent"
46,1186,"independent"
44,1187,"independent"
44,1188,"independent"
46,1189,"independent"
44,1190,"independent"
44,1191,"independent"
46,1192,"independent"
44,1193,"independent"
46,1194,"independent"
48,1195,"independent"
46,1196,"independent"
46,1197,"independent"
44,1198,"independent"
42,1199,"independent"
46,1200,"independent"
44,1201,"independent"
44,1202,"independent"
46,1203,"independent"
46,1204,"independent"
44,1205,"independent"
42,1206,"independent"
44,1207,"independent"
44,1208,"independent"
44,1209,"independent"
46,1210,"independent"
44,1211,"independent"
44,1212,"independent"
46,1213,"independent"
44,1214,"independent"
48,1215,"independent"
46,1216,"independent"
44,1217,"independent"
44,1218,"independent"
46,1219,"independent"
46,1220,"independent"
44,1221,"independent"
46,1222,"independent"
44,1223,"independent"
46,1224,"independent"
46,1225,"independent"
48,1226,"independent"
46,1227,"independent"
44,1228,"independent"
46,1229,"independent"
48,1230,"independent"
42,1231,"independent"
44,1232,"independent"
44,1233,"independent"
42,1234,"independent"
44,1235,"independent"
44,1236,"independent"
42,1237,"independent"
44,1238,"independent"
44,1239,"independent"
44,1240,"independent"
42,1241,"independent"
44,1242,"independent"
46,1243,"independent"
44,1244,"independent"
46,1245,"independent"
46,1246,"independent"
42,1247,"independent"
44,1248,"independent"
44,1249,"independent"
46,1250,"independent"
46,1251,"independent"
44,1252,"independent"
46,1253,"independent"
46,1254,"independent"
44,1255,"independent"
44,1256,"independent"
42,1257,"independent"
46,1258,"independent"
46,1259,"independent"
46,1260,"independent"
44,1261,"independent"
44,1262,"independent"
42,1263,"independent"
42,1264,"independent"
44,1265,"independent"
46,1266,"independent"
46,1267,"independent"
46,1268,"independent"
44,1269,"independent"
44,1270,"independent"
46,1271,"independent"
42,1272,"independent"
46,1273,"independent"
46,1274,"independent"
48,1275,"independent"
48,1276,"independent"
44,1277,"independent"
44,1278,"independent"
44,1279,"independent"
44,1280,"independent"
42,1281,"independent"
42,1282,"independent"
44,1283,"independent"
48,1284,"independent"
44,1285,"independent"
42,1286,"independent"
44,1287,"independent"
44,1288,"independent"
46,1289,"independent"
44,1290,"independent"
44,1291,"independent"
44,1292,"independent"
42,1293,"independent"
48,1294,"independent"
46,1295,"independent"
46,1296,"independent"
44,1297,"independent"
44,1298,"independent"
46,1299,"independent"
46,1300,"independent"
42,1301,"independent"
48,1302,"independent"
42,1303,"independent"
44,1304,"independent"
48,1305,"independent"
46,1306,"independent"
46,1307,"independent"
46,1308,"independent"
44,1309,"independent"
46,1310,"independent"
46,1311,"independent"
44,1312,"independent"
46,1313,"independent"
46,1314,"independent"
44,1315,"independent"
46,1316,"independent"
46,1317,"independent"
44,1318,"independent"
48,1319,"independent"
46,1320,"independent"
42,1321,"independent"
46,1322,"independent"
44,1323,"independent"
46,1324,"independent"
44,1325,"independent"
46,1326,"independent"
44,1327,"independent"
48,1328,"independent"
44,1329,"independent"
42,1330,"independent"
44,1331,"independent"
48,1332,"independent"
44,1333,"independent"
44,1334,"independent"
44,1335,"independent"
44,1336,"independent"
44,1337,"independent"
46,1338,"independent"
44,1339,"independent"
46,1340,"independent"
46,1341,"independent"
46,1342,"independent"
42,1343,"independent"
46,1344,"independent"
44,1345,"independent"
46,1346,"independent"
46,1347,"independent"
46,1348,"independent"
44,1349,"independent"
42,1350,"independent"
46,1351,"independent"
44,1352,"independent"
46,1353,"independent"
44,1354,"independent"
46,1355,"independent"
46,1356,"independent"
44,1357,"independent"
44,1358,"independent"
42,1359,"independent"
46,1360,"independent"
44,1361,"independent"
46,1362,"independent"
42,1363,"independent"
46,1364,"independent"
44,1365,"independent"
44,1366,"independent"
46,1367,"independent"
50,1368,"independent"
48,1369,"independent"
48,1370,"independent"
44,1371,"independent"
44,1372,"independent"
48,1373,"independent"
46,1374,"independent"
50,1375,"independent"
48,1376,"independent"
46,1377,"independent"
46,1378,"independent"
44,1379,"independent"
44,1380,"independent"
44,1381,"independent"
44,1382,"independent"
46,1383,"independent"
46,1384,"independent"
46,1385,"independent"
46,1386,"independent"
44,1387,"independent"
44,1388,"independent"
44,1389,"independent"
44,1390,"independent"
44,1391,"independent"
46,1392,"independent"
44,1393,"independent"
46,1394,"independent"
48,1395,"independent"
44,1396,"independent"
46,1397,"independent"
46,1398,"independent"
46,1399,"independent"
44,1400,"independent"
46,1401,"independent"
46,1402,"independent"
46,1403,"independent"
44,1404,"independent"
42,1405,"independent"
46,1406,"independent"
44,1407,"independent"
44,1408,"independent"
44,1409,"independent"
42,1410,"independent"
44,1411,"independent"
42,1412,"independent"
42,1413,"independent"
48,1414,"independent"
46,1415,"independent"
44,1416,"independent"
46,1417,"independent"
44,1418,"independent"
44,1419,"independent"
46,1420,"independent"
44,1421,"independent"
46,1422,"independent"
46,1423,"independent"
46,1424,"independent"
44,1425,"independent"
44,1426,"independent"
44,1427,"independent"
44,1428,"independent"
44,1429,"independent"
46,1430,"independent"
46,1431,"independent"
48,1432,"independent"
44,1433,"independent"
46,1434,"independent"
44,1435,"independent"
42,1436,"independent"
44,1437,"independent"
46,1438,"independent"
44,1439,"independent"
48,1440,"independent"
46,1441,"independent"
46,1442,"independent"
44,1443,"independent"
46,1444,"independent"
46,1445,"independent"
46,1446,"independent"
42,1447,"independent"
48,1448,"independent"
46,1449,"independent"
44,1450,"independent"
44,1451,"independent"
46,1452,"independent"
44,1453,"independent"
44,1454,"independent"
44,1455,"independent"
44,1456,"independent"
46,1457,"independent"
44,1458,"independent"
44,1459,"independent"
42,1460,"independent"
44,1461,"independent"
46,1462,"independent"
44,1463,"independent"
46,1464,"independent"
44,1465,"independent"
46,1466,"independent"
44,1467,"independent"
44,1468,"independent"
42,1469,"independent"
44,1470,"independent"
46,1471,"independent"
46,1472,"independent"
46,1473,"independent"
48,1474,"independent"
42,1475,"independent"
46,1476,"independent"
44,1477,"independent"
44,1478,"independent"
44,1479,"independent"
46,1480,"independent"
48,1481,"independent"
46,1482,"independent"
44,1483,"independent"
46,1484,"independent"
46,1485,"independent"
44,1486,"independent"
46,1487,"independent"
44,1488,"independent"
44,1489,"independent"
46,1490,"independent"
46,1491,"independent"
42,1492,"independent"
48,1493,"independent"
46,1494,"independent"
46,1495,"independent"
44,1496,"independent"
46,1497,"independent"
44,1498,"independent"
48,1499,"independent"
42,1500,"independent"
44,1501,"independent"
44,1502,"independent"
42,1503,"independent"
42,1504,"independent"
44,1505,"independent"
44,1506,"independent"
46,1507,"independent"
42,1508,"independent"
44,1509,"independent"
44,1510,"independent"
44,1511,"independent"
46,1512,"independent"
44,1513,"independent"
42,1514,"independent"
48,1515,"independent"
42,1516,"independent"
44,1517,"independent"
44,1518,"independent"
46,1519,"independent"
46,1520,"independent"
44,1521,"independent"
46,1522,"independent"
46,1523,"independent"
44,1524,"independent"
46,1525,"independent"
44,1526,"independent"
44,1527,"independent"
42,1528,"independent"
44,1529,"independent"
42,1530,"independent"
44,1531,"independent"
48,1532,"independent"
48,1533,"independent"
44,1534,"independent"
44,1535,"independent"
48,1536,"independent"
46,1537,"independent"
46,1538,"independent"
44,1539,"independent"
46,1540,"independent"
46,1541,"independent"
48,1542,"independent"
44,1543,"independent"
48,1544,"independent"
46,1545,"independent"
46,1546,"independent"
46,1547,"independent"
46,1548,"independent"
46,1549,"independent"
44,1550,"independent"
44,1551,"independent"
42,1552,"independent"
46,1553,"independent"
44,1554,"independent"
46,1555,"independent"
44,1556,"independent"
46,1557,"independent"
48,1558,"independent"
46,1559,"independent"
46,1560,"independent"
44,1561,"independent"
44,1562,"independent"
42,1563,"independent"
46,1564,"independent"
44,1565,"independent"
44,1566,"independent"
46,1567,"independent"
46,1568,"independent"
44,1569,"independent"
46,1570,"independent"
48,1571,"independent"
46,1572,"independent"
46,1573,"independent"
44,1574,"independent"
46,1575,"independent"
44,1576,"independent"
44,1577,"independent"
44,1578,"independent"
44,1579,"independent"
46,1580,"independent"
44,1581,"independent"
42,1582,"independent"
44,1583,"independent"
44,1584,"independent"
44,1585,"independent"
46,1586,"independent"
44,1587,"independent"
44,1588,"independent"
46,1589,"independent"
46,1590,"independent"
44,1591,"independent"
46,1592,"independent"
44,1593,"independent"
44,1594,"independent"
44,1595,"independent"
42,1596,"independent"
46,1597,"independent"
44,1598,"independent"
46,1599,"independent"
42,1600,"independent"
46,1601,"independent"
44,1602,"independent"
46,1603,"independent"
44,1604,"independent"
44,1605,"independent"
46,1606,"independent"
46,1607,"independent"
44,1608,"independent"
42,1609,"independent"
44,1610,"independent"
44,1611,"independent"
44,1612,"independent"
44,1613,"independent"
46,1614,"independent"
44,1615,"independent"
42,1616,"independent"
44,1617,"independent"
50,1618,"independent"
46,1619,"independent"
46,1620,"independent"
46,1621,"independent"
44,1622,"independent"
48,1623,"independent"
46,1624,"independent"
48,1625,"independent"
46,1626,"independent"
48,1627,"independent"
46,1628,"independent"
44,1629,"independent"
46,1630,"independent"
48,1631,"independent"
46,1632,"independent"
46,1633,"independent"
48,1634,"independent"
44,1635,"independent"
46,1636,"independent"
46,1637,"independent"
44,1638,"independent"
48,1639,"independent"
46,1640,"independent"
44,1641,"independent"
46,1642,"independent"
46,1643,"independent"
42,1644,"independent"
44,1645,"independent"
42,1646,"independent"
44,1647,"independent"
44,1648,"independent"
44,1649,"independent"
46,1650,"independent"
46,1651,"independent"
44,1652,"independent"
44,1653,"independent"
46,1654,"independent"
46,1655,"independent"
44,1656,"independent"
48,1657,"independent"
44,1658,"independent"
44,1659,"independent"
44,1660,"independent"
46,1661,"independent"
46,1662,"independent"
48,1663,"independent"
46,1664,"independent"
44,1665,"independent"
46,1666,"independent"
46,1667,"independent"
44,1668,"independent"
46,1669,"independent"
46,1670,"independent"
46,1671,"independent"
44,1672,"independent"
46,1673,"independent"
48,1674,"independent"
46,1675,"independent"
46,1676,"independent"
44,1677,"independent"
42,1678,"independent"
44,1679,"independent"
46,1680,"independent"
48,1681,"independent"
44,1682,"independent"
46,1683,"independent"
44,1684,"independent"
46,1685,"independent"
46,1686,"independent"
44,1687,"independent"
44,1688,"independent"
44,1689,"independent"
46,1690,"independent"
44,1691,"independent"
44,1692,"independent"
44,1693,"independent"
46,1694,"independent"
42,1695,"independent"
44,1696,"independent"
46,1697,"independent"
46,1698,"independent"
48,1699,"independent"
48,1700,"independent"
44,1701,"independent"
42,1702,"independent"
46,1703,"independent"
44,1704,"independent"
42,1705,"independent"
42,1706,"independent"
46,1707,"independent"
44,1708,"independent"
44,1709,"independent"
48,1710,"independent"
44,1711,"independent"
46,1712,"independent"
44,1713,"independent"
46,1714,"independent"
46,1715,"independent"
44,1716,"independent"
46,1717,"independent"
46,1718,"independent"
44,1719,"independent"
48,1720,"independent"
46,1721,"independent"
44,1722,"independent"
46,1723,"independent"
44,1724,"independent"
46,1725,"independent"
44,1726,"independent"
44,1727,"independent"
48,1728,"independent"
46,1729,"independent"
46,1730,"independent"
46,1731,"independent"
46,1732,"independent"
44,1733,"independent"
48,1734,"independent"
44,1735,"independent"
46,1736,"independent"
44,1737,"independent"
44,1738,"independent"
44,1739,"independent"
46,1740,"independent"
44,1741,"independent"
44,1742,"independent"
42,1743,"independent"
44,1744,"independent"
46,1745,"independent"
44,1746,"independent"
46,1747,"independent"
46,1748,"independent"
46,1749,"independent"
46,1750,"independent"
46,1751,"independent"
44,1752,"independent"
44,1753,"independent"
48,1754,"independent"
46,1755,"independent"
44,1756,"independent"
44,1757,"independent"
46,1758,"independent"
44,1759,"independent"
46,1760,"independent"
46,1761,"independent"
44,1762,"independent"
48,1763,"independent"
44,1764,"independent"
42,1765,"independent"
44,1766,"independent"
44,1767,"independent"
44,1768,"independent"
46,1769,"independent"
46,1770,"independent"
46,1771,"independent"
46,1772,"independent"
46,1773,"independent"
46,1774,"independent"
46,1775,"independent"
44,1776,"independent"
46,1777,"independent"
48,1778,"independent"
42,1779,"independent"
44,1780,"independent"
42,1781,"independent"
44,1782,"independent"
44,1783,"independent"
44,1784,"independent"
44,1785,"independent"
44,1786,"independent"
42,1787,"independent"
46,1788,"independent"
44,1789,"independent"
44,1790,"independent"
44,1791,"independent"
44,1792,"independent"
48,1793,"independent"
46,1794,"independent"
46,1795,"independent"
44,1796,"independent"
46,1797,"independent"
44,1798,"independent"
46,1799,"independent"
48,1800,"independent"
44,1801,"independent"
46,1802,"independent"
48,1803,"independent"
44,1804,"independent"
46,1805,"independent"
42,1806,"independent"
44,1807,"independent"
44,1808,"independent"
46,1809,"independent"
44,1810,"independent"
48,1811,"independent"
46,1812,"independent"
46,1813,"independent"
46,1814,"independent"
46,1815,"independent"
46,1816,"independent"
46,1817,"independent"
46,1818,"independent"
46,1819,"independent"
46,1820,"independent"
46,1821,"independent"
46,1822,"independent"
46,1823,"independent"
46,1824,"independent"
46,1825,"independent"
46,1826,"independent"
46,1827,"independent"
44,1828,"independent"
46,1829,"independent"
44,1830,"independent"
46,1831,"independent"
42,1832,"independent"
44,1833,"independent"
42,1834,"independent"
46,1835,"independent"
44,1836,"independent"
44,1837,"independent"
46,1838,"independent"
46,1839,"independent"
42,1840,"independent"
46,1841,"independent"
46,1842,"independent"
44,1843,"independent"
44,1844,"independent"
46,1845,"independent"
44,1846,"independent"
46,1847,"independent"
46,1848,"independent"
46,1849,"independent"
42,1850,"independent"
46,1851,"independent"
44,1852,"independent"
44,1853,"independent"
44,1854,"independent"
44,1855,"independent"
44,1856,"independent"
48,1857,"independent"
48,1858,"independent"
44,1859,"independent"
42,1860,"independent"
42,1861,"independent"
44,1862,"independent"
46,1863,"independent"
48,1864,"independent"
44,1865,"independent"
46,1866,"independent"
44,1867,"independent"
44,1868,"independent"
44,1869,"independent"
44,1870,"independent"
44,1871,"independent"
44,1872,"independent"
44,1873,"independent"
46,1874,"independent"
44,1875,"independent"
46,1876,"independent"
46,1877,"independent"
46,1878,"independent"
46,1879,"independent"
46,1880,"independent"
44,1881,"independent"
46,1882,"independent"
44,1883,"independent"
42,1884,"independent"
44,1885,"independent"
46,1886,"independent"
44,1887,"independent"
46,1888,"independent"
46,1889,"independent"
46,1890,"independent"
46,1891,"independent"
42,1892,"independent"
46,1893,"independent"
46,1894,"independent"
44,1895,"independent"
48,1896,"independent"
44,1897,"independent"
46,1898,"independent"
46,1899,"independent"
46,1900,"independent"
44,1901,"independent"
42,1902,"independent"
44,1903,"independent"
46,1904,"independent"
42,1905,"independent"
46,1906,"independent"
48,1907,"independent"
46,1908,"independent"
44,1909,"independent"
42,1910,"independent"
46,1911,"independent"
44,1912,"independent"
44,1913,"independent"
44,1914,"independent"
42,1915,"independent"
46,1916,"independent"
44,1917,"independent"
44,1918,"independent"
44,1919,"independent"
44,1920,"independent"
48,1921,"independent"
44,1922,"independent"
46,1923,"independent"
46,1924,"independent"
44,1925,"independent"
42,1926,"independent"
42,1927,"independent"
44,1928,"independent"
46,1929,"independent"
48,1930,"independent"
46,1931,"independent"
46,1932,"independent"
44,1933,"independent"
44,1934,"independent"
46,1935,"independent"
44,1936,"independent"
44,1937,"independent"
48,1938,"independent"
44,1939,"independent"
46,1940,"independent"
44,1941,"independent"
44,1942,"independent"
46,1943,"independent"
48,1944,"independent"
44,1945,"independent"
44,1946,"independent"
46,1947,"independent"
44,1948,"independent"
44,1949,"independent"
42,1950,"independent"
44,1951,"independent"
44,1952,"independent"
46,1953,"independent"
44,1954,"independent"
44,1955,"independent"
48,1956,"independent"
46,1957,"independent"
46,1958,"independent"
42,1959,"independent"
48,1960,"independent"
44,1961,"independent"
44,1962,"independent"
44,1963,"independent"
44,1964,"independent"
44,1965,"independent"
44,1966,"independent"
46,1967,"independent"
44,1968,"independent"
46,1969,"independent"
46,1970,"independent"
44,1971,"independent"
46,1972,"independent"
44,1973,"independent"
46,1974,"independent"
46,1975,"independent"
46,1976,"independent"
46,1977,"independent"
44,1978,"independent"
44,1979,"independent"
46,1980,"independent"
44,1981,"independent"
44,1982,"independent"
44,1983,"independent"
44,1984,"independent"
44,1985,"independent"
44,1986,"independent"
44,1987,"independent"
46,1988,"independent"
42,1989,"independent"
46,1990,"independent"
44,1991,"independent"
44,1992,"independent"
44,1993,"independent"
44,1994,"independent"
44,1995,"independent"
42,1996,"independent"
42,1997,"independent"
46,1998,"independent"
44,1999,"independent"
46,2000,"independent"
48,2001,"independent"
46,2002,"independent"
44,2003,"independent"
46,2004,"independent"
46,2005,"independent"
46,2006,"independent"
44,2007,"independent"
46,2008,"independent"
46,2009,"independent"
44,2010,"independent"
42,2011,"independent"
44,2012,"independent"
44,2013,"independent"
44,2014,"independent"
42,2015,"independent"
42,2016,"independent"
42,2017,"independent"
46,2018,"independent"
44,2019,"independent"
44,2020,"independent"
46,2021,"independent"
42,2022,"independent"
44,2023,"independent"
48,2024,"independent"
46,2025,"independent"
44,2026,"independent"
44,2027,"independent"
44,2028,"independent"
46,2029,"independent"
46,2030,"independent"
48,2031,"independent"
44,2032,"independent"
48,2033,"independent"
42,2034,"independent"
46,2035,"independent"
44,2036,"independent"
44,2037,"independent"
46,2038,"independent"
46,2039,"independent"
42,2040,"independent"
44,2041,"independent"
46,2042,"independent"
44,2043,"independent"
44,2044,"independent"
46,2045,"independent"
44,2046,"independent"
48,2047,"independent"
44,2048,"independent"
44,2049,"independent"
46,2050,"independent"
42,2051,"independent"
46,2052,"independent"
46,2053,"independent"
44,2054,"independent"
46,2055,"independent"
46,2056,"independent"
44,2057,"independent"
46,2058,"independent"
46,2059,"independent"
46,2060,"independent"
46,2061,"independent"
42,2062,"independent"
44,2063,"independent"
44,2064,"independent"
44,2065,"independent"
44,2066,"independent"
42,2067,"independent"
46,2068,"independent"
44,2069,"independent"
42,2070,"independent"
48,2071,"independent"
46,2072,"independent"
46,2073,"independent"
44,2074,"independent"
44,2075,"independent"
44,2076,"independent"
46,2077,"independent"
44,2078,"independent"
44,2079,"independent"
46,2080,"independent"
44,2081,"independent"
44,2082,"independent"
46,2083,"independent"
46,2084,"independent"
46,2085,"independent"
48,2086,"independent"
46,2087,"independent"
44,2088,"independent"
44,2089,"independent"
46,2090,"independent"
44,2091,"independent"
46,2092,"independent"
44,2093,"independent"
44,2094,"independent"
44,2095,"independent"
44,2096,"independent"
44,2097,"independent"
44,2098,"independent"
44,2099,"independent"
46,2100,"independent"
46,2101,"independent"
46,2102,"independent"
44,2103,"independent"
46,2104,"independent"
44,2105,"independent"
46,2106,"independent"
42,2107,"independent"
44,2108,"independent"
46,2109,"independent"
46,2110,"independent"
46,2111,"independent"
46,2112,"independent"
48,2113,"independent"
44,2114,"independent"
46,2115,"independent"
42,2116,"independent"
46,2117,"independent"
44,2118,"independent"
46,2119,"independent"
44,2120,"independent"
44,2121,"independent"
44,2122,"independent"
42,2123,"independent"
46,2124,"independent"
42,2125,"independent"
46,2126,"independent"
46,2127,"independent"
46,2128,"independent"
46,2129,"independent"
46,2130,"independent"
44,2131,"independent"
44,2132,"independent"
46,2133,"independent"
42,2134,"independent"
48,2135,"independent"
46,2136,"independent"
46,2137,"independent"
44,2138,"independent"
46,2139,"independent"
46,2140,"independent"
46,2141,"independent"
42,2142,"independent"
46,2143,"independent"
46,2144,"independent"
44,2145,"independent"
46,2146,"independent"
46,2147,"independent"
44,2148,"independent"
46,2149,"independent"
44,2150,"independent"
44,2151,"independent"
42,2152,"independent"
44,2153,"independent"
46,2154,"independent"
44,2155,"independent"
44,2156,"independent"
46,2157,"independent"
44,2158,"independent"
42,2159,"independent"
44,2160,"independent"
44,2161,"independent"
46,2162,"independent"
44,2163,"independent"
46,2164,"independent"
48,2165,"independent"
46,2166,"independent"
44,2167,"independent"
44,2168,"independent"
46,2169,"independent"
46,2170,"independent"
46,2171,"independent"
44,2172,"independent"
46,2173,"independent"
48,2174,"independent"
46,2175,"independent"
46,2176,"independent"
46,2177,"independent"
42,2178,"independent"
44,2179,"independent"
42,2180,"independent"
46,2181,"independent"
44,2182,"independent"
48,2183,"independent"
46,2184,"independent"
46,2185,"independent"
48,2186,"independent"
46,2187,"independent"
44,2188,"independent"
44,2189,"independent"
46,2190,"independent"
46,2191,"independent"
46,2192,"independent"
44,2193,"independent"
46,2194,"independent"
44,2195,"independent"
46,2196,"independent"
44,2197,"independent"
44,2198,"independent"
46,2199,"independent"
46,2200,"independent"
46,2201,"independent"
46,2202,"independent"
46,2203,"independent"
46,2204,"independent"
44,2205,"independent"
46,2206,"independent"
46,2207,"independent"
46,2208,"independent"
44,2209,"independent"
42,2210,"independent"
46,2211,"independent"
48,2212,"independent"
44,2213,"independent"
42,2214,"independent"
44,2215,"independent"
44,2216,"independent"
44,2217,"independent"
42,2218,"independent"
46,2219,"independent"
46,2220,"independent"
44,2221,"independent"
46,2222,"independent"
48,2223,"independent"
46,2224,"independent"
44,2225,"independent"
46,2226,"independent"
46,2227,"independent"
44,2228,"independent"
44,2229,"independent"
48,2230,"independent"
46,2231,"independent"
44,2232,"independent"
44,2233,"independent"
44,2234,"independent"
42,2235,"independent"
44,2236,"independent"
44,2237,"independent"
44,2238,"independent"
44,2239,"independent"
46,2240,"independent"
46,2241,"independent"
46,2242,"independent"
44,2243,"independent"
46,2244,"independent"
46,2245,"independent"
48,2246,"independent"
44,2247,"independent"
46,2248,"independent"
46,2249,"independent"
50,2250,"independent"
46,2251,"independent"
50,2252,"independent"
44,2253,"independent"
48,2254,"independent"
46,2255,"independent"
46,2256,"independent"
44,2257,"independent"
46,2258,"independent"
46,2259,"independent"
44,2260,"independent"
46,2261,"independent"
46,2262,"independent"
46,2263,"independent"
44,2264,"independent"
46,2265,"independent"
46,2266,"independent"
46,2267,"independent"
44,2268,"independent"
42,2269,"independent"
44,2270,"independent"
46,2271,"independent"
46,2272,"independent"
46,2273,"independent"
44,2274,"independent"
46,2275,"independent"
46,2276,"independent"
48,2277,"independent"
44,2278,"independent"
42,2279,"independent"
46,2280,"independent"
46,2281,"independent"
46,2282,"independent"
42,2283,"independent"
46,2284,"independent"
44,2285,"independent"
44,2286,"independent"
44,2287,"independent"
44,2288,"independent"
46,2289,"independent"
44,2290,"independent"
42,2291,"independent"
44,2292,"independent"
44,2293,"independent"
44,2294,"independent"
42,2295,"independent"
46,2296,"independent"
44,2297,"independent"
42,2298,"independent"
46,2299,"independent"
44,2300,"independent"
42,2301,"independent"
44,2302,"independent"
44,2303,"independent"
46,2304,"independent"
42,2305,"independent"
44,2306,"independent"
44,2307,"independent"
46,2308,"independent"
44,2309,"independent"
44,2310,"independent"
44,2311,"independent"
44,2312,"independent"
46,2313,"independent"
48,2314,"independent"
48,2315,"independent"
42,2316,"independent"
44,2317,"independent"
44,2318,"independent"
46,2319,"independent"
46,2320,"independent"
44,2321,"independent"
44,2322,"independent"
44,2323,"independent"
44,2324,"independent"
42,2325,"independent"
48,2326,"independent"
46,2327,"independent"
44,2328,"independent"
44,2329,"independent"
46,2330,"independent"
42,2331,"independent"
46,2332,"independent"
44,2333,"independent"
44,2334,"independent"
44,2335,"independent"
46,2336,"independent"
48,2337,"independent"
46,2338,"independent"
42,2339,"independent"
44,2340,"independent"
44,2341,"independent"
48,2342,"independent"
48,2343,"independent"
46,2344,"independent"
46,2345,"independent"
44,2346,"independent"
44,2347,"independent"
44,2348,"independent"
46,2349,"independent"
44,2350,"independent"
46,2351,"independent"
42,2352,"independent"
44,2353,"independent"
44,2354,"independent"
48,2355,"independent"
46,2356,"independent"
44,2357,"independent"
44,2358,"independent"
44,2359,"independent"
46,2360,"independent"
46,2361,"independent"
44,2362,"independent"
46,2363,"independent"
44,2364,"independent"
46,2365,"independent"
48,2366,"independent"
46,2367,"independent"
46,2368,"independent"
44,2369,"independent"
46,2370,"independent"
46,2371,"independent"
44,2372,"independent"
46,2373,"independent"
44,2374,"independent"
46,2375,"independent"
48,2376,"independent"
44,2377,"independent"
44,2378,"independent"
46,2379,"independent"
42,2380,"independent"
44,2381,"independent"
44,2382,"independent"
44,2383,"independent"
46,2384,"independent"
46,2385,"independent"
44,2386,"independent"
46,2387,"independent"
44,2388,"independent"
44,2389,"independent"
48,2390,"independent"
46,2391,"independent"
46,2392,"independent"
46,2393,"independent"
44,2394,"independent"
42,2395,"independent"
46,2396,"independent"
48,2397,"independent"
48,2398,"independent"
46,2399,"independent"
46,2400,"independent"
46,2401,"independent"
46,2402,"independent"
42,2403,"independent"
46,2404,"independent"
46,2405,"independent"
42,2406,"independent"
44,2407,"independent"
42,2408,"independent"
46,2409,"independent"
42,2410,"independent"
44,2411,"independent"
44,2412,"independent"
46,2413,"independent"
44,2414,"independent"
46,2415,"independent"
44,2416,"independent"
46,2417,"independent"
46,2418,"independent"
44,2419,"independent"
46,2420,"independent"
46,2421,"independent"
46,2422,"independent"
46,2423,"independent"
46,2424,"independent"
46,2425,"independent"
44,2426,"independent"
44,2427,"independent"
46,2428,"independent"
48,2429,"independent"
46,2430,"independent"
46,2431,"independent"
46,2432,"independent"
42,2433,"independent"
44,2434,"independent"
46,2435,"independent"
46,2436,"independent"
46,2437,"independent"
46,2438,"independent"
46,2439,"independent"
46,2440,"independent"
48,2441,"independent"
46,2442,"independent"
46,2443,"independent"
46,2444,"independent"
46,2445,"independent"
44,2446,"independent"
46,2447,"independent"
46,2448,"independent"
44,2449,"independent"
44,2450,"independent"
44,2451,"independent"
46,2452,"independent"
44,2453,"independent"
44,2454,"independent"
42,2455,"independent"
46,2456,"independent"
44,2457,"independent"
46,2458,"independent"
46,2459,"independent"
46,2460,"independent"
46,2461,"independent"
48,2462,"independent"
44,2463,"independent"
48,2464,"independent"
48,2465,"independent"
42,2466,"independent"
44,2467,"independent"
46,2468,"independent"
46,2469,"independent"
44,2470,"independent"
46,2471,"independent"
46,2472,"independent"
44,2473,"independent"
44,2474,"independent"
46,2475,"independent"
46,2476,"independent"
46,2477,"independent"
48,2478,"independent"
44,2479,"independent"
46,2480,"independent"
46,2481,"independent"
46,2482,"independent"
44,2483,"independent"
46,2484,"independent"
42,2485,"independent"
44,2486,"independent"
46,2487,"independent"
44,2488,"independent"
46,2489,"independent"
44,2490,"independent"
44,2491,"independent"
44,2492,"independent"
46,2493,"independent"
46,2494,"independent"
48,2495,"independent"
44,2496,"independent"
48,2497,"independent"
44,2498,"independent"
48,2499,"independent"
44,2500,"independent"
46,2501,"independent"
48,2502,"independent"
44,2503,"independent"
46,2504,"independent"
44,2505,"independent"
46,2506,"independent"
42,2507,"independent"
44,2508,"independent"
44,2509,"independent"
42,2510,"independent"
46,2511,"independent"
46,2512,"independent"
46,2513,"independent"
42,2514,"independent"
44,2515,"independent"
44,2516,"independent"
46,2517,"independent"
46,2518,"independent"
48,2519,"independent"
46,2520,"independent"
44,2521,"independent"
44,2522,"independent"
42,2523,"independent"
44,2524,"independent"
44,2525,"independent"
44,2526,"independent"
44,2527,"independent"
48,2528,"independent"
48,2529,"independent"
44,2530,"independent"
44,2531,"independent"
46,2532,"independent"
48,2533,"independent"
44,2534,"independent"
44,2535,"independent"
42,2536,"independent"
44,2537,"independent"
46,2538,"independent"
48,2539,"independent"
48,2540,"independent"
46,2541,"independent"
46,2542,"independent"
44,2543,"independent"
46,2544,"independent"
44,2545,"independent"
48,2546,"independent"
46,2547,"independent"
44,2548,"independent"
46,2549,"independent"
46,2550,"independent"
46,2551,"independent"
46,2552,"independent"
44,2553,"independent"
42,2554,"independent"
42,2555,"independent"
42,2556,"independent"
44,2557,"independent"
46,2558,"independent"
44,2559,"independent"
44,2560,"independent"
44,2561,"independent"
42,2562,"independent"
46,2563,"independent"
42,2564,"independent"
46,2565,"independent"
42,2566,"independent"
48,2567,"independent"
46,2568,"independent"
42,2569,"independent"
46,2570,"independent"
46,2571,"independent"
46,2572,"independent"
46,2573,"independent"
42,2574,"independent"
44,2575,"independent"
42,2576,"independent"
46,2577,"independent"
44,2578,"independent"
44,2579,"independent"
42,2580,"independent"
46,2581,"independent"
46,2582,"independent"
46,2583,"independent"
44,2584,"independent"
46,2585,"independent"
46,2586,"independent"
46,2587,"independent"
46,2588,"independent"
46,2589,"independent"
44,2590,"independent"
46,2591,"independent"
46,2592,"independent"
46,2593,"independent"
48,2594,"independent"
46,2595,"independent"
46,2596,"independent"
44,2597,"independent"
44,2598,"independent"
42,2599,"independent"
48,2600,"independent"
46,2601,"independent"
46,2602,"independent"
46,2603,"independent"
50,2604,"independent"
42,2605,"independent"
44,2606,"independent"
46,2607,"independent"
44,2608,"independent"
46,2609,"independent"
46,2610,"independent"
44,2611,"independent"
46,2612,"independent"
46,2613,"independent"
46,2614,"independent"
48,2615,"independent"
46,2616,"independent"
46,2617,"independent"
44,2618,"independent"
46,2619,"independent"
48,2620,"independent"
44,2621,"independent"
42,2622,"independent"
46,2623,"independent"
44,2624,"independent"
48,2625,"independent"
46,2626,"independent"
46,2627,"independent"
44,2628,"independent"
44,2629,"independent"
42,2630,"independent"
44,2631,"independent"
46,2632,"independent"
44,2633,"independent"
46,2634,"independent"
48,2635,"independent"
46,2636,"independent"
44,2637,"independent"
42,2638,"independent"
46,2639,"independent"
42,2640,"independent"
42,2641,"independent"
42,2642,"independent"
46,2643,"independent"
46,2644,"independent"
44,2645,"independent"
46,2646,"independent"
46,2647,"independent"
44,2648,"independent"
44,2649,"independent"
48,2650,"independent"
46,2651,"independent"
46,2652,"independent"
48,2653,"independent"
44,2654,"independent"
46,2655,"independent"
44,2656,"independent"
42,2657,"independent"
46,2658,"independent"
42,2659,"independent"
46,2660,"independent"
44,2661,"independent"
48,2662,"independent"
44,2663,"independent"
44,2664,"independent"
46,2665,"independent"
46,2666,"independent"
46,2667,"independent"
46,2668,"independent"
46,2669,"independent"
44,2670,"independent"
44,2671,"independent"
46,2672,"independent"
48,2673,"independent"
44,2674,"independent"
44,2675,"independent"
46,2676,"independent"
44,2677,"independent"
42,2678,"independent"
44,2679,"independent"
44,2680,"independent"
44,2681,"independent"
48,2682,"independent"
48,2683,"independent"
46,2684,"independent"
44,2685,"independent"
46,2686,"independent"
46,2687,"independent"
44,2688,"independent"
46,2689,"independent"
44,2690,"independent"
44,2691,"independent"
44,2692,"independent"
46,2693,"independent"
42,2694,"independent"
44,2695,"independent"
44,2696,"independent"
44,2697,"independent"
48,2698,"independent"
46,2699,"independent"
44,2700,"independent"
44,2701,"independent"
44,2702,"independent"
42,2703,"independent"
46,2704,"independent"
44,2705,"independent"
44,2706,"independent"
44,2707,"independent"
46,2708,"independent"
44,2709,"independent"
42,2710,"independent"
44,2711,"independent"
46,2712,"independent"
42,2713,"independent"
46,2714,"independent"
46,2715,"independent"
44,2716,"independent"
44,2717,"independent"
44,2718,"independent"
44,2719,"independent"
44,2720,"independent"
44,2721,"independent"
46,2722,"independent"
46,2723,"independent"
44,2724,"independent"
44,2725,"independent"
44,2726,"independent"
44,2727,"independent"
44,2728,"independent"
44,2729,"independent"
44,2730,"independent"
44,2731,"independent"
48,2732,"independent"
48,2733,"independent"
46,2734,"independent"
42,2735,"independent"
46,2736,"independent"
46,2737,"independent"
42,2738,"independent"
44,2739,"independent"
42,2740,"independent"
42,2741,"independent"
42,2742,"independent"
42,2743,"independent"
44,2744,"independent"
46,2745,"independent"
44,2746,"independent"
44,2747,"independent"
44,2748,"independent"
46,2749,"independent"
46,2750,"independent"
46,2751,"independent"
48,2752,"independent"
48,2753,"independent"
44,2754,"independent"
44,2755,"independent"
46,2756,"independent"
44,2757,"independent"
44,2758,"independent"
46,2759,"independent"
44,2760,"independent"
44,2761,"independent"
44,2762,"independent"
44,2763,"independent"
42,2764,"independent"
42,2765,"independent"
44,2766,"independent"
44,2767,"independent"
44,2768,"independent"
48,2769,"independent"
44,2770,"independent"
42,2771,"independent"
46,2772,"independent"
48,2773,"independent"
46,2774,"independent"
44,2775,"independent"
46,2776,"independent"
46,2777,"independent"
46,2778,"independent"
46,2779,"independent"
46,2780,"independent"
44,2781,"independent"
46,2782,"independent"
46,2783,"independent"
44,2784,"independent"
44,2785,"independent"
42,2786,"independent"
44,2787,"independent"
46,2788,"independent"
46,2789,"independent"
44,2790,"independent"
44,2791,"independent"
46,2792,"independent"
44,2793,"independent"
46,2794,"independent"
46,2795,"independent"
46,2796,"independent"
44,2797,"independent"
44,2798,"independent"
46,2799,"independent"
44,2800,"independent"
44,2801,"independent"
46,2802,"independent"
46,2803,"independent"
48,2804,"independent"
46,2805,"independent"
44,2806,"independent"
46,2807,"independent"
46,2808,"independent"
46,2809,"independent"
46,2810,"independent"
44,2811,"independent"
44,2812,"independent"
44,2813,"independent"
44,2814,"independent"
44,2815,"independent"
46,2816,"independent"
44,2817,"independent"
46,2818,"independent"
46,2819,"independent"
42,2820,"independent"
44,2821,"independent"
46,2822,"independent"
44,2823,"independent"
44,2824,"independent"
42,2825,"independent"
42,2826,"independent"
46,2827,"independent"
42,2828,"independent"
46,2829,"independent"
44,2830,"independent"
44,2831,"independent"
44,2832,"independent"
46,2833,"independent"
46,2834,"independent"
44,2835,"independent"
44,2836,"independent"
46,2837,"independent"
44,2838,"independent"
46,2839,"independent"
44,2840,"independent"
44,2841,"independent"
46,2842,"independent"
44,2843,"independent"
46,2844,"independent"
42,2845,"independent"
46,2846,"independent"
46,2847,"independent"
46,2848,"independent"
48,2849,"independent"
46,2850,"independent"
42,2851,"independent"
46,2852,"independent"
46,2853,"independent"
46,2854,"independent"
46,2855,"independent"
48,2856,"independent"
44,2857,"independent"
44,2858,"independent"
44,2859,"independent"
46,2860,"independent"
46,2861,"independent"
44,2862,"independent"
44,2863,"independent"
42,2864,"independent"
46,2865,"independent"
48,2866,"independent"
46,2867,"independent"
44,2868,"independent"
44,2869,"independent"
44,2870,"independent"
48,2871,"independent"
44,2872,"independent"
44,2873,"independent"
46,2874,"independent"
46,2875,"independent"
46,2876,"independent"
46,2877,"independent"
46,2878,"independent"
44,2879,"independent"
44,2880,"independent"
46,2881,"independent"
46,2882,"independent"
44,2883,"independent"
46,2884,"independent"
44,2885,"independent"
44,2886,"independent"
46,2887,"independent"
44,2888,"independent"
46,2889,"independent"
44,2890,"independent"
46,2891,"independent"
46,2892,"independent"
46,2893,"independent"
44,2894,"independent"
44,2895,"independent"
44,2896,"independent"
44,2897,"independent"
44,2898,"independent"
46,2899,"independent"
46,2900,"independent"
42,2901,"independent"
46,2902,"independent"
46,2903,"independent"
44,2904,"independent"
46,2905,"independent"
46,2906,"independent"
46,2907,"independent"
44,2908,"independent"
46,2909,"independent"
46,2910,"independent"
46,2911,"independent"
46,2912,"independent"
42,2913,"independent"
44,2914,"independent"
44,2915,"independent"
44,2916,"independent"
44,2917,"independent"
44,2918,"independent"
44,2919,"independent"
44,2920,"independent"
44,2921,"independent"
44,2922,"independent"
44,2923,"independent"
44,2924,"independent"
42,2925,"independent"
46,2926,"independent"
46,2927,"independent"
46,2928,"independent"
44,2929,"independent"
42,2930,"independent"
44,2931,"independent"
46,2932,"independent"
44,2933,"independent"
44,2934,"independent"
44,2935,"independent"
44,2936,"independent"
44,2937,"independent"
44,2938,"independent"
44,2939,"independent"
44,2940,"independent"
46,2941,"independent"
44,2942,"independent"
44,2943,"independent"
44,2944,"independent"
44,2945,"independent"
44,2946,"independent"
46,2947,"independent"
44,2948,"independent"
44,2949,"independent"
44,2950,"independent"
44,2951,"independent"
46,2952,"independent"
44,2953,"independent"
44,2954,"independent"
46,2955,"independent"
46,2956,"independent"
46,2957,"independent"
44,2958,"independent"
46,2959,"independent"
42,2960,"independent"
44,2961,"independent"
44,2962,"independent"
42,2963,"independent"
44,2964,"independent"
42,2965,"independent"
46,2966,"independent"
44,2967,"independent"
46,2968,"independent"
44,2969,"independent"
44,2970,"independent"
46,2971,"independent"
44,2972,"independent"
44,2973,"independent"
46,2974,"independent"
44,2975,"independent"
42,2976,"independent"
44,2977,"independent"
46,2978,"independent"
46,2979,"independent"
46,2980,"independent"
42,2981,"independent"
46,2982,"independent"
44,2983,"independent"
44,2984,"independent"
44,2985,"independent"
44,2986,"independent"
44,2987,"independent"
44,2988,"independent"
46,2989,"independent"
46,2990,"independent"
46,2991,"independent"
44,2992,"independent"
46,2993,"independent"
46,2994,"independent"
46,2995,"independent"
46,2996,"independent"
46,2997,"independent"
42,2998,"independent"
46,2999,"independent"
44,3000,"independent"
44,3001,"independent"
44,3002,"independent"
44,3003,"independent"
44,3004,"independent"
46,3005,"independent"
44,3006,"independent"
46,3007,"independent"
46,3008,"independent"
44,3009,"independent"
44,3010,"independent"
46,3011,"independent"
44,3012,"independent"
46,3013,"independent"
46,3014,"independent"
42,3015,"independent"
42,3016,"independent"
44,3017,"independent"
48,3018,"independent"
46,3019,"independent"
46,3020,"independent"
48,3021,"independent"
44,3022,"independent"
44,3023,"independent"
44,3024,"independent"
46,3025,"independent"
46,3026,"independent"
46,3027,"independent"
44,3028,"independent"
46,3029,"independent"
46,3030,"independent"
46,3031,"independent"
44,3032,"independent"
44,3033,"independent"
42,3034,"independent"
44,3035,"independent"
42,3036,"independent"
44,3037,"independent"
46,3038,"independent"
42,3039,"independent"
46,3040,"independent"
42,3041,"independent"
46,3042,"independent"
46,3043,"independent"
46,3044,"independent"
42,3045,"independent"
46,3046,"independent"
44,3047,"independent"
44,3048,"independent"
44,3049,"independent"
44,3050,"independent"
46,3051,"independent"
44,3052,"independent"
44,3053,"independent"
46,3054,"independent"
46,3055,"independent"
46,3056,"independent"
46,3057,"independent"
44,3058,"independent"
46,3059,"independent"
46,3060,"independent"
44,3061,"independent"
46,3062,"independent"
44,3063,"independent"
46,3064,"independent"
42,3065,"independent"
44,3066,"independent"
46,3067,"independent"
44,3068,"independent"
46,3069,"independent"
44,3070,"independent"
46,3071,"independent"
46,3072,"independent"
42,3073,"independent"
48,3074,"independent"
44,3075,"independent"
42,3076,"independent"
46,3077,"independent"
44,3078,"independent"
42,3079,"independent"
44,3080,"independent"
44,3081,"independent"
44,3082,"independent"
46,3083,"independent"
46,3084,"independent"
44,3085,"independent"
44,3086,"independent"
42,3087,"independent"
46,3088,"independent"
44,3089,"independent"
42,3090,"independent"
42,3091,"independent"
44,3092,"independent"
44,3093,"independent"
46,3094,"independent"
46,3095,"independent"
44,3096,"independent"
46,3097,"independent"
44,3098,"independent"
46,3099,"independent"
44,3100,"independent"
46,3101,"independent"
46,3102,"independent"
46,3103,"independent"
44,3104,"independent"
44,3105,"independent"
44,3106,"independent"
44,3107,"independent"
46,3108,"independent"
46,3109,"independent"
42,3110,"independent"
42,3111,"independent"
44,3112,"independent"
44,3113,"independent"
44,3114,"independent"
46,3115,"independent"
46,3116,"independent"
46,3117,"independent"
46,3118,"independent"
46,3119,"independent"
44,3120,"independent"
42,3121,"independent"
42,3122,"independent"
44,3123,"independent"
42,3124,"independent"
44,3125,"independent"
44,3126,"independent"
42,3127,"independent"
46,3128,"independent"
46,3129,"independent"
46,3130,"independent"
46,3131,"independent"
42,3132,"independent"
44,3133,"independent"
46,3134,"independent"
44,3135,"independent"
46,3136,"independent"
42,3137,"independent"
44,3138,"independent"
46,3139,"independent"
46,3140,"independent"
44,3141,"independent"
44,3142,"independent"
46,3143,"independent"
44,3144,"independent"
48,3145,"independent"
48,3146,"independent"
46,3147,"independent"
44,3148,"independent"
48,3149,"independent"
44,3150,"independent"
44,3151,"independent"
42,3152,"independent"
44,3153,"independent"
44,3154,"independent"
44,3155,"independent"
44,3156,"independent"
44,3157,"independent"
46,3158,"independent"
44,3159,"independent"
44,3160,"independent"
42,3161,"independent"
44,3162,"independent"
44,3163,"independent"
46,3164,"independent"
46,3165,"independent"
44,3166,"independent"
44,3167,"independent"
46,3168,"independent"
44,3169,"independent"
44,3170,"independent"
44,3171,"independent"
44,3172,"independent"
42,3173,"independent"
46,3174,"independent"
46,3175,"independent"
44,3176,"independent"
46,3177,"independent"
44,3178,"independent"
44,3179,"independent"
46,3180,"independent"
42,3181,"independent"
46,3182,"independent"
42,3183,"independent"
46,3184,"independent"
46,3185,"independent"
44,3186,"independent"
46,3187,"independent"
44,3188,"independent"
48,3189,"independent"
44,3190,"independent"
44,3191,"independent"
46,3192,"independent"
42,3193,"independent"
46,3194,"independent"
46,3195,"independent"
44,3196,"independent"
46,3197,"independent"
44,3198,"independent"
46,3199,"independent"
46,3200,"independent"
44,3201,"independent"
46,3202,"independent"
46,3203,"independent"
44,3204,"independent"
44,3205,"independent"
42,3206,"independent"
44,3207,"independent"
44,3208,"independent"
46,3209,"independent"
46,3210,"independent"
46,3211,"independent"
44,3212,"independent"
42,3213,"independent"
46,3214,"independent"
42,3215,"independent"
48,3216,"independent"
44,3217,"independent"
44,3218,"independent"
46,3219,"independent"
44,3220,"independent"
46,3221,"independent"
44,3222,"independent"
48,3223,"independent"
48,3224,"independent"
42,3225,"independent"
46,3226,"independent"
44,3227,"independent"
42,3228,"independent"
46,3229,"independent"
42,3230,"independent"
44,3231,"independent"
46,3232,"independent"
44,3233,"independent"
46,3234,"independent"
44,3235,"independent"
46,3236,"independent"
46,3237,"independent"
44,3238,"independent"
46,3239,"independent"
44,3240,"independent"
44,3241,"independent"
46,3242,"independent"
44,3243,"independent"
46,3244,"independent"
44,3245,"independent"
46,3246,"independent"
44,3247,"independent"
46,3248,"independent"
46,3249,"independent"
44,3250,"independent"
46,3251,"independent"
44,3252,"independent"
44,3253,"independent"
44,3254,"independent"
46,3255,"independent"
44,3256,"independent"
44,3257,"independent"
46,3258,"independent"
44,3259,"independent"
46,3260,"independent"
42,3261,"independent"
44,3262,"independent"
44,3263,"independent"
44,3264,"independent"
46,3265,"independent"
44,3266,"independent"
42,3267,"independent"
44,3268,"independent"
44,3269,"independent"
42,3270,"independent"
42,3271,"independent"
44,3272,"independent"
44,3273,"independent"
46,3274,"independent"
44,3275,"independent"
46,3276,"independent"
46,3277,"independent"
44,3278,"independent"
44,3279,"independent"
46,3280,"independent"
46,3281,"independent"
42,3282,"independent"
48,3283,"independent"
46,3284,"independent"
46,3285,"independent"
44,3286,"independent"
44,3287,"independent"
48,3288,"independent"
46,3289,"independent"
44,3290,"independent"
44,3291,"independent"
46,3292,"independent"
44,3293,"independent"
46,3294,"independent"
46,3295,"independent"
46,3296,"independent"
46,3297,"independent"
46,3298,"independent"
44,3299,"independent"
46,3300,"independent"
46,3301,"independent"
44,3302,"independent"
46,3303,"independent"
46,3304,"independent"
46,3305,"independent"
46,3306,"independent"
44,3307,"independent"
46,3308,"independent"
46,3309,"independent"
48,3310,"independent"
46,3311,"independent"
44,3312,"independent"
42,3313,"independent"
44,3314,"independent"
46,3315,"independent"
46,3316,"independent"
46,3317,"independent"
44,3318,"independent"
42,3319,"independent"
46,3320,"independent"
46,3321,"independent"
44,3322,"independent"
46,3323,"independent"
46,3324,"independent"
44,3325,"independent"
46,3326,"independent"
44,3327,"independent"
44,3328,"independent"
42,3329,"independent"
44,3330,"independent"
44,3331,"independent"
42,3332,"independent"
46,3333,"independent"
44,3334,"independent"
46,3335,"independent"
44,3336,"independent"
46,3337,"independent"
46,3338,"independent"
46,3339,"independent"
46,3340,"independent"
44,3341,"independent"
42,3342,"independent"
44,3343,"independent"
46,3344,"independent"
42,3345,"independent"
44,3346,"independent"
44,3347,"independent"
44,3348,"independent"
44,3349,"independent"
46,3350,"independent"
44,3351,"independent"
46,3352,"independent"
46,3353,"independent"
42,3354,"independent"
44,3355,"independent"
46,3356,"independent"
44,3357,"independent"
46,3358,"independent"
44,3359,"independent"
44,3360,"independent"
44,3361,"independent"
48,3362,"independent"
44,3363,"independent"
42,3364,"independent"
46,3365,"independent"
44,3366,"independent"
44,3367,"independent"
44,3368,"independent"
44,3369,"independent"
46,3370,"independent"
46,3371,"independent"
44,3372,"independent"
46,3373,"independent"
42,3374,"independent"
46,3375,"independent"
44,3376,"independent"
48,3377,"independent"
48,3378,"independent"
48,3379,"independent"
46,3380,"independent"
44,3381,"independent"
46,3382,"independent"
46,3383,"independent"
46,3384,"independent"
46,3385,"independent"
44,3386,"independent"
44,3387,"independent"
46,3388,"independent"
44,3389,"independent"
46,3390,"independent"
44,3391,"independent"
44,3392,"independent"
42,3393,"independent"
44,3394,"independent"
42,3395,"independent"
44,3396,"independent"
44,3397,"independent"
44,3398,"independent"
46,3399,"independent"
46,3400,"independent"
44,3401,"independent"
46,3402,"independent"
44,3403,"independent"
46,3404,"independent"
46,3405,"independent"
44,3406,"independent"
44,3407,"independent"
48,3408,"independent"
42,3409,"independent"
44,3410,"independent"
44,3411,"independent"
44,3412,"independent"
44,3413,"independent"
46,3414,"independent"
46,3415,"independent"
42,3416,"independent"
44,3417,"independent"
46,3418,"independent"
42,3419,"independent"
46,3420,"independent"
46,3421,"independent"
44,3422,"independent"
44,3423,"independent"
44,3424,"independent"
46,3425,"independent"
42,3426,"independent"
46,3427,"independent"
44,3428,"independent"
46,3429,"independent"
46,3430,"independent"
44,3431,"independent"
46,3432,"independent"
44,3433,"independent"
46,3434,"independent"
44,3435,"independent"
44,3436,"independent"
46,3437,"independent"
44,3438,"independent"
42,3439,"independent"
42,3440,"independent"
44,3441,"independent"
46,3442,"independent"
46,3443,"independent"
46,3444,"independent"
44,3445,"independent"
44,3446,"independent"
46,3447,"independent"
42,3448,"independent"
44,3449,"independent"
44,3450,"independent"
46,3451,"independent"
48,3452,"independent"
42,3453,"independent"
46,3454,"independent"
44,3455,"independent"
44,3456,"independent"
46,3457,"independent"
44,3458,"independent"
46,3459,"independent"
42,3460,"independent"
46,3461,"independent"
46,3462,"independent"
42,3463,"independent"
46,3464,"independent"
44,3465,"independent"
44,3466,"independent"
44,3467,"independent"
46,3468,"independent"
42,3469,"independent"
42,3470,"independent"
44,3471,"independent"
44,3472,"independent"
46,3473,"independent"
48,3474,"independent"
44,3475,"independent"
46,3476,"independent"
44,3477,"independent"
44,3478,"independent"
44,3479,"independent"
46,3480,"independent"
46,3481,"independent"
46,3482,"independent"
42,3483,"independent"
44,3484,"independent"
46,3485,"independent"
42,3486,"independent"
44,3487,"independent"
44,3488,"independent"
42,3489,"independent"
44,3490,"independent"
46,3491,"independent"
46,3492,"independent"
44,3493,"independent"
42,3494,"independent"
44,3495,"independent"
44,3496,"independent"
46,3497,"independent"
46,3498,"independent"
44,3499,"independent"
44,3500,"independent"
44,3501,"independent"
46,3502,"independent"
42,3503,"independent"
44,3504,"independent"
46,3505,"independent"
44,3506,"independent"
44,3507,"independent"
46,3508,"independent"
46,3509,"independent"
46,3510,"independent"
46,3511,"independent"
48,3512,"independent"
44,3513,"independent"
46,3514,"independent"
46,3515,"independent"
44,3516,"independent"
44,3517,"independent"
46,3518,"independent"
44,3519,"independent"
44,3520,"independent"
44,3521,"independent"
46,3522,"independent"
46,3523,"independent"
46,3524,"independent"
46,3525,"independent"
44,3526,"independent"
44,3527,"independent"
46,3528,"independent"
44,3529,"independent"
44,3530,"independent"
42,3531,"independent"
46,3532,"independent"
46,3533,"independent"
46,3534,"independent"
44,3535,"independent"
44,3536,"independent"
44,3537,"independent"
44,3538,"independent"
46,3539,"independent"
46,3540,"independent"
46,3541,"independent"
46,3542,"independent"
44,3543,"independent"
48,3544,"independent"
44,3545,"independent"
44,3546,"independent"
44,3547,"independent"
44,3548,"independent"
46,3549,"independent"
44,3550,"independent"
44,3551,"independent"
44,3552,"independent"
46,3553,"independent"
44,3554,"independent"
44,3555,"independent"
44,3556,"independent"
44,3557,"independent"
44,3558,"independent"
46,3559,"independent"
46,3560,"independent"
46,3561,"independent"
46,3562,"independent"
42,3563,"independent"
44,3564,"independent"
46,3565,"independent"
46,3566,"independent"
46,3567,"independent"
42,3568,"independent"
44,3569,"independent"
46,3570,"independent"
46,3571,"independent"
46,3572,"independent"
42,3573,"independent"
44,3574,"independent"
44,3575,"independent"
44,3576,"independent"
46,3577,"independent"
46,3578,"independent"
46,3579,"independent"
46,3580,"independent"
44,3581,"independent"
44,3582,"independent"
46,3583,"independent"
42,3584,"independent"
46,3585,"independent"
48,3586,"independent"
46,3587,"independent"
46,3588,"independent"
44,3589,"independent"
44,3590,"independent"
48,3591,"independent"
44,3592,"independent"
42,3593,"independent"
44,3594,"independent"
44,3595,"independent"
46,3596,"independent"
44,3597,"independent"
46,3598,"independent"
44,3599,"independent"
42,3600,"independent"
46,3601,"independent"
44,3602,"independent"
46,3603,"independent"
44,3604,"independent"
44,3605,"independent"
46,3606,"independent"
44,3607,"independent"
44,3608,"independent"
46,3609,"independent"
44,3610,"independent"
44,3611,"independent"
42,3612,"independent"
44,3613,"independent"
46,3614,"independent"
44,3615,"independent"
42,3616,"independent"
42,3617,"independent"
46,3618,"independent"
44,3619,"independent"
44,3620,"independent"
48,3621,"independent"
46,3622,"independent"
46,3623,"independent"
46,3624,"independent"
44,3625,"independent"
44,3626,"independent"
46,3627,"independent"
46,3628,"independent"
46,3629,"independent"
42,3630,"independent"
44,3631,"independent"
46,3632,"independent"
44,3633,"independent"
46,3634,"independent"
44,3635,"independent"
42,3636,"independent"
44,3637,"independent"
46,3638,"independent"
46,3639,"independent"
44,3640,"independent"
44,3641,"independent"
44,3642,"independent"
46,3643,"independent"
46,3644,"independent"
44,3645,"independent"
46,3646,"independent"
44,3647,"independent"
44,3648,"independent"
44,3649,"independent"
44,3650,"independent"
42,3651,"independent"
44,3652,"independent"
44,3653,"independent"
44,3654,"independent"
42,3655,"independent"
44,3656,"independent"
46,3657,"independent"
46,3658,"independent"
44,3659,"independent"
46,3660,"independent"
44,3661,"independent"
46,3662,"independent"
42,3663,"independent"
46,3664,"independent"
44,3665,"independent"
46,3666,"independent"
46,3667,"independent"
48,3668,"independent"
46,3669,"independent"
46,3670,"independent"
44,3671,"independent"
44,3672,"independent"
46,3673,"independent"
46,3674,"independent"
44,3675,"independent"
46,3676,"independent"
42,3677,"independent"
44,3678,"independent"
44,3679,"independent"
44,3680,"independent"
46,3681,"independent"
44,3682,"independent"
46,3683,"independent"
44,3684,"independent"
44,3685,"independent"
42,3686,"independent"
46,3687,"independent"
44,3688,"independent"
44,3689,"independent"
46,3690,"independent"
46,3691,"independent"
46,3692,"independent"
48,3693,"independent"
46,3694,"independent"
44,3695,"independent"
46,3696,"independent"
42,3697,"independent"
44,3698,"independent"
42,3699,"independent"
44,3700,"independent"
44,3701,"independent"
44,3702,"independent"
46,3703,"independent"
44,3704,"independent"
48,3705,"independent"
46,3706,"independent"
42,3707,"independent"
44,3708,"independent"
44,3709,"independent"
46,3710,"independent"
46,3711,"independent"
44,3712,"independent"
46,3713,"independent"
46,3714,"independent"
46,3715,"independent"
46,3716,"independent"
46,3717,"independent"
46,3718,"independent"
44,3719,"independent"
44,3720,"independent"
42,3721,"independent"
44,3722,"independent"
44,3723,"independent"
44,3724,"independent"
44,3725,"independent"
46,3726,"independent"
42,3727,"independent"
44,3728,"independent"
44,3729,"independent"
44,3730,"independent"
44,3731,"independent"
44,3732,"independent"
42,3733,"independent"
42,3734,"independent"
46,3735,"independent"
44,3736,"independent"
44,3737,"independent"
46,3738,"independent"
46,3739,"independent"
44,3740,"independent"
44,3741,"independent"
46,3742,"independent"
46,3743,"independent"
46,3744,"independent"
46,3745,"independent"
44,3746,"independent"
44,3747,"independent"
44,3748,"independent"
44,3749,"independent"
44,3750,"independent"
46,3751,"independent"
46,3752,"independent"
46,3753,"independent"
42,3754,"independent"
46,3755,"independent"
44,3756,"independent"
46,3757,"independent"
48,3758,"independent"
44,3759,"independent"
46,3760,"independent"
46,3761,"independent"
48,3762,"independent"
44,3763,"independent"
44,3764,"independent"
42,3765,"independent"
42,3766,"independent"
44,3767,"independent"
46,3768,"independent"
46,3769,"independent"
46,3770,"independent"
44,3771,"independent"
44,3772,"independent"
44,3773,"independent"
46,3774,"independent"
46,3775,"independent"
46,3776,"independent"
44,3777,"independent"
44,3778,"independent"
46,3779,"independent"
46,3780,"independent"
46,3781,"independent"
42,3782,"independent"
46,3783,"independent"
44,3784,"independent"
44,3785,"independent"
44,3786,"independent"
46,3787,"independent"
46,3788,"independent"
44,3789,"independent"
44,3790,"independent"
46,3791,"independent"
44,3792,"independent"
42,3793,"independent"
44,3794,"independent"
44,3795,"independent"
44,3796,"independent"
44,3797,"independent"
46,3798,"independent"
46,3799,"independent"
46,3800,"independent"
46,3801,"independent"
46,3802,"independent"
44,3803,"independent"
44,3804,"independent"
46,3805,"independent"
46,3806,"independent"
44,3807,"independent"
46,3808,"independent"
42,3809,"independent"
46,3810,"independent"
44,3811,"independent"
46,3812,"independent"
42,3813,"independent"
44,3814,"independent"
44,3815,"independent"
46,3816,"independent"
46,3817,"independent"
46,3818,"independent"
48,3819,"independent"
44,3820,"independent"
46,3821,"independent"
44,3822,"independent"
44,3823,"independent"
46,3824,"independent"
42,3825,"independent"
44,3826,"independent"
46,3827,"independent"
44,3828,"independent"
42,3829,"independent"
44,3830,"independent"
46,3831,"independent"
44,3832,"independent"
42,3833,"independent"
44,3834,"independent"
44,3835,"independent"
44,3836,"independent"
44,3837,"independent"
44,3838,"independent"
46,3839,"independent"
44,3840,"independent"
44,3841,"independent"
46,3842,"independent"
46,3843,"independent"
44,3844,"independent"
44,3845,"independent"
44,3846,"independent"
44,3847,"independent"
46,3848,"independent"
44,3849,"independent"
42,3850,"independent"
44,3851,"independent"
44,3852,"independent"
42,3853,"independent"
42,3854,"independent"
44,3855,"independent"
46,3856,"independent"
44,3857,"independent"
44,3858,"independent"
46,3859,"independent"
46,3860,"independent"
44,3861,"independent"
46,3862,"independent"
46,3863,"independent"
48,3864,"independent"
46,3865,"independent"
42,3866,"independent"
42,3867,"independent"
46,3868,"independent"
46,3869,"independent"
44,3870,"independent"
44,3871,"independent"
46,3872,"independent"
44,3873,"independent"
44,3874,"independent"
44,3875,"independent"
44,3876,"independent"
44,3877,"independent"
42,3878,"independent"
44,3879,"independent"
44,3880,"independent"
42,3881,"independent"
46,3882,"independent"
46,3883,"independent"
48,3884,"independent"
44,3885,"independent"
44,3886,"independent"
44,3887,"independent"
46,3888,"independent"
46,3889,"independent"
44,3890,"independent"
44,3891,"independent"
44,3892,"independent"
44,3893,"independent"
44,3894,"independent"
46,3895,"independent"
42,3896,"independent"
44,3897,"independent"
42,3898,"independent"
42,3899,"independent"
46,3900,"independent"
46,3901,"independent"
44,3902,"independent"
48,3903,"independent"
46,3904,"independent"
42,3905,"independent"
44,3906,"independent"
44,3907,"independent"
44,3908,"independent"
44,3909,"independent"
44,3910,"independent"
44,3911,"independent"
44,3912,"independent"
46,3913,"independent"
44,3914,"independent"
42,3915,"independent"
44,3916,"independent"
46,3917,"independent"
46,3918,"independent"
46,3919,"independent"
44,3920,"independent"
44,3921,"independent"
42,3922,"independent"
46,3923,"independent"
44,3924,"independent"
44,3925,"independent"
44,3926,"independent"
44,3927,"independent"
46,3928,"independent"
44,3929,"independent"
42,3930,"independent"
44,3931,"independent"
44,3932,"independent"
46,3933,"independent"
44,3934,"independent"
44,3935,"independent"
44,3936,"independent"
46,3937,"independent"
46,3938,"independent"
46,3939,"independent"
44,3940,"independent"
46,3941,"independent"
46,3942,"independent"
46,3943,"independent"
46,3944,"independent"
44,3945,"independent"
42,3946,"independent"
48,3947,"independent"
44,3948,"independent"
48,3949,"independent"
46,3950,"independent"
46,3951,"independent"
46,3952,"independent"
46,3953,"independent"
44,3954,"independent"
44,3955,"independent"
44,3956,"independent"
44,3957,"independent"
44,3958,"independent"
42,3959,"independent"
46,3960,"independent"
46,3961,"independent"
42,3962,"independent"
44,3963,"independent"
46,3964,"independent"
46,3965,"independent"
44,3966,"independent"
44,3967,"independent"
46,3968,"independent"
46,3969,"independent"
46,3970,"independent"
46,3971,"independent"
46,3972,"independent"
44,3973,"independent"
46,3974,"independent"
46,3975,"independent"
42,3976,"independent"
46,3977,"independent"
44,3978,"independent"
42,3979,"independent"
44,3980,"independent"
46,3981,"independent"
44,3982,"independent"
46,3983,"independent"
42,3984,"independent"
46,3985,"independent"
46,3986,"independent"
44,3987,"independent"
44,3988,"independent"
44,3989,"independent"
44,3990,"independent"
44,3991,"independent"
44,3992,"independent"
44,3993,"independent"
44,3994,"independent"
46,3995,"independent"
44,3996,"independent"
46,3997,"independent"
44,3998,"independent"
46,3999,"independent"
44,4000,"independent"
44,4001,"independent"
42,4002,"independent"
44,4003,"independent"
44,4004,"independent"
44,4005,"independent"
44,4006,"independent"
46,4007,"independent"
44,4008,"independent"
42,4009,"independent"
44,4010,"independent"
44,4011,"independent"
44,4012,"independent"
46,4013,"independent"
46,4014,"independent"
42,4015,"independent"
46,4016,"independent"
46,4017,"independent"
46,4018,"independent"
46,4019,"independent"
42,4020,"independent"
44,4021,"independent"
46,4022,"independent"
46,4023,"independent"
42,4024,"independent"
46,4025,"independent"
46,4026,"independent"
46,4027,"independent"
44,4028,"independent"
44,4029,"independent"
44,4030,"independent"
46,4031,"independent"
44,4032,"independent"
44,4033,"independent"
48,4034,"independent"
44,4035,"independent"
46,4036,"independent"
46,4037,"independent"
42,4038,"independent"
46,4039,"independent"
46,4040,"independent"
44,4041,"independent"
46,4042,"independent"
46,4043,"independent"
44,4044,"independent"
46,4045,"independent"
44,4046,"independent"
44,4047,"independent"
44,4048,"independent"
46,4049,"independent"
44,4050,"independent"
44,4051,"independent"
44,4052,"independent"
46,4053,"independent"
42,4054,"independent"
46,4055,"independent"
44,4056,"independent"
44,4057,"independent"
44,4058,"independent"
42,4059,"independent"
42,4060,"independent"
44,4061,"independent"
48,4062,"independent"
46,4063,"independent"
42,4064,"independent"
42,4065,"independent"
46,4066,"independent"
48,4067,"independent"
46,4068,"independent"
44,4069,"independent"
46,4070,"independent"
44,4071,"independent"
46,4072,"independent"
46,4073,"independent"
48,4074,"independent"
44,4075,"independent"
46,4076,"independent"
46,4077,"independent"
44,4078,"independent"
42,4079,"independent"
44,4080,"independent"
46,4081,"independent"
46,4082,"independent"
44,4083,"independent"
42,4084,"independent"
44,4085,"independent"
42,4086,"independent"
44,4087,"independent"
42,4088,"independent"
44,4089,"independent"
46,4090,"independent"
42,4091,"independent"
42,4092,"independent"
46,4093,"independent"
44,4094,"independent"
46,4095,"independent"
44,4096,"independent"
46,4097,"independent"
44,4098,"independent"
46,4099,"independent"
44,4100,"independent"
44,4101,"independent"
46,4102,"independent"
42,4103,"independent"
44,4104,"independent"
44,4105,"independent"
46,4106,"independent"
44,4107,"independent"
46,4108,"independent"
48,4109,"independent"
46,4110,"independent"
44,4111,"independent"
42,4112,"independent"
44,4113,"independent"
44,4114,"independent"
42,4115,"independent"
42,4116,"independent"
44,4117,"independent"
44,4118,"independent"
44,4119,"independent"
44,4120,"independent"
46,4121,"independent"
44,4122,"independent"
44,4123,"independent"
46,4124,"independent"
42,4125,"independent"
48,4126,"independent"
46,4127,"independent"
46,4128,"independent"
42,4129,"independent"
44,4130,"independent"
44,4131,"independent"
46,4132,"independent"
44,4133,"independent"
46,4134,"independent"
44,4135,"independent"
44,4136,"independent"
44,4137,"independent"
44,4138,"independent"
42,4139,"independent"
46,4140,"independent"
42,4141,"independent"
44,4142,"independent"
42,4143,"independent"
44,4144,"independent"
46,4145,"independent"
46,4146,"independent"
44,4147,"independent"
46,4148,"independent"
46,4149,"independent"
46,4150,"independent"
44,4151,"independent"
44,4152,"independent"
46,4153,"independent"
44,4154,"independent"
44,4155,"independent"
46,4156,"independent"
46,4157,"independent"
42,4158,"independent"
46,4159,"independent"
44,4160,"independent"
42,4161,"independent"
46,4162,"independent"
44,4163,"independent"
46,4164,"independent"
46,4165,"independent"
46,4166,"independent"
46,4167,"independent"
44,4168,"independent"
46,4169,"independent"
44,4170,"independent"
46,4171,"independent"
44,4172,"independent"
46,4173,"independent"
44,4174,"independent"
42,4175,"independent"
46,4176,"independent"
46,4177,"independent"
44,4178,"independent"
46,4179,"independent"
42,4180,"independent"
44,4181,"independent"
46,4182,"independent"
44,4183,"independent"
46,4184,"independent"
44,4185,"independent"
46,4186,"independent"
44,4187,"independent"
44,4188,"independent"
42,4189,"independent"
46,4190,"independent"
46,4191,"independent"
46,4192,"independent"
46,4193,"independent"
42,4194,"independent"
42,4195,"independent"
46,4196,"independent"
46,4197,"independent"
44,4198,"independent"
44,4199,"independent"
46,4200,"independent"
46,4201,"independent"
46,4202,"independent"
44,4203,"independent"
42,4204,"independent"
46,4205,"independent"
42,4206,"independent"
42,4207,"independent"
46,4208,"independent"
44,4209,"independent"
46,4210,"independent"
48,4211,"independent"
46,4212,"independent"
42,4213,"independent"
44,4214,"independent"
44,4215,"independent"
46,4216,"independent"
46,4217,"independent"
46,4218,"independent"
46,4219,"independent"
44,4220,"independent"
44,4221,"independent"
44,4222,"independent"
44,4223,"independent"
46,4224,"independent"
46,4225,"independent"
44,4226,"independent"
44,4227,"independent"
46,4228,"independent"
44,4229,"independent"
44,4230,"independent"
44,4231,"independent"
44,4232,"independent"
46,4233,"independent"
42,4234,"independent"
46,4235,"independent"
48,4236,"independent"
44,4237,"independent"
46,4238,"independent"
46,4239,"independent"
44,4240,"independent"
42,4241,"independent"
44,4242,"independent"
46,4243,"independent"
44,4244,"independent"
44,4245,"independent"
44,4246,"independent"
46,4247,"independent"
46,4248,"independent"
46,4249,"independent"
44,4250,"independent"
46,4251,"independent"
46,4252,"independent"
44,4253,"independent"
44,4254,"independent"
46,4255,"independent"
46,4256,"independent"
42,4257,"independent"
48,4258,"independent"
44,4259,"independent"
44,4260,"independent"
46,4261,"independent"
46,4262,"independent"
44,4263,"independent"
44,4264,"independent"
46,4265,"independent"
42,4266,"independent"
44,4267,"independent"
44,4268,"independent"
44,4269,"independent"
44,4270,"independent"
44,4271,"independent"
46,4272,"independent"
46,4273,"independent"
42,4274,"independent"
46,4275,"independent"
46,4276,"independent"
46,4277,"independent"
46,4278,"independent"
46,4279,"independent"
46,4280,"independent"
46,4281,"independent"
44,4282,"independent"
44,4283,"independent"
44,4284,"independent"
44,4285,"independent"
44,4286,"independent"
46,4287,"independent"
46,4288,"independent"
46,4289,"independent"
44,4290,"independent"
46,4291,"independent"
46,4292,"independent"
44,4293,"independent"
44,4294,"independent"
48,4295,"independent"
46,4296,"independent"
48,4297,"independent"
48,4298,"independent"
46,4299,"independent"
44,4300,"independent"
46,4301,"independent"
44,4302,"independent"
44,4303,"independent"
44,4304,"independent"
44,4305,"independent"
42,4306,"independent"
44,4307,"independent"
44,4308,"independent"
44,4309,"independent"
44,4310,"independent"
46,4311,"independent"
42,4312,"independent"
44,4313,"independent"
46,4314,"independent"
44,4315,"independent"
44,4316,"independent"
46,4317,"independent"
44,4318,"independent"
44,4319,"independent"
44,4320,"independent"
44,4321,"independent"
44,4322,"independent"
44,4323,"independent"
44,4324,"independent"
44,4325,"independent"
44,4326,"independent"
44,4327,"independent"
46,4328,"independent"
44,4329,"independent"
42,4330,"independent"
44,4331,"independent"
42,4332,"independent"
44,4333,"independent"
46,4334,"independent"
42,4335,"independent"
44,4336,"independent"
44,4337,"independent"
44,4338,"independent"
46,4339,"independent"
42,4340,"independent"
44,4341,"independent"
46,4342,"independent"
42,4343,"independent"
44,4344,"independent"
42,4345,"independent"
44,4346,"independent"
46,4347,"independent"
46,4348,"independent"
46,4349,"independent"
46,4350,"independent"
46,4351,"independent"
46,4352,"independent"
44,4353,"independent"
46,4354,"independent"
46,4355,"independent"
44,4356,"independent"
44,4357,"independent"
44,4358,"independent"
44,4359,"independent"
46,4360,"independent"
46,4361,"independent"
46,4362,"independent"
44,4363,"independent"
46,4364,"independent"
46,4365,"independent"
46,4366,"independent"
44,4367,"independent"
42,4368,"independent"
46,4369,"independent"
42,4370,"independent"
48,4371,"independent"
46,4372,"independent"
44,4373,"independent"
46,4374,"independent"
44,4375,"independent"
46,4376,"independent"
46,4377,"independent"
44,4378,"independent"
44,4379,"independent"
44,4380,"independent"
44,4381,"independent"
46,4382,"independent"
46,4383,"independent"
44,4384,"independent"
46,4385,"independent"
44,4386,"independent"
48,4387,"independent"
46,4388,"independent"
46,4389,"independent"
44,4390,"independent"
46,4391,"independent"
46,4392,"independent"
42,4393,"independent"
42,4394,"independent"
44,4395,"independent"
46,4396,"independent"
46,4397,"independent"
44,4398,"independent"
46,4399,"independent"
46,4400,"independent"
44,4401,"independent"
44,4402,"independent"
44,4403,"independent"
44,4404,"independent"
46,4405,"independent"
44,4406,"independent"
44,4407,"independent"
44,4408,"independent"
46,4409,"independent"
46,4410,"independent"
44,4411,"independent"
44,4412,"independent"
46,4413,"independent"
44,4414,"independent"
46,4415,"independent"
44,4416,"independent"
44,4417,"independent"
44,4418,"independent"
44,4419,"independent"
46,4420,"independent"
46,4421,"independent"
44,4422,"independent"
46,4423,"independent"
46,4424,"independent"
48,4425,"independent"
44,4426,"independent"
46,4427,"independent"
46,4428,"independent"
46,4429,"independent"
44,4430,"independent"
46,4431,"independent"
44,4432,"independent"
44,4433,"independent"
44,4434,"independent"
44,4435,"independent"
46,4436,"independent"
50,4437,"independent"
44,4438,"independent"
44,4439,"independent"
46,4440,"independent"
46,4441,"independent"
44,4442,"independent"
44,4443,"independent"
48,4444,"independent"
44,4445,"independent"
46,4446,"independent"
44,4447,"independent"
42,4448,"independent"
42,4449,"independent"
46,4450,"independent"
42,4451,"independent"
46,4452,"independent"
44,4453,"independent"
46,4454,"independent"
44,4455,"independent"
42,4456,"independent"
46,4457,"independent"
46,4458,"independent"
44,4459,"independent"
46,4460,"independent"
44,4461,"independent"
46,4462,"independent"
44,4463,"independent"
42,4464,"independent"
44,4465,"independent"
44,4466,"independent"
42,4467,"independent"
46,4468,"independent"
46,4469,"independent"
44,4470,"independent"
44,4471,"independent"
46,4472,"independent"
46,4473,"independent"
44,4474,"independent"
44,4475,"independent"
44,4476,"independent"
44,4477,"independent"
42,4478,"independent"
44,4479,"independent"
44,4480,"independent"
44,4481,"independent"
46,4482,"independent"
46,4483,"independent"
46,4484,"independent"
46,4485,"independent"
44,4486,"independent"
46,4487,"independent"
44,4488,"independent"
46,4489,"independent"
46,4490,"independent"
46,4491,"independent"
46,4492,"independent"
46,4493,"independent"
44,4494,"independent"
46,4495,"independent"
46,4496,"independent"
44,4497,"independent"
46,4498,"independent"
44,4499,"independent"
46,4500,"independent"
44,4501,"independent"
44,4502,"independent"
44,4503,"independent"
44,4504,"independent"
46,4505,"independent"
46,4506,"independent"
46,4507,"independent"
46,4508,"independent"
42,4509,"independent"
42,4510,"independent"
44,4511,"independent"
44,4512,"independent"
46,4513,"independent"
46,4514,"independent"
44,4515,"independent"
44,4516,"independent"
44,4517,"independent"
44,4518,"independent"
44,4519,"independent"
46,4520,"independent"
46,4521,"independent"
44,4522,"independent"
46,4523,"independent"
46,4524,"independent"
44,4525,"independent"
46,4526,"independent"
44,4527,"independent"
46,4528,"independent"
44,4529,"independent"
46,4530,"independent"
42,4531,"independent"
42,4532,"independent"
46,4533,"independent"
46,4534,"independent"
46,4535,"independent"
46,4536,"independent"
46,4537,"independent"
44,4538,"independent"
44,4539,"independent"
46,4540,"independent"
46,4541,"independent"
46,4542,"independent"
46,4543,"independent"
44,4544,"independent"
46,4545,"independent"
44,4546,"independent"
44,4547,"independent"
44,4548,"independent"
46,4549,"independent"
42,4550,"independent"
44,4551,"independent"
46,4552,"independent"
46,4553,"independent"
46,4554,"independent"
44,4555,"independent"
46,4556,"independent"
46,4557,"independent"
46,4558,"independent"
46,4559,"independent"
46,4560,"independent"
46,4561,"independent"
44,4562,"independent"
46,4563,"independent"
46,4564,"independent"
48,4565,"independent"
44,4566,"independent"
46,4567,"independent"
44,4568,"independent"
48,4569,"independent"
46,4570,"independent"
44,4571,"independent"
44,4572,"independent"
46,4573,"independent"
46,4574,"independent"
46,4575,"independent"
44,4576,"independent"
46,4577,"independent"
44,4578,"independent"
44,4579,"independent"
44,4580,"independent"
44,4581,"independent"
46,4582,"independent"
44,4583,"independent"
44,4584,"independent"
44,4585,"independent"
44,4586,"independent"
44,4587,"independent"
42,4588,"independent"
46,4589,"independent"
46,4590,"independent"
46,4591,"independent"
42,4592,"independent"
44,4593,"independent"
44,4594,"independent"
44,4595,"independent"
44,4596,"independent"
44,4597,"independent"
48,4598,"independent"
46,4599,"independent"
42,4600,"independent"
44,4601,"independent"
46,4602,"independent"
42,4603,"independent"
44,4604,"independent"
46,4605,"independent"
44,4606,"independent"
46,4607,"independent"
44,4608,"independent"
44,4609,"independent"
44,4610,"independent"
46,4611,"independent"
46,4612,"independent"
46,4613,"independent"
46,4614,"independent"
46,4615,"independent"
44,4616,"independent"
44,4617,"independent"
44,4618,"independent"
44,4619,"independent"
44,4620,"independent"
46,4621,"independent"
46,4622,"independent"
46,4623,"independent"
46,4624,"independent"
46,4625,"independent"
46,4626,"independent"
44,4627,"independent"
44,4628,"independent"
46,4629,"independent"
46,4630,"independent"
46,4631,"independent"
44,4632,"independent"
44,4633,"independent"
44,4634,"independent"
46,4635,"independent"
46,4636,"independent"
44,4637,"independent"
46,4638,"independent"
46,4639,"independent"
46,4640,"independent"
46,4641,"independent"
46,4642,"independent"
46,4643,"independent"
44,4644,"independent"
44,4645,"independent"
48,4646,"independent"
46,4647,"independent"
42,4648,"independent"
46,4649,"independent"
42,4650,"independent"
46,4651,"independent"
44,4652,"independent"
44,4653,"independent"
44,4654,"independent"
46,4655,"independent"
44,4656,"independent"
44,4657,"independent"
44,4658,"independent"
46,4659,"independent"
44,4660,"independent"
46,4661,"independent"
44,4662,"independent"
42,4663,"independent"
44,4664,"independent"
44,4665,"independent"
46,4666,"independent"
46,4667,"independent"
48,4668,"independent"
46,4669,"independent"
44,4670,"independent"
46,4671,"independent"
46,4672,"independent"
46,4673,"independent"
44,4674,"independent"
48,4675,"independent"
46,4676,"independent"
44,4677,"independent"
44,4678,"independent"
42,4679,"independent"
48,4680,"independent"
44,4681,"independent"
44,4682,"independent"
44,4683,"independent"
46,4684,"independent"
46,4685,"independent"
44,4686,"independent"
44,4687,"independent"
46,4688,"independent"
44,4689,"independent"
44,4690,"independent"
46,4691,"independent"
44,4692,"independent"
44,4693,"independent"
46,4694,"independent"
46,4695,"independent"
46,4696,"independent"
42,4697,"independent"
44,4698,"independent"
46,4699,"independent"
46,4700,"independent"
46,4701,"independent"
46,4702,"independent"
48,4703,"independent"
44,4704,"independent"
42,4705,"independent"
44,4706,"independent"
46,4707,"independent"
44,4708,"independent"
46,4709,"independent"
48,4710,"independent"
46,4711,"independent"
46,4712,"independent"
44,4713,"independent"
44,4714,"independent"
46,4715,"independent"
46,4716,"independent"
44,4717,"independent"
44,4718,"independent"
44,4719,"independent"
46,4720,"independent"
44,4721,"independent"
44,4722,"independent"
44,4723,"independent"
42,4724,"independent"
46,4725,"independent"
46,4726,"independent"
48,4727,"independent"
44,4728,"independent"
46,4729,"independent"
44,4730,"independent"
42,4731,"independent"
46,4732,"independent"
46,4733,"independent"
48,4734,"independent"
46,4735,"independent"
46,4736,"independent"
44,4737,"independent"
44,4738,"independent"
48,4739,"independent"
42,4740,"independent"
44,4741,"independent"
46,4742,"independent"
46,4743,"independent"
44,4744,"independent"
42,4745,"independent"
46,4746,"independent"
44,4747,"independent"
44,4748,"independent"
44,4749,"independent"
44,4750,"independent"
44,4751,"independent"
46,4752,"independent"
46,4753,"independent"
44,4754,"independent"
44,4755,"independent"
46,4756,"independent"
46,4757,"independent"
44,4758,"independent"
46,4759,"independent"
48,4760,"independent"
44,4761,"independent"
42,4762,"independent"
46,4763,"independent"
46,4764,"independent"
46,4765,"independent"
46,4766,"independent"
46,4767,"independent"
42,4768,"independent"
44,4769,"independent"
44,4770,"independent"
44,4771,"independent"
42,4772,"independent"
44,4773,"independent"
44,4774,"independent"
42,4775,"independent"
44,4776,"independent"
44,4777,"independent"
42,4778,"independent"
42,4779,"independent"
44,4780,"independent"
46,4781,"independent"
46,4782,"independent"
46,4783,"independent"
42,4784,"independent"
46,4785,"independent"
46,4786,"independent"
46,4787,"independent"
42,4788,"independent"
42,4789,"independent"
42,4790,"independent"
44,4791,"independent"
46,4792,"independent"
44,4793,"independent"
46,4794,"independent"
42,4795,"independent"
44,4796,"independent"
46,4797,"independent"
44,4798,"independent"
44,4799,"independent"
44,4800,"independent"
46,4801,"independent"
46,4802,"independent"
46,4803,"independent"
44,4804,"independent"
46,4805,"independent"
46,4806,"independent"
44,4807,"independent"
44,4808,"independent"
46,4809,"independent"
42,4810,"independent"
44,4811,"independent"
44,4812,"independent"
46,4813,"independent"
46,4814,"independent"
46,4815,"independent"
44,4816,"independent"
44,4817,"independent"
46,4818,"independent"
46,4819,"independent"
46,4820,"independent"
46,4821,"independent"
42,4822,"independent"
46,4823,"independent"
42,4824,"independent"
46,4825,"independent"
46,4826,"independent"
44,4827,"independent"
44,4828,"independent"
42,4829,"independent"
44,4830,"independent"
44,4831,"independent"
42,4832,"independent"
44,4833,"independent"
46,4834,"independent"
44,4835,"independent"
46,4836,"independent"
46,4837,"independent"
46,4838,"independent"
46,4839,"independent"
46,4840,"independent"
44,4841,"independent"
42,4842,"independent"
44,4843,"independent"
44,4844,"independent"
46,4845,"independent"
44,4846,"independent"
46,4847,"independent"
44,4848,"independent"
44,4849,"independent"
44,4850,"independent"
44,4851,"independent"
44,4852,"independent"
46,4853,"independent"
46,4854,"independent"
46,4855,"independent"
42,4856,"independent"
44,4857,"independent"
46,4858,"independent"
48,4859,"independent"
46,4860,"independent"
42,4861,"independent"
46,4862,"independent"
42,4863,"independent"
44,4864,"independent"
44,4865,"independent"
46,4866,"independent"
46,4867,"independent"
44,4868,"independent"
46,4869,"independent"
44,4870,"independent"
46,4871,"independent"
44,4872,"independent"
44,4873,"independent"
44,4874,"independent"
46,4875,"independent"
48,4876,"independent"
48,4877,"independent"
42,4878,"independent"
44,4879,"independent"
42,4880,"independent"
44,4881,"independent"
44,4882,"independent"
44,4883,"independent"
44,4884,"independent"
44,4885,"independent"
44,4886,"independent"
42,4887,"independent"
46,4888,"independent"
44,4889,"independent"
42,4890,"independent"
44,4891,"independent"
44,4892,"independent"
42,4893,"independent"
44,4894,"independent"
46,4895,"independent"
42,4896,"independent"
46,4897,"independent"
44,4898,"independent"
44,4899,"independent"
44,4900,"independent"
44,4901,"independent"
44,4902,"independent"
44,4903,"independent"
44,4904,"independent"
46,4905,"independent"
44,4906,"independent"
46,4907,"independent"
46,4908,"independent"
46,4909,"independent"
44,4910,"independent"
44,4911,"independent"
44,4912,"independent"
44,4913,"independent"
44,4914,"independent"
44,4915,"independent"
46,4916,"independent"
44,4917,"independent"
44,4918,"independent"
46,4919,"independent"
44,4920,"independent"
44,4921,"independent"
44,4922,"independent"
46,4923,"independent"
44,4924,"independent"
48,4925,"independent"
44,4926,"independent"
42,4927,"independent"
46,4928,"independent"
44,4929,"independent"
44,4930,"independent"
44,4931,"independent"
44,4932,"independent"
46,4933,"independent"
46,4934,"independent"
42,4935,"independent"
42,4936,"independent"
42,4937,"independent"
44,4938,"independent"
42,4939,"independent"
44,4940,"independent"
46,4941,"independent"
46,4942,"independent"
46,4943,"independent"
46,4944,"independent"
46,4945,"independent"
46,4946,"independent"
46,4947,"independent"
46,4948,"independent"
46,4949,"independent"
46,4950,"independent"
44,4951,"independent"
44,4952,"independent"
46,4953,"independent"
44,4954,"independent"
46,4955,"independent"
44,4956,"independent"
44,4957,"independent"
44,4958,"independent"
46,4959,"independent"
44,4960,"independent"
42,4961,"independent"
42,4962,"independent"
46,4963,"independent"
46,4964,"independent"
46,4965,"independent"
44,4966,"independent"
46,4967,"independent"
44,4968,"independent"
44,4969,"independent"
44,4970,"independent"
46,4971,"independent"
44,4972,"independent"
42,4973,"independent"
42,4974,"independent"
44,4975,"independent"
44,4976,"independent"
44,4977,"independent"
44,4978,"independent"
42,4979,"independent"
44,4980,"independent"
46,4981,"independent"
44,4982,"independent"
46,4983,"independent"
44,4984,"independent"
44,4985,"independent"
46,4986,"independent"
44,4987,"independent"
46,4988,"independent"
46,4989,"independent"
46,4990,"independent"
46,4991,"independent"
44,4992,"independent"
44,4993,"independent"
46,4994,"independent"
46,4995,"independent"
44,4996,"independent"
44,4997,"independent"
44,4998,"independent"
42,4999,"independent"
46,5000,"independent"
46,5001,"independent"
44,5002,"independent"
46,5003,"independent"
44,5004,"independent"
44,5005,"independent"
46,5006,"independent"
42,5007,"independent"
44,5008,"independent"
44,5009,"independent"
42,5010,"independent"
46,5011,"independent"
44,5012,"independent"
44,5013,"independent"
42,5014,"independent"
46,5015,"independent"
42,5016,"independent"
46,5017,"independent"
44,5018,"independent"
44,5019,"independent"
44,5020,"independent"
46,5021,"independent"
44,5022,"independent"
46,5023,"independent"
42,5024,"independent"
46,5025,"independent"
46,5026,"independent"
44,5027,"independent"
46,5028,"independent"
44,5029,"independent"
44,5030,"independent"
44,5031,"independent"
46,5032,"independent"
48,5033,"independent"
44,5034,"independent"
44,5035,"independent"
42,5036,"independent"
44,5037,"independent"
48,5038,"independent"
46,5039,"independent"
46,5040,"independent"
46,5041,"independent"
44,5042,"independent"
44,5043,"independent"
46,5044,"independent"
44,5045,"independent"
42,5046,"independent"
44,5047,"independent"
44,5048,"independent"
42,5049,"independent"
46,5050,"independent"
44,5051,"independent"
46,5052,"independent"
46,5053,"independent"
44,5054,"independent"
46,5055,"independent"
42,5056,"independent"
46,5057,"independent"
44,5058,"independent"
44,5059,"independent"
44,5060,"independent"
44,5061,"independent"
44,5062,"independent"
44,5063,"independent"
44,5064,"independent"
44,5065,"independent"
46,5066,"independent"
44,5067,"independent"
44,5068,"independent"
42,5069,"independent"
42,5070,"independent"
44,5071,"independent"
44,5072,"independent"
42,5073,"independent"
46,5074,"independent"
44,5075,"independent"
42,5076,"independent"
46,5077,"independent"
46,5078,"independent"
44,5079,"independent"
46,5080,"independent"
46,5081,"independent"
46,5082,"independent"
44,5083,"independent"
46,5084,"independent"
44,5085,"independent"
44,5086,"independent"
44,5087,"independent"
46,5088,"independent"
46,5089,"independent"
48,5090,"independent"
44,5091,"independent"
44,5092,"independent"
46,5093,"independent"
44,5094,"independent"
44,5095,"independent"
44,5096,"independent"
44,5097,"independent"
42,5098,"independent"
44,5099,"independent"
44,5100,"independent"
42,5101,"independent"
46,5102,"independent"
46,5103,"independent"
44,5104,"independent"
46,5105,"independent"
44,5106,"independent"
44,5107,"independent"
44,5108,"independent"
44,5109,"independent"
44,5110,"independent"
44,5111,"independent"
44,5112,"independent"
44,5113,"independent"
44,5114,"independent"
46,5115,"independent"
46,5116,"independent"
42,5117,"independent"
44,5118,"independent"
44,5119,"independent"
46,5120,"independent"
44,5121,"independent"
44,5122,"independent"
44,5123,"independent"
46,5124,"independent"
44,5125,"independent"
44,5126,"independent"
46,5127,"independent"
44,5128,"independent"
46,5129,"independent"
44,5130,"independent"
46,5131,"independent"
44,5132,"independent"
46,5133,"independent"
42,5134,"independent"
42,5135,"independent"
44,5136,"independent"
46,5137,"independent"
46,5138,"independent"
48,5139,"independent"
44,5140,"independent"
42,5141,"independent"
44,5142,"independent"
44,5143,"independent"
44,5144,"independent"
44,5145,"independent"
46,5146,"independent"
44,5147,"independent"
46,5148,"independent"
46,5149,"independent"
44,5150,"independent"
44,5151,"independent"
44,5152,"independent"
46,5153,"independent"
44,5154,"independent"
46,5155,"independent"
44,5156,"independent"
44,5157,"independent"
44,5158,"independent"
44,5159,"independent"
44,5160,"independent"
44,5161,"independent"
44,5162,"independent"
44,5163,"independent"
46,5164,"independent"
46,5165,"independent"
44,5166,"independent"
44,5167,"independent"
42,5168,"independent"
46,5169,"independent"
44,5170,"independent"
46,5171,"independent"
46,5172,"independent"
46,5173,"independent"
46,5174,"independent"
44,5175,"independent"
44,5176,"independent"
42,5177,"independent"
44,5178,"independent"
44,5179,"independent"
44,5180,"independent"
46,5181,"independent"
44,5182,"independent"
48,5183,"independent"
46,5184,"independent"
46,5185,"independent"
44,5186,"independent"
46,5187,"independent"
44,5188,"independent"
46,5189,"independent"
46,5190,"independent"
46,5191,"independent"
46,5192,"independent"
44,5193,"independent"
44,5194,"independent"
44,5195,"independent"
46,5196,"independent"
46,5197,"independent"
46,5198,"independent"
42,5199,"independent"
44,5200,"independent"
46,5201,"independent"
44,5202,"independent"
42,5203,"independent"
44,5204,"independent"
46,5205,"independent"
44,5206,"independent"
46,5207,"independent"
44,5208,"independent"
44,5209,"independent"
46,5210,"independent"
46,5211,"independent"
46,5212,"independent"
44,5213,"independent"
46,5214,"independent"
46,5215,"independent"
44,5216,"independent"
46,5217,"independent"
46,5218,"independent"
46,5219,"independent"
42,5220,"independent"
44,5221,"independent"
42,5222,"independent"
42,5223,"independent"
44,5224,"independent"
44,5225,"independent"
44,5226,"independent"
44,5227,"independent"
46,5228,"independent"
46,5229,"independent"
46,5230,"independent"
44,5231,"independent"
46,5232,"independent"
46,5233,"independent"
44,5234,"independent"
42,5235,"independent"
44,5236,"independent"
42,5237,"independent"
44,5238,"independent"
46,5239,"independent"
46,5240,"independent"
46,5241,"independent"
44,5242,"independent"
44,5243,"independent"
44,5244,"independent"
44,5245,"independent"
46,5246,"independent"
46,5247,"independent"
46,5248,"independent"
46,5249,"independent"
44,5250,"independent"
44,5251,"independent"
46,5252,"independent"
44,5253,"independent"
44,5254,"independent"
44,5255,"independent"
42,5256,"independent"
44,5257,"independent"
44,5258,"independent"
44,5259,"independent"
44,5260,"independent"
44,5261,"independent"
44,5262,"independent"
44,5263,"independent"
46,5264,"independent"
46,5265,"independent"
46,5266,"independent"
46,5267,"independent"
42,5268,"independent"
44,5269,"independent"
44,5270,"independent"
46,5271,"independent"
46,5272,"independent"
46,5273,"independent"
44,5274,"independent"
44,5275,"independent"
44,5276,"independent"
46,5277,"independent"
44,5278,"independent"
44,5279,"independent"
44,5280,"independent"
46,5281,"independent"
42,5282,"independent"
42,5283,"independent"
42,5284,"independent"
44,5285,"independent"
44,5286,"independent"
44,5287,"independent"
44,5288,"independent"
44,5289,"independent"
46,5290,"independent"
46,5291,"independent"
46,5292,"independent"
44,5293,"independent"
46,5294,"independent"
46,5295,"independent"
42,5296,"independent"
44,5297,"independent"
46,5298,"independent"
44,5299,"independent"
44,5300,"independent"
44,5301,"independent"
44,5302,"independent"
44,5303,"independent"
44,5304,"independent"
44,5305,"independent"
44,5306,"independent"
44,5307,"independent"
42,5308,"independent"
44,5309,"independent"
44,5310,"independent"
46,5311,"independent"
44,5312,"independent"
44,5313,"independent"
44,5314,"independent"
46,5315,"independent"
44,5316,"independent"
46,5317,"independent"
46,5318,"independent"
44,5319,"independent"
44,5320,"independent"
46,5321,"independent"
46,5322,"independent"
44,5323,"independent"
44,5324,"independent"
46,5325,"independent"
48,5326,"independent"
44,5327,"independent"
46,5328,"independent"
44,5329,"independent"
46,5330,"independent"
48,5331,"independent"
48,5332,"independent"
46,5333,"independent"
46,5334,"independent"
46,5335,"independent"
46,5336,"independent"
46,5337,"independent"
48,5338,"independent"
44,5339,"independent"
46,5340,"independent"
42,5341,"independent"
44,5342,"independent"
46,5343,"independent"
46,5344,"independent"
46,5345,"independent"
42,5346,"independent"
44,5347,"independent"
44,5348,"independent"
42,5349,"independent"
46,5350,"independent"
46,5351,"independent"
46,5352,"independent"
44,5353,"independent"
46,5354,"independent"
46,5355,"independent"
46,5356,"independent"
44,5357,"independent"
46,5358,"independent"
46,5359,"independent"
46,5360,"independent"
44,5361,"independent"
44,5362,"independent"
46,5363,"independent"
44,5364,"independent"
46,5365,"independent"
44,5366,"independent"
44,5367,"independent"
46,5368,"independent"
46,5369,"independent"
44,5370,"independent"
44,5371,"independent"
46,5372,"independent"
44,5373,"independent"
44,5374,"independent"
44,5375,"independent"
44,5376,"independent"
44,5377,"independent"
46,5378,"independent"
46,5379,"independent"
46,5380,"independent"
46,5381,"independent"
44,5382,"independent"
44,5383,"independent"
44,5384,"independent"
46,5385,"independent"
42,5386,"independent"
46,5387,"independent"
46,5388,"independent"
44,5389,"independent"
46,5390,"independent"
46,5391,"independent"
44,5392,"independent"
46,5393,"independent"
44,5394,"independent"
44,5395,"independent"
44,5396,"independent"
44,5397,"independent"
46,5398,"independent"
46,5399,"independent"
44,5400,"independent"
48,5401,"independent"
44,5402,"independent"
46,5403,"independent"
46,5404,"independent"
44,5405,"independent"
44,5406,"independent"
46,5407,"independent"
42,5408,"independent"
48,5409,"independent"
44,5410,"independent"
44,5411,"independent"
44,5412,"independent"
46,5413,"independent"
46,5414,"independent"
42,5415,"independent"
46,5416,"independent"
44,5417,"independent"
46,5418,"independent"
44,5419,"independent"
44,5420,"independent"
46,5421,"independent"
44,5422,"independent"
44,5423,"independent"
44,5424,"independent"
44,5425,"independent"
46,5426,"independent"
44,5427,"independent"
44,5428,"independent"
44,5429,"independent"
46,5430,"independent"
46,5431,"independent"
46,5432,"independent"
46,5433,"independent"
46,5434,"independent"
46,5435,"independent"
46,5436,"independent"
46,5437,"independent"
42,5438,"independent"
46,5439,"independent"
46,5440,"independent"
44,5441,"independent"
46,5442,"independent"
46,5443,"independent"
48,5444,"independent"
44,5445,"independent"
44,5446,"independent"
44,5447,"independent"
44,5448,"independent"
44,5449,"independent"
46,5450,"independent"
42,5451,"independent"
46,5452,"independent"
44,5453,"independent"
46,5454,"independent"
44,5455,"independent"
42,5456,"independent"
46,5457,"independent"
46,5458,"independent"
46,5459,"independent"
42,5460,"independent"
42,5461,"independent"
44,5462,"independent"
46,5463,"independent"
44,5464,"independent"
44,5465,"independent"
46,5466,"independent"
44,5467,"independent"
42,5468,"independent"
44,5469,"independent"
44,5470,"independent"
44,5471,"independent"
44,5472,"independent"
42,5473,"independent"
46,5474,"independent"
46,5475,"independent"
42,5476,"independent"
44,5477,"independent"
46,5478,"independent"
44,5479,"independent"
44,5480,"independent"
46,5481,"independent"
44,5482,"independent"
44,5483,"independent"
46,5484,"independent"
46,5485,"independent"
44,5486,"independent"
44,5487,"independent"
46,5488,"independent"
44,5489,"independent"
46,5490,"independent"
44,5491,"independent"
46,5492,"independent"
46,5493,"independent"
46,5494,"independent"
46,5495,"independent"
44,5496,"independent"
44,5497,"independent"
46,5498,"independent"
46,5499,"independent"
46,5500,"independent"
42,5501,"independent"
44,5502,"independent"
44,5503,"independent"
42,5504,"independent"
44,5505,"independent"
46,5506,"independent"
44,5507,"independent"
42,5508,"independent"
44,5509,"independent"
46,5510,"independent"
46,5511,"independent"
46,5512,"independent"
44,5513,"independent"
44,5514,"independent"
46,5515,"independent"
44,5516,"independent"
46,5517,"independent"
46,5518,"independent"
44,5519,"independent"
46,5520,"independent"
46,5521,"independent"
44,5522,"independent"
44,5523,"independent"
48,5524,"independent"
46,5525,"independent"
44,5526,"independent"
44,5527,"independent"
44,5528,"independent"
44,5529,"independent"
46,5530,"independent"
44,5531,"independent"
46,5532,"independent"
42,5533,"independent"
44,5534,"independent"
46,5535,"independent"
42,5536,"independent"
44,5537,"independent"
46,5538,"independent"
42,5539,"independent"
46,5540,"independent"
46,5541,"independent"
44,5542,"independent"
44,5543,"independent"
46,5544,"independent"
44,5545,"independent"
44,5546,"independent"
46,5547,"independent"
44,5548,"independent"
46,5549,"independent"
48,5550,"independent"
44,5551,"independent"
46,5552,"independent"
44,5553,"independent"
46,5554,"independent"
44,5555,"independent"
44,5556,"independent"
44,5557,"independent"
46,5558,"independent"
46,5559,"independent"
44,5560,"independent"
44,5561,"independent"
44,5562,"independent"
44,5563,"independent"
44,5564,"independent"
44,5565,"independent"
42,5566,"independent"
42,5567,"independent"
46,5568,"independent"
46,5569,"independent"
46,5570,"independent"
42,5571,"independent"
44,5572,"independent"
44,5573,"independent"
48,5574,"independent"
46,5575,"independent"
44,5576,"independent"
46,5577,"independent"
46,5578,"independent"
44,5579,"independent"
42,5580,"independent"
46,5581,"independent"
44,5582,"independent"
46,5583,"independent"
44,5584,"independent"
44,5585,"independent"
46,5586,"independent"
44,5587,"independent"
44,5588,"independent"
46,5589,"independent"
46,5590,"independent"
44,5591,"independent"
46,5592,"independent"
44,5593,"independent"
44,5594,"independent"
46,5595,"independent"
48,5596,"independent"
42,5597,"independent"
46,5598,"independent"
42,5599,"independent"
46,5600,"independent"
46,5601,"independent"
44,5602,"independent"
42,5603,"independent"
46,5604,"independent"
44,5605,"independent"
44,5606,"independent"
44,5607,"independent"
46,5608,"independent"
46,5609,"independent"
44,5610,"independent"
46,5611,"independent"
44,5612,"independent"
46,5613,"independent"
42,5614,"independent"
44,5615,"independent"
44,5616,"independent"
42,5617,"independent"
44,5618,"independent"
46,5619,"independent"
46,5620,"independent"
46,5621,"independent"
46,5622,"independent"
44,5623,"independent"
42,5624,"independent"
46,5625,"independent"
46,5626,"independent"
46,5627,"independent"
44,5628,"independent"
46,5629,"independent"
44,5630,"independent"
44,5631,"independent"
46,5632,"independent"
44,5633,"independent"
44,5634,"independent"
46,5635,"independent"
46,5636,"independent"
46,5637,"independent"
46,5638,"independent"
46,5639,"independent"
42,5640,"independent"
46,5641,"independent"
44,5642,"independent"
44,5643,"independent"
46,5644,"independent"
44,5645,"independent"
46,5646,"independent"
44,5647,"independent"
46,5648,"independent"
46,5649,"independent"
44,5650,"independent"
46,5651,"independent"
42,5652,"independent"
46,5653,"independent"
44,5654,"independent"
46,5655,"independent"
46,5656,"independent"
46,5657,"independent"
46,5658,"independent"
44,5659,"independent"
44,5660,"independent"
46,5661,"independent"
46,5662,"independent"
42,5663,"independent"
46,5664,"independent"
44,5665,"independent"
42,5666,"independent"
44,5667,"independent"
44,5668,"independent"
44,5669,"independent"
46,5670,"independent"
44,5671,"independent"
44,5672,"independent"
42,5673,"independent"
42,5674,"independent"
46,5675,"independent"
46,5676,"independent"
42,5677,"independent"
44,5678,"independent"
44,5679,"independent"
46,5680,"independent"
46,5681,"independent"
42,5682,"independent"
44,5683,"independent"
44,5684,"independent"
44,5685,"independent"
46,5686,"independent"
44,5687,"independent"
42,5688,"independent"
44,5689,"independent"
44,5690,"independent"
44,5691,"independent"
42,5692,"independent"
44,5693,"independent"
44,5694,"independent"
46,5695,"independent"
46,5696,"independent"
46,5697,"independent"
46,5698,"independent"
46,5699,"independent"
46,5700,"independent"
44,5701,"independent"
44,5702,"independent"
46,5703,"independent"
44,5704,"independent"
46,5705,"independent"
44,5706,"independent"
44,5707,"independent"
44,5708,"independent"
44,5709,"independent"
44,5710,"independent"
44,5711,"independent"
46,5712,"independent"
46,5713,"independent"
44,5714,"independent"
42,5715,"independent"
44,5716,"independent"
44,5717,"independent"
42,5718,"independent"
44,5719,"independent"
42,5720,"independent"
46,5721,"independent"
46,5722,"independent"
46,5723,"independent"
42,5724,"independent"
44,5725,"independent"
46,5726,"independent"
46,5727,"independent"
46,5728,"independent"
42,5729,"independent"
46,5730,"independent"
48,5731,"independent"
46,5732,"independent"
44,5733,"independent"
44,5734,"independent"
44,5735,"independent"
46,5736,"independent"
46,5737,"independent"
46,5738,"independent"
44,5739,"independent"
46,5740,"independent"
44,5741,"independent"
44,5742,"independent"
46,5743,"independent"
46,5744,"independent"
44,5745,"independent"
46,5746,"independent"
46,5747,"independent"
46,5748,"independent"
44,5749,"independent"
44,5750,"independent"
46,5751,"independent"
46,5752,"independent"
48,5753,"independent"
44,5754,"independent"
44,5755,"independent"
46,5756,"independent"
42,5757,"independent"
44,5758,"independent"
44,5759,"independent"
44,5760,"independent"
46,5761,"independent"
44,5762,"independent"
44,5763,"independent"
46,5764,"independent"
46,5765,"independent"
46,5766,"independent"
44,5767,"independent"
44,5768,"independent"
46,5769,"independent"
46,5770,"independent"
44,5771,"independent"
46,5772,"independent"
44,5773,"independent"
44,5774,"independent"
44,5775,"independent"
44,5776,"independent"
44,5777,"independent"
44,5778,"independent"
44,5779,"independent"
46,5780,"independent"
46,5781,"independent"
46,5782,"independent"
46,5783,"independent"
46,5784,"independent"
46,5785,"independent"
44,5786,"independent"
44,5787,"independent"
46,5788,"independent"
46,5789,"independent"
44,5790,"independent"
42,5791,"independent"
44,5792,"independent"
44,5793,"independent"
44,5794,"independent"
46,5795,"independent"
46,5796,"independent"
46,5797,"independent"
46,5798,"independent"
46,5799,"independent"
46,5800,"independent"
46,5801,"independent"
44,5802,"independent"
46,5803,"independent"
46,5804,"independent"
46,5805,"independent"
44,5806,"independent"
46,5807,"independent"
48,5808,"independent"
44,5809,"independent"
46,5810,"independent"
46,5811,"independent"
46,5812,"independent"
44,5813,"independent"
42,5814,"independent"
44,5815,"independent"
44,5816,"independent"
42,5817,"independent"
42,5818,"independent"
44,5819,"independent"
46,5820,"independent"
44,5821,"independent"
44,5822,"independent"
44,5823,"independent"
44,5824,"independent"
44,5825,"independent"
42,5826,"independent"
44,5827,"independent"
44,5828,"independent"
44,5829,"independent"
48,5830,"independent"
44,5831,"independent"
46,5832,"independent"
44,5833,"independent"
44,5834,"independent"
44,5835,"independent"
46,5836,"independent"
46,5837,"independent"
44,5838,"independent"
44,5839,"independent"
44,5840,"independent"
46,5841,"independent"
48,5842,"independent"
44,5843,"independent"
42,5844,"independent"
44,5845,"independent"
44,5846,"independent"
44,5847,"independent"
46,5848,"independent"
42,5849,"independent"
44,5850,"independent"
46,5851,"independent"
46,5852,"independent"
44,5853,"independent"
44,5854,"independent"
46,5855,"independent"
46,5856,"independent"
46,5857,"independent"
46,5858,"independent"
44,5859,"independent"
46,5860,"independent"
44,5861,"independent"
42,5862,"independent"
44,5863,"independent"
46,5864,"independent"
44,5865,"independent"
46,5866,"independent"
44,5867,"independent"
44,5868,"independent"
44,5869,"independent"
44,5870,"independent"
46,5871,"independent"
44,5872,"independent"
48,5873,"independent"
46,5874,"independent"
42,5875,"independent"
44,5876,"independent"
44,5877,"independent"
44,5878,"independent"
44,5879,"independent"
46,5880,"independent"
48,5881,"independent"
44,5882,"independent"
46,5883,"independent"
44,5884,"independent"
42,5885,"independent"
44,5886,"independent"
44,5887,"independent"
44,5888,"independent"
44,5889,"independent"
44,5890,"independent"
46,5891,"independent"
42,5892,"independent"
44,5893,"independent"
44,5894,"independent"
46,5895,"independent"
46,5896,"independent"
46,5897,"independent"
44,5898,"independent"
46,5899,"independent"
44,5900,"independent"
44,5901,"independent"
44,5902,"independent"
46,5903,"independent"
42,5904,"independent"
44,5905,"independent"
46,5906,"independent"
46,5907,"independent"
46,5908,"independent"
42,5909,"independent"
44,5910,"independent"
46,5911,"independent"
46,5912,"independent"
44,5913,"independent"
42,5914,"independent"
46,5915,"independent"
48,5916,"independent"
44,5917,"independent"
46,5918,"independent"
44,5919,"independent"
44,5920,"independent"
44,5921,"independent"
46,5922,"independent"
44,5923,"independent"
44,5924,"independent"
44,5925,"independent"
44,5926,"independent"
42,5927,"independent"
42,5928,"independent"
46,5929,"independent"
46,5930,"independent"
46,5931,"independent"
44,5932,"independent"
42,5933,"independent"
46,5934,"independent"
44,5935,"independent"
46,5936,"independent"
46,5937,"independent"
44,5938,"independent"
46,5939,"independent"
44,5940,"independent"
44,5941,"independent"
44,5942,"independent"
46,5943,"independent"
46,5944,"independent"
44,5945,"independent"
44,5946,"independent"
44,5947,"independent"
44,5948,"independent"
46,5949,"independent"
46,5950,"independent"
46,5951,"independent"
46,5952,"independent"
42,5953,"independent"
44,5954,"independent"
44,5955,"independent"
46,5956,"independent"
44,5957,"independent"
46,5958,"independent"
44,5959,"independent"
46,5960,"independent"
46,5961,"independent"
44,5962,"independent"
46,5963,"independent"
46,5964,"independent"
48,5965,"independent"
46,5966,"independent"
46,5967,"independent"
46,5968,"independent"
46,5969,"independent"
46,5970,"independent"
46,5971,"independent"
48,5972,"independent"
46,5973,"independent"
44,5974,"independent"
46,5975,"independent"
46,5976,"independent"
44,5977,"independent"
46,5978,"independent"
46,5979,"independent"
44,5980,"independent"
44,5981,"independent"
44,5982,"independent"
44,5983,"independent"
44,5984,"independent"
44,5985,"independent"
46,5986,"independent"
44,5987,"independent"
44,5988,"independent"
44,5989,"independent"
44,5990,"independent"
42,5991,"independent"
44,5992,"independent"
44,5993,"independent"
42,5994,"independent"
44,5995,"independent"
46,5996,"independent"
42,5997,"independent"
44,5998,"independent"
46,5999,"independent"
46,6000,"independent"
46,6001,"independent"
44,6002,"independent"
44,6003,"independent"
46,6004,"independent"
46,6005,"independent"
44,6006,"independent"
44,6007,"independent"
46,6008,"independent"
46,6009,"independent"
46,6010,"independent"
44,6011,"independent"
42,6012,"independent"
46,6013,"independent"
46,6014,"independent"
46,6015,"independent"
42,6016,"independent"
42,6017,"independent"
44,6018,"independent"
42,6019,"independent"
46,6020,"independent"
46,6021,"independent"
46,6022,"independent"
44,6023,"independent"
46,6024,"independent"
44,6025,"independent"
44,6026,"independent"
46,6027,"independent"
42,6028,"independent"
46,6029,"independent"
46,6030,"independent"
48,6031,"independent"
44,6032,"independent"
46,6033,"independent"
44,6034,"independent"
44,6035,"independent"
46,6036,"independent"
46,6037,"independent"
46,6038,"independent"
42,6039,"independent"
44,6040,"independent"
46,6041,"independent"
46,6042,"independent"
44,6043,"independent"
46,6044,"independent"
46,6045,"independent"
44,6046,"independent"
46,6047,"independent"
46,6048,"independent"
44,6049,"independent"
44,6050,"independent"
46,6051,"independent"
44,6052,"independent"
44,6053,"independent"
44,6054,"independent"
46,6055,"independent"
42,6056,"independent"
42,6057,"independent"
42,6058,"independent"
44,6059,"independent"
44,6060,"independent"
42,6061,"independent"
46,6062,"independent"
46,6063,"independent"
44,6064,"independent"
46,6065,"independent"
44,6066,"independent"
44,6067,"independent"
46,6068,"independent"
44,6069,"independent"
44,6070,"independent"
44,6071,"independent"
44,6072,"independent"
44,6073,"independent"
46,6074,"independent"
44,6075,"independent"
46,6076,"independent"
44,6077,"independent"
44,6078,"independent"
44,6079,"independent"
44,6080,"independent"
44,6081,"independent"
44,6082,"independent"
42,6083,"independent"
46,6084,"independent"
46,6085,"independent"
42,6086,"independent"
42,6087,"independent"
44,6088,"independent"
44,6089,"independent"
44,6090,"independent"
44,6091,"independent"
46,6092,"independent"
46,6093,"independent"
46,6094,"independent"
46,6095,"independent"
46,6096,"independent"
46,6097,"independent"
44,6098,"independent"
46,6099,"independent"
42,6100,"independent"
44,6101,"independent"
46,6102,"independent"
44,6103,"independent"
44,6104,"independent"
44,6105,"independent"
46,6106,"independent"
46,6107,"independent"
44,6108,"independent"
42,6109,"independent"
44,6110,"independent"
42,6111,"independent"
44,6112,"independent"
46,6113,"independent"
42,6114,"independent"
44,6115,"independent"
44,6116,"independent"
42,6117,"independent"
44,6118,"independent"
44,6119,"independent"
42,6120,"independent"
44,6121,"independent"
46,6122,"independent"
44,6123,"independent"
44,6124,"independent"
44,6125,"independent"
44,6126,"independent"
44,6127,"independent"
46,6128,"independent"
46,6129,"independent"
42,6130,"independent"
44,6131,"independent"
46,6132,"independent"
44,6133,"independent"
46,6134,"independent"
46,6135,"independent"
46,6136,"independent"
46,6137,"independent"
44,6138,"independent"
46,6139,"independent"
44,6140,"independent"
46,6141,"independent"
46,6142,"independent"
46,6143,"independent"
44,6144,"independent"
44,6145,"independent"
44,6146,"independent"
46,6147,"independent"
44,6148,"independent"
44,6149,"independent"
44,6150,"independent"
46,6151,"independent"
44,6152,"independent"
44,6153,"independent"
44,6154,"independent"
44,6155,"independent"
42,6156,"independent"
44,6157,"independent"
44,6158,"independent"
44,6159,"independent"
46,6160,"independent"
50,6161,"independent"
46,6162,"independent"
44,6163,"independent"
44,6164,"independent"
46,6165,"independent"
46,6166,"independent"
46,6167,"independent"
46,6168,"independent"
46,6169,"independent"
44,6170,"independent"
46,6171,"independent"
44,6172,"independent"
46,6173,"independent"
46,6174,"independent"
44,6175,"independent"
44,6176,"independent"
44,6177,"independent"
44,6178,"independent"
44,6179,"independent"
42,6180,"independent"
42,6181,"independent"
46,6182,"independent"
42,6183,"independent"
46,6184,"independent"
46,6185,"independent"
44,6186,"independent"
44,6187,"independent"
44,6188,"independent"
42,6189,"independent"
46,6190,"independent"
44,6191,"independent"
46,6192,"independent"
44,6193,"independent"
44,6194,"independent"
46,6195,"independent"
44,6196,"independent"
44,6197,"independent"
42,6198,"independent"
42,6199,"independent"
46,6200,"independent"
46,6201,"independent"
46,6202,"independent"
44,6203,"independent"
46,6204,"independent"
44,6205,"independent"
44,6206,"independent"
44,6207,"independent"
46,6208,"independent"
44,6209,"independent"
46,6210,"independent"
46,6211,"independent"
44,6212,"independent"
46,6213,"independent"
44,6214,"independent"
46,6215,"independent"
46,6216,"independent"
46,6217,"independent"
46,6218,"independent"
44,6219,"independent"
42,6220,"independent"
48,6221,"independent"
44,6222,"independent"
46,6223,"independent"
46,6224,"independent"
44,6225,"independent"
46,6226,"independent"
46,6227,"independent"
44,6228,"independent"
46,6229,"independent"
42,6230,"independent"
44,6231,"independent"
44,6232,"independent"
46,6233,"independent"
46,6234,"independent"
42,6235,"independent"
44,6236,"independent"
46,6237,"independent"
46,6238,"independent"
42,6239,"independent"
42,6240,"independent"
44,6241,"independent"
46,6242,"independent"
44,6243,"independent"
46,6244,"independent"
48,6245,"independent"
44,6246,"independent"
46,6247,"independent"
46,6248,"independent"
42,6249,"independent"
44,6250,"independent"
44,6251,"independent"
48,6252,"independent"
46,6253,"independent"
46,6254,"independent"
46,6255,"independent"
46,6256,"independent"
46,6257,"independent"
44,6258,"independent"
44,6259,"independent"
44,6260,"independent"
44,6261,"independent"
42,6262,"independent"
46,6263,"independent"
46,6264,"independent"
44,6265,"independent"
46,6266,"independent"
46,6267,"independent"
44,6268,"independent"
44,6269,"independent"
48,6270,"independent"
44,6271,"independent"
44,6272,"independent"
44,6273,"independent"
44,6274,"independent"
46,6275,"independent"
46,6276,"independent"
44,6277,"independent"
44,6278,"independent"
44,6279,"independent"
46,6280,"independent"
44,6281,"independent"
44,6282,"independent"
46,6283,"independent"
46,6284,"independent"
46,6285,"independent"
44,6286,"independent"
46,6287,"independent"
46,6288,"independent"
44,6289,"independent"
46,6290,"independent"
46,6291,"independent"
44,6292,"independent"
44,6293,"independent"
44,6294,"independent"
44,6295,"independent"
44,6296,"independent"
44,6297,"independent"
44,6298,"independent"
46,6299,"independent"
46,6300,"independent"
44,6301,"independent"
46,6302,"independent"
44,6303,"independent"
44,6304,"independent"
46,6305,"independent"
44,6306,"independent"
46,6307,"independent"
44,6308,"independent"
46,6309,"independent"
46,6310,"independent"
42,6311,"independent"
46,6312,"independent"
44,6313,"independent"
44,6314,"independent"
44,6315,"independent"
44,6316,"independent"
44,6317,"independent"
46,6318,"independent"
46,6319,"independent"
46,6320,"independent"
44,6321,"independent"
46,6322,"independent"
44,6323,"independent"
44,6324,"independent"
44,6325,"independent"
46,6326,"independent"
44,6327,"independent"
46,6328,"independent"
46,6329,"independent"
44,6330,"independent"
44,6331,"independent"
44,6332,"independent"
44,6333,"independent"
44,6334,"independent"
44,6335,"independent"
44,6336,"independent"
46,6337,"independent"
44,6338,"independent"
42,6339,"independent"
46,6340,"independent"
46,6341,"independent"
44,6342,"independent"
44,6343,"independent"
46,6344,"independent"
48,6345,"independent"
42,6346,"independent"
46,6347,"independent"
42,6348,"independent"
46,6349,"independent"
42,6350,"independent"
44,6351,"independent"
46,6352,"independent"
44,6353,"independent"
46,6354,"independent"
44,6355,"independent"
42,6356,"independent"
46,6357,"independent"
44,6358,"independent"
44,6359,"independent"
44,6360,"independent"
44,6361,"independent"
44,6362,"independent"
46,6363,"independent"
46,6364,"independent"
46,6365,"independent"
44,6366,"independent"
46,6367,"independent"
46,6368,"independent"
42,6369,"independent"
44,6370,"independent"
44,6371,"independent"
44,6372,"independent"
42,6373,"independent"
46,6374,"independent"
46,6375,"independent"
42,6376,"independent"
42,6377,"independent"
42,6378,"independent"
44,6379,"independent"
42,6380,"independent"
42,6381,"independent"
46,6382,"independent"
46,6383,"independent"
46,6384,"independent"
42,6385,"independent"
44,6386,"independent"
46,6387,"independent"
42,6388,"independent"
44,6389,"independent"
46,6390,"independent"
44,6391,"independent"
44,6392,"independent"
46,6393,"independent"
44,6394,"independent"
46,6395,"independent"
42,6396,"independent"
46,6397,"independent"
42,6398,"independent"
44,6399,"independent"
46,6400,"independent"
46,6401,"independent"
48,6402,"independent"
44,6403,"independent"
46,6404,"independent"
46,6405,"independent"
44,6406,"independent"
44,6407,"independent"
46,6408,"independent"
44,6409,"independent"
46,6410,"independent"
42,6411,"independent"
44,6412,"independent"
42,6413,"independent"
42,6414,"independent"
46,6415,"independent"
44,6416,"independent"
44,6417,"independent"
44,6418,"independent"
44,6419,"independent"
46,6420,"independent"
46,6421,"independent"
44,6422,"independent"
46,6423,"independent"
44,6424,"independent"
46,6425,"independent"
44,6426,"independent"
42,6427,"independent"
44,6428,"independent"
46,6429,"independent"
42,6430,"independent"
46,6431,"independent"
46,6432,"independent"
46,6433,"independent"
44,6434,"independent"
44,6435,"independent"
42,6436,"independent"
46,6437,"independent"
46,6438,"independent"
46,6439,"independent"
44,6440,"independent"
44,6441,"independent"
44,6442,"independent"
42,6443,"independent"
44,6444,"independent"
46,6445,"independent"
44,6446,"independent"
46,6447,"independent"
44,6448,"independent"
44,6449,"independent"
46,6450,"independent"
46,6451,"independent"
44,6452,"independent"
46,6453,"independent"
46,6454,"independent"
44,6455,"independent"
46,6456,"independent"
44,6457,"independent"
42,6458,"independent"
44,6459,"independent"
44,6460,"independent"
42,6461,"independent"
44,6462,"independent"
44,6463,"independent"
44,6464,"independent"
44,6465,"independent"
44,6466,"independent"
46,6467,"independent"
42,6468,"independent"
44,6469,"independent"
44,6470,"independent"
44,6471,"independent"
44,6472,"independent"
44,6473,"independent"
44,6474,"independent"
44,6475,"independent"
44,6476,"independent"
44,6477,"independent"
44,6478,"independent"
46,6479,"independent"
42,6480,"independent"
44,6481,"independent"
42,6482,"independent"
46,6483,"independent"
44,6484,"independent"
46,6485,"independent"
44,6486,"independent"
42,6487,"independent"
46,6488,"independent"
44,6489,"independent"
46,6490,"independent"
44,6491,"independent"
44,6492,"independent"
44,6493,"independent"
42,6494,"independent"
46,6495,"independent"
44,6496,"independent"
42,6497,"independent"
44,6498,"independent"
46,6499,"independent"
46,6500,"independent"
46,6501,"independent"
44,6502,"independent"
44,6503,"independent"
46,6504,"independent"
44,6505,"independent"
46,6506,"independent"
46,6507,"independent"
46,6508,"independent"
46,6509,"independent"
44,6510,"independent"
44,6511,"independent"
44,6512,"independent"
46,6513,"independent"
46,6514,"independent"
46,6515,"independent"
46,6516,"independent"
44,6517,"independent"
46,6518,"independent"
42,6519,"independent"
44,6520,"independent"
44,6521,"independent"
46,6522,"independent"
46,6523,"independent"
44,6524,"independent"
44,6525,"independent"
44,6526,"independent"
44,6527,"independent"
46,6528,"independent"
44,6529,"independent"
46,6530,"independent"
44,6531,"independent"
46,6532,"independent"
46,6533,"independent"
48,6534,"independent"
46,6535,"independent"
46,6536,"independent"
44,6537,"independent"
46,6538,"independent"
46,6539,"independent"
44,6540,"independent"
46,6541,"independent"
46,6542,"independent"
46,6543,"independent"
46,6544,"independent"
46,6545,"independent"
44,6546,"independent"
42,6547,"independent"
46,6548,"independent"
46,6549,"independent"
46,6550,"independent"
44,6551,"independent"
42,6552,"independent"
46,6553,"independent"
46,6554,"independent"
46,6555,"independent"
46,6556,"independent"
44,6557,"independent"
46,6558,"independent"
44,6559,"independent"
46,6560,"independent"
48,6561,"independent"
44,6562,"independent"
42,6563,"independent"
44,6564,"independent"
46,6565,"independent"
46,6566,"independent"
44,6567,"independent"
42,6568,"independent"
44,6569,"independent"
44,6570,"independent"
44,6571,"independent"
44,6572,"independent"
46,6573,"independent"
42,6574,"independent"
44,6575,"independent"
44,6576,"independent"
44,6577,"independent"
46,6578,"independent"
44,6579,"independent"
42,6580,"independent"
44,6581,"independent"
44,6582,"independent"
44,6583,"independent"
46,6584,"independent"
46,6585,"independent"
46,6586,"independent"
46,6587,"independent"
48,6588,"independent"
44,6589,"independent"
44,6590,"independent"
46,6591,"independent"
44,6592,"independent"
48,6593,"independent"
44,6594,"independent"
44,6595,"independent"
42,6596,"independent"
44,6597,"independent"
48,6598,"independent"
44,6599,"independent"
46,6600,"independent"
42,6601,"independent"
46,6602,"independent"
44,6603,"independent"
46,6604,"independent"
46,6605,"independent"
44,6606,"independent"
44,6607,"independent"
42,6608,"independent"
46,6609,"independent"
46,6610,"independent"
44,6611,"independent"
46,6612,"independent"
46,6613,"independent"
44,6614,"independent"
46,6615,"independent"
44,6616,"independent"
44,6617,"independent"
44,6618,"independent"
44,6619,"independent"
46,6620,"independent"
44,6621,"independent"
48,6622,"independent"
44,6623,"independent"
44,6624,"independent"
42,6625,"independent"
46,6626,"independent"
48,6627,"independent"
44,6628,"independent"
44,6629,"independent"
44,6630,"independent"
46,6631,"independent"
46,6632,"independent"
44,6633,"independent"
42,6634,"independent"
48,6635,"independent"
44,6636,"independent"
46,6637,"independent"
46,6638,"independent"
46,6639,"independent"
46,6640,"independent"
46,6641,"independent"
46,6642,"independent"
46,6643,"independent"
46,6644,"independent"
46,6645,"independent"
44,6646,"independent"
42,6647,"independent"
44,6648,"independent"
44,6649,"independent"
46,6650,"independent"
46,6651,"independent"
46,6652,"independent"
44,6653,"independent"
44,6654,"independent"
46,6655,"independent"
44,6656,"independent"
46,6657,"independent"
44,6658,"independent"
44,6659,"independent"
46,6660,"independent"
44,6661,"independent"
46,6662,"independent"
44,6663,"independent"
44,6664,"independent"
46,6665,"independent"
44,6666,"independent"
44,6667,"independent"
44,6668,"independent"
42,6669,"independent"
42,6670,"independent"
44,6671,"independent"
44,6672,"independent"
46,6673,"independent"
46,6674,"independent"
42,6675,"independent"
46,6676,"independent"
42,6677,"independent"
46,6678,"independent"
44,6679,"independent"
42,6680,"independent"
44,6681,"independent"
46,6682,"independent"
44,6683,"independent"
46,6684,"independent"
44,6685,"independent"
44,6686,"independent"
46,6687,"independent"
46,6688,"independent"
44,6689,"independent"
46,6690,"independent"
46,6691,"independent"
44,6692,"independent"
44,6693,"independent"
46,6694,"independent"
46,6695,"independent"
42,6696,"independent"
46,6697,"independent"
46,6698,"independent"
44,6699,"independent"
44,6700,"independent"
46,6701,"independent"
46,6702,"independent"
46,6703,"independent"
44,6704,"independent"
46,6705,"independent"
44,6706,"independent"
44,6707,"independent"
46,6708,"independent"
44,6709,"independent"
46,6710,"independent"
46,6711,"independent"
46,6712,"independent"
46,6713,"independent"
46,6714,"independent"
44,6715,"independent"
44,6716,"independent"
44,6717,"independent"
46,6718,"independent"
44,6719,"independent"
46,6720,"independent"
44,6721,"independent"
44,6722,"independent"
46,6723,"independent"
44,6724,"independent"
44,6725,"independent"
42,6726,"independent"
46,6727,"independent"
44,6728,"independent"
46,6729,"independent"
44,6730,"independent"
46,6731,"independent"
46,6732,"independent"
44,6733,"independent"
44,6734,"independent"
42,6735,"independent"
44,6736,"independent"
46,6737,"independent"
44,6738,"independent"
46,6739,"independent"
42,6740,"independent"
44,6741,"independent"
46,6742,"independent"
46,6743,"independent"
42,6744,"independent"
46,6745,"independent"
44,6746,"independent"
44,6747,"independent"
44,6748,"independent"
46,6749,"independent"
44,6750,"independent"
44,6751,"independent"
46,6752,"independent"
46,6753,"independent"
44,6754,"independent"
44,6755,"independent"
44,6756,"independent"
46,6757,"independent"
44,6758,"independent"
46,6759,"independent"
46,6760,"independent"
46,6761,"independent"
44,6762,"independent"
46,6763,"independent"
44,6764,"independent"
46,6765,"independent"
46,6766,"independent"
46,6767,"independent"
44,6768,"independent"
46,6769,"independent"
42,6770,"independent"
44,6771,"independent"
42,6772,"independent"
44,6773,"independent"
46,6774,"independent"
44,6775,"independent"
48,6776,"independent"
44,6777,"independent"
44,6778,"independent"
46,6779,"independent"
44,6780,"independent"
46,6781,"independent"
44,6782,"independent"
44,6783,"independent"
42,6784,"independent"
42,6785,"independent"
46,6786,"independent"
44,6787,"independent"
42,6788,"independent"
44,6789,"independent"
46,6790,"independent"
48,6791,"independent"
44,6792,"independent"
42,6793,"independent"
44,6794,"independent"
44,6795,"independent"
46,6796,"independent"
44,6797,"independent"
42,6798,"independent"
46,6799,"independent"
44,6800,"independent"
44,6801,"independent"
44,6802,"independent"
46,6803,"independent"
46,6804,"independent"
44,6805,"independent"
46,6806,"independent"
44,6807,"independent"
46,6808,"independent"
44,6809,"independent"
44,6810,"independent"
46,6811,"independent"
48,6812,"independent"
46,6813,"independent"
44,6814,"independent"
46,6815,"independent"
44,6816,"independent"
42,6817,"independent"
44,6818,"independent"
48,6819,"independent"
46,6820,"independent"
44,6821,"independent"
44,6822,"independent"
44,6823,"independent"
42,6824,"independent"
44,6825,"independent"
46,6826,"independent"
46,6827,"independent"
44,6828,"independent"
42,6829,"independent"
46,6830,"independent"
44,6831,"independent"
46,6832,"independent"
44,6833,"independent"
46,6834,"independent"
46,6835,"independent"
44,6836,"independent"
44,6837,"independent"
44,6838,"independent"
46,6839,"independent"
42,6840,"independent"
42,6841,"independent"
46,6842,"independent"
46,6843,"independent"
46,6844,"independent"
42,6845,"independent"
42,6846,"independent"
46,6847,"independent"
42,6848,"independent"
44,6849,"independent"
42,6850,"independent"
46,6851,"independent"
44,6852,"independent"
46,6853,"independent"
48,6854,"independent"
46,6855,"independent"
44,6856,"independent"
44,6857,"independent"
44,6858,"independent"
46,6859,"independent"
46,6860,"independent"
46,6861,"independent"
44,6862,"independent"
44,6863,"independent"
46,6864,"independent"
46,6865,"independent"
42,6866,"independent"
44,6867,"independent"
46,6868,"independent"
44,6869,"independent"
44,6870,"independent"
46,6871,"independent"
46,6872,"independent"
44,6873,"independent"
46,6874,"independent"
46,6875,"independent"
44,6876,"independent"
44,6877,"independent"
44,6878,"independent"
46,6879,"independent"
44,6880,"independent"
44,6881,"independent"
46,6882,"independent"
46,6883,"independent"
44,6884,"independent"
44,6885,"independent"
46,6886,"independent"
44,6887,"independent"
46,6888,"independent"
46,6889,"independent"
46,6890,"independent"
44,6891,"independent"
46,6892,"independent"
42,6893,"independent"
46,6894,"independent"
46,6895,"independent"
44,6896,"independent"
44,6897,"independent"
46,6898,"independent"
46,6899,"independent"
46,6900,"independent"
46,6901,"independent"
46,6902,"independent"
46,6903,"independent"
44,6904,"independent"
46,6905,"independent"
44,6906,"independent"
46,6907,"independent"
44,6908,"independent"
44,6909,"independent"
42,6910,"independent"
46,6911,"independent"
44,6912,"independent"
46,6913,"independent"
46,6914,"independent"
44,6915,"independent"
42,6916,"independent"
44,6917,"independent"
44,6918,"independent"
46,6919,"independent"
44,6920,"independent"
42,6921,"independent"
44,6922,"independent"
44,6923,"independent"
44,6924,"independent"
42,6925,"independent"
44,6926,"independent"
44,6927,"independent"
46,6928,"independent"
46,6929,"independent"
44,6930,"independent"
46,6931,"independent"
46,6932,"independent"
44,6933,"independent"
44,6934,"independent"
46,6935,"independent"
46,6936,"independent"
46,6937,"independent"
42,6938,"independent"
44,6939,"independent"
46,6940,"independent"
46,6941,"independent"
44,6942,"independent"
44,6943,"independent"
42,6944,"independent"
44,6945,"independent"
46,6946,"independent"
44,6947,"independent"
44,6948,"independent"
44,6949,"independent"
44,6950,"independent"
44,6951,"independent"
44,6952,"independent"
42,6953,"independent"
44,6954,"independent"
44,6955,"independent"
46,6956,"independent"
46,6957,"independent"
46,6958,"independent"
46,6959,"independent"
42,6960,"independent"
46,6961,"independent"
46,6962,"independent"
44,6963,"independent"
46,6964,"independent"
42,6965,"independent"
46,6966,"independent"
44,6967,"independent"
46,6968,"independent"
44,6969,"independent"
46,6970,"independent"
46,6971,"independent"
44,6972,"independent"
46,6973,"independent"
46,6974,"independent"
44,6975,"independent"
44,6976,"independent"
46,6977,"independent"
46,6978,"independent"
44,6979,"independent"
44,6980,"independent"
44,6981,"independent"
42,6982,"independent"
46,6983,"independent"
46,6984,"independent"
44,6985,"independent"
44,6986,"independent"
42,6987,"independent"
44,6988,"independent"
46,6989,"independent"
42,6990,"independent"
44,6991,"independent"
46,6992,"independent"
46,6993,"independent"
44,6994,"independent"
44,6995,"independent"
44,6996,"independent"
44,6997,"independent"
46,6998,"independent"
44,6999,"independent"
44,7000,"independent"
44,7001,"independent"
42,7002,"independent"
46,7003,"independent"
46,7004,"independent"
46,7005,"independent"
46,7006,"independent"
48,7007,"independent"
42,7008,"independent"
44,7009,"independent"
44,7010,"independent"
46,7011,"independent"
46,7012,"independent"
46,7013,"independent"
44,7014,"independent"
46,7015,"independent"
42,7016,"independent"
48,7017,"independent"
44,7018,"independent"
46,7019,"independent"
48,7020,"independent"
46,7021,"independent"
46,7022,"independent"
44,7023,"independent"
42,7024,"independent"
44,7025,"independent"
44,7026,"independent"
44,7027,"independent"
46,7028,"independent"
44,7029,"independent"
46,7030,"independent"
46,7031,"independent"
46,7032,"independent"
42,7033,"independent"
48,7034,"independent"
46,7035,"independent"
44,7036,"independent"
44,7037,"independent"
42,7038,"independent"
46,7039,"independent"
46,7040,"independent"
44,7041,"independent"
46,7042,"independent"
46,7043,"independent"
42,7044,"independent"
42,7045,"independent"
46,7046,"independent"
44,7047,"independent"
46,7048,"independent"
44,7049,"independent"
42,7050,"independent"
46,7051,"independent"
44,7052,"independent"
44,7053,"independent"
46,7054,"independent"
42,7055,"independent"
44,7056,"independent"
48,7057,"independent"
44,7058,"independent"
44,7059,"independent"
44,7060,"independent"
46,7061,"independent"
46,7062,"independent"
44,7063,"independent"
46,7064,"independent"
46,7065,"independent"
46,7066,"independent"
44,7067,"independent"
46,7068,"independent"
46,7069,"independent"
44,7070,"independent"
44,7071,"independent"
44,7072,"independent"
46,7073,"independent"
42,7074,"independent"
46,7075,"independent"
42,7076,"independent"
42,7077,"independent"
44,7078,"independent"
44,7079,"independent"
42,7080,"independent"
46,7081,"independent"
46,7082,"independent"
46,7083,"independent"
44,7084,"independent"
46,7085,"independent"
44,7086,"independent"
46,7087,"independent"
42,7088,"independent"
44,7089,"independent"
42,7090,"independent"
42,7091,"independent"
46,7092,"independent"
44,7093,"independent"
46,7094,"independent"
42,7095,"independent"
44,7096,"independent"
44,7097,"independent"
46,7098,"independent"
46,7099,"independent"
46,7100,"independent"
46,7101,"independent"
46,7102,"independent"
46,7103,"independent"
46,7104,"independent"
42,7105,"independent"
44,7106,"independent"
46,7107,"independent"
46,7108,"independent"
46,7109,"independent"
46,7110,"independent"
48,7111,"independent"
44,7112,"independent"
48,7113,"independent"
42,7114,"independent"
42,7115,"independent"
44,7116,"independent"
44,7117,"independent"
46,7118,"independent"
46,7119,"independent"
44,7120,"independent"
46,7121,"independent"
44,7122,"independent"
46,7123,"independent"
46,7124,"independent"
46,7125,"independent"
46,7126,"independent"
44,7127,"independent"
46,7128,"independent"
44,7129,"independent"
48,7130,"independent"
48,7131,"independent"
44,7132,"independent"
46,7133,"independent"
42,7134,"independent"
44,7135,"independent"
44,7136,"independent"
44,7137,"independent"
46,7138,"independent"
44,7139,"independent"
46,7140,"independent"
46,7141,"independent"
42,7142,"independent"
46,7143,"independent"
46,7144,"independent"
44,7145,"independent"
46,7146,"independent"
46,7147,"independent"
44,7148,"independent"
48,7149,"independent"
44,7150,"independent"
46,7151,"independent"
44,7152,"independent"
44,7153,"independent"
44,7154,"independent"
44,7155,"independent"
46,7156,"independent"
46,7157,"independent"
42,7158,"independent"
46,7159,"independent"
44,7160,"independent"
42,7161,"independent"
44,7162,"independent"
44,7163,"independent"
44,7164,"independent"
42,7165,"independent"
44,7166,"independent"
44,7167,"independent"
46,7168,"independent"
46,7169,"independent"
46,7170,"independent"
44,7171,"independent"
48,7172,"independent"
46,7173,"independent"
44,7174,"independent"
46,7175,"independent"
46,7176,"independent"
44,7177,"independent"
44,7178,"independent"
42,7179,"independent"
44,7180,"independent"
46,7181,"independent"
46,7182,"independent"
46,7183,"independent"
44,7184,"independent"
44,7185,"independent"
46,7186,"independent"
44,7187,"independent"
46,7188,"independent"
46,7189,"independent"
46,7190,"independent"
42,7191,"independent"
44,7192,"independent"
42,7193,"independent"
42,7194,"independent"
42,7195,"independent"
44,7196,"independent"
46,7197,"independent"
46,7198,"independent"
44,7199,"independent"
44,7200,"independent"
44,7201,"independent"
44,7202,"independent"
44,7203,"independent"
46,7204,"independent"
44,7205,"independent"
44,7206,"independent"
44,7207,"independent"
44,7208,"independent"
42,7209,"independent"
44,7210,"independent"
44,7211,"independent"
42,7212,"independent"
46,7213,"independent"
44,7214,"independent"
46,7215,"independent"
46,7216,"independent"
46,7217,"independent"
44,7218,"independent"
44,7219,"independent"
44,7220,"independent"
44,7221,"independent"
42,7222,"independent"
44,7223,"independent"
46,7224,"independent"
44,7225,"independent"
46,7226,"independent"
44,7227,"independent"
46,7228,"independent"
46,7229,"independent"
48,7230,"independent"
46,7231,"independent"
44,7232,"independent"
44,7233,"independent"
44,7234,"independent"
46,7235,"independent"
46,7236,"independent"
42,7237,"independent"
46,7238,"independent"
42,7239,"independent"
42,7240,"independent"
46,7241,"independent"
46,7242,"independent"
44,7243,"independent"
44,7244,"independent"
48,7245,"independent"
46,7246,"independent"
46,7247,"independent"
44,7248,"independent"
46,7249,"independent"
42,7250,"independent"
44,7251,"independent"
44,7252,"independent"
44,7253,"independent"
44,7254,"independent"
48,7255,"independent"
46,7256,"independent"
42,7257,"independent"
46,7258,"independent"
44,7259,"independent"
46,7260,"independent"
44,7261,"independent"
44,7262,"independent"
42,7263,"independent"
44,7264,"independent"
46,7265,"independent"
46,7266,"independent"
46,7267,"independent"
44,7268,"independent"
46,7269,"independent"
44,7270,"independent"
46,7271,"independent"
44,7272,"independent"
44,7273,"independent"
44,7274,"independent"
46,7275,"independent"
42,7276,"independent"
46,7277,"independent"
46,7278,"independent"
46,7279,"independent"
42,7280,"independent"
46,7281,"independent"
46,7282,"independent"
42,7283,"independent"
42,7284,"independent"
46,7285,"independent"
46,7286,"independent"
44,7287,"independent"
46,7288,"independent"
44,7289,"independent"
44,7290,"independent"
42,7291,"independent"
42,7292,"independent"
44,7293,"independent"
46,7294,"independent"
44,7295,"independent"
46,7296,"independent"
44,7297,"independent"
48,7298,"independent"
44,7299,"independent"
46,7300,"independent"
44,7301,"independent"
42,7302,"independent"
44,7303,"independent"
44,7304,"independent"
46,7305,"independent"
46,7306,"independent"
46,7307,"independent"
44,7308,"independent"
44,7309,"independent"
46,7310,"independent"
48,7311,"independent"
44,7312,"independent"
44,7313,"independent"
44,7314,"independent"
46,7315,"independent"
44,7316,"independent"
46,7317,"independent"
46,7318,"independent"
42,7319,"independent"
42,7320,"independent"
42,7321,"independent"
44,7322,"independent"
42,7323,"independent"
44,7324,"independent"
44,7325,"independent"
44,7326,"independent"
46,7327,"independent"
46,7328,"independent"
42,7329,"independent"
44,7330,"independent"
42,7331,"independent"
46,7332,"independent"
46,7333,"independent"
44,7334,"independent"
46,7335,"independent"
46,7336,"independent"
46,7337,"independent"
46,7338,"independent"
44,7339,"independent"
44,7340,"independent"
42,7341,"independent"
42,7342,"independent"
46,7343,"independent"
42,7344,"independent"
46,7345,"independent"
46,7346,"independent"
44,7347,"independent"
48,7348,"independent"
44,7349,"independent"
46,7350,"independent"
44,7351,"independent"
42,7352,"independent"
44,7353,"independent"
42,7354,"independent"
44,7355,"independent"
42,7356,"independent"
44,7357,"independent"
46,7358,"independent"
42,7359,"independent"
46,7360,"independent"
44,7361,"independent"
44,7362,"independent"
44,7363,"independent"
42,7364,"independent"
44,7365,"independent"
46,7366,"independent"
44,7367,"independent"
44,7368,"independent"
42,7369,"independent"
44,7370,"independent"
44,7371,"independent"
46,7372,"independent"
42,7373,"independent"
44,7374,"independent"
46,7375,"independent"
46,7376,"independent"
44,7377,"independent"
44,7378,"independent"
46,7379,"independent"
48,7380,"independent"
44,7381,"independent"
44,7382,"independent"
48,7383,"independent"
46,7384,"independent"
42,7385,"independent"
42,7386,"independent"
44,7387,"independent"
44,7388,"independent"
46,7389,"independent"
46,7390,"independent"
46,7391,"independent"
46,7392,"independent"
44,7393,"independent"
42,7394,"independent"
46,7395,"independent"
42,7396,"independent"
44,7397,"independent"
44,7398,"independent"
42,7399,"independent"
46,7400,"independent"
46,7401,"independent"
46,7402,"independent"
46,7403,"independent"
46,7404,"independent"
44,7405,"independent"
44,7406,"independent"
44,7407,"independent"
46,7408,"independent"
46,7409,"independent"
42,7410,"independent"
44,7411,"independent"
42,7412,"independent"
44,7413,"independent"
46,7414,"independent"
46,7415,"independent"
46,7416,"independent"
42,7417,"independent"
46,7418,"independent"
44,7419,"independent"
44,7420,"independent"
48,7421,"independent"
46,7422,"independent"
44,7423,"independent"
44,7424,"independent"
44,7425,"independent"
44,7426,"independent"
46,7427,"independent"
42,7428,"independent"
44,7429,"independent"
46,7430,"independent"
46,7431,"independent"
44,7432,"independent"
44,7433,"independent"
46,7434,"independent"
46,7435,"independent"
44,7436,"independent"
44,7437,"independent"
46,7438,"independent"
44,7439,"independent"
46,7440,"independent"
46,7441,"independent"
44,7442,"independent"
44,7443,"independent"
48,7444,"independent"
48,7445,"independent"
48,7446,"independent"
46,7447,"independent"
48,7448,"independent"
42,7449,"independent"
44,7450,"independent"
46,7451,"independent"
44,7452,"independent"
44,7453,"independent"
44,7454,"independent"
44,7455,"independent"
46,7456,"independent"
46,7457,"independent"
44,7458,"independent"
44,7459,"independent"
46,7460,"independent"
44,7461,"independent"
44,7462,"independent"
44,7463,"independent"
44,7464,"independent"
42,7465,"independent"
46,7466,"independent"
44,7467,"independent"
46,7468,"independent"
42,7469,"independent"
46,7470,"independent"
44,7471,"independent"
46,7472,"independent"
42,7473,"independent"
44,7474,"independent"
46,7475,"independent"
46,7476,"independent"
46,7477,"independent"
46,7478,"independent"
44,7479,"independent"
46,7480,"independent"
44,7481,"independent"
46,7482,"independent"
44,7483,"independent"
46,7484,"independent"
44,7485,"independent"
44,7486,"independent"
46,7487,"independent"
44,7488,"independent"
46,7489,"independent"
44,7490,"independent"
46,7491,"independent"
46,7492,"independent"
44,7493,"independent"
46,7494,"independent"
44,7495,"independent"
44,7496,"independent"
46,7497,"independent"
44,7498,"independent"
44,7499,"independent"
44,7500,"independent"
46,7501,"independent"
46,7502,"independent"
46,7503,"independent"
44,7504,"independent"
46,7505,"independent"
44,7506,"independent"
44,7507,"independent"
44,7508,"independent"
44,7509,"independent"
44,7510,"independent"
46,7511,"independent"
44,7512,"independent"
42,7513,"independent"
44,7514,"independent"
44,7515,"independent"
44,7516,"independent"
42,7517,"independent"
46,7518,"independent"
44,7519,"independent"
44,7520,"independent"
46,7521,"independent"
46,7522,"independent"
44,7523,"independent"
46,7524,"independent"
46,7525,"independent"
46,7526,"independent"
46,7527,"independent"
46,7528,"independent"
42,7529,"independent"
46,7530,"independent"
46,7531,"independent"
44,7532,"independent"
42,7533,"independent"
46,7534,"independent"
44,7535,"independent"
46,7536,"independent"
48,7537,"independent"
44,7538,"independent"
46,7539,"independent"
46,7540,"independent"
44,7541,"independent"
48,7542,"independent"
42,7543,"independent"
44,7544,"independent"
46,7545,"independent"
42,7546,"independent"
44,7547,"independent"
46,7548,"independent"
44,7549,"independent"
42,7550,"independent"
44,7551,"independent"
44,7552,"independent"
46,7553,"independent"
44,7554,"independent"
46,7555,"independent"
42,7556,"independent"
42,7557,"independent"
42,7558,"independent"
44,7559,"independent"
42,7560,"independent"
46,7561,"independent"
44,7562,"independent"
44,7563,"independent"
46,7564,"independent"
44,7565,"independent"
44,7566,"independent"
44,7567,"independent"
44,7568,"independent"
46,7569,"independent"
44,7570,"independent"
46,7571,"independent"
44,7572,"independent"
42,7573,"independent"
44,7574,"independent"
46,7575,"independent"
44,7576,"independent"
48,7577,"independent"
42,7578,"independent"
44,7579,"independent"
44,7580,"independent"
44,7581,"independent"
44,7582,"independent"
46,7583,"independent"
44,7584,"independent"
44,7585,"independent"
44,7586,"independent"
44,7587,"independent"
42,7588,"independent"
42,7589,"independent"
44,7590,"independent"
46,7591,"independent"
44,7592,"independent"
42,7593,"independent"
46,7594,"independent"
44,7595,"independent"
44,7596,"independent"
44,7597,"independent"
46,7598,"independent"
44,7599,"independent"
44,7600,"independent"
44,7601,"independent"
42,7602,"independent"
42,7603,"independent"
42,7604,"independent"
48,7605,"independent"
46,7606,"independent"
44,7607,"independent"
42,7608,"independent"
42,7609,"independent"
46,7610,"independent"
46,7611,"independent"
46,7612,"independent"
46,7613,"independent"
42,7614,"independent"
44,7615,"independent"
44,7616,"independent"
44,7617,"independent"
44,7618,"independent"
42,7619,"independent"
46,7620,"independent"
42,7621,"independent"
44,7622,"independent"
42,7623,"independent"
44,7624,"independent"
46,7625,"independent"
44,7626,"independent"
42,7627,"independent"
46,7628,"independent"
46,7629,"independent"
46,7630,"independent"
44,7631,"independent"
46,7632,"independent"
46,7633,"independent"
44,7634,"independent"
46,7635,"independent"
44,7636,"independent"
44,7637,"independent"
46,7638,"independent"
44,7639,"independent"
42,7640,"independent"
44,7641,"independent"
46,7642,"independent"
44,7643,"independent"
44,7644,"independent"
44,7645,"independent"
42,7646,"independent"
46,7647,"independent"
46,7648,"independent"
46,7649,"independent"
44,7650,"independent"
46,7651,"independent"
44,7652,"independent"
46,7653,"independent"
42,7654,"independent"
44,7655,"independent"
44,7656,"independent"
44,7657,"independent"
44,7658,"independent"
46,7659,"independent"
46,7660,"independent"
44,7661,"independent"
42,7662,"independent"
46,7663,"independent"
46,7664,"independent"
42,7665,"independent"
44,7666,"independent"
44,7667,"independent"
46,7668,"independent"
46,7669,"independent"
42,7670,"independent"
44,7671,"independent"
44,7672,"independent"
46,7673,"independent"
46,7674,"independent"
44,7675,"independent"
44,7676,"independent"
44,7677,"independent"
44,7678,"independent"
44,7679,"independent"
42,7680,"independent"
46,7681,"independent"
46,7682,"independent"
46,7683,"independent"
44,7684,"independent"
44,7685,"independent"
44,7686,"independent"
44,7687,"independent"
44,7688,"independent"
46,7689,"independent"
46,7690,"independent"
44,7691,"independent"
46,7692,"independent"
44,7693,"independent"
46,7694,"independent"
46,7695,"independent"
46,7696,"independent"
46,7697,"independent"
46,7698,"independent"
44,7699,"independent"
42,7700,"independent"
42,7701,"independent"
46,7702,"independent"
48,7703,"independent"
46,7704,"independent"
46,7705,"independent"
46,7706,"independent"
48,7707,"independent"
46,7708,"independent"
44,7709,"independent"
42,7710,"independent"
46,7711,"independent"
44,7712,"independent"
42,7713,"independent"
46,7714,"independent"
46,7715,"independent"
44,7716,"independent"
44,7717,"independent"
44,7718,"independent"
46,7719,"independent"
44,7720,"independent"
44,7721,"independent"
44,7722,"independent"
44,7723,"independent"
44,7724,"independent"
42,7725,"independent"
46,7726,"independent"
46,7727,"independent"
44,7728,"independent"
42,7729,"independent"
42,7730,"independent"
46,7731,"independent"
46,7732,"independent"
44,7733,"independent"
44,7734,"independent"
42,7735,"independent"
42,7736,"independent"
44,7737,"independent"
44,7738,"independent"
42,7739,"independent"
46,7740,"independent"
46,7741,"independent"
46,7742,"independent"
44,7743,"independent"
44,7744,"independent"
44,7745,"independent"
46,7746,"independent"
44,7747,"independent"
46,7748,"independent"
46,7749,"independent"
46,7750,"independent"
48,7751,"independent"
46,7752,"independent"
42,7753,"independent"
42,7754,"independent"
44,7755,"independent"
46,7756,"independent"
42,7757,"independent"
46,7758,"independent"
44,7759,"independent"
46,7760,"independent"
46,7761,"independent"
46,7762,"independent"
44,7763,"independent"
44,7764,"independent"
44,7765,"independent"
44,7766,"independent"
44,7767,"independent"
44,7768,"independent"
46,7769,"independent"
44,7770,"independent"
42,7771,"independent"
42,7772,"independent"
46,7773,"independent"
44,7774,"independent"
46,7775,"independent"
42,7776,"independent"
44,7777,"independent"
44,7778,"independent"
44,7779,"independent"
44,7780,"independent"
46,7781,"independent"
44,7782,"independent"
46,7783,"independent"
46,7784,"independent"
44,7785,"independent"
46,7786,"independent"
44,7787,"independent"
46,7788,"independent"
44,7789,"independent"
46,7790,"independent"
46,7791,"independent"
44,7792,"independent"
42,7793,"independent"
44,7794,"independent"
44,7795,"independent"
44,7796,"independent"
44,7797,"independent"
44,7798,"independent"
44,7799,"independent"
48,7800,"independent"
44,7801,"independent"
46,7802,"independent"
44,7803,"independent"
46,7804,"independent"
46,7805,"independent"
44,7806,"independent"
46,7807,"independent"
44,7808,"independent"
46,7809,"independent"
44,7810,"independent"
46,7811,"independent"
46,7812,"independent"
42,7813,"independent"
46,7814,"independent"
44,7815,"independent"
42,7816,"independent"
42,7817,"independent"
44,7818,"independent"
46,7819,"independent"
44,7820,"independent"
44,7821,"independent"
46,7822,"independent"
44,7823,"independent"
46,7824,"independent"
46,7825,"independent"
46,7826,"independent"
44,7827,"independent"
42,7828,"independent"
44,7829,"independent"
46,7830,"independent"
46,7831,"independent"
44,7832,"independent"
44,7833,"independent"
44,7834,"independent"
44,7835,"independent"
46,7836,"independent"
44,7837,"independent"
46,7838,"independent"
44,7839,"independent"
46,7840,"independent"
46,7841,"independent"
44,7842,"independent"
46,7843,"independent"
46,7844,"independent"
44,7845,"independent"
46,7846,"independent"
44,7847,"independent"
46,7848,"independent"
48,7849,"independent"
42,7850,"independent"
46,7851,"independent"
48,7852,"independent"
44,7853,"independent"
46,7854,"independent"
44,7855,"independent"
46,7856,"independent"
44,7857,"independent"
44,7858,"independent"
44,7859,"independent"
46,7860,"independent"
44,7861,"independent"
46,7862,"independent"
44,7863,"independent"
46,7864,"independent"
46,7865,"independent"
44,7866,"independent"
46,7867,"independent"
44,7868,"independent"
46,7869,"independent"
46,7870,"independent"
44,7871,"independent"
46,7872,"independent"
44,7873,"independent"
46,7874,"independent"
42,7875,"independent"
46,7876,"independent"
44,7877,"independent"
44,7878,"independent"
46,7879,"independent"
44,7880,"independent"
44,7881,"independent"
44,7882,"independent"
44,7883,"independent"
44,7884,"independent"
46,7885,"independent"
46,7886,"independent"
42,7887,"independent"
44,7888,"independent"
46,7889,"independent"
46,7890,"independent"
46,7891,"independent"
44,7892,"independent"
46,7893,"independent"
46,7894,"independent"
46,7895,"independent"
46,7896,"independent"
44,7897,"independent"
44,7898,"independent"
44,7899,"independent"
44,7900,"independent"
46,7901,"independent"
46,7902,"independent"
44,7903,"independent"
44,7904,"independent"
46,7905,"independent"
44,7906,"independent"
46,7907,"independent"
46,7908,"independent"
44,7909,"independent"
42,7910,"independent"
44,7911,"independent"
44,7912,"independent"
42,7913,"independent"
44,7914,"independent"
46,7915,"independent"
46,7916,"independent"
46,7917,"independent"
44,7918,"independent"
46,7919,"independent"
44,7920,"independent"
44,7921,"independent"
44,7922,"independent"
44,7923,"independent"
46,7924,"independent"
44,7925,"independent"
44,7926,"independent"
44,7927,"independent"
46,7928,"independent"
46,7929,"independent"
42,7930,"independent"
42,7931,"independent"
46,7932,"independent"
46,7933,"independent"
42,7934,"independent"
44,7935,"independent"
44,7936,"independent"
44,7937,"independent"
44,7938,"independent"
42,7939,"independent"
44,7940,"independent"
42,7941,"independent"
46,7942,"independent"
44,7943,"independent"
42,7944,"independent"
46,7945,"independent"
44,7946,"independent"
44,7947,"independent"
44,7948,"independent"
46,7949,"independent"
44,7950,"independent"
46,7951,"independent"
44,7952,"independent"
46,7953,"independent"
42,7954,"independent"
44,7955,"independent"
44,7956,"independent"
44,7957,"independent"
42,7958,"independent"
46,7959,"independent"
44,7960,"independent"
44,7961,"independent"
42,7962,"independent"
44,7963,"independent"
46,7964,"independent"
46,7965,"independent"
46,7966,"independent"
46,7967,"independent"
44,7968,"independent"
46,7969,"independent"
46,7970,"independent"
46,7971,"independent"
46,7972,"independent"
46,7973,"independent"
46,7974,"independent"
46,7975,"independent"
46,7976,"independent"
44,7977,"independent"
44,7978,"independent"
44,7979,"independent"
46,7980,"independent"
44,7981,"independent"
44,7982,"independent"
42,7983,"independent"
48,7984,"independent"
44,7985,"independent"
44,7986,"independent"
44,7987,"independent"
42,7988,"independent"
44,7989,"independent"
46,7990,"independent"
42,7991,"independent"
44,7992,"independent"
46,7993,"independent"
48,7994,"independent"
44,7995,"independent"
44,7996,"independent"
46,7997,"independent"
46,7998,"independent"
44,7999,"independent"
46,8000,"independent"
44,8001,"independent"
42,8002,"independent"
44,8003,"independent"
44,8004,"independent"
44,8005,"independent"
44,8006,"independent"
44,8007,"independent"
44,8008,"independent"
46,8009,"independent"
44,8010,"independent"
44,8011,"independent"
44,8012,"independent"
46,8013,"independent"
44,8014,"independent"
46,8015,"independent"
46,8016,"independent"
46,8017,"independent"
46,8018,"independent"
46,8019,"independent"
46,8020,"independent"
46,8021,"independent"
46,8022,"independent"
46,8023,"independent"
42,8024,"independent"
44,8025,"independent"
44,8026,"independent"
44,8027,"independent"
44,8028,"independent"
44,8029,"independent"
46,8030,"independent"
44,8031,"independent"
46,8032,"independent"
44,8033,"independent"
42,8034,"independent"
46,8035,"independent"
46,8036,"independent"
44,8037,"independent"
44,8038,"independent"
44,8039,"independent"
46,8040,"independent"
46,8041,"independent"
44,8042,"independent"
46,8043,"independent"
44,8044,"independent"
46,8045,"independent"
44,8046,"independent"
46,8047,"independent"
46,8048,"independent"
44,8049,"independent"
46,8050,"independent"
44,8051,"independent"
46,8052,"independent"
44,8053,"independent"
44,8054,"independent"
44,8055,"independent"
42,8056,"independent"
42,8057,"independent"
46,8058,"independent"
46,8059,"independent"
44,8060,"independent"
44,8061,"independent"
44,8062,"independent"
44,8063,"independent"
42,8064,"independent"
44,8065,"independent"
46,8066,"independent"
44,8067,"independent"
44,8068,"independent"
46,8069,"independent"
46,8070,"independent"
46,8071,"independent"
44,8072,"independent"
42,8073,"independent"
44,8074,"independent"
44,8075,"independent"
46,8076,"independent"
44,8077,"independent"
44,8078,"independent"
46,8079,"independent"
46,8080,"independent"
46,8081,"independent"
44,8082,"independent"
48,8083,"independent"
46,8084,"independent"
42,8085,"independent"
42,8086,"independent"
44,8087,"independent"
42,8088,"independent"
44,8089,"independent"
46,8090,"independent"
46,8091,"independent"
44,8092,"independent"
46,8093,"independent"
44,8094,"independent"
46,8095,"independent"
44,8096,"independent"
42,8097,"independent"
44,8098,"independent"
44,8099,"independent"
46,8100,"independent"
42,8101,"independent"
46,8102,"independent"
46,8103,"independent"
46,8104,"independent"
44,8105,"independent"
46,8106,"independent"
44,8107,"independent"
46,8108,"independent"
46,8109,"independent"
46,8110,"independent"
44,8111,"independent"
44,8112,"independent"
46,8113,"independent"
46,8114,"independent"
44,8115,"independent"
46,8116,"independent"
46,8117,"independent"
46,8118,"independent"
44,8119,"independent"
42,8120,"independent"
44,8121,"independent"
44,8122,"independent"
42,8123,"independent"
44,8124,"independent"
46,8125,"independent"
44,8126,"independent"
44,8127,"independent"
46,8128,"independent"
46,8129,"independent"
46,8130,"independent"
46,8131,"independent"
44,8132,"independent"
46,8133,"independent"
46,8134,"independent"
44,8135,"independent"
46,8136,"independent"
44,8137,"independent"
46,8138,"independent"
46,8139,"independent"
44,8140,"independent"
42,8141,"independent"
44,8142,"independent"
42,8143,"independent"
44,8144,"independent"
46,8145,"independent"
46,8146,"independent"
44,8147,"independent"
46,8148,"independent"
44,8149,"independent"
46,8150,"independent"
46,8151,"independent"
44,8152,"independent"
42,8153,"independent"
46,8154,"independent"
44,8155,"independent"
46,8156,"independent"
44,8157,"independent"
46,8158,"independent"
44,8159,"independent"
46,8160,"independent"
44,8161,"independent"
44,8162,"independent"
44,8163,"independent"
46,8164,"independent"
46,8165,"independent"
44,8166,"independent"
44,8167,"independent"
44,8168,"independent"
44,8169,"independent"
44,8170,"independent"
46,8171,"independent"
44,8172,"independent"
42,8173,"independent"
44,8174,"independent"
46,8175,"independent"
44,8176,"independent"
44,8177,"independent"
44,8178,"independent"
46,8179,"independent"
46,8180,"independent"
44,8181,"independent"
44,8182,"independent"
46,8183,"independent"
46,8184,"independent"
44,8185,"independent"
42,8186,"independent"
42,8187,"independent"
44,8188,"independent"
44,8189,"independent"
44,8190,"independent"
44,8191,"independent"
46,8192,"independent"
44,8193,"independent"
46,8194,"independent"
44,8195,"independent"
42,8196,"independent"
46,8197,"independent"
42,8198,"independent"
46,8199,"independent"
46,8200,"independent"
44,8201,"independent"
48,8202,"independent"
46,8203,"independent"
44,8204,"independent"
44,8205,"independent"
46,8206,"independent"
46,8207,"independent"
46,8208,"independent"
42,8209,"independent"
46,8210,"independent"
46,8211,"independent"
46,8212,"independent"
46,8213,"independent"
42,8214,"independent"
44,8215,"independent"
46,8216,"independent"
46,8217,"independent"
46,8218,"independent"
44,8219,"independent"
44,8220,"independent"
46,8221,"independent"
44,8222,"independent"
46,8223,"independent"
42,8224,"independent"
44,8225,"independent"
48,8226,"independent"
44,8227,"independent"
42,8228,"independent"
44,8229,"independent"
46,8230,"independent"
44,8231,"independent"
44,8232,"independent"
44,8233,"independent"
42,8234,"independent"
46,8235,"independent"
44,8236,"independent"
46,8237,"independent"
44,8238,"independent"
42,8239,"independent"
44,8240,"independent"
46,8241,"independent"
44,8242,"independent"
46,8243,"independent"
46,8244,"independent"
46,8245,"independent"
46,8246,"independent"
46,8247,"independent"
44,8248,"independent"
46,8249,"independent"
44,8250,"independent"
46,8251,"independent"
46,8252,"independent"
44,8253,"independent"
44,8254,"independent"
46,8255,"independent"
42,8256,"independent"
42,8257,"independent"
44,8258,"independent"
46,8259,"independent"
48,8260,"independent"
46,8261,"independent"
44,8262,"independent"
44,8263,"independent"
44,8264,"independent"
46,8265,"independent"
46,8266,"independent"
44,8267,"independent"
46,8268,"independent"
44,8269,"independent"
44,8270,"independent"
44,8271,"independent"
46,8272,"independent"
42,8273,"independent"
44,8274,"independent"
44,8275,"independent"
46,8276,"independent"
44,8277,"independent"
46,8278,"independent"
46,8279,"independent"
44,8280,"independent"
46,8281,"independent"
46,8282,"independent"
44,8283,"independent"
46,8284,"independent"
46,8285,"independent"
44,8286,"independent"
44,8287,"independent"
46,8288,"independent"
46,8289,"independent"
44,8290,"independent"
46,8291,"independent"
46,8292,"independent"
46,8293,"independent"
44,8294,"independent"
44,8295,"independent"
44,8296,"independent"
44,8297,"independent"
46,8298,"independent"
46,8299,"independent"
44,8300,"independent"
46,8301,"independent"
46,8302,"independent"
46,8303,"independent"
44,8304,"independent"
44,8305,"independent"
46,8306,"independent"
44,8307,"independent"
44,8308,"independent"
44,8309,"independent"
46,8310,"independent"
42,8311,"independent"
44,8312,"independent"
46,8313,"independent"
46,8314,"independent"
44,8315,"independent"
46,8316,"independent"
44,8317,"independent"
44,8318,"independent"
48,8319,"independent"
46,8320,"independent"
42,8321,"independent"
44,8322,"independent"
46,8323,"independent"
46,8324,"independent"
44,8325,"independent"
44,8326,"independent"
44,8327,"independent"
46,8328,"independent"
48,8329,"independent"
44,8330,"independent"
46,8331,"independent"
46,8332,"independent"
46,8333,"independent"
46,8334,"independent"
46,8335,"independent"
42,8336,"independent"
44,8337,"independent"
46,8338,"independent"
44,8339,"independent"
44,8340,"independent"
44,8341,"independent"
46,8342,"independent"
46,8343,"independent"
46,8344,"independent"
44,8345,"independent"
44,8346,"independent"
44,8347,"independent"
42,8348,"independent"
44,8349,"independent"
46,8350,"independent"
48,8351,"independent"
44,8352,"independent"
42,8353,"independent"
44,8354,"independent"
44,8355,"independent"
46,8356,"independent"
46,8357,"independent"
42,8358,"independent"
46,8359,"independent"
44,8360,"independent"
42,8361,"independent"
44,8362,"independent"
44,8363,"independent"
44,8364,"independent"
46,8365,"independent"
46,8366,"independent"
46,8367,"independent"
46,8368,"independent"
44,8369,"independent"
46,8370,"independent"
46,8371,"independent"
42,8372,"independent"
46,8373,"independent"
48,8374,"independent"
42,8375,"independent"
44,8376,"independent"
46,8377,"independent"
46,8378,"independent"
44,8379,"independent"
44,8380,"independent"
46,8381,"independent"
46,8382,"independent"
46,8383,"independent"
46,8384,"independent"
46,8385,"independent"
44,8386,"independent"
44,8387,"independent"
46,8388,"independent"
44,8389,"independent"
46,8390,"independent"
44,8391,"independent"
46,8392,"independent"
44,8393,"independent"
44,8394,"independent"
44,8395,"independent"
46,8396,"independent"
44,8397,"independent"
44,8398,"independent"
44,8399,"independent"
44,8400,"independent"
46,8401,"independent"
46,8402,"independent"
46,8403,"independent"
44,8404,"independent"
44,8405,"independent"
44,8406,"independent"
46,8407,"independent"
46,8408,"independent"
46,8409,"independent"
44,8410,"independent"
46,8411,"independent"
44,8412,"independent"
44,8413,"independent"
46,8414,"independent"
46,8415,"independent"
44,8416,"independent"
44,8417,"independent"
42,8418,"independent"
46,8419,"independent"
44,8420,"independent"
44,8421,"independent"
44,8422,"independent"
48,8423,"independent"
48,8424,"independent"
44,8425,"independent"
46,8426,"independent"
44,8427,"independent"
42,8428,"independent"
42,8429,"independent"
46,8430,"independent"
44,8431,"independent"
44,8432,"independent"
46,8433,"independent"
44,8434,"independent"
44,8435,"independent"
46,8436,"independent"
44,8437,"independent"
46,8438,"independent"
42,8439,"independent"
46,8440,"independent"
46,8441,"independent"
44,8442,"independent"
46,8443,"independent"
48,8444,"independent"
46,8445,"independent"
46,8446,"independent"
42,8447,"independent"
42,8448,"independent"
46,8449,"independent"
46,8450,"independent"
44,8451,"independent"
46,8452,"independent"
44,8453,"independent"
44,8454,"independent"
44,8455,"independent"
44,8456,"independent"
44,8457,"independent"
42,8458,"independent"
44,8459,"independent"
44,8460,"independent"
46,8461,"independent"
42,8462,"independent"
42,8463,"independent"
46,8464,"independent"
44,8465,"independent"
48,8466,"independent"
46,8467,"independent"
44,8468,"independent"
46,8469,"independent"
44,8470,"independent"
46,8471,"independent"
46,8472,"independent"
46,8473,"independent"
46,8474,"independent"
44,8475,"independent"
46,8476,"independent"
44,8477,"independent"
46,8478,"independent"
44,8479,"independent"
46,8480,"independent"
46,8481,"independent"
44,8482,"independent"
48,8483,"independent"
46,8484,"independent"
46,8485,"independent"
46,8486,"independent"
44,8487,"independent"
46,8488,"independent"
44,8489,"independent"
46,8490,"independent"
46,8491,"independent"
44,8492,"independent"
44,8493,"independent"
46,8494,"independent"
44,8495,"independent"
44,8496,"independent"
44,8497,"independent"
44,8498,"independent"
44,8499,"independent"
46,8500,"independent"
44,8501,"independent"
42,8502,"independent"
46,8503,"independent"
46,8504,"independent"
46,8505,"independent"
44,8506,"independent"
44,8507,"independent"
46,8508,"independent"
44,8509,"independent"
44,8510,"independent"
46,8511,"independent"
44,8512,"independent"
44,8513,"independent"
44,8514,"independent"
44,8515,"independent"
44,8516,"independent"
44,8517,"independent"
42,8518,"independent"
46,8519,"independent"
48,8520,"independent"
44,8521,"independent"
44,8522,"independent"
46,8523,"independent"
46,8524,"independent"
46,8525,"independent"
46,8526,"independent"
46,8527,"independent"
44,8528,"independent"
44,8529,"independent"
46,8530,"independent"
46,8531,"independent"
46,8532,"independent"
44,8533,"independent"
44,8534,"independent"
46,8535,"independent"
44,8536,"independent"
44,8537,"independent"
44,8538,"independent"
44,8539,"independent"
44,8540,"independent"
46,8541,"independent"
46,8542,"independent"
44,8543,"independent"
42,8544,"independent"
46,8545,"independent"
44,8546,"independent"
44,8547,"independent"
44,8548,"independent"
42,8549,"independent"
46,8550,"independent"
46,8551,"independent"
44,8552,"independent"
44,8553,"independent"
46,8554,"independent"
44,8555,"independent"
46,8556,"independent"
44,8557,"independent"
46,8558,"independent"
46,8559,"independent"
44,8560,"independent"
44,8561,"independent"
44,8562,"independent"
46,8563,"independent"
42,8564,"independent"
46,8565,"independent"
42,8566,"independent"
44,8567,"independent"
46,8568,"independent"
44,8569,"independent"
44,8570,"independent"
46,8571,"independent"
44,8572,"independent"
42,8573,"independent"
46,8574,"independent"
48,8575,"independent"
44,8576,"independent"
44,8577,"independent"
46,8578,"independent"
46,8579,"independent"
42,8580,"independent"
44,8581,"independent"
46,8582,"independent"
44,8583,"independent"
46,8584,"independent"
48,8585,"independent"
46,8586,"independent"
46,8587,"independent"
44,8588,"independent"
42,8589,"independent"
42,8590,"independent"
44,8591,"independent"
44,8592,"independent"
46,8593,"independent"
42,8594,"independent"
44,8595,"independent"
44,8596,"independent"
42,8597,"independent"
46,8598,"independent"
44,8599,"independent"
44,8600,"independent"
44,8601,"independent"
44,8602,"independent"
46,8603,"independent"
44,8604,"independent"
46,8605,"independent"
44,8606,"independent"
44,8607,"independent"
46,8608,"independent"
46,8609,"independent"
42,8610,"independent"
44,8611,"independent"
42,8612,"independent"
46,8613,"independent"
46,8614,"independent"
44,8615,"independent"
44,8616,"independent"
46,8617,"independent"
48,8618,"independent"
44,8619,"independent"
44,8620,"independent"
44,8621,"independent"
44,8622,"independent"
44,8623,"independent"
46,8624,"independent"
44,8625,"independent"
46,8626,"independent"
46,8627,"independent"
44,8628,"independent"
44,8629,"independent"
44,8630,"independent"
44,8631,"independent"
44,8632,"independent"
44,8633,"independent"
46,8634,"independent"
44,8635,"independent"
44,8636,"independent"
44,8637,"independent"
46,8638,"independent"
44,8639,"independent"
46,8640,"independent"
44,8641,"independent"
46,8642,"independent"
46,8643,"independent"
46,8644,"independent"
46,8645,"independent"
44,8646,"independent"
48,8647,"independent"
46,8648,"independent"
42,8649,"independent"
46,8650,"independent"
44,8651,"independent"
46,8652,"independent"
44,8653,"independent"
42,8654,"independent"
44,8655,"independent"
44,8656,"independent"
44,8657,"independent"
46,8658,"independent"
46,8659,"independent"
44,8660,"independent"
44,8661,"independent"
46,8662,"independent"
44,8663,"independent"
46,8664,"independent"
44,8665,"independent"
42,8666,"independent"
44,8667,"independent"
44,8668,"independent"
44,8669,"independent"
46,8670,"independent"
44,8671,"independent"
46,8672,"independent"
44,8673,"independent"
44,8674,"independent"
44,8675,"independent"
42,8676,"independent"
46,8677,"independent"
44,8678,"independent"
44,8679,"independent"
44,8680,"independent"
44,8681,"independent"
46,8682,"independent"
46,8683,"independent"
46,8684,"independent"
46,8685,"independent"
46,8686,"independent"
42,8687,"independent"
42,8688,"independent"
44,8689,"independent"
44,8690,"independent"
46,8691,"independent"
46,8692,"independent"
42,8693,"independent"
44,8694,"independent"
46,8695,"independent"
46,8696,"independent"
46,8697,"independent"
46,8698,"independent"
44,8699,"independent"
46,8700,"independent"
46,8701,"independent"
46,8702,"independent"
44,8703,"independent"
44,8704,"independent"
46,8705,"independent"
44,8706,"independent"
42,8707,"independent"
46,8708,"independent"
46,8709,"independent"
46,8710,"independent"
44,8711,"independent"
46,8712,"independent"
44,8713,"independent"
46,8714,"independent"
42,8715,"independent"
44,8716,"independent"
46,8717,"independent"
46,8718,"independent"
44,8719,"independent"
42,8720,"independent"
46,8721,"independent"
46,8722,"independent"
46,8723,"independent"
46,8724,"independent"
44,8725,"independent"
48,8726,"independent"
42,8727,"independent"
42,8728,"independent"
44,8729,"independent"
46,8730,"independent"
44,8731,"independent"
46,8732,"independent"
46,8733,"independent"
46,8734,"independent"
46,8735,"independent"
48,8736,"independent"
48,8737,"independent"
50,8738,"independent"
46,8739,"independent"
44,8740,"independent"
42,8741,"independent"
44,8742,"independent"
46,8743,"independent"
46,8744,"independent"
46,8745,"independent"
44,8746,"independent"
46,8747,"independent"
48,8748,"independent"
42,8749,"independent"
46,8750,"independent"
46,8751,"independent"
46,8752,"independent"
42,8753,"independent"
44,8754,"independent"
44,8755,"independent"
46,8756,"independent"
44,8757,"independent"
48,8758,"independent"
44,8759,"independent"
46,8760,"independent"
44,8761,"independent"
44,8762,"independent"
42,8763,"independent"
44,8764,"independent"
44,8765,"independent"
44,8766,"independent"
44,8767,"independent"
46,8768,"independent"
46,8769,"independent"
44,8770,"independent"
44,8771,"independent"
44,8772,"independent"
46,8773,"independent"
46,8774,"independent"
42,8775,"independent"
46,8776,"independent"
48,8777,"independent"
46,8778,"independent"
46,8779,"independent"
46,8780,"independent"
44,8781,"independent"
46,8782,"independent"
44,8783,"independent"
46,8784,"independent"
46,8785,"independent"
44,8786,"independent"
44,8787,"independent"
44,8788,"independent"
44,8789,"independent"
44,8790,"independent"
44,8791,"independent"
46,8792,"independent"
46,8793,"independent"
46,8794,"independent"
46,8795,"independent"
42,8796,"independent"
46,8797,"independent"
46,8798,"independent"
44,8799,"independent"
44,8800,"independent"
46,8801,"independent"
46,8802,"independent"
46,8803,"independent"
42,8804,"independent"
46,8805,"independent"
46,8806,"independent"
42,8807,"independent"
46,8808,"independent"
44,8809,"independent"
44,8810,"independent"
46,8811,"independent"
46,8812,"independent"
44,8813,"independent"
46,8814,"independent"
44,8815,"independent"
44,8816,"independent"
44,8817,"independent"
44,8818,"independent"
48,8819,"independent"
42,8820,"independent"
42,8821,"independent"
44,8822,"independent"
46,8823,"independent"
46,8824,"independent"
46,8825,"independent"
44,8826,"independent"
48,8827,"independent"
44,8828,"independent"
44,8829,"independent"
44,8830,"independent"
44,8831,"independent"
46,8832,"independent"
42,8833,"independent"
44,8834,"independent"
46,8835,"independent"
46,8836,"independent"
44,8837,"independent"
42,8838,"independent"
42,8839,"independent"
46,8840,"independent"
46,8841,"independent"
44,8842,"independent"
46,8843,"independent"
46,8844,"independent"
48,8845,"independent"
46,8846,"independent"
44,8847,"independent"
42,8848,"independent"
42,8849,"independent"
46,8850,"independent"
46,8851,"independent"
44,8852,"independent"
44,8853,"independent"
44,8854,"independent"
44,8855,"independent"
44,8856,"independent"
46,8857,"independent"
42,8858,"independent"
44,8859,"independent"
46,8860,"independent"
44,8861,"independent"
46,8862,"independent"
44,8863,"independent"
44,8864,"independent"
46,8865,"independent"
46,8866,"independent"
46,8867,"independent"
44,8868,"independent"
46,8869,"independent"
46,8870,"independent"
46,8871,"independent"
44,8872,"independent"
46,8873,"independent"
46,8874,"independent"
46,8875,"independent"
46,8876,"independent"
46,8877,"independent"
42,8878,"independent"
46,8879,"independent"
44,8880,"independent"
46,8881,"independent"
42,8882,"independent"
44,8883,"independent"
44,8884,"independent"
44,8885,"independent"
44,8886,"independent"
44,8887,"independent"
44,8888,"independent"
46,8889,"independent"
46,8890,"independent"
46,8891,"independent"
44,8892,"independent"
44,8893,"independent"
44,8894,"independent"
44,8895,"independent"
44,8896,"independent"
46,8897,"independent"
44,8898,"independent"
42,8899,"independent"
44,8900,"independent"
44,8901,"independent"
46,8902,"independent"
44,8903,"independent"
46,8904,"independent"
46,8905,"independent"
42,8906,"independent"
46,8907,"independent"
44,8908,"independent"
46,8909,"independent"
44,8910,"independent"
44,8911,"independent"
44,8912,"independent"
44,8913,"independent"
42,8914,"independent"
44,8915,"independent"
42,8916,"independent"
44,8917,"independent"
46,8918,"independent"
44,8919,"independent"
44,8920,"independent"
44,8921,"independent"
42,8922,"independent"
42,8923,"independent"
46,8924,"independent"
44,8925,"independent"
46,8926,"independent"
44,8927,"independent"
42,8928,"independent"
46,8929,"independent"
46,8930,"independent"
44,8931,"independent"
46,8932,"independent"
44,8933,"independent"
44,8934,"independent"
46,8935,"independent"
42,8936,"independent"
46,8937,"independent"
44,8938,"independent"
44,8939,"independent"
46,8940,"independent"
46,8941,"independent"
46,8942,"independent"
46,8943,"independent"
44,8944,"independent"
46,8945,"independent"
44,8946,"independent"
46,8947,"independent"
46,8948,"independent"
44,8949,"independent"
46,8950,"independent"
44,8951,"independent"
46,8952,"independent"
42,8953,"independent"
42,8954,"independent"
46,8955,"independent"
46,8956,"independent"
46,8957,"independent"
46,8958,"independent"
46,8959,"independent"
46,8960,"independent"
42,8961,"independent"
44,8962,"independent"
46,8963,"independent"
42,8964,"independent"
42,8965,"independent"
46,8966,"independent"
44,8967,"independent"
46,8968,"independent"
46,8969,"independent"
44,8970,"independent"
44,8971,"independent"
46,8972,"independent"
46,8973,"independent"
46,8974,"independent"
46,8975,"independent"
46,8976,"independent"
44,8977,"independent"
44,8978,"independent"
46,8979,"independent"
44,8980,"independent"
46,8981,"independent"
46,8982,"independent"
46,8983,"independent"
46,8984,"independent"
46,8985,"independent"
44,8986,"independent"
46,8987,"independent"
44,8988,"independent"
44,8989,"independent"
44,8990,"independent"
44,8991,"independent"
44,8992,"independent"
46,8993,"independent"
42,8994,"independent"
46,8995,"independent"
44,8996,"independent"
46,8997,"independent"
44,8998,"independent"
44,8999,"independent"
44,9000,"independent"
46,9001,"independent"
