"RF","tree_id","dataset"
46,1,"independent"
46,2,"independent"
44,3,"independent"
42,4,"independent"
42,5,"independent"
50,6,"independent"
42,7,"independent"
46,8,"independent"
46,9,"independent"
42,10,"independent"
38,11,"independent"
42,12,"independent"
44,13,"independent"
50,14,"independent"
42,15,"independent"
44,16,"independent"
50,17,"independent"
50,18,"independent"
48,19,"independent"
46,20,"independent"
50,21,"independent"
46,22,"independent"
46,23,"independent"
48,24,"independent"
52,25,"independent"
48,26,"independent"
48,27,"independent"
50,28,"independent"
50,29,"independent"
48,30,"independent"
42,31,"independent"
48,32,"independent"
48,33,"independent"
42,34,"independent"
48,35,"independent"
52,36,"independent"
52,37,"independent"
50,38,"independent"
50,39,"independent"
50,40,"independent"
38,41,"independent"
42,42,"independent"
46,43,"independent"
42,44,"independent"
50,45,"independent"
52,46,"independent"
48,47,"independent"
50,48,"independent"
40,49,"independent"
50,50,"independent"
48,51,"independent"
50,52,"independent"
48,53,"independent"
50,54,"independent"
50,55,"independent"
48,56,"independent"
48,57,"independent"
44,58,"independent"
44,59,"independent"
44,60,"independent"
48,61,"independent"
50,62,"independent"
52,63,"independent"
44,64,"independent"
50,65,"independent"
50,66,"independent"
48,67,"independent"
50,68,"independent"
48,69,"independent"
44,70,"independent"
42,71,"independent"
48,72,"independent"
46,73,"independent"
48,74,"independent"
48,75,"independent"
48,76,"independent"
48,77,"independent"
50,78,"independent"
50,79,"independent"
50,80,"independent"
50,81,"independent"
48,82,"independent"
44,83,"independent"
46,84,"independent"
48,85,"independent"
48,86,"independent"
48,87,"independent"
40,88,"independent"
46,89,"independent"
44,90,"independent"
46,91,"independent"
50,92,"independent"
48,93,"independent"
48,94,"independent"
52,95,"independent"
46,96,"independent"
42,97,"independent"
40,98,"independent"
42,99,"independent"
46,100,"independent"
48,101,"independent"
48,102,"independent"
46,103,"independent"
46,104,"independent"
48,105,"independent"
50,106,"independent"
46,107,"independent"
42,108,"independent"
44,109,"independent"
44,110,"independent"
44,111,"independent"
50,112,"independent"
46,113,"independent"
44,114,"independent"
44,115,"independent"
50,116,"independent"
46,117,"independent"
50,118,"independent"
48,119,"independent"
42,120,"independent"
46,121,"independent"
42,122,"independent"
44,123,"independent"
52,124,"independent"
50,125,"independent"
46,126,"independent"
46,127,"independent"
48,128,"independent"
46,129,"independent"
44,130,"independent"
50,131,"independent"
46,132,"independent"
54,133,"independent"
46,134,"independent"
42,135,"independent"
46,136,"independent"
46,137,"independent"
50,138,"independent"
48,139,"independent"
48,140,"independent"
46,141,"independent"
54,142,"independent"
52,143,"independent"
46,144,"independent"
52,145,"independent"
50,146,"independent"
42,147,"independent"
52,148,"independent"
48,149,"independent"
50,150,"independent"
50,151,"independent"
46,152,"independent"
46,153,"independent"
50,154,"independent"
46,155,"independent"
46,156,"independent"
44,157,"independent"
48,158,"independent"
46,159,"independent"
46,160,"independent"
50,161,"independent"
44,162,"independent"
42,163,"independent"
42,164,"independent"
40,165,"independent"
48,166,"independent"
48,167,"independent"
46,168,"independent"
44,169,"independent"
52,170,"independent"
50,171,"independent"
46,172,"independent"
48,173,"independent"
44,174,"independent"
48,175,"independent"
44,176,"independent"
40,177,"independent"
44,178,"independent"
48,179,"independent"
50,180,"independent"
44,181,"independent"
42,182,"independent"
46,183,"independent"
42,184,"independent"
42,185,"independent"
42,186,"independent"
46,187,"independent"
52,188,"independent"
42,189,"independent"
48,190,"independent"
52,191,"independent"
48,192,"independent"
48,193,"independent"
46,194,"independent"
42,195,"independent"
44,196,"independent"
46,197,"independent"
52,198,"independent"
50,199,"independent"
50,200,"independent"
44,201,"independent"
44,202,"independent"
50,203,"independent"
46,204,"independent"
48,205,"independent"
50,206,"independent"
50,207,"independent"
48,208,"independent"
54,209,"independent"
50,210,"independent"
48,211,"independent"
48,212,"independent"
46,213,"independent"
42,214,"independent"
44,215,"independent"
42,216,"independent"
50,217,"independent"
48,218,"independent"
40,219,"independent"
48,220,"independent"
48,221,"independent"
50,222,"independent"
52,223,"independent"
44,224,"independent"
48,225,"independent"
46,226,"independent"
50,227,"independent"
46,228,"independent"
48,229,"independent"
42,230,"independent"
40,231,"independent"
44,232,"independent"
52,233,"independent"
42,234,"independent"
42,235,"independent"
46,236,"independent"
44,237,"independent"
46,238,"independent"
48,239,"independent"
44,240,"independent"
44,241,"independent"
48,242,"independent"
46,243,"independent"
46,244,"independent"
46,245,"independent"
48,246,"independent"
42,247,"independent"
52,248,"independent"
48,249,"independent"
48,250,"independent"
50,251,"independent"
48,252,"independent"
46,253,"independent"
42,254,"independent"
50,255,"independent"
48,256,"independent"
50,257,"independent"
44,258,"independent"
50,259,"independent"
46,260,"independent"
48,261,"independent"
46,262,"independent"
44,263,"independent"
44,264,"independent"
46,265,"independent"
44,266,"independent"
48,267,"independent"
50,268,"independent"
52,269,"independent"
48,270,"independent"
50,271,"independent"
50,272,"independent"
48,273,"independent"
48,274,"independent"
50,275,"independent"
46,276,"independent"
48,277,"independent"
52,278,"independent"
42,279,"independent"
48,280,"independent"
48,281,"independent"
52,282,"independent"
50,283,"independent"
50,284,"independent"
48,285,"independent"
46,286,"independent"
40,287,"independent"
46,288,"independent"
50,289,"independent"
50,290,"independent"
46,291,"independent"
42,292,"independent"
50,293,"independent"
42,294,"independent"
48,295,"independent"
48,296,"independent"
52,297,"independent"
50,298,"independent"
48,299,"independent"
46,300,"independent"
46,301,"independent"
46,302,"independent"
40,303,"independent"
48,304,"independent"
48,305,"independent"
44,306,"independent"
52,307,"independent"
52,308,"independent"
52,309,"independent"
52,310,"independent"
50,311,"independent"
46,312,"independent"
50,313,"independent"
46,314,"independent"
54,315,"independent"
50,316,"independent"
48,317,"independent"
44,318,"independent"
42,319,"independent"
46,320,"independent"
48,321,"independent"
48,322,"independent"
52,323,"independent"
46,324,"independent"
48,325,"independent"
46,326,"independent"
46,327,"independent"
44,328,"independent"
46,329,"independent"
48,330,"independent"
50,331,"independent"
50,332,"independent"
50,333,"independent"
44,334,"independent"
46,335,"independent"
48,336,"independent"
46,337,"independent"
50,338,"independent"
54,339,"independent"
50,340,"independent"
52,341,"independent"
54,342,"independent"
50,343,"independent"
46,344,"independent"
48,345,"independent"
42,346,"independent"
52,347,"independent"
44,348,"independent"
50,349,"independent"
48,350,"independent"
50,351,"independent"
50,352,"independent"
48,353,"independent"
48,354,"independent"
54,355,"independent"
50,356,"independent"
48,357,"independent"
48,358,"independent"
48,359,"independent"
48,360,"independent"
48,361,"independent"
50,362,"independent"
48,363,"independent"
48,364,"independent"
48,365,"independent"
48,366,"independent"
48,367,"independent"
50,368,"independent"
46,369,"independent"
46,370,"independent"
40,371,"independent"
50,372,"independent"
48,373,"independent"
44,374,"independent"
40,375,"independent"
44,376,"independent"
46,377,"independent"
42,378,"independent"
48,379,"independent"
46,380,"independent"
44,381,"independent"
42,382,"independent"
48,383,"independent"
42,384,"independent"
46,385,"independent"
48,386,"independent"
44,387,"independent"
42,388,"independent"
46,389,"independent"
48,390,"independent"
46,391,"independent"
48,392,"independent"
44,393,"independent"
48,394,"independent"
46,395,"independent"
46,396,"independent"
44,397,"independent"
52,398,"independent"
46,399,"independent"
42,400,"independent"
46,401,"independent"
48,402,"independent"
48,403,"independent"
52,404,"independent"
50,405,"independent"
44,406,"independent"
52,407,"independent"
48,408,"independent"
50,409,"independent"
44,410,"independent"
48,411,"independent"
46,412,"independent"
48,413,"independent"
42,414,"independent"
48,415,"independent"
52,416,"independent"
50,417,"independent"
40,418,"independent"
50,419,"independent"
48,420,"independent"
48,421,"independent"
50,422,"independent"
48,423,"independent"
48,424,"independent"
48,425,"independent"
44,426,"independent"
44,427,"independent"
48,428,"independent"
48,429,"independent"
46,430,"independent"
50,431,"independent"
48,432,"independent"
46,433,"independent"
48,434,"independent"
44,435,"independent"
48,436,"independent"
48,437,"independent"
50,438,"independent"
46,439,"independent"
46,440,"independent"
46,441,"independent"
48,442,"independent"
44,443,"independent"
50,444,"independent"
46,445,"independent"
48,446,"independent"
42,447,"independent"
50,448,"independent"
46,449,"independent"
52,450,"independent"
46,451,"independent"
48,452,"independent"
42,453,"independent"
50,454,"independent"
44,455,"independent"
44,456,"independent"
50,457,"independent"
48,458,"independent"
48,459,"independent"
46,460,"independent"
50,461,"independent"
48,462,"independent"
48,463,"independent"
44,464,"independent"
44,465,"independent"
48,466,"independent"
44,467,"independent"
50,468,"independent"
50,469,"independent"
48,470,"independent"
44,471,"independent"
50,472,"independent"
42,473,"independent"
46,474,"independent"
38,475,"independent"
38,476,"independent"
44,477,"independent"
44,478,"independent"
40,479,"independent"
46,480,"independent"
48,481,"independent"
46,482,"independent"
46,483,"independent"
48,484,"independent"
46,485,"independent"
44,486,"independent"
42,487,"independent"
48,488,"independent"
44,489,"independent"
46,490,"independent"
48,491,"independent"
44,492,"independent"
46,493,"independent"
48,494,"independent"
44,495,"independent"
46,496,"independent"
42,497,"independent"
50,498,"independent"
42,499,"independent"
44,500,"independent"
48,501,"independent"
52,502,"independent"
50,503,"independent"
46,504,"independent"
46,505,"independent"
48,506,"independent"
44,507,"independent"
50,508,"independent"
46,509,"independent"
50,510,"independent"
48,511,"independent"
42,512,"independent"
46,513,"independent"
50,514,"independent"
50,515,"independent"
46,516,"independent"
50,517,"independent"
48,518,"independent"
50,519,"independent"
48,520,"independent"
42,521,"independent"
42,522,"independent"
48,523,"independent"
48,524,"independent"
46,525,"independent"
40,526,"independent"
42,527,"independent"
42,528,"independent"
48,529,"independent"
42,530,"independent"
48,531,"independent"
48,532,"independent"
46,533,"independent"
46,534,"independent"
42,535,"independent"
40,536,"independent"
42,537,"independent"
48,538,"independent"
50,539,"independent"
44,540,"independent"
40,541,"independent"
46,542,"independent"
46,543,"independent"
46,544,"independent"
50,545,"independent"
48,546,"independent"
50,547,"independent"
46,548,"independent"
50,549,"independent"
46,550,"independent"
48,551,"independent"
44,552,"independent"
44,553,"independent"
46,554,"independent"
44,555,"independent"
50,556,"independent"
48,557,"independent"
48,558,"independent"
46,559,"independent"
50,560,"independent"
48,561,"independent"
48,562,"independent"
50,563,"independent"
44,564,"independent"
40,565,"independent"
48,566,"independent"
48,567,"independent"
50,568,"independent"
50,569,"independent"
44,570,"independent"
44,571,"independent"
48,572,"independent"
48,573,"independent"
42,574,"independent"
42,575,"independent"
44,576,"independent"
42,577,"independent"
46,578,"independent"
46,579,"independent"
40,580,"independent"
52,581,"independent"
38,582,"independent"
46,583,"independent"
40,584,"independent"
50,585,"independent"
40,586,"independent"
54,587,"independent"
48,588,"independent"
48,589,"independent"
48,590,"independent"
42,591,"independent"
38,592,"independent"
48,593,"independent"
46,594,"independent"
50,595,"independent"
48,596,"independent"
52,597,"independent"
50,598,"independent"
46,599,"independent"
50,600,"independent"
46,601,"independent"
52,602,"independent"
48,603,"independent"
52,604,"independent"
50,605,"independent"
50,606,"independent"
40,607,"independent"
50,608,"independent"
44,609,"independent"
42,610,"independent"
50,611,"independent"
42,612,"independent"
46,613,"independent"
50,614,"independent"
50,615,"independent"
48,616,"independent"
46,617,"independent"
50,618,"independent"
48,619,"independent"
48,620,"independent"
50,621,"independent"
48,622,"independent"
52,623,"independent"
48,624,"independent"
50,625,"independent"
44,626,"independent"
48,627,"independent"
50,628,"independent"
48,629,"independent"
48,630,"independent"
46,631,"independent"
48,632,"independent"
48,633,"independent"
44,634,"independent"
48,635,"independent"
48,636,"independent"
50,637,"independent"
44,638,"independent"
48,639,"independent"
50,640,"independent"
50,641,"independent"
48,642,"independent"
44,643,"independent"
40,644,"independent"
48,645,"independent"
50,646,"independent"
50,647,"independent"
50,648,"independent"
46,649,"independent"
44,650,"independent"
44,651,"independent"
46,652,"independent"
46,653,"independent"
38,654,"independent"
48,655,"independent"
48,656,"independent"
46,657,"independent"
48,658,"independent"
44,659,"independent"
48,660,"independent"
48,661,"independent"
46,662,"independent"
44,663,"independent"
46,664,"independent"
50,665,"independent"
48,666,"independent"
48,667,"independent"
44,668,"independent"
46,669,"independent"
42,670,"independent"
46,671,"independent"
48,672,"independent"
44,673,"independent"
42,674,"independent"
46,675,"independent"
46,676,"independent"
50,677,"independent"
42,678,"independent"
44,679,"independent"
44,680,"independent"
50,681,"independent"
52,682,"independent"
50,683,"independent"
50,684,"independent"
48,685,"independent"
48,686,"independent"
52,687,"independent"
48,688,"independent"
50,689,"independent"
50,690,"independent"
50,691,"independent"
50,692,"independent"
46,693,"independent"
50,694,"independent"
54,695,"independent"
48,696,"independent"
46,697,"independent"
44,698,"independent"
42,699,"independent"
48,700,"independent"
42,701,"independent"
46,702,"independent"
46,703,"independent"
48,704,"independent"
46,705,"independent"
46,706,"independent"
50,707,"independent"
44,708,"independent"
44,709,"independent"
46,710,"independent"
46,711,"independent"
46,712,"independent"
36,713,"independent"
42,714,"independent"
44,715,"independent"
44,716,"independent"
46,717,"independent"
52,718,"independent"
46,719,"independent"
50,720,"independent"
46,721,"independent"
48,722,"independent"
44,723,"independent"
44,724,"independent"
48,725,"independent"
48,726,"independent"
48,727,"independent"
46,728,"independent"
42,729,"independent"
50,730,"independent"
50,731,"independent"
46,732,"independent"
48,733,"independent"
50,734,"independent"
48,735,"independent"
50,736,"independent"
50,737,"independent"
42,738,"independent"
46,739,"independent"
52,740,"independent"
52,741,"independent"
48,742,"independent"
46,743,"independent"
46,744,"independent"
46,745,"independent"
48,746,"independent"
46,747,"independent"
44,748,"independent"
46,749,"independent"
46,750,"independent"
48,751,"independent"
42,752,"independent"
42,753,"independent"
48,754,"independent"
48,755,"independent"
48,756,"independent"
48,757,"independent"
46,758,"independent"
40,759,"independent"
42,760,"independent"
48,761,"independent"
42,762,"independent"
48,763,"independent"
42,764,"independent"
48,765,"independent"
42,766,"independent"
48,767,"independent"
46,768,"independent"
50,769,"independent"
48,770,"independent"
44,771,"independent"
52,772,"independent"
48,773,"independent"
46,774,"independent"
46,775,"independent"
44,776,"independent"
46,777,"independent"
42,778,"independent"
50,779,"independent"
50,780,"independent"
50,781,"independent"
50,782,"independent"
46,783,"independent"
44,784,"independent"
38,785,"independent"
42,786,"independent"
44,787,"independent"
42,788,"independent"
46,789,"independent"
46,790,"independent"
46,791,"independent"
46,792,"independent"
46,793,"independent"
44,794,"independent"
46,795,"independent"
46,796,"independent"
52,797,"independent"
48,798,"independent"
48,799,"independent"
44,800,"independent"
42,801,"independent"
40,802,"independent"
48,803,"independent"
48,804,"independent"
50,805,"independent"
52,806,"independent"
42,807,"independent"
42,808,"independent"
42,809,"independent"
48,810,"independent"
52,811,"independent"
48,812,"independent"
50,813,"independent"
46,814,"independent"
48,815,"independent"
44,816,"independent"
50,817,"independent"
46,818,"independent"
40,819,"independent"
44,820,"independent"
44,821,"independent"
42,822,"independent"
48,823,"independent"
50,824,"independent"
50,825,"independent"
46,826,"independent"
44,827,"independent"
46,828,"independent"
44,829,"independent"
50,830,"independent"
52,831,"independent"
46,832,"independent"
46,833,"independent"
48,834,"independent"
40,835,"independent"
46,836,"independent"
46,837,"independent"
48,838,"independent"
48,839,"independent"
50,840,"independent"
48,841,"independent"
46,842,"independent"
44,843,"independent"
50,844,"independent"
48,845,"independent"
50,846,"independent"
50,847,"independent"
50,848,"independent"
46,849,"independent"
46,850,"independent"
52,851,"independent"
50,852,"independent"
52,853,"independent"
48,854,"independent"
48,855,"independent"
48,856,"independent"
52,857,"independent"
52,858,"independent"
42,859,"independent"
46,860,"independent"
44,861,"independent"
50,862,"independent"
48,863,"independent"
50,864,"independent"
50,865,"independent"
40,866,"independent"
50,867,"independent"
48,868,"independent"
48,869,"independent"
50,870,"independent"
48,871,"independent"
50,872,"independent"
42,873,"independent"
54,874,"independent"
50,875,"independent"
46,876,"independent"
50,877,"independent"
50,878,"independent"
54,879,"independent"
50,880,"independent"
42,881,"independent"
46,882,"independent"
50,883,"independent"
52,884,"independent"
50,885,"independent"
48,886,"independent"
48,887,"independent"
48,888,"independent"
48,889,"independent"
42,890,"independent"
44,891,"independent"
52,892,"independent"
48,893,"independent"
48,894,"independent"
52,895,"independent"
52,896,"independent"
48,897,"independent"
46,898,"independent"
46,899,"independent"
52,900,"independent"
50,901,"independent"
46,902,"independent"
50,903,"independent"
50,904,"independent"
48,905,"independent"
44,906,"independent"
40,907,"independent"
46,908,"independent"
44,909,"independent"
48,910,"independent"
48,911,"independent"
42,912,"independent"
40,913,"independent"
42,914,"independent"
46,915,"independent"
48,916,"independent"
46,917,"independent"
50,918,"independent"
48,919,"independent"
50,920,"independent"
48,921,"independent"
44,922,"independent"
42,923,"independent"
44,924,"independent"
46,925,"independent"
52,926,"independent"
46,927,"independent"
50,928,"independent"
44,929,"independent"
48,930,"independent"
42,931,"independent"
46,932,"independent"
46,933,"independent"
48,934,"independent"
50,935,"independent"
50,936,"independent"
50,937,"independent"
52,938,"independent"
48,939,"independent"
48,940,"independent"
48,941,"independent"
50,942,"independent"
48,943,"independent"
44,944,"independent"
52,945,"independent"
52,946,"independent"
46,947,"independent"
46,948,"independent"
48,949,"independent"
46,950,"independent"
52,951,"independent"
52,952,"independent"
48,953,"independent"
48,954,"independent"
52,955,"independent"
46,956,"independent"
50,957,"independent"
46,958,"independent"
46,959,"independent"
44,960,"independent"
46,961,"independent"
36,962,"independent"
42,963,"independent"
46,964,"independent"
46,965,"independent"
38,966,"independent"
48,967,"independent"
50,968,"independent"
48,969,"independent"
46,970,"independent"
48,971,"independent"
44,972,"independent"
46,973,"independent"
50,974,"independent"
50,975,"independent"
44,976,"independent"
46,977,"independent"
46,978,"independent"
50,979,"independent"
52,980,"independent"
46,981,"independent"
48,982,"independent"
42,983,"independent"
46,984,"independent"
44,985,"independent"
48,986,"independent"
46,987,"independent"
50,988,"independent"
52,989,"independent"
52,990,"independent"
52,991,"independent"
44,992,"independent"
54,993,"independent"
52,994,"independent"
52,995,"independent"
50,996,"independent"
52,997,"independent"
48,998,"independent"
36,999,"independent"
42,1000,"independent"
48,1001,"independent"
44,1002,"independent"
46,1003,"independent"
46,1004,"independent"
40,1005,"independent"
48,1006,"independent"
50,1007,"independent"
46,1008,"independent"
44,1009,"independent"
50,1010,"independent"
50,1011,"independent"
46,1012,"independent"
44,1013,"independent"
48,1014,"independent"
40,1015,"independent"
50,1016,"independent"
54,1017,"independent"
50,1018,"independent"
52,1019,"independent"
46,1020,"independent"
46,1021,"independent"
48,1022,"independent"
48,1023,"independent"
48,1024,"independent"
46,1025,"independent"
48,1026,"independent"
46,1027,"independent"
50,1028,"independent"
48,1029,"independent"
46,1030,"independent"
48,1031,"independent"
50,1032,"independent"
52,1033,"independent"
50,1034,"independent"
46,1035,"independent"
48,1036,"independent"
50,1037,"independent"
50,1038,"independent"
50,1039,"independent"
46,1040,"independent"
48,1041,"independent"
44,1042,"independent"
42,1043,"independent"
52,1044,"independent"
52,1045,"independent"
44,1046,"independent"
52,1047,"independent"
50,1048,"independent"
46,1049,"independent"
50,1050,"independent"
50,1051,"independent"
42,1052,"independent"
52,1053,"independent"
50,1054,"independent"
48,1055,"independent"
50,1056,"independent"
50,1057,"independent"
48,1058,"independent"
40,1059,"independent"
48,1060,"independent"
50,1061,"independent"
44,1062,"independent"
50,1063,"independent"
52,1064,"independent"
46,1065,"independent"
46,1066,"independent"
44,1067,"independent"
46,1068,"independent"
44,1069,"independent"
48,1070,"independent"
48,1071,"independent"
50,1072,"independent"
46,1073,"independent"
46,1074,"independent"
46,1075,"independent"
48,1076,"independent"
50,1077,"independent"
46,1078,"independent"
50,1079,"independent"
44,1080,"independent"
42,1081,"independent"
48,1082,"independent"
44,1083,"independent"
48,1084,"independent"
48,1085,"independent"
48,1086,"independent"
46,1087,"independent"
42,1088,"independent"
48,1089,"independent"
44,1090,"independent"
48,1091,"independent"
52,1092,"independent"
46,1093,"independent"
46,1094,"independent"
48,1095,"independent"
48,1096,"independent"
48,1097,"independent"
46,1098,"independent"
52,1099,"independent"
48,1100,"independent"
46,1101,"independent"
42,1102,"independent"
46,1103,"independent"
48,1104,"independent"
48,1105,"independent"
44,1106,"independent"
44,1107,"independent"
48,1108,"independent"
46,1109,"independent"
50,1110,"independent"
50,1111,"independent"
52,1112,"independent"
52,1113,"independent"
52,1114,"independent"
52,1115,"independent"
46,1116,"independent"
48,1117,"independent"
44,1118,"independent"
48,1119,"independent"
50,1120,"independent"
46,1121,"independent"
42,1122,"independent"
46,1123,"independent"
48,1124,"independent"
40,1125,"independent"
44,1126,"independent"
42,1127,"independent"
42,1128,"independent"
44,1129,"independent"
40,1130,"independent"
42,1131,"independent"
44,1132,"independent"
42,1133,"independent"
42,1134,"independent"
44,1135,"independent"
48,1136,"independent"
48,1137,"independent"
52,1138,"independent"
54,1139,"independent"
48,1140,"independent"
46,1141,"independent"
40,1142,"independent"
46,1143,"independent"
46,1144,"independent"
48,1145,"independent"
50,1146,"independent"
48,1147,"independent"
50,1148,"independent"
40,1149,"independent"
44,1150,"independent"
46,1151,"independent"
46,1152,"independent"
50,1153,"independent"
50,1154,"independent"
46,1155,"independent"
46,1156,"independent"
50,1157,"independent"
46,1158,"independent"
44,1159,"independent"
46,1160,"independent"
46,1161,"independent"
48,1162,"independent"
44,1163,"independent"
48,1164,"independent"
50,1165,"independent"
46,1166,"independent"
46,1167,"independent"
48,1168,"independent"
48,1169,"independent"
46,1170,"independent"
48,1171,"independent"
48,1172,"independent"
48,1173,"independent"
40,1174,"independent"
46,1175,"independent"
48,1176,"independent"
46,1177,"independent"
48,1178,"independent"
48,1179,"independent"
48,1180,"independent"
48,1181,"independent"
46,1182,"independent"
42,1183,"independent"
44,1184,"independent"
44,1185,"independent"
52,1186,"independent"
44,1187,"independent"
44,1188,"independent"
40,1189,"independent"
44,1190,"independent"
46,1191,"independent"
44,1192,"independent"
48,1193,"independent"
44,1194,"independent"
44,1195,"independent"
48,1196,"independent"
50,1197,"independent"
48,1198,"independent"
50,1199,"independent"
42,1200,"independent"
42,1201,"independent"
44,1202,"independent"
48,1203,"independent"
54,1204,"independent"
44,1205,"independent"
52,1206,"independent"
50,1207,"independent"
46,1208,"independent"
50,1209,"independent"
50,1210,"independent"
52,1211,"independent"
48,1212,"independent"
46,1213,"independent"
42,1214,"independent"
46,1215,"independent"
46,1216,"independent"
50,1217,"independent"
50,1218,"independent"
50,1219,"independent"
50,1220,"independent"
48,1221,"independent"
44,1222,"independent"
46,1223,"independent"
46,1224,"independent"
46,1225,"independent"
52,1226,"independent"
50,1227,"independent"
44,1228,"independent"
42,1229,"independent"
50,1230,"independent"
50,1231,"independent"
48,1232,"independent"
50,1233,"independent"
50,1234,"independent"
48,1235,"independent"
44,1236,"independent"
50,1237,"independent"
42,1238,"independent"
50,1239,"independent"
48,1240,"independent"
48,1241,"independent"
50,1242,"independent"
50,1243,"independent"
50,1244,"independent"
44,1245,"independent"
48,1246,"independent"
50,1247,"independent"
44,1248,"independent"
50,1249,"independent"
48,1250,"independent"
50,1251,"independent"
44,1252,"independent"
44,1253,"independent"
46,1254,"independent"
50,1255,"independent"
48,1256,"independent"
44,1257,"independent"
46,1258,"independent"
50,1259,"independent"
44,1260,"independent"
48,1261,"independent"
52,1262,"independent"
50,1263,"independent"
52,1264,"independent"
48,1265,"independent"
50,1266,"independent"
46,1267,"independent"
50,1268,"independent"
48,1269,"independent"
48,1270,"independent"
44,1271,"independent"
48,1272,"independent"
44,1273,"independent"
46,1274,"independent"
48,1275,"independent"
48,1276,"independent"
48,1277,"independent"
50,1278,"independent"
48,1279,"independent"
46,1280,"independent"
46,1281,"independent"
40,1282,"independent"
50,1283,"independent"
48,1284,"independent"
46,1285,"independent"
48,1286,"independent"
46,1287,"independent"
44,1288,"independent"
46,1289,"independent"
50,1290,"independent"
50,1291,"independent"
44,1292,"independent"
48,1293,"independent"
52,1294,"independent"
52,1295,"independent"
50,1296,"independent"
48,1297,"independent"
44,1298,"independent"
48,1299,"independent"
52,1300,"independent"
48,1301,"independent"
52,1302,"independent"
52,1303,"independent"
50,1304,"independent"
46,1305,"independent"
50,1306,"independent"
48,1307,"independent"
50,1308,"independent"
48,1309,"independent"
46,1310,"independent"
50,1311,"independent"
44,1312,"independent"
46,1313,"independent"
44,1314,"independent"
50,1315,"independent"
46,1316,"independent"
44,1317,"independent"
48,1318,"independent"
50,1319,"independent"
42,1320,"independent"
40,1321,"independent"
50,1322,"independent"
48,1323,"independent"
50,1324,"independent"
46,1325,"independent"
46,1326,"independent"
50,1327,"independent"
52,1328,"independent"
50,1329,"independent"
50,1330,"independent"
46,1331,"independent"
50,1332,"independent"
48,1333,"independent"
50,1334,"independent"
48,1335,"independent"
50,1336,"independent"
52,1337,"independent"
52,1338,"independent"
50,1339,"independent"
40,1340,"independent"
50,1341,"independent"
48,1342,"independent"
44,1343,"independent"
50,1344,"independent"
36,1345,"independent"
44,1346,"independent"
50,1347,"independent"
44,1348,"independent"
52,1349,"independent"
42,1350,"independent"
44,1351,"independent"
48,1352,"independent"
48,1353,"independent"
44,1354,"independent"
46,1355,"independent"
50,1356,"independent"
40,1357,"independent"
48,1358,"independent"
46,1359,"independent"
48,1360,"independent"
54,1361,"independent"
46,1362,"independent"
46,1363,"independent"
46,1364,"independent"
48,1365,"independent"
40,1366,"independent"
48,1367,"independent"
46,1368,"independent"
46,1369,"independent"
44,1370,"independent"
40,1371,"independent"
46,1372,"independent"
50,1373,"independent"
42,1374,"independent"
44,1375,"independent"
46,1376,"independent"
48,1377,"independent"
52,1378,"independent"
50,1379,"independent"
42,1380,"independent"
48,1381,"independent"
44,1382,"independent"
50,1383,"independent"
50,1384,"independent"
42,1385,"independent"
46,1386,"independent"
52,1387,"independent"
50,1388,"independent"
48,1389,"independent"
48,1390,"independent"
50,1391,"independent"
46,1392,"independent"
46,1393,"independent"
50,1394,"independent"
46,1395,"independent"
42,1396,"independent"
48,1397,"independent"
48,1398,"independent"
46,1399,"independent"
48,1400,"independent"
50,1401,"independent"
46,1402,"independent"
44,1403,"independent"
46,1404,"independent"
44,1405,"independent"
50,1406,"independent"
44,1407,"independent"
42,1408,"independent"
46,1409,"independent"
50,1410,"independent"
50,1411,"independent"
48,1412,"independent"
50,1413,"independent"
42,1414,"independent"
40,1415,"independent"
44,1416,"independent"
48,1417,"independent"
46,1418,"independent"
44,1419,"independent"
46,1420,"independent"
48,1421,"independent"
44,1422,"independent"
46,1423,"independent"
50,1424,"independent"
48,1425,"independent"
44,1426,"independent"
48,1427,"independent"
46,1428,"independent"
44,1429,"independent"
46,1430,"independent"
50,1431,"independent"
44,1432,"independent"
44,1433,"independent"
44,1434,"independent"
44,1435,"independent"
46,1436,"independent"
46,1437,"independent"
48,1438,"independent"
38,1439,"independent"
46,1440,"independent"
48,1441,"independent"
48,1442,"independent"
44,1443,"independent"
48,1444,"independent"
50,1445,"independent"
48,1446,"independent"
48,1447,"independent"
46,1448,"independent"
44,1449,"independent"
50,1450,"independent"
48,1451,"independent"
50,1452,"independent"
50,1453,"independent"
44,1454,"independent"
48,1455,"independent"
48,1456,"independent"
44,1457,"independent"
42,1458,"independent"
44,1459,"independent"
52,1460,"independent"
48,1461,"independent"
50,1462,"independent"
48,1463,"independent"
46,1464,"independent"
48,1465,"independent"
48,1466,"independent"
44,1467,"independent"
50,1468,"independent"
46,1469,"independent"
46,1470,"independent"
46,1471,"independent"
44,1472,"independent"
44,1473,"independent"
46,1474,"independent"
46,1475,"independent"
42,1476,"independent"
46,1477,"independent"
46,1478,"independent"
54,1479,"independent"
46,1480,"independent"
46,1481,"independent"
50,1482,"independent"
48,1483,"independent"
50,1484,"independent"
46,1485,"independent"
50,1486,"independent"
48,1487,"independent"
52,1488,"independent"
50,1489,"independent"
44,1490,"independent"
44,1491,"independent"
50,1492,"independent"
52,1493,"independent"
52,1494,"independent"
44,1495,"independent"
50,1496,"independent"
52,1497,"independent"
46,1498,"independent"
42,1499,"independent"
52,1500,"independent"
50,1501,"independent"
46,1502,"independent"
48,1503,"independent"
46,1504,"independent"
48,1505,"independent"
46,1506,"independent"
48,1507,"independent"
48,1508,"independent"
44,1509,"independent"
50,1510,"independent"
50,1511,"independent"
52,1512,"independent"
44,1513,"independent"
46,1514,"independent"
42,1515,"independent"
46,1516,"independent"
46,1517,"independent"
52,1518,"independent"
50,1519,"independent"
46,1520,"independent"
46,1521,"independent"
50,1522,"independent"
50,1523,"independent"
48,1524,"independent"
46,1525,"independent"
50,1526,"independent"
50,1527,"independent"
48,1528,"independent"
48,1529,"independent"
52,1530,"independent"
48,1531,"independent"
50,1532,"independent"
48,1533,"independent"
50,1534,"independent"
44,1535,"independent"
44,1536,"independent"
48,1537,"independent"
44,1538,"independent"
42,1539,"independent"
48,1540,"independent"
52,1541,"independent"
48,1542,"independent"
44,1543,"independent"
50,1544,"independent"
46,1545,"independent"
46,1546,"independent"
48,1547,"independent"
48,1548,"independent"
44,1549,"independent"
46,1550,"independent"
44,1551,"independent"
48,1552,"independent"
44,1553,"independent"
50,1554,"independent"
46,1555,"independent"
48,1556,"independent"
46,1557,"independent"
46,1558,"independent"
44,1559,"independent"
48,1560,"independent"
52,1561,"independent"
46,1562,"independent"
50,1563,"independent"
46,1564,"independent"
48,1565,"independent"
40,1566,"independent"
52,1567,"independent"
48,1568,"independent"
50,1569,"independent"
46,1570,"independent"
50,1571,"independent"
46,1572,"independent"
52,1573,"independent"
50,1574,"independent"
52,1575,"independent"
46,1576,"independent"
44,1577,"independent"
42,1578,"independent"
48,1579,"independent"
44,1580,"independent"
50,1581,"independent"
48,1582,"independent"
48,1583,"independent"
46,1584,"independent"
46,1585,"independent"
46,1586,"independent"
44,1587,"independent"
44,1588,"independent"
44,1589,"independent"
44,1590,"independent"
46,1591,"independent"
46,1592,"independent"
44,1593,"independent"
46,1594,"independent"
48,1595,"independent"
50,1596,"independent"
50,1597,"independent"
46,1598,"independent"
46,1599,"independent"
50,1600,"independent"
48,1601,"independent"
48,1602,"independent"
46,1603,"independent"
50,1604,"independent"
54,1605,"independent"
44,1606,"independent"
50,1607,"independent"
52,1608,"independent"
50,1609,"independent"
50,1610,"independent"
48,1611,"independent"
46,1612,"independent"
44,1613,"independent"
50,1614,"independent"
48,1615,"independent"
46,1616,"independent"
46,1617,"independent"
48,1618,"independent"
48,1619,"independent"
48,1620,"independent"
48,1621,"independent"
48,1622,"independent"
48,1623,"independent"
48,1624,"independent"
44,1625,"independent"
46,1626,"independent"
46,1627,"independent"
50,1628,"independent"
50,1629,"independent"
44,1630,"independent"
50,1631,"independent"
48,1632,"independent"
48,1633,"independent"
46,1634,"independent"
52,1635,"independent"
52,1636,"independent"
52,1637,"independent"
48,1638,"independent"
46,1639,"independent"
44,1640,"independent"
40,1641,"independent"
48,1642,"independent"
50,1643,"independent"
48,1644,"independent"
50,1645,"independent"
46,1646,"independent"
44,1647,"independent"
44,1648,"independent"
42,1649,"independent"
46,1650,"independent"
44,1651,"independent"
48,1652,"independent"
50,1653,"independent"
48,1654,"independent"
40,1655,"independent"
46,1656,"independent"
50,1657,"independent"
48,1658,"independent"
48,1659,"independent"
48,1660,"independent"
38,1661,"independent"
48,1662,"independent"
46,1663,"independent"
46,1664,"independent"
42,1665,"independent"
48,1666,"independent"
46,1667,"independent"
52,1668,"independent"
40,1669,"independent"
48,1670,"independent"
48,1671,"independent"
48,1672,"independent"
46,1673,"independent"
52,1674,"independent"
44,1675,"independent"
44,1676,"independent"
42,1677,"independent"
48,1678,"independent"
52,1679,"independent"
48,1680,"independent"
50,1681,"independent"
50,1682,"independent"
52,1683,"independent"
46,1684,"independent"
50,1685,"independent"
46,1686,"independent"
38,1687,"independent"
48,1688,"independent"
46,1689,"independent"
42,1690,"independent"
44,1691,"independent"
46,1692,"independent"
48,1693,"independent"
48,1694,"independent"
46,1695,"independent"
44,1696,"independent"
50,1697,"independent"
48,1698,"independent"
52,1699,"independent"
46,1700,"independent"
46,1701,"independent"
48,1702,"independent"
48,1703,"independent"
46,1704,"independent"
42,1705,"independent"
44,1706,"independent"
50,1707,"independent"
50,1708,"independent"
44,1709,"independent"
48,1710,"independent"
50,1711,"independent"
48,1712,"independent"
50,1713,"independent"
36,1714,"independent"
48,1715,"independent"
42,1716,"independent"
44,1717,"independent"
46,1718,"independent"
52,1719,"independent"
48,1720,"independent"
48,1721,"independent"
44,1722,"independent"
44,1723,"independent"
44,1724,"independent"
50,1725,"independent"
46,1726,"independent"
50,1727,"independent"
52,1728,"independent"
44,1729,"independent"
50,1730,"independent"
50,1731,"independent"
52,1732,"independent"
52,1733,"independent"
46,1734,"independent"
42,1735,"independent"
46,1736,"independent"
42,1737,"independent"
44,1738,"independent"
42,1739,"independent"
44,1740,"independent"
50,1741,"independent"
48,1742,"independent"
44,1743,"independent"
40,1744,"independent"
46,1745,"independent"
48,1746,"independent"
44,1747,"independent"
46,1748,"independent"
52,1749,"independent"
50,1750,"independent"
48,1751,"independent"
50,1752,"independent"
46,1753,"independent"
42,1754,"independent"
50,1755,"independent"
46,1756,"independent"
50,1757,"independent"
48,1758,"independent"
46,1759,"independent"
50,1760,"independent"
44,1761,"independent"
54,1762,"independent"
52,1763,"independent"
50,1764,"independent"
50,1765,"independent"
48,1766,"independent"
52,1767,"independent"
46,1768,"independent"
48,1769,"independent"
48,1770,"independent"
54,1771,"independent"
48,1772,"independent"
44,1773,"independent"
50,1774,"independent"
44,1775,"independent"
50,1776,"independent"
44,1777,"independent"
46,1778,"independent"
46,1779,"independent"
52,1780,"independent"
50,1781,"independent"
46,1782,"independent"
50,1783,"independent"
46,1784,"independent"
48,1785,"independent"
46,1786,"independent"
44,1787,"independent"
46,1788,"independent"
50,1789,"independent"
50,1790,"independent"
44,1791,"independent"
46,1792,"independent"
44,1793,"independent"
50,1794,"independent"
44,1795,"independent"
48,1796,"independent"
52,1797,"independent"
52,1798,"independent"
50,1799,"independent"
42,1800,"independent"
48,1801,"independent"
40,1802,"independent"
48,1803,"independent"
50,1804,"independent"
40,1805,"independent"
48,1806,"independent"
48,1807,"independent"
46,1808,"independent"
52,1809,"independent"
48,1810,"independent"
46,1811,"independent"
42,1812,"independent"
46,1813,"independent"
44,1814,"independent"
46,1815,"independent"
46,1816,"independent"
42,1817,"independent"
46,1818,"independent"
52,1819,"independent"
46,1820,"independent"
50,1821,"independent"
52,1822,"independent"
52,1823,"independent"
44,1824,"independent"
52,1825,"independent"
50,1826,"independent"
48,1827,"independent"
48,1828,"independent"
50,1829,"independent"
50,1830,"independent"
48,1831,"independent"
46,1832,"independent"
42,1833,"independent"
50,1834,"independent"
46,1835,"independent"
50,1836,"independent"
46,1837,"independent"
46,1838,"independent"
46,1839,"independent"
48,1840,"independent"
44,1841,"independent"
50,1842,"independent"
46,1843,"independent"
48,1844,"independent"
44,1845,"independent"
52,1846,"independent"
50,1847,"independent"
46,1848,"independent"
48,1849,"independent"
48,1850,"independent"
48,1851,"independent"
50,1852,"independent"
46,1853,"independent"
52,1854,"independent"
48,1855,"independent"
50,1856,"independent"
46,1857,"independent"
46,1858,"independent"
48,1859,"independent"
46,1860,"independent"
48,1861,"independent"
42,1862,"independent"
46,1863,"independent"
50,1864,"independent"
48,1865,"independent"
44,1866,"independent"
44,1867,"independent"
42,1868,"independent"
46,1869,"independent"
50,1870,"independent"
44,1871,"independent"
52,1872,"independent"
52,1873,"independent"
48,1874,"independent"
48,1875,"independent"
46,1876,"independent"
50,1877,"independent"
48,1878,"independent"
44,1879,"independent"
46,1880,"independent"
50,1881,"independent"
48,1882,"independent"
46,1883,"independent"
44,1884,"independent"
44,1885,"independent"
48,1886,"independent"
44,1887,"independent"
48,1888,"independent"
44,1889,"independent"
48,1890,"independent"
48,1891,"independent"
44,1892,"independent"
52,1893,"independent"
46,1894,"independent"
50,1895,"independent"
52,1896,"independent"
48,1897,"independent"
48,1898,"independent"
44,1899,"independent"
46,1900,"independent"
44,1901,"independent"
48,1902,"independent"
50,1903,"independent"
46,1904,"independent"
42,1905,"independent"
50,1906,"independent"
48,1907,"independent"
48,1908,"independent"
42,1909,"independent"
46,1910,"independent"
48,1911,"independent"
52,1912,"independent"
44,1913,"independent"
48,1914,"independent"
44,1915,"independent"
50,1916,"independent"
50,1917,"independent"
52,1918,"independent"
50,1919,"independent"
50,1920,"independent"
50,1921,"independent"
50,1922,"independent"
50,1923,"independent"
48,1924,"independent"
46,1925,"independent"
46,1926,"independent"
46,1927,"independent"
50,1928,"independent"
44,1929,"independent"
50,1930,"independent"
50,1931,"independent"
48,1932,"independent"
40,1933,"independent"
52,1934,"independent"
50,1935,"independent"
50,1936,"independent"
52,1937,"independent"
52,1938,"independent"
46,1939,"independent"
50,1940,"independent"
48,1941,"independent"
50,1942,"independent"
46,1943,"independent"
48,1944,"independent"
48,1945,"independent"
44,1946,"independent"
48,1947,"independent"
46,1948,"independent"
42,1949,"independent"
44,1950,"independent"
52,1951,"independent"
52,1952,"independent"
50,1953,"independent"
48,1954,"independent"
44,1955,"independent"
48,1956,"independent"
52,1957,"independent"
46,1958,"independent"
42,1959,"independent"
48,1960,"independent"
48,1961,"independent"
46,1962,"independent"
50,1963,"independent"
48,1964,"independent"
48,1965,"independent"
46,1966,"independent"
48,1967,"independent"
40,1968,"independent"
46,1969,"independent"
50,1970,"independent"
48,1971,"independent"
46,1972,"independent"
48,1973,"independent"
48,1974,"independent"
44,1975,"independent"
48,1976,"independent"
48,1977,"independent"
46,1978,"independent"
42,1979,"independent"
44,1980,"independent"
42,1981,"independent"
50,1982,"independent"
50,1983,"independent"
44,1984,"independent"
50,1985,"independent"
48,1986,"independent"
48,1987,"independent"
48,1988,"independent"
42,1989,"independent"
46,1990,"independent"
44,1991,"independent"
50,1992,"independent"
48,1993,"independent"
50,1994,"independent"
44,1995,"independent"
44,1996,"independent"
46,1997,"independent"
50,1998,"independent"
46,1999,"independent"
50,2000,"independent"
44,2001,"independent"
50,2002,"independent"
44,2003,"independent"
46,2004,"independent"
52,2005,"independent"
50,2006,"independent"
50,2007,"independent"
48,2008,"independent"
46,2009,"independent"
46,2010,"independent"
42,2011,"independent"
46,2012,"independent"
50,2013,"independent"
50,2014,"independent"
50,2015,"independent"
52,2016,"independent"
50,2017,"independent"
46,2018,"independent"
48,2019,"independent"
48,2020,"independent"
46,2021,"independent"
46,2022,"independent"
44,2023,"independent"
44,2024,"independent"
46,2025,"independent"
44,2026,"independent"
40,2027,"independent"
44,2028,"independent"
50,2029,"independent"
44,2030,"independent"
46,2031,"independent"
48,2032,"independent"
46,2033,"independent"
46,2034,"independent"
42,2035,"independent"
46,2036,"independent"
48,2037,"independent"
48,2038,"independent"
44,2039,"independent"
50,2040,"independent"
48,2041,"independent"
50,2042,"independent"
50,2043,"independent"
52,2044,"independent"
48,2045,"independent"
48,2046,"independent"
42,2047,"independent"
44,2048,"independent"
48,2049,"independent"
48,2050,"independent"
48,2051,"independent"
42,2052,"independent"
50,2053,"independent"
52,2054,"independent"
50,2055,"independent"
48,2056,"independent"
50,2057,"independent"
50,2058,"independent"
52,2059,"independent"
48,2060,"independent"
48,2061,"independent"
40,2062,"independent"
42,2063,"independent"
50,2064,"independent"
46,2065,"independent"
48,2066,"independent"
50,2067,"independent"
46,2068,"independent"
46,2069,"independent"
42,2070,"independent"
42,2071,"independent"
46,2072,"independent"
44,2073,"independent"
50,2074,"independent"
52,2075,"independent"
48,2076,"independent"
42,2077,"independent"
44,2078,"independent"
50,2079,"independent"
44,2080,"independent"
44,2081,"independent"
42,2082,"independent"
46,2083,"independent"
46,2084,"independent"
52,2085,"independent"
50,2086,"independent"
54,2087,"independent"
52,2088,"independent"
42,2089,"independent"
50,2090,"independent"
46,2091,"independent"
48,2092,"independent"
52,2093,"independent"
50,2094,"independent"
48,2095,"independent"
44,2096,"independent"
50,2097,"independent"
48,2098,"independent"
50,2099,"independent"
52,2100,"independent"
48,2101,"independent"
48,2102,"independent"
50,2103,"independent"
52,2104,"independent"
48,2105,"independent"
52,2106,"independent"
52,2107,"independent"
46,2108,"independent"
50,2109,"independent"
46,2110,"independent"
32,2111,"independent"
48,2112,"independent"
48,2113,"independent"
42,2114,"independent"
46,2115,"independent"
44,2116,"independent"
48,2117,"independent"
52,2118,"independent"
50,2119,"independent"
48,2120,"independent"
48,2121,"independent"
52,2122,"independent"
48,2123,"independent"
50,2124,"independent"
48,2125,"independent"
48,2126,"independent"
52,2127,"independent"
48,2128,"independent"
52,2129,"independent"
44,2130,"independent"
52,2131,"independent"
48,2132,"independent"
48,2133,"independent"
52,2134,"independent"
48,2135,"independent"
48,2136,"independent"
46,2137,"independent"
46,2138,"independent"
48,2139,"independent"
46,2140,"independent"
48,2141,"independent"
48,2142,"independent"
52,2143,"independent"
46,2144,"independent"
44,2145,"independent"
40,2146,"independent"
42,2147,"independent"
44,2148,"independent"
44,2149,"independent"
44,2150,"independent"
46,2151,"independent"
46,2152,"independent"
48,2153,"independent"
50,2154,"independent"
48,2155,"independent"
32,2156,"independent"
42,2157,"independent"
50,2158,"independent"
52,2159,"independent"
48,2160,"independent"
48,2161,"independent"
50,2162,"independent"
52,2163,"independent"
44,2164,"independent"
42,2165,"independent"
42,2166,"independent"
48,2167,"independent"
44,2168,"independent"
44,2169,"independent"
54,2170,"independent"
44,2171,"independent"
42,2172,"independent"
38,2173,"independent"
50,2174,"independent"
46,2175,"independent"
46,2176,"independent"
44,2177,"independent"
50,2178,"independent"
48,2179,"independent"
48,2180,"independent"
44,2181,"independent"
50,2182,"independent"
54,2183,"independent"
42,2184,"independent"
48,2185,"independent"
50,2186,"independent"
46,2187,"independent"
50,2188,"independent"
50,2189,"independent"
48,2190,"independent"
44,2191,"independent"
50,2192,"independent"
42,2193,"independent"
44,2194,"independent"
50,2195,"independent"
50,2196,"independent"
48,2197,"independent"
44,2198,"independent"
46,2199,"independent"
44,2200,"independent"
50,2201,"independent"
50,2202,"independent"
44,2203,"independent"
46,2204,"independent"
42,2205,"independent"
48,2206,"independent"
46,2207,"independent"
48,2208,"independent"
46,2209,"independent"
44,2210,"independent"
48,2211,"independent"
50,2212,"independent"
50,2213,"independent"
48,2214,"independent"
44,2215,"independent"
50,2216,"independent"
48,2217,"independent"
50,2218,"independent"
48,2219,"independent"
46,2220,"independent"
48,2221,"independent"
46,2222,"independent"
42,2223,"independent"
46,2224,"independent"
46,2225,"independent"
44,2226,"independent"
46,2227,"independent"
48,2228,"independent"
50,2229,"independent"
42,2230,"independent"
46,2231,"independent"
50,2232,"independent"
48,2233,"independent"
50,2234,"independent"
50,2235,"independent"
44,2236,"independent"
50,2237,"independent"
42,2238,"independent"
46,2239,"independent"
46,2240,"independent"
44,2241,"independent"
50,2242,"independent"
50,2243,"independent"
50,2244,"independent"
50,2245,"independent"
48,2246,"independent"
50,2247,"independent"
44,2248,"independent"
42,2249,"independent"
48,2250,"independent"
50,2251,"independent"
48,2252,"independent"
52,2253,"independent"
50,2254,"independent"
46,2255,"independent"
50,2256,"independent"
44,2257,"independent"
46,2258,"independent"
46,2259,"independent"
48,2260,"independent"
52,2261,"independent"
52,2262,"independent"
48,2263,"independent"
46,2264,"independent"
48,2265,"independent"
52,2266,"independent"
46,2267,"independent"
42,2268,"independent"
42,2269,"independent"
46,2270,"independent"
44,2271,"independent"
46,2272,"independent"
48,2273,"independent"
50,2274,"independent"
44,2275,"independent"
46,2276,"independent"
46,2277,"independent"
46,2278,"independent"
42,2279,"independent"
50,2280,"independent"
44,2281,"independent"
50,2282,"independent"
52,2283,"independent"
46,2284,"independent"
46,2285,"independent"
44,2286,"independent"
50,2287,"independent"
46,2288,"independent"
50,2289,"independent"
46,2290,"independent"
48,2291,"independent"
46,2292,"independent"
50,2293,"independent"
52,2294,"independent"
52,2295,"independent"
54,2296,"independent"
48,2297,"independent"
50,2298,"independent"
52,2299,"independent"
52,2300,"independent"
48,2301,"independent"
46,2302,"independent"
44,2303,"independent"
46,2304,"independent"
46,2305,"independent"
50,2306,"independent"
46,2307,"independent"
42,2308,"independent"
44,2309,"independent"
44,2310,"independent"
50,2311,"independent"
40,2312,"independent"
48,2313,"independent"
46,2314,"independent"
48,2315,"independent"
50,2316,"independent"
46,2317,"independent"
48,2318,"independent"
48,2319,"independent"
46,2320,"independent"
48,2321,"independent"
46,2322,"independent"
44,2323,"independent"
44,2324,"independent"
50,2325,"independent"
52,2326,"independent"
50,2327,"independent"
42,2328,"independent"
50,2329,"independent"
44,2330,"independent"
46,2331,"independent"
46,2332,"independent"
50,2333,"independent"
48,2334,"independent"
50,2335,"independent"
50,2336,"independent"
44,2337,"independent"
52,2338,"independent"
54,2339,"independent"
50,2340,"independent"
50,2341,"independent"
42,2342,"independent"
46,2343,"independent"
44,2344,"independent"
42,2345,"independent"
48,2346,"independent"
44,2347,"independent"
46,2348,"independent"
50,2349,"independent"
46,2350,"independent"
48,2351,"independent"
48,2352,"independent"
52,2353,"independent"
52,2354,"independent"
50,2355,"independent"
46,2356,"independent"
48,2357,"independent"
46,2358,"independent"
50,2359,"independent"
48,2360,"independent"
50,2361,"independent"
48,2362,"independent"
46,2363,"independent"
50,2364,"independent"
50,2365,"independent"
50,2366,"independent"
52,2367,"independent"
46,2368,"independent"
38,2369,"independent"
44,2370,"independent"
50,2371,"independent"
44,2372,"independent"
46,2373,"independent"
48,2374,"independent"
54,2375,"independent"
52,2376,"independent"
42,2377,"independent"
46,2378,"independent"
48,2379,"independent"
50,2380,"independent"
50,2381,"independent"
46,2382,"independent"
44,2383,"independent"
52,2384,"independent"
46,2385,"independent"
50,2386,"independent"
50,2387,"independent"
48,2388,"independent"
50,2389,"independent"
46,2390,"independent"
50,2391,"independent"
46,2392,"independent"
54,2393,"independent"
48,2394,"independent"
48,2395,"independent"
50,2396,"independent"
54,2397,"independent"
48,2398,"independent"
52,2399,"independent"
44,2400,"independent"
52,2401,"independent"
44,2402,"independent"
48,2403,"independent"
48,2404,"independent"
52,2405,"independent"
50,2406,"independent"
52,2407,"independent"
46,2408,"independent"
44,2409,"independent"
48,2410,"independent"
50,2411,"independent"
50,2412,"independent"
54,2413,"independent"
52,2414,"independent"
50,2415,"independent"
40,2416,"independent"
48,2417,"independent"
48,2418,"independent"
44,2419,"independent"
44,2420,"independent"
46,2421,"independent"
40,2422,"independent"
42,2423,"independent"
46,2424,"independent"
46,2425,"independent"
50,2426,"independent"
46,2427,"independent"
44,2428,"independent"
48,2429,"independent"
50,2430,"independent"
54,2431,"independent"
46,2432,"independent"
44,2433,"independent"
50,2434,"independent"
48,2435,"independent"
44,2436,"independent"
50,2437,"independent"
52,2438,"independent"
50,2439,"independent"
52,2440,"independent"
44,2441,"independent"
48,2442,"independent"
44,2443,"independent"
44,2444,"independent"
48,2445,"independent"
50,2446,"independent"
44,2447,"independent"
44,2448,"independent"
48,2449,"independent"
44,2450,"independent"
48,2451,"independent"
46,2452,"independent"
50,2453,"independent"
50,2454,"independent"
48,2455,"independent"
50,2456,"independent"
50,2457,"independent"
44,2458,"independent"
48,2459,"independent"
44,2460,"independent"
40,2461,"independent"
42,2462,"independent"
40,2463,"independent"
50,2464,"independent"
50,2465,"independent"
46,2466,"independent"
48,2467,"independent"
46,2468,"independent"
52,2469,"independent"
48,2470,"independent"
50,2471,"independent"
48,2472,"independent"
46,2473,"independent"
40,2474,"independent"
48,2475,"independent"
50,2476,"independent"
50,2477,"independent"
48,2478,"independent"
50,2479,"independent"
48,2480,"independent"
44,2481,"independent"
50,2482,"independent"
48,2483,"independent"
46,2484,"independent"
48,2485,"independent"
46,2486,"independent"
50,2487,"independent"
42,2488,"independent"
44,2489,"independent"
54,2490,"independent"
48,2491,"independent"
54,2492,"independent"
48,2493,"independent"
52,2494,"independent"
50,2495,"independent"
52,2496,"independent"
46,2497,"independent"
46,2498,"independent"
48,2499,"independent"
46,2500,"independent"
42,2501,"independent"
46,2502,"independent"
42,2503,"independent"
46,2504,"independent"
48,2505,"independent"
50,2506,"independent"
50,2507,"independent"
48,2508,"independent"
50,2509,"independent"
50,2510,"independent"
46,2511,"independent"
46,2512,"independent"
50,2513,"independent"
46,2514,"independent"
46,2515,"independent"
44,2516,"independent"
42,2517,"independent"
48,2518,"independent"
48,2519,"independent"
44,2520,"independent"
44,2521,"independent"
50,2522,"independent"
42,2523,"independent"
48,2524,"independent"
44,2525,"independent"
48,2526,"independent"
46,2527,"independent"
48,2528,"independent"
46,2529,"independent"
48,2530,"independent"
46,2531,"independent"
46,2532,"independent"
46,2533,"independent"
50,2534,"independent"
50,2535,"independent"
48,2536,"independent"
50,2537,"independent"
44,2538,"independent"
46,2539,"independent"
46,2540,"independent"
48,2541,"independent"
46,2542,"independent"
32,2543,"independent"
42,2544,"independent"
42,2545,"independent"
42,2546,"independent"
50,2547,"independent"
40,2548,"independent"
44,2549,"independent"
46,2550,"independent"
44,2551,"independent"
46,2552,"independent"
44,2553,"independent"
42,2554,"independent"
50,2555,"independent"
50,2556,"independent"
46,2557,"independent"
46,2558,"independent"
44,2559,"independent"
50,2560,"independent"
46,2561,"independent"
44,2562,"independent"
48,2563,"independent"
52,2564,"independent"
54,2565,"independent"
50,2566,"independent"
48,2567,"independent"
48,2568,"independent"
52,2569,"independent"
50,2570,"independent"
46,2571,"independent"
48,2572,"independent"
44,2573,"independent"
48,2574,"independent"
46,2575,"independent"
44,2576,"independent"
44,2577,"independent"
46,2578,"independent"
44,2579,"independent"
44,2580,"independent"
42,2581,"independent"
48,2582,"independent"
50,2583,"independent"
46,2584,"independent"
48,2585,"independent"
50,2586,"independent"
50,2587,"independent"
52,2588,"independent"
46,2589,"independent"
44,2590,"independent"
46,2591,"independent"
50,2592,"independent"
48,2593,"independent"
44,2594,"independent"
50,2595,"independent"
48,2596,"independent"
50,2597,"independent"
50,2598,"independent"
44,2599,"independent"
50,2600,"independent"
52,2601,"independent"
48,2602,"independent"
48,2603,"independent"
50,2604,"independent"
50,2605,"independent"
48,2606,"independent"
46,2607,"independent"
46,2608,"independent"
46,2609,"independent"
48,2610,"independent"
50,2611,"independent"
50,2612,"independent"
48,2613,"independent"
44,2614,"independent"
50,2615,"independent"
44,2616,"independent"
48,2617,"independent"
42,2618,"independent"
44,2619,"independent"
46,2620,"independent"
52,2621,"independent"
46,2622,"independent"
42,2623,"independent"
48,2624,"independent"
44,2625,"independent"
48,2626,"independent"
44,2627,"independent"
42,2628,"independent"
44,2629,"independent"
46,2630,"independent"
46,2631,"independent"
42,2632,"independent"
48,2633,"independent"
46,2634,"independent"
46,2635,"independent"
46,2636,"independent"
50,2637,"independent"
44,2638,"independent"
50,2639,"independent"
50,2640,"independent"
44,2641,"independent"
52,2642,"independent"
52,2643,"independent"
46,2644,"independent"
44,2645,"independent"
42,2646,"independent"
50,2647,"independent"
48,2648,"independent"
48,2649,"independent"
40,2650,"independent"
46,2651,"independent"
48,2652,"independent"
46,2653,"independent"
50,2654,"independent"
46,2655,"independent"
50,2656,"independent"
50,2657,"independent"
40,2658,"independent"
46,2659,"independent"
44,2660,"independent"
48,2661,"independent"
50,2662,"independent"
46,2663,"independent"
44,2664,"independent"
48,2665,"independent"
40,2666,"independent"
50,2667,"independent"
46,2668,"independent"
46,2669,"independent"
46,2670,"independent"
48,2671,"independent"
40,2672,"independent"
48,2673,"independent"
48,2674,"independent"
48,2675,"independent"
38,2676,"independent"
46,2677,"independent"
52,2678,"independent"
44,2679,"independent"
44,2680,"independent"
42,2681,"independent"
44,2682,"independent"
44,2683,"independent"
44,2684,"independent"
44,2685,"independent"
44,2686,"independent"
42,2687,"independent"
48,2688,"independent"
46,2689,"independent"
44,2690,"independent"
50,2691,"independent"
48,2692,"independent"
52,2693,"independent"
44,2694,"independent"
44,2695,"independent"
44,2696,"independent"
50,2697,"independent"
44,2698,"independent"
48,2699,"independent"
44,2700,"independent"
46,2701,"independent"
50,2702,"independent"
44,2703,"independent"
50,2704,"independent"
44,2705,"independent"
42,2706,"independent"
48,2707,"independent"
44,2708,"independent"
42,2709,"independent"
44,2710,"independent"
38,2711,"independent"
46,2712,"independent"
40,2713,"independent"
42,2714,"independent"
50,2715,"independent"
48,2716,"independent"
50,2717,"independent"
48,2718,"independent"
50,2719,"independent"
48,2720,"independent"
42,2721,"independent"
48,2722,"independent"
46,2723,"independent"
50,2724,"independent"
48,2725,"independent"
52,2726,"independent"
48,2727,"independent"
52,2728,"independent"
52,2729,"independent"
48,2730,"independent"
42,2731,"independent"
50,2732,"independent"
50,2733,"independent"
50,2734,"independent"
50,2735,"independent"
46,2736,"independent"
50,2737,"independent"
50,2738,"independent"
48,2739,"independent"
46,2740,"independent"
44,2741,"independent"
48,2742,"independent"
48,2743,"independent"
52,2744,"independent"
50,2745,"independent"
42,2746,"independent"
48,2747,"independent"
44,2748,"independent"
44,2749,"independent"
46,2750,"independent"
50,2751,"independent"
48,2752,"independent"
52,2753,"independent"
46,2754,"independent"
50,2755,"independent"
50,2756,"independent"
44,2757,"independent"
46,2758,"independent"
40,2759,"independent"
50,2760,"independent"
50,2761,"independent"
48,2762,"independent"
42,2763,"independent"
44,2764,"independent"
46,2765,"independent"
50,2766,"independent"
48,2767,"independent"
42,2768,"independent"
48,2769,"independent"
50,2770,"independent"
46,2771,"independent"
50,2772,"independent"
48,2773,"independent"
46,2774,"independent"
48,2775,"independent"
44,2776,"independent"
48,2777,"independent"
48,2778,"independent"
42,2779,"independent"
48,2780,"independent"
48,2781,"independent"
44,2782,"independent"
48,2783,"independent"
46,2784,"independent"
48,2785,"independent"
50,2786,"independent"
48,2787,"independent"
42,2788,"independent"
42,2789,"independent"
48,2790,"independent"
46,2791,"independent"
38,2792,"independent"
44,2793,"independent"
50,2794,"independent"
46,2795,"independent"
48,2796,"independent"
50,2797,"independent"
46,2798,"independent"
50,2799,"independent"
42,2800,"independent"
46,2801,"independent"
40,2802,"independent"
40,2803,"independent"
44,2804,"independent"
48,2805,"independent"
44,2806,"independent"
50,2807,"independent"
48,2808,"independent"
42,2809,"independent"
42,2810,"independent"
48,2811,"independent"
48,2812,"independent"
50,2813,"independent"
48,2814,"independent"
46,2815,"independent"
50,2816,"independent"
44,2817,"independent"
46,2818,"independent"
46,2819,"independent"
52,2820,"independent"
50,2821,"independent"
46,2822,"independent"
50,2823,"independent"
40,2824,"independent"
40,2825,"independent"
46,2826,"independent"
46,2827,"independent"
44,2828,"independent"
40,2829,"independent"
46,2830,"independent"
46,2831,"independent"
48,2832,"independent"
50,2833,"independent"
48,2834,"independent"
48,2835,"independent"
48,2836,"independent"
52,2837,"independent"
44,2838,"independent"
50,2839,"independent"
46,2840,"independent"
52,2841,"independent"
50,2842,"independent"
50,2843,"independent"
46,2844,"independent"
52,2845,"independent"
48,2846,"independent"
48,2847,"independent"
44,2848,"independent"
48,2849,"independent"
48,2850,"independent"
50,2851,"independent"
48,2852,"independent"
44,2853,"independent"
44,2854,"independent"
42,2855,"independent"
48,2856,"independent"
48,2857,"independent"
50,2858,"independent"
40,2859,"independent"
48,2860,"independent"
48,2861,"independent"
50,2862,"independent"
48,2863,"independent"
46,2864,"independent"
50,2865,"independent"
52,2866,"independent"
52,2867,"independent"
44,2868,"independent"
48,2869,"independent"
50,2870,"independent"
44,2871,"independent"
48,2872,"independent"
54,2873,"independent"
44,2874,"independent"
50,2875,"independent"
52,2876,"independent"
46,2877,"independent"
46,2878,"independent"
48,2879,"independent"
48,2880,"independent"
46,2881,"independent"
44,2882,"independent"
44,2883,"independent"
50,2884,"independent"
48,2885,"independent"
46,2886,"independent"
44,2887,"independent"
52,2888,"independent"
52,2889,"independent"
54,2890,"independent"
52,2891,"independent"
52,2892,"independent"
50,2893,"independent"
48,2894,"independent"
50,2895,"independent"
50,2896,"independent"
48,2897,"independent"
50,2898,"independent"
52,2899,"independent"
54,2900,"independent"
52,2901,"independent"
46,2902,"independent"
44,2903,"independent"
48,2904,"independent"
44,2905,"independent"
46,2906,"independent"
48,2907,"independent"
54,2908,"independent"
50,2909,"independent"
46,2910,"independent"
48,2911,"independent"
50,2912,"independent"
50,2913,"independent"
44,2914,"independent"
48,2915,"independent"
48,2916,"independent"
46,2917,"independent"
46,2918,"independent"
44,2919,"independent"
44,2920,"independent"
46,2921,"independent"
46,2922,"independent"
50,2923,"independent"
46,2924,"independent"
50,2925,"independent"
46,2926,"independent"
50,2927,"independent"
50,2928,"independent"
48,2929,"independent"
42,2930,"independent"
44,2931,"independent"
46,2932,"independent"
44,2933,"independent"
52,2934,"independent"
50,2935,"independent"
48,2936,"independent"
50,2937,"independent"
50,2938,"independent"
48,2939,"independent"
44,2940,"independent"
48,2941,"independent"
48,2942,"independent"
50,2943,"independent"
50,2944,"independent"
50,2945,"independent"
48,2946,"independent"
42,2947,"independent"
44,2948,"independent"
48,2949,"independent"
48,2950,"independent"
46,2951,"independent"
48,2952,"independent"
44,2953,"independent"
50,2954,"independent"
52,2955,"independent"
48,2956,"independent"
50,2957,"independent"
48,2958,"independent"
46,2959,"independent"
48,2960,"independent"
48,2961,"independent"
46,2962,"independent"
46,2963,"independent"
48,2964,"independent"
46,2965,"independent"
50,2966,"independent"
46,2967,"independent"
46,2968,"independent"
50,2969,"independent"
48,2970,"independent"
48,2971,"independent"
44,2972,"independent"
46,2973,"independent"
48,2974,"independent"
48,2975,"independent"
48,2976,"independent"
52,2977,"independent"
48,2978,"independent"
48,2979,"independent"
48,2980,"independent"
48,2981,"independent"
44,2982,"independent"
50,2983,"independent"
50,2984,"independent"
44,2985,"independent"
46,2986,"independent"
44,2987,"independent"
50,2988,"independent"
44,2989,"independent"
48,2990,"independent"
42,2991,"independent"
46,2992,"independent"
48,2993,"independent"
48,2994,"independent"
50,2995,"independent"
52,2996,"independent"
50,2997,"independent"
52,2998,"independent"
50,2999,"independent"
48,3000,"independent"
42,3001,"independent"
46,3002,"independent"
50,3003,"independent"
50,3004,"independent"
48,3005,"independent"
50,3006,"independent"
44,3007,"independent"
46,3008,"independent"
44,3009,"independent"
44,3010,"independent"
46,3011,"independent"
42,3012,"independent"
46,3013,"independent"
50,3014,"independent"
48,3015,"independent"
48,3016,"independent"
46,3017,"independent"
44,3018,"independent"
42,3019,"independent"
42,3020,"independent"
48,3021,"independent"
48,3022,"independent"
46,3023,"independent"
46,3024,"independent"
52,3025,"independent"
42,3026,"independent"
48,3027,"independent"
46,3028,"independent"
46,3029,"independent"
48,3030,"independent"
52,3031,"independent"
48,3032,"independent"
50,3033,"independent"
48,3034,"independent"
46,3035,"independent"
46,3036,"independent"
46,3037,"independent"
46,3038,"independent"
46,3039,"independent"
48,3040,"independent"
42,3041,"independent"
52,3042,"independent"
48,3043,"independent"
48,3044,"independent"
48,3045,"independent"
48,3046,"independent"
46,3047,"independent"
44,3048,"independent"
46,3049,"independent"
42,3050,"independent"
50,3051,"independent"
50,3052,"independent"
50,3053,"independent"
46,3054,"independent"
46,3055,"independent"
48,3056,"independent"
50,3057,"independent"
44,3058,"independent"
48,3059,"independent"
42,3060,"independent"
48,3061,"independent"
50,3062,"independent"
52,3063,"independent"
48,3064,"independent"
50,3065,"independent"
46,3066,"independent"
46,3067,"independent"
40,3068,"independent"
48,3069,"independent"
46,3070,"independent"
50,3071,"independent"
48,3072,"independent"
46,3073,"independent"
50,3074,"independent"
44,3075,"independent"
48,3076,"independent"
52,3077,"independent"
52,3078,"independent"
52,3079,"independent"
48,3080,"independent"
48,3081,"independent"
48,3082,"independent"
48,3083,"independent"
50,3084,"independent"
46,3085,"independent"
44,3086,"independent"
48,3087,"independent"
46,3088,"independent"
44,3089,"independent"
50,3090,"independent"
44,3091,"independent"
52,3092,"independent"
50,3093,"independent"
44,3094,"independent"
42,3095,"independent"
52,3096,"independent"
48,3097,"independent"
44,3098,"independent"
48,3099,"independent"
50,3100,"independent"
48,3101,"independent"
50,3102,"independent"
44,3103,"independent"
44,3104,"independent"
44,3105,"independent"
48,3106,"independent"
46,3107,"independent"
46,3108,"independent"
48,3109,"independent"
48,3110,"independent"
48,3111,"independent"
42,3112,"independent"
52,3113,"independent"
46,3114,"independent"
46,3115,"independent"
50,3116,"independent"
50,3117,"independent"
50,3118,"independent"
54,3119,"independent"
50,3120,"independent"
46,3121,"independent"
50,3122,"independent"
52,3123,"independent"
48,3124,"independent"
44,3125,"independent"
44,3126,"independent"
48,3127,"independent"
44,3128,"independent"
50,3129,"independent"
50,3130,"independent"
50,3131,"independent"
52,3132,"independent"
50,3133,"independent"
50,3134,"independent"
48,3135,"independent"
48,3136,"independent"
50,3137,"independent"
50,3138,"independent"
46,3139,"independent"
50,3140,"independent"
50,3141,"independent"
40,3142,"independent"
44,3143,"independent"
44,3144,"independent"
46,3145,"independent"
42,3146,"independent"
40,3147,"independent"
50,3148,"independent"
50,3149,"independent"
50,3150,"independent"
46,3151,"independent"
48,3152,"independent"
48,3153,"independent"
48,3154,"independent"
48,3155,"independent"
50,3156,"independent"
48,3157,"independent"
46,3158,"independent"
52,3159,"independent"
48,3160,"independent"
48,3161,"independent"
50,3162,"independent"
46,3163,"independent"
44,3164,"independent"
46,3165,"independent"
46,3166,"independent"
46,3167,"independent"
40,3168,"independent"
44,3169,"independent"
48,3170,"independent"
48,3171,"independent"
48,3172,"independent"
46,3173,"independent"
46,3174,"independent"
48,3175,"independent"
46,3176,"independent"
48,3177,"independent"
48,3178,"independent"
52,3179,"independent"
44,3180,"independent"
46,3181,"independent"
48,3182,"independent"
50,3183,"independent"
46,3184,"independent"
40,3185,"independent"
44,3186,"independent"
46,3187,"independent"
46,3188,"independent"
48,3189,"independent"
50,3190,"independent"
42,3191,"independent"
44,3192,"independent"
44,3193,"independent"
48,3194,"independent"
46,3195,"independent"
48,3196,"independent"
48,3197,"independent"
46,3198,"independent"
50,3199,"independent"
44,3200,"independent"
48,3201,"independent"
48,3202,"independent"
48,3203,"independent"
48,3204,"independent"
48,3205,"independent"
42,3206,"independent"
46,3207,"independent"
50,3208,"independent"
48,3209,"independent"
44,3210,"independent"
48,3211,"independent"
48,3212,"independent"
44,3213,"independent"
48,3214,"independent"
48,3215,"independent"
50,3216,"independent"
44,3217,"independent"
50,3218,"independent"
44,3219,"independent"
48,3220,"independent"
50,3221,"independent"
52,3222,"independent"
46,3223,"independent"
46,3224,"independent"
50,3225,"independent"
44,3226,"independent"
42,3227,"independent"
52,3228,"independent"
50,3229,"independent"
46,3230,"independent"
50,3231,"independent"
48,3232,"independent"
46,3233,"independent"
50,3234,"independent"
46,3235,"independent"
46,3236,"independent"
52,3237,"independent"
50,3238,"independent"
42,3239,"independent"
46,3240,"independent"
50,3241,"independent"
48,3242,"independent"
48,3243,"independent"
46,3244,"independent"
46,3245,"independent"
42,3246,"independent"
44,3247,"independent"
50,3248,"independent"
48,3249,"independent"
48,3250,"independent"
50,3251,"independent"
46,3252,"independent"
42,3253,"independent"
40,3254,"independent"
48,3255,"independent"
50,3256,"independent"
50,3257,"independent"
48,3258,"independent"
48,3259,"independent"
46,3260,"independent"
44,3261,"independent"
50,3262,"independent"
52,3263,"independent"
46,3264,"independent"
48,3265,"independent"
44,3266,"independent"
46,3267,"independent"
42,3268,"independent"
50,3269,"independent"
52,3270,"independent"
48,3271,"independent"
48,3272,"independent"
48,3273,"independent"
44,3274,"independent"
38,3275,"independent"
46,3276,"independent"
46,3277,"independent"
46,3278,"independent"
52,3279,"independent"
44,3280,"independent"
48,3281,"independent"
44,3282,"independent"
46,3283,"independent"
46,3284,"independent"
48,3285,"independent"
44,3286,"independent"
48,3287,"independent"
48,3288,"independent"
46,3289,"independent"
50,3290,"independent"
44,3291,"independent"
50,3292,"independent"
50,3293,"independent"
42,3294,"independent"
44,3295,"independent"
46,3296,"independent"
48,3297,"independent"
46,3298,"independent"
48,3299,"independent"
52,3300,"independent"
52,3301,"independent"
48,3302,"independent"
52,3303,"independent"
46,3304,"independent"
44,3305,"independent"
44,3306,"independent"
52,3307,"independent"
48,3308,"independent"
46,3309,"independent"
48,3310,"independent"
52,3311,"independent"
50,3312,"independent"
50,3313,"independent"
52,3314,"independent"
50,3315,"independent"
48,3316,"independent"
48,3317,"independent"
48,3318,"independent"
48,3319,"independent"
48,3320,"independent"
48,3321,"independent"
44,3322,"independent"
44,3323,"independent"
42,3324,"independent"
44,3325,"independent"
46,3326,"independent"
48,3327,"independent"
44,3328,"independent"
50,3329,"independent"
50,3330,"independent"
48,3331,"independent"
50,3332,"independent"
44,3333,"independent"
48,3334,"independent"
50,3335,"independent"
48,3336,"independent"
46,3337,"independent"
50,3338,"independent"
46,3339,"independent"
42,3340,"independent"
44,3341,"independent"
44,3342,"independent"
44,3343,"independent"
46,3344,"independent"
44,3345,"independent"
48,3346,"independent"
50,3347,"independent"
52,3348,"independent"
46,3349,"independent"
44,3350,"independent"
48,3351,"independent"
50,3352,"independent"
50,3353,"independent"
48,3354,"independent"
50,3355,"independent"
50,3356,"independent"
46,3357,"independent"
42,3358,"independent"
48,3359,"independent"
50,3360,"independent"
50,3361,"independent"
48,3362,"independent"
46,3363,"independent"
48,3364,"independent"
46,3365,"independent"
48,3366,"independent"
48,3367,"independent"
48,3368,"independent"
48,3369,"independent"
42,3370,"independent"
48,3371,"independent"
44,3372,"independent"
46,3373,"independent"
48,3374,"independent"
46,3375,"independent"
46,3376,"independent"
52,3377,"independent"
46,3378,"independent"
50,3379,"independent"
52,3380,"independent"
50,3381,"independent"
48,3382,"independent"
46,3383,"independent"
46,3384,"independent"
48,3385,"independent"
46,3386,"independent"
50,3387,"independent"
42,3388,"independent"
48,3389,"independent"
46,3390,"independent"
50,3391,"independent"
44,3392,"independent"
48,3393,"independent"
46,3394,"independent"
48,3395,"independent"
44,3396,"independent"
44,3397,"independent"
44,3398,"independent"
50,3399,"independent"
44,3400,"independent"
46,3401,"independent"
44,3402,"independent"
44,3403,"independent"
48,3404,"independent"
46,3405,"independent"
48,3406,"independent"
50,3407,"independent"
46,3408,"independent"
48,3409,"independent"
48,3410,"independent"
46,3411,"independent"
50,3412,"independent"
50,3413,"independent"
48,3414,"independent"
40,3415,"independent"
48,3416,"independent"
48,3417,"independent"
42,3418,"independent"
48,3419,"independent"
46,3420,"independent"
38,3421,"independent"
48,3422,"independent"
42,3423,"independent"
52,3424,"independent"
50,3425,"independent"
36,3426,"independent"
48,3427,"independent"
48,3428,"independent"
46,3429,"independent"
50,3430,"independent"
46,3431,"independent"
50,3432,"independent"
44,3433,"independent"
48,3434,"independent"
48,3435,"independent"
48,3436,"independent"
48,3437,"independent"
50,3438,"independent"
46,3439,"independent"
50,3440,"independent"
48,3441,"independent"
50,3442,"independent"
52,3443,"independent"
52,3444,"independent"
46,3445,"independent"
48,3446,"independent"
44,3447,"independent"
48,3448,"independent"
52,3449,"independent"
48,3450,"independent"
50,3451,"independent"
48,3452,"independent"
50,3453,"independent"
48,3454,"independent"
48,3455,"independent"
46,3456,"independent"
48,3457,"independent"
46,3458,"independent"
46,3459,"independent"
46,3460,"independent"
48,3461,"independent"
44,3462,"independent"
44,3463,"independent"
46,3464,"independent"
48,3465,"independent"
52,3466,"independent"
50,3467,"independent"
46,3468,"independent"
46,3469,"independent"
46,3470,"independent"
46,3471,"independent"
46,3472,"independent"
48,3473,"independent"
46,3474,"independent"
46,3475,"independent"
48,3476,"independent"
50,3477,"independent"
46,3478,"independent"
44,3479,"independent"
50,3480,"independent"
48,3481,"independent"
46,3482,"independent"
48,3483,"independent"
46,3484,"independent"
46,3485,"independent"
48,3486,"independent"
46,3487,"independent"
48,3488,"independent"
46,3489,"independent"
50,3490,"independent"
42,3491,"independent"
44,3492,"independent"
42,3493,"independent"
50,3494,"independent"
42,3495,"independent"
44,3496,"independent"
46,3497,"independent"
44,3498,"independent"
46,3499,"independent"
46,3500,"independent"
48,3501,"independent"
48,3502,"independent"
50,3503,"independent"
46,3504,"independent"
48,3505,"independent"
40,3506,"independent"
44,3507,"independent"
48,3508,"independent"
52,3509,"independent"
50,3510,"independent"
44,3511,"independent"
48,3512,"independent"
48,3513,"independent"
48,3514,"independent"
50,3515,"independent"
44,3516,"independent"
52,3517,"independent"
46,3518,"independent"
50,3519,"independent"
46,3520,"independent"
46,3521,"independent"
48,3522,"independent"
48,3523,"independent"
48,3524,"independent"
48,3525,"independent"
50,3526,"independent"
52,3527,"independent"
48,3528,"independent"
46,3529,"independent"
44,3530,"independent"
48,3531,"independent"
54,3532,"independent"
50,3533,"independent"
50,3534,"independent"
50,3535,"independent"
44,3536,"independent"
50,3537,"independent"
50,3538,"independent"
50,3539,"independent"
54,3540,"independent"
50,3541,"independent"
50,3542,"independent"
46,3543,"independent"
46,3544,"independent"
42,3545,"independent"
36,3546,"independent"
48,3547,"independent"
42,3548,"independent"
48,3549,"independent"
46,3550,"independent"
52,3551,"independent"
52,3552,"independent"
52,3553,"independent"
52,3554,"independent"
48,3555,"independent"
40,3556,"independent"
50,3557,"independent"
52,3558,"independent"
50,3559,"independent"
44,3560,"independent"
46,3561,"independent"
46,3562,"independent"
52,3563,"independent"
44,3564,"independent"
48,3565,"independent"
46,3566,"independent"
46,3567,"independent"
46,3568,"independent"
44,3569,"independent"
46,3570,"independent"
48,3571,"independent"
48,3572,"independent"
50,3573,"independent"
52,3574,"independent"
48,3575,"independent"
34,3576,"independent"
48,3577,"independent"
46,3578,"independent"
46,3579,"independent"
44,3580,"independent"
42,3581,"independent"
42,3582,"independent"
48,3583,"independent"
48,3584,"independent"
52,3585,"independent"
48,3586,"independent"
48,3587,"independent"
48,3588,"independent"
46,3589,"independent"
46,3590,"independent"
46,3591,"independent"
46,3592,"independent"
50,3593,"independent"
50,3594,"independent"
46,3595,"independent"
48,3596,"independent"
52,3597,"independent"
50,3598,"independent"
48,3599,"independent"
48,3600,"independent"
44,3601,"independent"
52,3602,"independent"
52,3603,"independent"
46,3604,"independent"
52,3605,"independent"
52,3606,"independent"
52,3607,"independent"
44,3608,"independent"
42,3609,"independent"
44,3610,"independent"
52,3611,"independent"
50,3612,"independent"
50,3613,"independent"
46,3614,"independent"
48,3615,"independent"
48,3616,"independent"
48,3617,"independent"
44,3618,"independent"
48,3619,"independent"
50,3620,"independent"
46,3621,"independent"
40,3622,"independent"
46,3623,"independent"
48,3624,"independent"
50,3625,"independent"
46,3626,"independent"
48,3627,"independent"
48,3628,"independent"
44,3629,"independent"
48,3630,"independent"
46,3631,"independent"
46,3632,"independent"
50,3633,"independent"
46,3634,"independent"
50,3635,"independent"
48,3636,"independent"
46,3637,"independent"
50,3638,"independent"
50,3639,"independent"
50,3640,"independent"
46,3641,"independent"
48,3642,"independent"
48,3643,"independent"
46,3644,"independent"
50,3645,"independent"
42,3646,"independent"
44,3647,"independent"
50,3648,"independent"
42,3649,"independent"
48,3650,"independent"
50,3651,"independent"
42,3652,"independent"
50,3653,"independent"
50,3654,"independent"
46,3655,"independent"
40,3656,"independent"
44,3657,"independent"
48,3658,"independent"
46,3659,"independent"
48,3660,"independent"
42,3661,"independent"
50,3662,"independent"
48,3663,"independent"
50,3664,"independent"
48,3665,"independent"
42,3666,"independent"
40,3667,"independent"
44,3668,"independent"
48,3669,"independent"
46,3670,"independent"
52,3671,"independent"
46,3672,"independent"
50,3673,"independent"
48,3674,"independent"
44,3675,"independent"
46,3676,"independent"
50,3677,"independent"
46,3678,"independent"
50,3679,"independent"
50,3680,"independent"
50,3681,"independent"
46,3682,"independent"
44,3683,"independent"
44,3684,"independent"
46,3685,"independent"
48,3686,"independent"
46,3687,"independent"
44,3688,"independent"
50,3689,"independent"
48,3690,"independent"
44,3691,"independent"
52,3692,"independent"
44,3693,"independent"
44,3694,"independent"
46,3695,"independent"
44,3696,"independent"
50,3697,"independent"
50,3698,"independent"
52,3699,"independent"
46,3700,"independent"
46,3701,"independent"
40,3702,"independent"
46,3703,"independent"
50,3704,"independent"
48,3705,"independent"
48,3706,"independent"
44,3707,"independent"
44,3708,"independent"
46,3709,"independent"
48,3710,"independent"
48,3711,"independent"
42,3712,"independent"
48,3713,"independent"
48,3714,"independent"
50,3715,"independent"
50,3716,"independent"
48,3717,"independent"
48,3718,"independent"
48,3719,"independent"
48,3720,"independent"
42,3721,"independent"
46,3722,"independent"
44,3723,"independent"
48,3724,"independent"
44,3725,"independent"
50,3726,"independent"
48,3727,"independent"
48,3728,"independent"
46,3729,"independent"
48,3730,"independent"
52,3731,"independent"
48,3732,"independent"
48,3733,"independent"
48,3734,"independent"
42,3735,"independent"
38,3736,"independent"
42,3737,"independent"
42,3738,"independent"
46,3739,"independent"
48,3740,"independent"
48,3741,"independent"
44,3742,"independent"
48,3743,"independent"
44,3744,"independent"
50,3745,"independent"
48,3746,"independent"
52,3747,"independent"
48,3748,"independent"
46,3749,"independent"
52,3750,"independent"
50,3751,"independent"
50,3752,"independent"
52,3753,"independent"
48,3754,"independent"
48,3755,"independent"
48,3756,"independent"
54,3757,"independent"
48,3758,"independent"
46,3759,"independent"
48,3760,"independent"
48,3761,"independent"
46,3762,"independent"
48,3763,"independent"
52,3764,"independent"
48,3765,"independent"
46,3766,"independent"
48,3767,"independent"
46,3768,"independent"
48,3769,"independent"
50,3770,"independent"
50,3771,"independent"
50,3772,"independent"
46,3773,"independent"
44,3774,"independent"
42,3775,"independent"
50,3776,"independent"
44,3777,"independent"
46,3778,"independent"
42,3779,"independent"
50,3780,"independent"
40,3781,"independent"
50,3782,"independent"
48,3783,"independent"
46,3784,"independent"
52,3785,"independent"
50,3786,"independent"
50,3787,"independent"
46,3788,"independent"
46,3789,"independent"
48,3790,"independent"
46,3791,"independent"
52,3792,"independent"
52,3793,"independent"
50,3794,"independent"
46,3795,"independent"
40,3796,"independent"
48,3797,"independent"
46,3798,"independent"
48,3799,"independent"
48,3800,"independent"
50,3801,"independent"
44,3802,"independent"
46,3803,"independent"
48,3804,"independent"
48,3805,"independent"
46,3806,"independent"
46,3807,"independent"
48,3808,"independent"
44,3809,"independent"
50,3810,"independent"
48,3811,"independent"
50,3812,"independent"
50,3813,"independent"
44,3814,"independent"
50,3815,"independent"
46,3816,"independent"
44,3817,"independent"
42,3818,"independent"
48,3819,"independent"
50,3820,"independent"
46,3821,"independent"
52,3822,"independent"
52,3823,"independent"
46,3824,"independent"
44,3825,"independent"
48,3826,"independent"
44,3827,"independent"
50,3828,"independent"
48,3829,"independent"
42,3830,"independent"
46,3831,"independent"
40,3832,"independent"
50,3833,"independent"
52,3834,"independent"
52,3835,"independent"
42,3836,"independent"
46,3837,"independent"
48,3838,"independent"
48,3839,"independent"
48,3840,"independent"
42,3841,"independent"
44,3842,"independent"
42,3843,"independent"
46,3844,"independent"
52,3845,"independent"
48,3846,"independent"
46,3847,"independent"
52,3848,"independent"
48,3849,"independent"
50,3850,"independent"
44,3851,"independent"
46,3852,"independent"
46,3853,"independent"
48,3854,"independent"
46,3855,"independent"
48,3856,"independent"
50,3857,"independent"
50,3858,"independent"
46,3859,"independent"
50,3860,"independent"
50,3861,"independent"
48,3862,"independent"
52,3863,"independent"
50,3864,"independent"
52,3865,"independent"
50,3866,"independent"
46,3867,"independent"
44,3868,"independent"
52,3869,"independent"
48,3870,"independent"
46,3871,"independent"
48,3872,"independent"
46,3873,"independent"
40,3874,"independent"
46,3875,"independent"
46,3876,"independent"
44,3877,"independent"
46,3878,"independent"
48,3879,"independent"
42,3880,"independent"
44,3881,"independent"
42,3882,"independent"
52,3883,"independent"
50,3884,"independent"
46,3885,"independent"
48,3886,"independent"
50,3887,"independent"
50,3888,"independent"
44,3889,"independent"
44,3890,"independent"
48,3891,"independent"
50,3892,"independent"
46,3893,"independent"
48,3894,"independent"
50,3895,"independent"
50,3896,"independent"
44,3897,"independent"
48,3898,"independent"
50,3899,"independent"
50,3900,"independent"
46,3901,"independent"
44,3902,"independent"
48,3903,"independent"
42,3904,"independent"
50,3905,"independent"
44,3906,"independent"
52,3907,"independent"
48,3908,"independent"
44,3909,"independent"
50,3910,"independent"
48,3911,"independent"
46,3912,"independent"
48,3913,"independent"
48,3914,"independent"
48,3915,"independent"
46,3916,"independent"
44,3917,"independent"
44,3918,"independent"
44,3919,"independent"
50,3920,"independent"
48,3921,"independent"
46,3922,"independent"
44,3923,"independent"
50,3924,"independent"
48,3925,"independent"
44,3926,"independent"
50,3927,"independent"
46,3928,"independent"
42,3929,"independent"
44,3930,"independent"
42,3931,"independent"
46,3932,"independent"
44,3933,"independent"
40,3934,"independent"
42,3935,"independent"
50,3936,"independent"
48,3937,"independent"
40,3938,"independent"
46,3939,"independent"
50,3940,"independent"
48,3941,"independent"
52,3942,"independent"
44,3943,"independent"
42,3944,"independent"
46,3945,"independent"
52,3946,"independent"
48,3947,"independent"
48,3948,"independent"
50,3949,"independent"
50,3950,"independent"
46,3951,"independent"
52,3952,"independent"
46,3953,"independent"
48,3954,"independent"
52,3955,"independent"
46,3956,"independent"
50,3957,"independent"
46,3958,"independent"
48,3959,"independent"
46,3960,"independent"
44,3961,"independent"
48,3962,"independent"
48,3963,"independent"
44,3964,"independent"
48,3965,"independent"
44,3966,"independent"
44,3967,"independent"
36,3968,"independent"
48,3969,"independent"
46,3970,"independent"
44,3971,"independent"
46,3972,"independent"
46,3973,"independent"
42,3974,"independent"
52,3975,"independent"
52,3976,"independent"
52,3977,"independent"
46,3978,"independent"
50,3979,"independent"
50,3980,"independent"
42,3981,"independent"
44,3982,"independent"
46,3983,"independent"
46,3984,"independent"
44,3985,"independent"
50,3986,"independent"
46,3987,"independent"
50,3988,"independent"
44,3989,"independent"
42,3990,"independent"
50,3991,"independent"
50,3992,"independent"
42,3993,"independent"
46,3994,"independent"
42,3995,"independent"
48,3996,"independent"
48,3997,"independent"
52,3998,"independent"
50,3999,"independent"
52,4000,"independent"
50,4001,"independent"
50,4002,"independent"
48,4003,"independent"
48,4004,"independent"
48,4005,"independent"
48,4006,"independent"
52,4007,"independent"
52,4008,"independent"
48,4009,"independent"
50,4010,"independent"
48,4011,"independent"
48,4012,"independent"
48,4013,"independent"
48,4014,"independent"
46,4015,"independent"
46,4016,"independent"
52,4017,"independent"
50,4018,"independent"
48,4019,"independent"
46,4020,"independent"
46,4021,"independent"
48,4022,"independent"
52,4023,"independent"
52,4024,"independent"
44,4025,"independent"
38,4026,"independent"
46,4027,"independent"
46,4028,"independent"
42,4029,"independent"
44,4030,"independent"
44,4031,"independent"
44,4032,"independent"
46,4033,"independent"
44,4034,"independent"
46,4035,"independent"
46,4036,"independent"
46,4037,"independent"
46,4038,"independent"
46,4039,"independent"
42,4040,"independent"
46,4041,"independent"
48,4042,"independent"
50,4043,"independent"
46,4044,"independent"
50,4045,"independent"
48,4046,"independent"
54,4047,"independent"
44,4048,"independent"
44,4049,"independent"
50,4050,"independent"
40,4051,"independent"
50,4052,"independent"
46,4053,"independent"
48,4054,"independent"
46,4055,"independent"
46,4056,"independent"
48,4057,"independent"
48,4058,"independent"
46,4059,"independent"
48,4060,"independent"
46,4061,"independent"
50,4062,"independent"
42,4063,"independent"
44,4064,"independent"
48,4065,"independent"
44,4066,"independent"
38,4067,"independent"
48,4068,"independent"
46,4069,"independent"
48,4070,"independent"
50,4071,"independent"
48,4072,"independent"
44,4073,"independent"
46,4074,"independent"
42,4075,"independent"
48,4076,"independent"
46,4077,"independent"
46,4078,"independent"
46,4079,"independent"
46,4080,"independent"
48,4081,"independent"
50,4082,"independent"
46,4083,"independent"
46,4084,"independent"
50,4085,"independent"
52,4086,"independent"
42,4087,"independent"
50,4088,"independent"
48,4089,"independent"
48,4090,"independent"
46,4091,"independent"
40,4092,"independent"
48,4093,"independent"
50,4094,"independent"
52,4095,"independent"
50,4096,"independent"
54,4097,"independent"
50,4098,"independent"
46,4099,"independent"
46,4100,"independent"
42,4101,"independent"
50,4102,"independent"
48,4103,"independent"
44,4104,"independent"
48,4105,"independent"
52,4106,"independent"
48,4107,"independent"
44,4108,"independent"
48,4109,"independent"
44,4110,"independent"
52,4111,"independent"
52,4112,"independent"
50,4113,"independent"
52,4114,"independent"
50,4115,"independent"
46,4116,"independent"
50,4117,"independent"
50,4118,"independent"
48,4119,"independent"
48,4120,"independent"
48,4121,"independent"
48,4122,"independent"
48,4123,"independent"
46,4124,"independent"
44,4125,"independent"
48,4126,"independent"
46,4127,"independent"
44,4128,"independent"
50,4129,"independent"
50,4130,"independent"
48,4131,"independent"
50,4132,"independent"
44,4133,"independent"
46,4134,"independent"
50,4135,"independent"
52,4136,"independent"
44,4137,"independent"
50,4138,"independent"
46,4139,"independent"
48,4140,"independent"
46,4141,"independent"
52,4142,"independent"
50,4143,"independent"
44,4144,"independent"
48,4145,"independent"
52,4146,"independent"
46,4147,"independent"
46,4148,"independent"
48,4149,"independent"
48,4150,"independent"
42,4151,"independent"
48,4152,"independent"
46,4153,"independent"
54,4154,"independent"
50,4155,"independent"
48,4156,"independent"
46,4157,"independent"
42,4158,"independent"
50,4159,"independent"
52,4160,"independent"
46,4161,"independent"
48,4162,"independent"
52,4163,"independent"
52,4164,"independent"
46,4165,"independent"
44,4166,"independent"
50,4167,"independent"
48,4168,"independent"
48,4169,"independent"
46,4170,"independent"
44,4171,"independent"
48,4172,"independent"
48,4173,"independent"
48,4174,"independent"
40,4175,"independent"
48,4176,"independent"
50,4177,"independent"
52,4178,"independent"
48,4179,"independent"
44,4180,"independent"
46,4181,"independent"
48,4182,"independent"
50,4183,"independent"
44,4184,"independent"
46,4185,"independent"
48,4186,"independent"
46,4187,"independent"
50,4188,"independent"
50,4189,"independent"
46,4190,"independent"
48,4191,"independent"
48,4192,"independent"
54,4193,"independent"
46,4194,"independent"
46,4195,"independent"
46,4196,"independent"
46,4197,"independent"
48,4198,"independent"
48,4199,"independent"
36,4200,"independent"
44,4201,"independent"
42,4202,"independent"
44,4203,"independent"
44,4204,"independent"
44,4205,"independent"
52,4206,"independent"
46,4207,"independent"
48,4208,"independent"
46,4209,"independent"
46,4210,"independent"
44,4211,"independent"
50,4212,"independent"
52,4213,"independent"
50,4214,"independent"
50,4215,"independent"
50,4216,"independent"
48,4217,"independent"
42,4218,"independent"
44,4219,"independent"
40,4220,"independent"
48,4221,"independent"
46,4222,"independent"
46,4223,"independent"
48,4224,"independent"
48,4225,"independent"
50,4226,"independent"
46,4227,"independent"
44,4228,"independent"
46,4229,"independent"
48,4230,"independent"
44,4231,"independent"
44,4232,"independent"
44,4233,"independent"
48,4234,"independent"
44,4235,"independent"
48,4236,"independent"
52,4237,"independent"
50,4238,"independent"
50,4239,"independent"
52,4240,"independent"
42,4241,"independent"
46,4242,"independent"
44,4243,"independent"
48,4244,"independent"
46,4245,"independent"
46,4246,"independent"
44,4247,"independent"
48,4248,"independent"
46,4249,"independent"
46,4250,"independent"
50,4251,"independent"
44,4252,"independent"
42,4253,"independent"
40,4254,"independent"
46,4255,"independent"
52,4256,"independent"
50,4257,"independent"
46,4258,"independent"
42,4259,"independent"
52,4260,"independent"
50,4261,"independent"
46,4262,"independent"
48,4263,"independent"
46,4264,"independent"
48,4265,"independent"
44,4266,"independent"
46,4267,"independent"
50,4268,"independent"
44,4269,"independent"
46,4270,"independent"
50,4271,"independent"
48,4272,"independent"
46,4273,"independent"
50,4274,"independent"
48,4275,"independent"
44,4276,"independent"
48,4277,"independent"
48,4278,"independent"
48,4279,"independent"
48,4280,"independent"
48,4281,"independent"
48,4282,"independent"
42,4283,"independent"
46,4284,"independent"
46,4285,"independent"
44,4286,"independent"
50,4287,"independent"
50,4288,"independent"
40,4289,"independent"
52,4290,"independent"
48,4291,"independent"
48,4292,"independent"
50,4293,"independent"
50,4294,"independent"
52,4295,"independent"
46,4296,"independent"
50,4297,"independent"
48,4298,"independent"
42,4299,"independent"
44,4300,"independent"
48,4301,"independent"
42,4302,"independent"
48,4303,"independent"
46,4304,"independent"
50,4305,"independent"
46,4306,"independent"
44,4307,"independent"
42,4308,"independent"
46,4309,"independent"
46,4310,"independent"
46,4311,"independent"
46,4312,"independent"
48,4313,"independent"
44,4314,"independent"
48,4315,"independent"
48,4316,"independent"
38,4317,"independent"
42,4318,"independent"
46,4319,"independent"
42,4320,"independent"
46,4321,"independent"
52,4322,"independent"
44,4323,"independent"
46,4324,"independent"
44,4325,"independent"
48,4326,"independent"
46,4327,"independent"
50,4328,"independent"
46,4329,"independent"
46,4330,"independent"
50,4331,"independent"
54,4332,"independent"
46,4333,"independent"
44,4334,"independent"
42,4335,"independent"
42,4336,"independent"
46,4337,"independent"
44,4338,"independent"
54,4339,"independent"
44,4340,"independent"
44,4341,"independent"
50,4342,"independent"
40,4343,"independent"
50,4344,"independent"
46,4345,"independent"
50,4346,"independent"
50,4347,"independent"
46,4348,"independent"
44,4349,"independent"
48,4350,"independent"
48,4351,"independent"
52,4352,"independent"
46,4353,"independent"
48,4354,"independent"
48,4355,"independent"
48,4356,"independent"
48,4357,"independent"
50,4358,"independent"
50,4359,"independent"
46,4360,"independent"
44,4361,"independent"
50,4362,"independent"
52,4363,"independent"
44,4364,"independent"
50,4365,"independent"
52,4366,"independent"
50,4367,"independent"
50,4368,"independent"
50,4369,"independent"
42,4370,"independent"
50,4371,"independent"
44,4372,"independent"
48,4373,"independent"
46,4374,"independent"
44,4375,"independent"
48,4376,"independent"
48,4377,"independent"
46,4378,"independent"
48,4379,"independent"
52,4380,"independent"
46,4381,"independent"
46,4382,"independent"
42,4383,"independent"
42,4384,"independent"
42,4385,"independent"
50,4386,"independent"
52,4387,"independent"
46,4388,"independent"
50,4389,"independent"
46,4390,"independent"
50,4391,"independent"
50,4392,"independent"
50,4393,"independent"
48,4394,"independent"
44,4395,"independent"
48,4396,"independent"
48,4397,"independent"
46,4398,"independent"
48,4399,"independent"
44,4400,"independent"
50,4401,"independent"
46,4402,"independent"
46,4403,"independent"
50,4404,"independent"
42,4405,"independent"
48,4406,"independent"
46,4407,"independent"
50,4408,"independent"
50,4409,"independent"
44,4410,"independent"
46,4411,"independent"
44,4412,"independent"
48,4413,"independent"
50,4414,"independent"
50,4415,"independent"
48,4416,"independent"
48,4417,"independent"
38,4418,"independent"
42,4419,"independent"
50,4420,"independent"
48,4421,"independent"
46,4422,"independent"
48,4423,"independent"
50,4424,"independent"
50,4425,"independent"
46,4426,"independent"
52,4427,"independent"
50,4428,"independent"
50,4429,"independent"
46,4430,"independent"
46,4431,"independent"
50,4432,"independent"
46,4433,"independent"
48,4434,"independent"
48,4435,"independent"
46,4436,"independent"
46,4437,"independent"
44,4438,"independent"
48,4439,"independent"
48,4440,"independent"
44,4441,"independent"
44,4442,"independent"
44,4443,"independent"
48,4444,"independent"
40,4445,"independent"
48,4446,"independent"
46,4447,"independent"
48,4448,"independent"
50,4449,"independent"
50,4450,"independent"
40,4451,"independent"
46,4452,"independent"
46,4453,"independent"
52,4454,"independent"
52,4455,"independent"
46,4456,"independent"
50,4457,"independent"
48,4458,"independent"
44,4459,"independent"
52,4460,"independent"
46,4461,"independent"
52,4462,"independent"
48,4463,"independent"
46,4464,"independent"
50,4465,"independent"
46,4466,"independent"
44,4467,"independent"
48,4468,"independent"
50,4469,"independent"
50,4470,"independent"
48,4471,"independent"
50,4472,"independent"
48,4473,"independent"
46,4474,"independent"
48,4475,"independent"
42,4476,"independent"
48,4477,"independent"
48,4478,"independent"
40,4479,"independent"
48,4480,"independent"
48,4481,"independent"
44,4482,"independent"
52,4483,"independent"
48,4484,"independent"
48,4485,"independent"
46,4486,"independent"
42,4487,"independent"
46,4488,"independent"
42,4489,"independent"
50,4490,"independent"
40,4491,"independent"
44,4492,"independent"
46,4493,"independent"
46,4494,"independent"
50,4495,"independent"
46,4496,"independent"
44,4497,"independent"
52,4498,"independent"
48,4499,"independent"
50,4500,"independent"
48,4501,"independent"
46,4502,"independent"
44,4503,"independent"
42,4504,"independent"
48,4505,"independent"
44,4506,"independent"
48,4507,"independent"
50,4508,"independent"
48,4509,"independent"
46,4510,"independent"
46,4511,"independent"
40,4512,"independent"
42,4513,"independent"
50,4514,"independent"
48,4515,"independent"
44,4516,"independent"
46,4517,"independent"
50,4518,"independent"
46,4519,"independent"
48,4520,"independent"
46,4521,"independent"
44,4522,"independent"
46,4523,"independent"
50,4524,"independent"
48,4525,"independent"
48,4526,"independent"
46,4527,"independent"
48,4528,"independent"
44,4529,"independent"
46,4530,"independent"
44,4531,"independent"
40,4532,"independent"
46,4533,"independent"
46,4534,"independent"
50,4535,"independent"
52,4536,"independent"
46,4537,"independent"
48,4538,"independent"
46,4539,"independent"
48,4540,"independent"
44,4541,"independent"
48,4542,"independent"
44,4543,"independent"
52,4544,"independent"
48,4545,"independent"
48,4546,"independent"
48,4547,"independent"
52,4548,"independent"
46,4549,"independent"
50,4550,"independent"
50,4551,"independent"
48,4552,"independent"
50,4553,"independent"
44,4554,"independent"
48,4555,"independent"
42,4556,"independent"
46,4557,"independent"
46,4558,"independent"
48,4559,"independent"
38,4560,"independent"
50,4561,"independent"
46,4562,"independent"
48,4563,"independent"
44,4564,"independent"
50,4565,"independent"
48,4566,"independent"
48,4567,"independent"
46,4568,"independent"
44,4569,"independent"
44,4570,"independent"
48,4571,"independent"
48,4572,"independent"
46,4573,"independent"
46,4574,"independent"
50,4575,"independent"
42,4576,"independent"
52,4577,"independent"
46,4578,"independent"
48,4579,"independent"
50,4580,"independent"
48,4581,"independent"
48,4582,"independent"
48,4583,"independent"
50,4584,"independent"
48,4585,"independent"
50,4586,"independent"
44,4587,"independent"
48,4588,"independent"
50,4589,"independent"
52,4590,"independent"
48,4591,"independent"
46,4592,"independent"
48,4593,"independent"
44,4594,"independent"
46,4595,"independent"
50,4596,"independent"
50,4597,"independent"
48,4598,"independent"
48,4599,"independent"
42,4600,"independent"
44,4601,"independent"
46,4602,"independent"
50,4603,"independent"
48,4604,"independent"
50,4605,"independent"
48,4606,"independent"
46,4607,"independent"
48,4608,"independent"
50,4609,"independent"
48,4610,"independent"
48,4611,"independent"
46,4612,"independent"
44,4613,"independent"
40,4614,"independent"
52,4615,"independent"
48,4616,"independent"
44,4617,"independent"
44,4618,"independent"
46,4619,"independent"
46,4620,"independent"
46,4621,"independent"
48,4622,"independent"
46,4623,"independent"
48,4624,"independent"
42,4625,"independent"
40,4626,"independent"
48,4627,"independent"
44,4628,"independent"
48,4629,"independent"
50,4630,"independent"
44,4631,"independent"
46,4632,"independent"
44,4633,"independent"
50,4634,"independent"
48,4635,"independent"
38,4636,"independent"
50,4637,"independent"
42,4638,"independent"
46,4639,"independent"
50,4640,"independent"
50,4641,"independent"
52,4642,"independent"
50,4643,"independent"
54,4644,"independent"
54,4645,"independent"
50,4646,"independent"
44,4647,"independent"
46,4648,"independent"
48,4649,"independent"
46,4650,"independent"
48,4651,"independent"
42,4652,"independent"
48,4653,"independent"
46,4654,"independent"
48,4655,"independent"
50,4656,"independent"
48,4657,"independent"
50,4658,"independent"
44,4659,"independent"
46,4660,"independent"
52,4661,"independent"
46,4662,"independent"
42,4663,"independent"
46,4664,"independent"
48,4665,"independent"
44,4666,"independent"
48,4667,"independent"
46,4668,"independent"
44,4669,"independent"
52,4670,"independent"
44,4671,"independent"
44,4672,"independent"
48,4673,"independent"
50,4674,"independent"
48,4675,"independent"
46,4676,"independent"
46,4677,"independent"
46,4678,"independent"
44,4679,"independent"
40,4680,"independent"
50,4681,"independent"
48,4682,"independent"
46,4683,"independent"
48,4684,"independent"
48,4685,"independent"
48,4686,"independent"
42,4687,"independent"
36,4688,"independent"
46,4689,"independent"
42,4690,"independent"
46,4691,"independent"
44,4692,"independent"
44,4693,"independent"
46,4694,"independent"
48,4695,"independent"
48,4696,"independent"
48,4697,"independent"
52,4698,"independent"
44,4699,"independent"
50,4700,"independent"
52,4701,"independent"
52,4702,"independent"
52,4703,"independent"
48,4704,"independent"
48,4705,"independent"
48,4706,"independent"
48,4707,"independent"
44,4708,"independent"
52,4709,"independent"
48,4710,"independent"
48,4711,"independent"
46,4712,"independent"
50,4713,"independent"
48,4714,"independent"
48,4715,"independent"
52,4716,"independent"
50,4717,"independent"
52,4718,"independent"
54,4719,"independent"
50,4720,"independent"
44,4721,"independent"
52,4722,"independent"
50,4723,"independent"
48,4724,"independent"
46,4725,"independent"
46,4726,"independent"
46,4727,"independent"
44,4728,"independent"
48,4729,"independent"
48,4730,"independent"
46,4731,"independent"
46,4732,"independent"
42,4733,"independent"
44,4734,"independent"
50,4735,"independent"
44,4736,"independent"
50,4737,"independent"
50,4738,"independent"
44,4739,"independent"
50,4740,"independent"
50,4741,"independent"
46,4742,"independent"
44,4743,"independent"
48,4744,"independent"
46,4745,"independent"
40,4746,"independent"
46,4747,"independent"
42,4748,"independent"
42,4749,"independent"
44,4750,"independent"
40,4751,"independent"
44,4752,"independent"
44,4753,"independent"
48,4754,"independent"
48,4755,"independent"
44,4756,"independent"
48,4757,"independent"
48,4758,"independent"
42,4759,"independent"
46,4760,"independent"
48,4761,"independent"
48,4762,"independent"
50,4763,"independent"
46,4764,"independent"
42,4765,"independent"
50,4766,"independent"
44,4767,"independent"
50,4768,"independent"
44,4769,"independent"
48,4770,"independent"
46,4771,"independent"
48,4772,"independent"
48,4773,"independent"
48,4774,"independent"
50,4775,"independent"
48,4776,"independent"
48,4777,"independent"
52,4778,"independent"
52,4779,"independent"
50,4780,"independent"
52,4781,"independent"
48,4782,"independent"
46,4783,"independent"
50,4784,"independent"
48,4785,"independent"
54,4786,"independent"
48,4787,"independent"
46,4788,"independent"
46,4789,"independent"
50,4790,"independent"
44,4791,"independent"
46,4792,"independent"
48,4793,"independent"
46,4794,"independent"
48,4795,"independent"
46,4796,"independent"
44,4797,"independent"
48,4798,"independent"
50,4799,"independent"
46,4800,"independent"
46,4801,"independent"
48,4802,"independent"
44,4803,"independent"
46,4804,"independent"
48,4805,"independent"
48,4806,"independent"
48,4807,"independent"
52,4808,"independent"
44,4809,"independent"
46,4810,"independent"
48,4811,"independent"
48,4812,"independent"
42,4813,"independent"
50,4814,"independent"
42,4815,"independent"
48,4816,"independent"
46,4817,"independent"
48,4818,"independent"
50,4819,"independent"
48,4820,"independent"
46,4821,"independent"
50,4822,"independent"
44,4823,"independent"
42,4824,"independent"
46,4825,"independent"
52,4826,"independent"
50,4827,"independent"
48,4828,"independent"
48,4829,"independent"
42,4830,"independent"
46,4831,"independent"
42,4832,"independent"
42,4833,"independent"
46,4834,"independent"
50,4835,"independent"
42,4836,"independent"
44,4837,"independent"
48,4838,"independent"
46,4839,"independent"
48,4840,"independent"
46,4841,"independent"
46,4842,"independent"
44,4843,"independent"
48,4844,"independent"
46,4845,"independent"
46,4846,"independent"
48,4847,"independent"
42,4848,"independent"
42,4849,"independent"
48,4850,"independent"
50,4851,"independent"
48,4852,"independent"
42,4853,"independent"
46,4854,"independent"
52,4855,"independent"
48,4856,"independent"
50,4857,"independent"
48,4858,"independent"
50,4859,"independent"
50,4860,"independent"
50,4861,"independent"
54,4862,"independent"
42,4863,"independent"
42,4864,"independent"
40,4865,"independent"
46,4866,"independent"
46,4867,"independent"
50,4868,"independent"
52,4869,"independent"
50,4870,"independent"
48,4871,"independent"
50,4872,"independent"
50,4873,"independent"
42,4874,"independent"
44,4875,"independent"
40,4876,"independent"
50,4877,"independent"
52,4878,"independent"
42,4879,"independent"
46,4880,"independent"
52,4881,"independent"
48,4882,"independent"
44,4883,"independent"
50,4884,"independent"
50,4885,"independent"
46,4886,"independent"
48,4887,"independent"
44,4888,"independent"
40,4889,"independent"
44,4890,"independent"
46,4891,"independent"
46,4892,"independent"
48,4893,"independent"
48,4894,"independent"
46,4895,"independent"
48,4896,"independent"
48,4897,"independent"
48,4898,"independent"
44,4899,"independent"
48,4900,"independent"
48,4901,"independent"
46,4902,"independent"
52,4903,"independent"
46,4904,"independent"
50,4905,"independent"
52,4906,"independent"
48,4907,"independent"
48,4908,"independent"
50,4909,"independent"
48,4910,"independent"
52,4911,"independent"
52,4912,"independent"
48,4913,"independent"
44,4914,"independent"
50,4915,"independent"
48,4916,"independent"
48,4917,"independent"
40,4918,"independent"
46,4919,"independent"
40,4920,"independent"
44,4921,"independent"
46,4922,"independent"
48,4923,"independent"
44,4924,"independent"
44,4925,"independent"
46,4926,"independent"
48,4927,"independent"
46,4928,"independent"
52,4929,"independent"
48,4930,"independent"
52,4931,"independent"
46,4932,"independent"
50,4933,"independent"
52,4934,"independent"
48,4935,"independent"
40,4936,"independent"
46,4937,"independent"
46,4938,"independent"
44,4939,"independent"
44,4940,"independent"
50,4941,"independent"
46,4942,"independent"
44,4943,"independent"
50,4944,"independent"
52,4945,"independent"
48,4946,"independent"
46,4947,"independent"
46,4948,"independent"
50,4949,"independent"
48,4950,"independent"
46,4951,"independent"
48,4952,"independent"
46,4953,"independent"
42,4954,"independent"
46,4955,"independent"
50,4956,"independent"
50,4957,"independent"
46,4958,"independent"
50,4959,"independent"
50,4960,"independent"
52,4961,"independent"
52,4962,"independent"
42,4963,"independent"
50,4964,"independent"
46,4965,"independent"
48,4966,"independent"
46,4967,"independent"
46,4968,"independent"
46,4969,"independent"
46,4970,"independent"
46,4971,"independent"
44,4972,"independent"
50,4973,"independent"
46,4974,"independent"
48,4975,"independent"
52,4976,"independent"
48,4977,"independent"
48,4978,"independent"
54,4979,"independent"
46,4980,"independent"
50,4981,"independent"
50,4982,"independent"
50,4983,"independent"
48,4984,"independent"
48,4985,"independent"
40,4986,"independent"
46,4987,"independent"
52,4988,"independent"
48,4989,"independent"
48,4990,"independent"
44,4991,"independent"
52,4992,"independent"
42,4993,"independent"
48,4994,"independent"
50,4995,"independent"
46,4996,"independent"
48,4997,"independent"
48,4998,"independent"
42,4999,"independent"
48,5000,"independent"
46,5001,"independent"
44,5002,"independent"
48,5003,"independent"
48,5004,"independent"
48,5005,"independent"
50,5006,"independent"
48,5007,"independent"
44,5008,"independent"
48,5009,"independent"
46,5010,"independent"
46,5011,"independent"
44,5012,"independent"
46,5013,"independent"
46,5014,"independent"
48,5015,"independent"
46,5016,"independent"
46,5017,"independent"
46,5018,"independent"
48,5019,"independent"
48,5020,"independent"
44,5021,"independent"
50,5022,"independent"
50,5023,"independent"
52,5024,"independent"
50,5025,"independent"
52,5026,"independent"
46,5027,"independent"
50,5028,"independent"
48,5029,"independent"
44,5030,"independent"
44,5031,"independent"
52,5032,"independent"
44,5033,"independent"
48,5034,"independent"
48,5035,"independent"
42,5036,"independent"
52,5037,"independent"
50,5038,"independent"
48,5039,"independent"
50,5040,"independent"
50,5041,"independent"
50,5042,"independent"
48,5043,"independent"
44,5044,"independent"
50,5045,"independent"
48,5046,"independent"
44,5047,"independent"
42,5048,"independent"
46,5049,"independent"
40,5050,"independent"
52,5051,"independent"
46,5052,"independent"
46,5053,"independent"
42,5054,"independent"
44,5055,"independent"
48,5056,"independent"
50,5057,"independent"
44,5058,"independent"
50,5059,"independent"
48,5060,"independent"
46,5061,"independent"
44,5062,"independent"
50,5063,"independent"
48,5064,"independent"
42,5065,"independent"
50,5066,"independent"
50,5067,"independent"
42,5068,"independent"
46,5069,"independent"
46,5070,"independent"
50,5071,"independent"
46,5072,"independent"
46,5073,"independent"
48,5074,"independent"
50,5075,"independent"
48,5076,"independent"
46,5077,"independent"
48,5078,"independent"
48,5079,"independent"
42,5080,"independent"
46,5081,"independent"
44,5082,"independent"
48,5083,"independent"
46,5084,"independent"
44,5085,"independent"
46,5086,"independent"
48,5087,"independent"
50,5088,"independent"
46,5089,"independent"
48,5090,"independent"
46,5091,"independent"
48,5092,"independent"
50,5093,"independent"
48,5094,"independent"
50,5095,"independent"
48,5096,"independent"
46,5097,"independent"
46,5098,"independent"
48,5099,"independent"
48,5100,"independent"
50,5101,"independent"
50,5102,"independent"
48,5103,"independent"
50,5104,"independent"
52,5105,"independent"
52,5106,"independent"
52,5107,"independent"
50,5108,"independent"
44,5109,"independent"
50,5110,"independent"
50,5111,"independent"
48,5112,"independent"
48,5113,"independent"
50,5114,"independent"
44,5115,"independent"
50,5116,"independent"
50,5117,"independent"
48,5118,"independent"
48,5119,"independent"
44,5120,"independent"
48,5121,"independent"
46,5122,"independent"
42,5123,"independent"
48,5124,"independent"
42,5125,"independent"
54,5126,"independent"
54,5127,"independent"
50,5128,"independent"
48,5129,"independent"
46,5130,"independent"
50,5131,"independent"
50,5132,"independent"
50,5133,"independent"
44,5134,"independent"
46,5135,"independent"
50,5136,"independent"
48,5137,"independent"
42,5138,"independent"
40,5139,"independent"
52,5140,"independent"
46,5141,"independent"
48,5142,"independent"
52,5143,"independent"
48,5144,"independent"
46,5145,"independent"
48,5146,"independent"
50,5147,"independent"
48,5148,"independent"
46,5149,"independent"
48,5150,"independent"
48,5151,"independent"
46,5152,"independent"
42,5153,"independent"
40,5154,"independent"
48,5155,"independent"
48,5156,"independent"
46,5157,"independent"
48,5158,"independent"
48,5159,"independent"
52,5160,"independent"
52,5161,"independent"
48,5162,"independent"
48,5163,"independent"
44,5164,"independent"
50,5165,"independent"
46,5166,"independent"
48,5167,"independent"
46,5168,"independent"
46,5169,"independent"
52,5170,"independent"
54,5171,"independent"
48,5172,"independent"
52,5173,"independent"
48,5174,"independent"
50,5175,"independent"
48,5176,"independent"
44,5177,"independent"
44,5178,"independent"
46,5179,"independent"
52,5180,"independent"
46,5181,"independent"
52,5182,"independent"
48,5183,"independent"
42,5184,"independent"
46,5185,"independent"
46,5186,"independent"
44,5187,"independent"
44,5188,"independent"
48,5189,"independent"
48,5190,"independent"
46,5191,"independent"
50,5192,"independent"
50,5193,"independent"
46,5194,"independent"
52,5195,"independent"
48,5196,"independent"
48,5197,"independent"
48,5198,"independent"
44,5199,"independent"
44,5200,"independent"
40,5201,"independent"
52,5202,"independent"
48,5203,"independent"
48,5204,"independent"
46,5205,"independent"
46,5206,"independent"
44,5207,"independent"
42,5208,"independent"
46,5209,"independent"
46,5210,"independent"
50,5211,"independent"
48,5212,"independent"
48,5213,"independent"
44,5214,"independent"
44,5215,"independent"
48,5216,"independent"
50,5217,"independent"
50,5218,"independent"
46,5219,"independent"
48,5220,"independent"
46,5221,"independent"
48,5222,"independent"
48,5223,"independent"
44,5224,"independent"
46,5225,"independent"
44,5226,"independent"
50,5227,"independent"
46,5228,"independent"
52,5229,"independent"
50,5230,"independent"
52,5231,"independent"
50,5232,"independent"
46,5233,"independent"
48,5234,"independent"
48,5235,"independent"
46,5236,"independent"
46,5237,"independent"
46,5238,"independent"
44,5239,"independent"
46,5240,"independent"
46,5241,"independent"
52,5242,"independent"
48,5243,"independent"
42,5244,"independent"
42,5245,"independent"
44,5246,"independent"
50,5247,"independent"
46,5248,"independent"
44,5249,"independent"
48,5250,"independent"
50,5251,"independent"
46,5252,"independent"
50,5253,"independent"
46,5254,"independent"
44,5255,"independent"
50,5256,"independent"
52,5257,"independent"
50,5258,"independent"
52,5259,"independent"
44,5260,"independent"
46,5261,"independent"
50,5262,"independent"
54,5263,"independent"
50,5264,"independent"
48,5265,"independent"
48,5266,"independent"
42,5267,"independent"
50,5268,"independent"
52,5269,"independent"
50,5270,"independent"
50,5271,"independent"
50,5272,"independent"
46,5273,"independent"
52,5274,"independent"
48,5275,"independent"
52,5276,"independent"
40,5277,"independent"
38,5278,"independent"
48,5279,"independent"
46,5280,"independent"
44,5281,"independent"
48,5282,"independent"
48,5283,"independent"
48,5284,"independent"
46,5285,"independent"
50,5286,"independent"
44,5287,"independent"
50,5288,"independent"
48,5289,"independent"
48,5290,"independent"
46,5291,"independent"
52,5292,"independent"
52,5293,"independent"
46,5294,"independent"
42,5295,"independent"
46,5296,"independent"
50,5297,"independent"
50,5298,"independent"
46,5299,"independent"
48,5300,"independent"
48,5301,"independent"
46,5302,"independent"
50,5303,"independent"
50,5304,"independent"
46,5305,"independent"
52,5306,"independent"
46,5307,"independent"
50,5308,"independent"
44,5309,"independent"
52,5310,"independent"
40,5311,"independent"
48,5312,"independent"
50,5313,"independent"
48,5314,"independent"
46,5315,"independent"
44,5316,"independent"
44,5317,"independent"
50,5318,"independent"
44,5319,"independent"
48,5320,"independent"
46,5321,"independent"
42,5322,"independent"
46,5323,"independent"
48,5324,"independent"
52,5325,"independent"
48,5326,"independent"
44,5327,"independent"
48,5328,"independent"
46,5329,"independent"
52,5330,"independent"
50,5331,"independent"
50,5332,"independent"
50,5333,"independent"
46,5334,"independent"
46,5335,"independent"
50,5336,"independent"
52,5337,"independent"
52,5338,"independent"
46,5339,"independent"
52,5340,"independent"
50,5341,"independent"
46,5342,"independent"
40,5343,"independent"
48,5344,"independent"
46,5345,"independent"
52,5346,"independent"
50,5347,"independent"
48,5348,"independent"
48,5349,"independent"
44,5350,"independent"
50,5351,"independent"
48,5352,"independent"
48,5353,"independent"
40,5354,"independent"
48,5355,"independent"
52,5356,"independent"
50,5357,"independent"
54,5358,"independent"
54,5359,"independent"
50,5360,"independent"
54,5361,"independent"
54,5362,"independent"
44,5363,"independent"
48,5364,"independent"
48,5365,"independent"
50,5366,"independent"
50,5367,"independent"
46,5368,"independent"
50,5369,"independent"
48,5370,"independent"
48,5371,"independent"
50,5372,"independent"
50,5373,"independent"
44,5374,"independent"
46,5375,"independent"
48,5376,"independent"
46,5377,"independent"
42,5378,"independent"
46,5379,"independent"
54,5380,"independent"
52,5381,"independent"
48,5382,"independent"
46,5383,"independent"
50,5384,"independent"
48,5385,"independent"
44,5386,"independent"
50,5387,"independent"
48,5388,"independent"
52,5389,"independent"
48,5390,"independent"
48,5391,"independent"
50,5392,"independent"
48,5393,"independent"
46,5394,"independent"
48,5395,"independent"
46,5396,"independent"
50,5397,"independent"
42,5398,"independent"
44,5399,"independent"
50,5400,"independent"
42,5401,"independent"
46,5402,"independent"
42,5403,"independent"
40,5404,"independent"
48,5405,"independent"
50,5406,"independent"
42,5407,"independent"
46,5408,"independent"
48,5409,"independent"
52,5410,"independent"
44,5411,"independent"
46,5412,"independent"
48,5413,"independent"
52,5414,"independent"
50,5415,"independent"
50,5416,"independent"
50,5417,"independent"
44,5418,"independent"
50,5419,"independent"
50,5420,"independent"
50,5421,"independent"
52,5422,"independent"
48,5423,"independent"
50,5424,"independent"
46,5425,"independent"
40,5426,"independent"
40,5427,"independent"
50,5428,"independent"
54,5429,"independent"
46,5430,"independent"
46,5431,"independent"
50,5432,"independent"
54,5433,"independent"
48,5434,"independent"
42,5435,"independent"
50,5436,"independent"
52,5437,"independent"
42,5438,"independent"
44,5439,"independent"
50,5440,"independent"
42,5441,"independent"
50,5442,"independent"
46,5443,"independent"
52,5444,"independent"
48,5445,"independent"
48,5446,"independent"
42,5447,"independent"
48,5448,"independent"
50,5449,"independent"
50,5450,"independent"
48,5451,"independent"
48,5452,"independent"
46,5453,"independent"
44,5454,"independent"
48,5455,"independent"
46,5456,"independent"
52,5457,"independent"
44,5458,"independent"
50,5459,"independent"
52,5460,"independent"
46,5461,"independent"
50,5462,"independent"
44,5463,"independent"
44,5464,"independent"
44,5465,"independent"
48,5466,"independent"
50,5467,"independent"
54,5468,"independent"
50,5469,"independent"
46,5470,"independent"
48,5471,"independent"
42,5472,"independent"
46,5473,"independent"
48,5474,"independent"
48,5475,"independent"
50,5476,"independent"
44,5477,"independent"
48,5478,"independent"
48,5479,"independent"
48,5480,"independent"
48,5481,"independent"
48,5482,"independent"
48,5483,"independent"
54,5484,"independent"
48,5485,"independent"
40,5486,"independent"
46,5487,"independent"
40,5488,"independent"
44,5489,"independent"
44,5490,"independent"
48,5491,"independent"
46,5492,"independent"
46,5493,"independent"
54,5494,"independent"
50,5495,"independent"
50,5496,"independent"
44,5497,"independent"
44,5498,"independent"
48,5499,"independent"
46,5500,"independent"
48,5501,"independent"
48,5502,"independent"
44,5503,"independent"
48,5504,"independent"
48,5505,"independent"
48,5506,"independent"
46,5507,"independent"
50,5508,"independent"
48,5509,"independent"
46,5510,"independent"
50,5511,"independent"
50,5512,"independent"
54,5513,"independent"
48,5514,"independent"
52,5515,"independent"
48,5516,"independent"
46,5517,"independent"
52,5518,"independent"
44,5519,"independent"
48,5520,"independent"
44,5521,"independent"
46,5522,"independent"
48,5523,"independent"
44,5524,"independent"
44,5525,"independent"
42,5526,"independent"
44,5527,"independent"
46,5528,"independent"
50,5529,"independent"
46,5530,"independent"
44,5531,"independent"
48,5532,"independent"
44,5533,"independent"
48,5534,"independent"
44,5535,"independent"
42,5536,"independent"
50,5537,"independent"
50,5538,"independent"
50,5539,"independent"
48,5540,"independent"
50,5541,"independent"
52,5542,"independent"
42,5543,"independent"
48,5544,"independent"
44,5545,"independent"
44,5546,"independent"
50,5547,"independent"
44,5548,"independent"
42,5549,"independent"
52,5550,"independent"
52,5551,"independent"
50,5552,"independent"
38,5553,"independent"
46,5554,"independent"
46,5555,"independent"
48,5556,"independent"
42,5557,"independent"
46,5558,"independent"
44,5559,"independent"
50,5560,"independent"
46,5561,"independent"
48,5562,"independent"
46,5563,"independent"
42,5564,"independent"
44,5565,"independent"
48,5566,"independent"
50,5567,"independent"
46,5568,"independent"
48,5569,"independent"
52,5570,"independent"
44,5571,"independent"
50,5572,"independent"
46,5573,"independent"
44,5574,"independent"
46,5575,"independent"
46,5576,"independent"
46,5577,"independent"
46,5578,"independent"
48,5579,"independent"
48,5580,"independent"
52,5581,"independent"
48,5582,"independent"
46,5583,"independent"
50,5584,"independent"
52,5585,"independent"
46,5586,"independent"
44,5587,"independent"
46,5588,"independent"
44,5589,"independent"
42,5590,"independent"
48,5591,"independent"
48,5592,"independent"
48,5593,"independent"
46,5594,"independent"
48,5595,"independent"
46,5596,"independent"
42,5597,"independent"
50,5598,"independent"
48,5599,"independent"
40,5600,"independent"
50,5601,"independent"
48,5602,"independent"
50,5603,"independent"
50,5604,"independent"
52,5605,"independent"
48,5606,"independent"
44,5607,"independent"
46,5608,"independent"
48,5609,"independent"
48,5610,"independent"
48,5611,"independent"
48,5612,"independent"
42,5613,"independent"
42,5614,"independent"
50,5615,"independent"
46,5616,"independent"
44,5617,"independent"
52,5618,"independent"
54,5619,"independent"
48,5620,"independent"
46,5621,"independent"
50,5622,"independent"
48,5623,"independent"
50,5624,"independent"
48,5625,"independent"
50,5626,"independent"
50,5627,"independent"
46,5628,"independent"
52,5629,"independent"
48,5630,"independent"
50,5631,"independent"
42,5632,"independent"
48,5633,"independent"
50,5634,"independent"
46,5635,"independent"
40,5636,"independent"
46,5637,"independent"
44,5638,"independent"
50,5639,"independent"
40,5640,"independent"
42,5641,"independent"
48,5642,"independent"
52,5643,"independent"
46,5644,"independent"
48,5645,"independent"
50,5646,"independent"
38,5647,"independent"
50,5648,"independent"
54,5649,"independent"
46,5650,"independent"
48,5651,"independent"
50,5652,"independent"
50,5653,"independent"
50,5654,"independent"
48,5655,"independent"
52,5656,"independent"
52,5657,"independent"
44,5658,"independent"
50,5659,"independent"
46,5660,"independent"
46,5661,"independent"
48,5662,"independent"
48,5663,"independent"
46,5664,"independent"
42,5665,"independent"
40,5666,"independent"
42,5667,"independent"
46,5668,"independent"
46,5669,"independent"
48,5670,"independent"
48,5671,"independent"
48,5672,"independent"
48,5673,"independent"
48,5674,"independent"
44,5675,"independent"
52,5676,"independent"
50,5677,"independent"
50,5678,"independent"
46,5679,"independent"
50,5680,"independent"
48,5681,"independent"
46,5682,"independent"
52,5683,"independent"
48,5684,"independent"
50,5685,"independent"
48,5686,"independent"
46,5687,"independent"
46,5688,"independent"
50,5689,"independent"
48,5690,"independent"
50,5691,"independent"
50,5692,"independent"
46,5693,"independent"
46,5694,"independent"
46,5695,"independent"
50,5696,"independent"
50,5697,"independent"
52,5698,"independent"
52,5699,"independent"
48,5700,"independent"
46,5701,"independent"
50,5702,"independent"
46,5703,"independent"
42,5704,"independent"
50,5705,"independent"
44,5706,"independent"
48,5707,"independent"
50,5708,"independent"
46,5709,"independent"
48,5710,"independent"
46,5711,"independent"
44,5712,"independent"
40,5713,"independent"
48,5714,"independent"
48,5715,"independent"
48,5716,"independent"
48,5717,"independent"
44,5718,"independent"
44,5719,"independent"
48,5720,"independent"
50,5721,"independent"
46,5722,"independent"
46,5723,"independent"
46,5724,"independent"
46,5725,"independent"
42,5726,"independent"
44,5727,"independent"
46,5728,"independent"
46,5729,"independent"
40,5730,"independent"
52,5731,"independent"
46,5732,"independent"
40,5733,"independent"
52,5734,"independent"
52,5735,"independent"
44,5736,"independent"
48,5737,"independent"
46,5738,"independent"
46,5739,"independent"
50,5740,"independent"
46,5741,"independent"
46,5742,"independent"
50,5743,"independent"
44,5744,"independent"
44,5745,"independent"
52,5746,"independent"
52,5747,"independent"
46,5748,"independent"
50,5749,"independent"
40,5750,"independent"
48,5751,"independent"
50,5752,"independent"
52,5753,"independent"
48,5754,"independent"
50,5755,"independent"
46,5756,"independent"
46,5757,"independent"
50,5758,"independent"
50,5759,"independent"
48,5760,"independent"
44,5761,"independent"
48,5762,"independent"
38,5763,"independent"
46,5764,"independent"
44,5765,"independent"
46,5766,"independent"
46,5767,"independent"
42,5768,"independent"
44,5769,"independent"
50,5770,"independent"
48,5771,"independent"
40,5772,"independent"
48,5773,"independent"
48,5774,"independent"
44,5775,"independent"
46,5776,"independent"
46,5777,"independent"
42,5778,"independent"
40,5779,"independent"
42,5780,"independent"
46,5781,"independent"
46,5782,"independent"
44,5783,"independent"
44,5784,"independent"
44,5785,"independent"
48,5786,"independent"
44,5787,"independent"
46,5788,"independent"
40,5789,"independent"
44,5790,"independent"
48,5791,"independent"
48,5792,"independent"
44,5793,"independent"
44,5794,"independent"
52,5795,"independent"
54,5796,"independent"
46,5797,"independent"
48,5798,"independent"
50,5799,"independent"
52,5800,"independent"
46,5801,"independent"
46,5802,"independent"
50,5803,"independent"
46,5804,"independent"
48,5805,"independent"
48,5806,"independent"
48,5807,"independent"
48,5808,"independent"
44,5809,"independent"
46,5810,"independent"
46,5811,"independent"
46,5812,"independent"
50,5813,"independent"
46,5814,"independent"
48,5815,"independent"
50,5816,"independent"
50,5817,"independent"
42,5818,"independent"
50,5819,"independent"
46,5820,"independent"
50,5821,"independent"
48,5822,"independent"
42,5823,"independent"
46,5824,"independent"
48,5825,"independent"
46,5826,"independent"
46,5827,"independent"
46,5828,"independent"
50,5829,"independent"
50,5830,"independent"
44,5831,"independent"
50,5832,"independent"
48,5833,"independent"
42,5834,"independent"
50,5835,"independent"
48,5836,"independent"
50,5837,"independent"
46,5838,"independent"
50,5839,"independent"
42,5840,"independent"
46,5841,"independent"
42,5842,"independent"
50,5843,"independent"
52,5844,"independent"
40,5845,"independent"
46,5846,"independent"
52,5847,"independent"
46,5848,"independent"
46,5849,"independent"
50,5850,"independent"
50,5851,"independent"
44,5852,"independent"
46,5853,"independent"
50,5854,"independent"
46,5855,"independent"
52,5856,"independent"
46,5857,"independent"
50,5858,"independent"
48,5859,"independent"
50,5860,"independent"
46,5861,"independent"
42,5862,"independent"
48,5863,"independent"
48,5864,"independent"
42,5865,"independent"
52,5866,"independent"
48,5867,"independent"
48,5868,"independent"
48,5869,"independent"
48,5870,"independent"
50,5871,"independent"
48,5872,"independent"
52,5873,"independent"
52,5874,"independent"
48,5875,"independent"
50,5876,"independent"
50,5877,"independent"
50,5878,"independent"
52,5879,"independent"
50,5880,"independent"
48,5881,"independent"
50,5882,"independent"
52,5883,"independent"
50,5884,"independent"
54,5885,"independent"
46,5886,"independent"
46,5887,"independent"
50,5888,"independent"
50,5889,"independent"
50,5890,"independent"
46,5891,"independent"
46,5892,"independent"
48,5893,"independent"
48,5894,"independent"
46,5895,"independent"
46,5896,"independent"
50,5897,"independent"
44,5898,"independent"
46,5899,"independent"
50,5900,"independent"
52,5901,"independent"
44,5902,"independent"
48,5903,"independent"
54,5904,"independent"
44,5905,"independent"
50,5906,"independent"
50,5907,"independent"
52,5908,"independent"
46,5909,"independent"
50,5910,"independent"
48,5911,"independent"
52,5912,"independent"
54,5913,"independent"
48,5914,"independent"
46,5915,"independent"
42,5916,"independent"
44,5917,"independent"
48,5918,"independent"
52,5919,"independent"
52,5920,"independent"
52,5921,"independent"
50,5922,"independent"
50,5923,"independent"
40,5924,"independent"
50,5925,"independent"
44,5926,"independent"
48,5927,"independent"
52,5928,"independent"
52,5929,"independent"
50,5930,"independent"
48,5931,"independent"
52,5932,"independent"
48,5933,"independent"
52,5934,"independent"
52,5935,"independent"
50,5936,"independent"
48,5937,"independent"
48,5938,"independent"
48,5939,"independent"
44,5940,"independent"
42,5941,"independent"
46,5942,"independent"
48,5943,"independent"
48,5944,"independent"
42,5945,"independent"
48,5946,"independent"
50,5947,"independent"
48,5948,"independent"
50,5949,"independent"
52,5950,"independent"
44,5951,"independent"
46,5952,"independent"
42,5953,"independent"
44,5954,"independent"
48,5955,"independent"
48,5956,"independent"
50,5957,"independent"
46,5958,"independent"
48,5959,"independent"
52,5960,"independent"
48,5961,"independent"
48,5962,"independent"
46,5963,"independent"
38,5964,"independent"
48,5965,"independent"
42,5966,"independent"
48,5967,"independent"
48,5968,"independent"
48,5969,"independent"
48,5970,"independent"
44,5971,"independent"
48,5972,"independent"
48,5973,"independent"
48,5974,"independent"
44,5975,"independent"
46,5976,"independent"
48,5977,"independent"
46,5978,"independent"
48,5979,"independent"
46,5980,"independent"
42,5981,"independent"
46,5982,"independent"
44,5983,"independent"
48,5984,"independent"
42,5985,"independent"
50,5986,"independent"
50,5987,"independent"
46,5988,"independent"
50,5989,"independent"
48,5990,"independent"
44,5991,"independent"
46,5992,"independent"
50,5993,"independent"
52,5994,"independent"
44,5995,"independent"
46,5996,"independent"
48,5997,"independent"
50,5998,"independent"
52,5999,"independent"
44,6000,"independent"
40,6001,"independent"
52,6002,"independent"
50,6003,"independent"
48,6004,"independent"
44,6005,"independent"
50,6006,"independent"
48,6007,"independent"
44,6008,"independent"
50,6009,"independent"
50,6010,"independent"
48,6011,"independent"
40,6012,"independent"
50,6013,"independent"
38,6014,"independent"
52,6015,"independent"
54,6016,"independent"
44,6017,"independent"
52,6018,"independent"
50,6019,"independent"
40,6020,"independent"
50,6021,"independent"
46,6022,"independent"
52,6023,"independent"
46,6024,"independent"
46,6025,"independent"
48,6026,"independent"
54,6027,"independent"
44,6028,"independent"
50,6029,"independent"
46,6030,"independent"
46,6031,"independent"
48,6032,"independent"
48,6033,"independent"
50,6034,"independent"
50,6035,"independent"
52,6036,"independent"
50,6037,"independent"
48,6038,"independent"
48,6039,"independent"
50,6040,"independent"
46,6041,"independent"
48,6042,"independent"
46,6043,"independent"
50,6044,"independent"
50,6045,"independent"
44,6046,"independent"
48,6047,"independent"
48,6048,"independent"
46,6049,"independent"
48,6050,"independent"
48,6051,"independent"
44,6052,"independent"
46,6053,"independent"
42,6054,"independent"
44,6055,"independent"
46,6056,"independent"
50,6057,"independent"
46,6058,"independent"
48,6059,"independent"
50,6060,"independent"
48,6061,"independent"
48,6062,"independent"
46,6063,"independent"
46,6064,"independent"
42,6065,"independent"
50,6066,"independent"
50,6067,"independent"
42,6068,"independent"
44,6069,"independent"
44,6070,"independent"
48,6071,"independent"
48,6072,"independent"
48,6073,"independent"
50,6074,"independent"
50,6075,"independent"
46,6076,"independent"
48,6077,"independent"
42,6078,"independent"
42,6079,"independent"
46,6080,"independent"
46,6081,"independent"
42,6082,"independent"
42,6083,"independent"
46,6084,"independent"
44,6085,"independent"
50,6086,"independent"
50,6087,"independent"
46,6088,"independent"
50,6089,"independent"
52,6090,"independent"
50,6091,"independent"
50,6092,"independent"
52,6093,"independent"
46,6094,"independent"
52,6095,"independent"
50,6096,"independent"
52,6097,"independent"
50,6098,"independent"
48,6099,"independent"
52,6100,"independent"
52,6101,"independent"
48,6102,"independent"
38,6103,"independent"
46,6104,"independent"
52,6105,"independent"
50,6106,"independent"
48,6107,"independent"
44,6108,"independent"
46,6109,"independent"
42,6110,"independent"
48,6111,"independent"
44,6112,"independent"
46,6113,"independent"
44,6114,"independent"
46,6115,"independent"
54,6116,"independent"
46,6117,"independent"
48,6118,"independent"
44,6119,"independent"
52,6120,"independent"
48,6121,"independent"
50,6122,"independent"
50,6123,"independent"
50,6124,"independent"
48,6125,"independent"
46,6126,"independent"
46,6127,"independent"
48,6128,"independent"
52,6129,"independent"
42,6130,"independent"
48,6131,"independent"
46,6132,"independent"
42,6133,"independent"
44,6134,"independent"
48,6135,"independent"
52,6136,"independent"
48,6137,"independent"
46,6138,"independent"
52,6139,"independent"
48,6140,"independent"
48,6141,"independent"
48,6142,"independent"
48,6143,"independent"
46,6144,"independent"
44,6145,"independent"
46,6146,"independent"
50,6147,"independent"
40,6148,"independent"
52,6149,"independent"
52,6150,"independent"
48,6151,"independent"
46,6152,"independent"
46,6153,"independent"
48,6154,"independent"
48,6155,"independent"
48,6156,"independent"
50,6157,"independent"
48,6158,"independent"
44,6159,"independent"
48,6160,"independent"
48,6161,"independent"
48,6162,"independent"
46,6163,"independent"
48,6164,"independent"
50,6165,"independent"
48,6166,"independent"
46,6167,"independent"
50,6168,"independent"
44,6169,"independent"
46,6170,"independent"
44,6171,"independent"
38,6172,"independent"
46,6173,"independent"
42,6174,"independent"
48,6175,"independent"
48,6176,"independent"
48,6177,"independent"
52,6178,"independent"
50,6179,"independent"
44,6180,"independent"
48,6181,"independent"
48,6182,"independent"
48,6183,"independent"
44,6184,"independent"
46,6185,"independent"
48,6186,"independent"
50,6187,"independent"
52,6188,"independent"
52,6189,"independent"
48,6190,"independent"
46,6191,"independent"
52,6192,"independent"
50,6193,"independent"
50,6194,"independent"
48,6195,"independent"
42,6196,"independent"
50,6197,"independent"
52,6198,"independent"
44,6199,"independent"
46,6200,"independent"
44,6201,"independent"
48,6202,"independent"
48,6203,"independent"
50,6204,"independent"
42,6205,"independent"
46,6206,"independent"
46,6207,"independent"
48,6208,"independent"
52,6209,"independent"
48,6210,"independent"
50,6211,"independent"
48,6212,"independent"
50,6213,"independent"
46,6214,"independent"
52,6215,"independent"
48,6216,"independent"
50,6217,"independent"
44,6218,"independent"
48,6219,"independent"
46,6220,"independent"
48,6221,"independent"
42,6222,"independent"
44,6223,"independent"
46,6224,"independent"
44,6225,"independent"
40,6226,"independent"
50,6227,"independent"
48,6228,"independent"
46,6229,"independent"
46,6230,"independent"
46,6231,"independent"
44,6232,"independent"
48,6233,"independent"
46,6234,"independent"
44,6235,"independent"
44,6236,"independent"
46,6237,"independent"
48,6238,"independent"
52,6239,"independent"
46,6240,"independent"
48,6241,"independent"
50,6242,"independent"
48,6243,"independent"
44,6244,"independent"
46,6245,"independent"
44,6246,"independent"
50,6247,"independent"
46,6248,"independent"
44,6249,"independent"
44,6250,"independent"
50,6251,"independent"
50,6252,"independent"
44,6253,"independent"
44,6254,"independent"
38,6255,"independent"
50,6256,"independent"
48,6257,"independent"
50,6258,"independent"
46,6259,"independent"
50,6260,"independent"
46,6261,"independent"
42,6262,"independent"
46,6263,"independent"
46,6264,"independent"
38,6265,"independent"
44,6266,"independent"
46,6267,"independent"
44,6268,"independent"
50,6269,"independent"
44,6270,"independent"
48,6271,"independent"
46,6272,"independent"
50,6273,"independent"
44,6274,"independent"
52,6275,"independent"
54,6276,"independent"
50,6277,"independent"
46,6278,"independent"
44,6279,"independent"
50,6280,"independent"
44,6281,"independent"
46,6282,"independent"
54,6283,"independent"
48,6284,"independent"
46,6285,"independent"
46,6286,"independent"
48,6287,"independent"
52,6288,"independent"
42,6289,"independent"
46,6290,"independent"
48,6291,"independent"
50,6292,"independent"
50,6293,"independent"
44,6294,"independent"
40,6295,"independent"
52,6296,"independent"
44,6297,"independent"
50,6298,"independent"
46,6299,"independent"
44,6300,"independent"
50,6301,"independent"
48,6302,"independent"
48,6303,"independent"
50,6304,"independent"
50,6305,"independent"
48,6306,"independent"
48,6307,"independent"
50,6308,"independent"
46,6309,"independent"
46,6310,"independent"
44,6311,"independent"
46,6312,"independent"
42,6313,"independent"
48,6314,"independent"
50,6315,"independent"
50,6316,"independent"
50,6317,"independent"
50,6318,"independent"
40,6319,"independent"
48,6320,"independent"
46,6321,"independent"
48,6322,"independent"
44,6323,"independent"
50,6324,"independent"
48,6325,"independent"
46,6326,"independent"
42,6327,"independent"
44,6328,"independent"
48,6329,"independent"
46,6330,"independent"
44,6331,"independent"
52,6332,"independent"
48,6333,"independent"
46,6334,"independent"
46,6335,"independent"
50,6336,"independent"
52,6337,"independent"
52,6338,"independent"
48,6339,"independent"
50,6340,"independent"
48,6341,"independent"
48,6342,"independent"
50,6343,"independent"
46,6344,"independent"
46,6345,"independent"
48,6346,"independent"
46,6347,"independent"
52,6348,"independent"
52,6349,"independent"
44,6350,"independent"
48,6351,"independent"
48,6352,"independent"
48,6353,"independent"
48,6354,"independent"
48,6355,"independent"
52,6356,"independent"
48,6357,"independent"
50,6358,"independent"
48,6359,"independent"
50,6360,"independent"
48,6361,"independent"
44,6362,"independent"
44,6363,"independent"
48,6364,"independent"
44,6365,"independent"
48,6366,"independent"
52,6367,"independent"
50,6368,"independent"
48,6369,"independent"
42,6370,"independent"
44,6371,"independent"
46,6372,"independent"
44,6373,"independent"
50,6374,"independent"
46,6375,"independent"
46,6376,"independent"
46,6377,"independent"
46,6378,"independent"
50,6379,"independent"
50,6380,"independent"
50,6381,"independent"
48,6382,"independent"
46,6383,"independent"
46,6384,"independent"
50,6385,"independent"
44,6386,"independent"
50,6387,"independent"
52,6388,"independent"
48,6389,"independent"
46,6390,"independent"
48,6391,"independent"
44,6392,"independent"
46,6393,"independent"
44,6394,"independent"
48,6395,"independent"
44,6396,"independent"
50,6397,"independent"
46,6398,"independent"
48,6399,"independent"
48,6400,"independent"
48,6401,"independent"
50,6402,"independent"
44,6403,"independent"
50,6404,"independent"
48,6405,"independent"
48,6406,"independent"
44,6407,"independent"
48,6408,"independent"
46,6409,"independent"
48,6410,"independent"
48,6411,"independent"
50,6412,"independent"
44,6413,"independent"
48,6414,"independent"
48,6415,"independent"
48,6416,"independent"
40,6417,"independent"
52,6418,"independent"
48,6419,"independent"
50,6420,"independent"
50,6421,"independent"
44,6422,"independent"
50,6423,"independent"
40,6424,"independent"
50,6425,"independent"
48,6426,"independent"
50,6427,"independent"
46,6428,"independent"
42,6429,"independent"
46,6430,"independent"
52,6431,"independent"
44,6432,"independent"
44,6433,"independent"
48,6434,"independent"
46,6435,"independent"
46,6436,"independent"
44,6437,"independent"
44,6438,"independent"
52,6439,"independent"
50,6440,"independent"
48,6441,"independent"
48,6442,"independent"
50,6443,"independent"
46,6444,"independent"
50,6445,"independent"
54,6446,"independent"
50,6447,"independent"
48,6448,"independent"
50,6449,"independent"
46,6450,"independent"
48,6451,"independent"
50,6452,"independent"
48,6453,"independent"
48,6454,"independent"
46,6455,"independent"
46,6456,"independent"
46,6457,"independent"
44,6458,"independent"
44,6459,"independent"
48,6460,"independent"
52,6461,"independent"
46,6462,"independent"
48,6463,"independent"
54,6464,"independent"
50,6465,"independent"
50,6466,"independent"
52,6467,"independent"
52,6468,"independent"
48,6469,"independent"
46,6470,"independent"
50,6471,"independent"
48,6472,"independent"
48,6473,"independent"
44,6474,"independent"
46,6475,"independent"
42,6476,"independent"
44,6477,"independent"
46,6478,"independent"
52,6479,"independent"
50,6480,"independent"
50,6481,"independent"
52,6482,"independent"
52,6483,"independent"
48,6484,"independent"
48,6485,"independent"
46,6486,"independent"
46,6487,"independent"
48,6488,"independent"
50,6489,"independent"
52,6490,"independent"
46,6491,"independent"
48,6492,"independent"
52,6493,"independent"
52,6494,"independent"
48,6495,"independent"
54,6496,"independent"
50,6497,"independent"
44,6498,"independent"
50,6499,"independent"
46,6500,"independent"
50,6501,"independent"
44,6502,"independent"
52,6503,"independent"
52,6504,"independent"
50,6505,"independent"
44,6506,"independent"
52,6507,"independent"
48,6508,"independent"
50,6509,"independent"
48,6510,"independent"
50,6511,"independent"
46,6512,"independent"
44,6513,"independent"
42,6514,"independent"
48,6515,"independent"
48,6516,"independent"
44,6517,"independent"
48,6518,"independent"
48,6519,"independent"
46,6520,"independent"
46,6521,"independent"
44,6522,"independent"
48,6523,"independent"
46,6524,"independent"
48,6525,"independent"
46,6526,"independent"
50,6527,"independent"
46,6528,"independent"
44,6529,"independent"
50,6530,"independent"
50,6531,"independent"
48,6532,"independent"
48,6533,"independent"
42,6534,"independent"
44,6535,"independent"
42,6536,"independent"
40,6537,"independent"
46,6538,"independent"
44,6539,"independent"
50,6540,"independent"
50,6541,"independent"
46,6542,"independent"
46,6543,"independent"
50,6544,"independent"
46,6545,"independent"
48,6546,"independent"
52,6547,"independent"
44,6548,"independent"
48,6549,"independent"
46,6550,"independent"
42,6551,"independent"
54,6552,"independent"
50,6553,"independent"
42,6554,"independent"
46,6555,"independent"
44,6556,"independent"
46,6557,"independent"
48,6558,"independent"
50,6559,"independent"
46,6560,"independent"
46,6561,"independent"
48,6562,"independent"
44,6563,"independent"
48,6564,"independent"
44,6565,"independent"
44,6566,"independent"
48,6567,"independent"
46,6568,"independent"
48,6569,"independent"
44,6570,"independent"
48,6571,"independent"
52,6572,"independent"
50,6573,"independent"
42,6574,"independent"
46,6575,"independent"
42,6576,"independent"
52,6577,"independent"
46,6578,"independent"
48,6579,"independent"
44,6580,"independent"
50,6581,"independent"
46,6582,"independent"
42,6583,"independent"
50,6584,"independent"
48,6585,"independent"
46,6586,"independent"
48,6587,"independent"
54,6588,"independent"
46,6589,"independent"
46,6590,"independent"
48,6591,"independent"
46,6592,"independent"
48,6593,"independent"
48,6594,"independent"
50,6595,"independent"
42,6596,"independent"
48,6597,"independent"
46,6598,"independent"
46,6599,"independent"
52,6600,"independent"
46,6601,"independent"
44,6602,"independent"
52,6603,"independent"
48,6604,"independent"
50,6605,"independent"
50,6606,"independent"
44,6607,"independent"
48,6608,"independent"
50,6609,"independent"
44,6610,"independent"
44,6611,"independent"
46,6612,"independent"
46,6613,"independent"
50,6614,"independent"
48,6615,"independent"
44,6616,"independent"
50,6617,"independent"
48,6618,"independent"
50,6619,"independent"
52,6620,"independent"
50,6621,"independent"
46,6622,"independent"
52,6623,"independent"
48,6624,"independent"
52,6625,"independent"
50,6626,"independent"
48,6627,"independent"
46,6628,"independent"
48,6629,"independent"
46,6630,"independent"
48,6631,"independent"
44,6632,"independent"
48,6633,"independent"
44,6634,"independent"
42,6635,"independent"
48,6636,"independent"
48,6637,"independent"
48,6638,"independent"
40,6639,"independent"
46,6640,"independent"
38,6641,"independent"
44,6642,"independent"
48,6643,"independent"
46,6644,"independent"
46,6645,"independent"
48,6646,"independent"
48,6647,"independent"
44,6648,"independent"
48,6649,"independent"
46,6650,"independent"
48,6651,"independent"
48,6652,"independent"
52,6653,"independent"
52,6654,"independent"
42,6655,"independent"
50,6656,"independent"
48,6657,"independent"
46,6658,"independent"
46,6659,"independent"
48,6660,"independent"
42,6661,"independent"
48,6662,"independent"
48,6663,"independent"
44,6664,"independent"
42,6665,"independent"
44,6666,"independent"
46,6667,"independent"
50,6668,"independent"
48,6669,"independent"
48,6670,"independent"
44,6671,"independent"
50,6672,"independent"
46,6673,"independent"
48,6674,"independent"
46,6675,"independent"
42,6676,"independent"
52,6677,"independent"
48,6678,"independent"
42,6679,"independent"
48,6680,"independent"
46,6681,"independent"
40,6682,"independent"
42,6683,"independent"
44,6684,"independent"
48,6685,"independent"
50,6686,"independent"
44,6687,"independent"
50,6688,"independent"
54,6689,"independent"
50,6690,"independent"
42,6691,"independent"
44,6692,"independent"
50,6693,"independent"
44,6694,"independent"
42,6695,"independent"
42,6696,"independent"
42,6697,"independent"
46,6698,"independent"
46,6699,"independent"
52,6700,"independent"
50,6701,"independent"
44,6702,"independent"
50,6703,"independent"
48,6704,"independent"
44,6705,"independent"
48,6706,"independent"
48,6707,"independent"
48,6708,"independent"
44,6709,"independent"
44,6710,"independent"
46,6711,"independent"
42,6712,"independent"
46,6713,"independent"
46,6714,"independent"
48,6715,"independent"
50,6716,"independent"
44,6717,"independent"
42,6718,"independent"
44,6719,"independent"
46,6720,"independent"
50,6721,"independent"
38,6722,"independent"
44,6723,"independent"
46,6724,"independent"
36,6725,"independent"
44,6726,"independent"
48,6727,"independent"
48,6728,"independent"
48,6729,"independent"
48,6730,"independent"
50,6731,"independent"
48,6732,"independent"
48,6733,"independent"
50,6734,"independent"
52,6735,"independent"
48,6736,"independent"
44,6737,"independent"
38,6738,"independent"
48,6739,"independent"
46,6740,"independent"
48,6741,"independent"
48,6742,"independent"
48,6743,"independent"
48,6744,"independent"
48,6745,"independent"
50,6746,"independent"
44,6747,"independent"
48,6748,"independent"
48,6749,"independent"
52,6750,"independent"
50,6751,"independent"
48,6752,"independent"
44,6753,"independent"
48,6754,"independent"
52,6755,"independent"
48,6756,"independent"
46,6757,"independent"
50,6758,"independent"
44,6759,"independent"
50,6760,"independent"
46,6761,"independent"
50,6762,"independent"
50,6763,"independent"
48,6764,"independent"
52,6765,"independent"
50,6766,"independent"
50,6767,"independent"
50,6768,"independent"
46,6769,"independent"
44,6770,"independent"
40,6771,"independent"
48,6772,"independent"
42,6773,"independent"
46,6774,"independent"
46,6775,"independent"
48,6776,"independent"
46,6777,"independent"
48,6778,"independent"
44,6779,"independent"
48,6780,"independent"
46,6781,"independent"
48,6782,"independent"
42,6783,"independent"
48,6784,"independent"
48,6785,"independent"
48,6786,"independent"
50,6787,"independent"
48,6788,"independent"
46,6789,"independent"
50,6790,"independent"
48,6791,"independent"
42,6792,"independent"
42,6793,"independent"
42,6794,"independent"
50,6795,"independent"
46,6796,"independent"
48,6797,"independent"
48,6798,"independent"
48,6799,"independent"
48,6800,"independent"
48,6801,"independent"
52,6802,"independent"
46,6803,"independent"
46,6804,"independent"
44,6805,"independent"
44,6806,"independent"
48,6807,"independent"
48,6808,"independent"
44,6809,"independent"
46,6810,"independent"
48,6811,"independent"
46,6812,"independent"
50,6813,"independent"
50,6814,"independent"
48,6815,"independent"
48,6816,"independent"
50,6817,"independent"
52,6818,"independent"
50,6819,"independent"
50,6820,"independent"
50,6821,"independent"
54,6822,"independent"
48,6823,"independent"
50,6824,"independent"
46,6825,"independent"
46,6826,"independent"
44,6827,"independent"
46,6828,"independent"
40,6829,"independent"
44,6830,"independent"
48,6831,"independent"
52,6832,"independent"
52,6833,"independent"
50,6834,"independent"
46,6835,"independent"
50,6836,"independent"
42,6837,"independent"
46,6838,"independent"
48,6839,"independent"
48,6840,"independent"
46,6841,"independent"
48,6842,"independent"
50,6843,"independent"
46,6844,"independent"
44,6845,"independent"
46,6846,"independent"
44,6847,"independent"
50,6848,"independent"
50,6849,"independent"
50,6850,"independent"
48,6851,"independent"
52,6852,"independent"
48,6853,"independent"
42,6854,"independent"
46,6855,"independent"
50,6856,"independent"
44,6857,"independent"
42,6858,"independent"
40,6859,"independent"
46,6860,"independent"
44,6861,"independent"
48,6862,"independent"
48,6863,"independent"
48,6864,"independent"
48,6865,"independent"
44,6866,"independent"
46,6867,"independent"
54,6868,"independent"
50,6869,"independent"
50,6870,"independent"
46,6871,"independent"
46,6872,"independent"
50,6873,"independent"
44,6874,"independent"
48,6875,"independent"
50,6876,"independent"
46,6877,"independent"
48,6878,"independent"
40,6879,"independent"
46,6880,"independent"
44,6881,"independent"
50,6882,"independent"
46,6883,"independent"
50,6884,"independent"
52,6885,"independent"
50,6886,"independent"
46,6887,"independent"
52,6888,"independent"
44,6889,"independent"
48,6890,"independent"
44,6891,"independent"
48,6892,"independent"
44,6893,"independent"
50,6894,"independent"
50,6895,"independent"
44,6896,"independent"
48,6897,"independent"
52,6898,"independent"
48,6899,"independent"
48,6900,"independent"
50,6901,"independent"
44,6902,"independent"
48,6903,"independent"
44,6904,"independent"
46,6905,"independent"
48,6906,"independent"
46,6907,"independent"
46,6908,"independent"
46,6909,"independent"
42,6910,"independent"
44,6911,"independent"
46,6912,"independent"
50,6913,"independent"
50,6914,"independent"
42,6915,"independent"
44,6916,"independent"
44,6917,"independent"
46,6918,"independent"
48,6919,"independent"
52,6920,"independent"
50,6921,"independent"
50,6922,"independent"
48,6923,"independent"
46,6924,"independent"
50,6925,"independent"
50,6926,"independent"
46,6927,"independent"
46,6928,"independent"
46,6929,"independent"
52,6930,"independent"
46,6931,"independent"
48,6932,"independent"
44,6933,"independent"
46,6934,"independent"
44,6935,"independent"
44,6936,"independent"
46,6937,"independent"
40,6938,"independent"
48,6939,"independent"
50,6940,"independent"
50,6941,"independent"
48,6942,"independent"
48,6943,"independent"
52,6944,"independent"
48,6945,"independent"
44,6946,"independent"
46,6947,"independent"
50,6948,"independent"
46,6949,"independent"
50,6950,"independent"
46,6951,"independent"
42,6952,"independent"
46,6953,"independent"
48,6954,"independent"
42,6955,"independent"
50,6956,"independent"
44,6957,"independent"
52,6958,"independent"
44,6959,"independent"
50,6960,"independent"
48,6961,"independent"
42,6962,"independent"
46,6963,"independent"
48,6964,"independent"
48,6965,"independent"
46,6966,"independent"
46,6967,"independent"
46,6968,"independent"
50,6969,"independent"
48,6970,"independent"
50,6971,"independent"
52,6972,"independent"
46,6973,"independent"
46,6974,"independent"
46,6975,"independent"
52,6976,"independent"
46,6977,"independent"
50,6978,"independent"
48,6979,"independent"
42,6980,"independent"
50,6981,"independent"
50,6982,"independent"
46,6983,"independent"
48,6984,"independent"
46,6985,"independent"
48,6986,"independent"
46,6987,"independent"
44,6988,"independent"
48,6989,"independent"
50,6990,"independent"
50,6991,"independent"
50,6992,"independent"
52,6993,"independent"
50,6994,"independent"
48,6995,"independent"
44,6996,"independent"
46,6997,"independent"
48,6998,"independent"
52,6999,"independent"
46,7000,"independent"
46,7001,"independent"
46,7002,"independent"
50,7003,"independent"
48,7004,"independent"
42,7005,"independent"
50,7006,"independent"
54,7007,"independent"
50,7008,"independent"
48,7009,"independent"
48,7010,"independent"
44,7011,"independent"
44,7012,"independent"
50,7013,"independent"
50,7014,"independent"
44,7015,"independent"
50,7016,"independent"
44,7017,"independent"
48,7018,"independent"
42,7019,"independent"
46,7020,"independent"
46,7021,"independent"
50,7022,"independent"
46,7023,"independent"
44,7024,"independent"
44,7025,"independent"
44,7026,"independent"
48,7027,"independent"
48,7028,"independent"
48,7029,"independent"
44,7030,"independent"
44,7031,"independent"
46,7032,"independent"
52,7033,"independent"
50,7034,"independent"
46,7035,"independent"
46,7036,"independent"
42,7037,"independent"
50,7038,"independent"
52,7039,"independent"
52,7040,"independent"
46,7041,"independent"
50,7042,"independent"
48,7043,"independent"
50,7044,"independent"
48,7045,"independent"
42,7046,"independent"
42,7047,"independent"
46,7048,"independent"
44,7049,"independent"
48,7050,"independent"
42,7051,"independent"
48,7052,"independent"
46,7053,"independent"
42,7054,"independent"
46,7055,"independent"
50,7056,"independent"
44,7057,"independent"
46,7058,"independent"
42,7059,"independent"
46,7060,"independent"
48,7061,"independent"
44,7062,"independent"
50,7063,"independent"
52,7064,"independent"
42,7065,"independent"
46,7066,"independent"
48,7067,"independent"
48,7068,"independent"
44,7069,"independent"
50,7070,"independent"
50,7071,"independent"
50,7072,"independent"
44,7073,"independent"
42,7074,"independent"
48,7075,"independent"
48,7076,"independent"
48,7077,"independent"
48,7078,"independent"
48,7079,"independent"
48,7080,"independent"
52,7081,"independent"
48,7082,"independent"
52,7083,"independent"
50,7084,"independent"
40,7085,"independent"
46,7086,"independent"
44,7087,"independent"
48,7088,"independent"
52,7089,"independent"
52,7090,"independent"
50,7091,"independent"
52,7092,"independent"
48,7093,"independent"
50,7094,"independent"
46,7095,"independent"
44,7096,"independent"
48,7097,"independent"
48,7098,"independent"
50,7099,"independent"
46,7100,"independent"
52,7101,"independent"
46,7102,"independent"
50,7103,"independent"
48,7104,"independent"
48,7105,"independent"
50,7106,"independent"
50,7107,"independent"
44,7108,"independent"
46,7109,"independent"
44,7110,"independent"
50,7111,"independent"
42,7112,"independent"
52,7113,"independent"
46,7114,"independent"
48,7115,"independent"
48,7116,"independent"
52,7117,"independent"
50,7118,"independent"
46,7119,"independent"
48,7120,"independent"
46,7121,"independent"
50,7122,"independent"
46,7123,"independent"
50,7124,"independent"
44,7125,"independent"
42,7126,"independent"
50,7127,"independent"
48,7128,"independent"
48,7129,"independent"
50,7130,"independent"
48,7131,"independent"
50,7132,"independent"
48,7133,"independent"
48,7134,"independent"
46,7135,"independent"
50,7136,"independent"
48,7137,"independent"
46,7138,"independent"
46,7139,"independent"
48,7140,"independent"
46,7141,"independent"
48,7142,"independent"
40,7143,"independent"
52,7144,"independent"
48,7145,"independent"
42,7146,"independent"
48,7147,"independent"
46,7148,"independent"
52,7149,"independent"
50,7150,"independent"
50,7151,"independent"
48,7152,"independent"
52,7153,"independent"
52,7154,"independent"
54,7155,"independent"
48,7156,"independent"
44,7157,"independent"
48,7158,"independent"
46,7159,"independent"
48,7160,"independent"
46,7161,"independent"
48,7162,"independent"
44,7163,"independent"
46,7164,"independent"
46,7165,"independent"
48,7166,"independent"
50,7167,"independent"
46,7168,"independent"
40,7169,"independent"
52,7170,"independent"
44,7171,"independent"
42,7172,"independent"
48,7173,"independent"
48,7174,"independent"
46,7175,"independent"
42,7176,"independent"
46,7177,"independent"
44,7178,"independent"
46,7179,"independent"
48,7180,"independent"
48,7181,"independent"
50,7182,"independent"
46,7183,"independent"
48,7184,"independent"
48,7185,"independent"
46,7186,"independent"
46,7187,"independent"
50,7188,"independent"
46,7189,"independent"
44,7190,"independent"
52,7191,"independent"
50,7192,"independent"
50,7193,"independent"
50,7194,"independent"
48,7195,"independent"
44,7196,"independent"
52,7197,"independent"
46,7198,"independent"
46,7199,"independent"
50,7200,"independent"
44,7201,"independent"
46,7202,"independent"
48,7203,"independent"
50,7204,"independent"
48,7205,"independent"
44,7206,"independent"
44,7207,"independent"
48,7208,"independent"
46,7209,"independent"
48,7210,"independent"
44,7211,"independent"
44,7212,"independent"
44,7213,"independent"
46,7214,"independent"
44,7215,"independent"
46,7216,"independent"
42,7217,"independent"
48,7218,"independent"
48,7219,"independent"
40,7220,"independent"
48,7221,"independent"
48,7222,"independent"
44,7223,"independent"
48,7224,"independent"
50,7225,"independent"
46,7226,"independent"
44,7227,"independent"
50,7228,"independent"
44,7229,"independent"
48,7230,"independent"
54,7231,"independent"
50,7232,"independent"
50,7233,"independent"
46,7234,"independent"
50,7235,"independent"
50,7236,"independent"
48,7237,"independent"
46,7238,"independent"
46,7239,"independent"
50,7240,"independent"
52,7241,"independent"
48,7242,"independent"
46,7243,"independent"
46,7244,"independent"
48,7245,"independent"
46,7246,"independent"
48,7247,"independent"
48,7248,"independent"
46,7249,"independent"
46,7250,"independent"
44,7251,"independent"
48,7252,"independent"
46,7253,"independent"
48,7254,"independent"
48,7255,"independent"
40,7256,"independent"
52,7257,"independent"
52,7258,"independent"
44,7259,"independent"
46,7260,"independent"
44,7261,"independent"
50,7262,"independent"
44,7263,"independent"
46,7264,"independent"
50,7265,"independent"
46,7266,"independent"
50,7267,"independent"
42,7268,"independent"
46,7269,"independent"
40,7270,"independent"
44,7271,"independent"
46,7272,"independent"
52,7273,"independent"
54,7274,"independent"
50,7275,"independent"
52,7276,"independent"
46,7277,"independent"
50,7278,"independent"
44,7279,"independent"
40,7280,"independent"
48,7281,"independent"
44,7282,"independent"
50,7283,"independent"
52,7284,"independent"
50,7285,"independent"
46,7286,"independent"
50,7287,"independent"
48,7288,"independent"
50,7289,"independent"
48,7290,"independent"
48,7291,"independent"
52,7292,"independent"
42,7293,"independent"
48,7294,"independent"
50,7295,"independent"
50,7296,"independent"
42,7297,"independent"
50,7298,"independent"
46,7299,"independent"
44,7300,"independent"
50,7301,"independent"
52,7302,"independent"
48,7303,"independent"
50,7304,"independent"
44,7305,"independent"
44,7306,"independent"
46,7307,"independent"
40,7308,"independent"
44,7309,"independent"
44,7310,"independent"
48,7311,"independent"
50,7312,"independent"
52,7313,"independent"
48,7314,"independent"
48,7315,"independent"
44,7316,"independent"
46,7317,"independent"
50,7318,"independent"
46,7319,"independent"
48,7320,"independent"
52,7321,"independent"
46,7322,"independent"
48,7323,"independent"
48,7324,"independent"
42,7325,"independent"
48,7326,"independent"
48,7327,"independent"
52,7328,"independent"
46,7329,"independent"
46,7330,"independent"
46,7331,"independent"
44,7332,"independent"
50,7333,"independent"
46,7334,"independent"
52,7335,"independent"
50,7336,"independent"
46,7337,"independent"
48,7338,"independent"
46,7339,"independent"
52,7340,"independent"
50,7341,"independent"
50,7342,"independent"
46,7343,"independent"
50,7344,"independent"
52,7345,"independent"
48,7346,"independent"
44,7347,"independent"
46,7348,"independent"
52,7349,"independent"
48,7350,"independent"
46,7351,"independent"
48,7352,"independent"
48,7353,"independent"
48,7354,"independent"
44,7355,"independent"
48,7356,"independent"
46,7357,"independent"
50,7358,"independent"
48,7359,"independent"
38,7360,"independent"
52,7361,"independent"
50,7362,"independent"
42,7363,"independent"
50,7364,"independent"
48,7365,"independent"
46,7366,"independent"
52,7367,"independent"
44,7368,"independent"
44,7369,"independent"
50,7370,"independent"
46,7371,"independent"
46,7372,"independent"
44,7373,"independent"
48,7374,"independent"
50,7375,"independent"
52,7376,"independent"
44,7377,"independent"
46,7378,"independent"
48,7379,"independent"
46,7380,"independent"
46,7381,"independent"
40,7382,"independent"
46,7383,"independent"
50,7384,"independent"
44,7385,"independent"
46,7386,"independent"
50,7387,"independent"
46,7388,"independent"
54,7389,"independent"
46,7390,"independent"
46,7391,"independent"
48,7392,"independent"
48,7393,"independent"
46,7394,"independent"
52,7395,"independent"
46,7396,"independent"
50,7397,"independent"
46,7398,"independent"
48,7399,"independent"
48,7400,"independent"
40,7401,"independent"
44,7402,"independent"
48,7403,"independent"
46,7404,"independent"
40,7405,"independent"
42,7406,"independent"
44,7407,"independent"
42,7408,"independent"
46,7409,"independent"
48,7410,"independent"
46,7411,"independent"
48,7412,"independent"
50,7413,"independent"
46,7414,"independent"
48,7415,"independent"
46,7416,"independent"
50,7417,"independent"
54,7418,"independent"
50,7419,"independent"
48,7420,"independent"
46,7421,"independent"
48,7422,"independent"
48,7423,"independent"
50,7424,"independent"
48,7425,"independent"
52,7426,"independent"
50,7427,"independent"
48,7428,"independent"
52,7429,"independent"
42,7430,"independent"
48,7431,"independent"
44,7432,"independent"
50,7433,"independent"
46,7434,"independent"
48,7435,"independent"
48,7436,"independent"
52,7437,"independent"
46,7438,"independent"
44,7439,"independent"
48,7440,"independent"
44,7441,"independent"
48,7442,"independent"
46,7443,"independent"
46,7444,"independent"
40,7445,"independent"
42,7446,"independent"
48,7447,"independent"
50,7448,"independent"
46,7449,"independent"
50,7450,"independent"
52,7451,"independent"
46,7452,"independent"
48,7453,"independent"
48,7454,"independent"
40,7455,"independent"
50,7456,"independent"
48,7457,"independent"
48,7458,"independent"
50,7459,"independent"
42,7460,"independent"
48,7461,"independent"
48,7462,"independent"
44,7463,"independent"
40,7464,"independent"
48,7465,"independent"
44,7466,"independent"
54,7467,"independent"
48,7468,"independent"
50,7469,"independent"
50,7470,"independent"
50,7471,"independent"
50,7472,"independent"
48,7473,"independent"
44,7474,"independent"
48,7475,"independent"
46,7476,"independent"
50,7477,"independent"
50,7478,"independent"
48,7479,"independent"
48,7480,"independent"
42,7481,"independent"
50,7482,"independent"
48,7483,"independent"
50,7484,"independent"
44,7485,"independent"
50,7486,"independent"
46,7487,"independent"
50,7488,"independent"
48,7489,"independent"
38,7490,"independent"
48,7491,"independent"
44,7492,"independent"
50,7493,"independent"
48,7494,"independent"
48,7495,"independent"
48,7496,"independent"
48,7497,"independent"
42,7498,"independent"
46,7499,"independent"
40,7500,"independent"
44,7501,"independent"
48,7502,"independent"
48,7503,"independent"
46,7504,"independent"
46,7505,"independent"
50,7506,"independent"
48,7507,"independent"
52,7508,"independent"
50,7509,"independent"
48,7510,"independent"
48,7511,"independent"
48,7512,"independent"
42,7513,"independent"
48,7514,"independent"
44,7515,"independent"
48,7516,"independent"
46,7517,"independent"
48,7518,"independent"
52,7519,"independent"
52,7520,"independent"
54,7521,"independent"
46,7522,"independent"
44,7523,"independent"
50,7524,"independent"
52,7525,"independent"
48,7526,"independent"
48,7527,"independent"
48,7528,"independent"
50,7529,"independent"
50,7530,"independent"
50,7531,"independent"
52,7532,"independent"
48,7533,"independent"
50,7534,"independent"
50,7535,"independent"
50,7536,"independent"
50,7537,"independent"
46,7538,"independent"
44,7539,"independent"
44,7540,"independent"
50,7541,"independent"
52,7542,"independent"
50,7543,"independent"
46,7544,"independent"
46,7545,"independent"
42,7546,"independent"
48,7547,"independent"
48,7548,"independent"
48,7549,"independent"
50,7550,"independent"
48,7551,"independent"
44,7552,"independent"
46,7553,"independent"
48,7554,"independent"
46,7555,"independent"
40,7556,"independent"
50,7557,"independent"
46,7558,"independent"
48,7559,"independent"
44,7560,"independent"
46,7561,"independent"
44,7562,"independent"
50,7563,"independent"
50,7564,"independent"
46,7565,"independent"
50,7566,"independent"
40,7567,"independent"
46,7568,"independent"
50,7569,"independent"
48,7570,"independent"
42,7571,"independent"
52,7572,"independent"
46,7573,"independent"
44,7574,"independent"
44,7575,"independent"
50,7576,"independent"
50,7577,"independent"
46,7578,"independent"
44,7579,"independent"
46,7580,"independent"
48,7581,"independent"
46,7582,"independent"
48,7583,"independent"
48,7584,"independent"
48,7585,"independent"
50,7586,"independent"
46,7587,"independent"
46,7588,"independent"
48,7589,"independent"
52,7590,"independent"
48,7591,"independent"
46,7592,"independent"
44,7593,"independent"
52,7594,"independent"
50,7595,"independent"
38,7596,"independent"
46,7597,"independent"
48,7598,"independent"
48,7599,"independent"
50,7600,"independent"
50,7601,"independent"
50,7602,"independent"
50,7603,"independent"
42,7604,"independent"
38,7605,"independent"
46,7606,"independent"
48,7607,"independent"
54,7608,"independent"
50,7609,"independent"
50,7610,"independent"
52,7611,"independent"
50,7612,"independent"
52,7613,"independent"
50,7614,"independent"
48,7615,"independent"
50,7616,"independent"
46,7617,"independent"
50,7618,"independent"
48,7619,"independent"
48,7620,"independent"
42,7621,"independent"
44,7622,"independent"
40,7623,"independent"
48,7624,"independent"
46,7625,"independent"
46,7626,"independent"
46,7627,"independent"
48,7628,"independent"
44,7629,"independent"
50,7630,"independent"
46,7631,"independent"
44,7632,"independent"
42,7633,"independent"
42,7634,"independent"
50,7635,"independent"
50,7636,"independent"
46,7637,"independent"
44,7638,"independent"
46,7639,"independent"
46,7640,"independent"
46,7641,"independent"
44,7642,"independent"
50,7643,"independent"
44,7644,"independent"
48,7645,"independent"
46,7646,"independent"
48,7647,"independent"
36,7648,"independent"
48,7649,"independent"
48,7650,"independent"
48,7651,"independent"
44,7652,"independent"
48,7653,"independent"
44,7654,"independent"
48,7655,"independent"
46,7656,"independent"
50,7657,"independent"
46,7658,"independent"
40,7659,"independent"
48,7660,"independent"
50,7661,"independent"
48,7662,"independent"
50,7663,"independent"
52,7664,"independent"
48,7665,"independent"
46,7666,"independent"
46,7667,"independent"
42,7668,"independent"
46,7669,"independent"
50,7670,"independent"
44,7671,"independent"
48,7672,"independent"
40,7673,"independent"
44,7674,"independent"
42,7675,"independent"
50,7676,"independent"
48,7677,"independent"
46,7678,"independent"
50,7679,"independent"
50,7680,"independent"
44,7681,"independent"
44,7682,"independent"
40,7683,"independent"
46,7684,"independent"
46,7685,"independent"
48,7686,"independent"
50,7687,"independent"
42,7688,"independent"
44,7689,"independent"
46,7690,"independent"
42,7691,"independent"
40,7692,"independent"
50,7693,"independent"
44,7694,"independent"
48,7695,"independent"
48,7696,"independent"
44,7697,"independent"
42,7698,"independent"
50,7699,"independent"
48,7700,"independent"
48,7701,"independent"
48,7702,"independent"
46,7703,"independent"
46,7704,"independent"
46,7705,"independent"
46,7706,"independent"
44,7707,"independent"
48,7708,"independent"
44,7709,"independent"
46,7710,"independent"
48,7711,"independent"
48,7712,"independent"
50,7713,"independent"
50,7714,"independent"
48,7715,"independent"
50,7716,"independent"
52,7717,"independent"
52,7718,"independent"
48,7719,"independent"
48,7720,"independent"
48,7721,"independent"
44,7722,"independent"
46,7723,"independent"
44,7724,"independent"
42,7725,"independent"
44,7726,"independent"
50,7727,"independent"
52,7728,"independent"
52,7729,"independent"
46,7730,"independent"
48,7731,"independent"
48,7732,"independent"
48,7733,"independent"
50,7734,"independent"
44,7735,"independent"
46,7736,"independent"
50,7737,"independent"
48,7738,"independent"
50,7739,"independent"
50,7740,"independent"
52,7741,"independent"
44,7742,"independent"
46,7743,"independent"
48,7744,"independent"
44,7745,"independent"
40,7746,"independent"
42,7747,"independent"
42,7748,"independent"
44,7749,"independent"
52,7750,"independent"
50,7751,"independent"
48,7752,"independent"
52,7753,"independent"
46,7754,"independent"
50,7755,"independent"
46,7756,"independent"
50,7757,"independent"
48,7758,"independent"
46,7759,"independent"
50,7760,"independent"
48,7761,"independent"
46,7762,"independent"
48,7763,"independent"
46,7764,"independent"
42,7765,"independent"
40,7766,"independent"
48,7767,"independent"
54,7768,"independent"
48,7769,"independent"
48,7770,"independent"
48,7771,"independent"
44,7772,"independent"
44,7773,"independent"
50,7774,"independent"
52,7775,"independent"
48,7776,"independent"
44,7777,"independent"
46,7778,"independent"
46,7779,"independent"
50,7780,"independent"
50,7781,"independent"
48,7782,"independent"
50,7783,"independent"
52,7784,"independent"
50,7785,"independent"
46,7786,"independent"
46,7787,"independent"
46,7788,"independent"
50,7789,"independent"
46,7790,"independent"
50,7791,"independent"
50,7792,"independent"
50,7793,"independent"
50,7794,"independent"
48,7795,"independent"
48,7796,"independent"
52,7797,"independent"
46,7798,"independent"
48,7799,"independent"
50,7800,"independent"
52,7801,"independent"
52,7802,"independent"
52,7803,"independent"
50,7804,"independent"
50,7805,"independent"
52,7806,"independent"
52,7807,"independent"
44,7808,"independent"
50,7809,"independent"
44,7810,"independent"
48,7811,"independent"
46,7812,"independent"
48,7813,"independent"
44,7814,"independent"
48,7815,"independent"
50,7816,"independent"
50,7817,"independent"
52,7818,"independent"
50,7819,"independent"
44,7820,"independent"
42,7821,"independent"
42,7822,"independent"
42,7823,"independent"
40,7824,"independent"
44,7825,"independent"
44,7826,"independent"
50,7827,"independent"
50,7828,"independent"
48,7829,"independent"
48,7830,"independent"
48,7831,"independent"
46,7832,"independent"
46,7833,"independent"
50,7834,"independent"
44,7835,"independent"
44,7836,"independent"
52,7837,"independent"
46,7838,"independent"
50,7839,"independent"
44,7840,"independent"
46,7841,"independent"
46,7842,"independent"
46,7843,"independent"
46,7844,"independent"
44,7845,"independent"
46,7846,"independent"
40,7847,"independent"
42,7848,"independent"
48,7849,"independent"
50,7850,"independent"
44,7851,"independent"
44,7852,"independent"
50,7853,"independent"
44,7854,"independent"
46,7855,"independent"
40,7856,"independent"
48,7857,"independent"
46,7858,"independent"
44,7859,"independent"
46,7860,"independent"
48,7861,"independent"
44,7862,"independent"
46,7863,"independent"
44,7864,"independent"
40,7865,"independent"
46,7866,"independent"
46,7867,"independent"
50,7868,"independent"
48,7869,"independent"
46,7870,"independent"
48,7871,"independent"
46,7872,"independent"
46,7873,"independent"
50,7874,"independent"
48,7875,"independent"
48,7876,"independent"
46,7877,"independent"
40,7878,"independent"
42,7879,"independent"
50,7880,"independent"
48,7881,"independent"
52,7882,"independent"
54,7883,"independent"
52,7884,"independent"
44,7885,"independent"
48,7886,"independent"
50,7887,"independent"
48,7888,"independent"
44,7889,"independent"
46,7890,"independent"
48,7891,"independent"
46,7892,"independent"
48,7893,"independent"
48,7894,"independent"
48,7895,"independent"
46,7896,"independent"
44,7897,"independent"
50,7898,"independent"
50,7899,"independent"
50,7900,"independent"
50,7901,"independent"
42,7902,"independent"
48,7903,"independent"
46,7904,"independent"
48,7905,"independent"
46,7906,"independent"
40,7907,"independent"
52,7908,"independent"
46,7909,"independent"
50,7910,"independent"
50,7911,"independent"
48,7912,"independent"
50,7913,"independent"
44,7914,"independent"
46,7915,"independent"
48,7916,"independent"
50,7917,"independent"
46,7918,"independent"
48,7919,"independent"
52,7920,"independent"
48,7921,"independent"
42,7922,"independent"
46,7923,"independent"
50,7924,"independent"
48,7925,"independent"
46,7926,"independent"
48,7927,"independent"
48,7928,"independent"
50,7929,"independent"
48,7930,"independent"
42,7931,"independent"
40,7932,"independent"
44,7933,"independent"
46,7934,"independent"
44,7935,"independent"
48,7936,"independent"
46,7937,"independent"
50,7938,"independent"
48,7939,"independent"
44,7940,"independent"
40,7941,"independent"
44,7942,"independent"
42,7943,"independent"
46,7944,"independent"
44,7945,"independent"
50,7946,"independent"
44,7947,"independent"
50,7948,"independent"
46,7949,"independent"
42,7950,"independent"
42,7951,"independent"
42,7952,"independent"
46,7953,"independent"
46,7954,"independent"
50,7955,"independent"
46,7956,"independent"
46,7957,"independent"
48,7958,"independent"
42,7959,"independent"
48,7960,"independent"
44,7961,"independent"
48,7962,"independent"
48,7963,"independent"
50,7964,"independent"
42,7965,"independent"
46,7966,"independent"
48,7967,"independent"
52,7968,"independent"
52,7969,"independent"
48,7970,"independent"
52,7971,"independent"
48,7972,"independent"
44,7973,"independent"
44,7974,"independent"
36,7975,"independent"
50,7976,"independent"
42,7977,"independent"
50,7978,"independent"
46,7979,"independent"
42,7980,"independent"
40,7981,"independent"
48,7982,"independent"
50,7983,"independent"
48,7984,"independent"
50,7985,"independent"
48,7986,"independent"
46,7987,"independent"
46,7988,"independent"
52,7989,"independent"
48,7990,"independent"
44,7991,"independent"
52,7992,"independent"
46,7993,"independent"
48,7994,"independent"
46,7995,"independent"
48,7996,"independent"
46,7997,"independent"
46,7998,"independent"
46,7999,"independent"
50,8000,"independent"
46,8001,"independent"
52,8002,"independent"
44,8003,"independent"
46,8004,"independent"
42,8005,"independent"
46,8006,"independent"
44,8007,"independent"
52,8008,"independent"
48,8009,"independent"
52,8010,"independent"
44,8011,"independent"
48,8012,"independent"
46,8013,"independent"
50,8014,"independent"
44,8015,"independent"
48,8016,"independent"
46,8017,"independent"
42,8018,"independent"
50,8019,"independent"
52,8020,"independent"
48,8021,"independent"
46,8022,"independent"
50,8023,"independent"
50,8024,"independent"
48,8025,"independent"
46,8026,"independent"
52,8027,"independent"
44,8028,"independent"
48,8029,"independent"
48,8030,"independent"
46,8031,"independent"
44,8032,"independent"
44,8033,"independent"
48,8034,"independent"
48,8035,"independent"
46,8036,"independent"
46,8037,"independent"
46,8038,"independent"
48,8039,"independent"
50,8040,"independent"
46,8041,"independent"
44,8042,"independent"
52,8043,"independent"
46,8044,"independent"
44,8045,"independent"
44,8046,"independent"
42,8047,"independent"
46,8048,"independent"
46,8049,"independent"
50,8050,"independent"
52,8051,"independent"
42,8052,"independent"
48,8053,"independent"
48,8054,"independent"
46,8055,"independent"
46,8056,"independent"
46,8057,"independent"
50,8058,"independent"
48,8059,"independent"
46,8060,"independent"
50,8061,"independent"
48,8062,"independent"
46,8063,"independent"
38,8064,"independent"
42,8065,"independent"
46,8066,"independent"
52,8067,"independent"
50,8068,"independent"
48,8069,"independent"
46,8070,"independent"
46,8071,"independent"
48,8072,"independent"
52,8073,"independent"
44,8074,"independent"
46,8075,"independent"
50,8076,"independent"
50,8077,"independent"
52,8078,"independent"
44,8079,"independent"
44,8080,"independent"
52,8081,"independent"
46,8082,"independent"
50,8083,"independent"
46,8084,"independent"
48,8085,"independent"
44,8086,"independent"
46,8087,"independent"
44,8088,"independent"
44,8089,"independent"
42,8090,"independent"
48,8091,"independent"
42,8092,"independent"
42,8093,"independent"
42,8094,"independent"
44,8095,"independent"
48,8096,"independent"
48,8097,"independent"
46,8098,"independent"
46,8099,"independent"
46,8100,"independent"
44,8101,"independent"
46,8102,"independent"
42,8103,"independent"
48,8104,"independent"
48,8105,"independent"
46,8106,"independent"
40,8107,"independent"
44,8108,"independent"
50,8109,"independent"
50,8110,"independent"
46,8111,"independent"
48,8112,"independent"
50,8113,"independent"
52,8114,"independent"
48,8115,"independent"
52,8116,"independent"
46,8117,"independent"
44,8118,"independent"
48,8119,"independent"
46,8120,"independent"
46,8121,"independent"
46,8122,"independent"
48,8123,"independent"
48,8124,"independent"
48,8125,"independent"
46,8126,"independent"
48,8127,"independent"
48,8128,"independent"
50,8129,"independent"
50,8130,"independent"
50,8131,"independent"
40,8132,"independent"
42,8133,"independent"
44,8134,"independent"
46,8135,"independent"
46,8136,"independent"
44,8137,"independent"
46,8138,"independent"
50,8139,"independent"
50,8140,"independent"
48,8141,"independent"
44,8142,"independent"
46,8143,"independent"
48,8144,"independent"
44,8145,"independent"
40,8146,"independent"
48,8147,"independent"
52,8148,"independent"
44,8149,"independent"
46,8150,"independent"
48,8151,"independent"
48,8152,"independent"
46,8153,"independent"
48,8154,"independent"
48,8155,"independent"
50,8156,"independent"
50,8157,"independent"
48,8158,"independent"
52,8159,"independent"
46,8160,"independent"
44,8161,"independent"
42,8162,"independent"
50,8163,"independent"
50,8164,"independent"
48,8165,"independent"
46,8166,"independent"
48,8167,"independent"
52,8168,"independent"
48,8169,"independent"
48,8170,"independent"
50,8171,"independent"
50,8172,"independent"
44,8173,"independent"
48,8174,"independent"
44,8175,"independent"
46,8176,"independent"
46,8177,"independent"
50,8178,"independent"
54,8179,"independent"
48,8180,"independent"
50,8181,"independent"
42,8182,"independent"
50,8183,"independent"
46,8184,"independent"
44,8185,"independent"
48,8186,"independent"
44,8187,"independent"
40,8188,"independent"
50,8189,"independent"
48,8190,"independent"
42,8191,"independent"
48,8192,"independent"
48,8193,"independent"
44,8194,"independent"
44,8195,"independent"
42,8196,"independent"
50,8197,"independent"
50,8198,"independent"
52,8199,"independent"
52,8200,"independent"
48,8201,"independent"
50,8202,"independent"
48,8203,"independent"
48,8204,"independent"
52,8205,"independent"
50,8206,"independent"
48,8207,"independent"
46,8208,"independent"
48,8209,"independent"
48,8210,"independent"
52,8211,"independent"
46,8212,"independent"
46,8213,"independent"
46,8214,"independent"
48,8215,"independent"
48,8216,"independent"
48,8217,"independent"
54,8218,"independent"
50,8219,"independent"
52,8220,"independent"
50,8221,"independent"
50,8222,"independent"
46,8223,"independent"
48,8224,"independent"
50,8225,"independent"
52,8226,"independent"
52,8227,"independent"
52,8228,"independent"
54,8229,"independent"
42,8230,"independent"
50,8231,"independent"
50,8232,"independent"
46,8233,"independent"
46,8234,"independent"
48,8235,"independent"
42,8236,"independent"
44,8237,"independent"
50,8238,"independent"
48,8239,"independent"
52,8240,"independent"
50,8241,"independent"
50,8242,"independent"
46,8243,"independent"
48,8244,"independent"
50,8245,"independent"
44,8246,"independent"
50,8247,"independent"
50,8248,"independent"
48,8249,"independent"
52,8250,"independent"
50,8251,"independent"
54,8252,"independent"
50,8253,"independent"
50,8254,"independent"
46,8255,"independent"
50,8256,"independent"
46,8257,"independent"
48,8258,"independent"
46,8259,"independent"
48,8260,"independent"
46,8261,"independent"
48,8262,"independent"
48,8263,"independent"
46,8264,"independent"
48,8265,"independent"
46,8266,"independent"
50,8267,"independent"
48,8268,"independent"
44,8269,"independent"
44,8270,"independent"
46,8271,"independent"
42,8272,"independent"
44,8273,"independent"
48,8274,"independent"
52,8275,"independent"
46,8276,"independent"
44,8277,"independent"
40,8278,"independent"
48,8279,"independent"
50,8280,"independent"
52,8281,"independent"
52,8282,"independent"
54,8283,"independent"
42,8284,"independent"
48,8285,"independent"
50,8286,"independent"
46,8287,"independent"
46,8288,"independent"
44,8289,"independent"
48,8290,"independent"
50,8291,"independent"
44,8292,"independent"
46,8293,"independent"
50,8294,"independent"
48,8295,"independent"
48,8296,"independent"
50,8297,"independent"
44,8298,"independent"
50,8299,"independent"
46,8300,"independent"
40,8301,"independent"
48,8302,"independent"
44,8303,"independent"
44,8304,"independent"
40,8305,"independent"
50,8306,"independent"
48,8307,"independent"
46,8308,"independent"
44,8309,"independent"
48,8310,"independent"
48,8311,"independent"
42,8312,"independent"
46,8313,"independent"
48,8314,"independent"
46,8315,"independent"
48,8316,"independent"
44,8317,"independent"
50,8318,"independent"
44,8319,"independent"
46,8320,"independent"
52,8321,"independent"
44,8322,"independent"
52,8323,"independent"
50,8324,"independent"
54,8325,"independent"
52,8326,"independent"
48,8327,"independent"
50,8328,"independent"
50,8329,"independent"
46,8330,"independent"
46,8331,"independent"
48,8332,"independent"
44,8333,"independent"
44,8334,"independent"
48,8335,"independent"
48,8336,"independent"
46,8337,"independent"
46,8338,"independent"
50,8339,"independent"
44,8340,"independent"
52,8341,"independent"
48,8342,"independent"
46,8343,"independent"
38,8344,"independent"
42,8345,"independent"
48,8346,"independent"
44,8347,"independent"
50,8348,"independent"
42,8349,"independent"
48,8350,"independent"
50,8351,"independent"
48,8352,"independent"
46,8353,"independent"
48,8354,"independent"
44,8355,"independent"
44,8356,"independent"
48,8357,"independent"
46,8358,"independent"
52,8359,"independent"
46,8360,"independent"
44,8361,"independent"
50,8362,"independent"
46,8363,"independent"
46,8364,"independent"
48,8365,"independent"
48,8366,"independent"
50,8367,"independent"
48,8368,"independent"
48,8369,"independent"
52,8370,"independent"
48,8371,"independent"
46,8372,"independent"
46,8373,"independent"
50,8374,"independent"
52,8375,"independent"
48,8376,"independent"
50,8377,"independent"
48,8378,"independent"
42,8379,"independent"
46,8380,"independent"
40,8381,"independent"
42,8382,"independent"
50,8383,"independent"
52,8384,"independent"
46,8385,"independent"
52,8386,"independent"
44,8387,"independent"
40,8388,"independent"
46,8389,"independent"
48,8390,"independent"
54,8391,"independent"
48,8392,"independent"
44,8393,"independent"
46,8394,"independent"
50,8395,"independent"
50,8396,"independent"
52,8397,"independent"
44,8398,"independent"
44,8399,"independent"
50,8400,"independent"
52,8401,"independent"
44,8402,"independent"
44,8403,"independent"
46,8404,"independent"
42,8405,"independent"
48,8406,"independent"
46,8407,"independent"
50,8408,"independent"
50,8409,"independent"
50,8410,"independent"
46,8411,"independent"
46,8412,"independent"
46,8413,"independent"
46,8414,"independent"
44,8415,"independent"
50,8416,"independent"
48,8417,"independent"
48,8418,"independent"
40,8419,"independent"
40,8420,"independent"
48,8421,"independent"
48,8422,"independent"
50,8423,"independent"
44,8424,"independent"
40,8425,"independent"
48,8426,"independent"
46,8427,"independent"
50,8428,"independent"
44,8429,"independent"
50,8430,"independent"
50,8431,"independent"
46,8432,"independent"
48,8433,"independent"
50,8434,"independent"
52,8435,"independent"
52,8436,"independent"
52,8437,"independent"
50,8438,"independent"
48,8439,"independent"
42,8440,"independent"
50,8441,"independent"
50,8442,"independent"
52,8443,"independent"
44,8444,"independent"
42,8445,"independent"
50,8446,"independent"
50,8447,"independent"
48,8448,"independent"
50,8449,"independent"
48,8450,"independent"
50,8451,"independent"
50,8452,"independent"
46,8453,"independent"
50,8454,"independent"
46,8455,"independent"
48,8456,"independent"
52,8457,"independent"
50,8458,"independent"
48,8459,"independent"
48,8460,"independent"
44,8461,"independent"
48,8462,"independent"
44,8463,"independent"
50,8464,"independent"
50,8465,"independent"
48,8466,"independent"
48,8467,"independent"
44,8468,"independent"
46,8469,"independent"
48,8470,"independent"
50,8471,"independent"
48,8472,"independent"
48,8473,"independent"
50,8474,"independent"
46,8475,"independent"
50,8476,"independent"
48,8477,"independent"
44,8478,"independent"
52,8479,"independent"
46,8480,"independent"
54,8481,"independent"
50,8482,"independent"
40,8483,"independent"
46,8484,"independent"
48,8485,"independent"
44,8486,"independent"
48,8487,"independent"
50,8488,"independent"
44,8489,"independent"
48,8490,"independent"
52,8491,"independent"
46,8492,"independent"
50,8493,"independent"
48,8494,"independent"
50,8495,"independent"
48,8496,"independent"
46,8497,"independent"
50,8498,"independent"
48,8499,"independent"
48,8500,"independent"
46,8501,"independent"
46,8502,"independent"
42,8503,"independent"
46,8504,"independent"
46,8505,"independent"
48,8506,"independent"
46,8507,"independent"
42,8508,"independent"
46,8509,"independent"
48,8510,"independent"
40,8511,"independent"
44,8512,"independent"
44,8513,"independent"
36,8514,"independent"
48,8515,"independent"
44,8516,"independent"
42,8517,"independent"
48,8518,"independent"
50,8519,"independent"
44,8520,"independent"
46,8521,"independent"
46,8522,"independent"
42,8523,"independent"
40,8524,"independent"
48,8525,"independent"
42,8526,"independent"
46,8527,"independent"
44,8528,"independent"
44,8529,"independent"
48,8530,"independent"
48,8531,"independent"
42,8532,"independent"
46,8533,"independent"
50,8534,"independent"
44,8535,"independent"
46,8536,"independent"
50,8537,"independent"
48,8538,"independent"
50,8539,"independent"
44,8540,"independent"
48,8541,"independent"
52,8542,"independent"
48,8543,"independent"
50,8544,"independent"
50,8545,"independent"
48,8546,"independent"
46,8547,"independent"
50,8548,"independent"
46,8549,"independent"
46,8550,"independent"
54,8551,"independent"
50,8552,"independent"
44,8553,"independent"
44,8554,"independent"
44,8555,"independent"
50,8556,"independent"
50,8557,"independent"
46,8558,"independent"
42,8559,"independent"
46,8560,"independent"
50,8561,"independent"
50,8562,"independent"
48,8563,"independent"
38,8564,"independent"
48,8565,"independent"
44,8566,"independent"
50,8567,"independent"
44,8568,"independent"
42,8569,"independent"
46,8570,"independent"
48,8571,"independent"
46,8572,"independent"
50,8573,"independent"
48,8574,"independent"
44,8575,"independent"
44,8576,"independent"
46,8577,"independent"
48,8578,"independent"
50,8579,"independent"
46,8580,"independent"
42,8581,"independent"
48,8582,"independent"
50,8583,"independent"
44,8584,"independent"
48,8585,"independent"
52,8586,"independent"
48,8587,"independent"
50,8588,"independent"
48,8589,"independent"
48,8590,"independent"
48,8591,"independent"
48,8592,"independent"
46,8593,"independent"
46,8594,"independent"
46,8595,"independent"
52,8596,"independent"
48,8597,"independent"
48,8598,"independent"
50,8599,"independent"
46,8600,"independent"
48,8601,"independent"
52,8602,"independent"
46,8603,"independent"
52,8604,"independent"
44,8605,"independent"
46,8606,"independent"
50,8607,"independent"
50,8608,"independent"
46,8609,"independent"
50,8610,"independent"
50,8611,"independent"
48,8612,"independent"
38,8613,"independent"
46,8614,"independent"
40,8615,"independent"
44,8616,"independent"
46,8617,"independent"
48,8618,"independent"
48,8619,"independent"
50,8620,"independent"
50,8621,"independent"
50,8622,"independent"
52,8623,"independent"
42,8624,"independent"
48,8625,"independent"
48,8626,"independent"
52,8627,"independent"
52,8628,"independent"
48,8629,"independent"
48,8630,"independent"
50,8631,"independent"
50,8632,"independent"
50,8633,"independent"
40,8634,"independent"
50,8635,"independent"
50,8636,"independent"
48,8637,"independent"
48,8638,"independent"
46,8639,"independent"
52,8640,"independent"
44,8641,"independent"
52,8642,"independent"
52,8643,"independent"
48,8644,"independent"
50,8645,"independent"
48,8646,"independent"
48,8647,"independent"
48,8648,"independent"
50,8649,"independent"
52,8650,"independent"
52,8651,"independent"
46,8652,"independent"
48,8653,"independent"
44,8654,"independent"
50,8655,"independent"
48,8656,"independent"
44,8657,"independent"
50,8658,"independent"
50,8659,"independent"
48,8660,"independent"
52,8661,"independent"
44,8662,"independent"
50,8663,"independent"
52,8664,"independent"
52,8665,"independent"
44,8666,"independent"
48,8667,"independent"
46,8668,"independent"
50,8669,"independent"
50,8670,"independent"
42,8671,"independent"
48,8672,"independent"
44,8673,"independent"
48,8674,"independent"
46,8675,"independent"
46,8676,"independent"
36,8677,"independent"
42,8678,"independent"
44,8679,"independent"
48,8680,"independent"
42,8681,"independent"
48,8682,"independent"
44,8683,"independent"
48,8684,"independent"
46,8685,"independent"
48,8686,"independent"
46,8687,"independent"
44,8688,"independent"
46,8689,"independent"
42,8690,"independent"
44,8691,"independent"
42,8692,"independent"
42,8693,"independent"
46,8694,"independent"
38,8695,"independent"
44,8696,"independent"
48,8697,"independent"
46,8698,"independent"
44,8699,"independent"
48,8700,"independent"
48,8701,"independent"
50,8702,"independent"
50,8703,"independent"
48,8704,"independent"
46,8705,"independent"
46,8706,"independent"
48,8707,"independent"
44,8708,"independent"
44,8709,"independent"
42,8710,"independent"
44,8711,"independent"
44,8712,"independent"
48,8713,"independent"
50,8714,"independent"
52,8715,"independent"
50,8716,"independent"
46,8717,"independent"
48,8718,"independent"
46,8719,"independent"
52,8720,"independent"
44,8721,"independent"
50,8722,"independent"
44,8723,"independent"
46,8724,"independent"
52,8725,"independent"
50,8726,"independent"
48,8727,"independent"
42,8728,"independent"
48,8729,"independent"
44,8730,"independent"
48,8731,"independent"
42,8732,"independent"
50,8733,"independent"
46,8734,"independent"
50,8735,"independent"
44,8736,"independent"
48,8737,"independent"
44,8738,"independent"
46,8739,"independent"
42,8740,"independent"
50,8741,"independent"
46,8742,"independent"
48,8743,"independent"
48,8744,"independent"
46,8745,"independent"
42,8746,"independent"
42,8747,"independent"
44,8748,"independent"
44,8749,"independent"
50,8750,"independent"
46,8751,"independent"
50,8752,"independent"
50,8753,"independent"
48,8754,"independent"
46,8755,"independent"
48,8756,"independent"
40,8757,"independent"
36,8758,"independent"
46,8759,"independent"
50,8760,"independent"
50,8761,"independent"
50,8762,"independent"
44,8763,"independent"
48,8764,"independent"
48,8765,"independent"
38,8766,"independent"
48,8767,"independent"
46,8768,"independent"
50,8769,"independent"
46,8770,"independent"
48,8771,"independent"
46,8772,"independent"
44,8773,"independent"
48,8774,"independent"
44,8775,"independent"
52,8776,"independent"
46,8777,"independent"
50,8778,"independent"
48,8779,"independent"
46,8780,"independent"
44,8781,"independent"
46,8782,"independent"
46,8783,"independent"
44,8784,"independent"
46,8785,"independent"
46,8786,"independent"
52,8787,"independent"
48,8788,"independent"
46,8789,"independent"
46,8790,"independent"
52,8791,"independent"
48,8792,"independent"
48,8793,"independent"
48,8794,"independent"
50,8795,"independent"
48,8796,"independent"
46,8797,"independent"
48,8798,"independent"
46,8799,"independent"
44,8800,"independent"
46,8801,"independent"
50,8802,"independent"
48,8803,"independent"
48,8804,"independent"
42,8805,"independent"
44,8806,"independent"
46,8807,"independent"
50,8808,"independent"
48,8809,"independent"
42,8810,"independent"
46,8811,"independent"
48,8812,"independent"
44,8813,"independent"
46,8814,"independent"
50,8815,"independent"
44,8816,"independent"
54,8817,"independent"
46,8818,"independent"
46,8819,"independent"
50,8820,"independent"
42,8821,"independent"
42,8822,"independent"
50,8823,"independent"
54,8824,"independent"
48,8825,"independent"
50,8826,"independent"
50,8827,"independent"
54,8828,"independent"
46,8829,"independent"
42,8830,"independent"
52,8831,"independent"
48,8832,"independent"
50,8833,"independent"
54,8834,"independent"
52,8835,"independent"
48,8836,"independent"
50,8837,"independent"
42,8838,"independent"
48,8839,"independent"
48,8840,"independent"
50,8841,"independent"
48,8842,"independent"
46,8843,"independent"
50,8844,"independent"
50,8845,"independent"
44,8846,"independent"
44,8847,"independent"
50,8848,"independent"
50,8849,"independent"
44,8850,"independent"
42,8851,"independent"
46,8852,"independent"
50,8853,"independent"
46,8854,"independent"
48,8855,"independent"
46,8856,"independent"
46,8857,"independent"
48,8858,"independent"
44,8859,"independent"
46,8860,"independent"
48,8861,"independent"
48,8862,"independent"
54,8863,"independent"
48,8864,"independent"
48,8865,"independent"
46,8866,"independent"
48,8867,"independent"
48,8868,"independent"
50,8869,"independent"
48,8870,"independent"
48,8871,"independent"
52,8872,"independent"
52,8873,"independent"
54,8874,"independent"
44,8875,"independent"
48,8876,"independent"
50,8877,"independent"
48,8878,"independent"
50,8879,"independent"
50,8880,"independent"
52,8881,"independent"
48,8882,"independent"
46,8883,"independent"
50,8884,"independent"
46,8885,"independent"
54,8886,"independent"
50,8887,"independent"
44,8888,"independent"
50,8889,"independent"
50,8890,"independent"
48,8891,"independent"
46,8892,"independent"
44,8893,"independent"
50,8894,"independent"
50,8895,"independent"
50,8896,"independent"
50,8897,"independent"
52,8898,"independent"
52,8899,"independent"
46,8900,"independent"
50,8901,"independent"
46,8902,"independent"
48,8903,"independent"
50,8904,"independent"
50,8905,"independent"
48,8906,"independent"
48,8907,"independent"
52,8908,"independent"
50,8909,"independent"
48,8910,"independent"
42,8911,"independent"
46,8912,"independent"
50,8913,"independent"
46,8914,"independent"
46,8915,"independent"
46,8916,"independent"
42,8917,"independent"
50,8918,"independent"
52,8919,"independent"
42,8920,"independent"
44,8921,"independent"
42,8922,"independent"
46,8923,"independent"
46,8924,"independent"
46,8925,"independent"
50,8926,"independent"
42,8927,"independent"
46,8928,"independent"
46,8929,"independent"
48,8930,"independent"
50,8931,"independent"
44,8932,"independent"
46,8933,"independent"
42,8934,"independent"
42,8935,"independent"
48,8936,"independent"
50,8937,"independent"
48,8938,"independent"
44,8939,"independent"
48,8940,"independent"
52,8941,"independent"
46,8942,"independent"
52,8943,"independent"
54,8944,"independent"
50,8945,"independent"
48,8946,"independent"
44,8947,"independent"
48,8948,"independent"
44,8949,"independent"
48,8950,"independent"
46,8951,"independent"
50,8952,"independent"
46,8953,"independent"
48,8954,"independent"
46,8955,"independent"
46,8956,"independent"
50,8957,"independent"
46,8958,"independent"
46,8959,"independent"
44,8960,"independent"
50,8961,"independent"
40,8962,"independent"
48,8963,"independent"
48,8964,"independent"
48,8965,"independent"
52,8966,"independent"
50,8967,"independent"
48,8968,"independent"
52,8969,"independent"
52,8970,"independent"
50,8971,"independent"
50,8972,"independent"
50,8973,"independent"
46,8974,"independent"
50,8975,"independent"
48,8976,"independent"
48,8977,"independent"
42,8978,"independent"
42,8979,"independent"
44,8980,"independent"
46,8981,"independent"
44,8982,"independent"
46,8983,"independent"
48,8984,"independent"
40,8985,"independent"
48,8986,"independent"
44,8987,"independent"
44,8988,"independent"
52,8989,"independent"
44,8990,"independent"
48,8991,"independent"
46,8992,"independent"
48,8993,"independent"
44,8994,"independent"
46,8995,"independent"
48,8996,"independent"
42,8997,"independent"
48,8998,"independent"
48,8999,"independent"
44,9000,"independent"
46,9001,"independent"
52,1,"dependent"
52,2,"dependent"
52,3,"dependent"
46,4,"dependent"
50,5,"dependent"
52,6,"dependent"
50,7,"dependent"
46,8,"dependent"
52,9,"dependent"
52,10,"dependent"
52,11,"dependent"
52,12,"dependent"
52,13,"dependent"
52,14,"dependent"
50,15,"dependent"
52,16,"dependent"
50,17,"dependent"
50,18,"dependent"
52,19,"dependent"
50,20,"dependent"
50,21,"dependent"
50,22,"dependent"
52,23,"dependent"
50,24,"dependent"
50,25,"dependent"
52,26,"dependent"
50,27,"dependent"
48,28,"dependent"
48,29,"dependent"
52,30,"dependent"
50,31,"dependent"
52,32,"dependent"
52,33,"dependent"
50,34,"dependent"
52,35,"dependent"
52,36,"dependent"
52,37,"dependent"
50,38,"dependent"
50,39,"dependent"
50,40,"dependent"
52,41,"dependent"
50,42,"dependent"
50,43,"dependent"
52,44,"dependent"
52,45,"dependent"
48,46,"dependent"
52,47,"dependent"
52,48,"dependent"
50,49,"dependent"
48,50,"dependent"
48,51,"dependent"
52,52,"dependent"
52,53,"dependent"
48,54,"dependent"
52,55,"dependent"
52,56,"dependent"
50,57,"dependent"
52,58,"dependent"
52,59,"dependent"
50,60,"dependent"
48,61,"dependent"
52,62,"dependent"
52,63,"dependent"
50,64,"dependent"
52,65,"dependent"
52,66,"dependent"
52,67,"dependent"
52,68,"dependent"
52,69,"dependent"
48,70,"dependent"
52,71,"dependent"
52,72,"dependent"
50,73,"dependent"
52,74,"dependent"
50,75,"dependent"
52,76,"dependent"
50,77,"dependent"
52,78,"dependent"
52,79,"dependent"
52,80,"dependent"
48,81,"dependent"
48,82,"dependent"
48,83,"dependent"
52,84,"dependent"
50,85,"dependent"
50,86,"dependent"
50,87,"dependent"
52,88,"dependent"
48,89,"dependent"
50,90,"dependent"
52,91,"dependent"
52,92,"dependent"
50,93,"dependent"
52,94,"dependent"
52,95,"dependent"
50,96,"dependent"
50,97,"dependent"
52,98,"dependent"
50,99,"dependent"
52,100,"dependent"
52,101,"dependent"
52,102,"dependent"
50,103,"dependent"
50,104,"dependent"
50,105,"dependent"
52,106,"dependent"
52,107,"dependent"
52,108,"dependent"
50,109,"dependent"
50,110,"dependent"
50,111,"dependent"
48,112,"dependent"
52,113,"dependent"
52,114,"dependent"
50,115,"dependent"
52,116,"dependent"
52,117,"dependent"
48,118,"dependent"
46,119,"dependent"
52,120,"dependent"
50,121,"dependent"
52,122,"dependent"
50,123,"dependent"
52,124,"dependent"
52,125,"dependent"
50,126,"dependent"
50,127,"dependent"
52,128,"dependent"
50,129,"dependent"
52,130,"dependent"
50,131,"dependent"
52,132,"dependent"
52,133,"dependent"
52,134,"dependent"
52,135,"dependent"
52,136,"dependent"
52,137,"dependent"
52,138,"dependent"
52,139,"dependent"
52,140,"dependent"
52,141,"dependent"
52,142,"dependent"
48,143,"dependent"
52,144,"dependent"
50,145,"dependent"
52,146,"dependent"
48,147,"dependent"
52,148,"dependent"
52,149,"dependent"
50,150,"dependent"
52,151,"dependent"
48,152,"dependent"
50,153,"dependent"
52,154,"dependent"
46,155,"dependent"
52,156,"dependent"
52,157,"dependent"
52,158,"dependent"
52,159,"dependent"
50,160,"dependent"
52,161,"dependent"
52,162,"dependent"
52,163,"dependent"
52,164,"dependent"
52,165,"dependent"
52,166,"dependent"
50,167,"dependent"
50,168,"dependent"
48,169,"dependent"
52,170,"dependent"
52,171,"dependent"
52,172,"dependent"
52,173,"dependent"
52,174,"dependent"
48,175,"dependent"
50,176,"dependent"
52,177,"dependent"
52,178,"dependent"
52,179,"dependent"
52,180,"dependent"
50,181,"dependent"
52,182,"dependent"
52,183,"dependent"
52,184,"dependent"
52,185,"dependent"
50,186,"dependent"
52,187,"dependent"
52,188,"dependent"
52,189,"dependent"
50,190,"dependent"
50,191,"dependent"
52,192,"dependent"
52,193,"dependent"
48,194,"dependent"
52,195,"dependent"
52,196,"dependent"
52,197,"dependent"
52,198,"dependent"
52,199,"dependent"
52,200,"dependent"
52,201,"dependent"
52,202,"dependent"
52,203,"dependent"
50,204,"dependent"
52,205,"dependent"
52,206,"dependent"
52,207,"dependent"
50,208,"dependent"
48,209,"dependent"
52,210,"dependent"
52,211,"dependent"
52,212,"dependent"
52,213,"dependent"
52,214,"dependent"
48,215,"dependent"
52,216,"dependent"
50,217,"dependent"
52,218,"dependent"
52,219,"dependent"
48,220,"dependent"
46,221,"dependent"
50,222,"dependent"
52,223,"dependent"
52,224,"dependent"
50,225,"dependent"
48,226,"dependent"
52,227,"dependent"
52,228,"dependent"
50,229,"dependent"
50,230,"dependent"
52,231,"dependent"
52,232,"dependent"
52,233,"dependent"
48,234,"dependent"
50,235,"dependent"
52,236,"dependent"
52,237,"dependent"
50,238,"dependent"
52,239,"dependent"
52,240,"dependent"
52,241,"dependent"
50,242,"dependent"
50,243,"dependent"
52,244,"dependent"
48,245,"dependent"
50,246,"dependent"
52,247,"dependent"
52,248,"dependent"
50,249,"dependent"
52,250,"dependent"
52,251,"dependent"
52,252,"dependent"
52,253,"dependent"
52,254,"dependent"
52,255,"dependent"
52,256,"dependent"
52,257,"dependent"
52,258,"dependent"
48,259,"dependent"
48,260,"dependent"
52,261,"dependent"
52,262,"dependent"
52,263,"dependent"
52,264,"dependent"
52,265,"dependent"
50,266,"dependent"
50,267,"dependent"
52,268,"dependent"
52,269,"dependent"
48,270,"dependent"
52,271,"dependent"
52,272,"dependent"
52,273,"dependent"
48,274,"dependent"
50,275,"dependent"
52,276,"dependent"
52,277,"dependent"
50,278,"dependent"
50,279,"dependent"
50,280,"dependent"
52,281,"dependent"
48,282,"dependent"
52,283,"dependent"
52,284,"dependent"
50,285,"dependent"
52,286,"dependent"
50,287,"dependent"
52,288,"dependent"
52,289,"dependent"
52,290,"dependent"
52,291,"dependent"
52,292,"dependent"
52,293,"dependent"
52,294,"dependent"
52,295,"dependent"
52,296,"dependent"
52,297,"dependent"
50,298,"dependent"
50,299,"dependent"
50,300,"dependent"
48,301,"dependent"
50,302,"dependent"
52,303,"dependent"
50,304,"dependent"
52,305,"dependent"
52,306,"dependent"
52,307,"dependent"
52,308,"dependent"
52,309,"dependent"
52,310,"dependent"
50,311,"dependent"
50,312,"dependent"
50,313,"dependent"
50,314,"dependent"
48,315,"dependent"
52,316,"dependent"
52,317,"dependent"
50,318,"dependent"
50,319,"dependent"
52,320,"dependent"
50,321,"dependent"
52,322,"dependent"
52,323,"dependent"
48,324,"dependent"
52,325,"dependent"
52,326,"dependent"
52,327,"dependent"
50,328,"dependent"
50,329,"dependent"
52,330,"dependent"
52,331,"dependent"
52,332,"dependent"
52,333,"dependent"
50,334,"dependent"
52,335,"dependent"
50,336,"dependent"
48,337,"dependent"
50,338,"dependent"
52,339,"dependent"
52,340,"dependent"
46,341,"dependent"
52,342,"dependent"
52,343,"dependent"
52,344,"dependent"
46,345,"dependent"
52,346,"dependent"
50,347,"dependent"
52,348,"dependent"
52,349,"dependent"
52,350,"dependent"
52,351,"dependent"
52,352,"dependent"
52,353,"dependent"
50,354,"dependent"
52,355,"dependent"
50,356,"dependent"
52,357,"dependent"
52,358,"dependent"
52,359,"dependent"
52,360,"dependent"
50,361,"dependent"
52,362,"dependent"
50,363,"dependent"
52,364,"dependent"
52,365,"dependent"
52,366,"dependent"
50,367,"dependent"
52,368,"dependent"
48,369,"dependent"
50,370,"dependent"
52,371,"dependent"
52,372,"dependent"
52,373,"dependent"
52,374,"dependent"
50,375,"dependent"
52,376,"dependent"
50,377,"dependent"
50,378,"dependent"
52,379,"dependent"
52,380,"dependent"
52,381,"dependent"
48,382,"dependent"
50,383,"dependent"
52,384,"dependent"
50,385,"dependent"
52,386,"dependent"
52,387,"dependent"
50,388,"dependent"
50,389,"dependent"
50,390,"dependent"
52,391,"dependent"
52,392,"dependent"
52,393,"dependent"
52,394,"dependent"
50,395,"dependent"
52,396,"dependent"
52,397,"dependent"
50,398,"dependent"
52,399,"dependent"
48,400,"dependent"
50,401,"dependent"
52,402,"dependent"
52,403,"dependent"
48,404,"dependent"
50,405,"dependent"
48,406,"dependent"
50,407,"dependent"
52,408,"dependent"
52,409,"dependent"
52,410,"dependent"
50,411,"dependent"
52,412,"dependent"
50,413,"dependent"
52,414,"dependent"
52,415,"dependent"
50,416,"dependent"
52,417,"dependent"
48,418,"dependent"
52,419,"dependent"
52,420,"dependent"
48,421,"dependent"
48,422,"dependent"
50,423,"dependent"
50,424,"dependent"
52,425,"dependent"
50,426,"dependent"
52,427,"dependent"
52,428,"dependent"
48,429,"dependent"
52,430,"dependent"
52,431,"dependent"
52,432,"dependent"
50,433,"dependent"
48,434,"dependent"
52,435,"dependent"
50,436,"dependent"
52,437,"dependent"
52,438,"dependent"
52,439,"dependent"
50,440,"dependent"
52,441,"dependent"
50,442,"dependent"
50,443,"dependent"
52,444,"dependent"
50,445,"dependent"
52,446,"dependent"
48,447,"dependent"
52,448,"dependent"
52,449,"dependent"
50,450,"dependent"
50,451,"dependent"
52,452,"dependent"
52,453,"dependent"
50,454,"dependent"
50,455,"dependent"
46,456,"dependent"
50,457,"dependent"
50,458,"dependent"
50,459,"dependent"
50,460,"dependent"
46,461,"dependent"
50,462,"dependent"
52,463,"dependent"
50,464,"dependent"
52,465,"dependent"
50,466,"dependent"
52,467,"dependent"
50,468,"dependent"
52,469,"dependent"
50,470,"dependent"
52,471,"dependent"
52,472,"dependent"
52,473,"dependent"
52,474,"dependent"
52,475,"dependent"
50,476,"dependent"
52,477,"dependent"
50,478,"dependent"
52,479,"dependent"
52,480,"dependent"
52,481,"dependent"
46,482,"dependent"
52,483,"dependent"
52,484,"dependent"
50,485,"dependent"
52,486,"dependent"
52,487,"dependent"
52,488,"dependent"
50,489,"dependent"
50,490,"dependent"
52,491,"dependent"
52,492,"dependent"
52,493,"dependent"
50,494,"dependent"
52,495,"dependent"
52,496,"dependent"
52,497,"dependent"
50,498,"dependent"
52,499,"dependent"
50,500,"dependent"
50,501,"dependent"
52,502,"dependent"
50,503,"dependent"
52,504,"dependent"
48,505,"dependent"
52,506,"dependent"
52,507,"dependent"
50,508,"dependent"
50,509,"dependent"
52,510,"dependent"
50,511,"dependent"
50,512,"dependent"
48,513,"dependent"
52,514,"dependent"
52,515,"dependent"
50,516,"dependent"
50,517,"dependent"
52,518,"dependent"
50,519,"dependent"
50,520,"dependent"
52,521,"dependent"
50,522,"dependent"
50,523,"dependent"
52,524,"dependent"
50,525,"dependent"
52,526,"dependent"
50,527,"dependent"
52,528,"dependent"
52,529,"dependent"
52,530,"dependent"
50,531,"dependent"
52,532,"dependent"
50,533,"dependent"
52,534,"dependent"
48,535,"dependent"
50,536,"dependent"
50,537,"dependent"
52,538,"dependent"
52,539,"dependent"
46,540,"dependent"
52,541,"dependent"
52,542,"dependent"
52,543,"dependent"
50,544,"dependent"
52,545,"dependent"
52,546,"dependent"
48,547,"dependent"
52,548,"dependent"
50,549,"dependent"
52,550,"dependent"
50,551,"dependent"
50,552,"dependent"
50,553,"dependent"
52,554,"dependent"
48,555,"dependent"
52,556,"dependent"
48,557,"dependent"
52,558,"dependent"
50,559,"dependent"
52,560,"dependent"
52,561,"dependent"
52,562,"dependent"
52,563,"dependent"
52,564,"dependent"
52,565,"dependent"
50,566,"dependent"
50,567,"dependent"
48,568,"dependent"
52,569,"dependent"
50,570,"dependent"
50,571,"dependent"
52,572,"dependent"
50,573,"dependent"
50,574,"dependent"
50,575,"dependent"
50,576,"dependent"
52,577,"dependent"
52,578,"dependent"
50,579,"dependent"
48,580,"dependent"
50,581,"dependent"
48,582,"dependent"
50,583,"dependent"
50,584,"dependent"
52,585,"dependent"
52,586,"dependent"
50,587,"dependent"
48,588,"dependent"
52,589,"dependent"
52,590,"dependent"
52,591,"dependent"
52,592,"dependent"
48,593,"dependent"
50,594,"dependent"
52,595,"dependent"
52,596,"dependent"
52,597,"dependent"
52,598,"dependent"
48,599,"dependent"
52,600,"dependent"
50,601,"dependent"
48,602,"dependent"
52,603,"dependent"
52,604,"dependent"
52,605,"dependent"
52,606,"dependent"
52,607,"dependent"
50,608,"dependent"
48,609,"dependent"
48,610,"dependent"
48,611,"dependent"
50,612,"dependent"
52,613,"dependent"
52,614,"dependent"
50,615,"dependent"
50,616,"dependent"
50,617,"dependent"
52,618,"dependent"
52,619,"dependent"
50,620,"dependent"
52,621,"dependent"
52,622,"dependent"
50,623,"dependent"
52,624,"dependent"
50,625,"dependent"
52,626,"dependent"
52,627,"dependent"
52,628,"dependent"
48,629,"dependent"
50,630,"dependent"
52,631,"dependent"
52,632,"dependent"
48,633,"dependent"
50,634,"dependent"
52,635,"dependent"
52,636,"dependent"
52,637,"dependent"
52,638,"dependent"
52,639,"dependent"
52,640,"dependent"
52,641,"dependent"
50,642,"dependent"
52,643,"dependent"
50,644,"dependent"
50,645,"dependent"
52,646,"dependent"
52,647,"dependent"
50,648,"dependent"
50,649,"dependent"
52,650,"dependent"
52,651,"dependent"
52,652,"dependent"
50,653,"dependent"
48,654,"dependent"
52,655,"dependent"
52,656,"dependent"
52,657,"dependent"
50,658,"dependent"
50,659,"dependent"
52,660,"dependent"
52,661,"dependent"
48,662,"dependent"
50,663,"dependent"
50,664,"dependent"
52,665,"dependent"
52,666,"dependent"
50,667,"dependent"
50,668,"dependent"
52,669,"dependent"
44,670,"dependent"
52,671,"dependent"
50,672,"dependent"
50,673,"dependent"
50,674,"dependent"
52,675,"dependent"
52,676,"dependent"
52,677,"dependent"
50,678,"dependent"
52,679,"dependent"
46,680,"dependent"
50,681,"dependent"
50,682,"dependent"
50,683,"dependent"
48,684,"dependent"
52,685,"dependent"
52,686,"dependent"
50,687,"dependent"
50,688,"dependent"
52,689,"dependent"
52,690,"dependent"
52,691,"dependent"
52,692,"dependent"
52,693,"dependent"
52,694,"dependent"
42,695,"dependent"
52,696,"dependent"
52,697,"dependent"
52,698,"dependent"
50,699,"dependent"
52,700,"dependent"
52,701,"dependent"
52,702,"dependent"
48,703,"dependent"
48,704,"dependent"
50,705,"dependent"
52,706,"dependent"
46,707,"dependent"
52,708,"dependent"
52,709,"dependent"
50,710,"dependent"
46,711,"dependent"
52,712,"dependent"
50,713,"dependent"
50,714,"dependent"
52,715,"dependent"
50,716,"dependent"
52,717,"dependent"
52,718,"dependent"
52,719,"dependent"
52,720,"dependent"
52,721,"dependent"
52,722,"dependent"
50,723,"dependent"
50,724,"dependent"
50,725,"dependent"
52,726,"dependent"
50,727,"dependent"
46,728,"dependent"
52,729,"dependent"
50,730,"dependent"
52,731,"dependent"
52,732,"dependent"
52,733,"dependent"
52,734,"dependent"
52,735,"dependent"
52,736,"dependent"
50,737,"dependent"
50,738,"dependent"
52,739,"dependent"
50,740,"dependent"
52,741,"dependent"
52,742,"dependent"
50,743,"dependent"
52,744,"dependent"
52,745,"dependent"
50,746,"dependent"
50,747,"dependent"
52,748,"dependent"
52,749,"dependent"
52,750,"dependent"
52,751,"dependent"
52,752,"dependent"
52,753,"dependent"
52,754,"dependent"
52,755,"dependent"
52,756,"dependent"
50,757,"dependent"
50,758,"dependent"
52,759,"dependent"
52,760,"dependent"
52,761,"dependent"
48,762,"dependent"
52,763,"dependent"
52,764,"dependent"
52,765,"dependent"
52,766,"dependent"
50,767,"dependent"
48,768,"dependent"
52,769,"dependent"
52,770,"dependent"
50,771,"dependent"
52,772,"dependent"
48,773,"dependent"
50,774,"dependent"
52,775,"dependent"
50,776,"dependent"
46,777,"dependent"
52,778,"dependent"
52,779,"dependent"
52,780,"dependent"
50,781,"dependent"
50,782,"dependent"
50,783,"dependent"
52,784,"dependent"
52,785,"dependent"
52,786,"dependent"
48,787,"dependent"
50,788,"dependent"
52,789,"dependent"
52,790,"dependent"
52,791,"dependent"
52,792,"dependent"
52,793,"dependent"
52,794,"dependent"
48,795,"dependent"
52,796,"dependent"
50,797,"dependent"
50,798,"dependent"
52,799,"dependent"
52,800,"dependent"
50,801,"dependent"
52,802,"dependent"
48,803,"dependent"
48,804,"dependent"
50,805,"dependent"
50,806,"dependent"
50,807,"dependent"
52,808,"dependent"
50,809,"dependent"
50,810,"dependent"
52,811,"dependent"
52,812,"dependent"
52,813,"dependent"
52,814,"dependent"
52,815,"dependent"
52,816,"dependent"
50,817,"dependent"
52,818,"dependent"
52,819,"dependent"
50,820,"dependent"
52,821,"dependent"
52,822,"dependent"
52,823,"dependent"
48,824,"dependent"
52,825,"dependent"
52,826,"dependent"
50,827,"dependent"
48,828,"dependent"
52,829,"dependent"
52,830,"dependent"
52,831,"dependent"
48,832,"dependent"
52,833,"dependent"
50,834,"dependent"
52,835,"dependent"
50,836,"dependent"
48,837,"dependent"
50,838,"dependent"
52,839,"dependent"
52,840,"dependent"
52,841,"dependent"
52,842,"dependent"
52,843,"dependent"
50,844,"dependent"
52,845,"dependent"
50,846,"dependent"
48,847,"dependent"
52,848,"dependent"
52,849,"dependent"
52,850,"dependent"
52,851,"dependent"
46,852,"dependent"
50,853,"dependent"
52,854,"dependent"
52,855,"dependent"
50,856,"dependent"
52,857,"dependent"
50,858,"dependent"
52,859,"dependent"
52,860,"dependent"
48,861,"dependent"
44,862,"dependent"
50,863,"dependent"
52,864,"dependent"
48,865,"dependent"
50,866,"dependent"
50,867,"dependent"
52,868,"dependent"
50,869,"dependent"
50,870,"dependent"
52,871,"dependent"
50,872,"dependent"
52,873,"dependent"
52,874,"dependent"
52,875,"dependent"
50,876,"dependent"
52,877,"dependent"
52,878,"dependent"
50,879,"dependent"
52,880,"dependent"
52,881,"dependent"
52,882,"dependent"
52,883,"dependent"
50,884,"dependent"
52,885,"dependent"
52,886,"dependent"
50,887,"dependent"
50,888,"dependent"
52,889,"dependent"
50,890,"dependent"
52,891,"dependent"
50,892,"dependent"
52,893,"dependent"
50,894,"dependent"
52,895,"dependent"
52,896,"dependent"
50,897,"dependent"
52,898,"dependent"
48,899,"dependent"
52,900,"dependent"
52,901,"dependent"
50,902,"dependent"
50,903,"dependent"
50,904,"dependent"
52,905,"dependent"
50,906,"dependent"
52,907,"dependent"
50,908,"dependent"
52,909,"dependent"
52,910,"dependent"
52,911,"dependent"
52,912,"dependent"
52,913,"dependent"
52,914,"dependent"
52,915,"dependent"
48,916,"dependent"
52,917,"dependent"
50,918,"dependent"
50,919,"dependent"
52,920,"dependent"
52,921,"dependent"
50,922,"dependent"
52,923,"dependent"
52,924,"dependent"
52,925,"dependent"
52,926,"dependent"
50,927,"dependent"
50,928,"dependent"
52,929,"dependent"
50,930,"dependent"
52,931,"dependent"
50,932,"dependent"
52,933,"dependent"
52,934,"dependent"
52,935,"dependent"
52,936,"dependent"
52,937,"dependent"
52,938,"dependent"
52,939,"dependent"
48,940,"dependent"
52,941,"dependent"
50,942,"dependent"
52,943,"dependent"
52,944,"dependent"
50,945,"dependent"
52,946,"dependent"
50,947,"dependent"
52,948,"dependent"
48,949,"dependent"
52,950,"dependent"
52,951,"dependent"
50,952,"dependent"
50,953,"dependent"
52,954,"dependent"
52,955,"dependent"
52,956,"dependent"
50,957,"dependent"
50,958,"dependent"
52,959,"dependent"
50,960,"dependent"
50,961,"dependent"
50,962,"dependent"
52,963,"dependent"
50,964,"dependent"
50,965,"dependent"
50,966,"dependent"
50,967,"dependent"
48,968,"dependent"
50,969,"dependent"
52,970,"dependent"
52,971,"dependent"
48,972,"dependent"
52,973,"dependent"
52,974,"dependent"
50,975,"dependent"
50,976,"dependent"
50,977,"dependent"
52,978,"dependent"
52,979,"dependent"
50,980,"dependent"
52,981,"dependent"
50,982,"dependent"
52,983,"dependent"
52,984,"dependent"
50,985,"dependent"
50,986,"dependent"
52,987,"dependent"
50,988,"dependent"
52,989,"dependent"
52,990,"dependent"
52,991,"dependent"
50,992,"dependent"
52,993,"dependent"
52,994,"dependent"
52,995,"dependent"
46,996,"dependent"
52,997,"dependent"
52,998,"dependent"
50,999,"dependent"
50,1000,"dependent"
50,1001,"dependent"
50,1002,"dependent"
52,1003,"dependent"
52,1004,"dependent"
50,1005,"dependent"
52,1006,"dependent"
52,1007,"dependent"
52,1008,"dependent"
52,1009,"dependent"
52,1010,"dependent"
48,1011,"dependent"
52,1012,"dependent"
52,1013,"dependent"
50,1014,"dependent"
50,1015,"dependent"
50,1016,"dependent"
50,1017,"dependent"
50,1018,"dependent"
50,1019,"dependent"
48,1020,"dependent"
52,1021,"dependent"
52,1022,"dependent"
52,1023,"dependent"
48,1024,"dependent"
46,1025,"dependent"
50,1026,"dependent"
52,1027,"dependent"
52,1028,"dependent"
50,1029,"dependent"
50,1030,"dependent"
48,1031,"dependent"
52,1032,"dependent"
50,1033,"dependent"
52,1034,"dependent"
50,1035,"dependent"
52,1036,"dependent"
50,1037,"dependent"
52,1038,"dependent"
50,1039,"dependent"
50,1040,"dependent"
52,1041,"dependent"
50,1042,"dependent"
50,1043,"dependent"
52,1044,"dependent"
52,1045,"dependent"
50,1046,"dependent"
48,1047,"dependent"
50,1048,"dependent"
52,1049,"dependent"
52,1050,"dependent"
50,1051,"dependent"
52,1052,"dependent"
52,1053,"dependent"
48,1054,"dependent"
52,1055,"dependent"
52,1056,"dependent"
48,1057,"dependent"
52,1058,"dependent"
50,1059,"dependent"
52,1060,"dependent"
48,1061,"dependent"
50,1062,"dependent"
52,1063,"dependent"
50,1064,"dependent"
52,1065,"dependent"
50,1066,"dependent"
52,1067,"dependent"
52,1068,"dependent"
52,1069,"dependent"
52,1070,"dependent"
52,1071,"dependent"
46,1072,"dependent"
50,1073,"dependent"
52,1074,"dependent"
52,1075,"dependent"
52,1076,"dependent"
50,1077,"dependent"
50,1078,"dependent"
52,1079,"dependent"
52,1080,"dependent"
52,1081,"dependent"
52,1082,"dependent"
50,1083,"dependent"
50,1084,"dependent"
50,1085,"dependent"
52,1086,"dependent"
52,1087,"dependent"
50,1088,"dependent"
52,1089,"dependent"
50,1090,"dependent"
50,1091,"dependent"
50,1092,"dependent"
48,1093,"dependent"
50,1094,"dependent"
50,1095,"dependent"
52,1096,"dependent"
50,1097,"dependent"
52,1098,"dependent"
46,1099,"dependent"
52,1100,"dependent"
50,1101,"dependent"
48,1102,"dependent"
52,1103,"dependent"
52,1104,"dependent"
52,1105,"dependent"
50,1106,"dependent"
52,1107,"dependent"
52,1108,"dependent"
50,1109,"dependent"
52,1110,"dependent"
52,1111,"dependent"
52,1112,"dependent"
52,1113,"dependent"
52,1114,"dependent"
50,1115,"dependent"
50,1116,"dependent"
48,1117,"dependent"
50,1118,"dependent"
52,1119,"dependent"
52,1120,"dependent"
52,1121,"dependent"
52,1122,"dependent"
48,1123,"dependent"
50,1124,"dependent"
48,1125,"dependent"
50,1126,"dependent"
50,1127,"dependent"
48,1128,"dependent"
52,1129,"dependent"
52,1130,"dependent"
52,1131,"dependent"
50,1132,"dependent"
52,1133,"dependent"
52,1134,"dependent"
52,1135,"dependent"
52,1136,"dependent"
52,1137,"dependent"
50,1138,"dependent"
50,1139,"dependent"
50,1140,"dependent"
52,1141,"dependent"
52,1142,"dependent"
52,1143,"dependent"
52,1144,"dependent"
50,1145,"dependent"
52,1146,"dependent"
50,1147,"dependent"
50,1148,"dependent"
52,1149,"dependent"
52,1150,"dependent"
52,1151,"dependent"
52,1152,"dependent"
52,1153,"dependent"
50,1154,"dependent"
50,1155,"dependent"
52,1156,"dependent"
52,1157,"dependent"
52,1158,"dependent"
52,1159,"dependent"
52,1160,"dependent"
52,1161,"dependent"
52,1162,"dependent"
52,1163,"dependent"
50,1164,"dependent"
48,1165,"dependent"
52,1166,"dependent"
50,1167,"dependent"
48,1168,"dependent"
50,1169,"dependent"
50,1170,"dependent"
52,1171,"dependent"
52,1172,"dependent"
52,1173,"dependent"
50,1174,"dependent"
52,1175,"dependent"
52,1176,"dependent"
52,1177,"dependent"
48,1178,"dependent"
50,1179,"dependent"
50,1180,"dependent"
50,1181,"dependent"
52,1182,"dependent"
52,1183,"dependent"
52,1184,"dependent"
52,1185,"dependent"
48,1186,"dependent"
50,1187,"dependent"
52,1188,"dependent"
50,1189,"dependent"
52,1190,"dependent"
52,1191,"dependent"
50,1192,"dependent"
48,1193,"dependent"
48,1194,"dependent"
52,1195,"dependent"
52,1196,"dependent"
52,1197,"dependent"
52,1198,"dependent"
52,1199,"dependent"
52,1200,"dependent"
50,1201,"dependent"
48,1202,"dependent"
52,1203,"dependent"
50,1204,"dependent"
50,1205,"dependent"
50,1206,"dependent"
52,1207,"dependent"
52,1208,"dependent"
50,1209,"dependent"
52,1210,"dependent"
50,1211,"dependent"
48,1212,"dependent"
52,1213,"dependent"
48,1214,"dependent"
50,1215,"dependent"
48,1216,"dependent"
50,1217,"dependent"
52,1218,"dependent"
52,1219,"dependent"
52,1220,"dependent"
52,1221,"dependent"
52,1222,"dependent"
52,1223,"dependent"
52,1224,"dependent"
52,1225,"dependent"
52,1226,"dependent"
50,1227,"dependent"
52,1228,"dependent"
50,1229,"dependent"
50,1230,"dependent"
52,1231,"dependent"
48,1232,"dependent"
50,1233,"dependent"
52,1234,"dependent"
48,1235,"dependent"
50,1236,"dependent"
52,1237,"dependent"
52,1238,"dependent"
52,1239,"dependent"
52,1240,"dependent"
50,1241,"dependent"
50,1242,"dependent"
52,1243,"dependent"
50,1244,"dependent"
50,1245,"dependent"
50,1246,"dependent"
50,1247,"dependent"
52,1248,"dependent"
48,1249,"dependent"
50,1250,"dependent"
52,1251,"dependent"
52,1252,"dependent"
52,1253,"dependent"
50,1254,"dependent"
48,1255,"dependent"
50,1256,"dependent"
48,1257,"dependent"
52,1258,"dependent"
50,1259,"dependent"
50,1260,"dependent"
50,1261,"dependent"
50,1262,"dependent"
48,1263,"dependent"
52,1264,"dependent"
52,1265,"dependent"
52,1266,"dependent"
52,1267,"dependent"
52,1268,"dependent"
52,1269,"dependent"
50,1270,"dependent"
52,1271,"dependent"
50,1272,"dependent"
52,1273,"dependent"
52,1274,"dependent"
46,1275,"dependent"
52,1276,"dependent"
52,1277,"dependent"
52,1278,"dependent"
52,1279,"dependent"
52,1280,"dependent"
52,1281,"dependent"
52,1282,"dependent"
52,1283,"dependent"
50,1284,"dependent"
44,1285,"dependent"
46,1286,"dependent"
52,1287,"dependent"
52,1288,"dependent"
52,1289,"dependent"
52,1290,"dependent"
52,1291,"dependent"
52,1292,"dependent"
50,1293,"dependent"
52,1294,"dependent"
52,1295,"dependent"
50,1296,"dependent"
52,1297,"dependent"
52,1298,"dependent"
50,1299,"dependent"
48,1300,"dependent"
52,1301,"dependent"
50,1302,"dependent"
52,1303,"dependent"
50,1304,"dependent"
52,1305,"dependent"
52,1306,"dependent"
50,1307,"dependent"
50,1308,"dependent"
52,1309,"dependent"
48,1310,"dependent"
50,1311,"dependent"
48,1312,"dependent"
50,1313,"dependent"
50,1314,"dependent"
52,1315,"dependent"
52,1316,"dependent"
52,1317,"dependent"
48,1318,"dependent"
52,1319,"dependent"
52,1320,"dependent"
50,1321,"dependent"
50,1322,"dependent"
52,1323,"dependent"
52,1324,"dependent"
52,1325,"dependent"
52,1326,"dependent"
50,1327,"dependent"
52,1328,"dependent"
48,1329,"dependent"
50,1330,"dependent"
50,1331,"dependent"
50,1332,"dependent"
48,1333,"dependent"
52,1334,"dependent"
48,1335,"dependent"
52,1336,"dependent"
52,1337,"dependent"
52,1338,"dependent"
50,1339,"dependent"
52,1340,"dependent"
52,1341,"dependent"
52,1342,"dependent"
50,1343,"dependent"
50,1344,"dependent"
52,1345,"dependent"
50,1346,"dependent"
50,1347,"dependent"
52,1348,"dependent"
52,1349,"dependent"
50,1350,"dependent"
52,1351,"dependent"
52,1352,"dependent"
50,1353,"dependent"
52,1354,"dependent"
50,1355,"dependent"
52,1356,"dependent"
48,1357,"dependent"
52,1358,"dependent"
46,1359,"dependent"
52,1360,"dependent"
50,1361,"dependent"
52,1362,"dependent"
52,1363,"dependent"
52,1364,"dependent"
52,1365,"dependent"
48,1366,"dependent"
52,1367,"dependent"
50,1368,"dependent"
50,1369,"dependent"
52,1370,"dependent"
52,1371,"dependent"
50,1372,"dependent"
52,1373,"dependent"
52,1374,"dependent"
46,1375,"dependent"
50,1376,"dependent"
50,1377,"dependent"
52,1378,"dependent"
50,1379,"dependent"
52,1380,"dependent"
52,1381,"dependent"
50,1382,"dependent"
50,1383,"dependent"
46,1384,"dependent"
52,1385,"dependent"
52,1386,"dependent"
52,1387,"dependent"
50,1388,"dependent"
52,1389,"dependent"
52,1390,"dependent"
44,1391,"dependent"
52,1392,"dependent"
52,1393,"dependent"
52,1394,"dependent"
48,1395,"dependent"
52,1396,"dependent"
52,1397,"dependent"
48,1398,"dependent"
50,1399,"dependent"
50,1400,"dependent"
52,1401,"dependent"
52,1402,"dependent"
52,1403,"dependent"
52,1404,"dependent"
52,1405,"dependent"
50,1406,"dependent"
52,1407,"dependent"
52,1408,"dependent"
52,1409,"dependent"
52,1410,"dependent"
52,1411,"dependent"
48,1412,"dependent"
52,1413,"dependent"
50,1414,"dependent"
52,1415,"dependent"
52,1416,"dependent"
52,1417,"dependent"
48,1418,"dependent"
50,1419,"dependent"
52,1420,"dependent"
52,1421,"dependent"
48,1422,"dependent"
50,1423,"dependent"
52,1424,"dependent"
52,1425,"dependent"
52,1426,"dependent"
50,1427,"dependent"
50,1428,"dependent"
50,1429,"dependent"
52,1430,"dependent"
52,1431,"dependent"
52,1432,"dependent"
52,1433,"dependent"
50,1434,"dependent"
52,1435,"dependent"
50,1436,"dependent"
52,1437,"dependent"
52,1438,"dependent"
48,1439,"dependent"
50,1440,"dependent"
50,1441,"dependent"
52,1442,"dependent"
52,1443,"dependent"
50,1444,"dependent"
48,1445,"dependent"
48,1446,"dependent"
48,1447,"dependent"
52,1448,"dependent"
52,1449,"dependent"
50,1450,"dependent"
50,1451,"dependent"
52,1452,"dependent"
50,1453,"dependent"
52,1454,"dependent"
52,1455,"dependent"
50,1456,"dependent"
52,1457,"dependent"
52,1458,"dependent"
52,1459,"dependent"
50,1460,"dependent"
50,1461,"dependent"
52,1462,"dependent"
48,1463,"dependent"
50,1464,"dependent"
52,1465,"dependent"
52,1466,"dependent"
50,1467,"dependent"
52,1468,"dependent"
52,1469,"dependent"
50,1470,"dependent"
52,1471,"dependent"
50,1472,"dependent"
52,1473,"dependent"
50,1474,"dependent"
52,1475,"dependent"
50,1476,"dependent"
52,1477,"dependent"
52,1478,"dependent"
50,1479,"dependent"
52,1480,"dependent"
50,1481,"dependent"
50,1482,"dependent"
50,1483,"dependent"
48,1484,"dependent"
52,1485,"dependent"
46,1486,"dependent"
50,1487,"dependent"
52,1488,"dependent"
52,1489,"dependent"
52,1490,"dependent"
52,1491,"dependent"
48,1492,"dependent"
50,1493,"dependent"
50,1494,"dependent"
52,1495,"dependent"
52,1496,"dependent"
48,1497,"dependent"
52,1498,"dependent"
50,1499,"dependent"
52,1500,"dependent"
50,1501,"dependent"
52,1502,"dependent"
52,1503,"dependent"
52,1504,"dependent"
50,1505,"dependent"
52,1506,"dependent"
52,1507,"dependent"
48,1508,"dependent"
50,1509,"dependent"
50,1510,"dependent"
50,1511,"dependent"
50,1512,"dependent"
48,1513,"dependent"
50,1514,"dependent"
52,1515,"dependent"
52,1516,"dependent"
52,1517,"dependent"
50,1518,"dependent"
52,1519,"dependent"
52,1520,"dependent"
52,1521,"dependent"
52,1522,"dependent"
48,1523,"dependent"
50,1524,"dependent"
50,1525,"dependent"
52,1526,"dependent"
42,1527,"dependent"
48,1528,"dependent"
52,1529,"dependent"
52,1530,"dependent"
50,1531,"dependent"
50,1532,"dependent"
50,1533,"dependent"
52,1534,"dependent"
50,1535,"dependent"
50,1536,"dependent"
52,1537,"dependent"
52,1538,"dependent"
48,1539,"dependent"
52,1540,"dependent"
50,1541,"dependent"
52,1542,"dependent"
52,1543,"dependent"
52,1544,"dependent"
52,1545,"dependent"
52,1546,"dependent"
52,1547,"dependent"
50,1548,"dependent"
52,1549,"dependent"
52,1550,"dependent"
52,1551,"dependent"
50,1552,"dependent"
52,1553,"dependent"
52,1554,"dependent"
52,1555,"dependent"
50,1556,"dependent"
50,1557,"dependent"
50,1558,"dependent"
48,1559,"dependent"
48,1560,"dependent"
52,1561,"dependent"
52,1562,"dependent"
52,1563,"dependent"
52,1564,"dependent"
52,1565,"dependent"
50,1566,"dependent"
52,1567,"dependent"
52,1568,"dependent"
50,1569,"dependent"
52,1570,"dependent"
52,1571,"dependent"
52,1572,"dependent"
52,1573,"dependent"
52,1574,"dependent"
50,1575,"dependent"
50,1576,"dependent"
52,1577,"dependent"
50,1578,"dependent"
50,1579,"dependent"
52,1580,"dependent"
52,1581,"dependent"
52,1582,"dependent"
52,1583,"dependent"
52,1584,"dependent"
52,1585,"dependent"
52,1586,"dependent"
50,1587,"dependent"
52,1588,"dependent"
50,1589,"dependent"
48,1590,"dependent"
52,1591,"dependent"
48,1592,"dependent"
52,1593,"dependent"
50,1594,"dependent"
52,1595,"dependent"
52,1596,"dependent"
48,1597,"dependent"
50,1598,"dependent"
50,1599,"dependent"
48,1600,"dependent"
52,1601,"dependent"
52,1602,"dependent"
52,1603,"dependent"
46,1604,"dependent"
50,1605,"dependent"
50,1606,"dependent"
50,1607,"dependent"
52,1608,"dependent"
52,1609,"dependent"
52,1610,"dependent"
48,1611,"dependent"
48,1612,"dependent"
48,1613,"dependent"
50,1614,"dependent"
50,1615,"dependent"
50,1616,"dependent"
48,1617,"dependent"
50,1618,"dependent"
52,1619,"dependent"
52,1620,"dependent"
50,1621,"dependent"
50,1622,"dependent"
50,1623,"dependent"
50,1624,"dependent"
52,1625,"dependent"
52,1626,"dependent"
52,1627,"dependent"
50,1628,"dependent"
50,1629,"dependent"
48,1630,"dependent"
52,1631,"dependent"
52,1632,"dependent"
52,1633,"dependent"
52,1634,"dependent"
52,1635,"dependent"
48,1636,"dependent"
52,1637,"dependent"
52,1638,"dependent"
52,1639,"dependent"
52,1640,"dependent"
52,1641,"dependent"
50,1642,"dependent"
50,1643,"dependent"
50,1644,"dependent"
48,1645,"dependent"
50,1646,"dependent"
50,1647,"dependent"
50,1648,"dependent"
52,1649,"dependent"
50,1650,"dependent"
44,1651,"dependent"
52,1652,"dependent"
50,1653,"dependent"
52,1654,"dependent"
52,1655,"dependent"
52,1656,"dependent"
50,1657,"dependent"
52,1658,"dependent"
52,1659,"dependent"
52,1660,"dependent"
52,1661,"dependent"
50,1662,"dependent"
52,1663,"dependent"
48,1664,"dependent"
50,1665,"dependent"
50,1666,"dependent"
52,1667,"dependent"
50,1668,"dependent"
52,1669,"dependent"
52,1670,"dependent"
46,1671,"dependent"
52,1672,"dependent"
52,1673,"dependent"
52,1674,"dependent"
52,1675,"dependent"
50,1676,"dependent"
52,1677,"dependent"
52,1678,"dependent"
50,1679,"dependent"
52,1680,"dependent"
50,1681,"dependent"
50,1682,"dependent"
52,1683,"dependent"
50,1684,"dependent"
52,1685,"dependent"
48,1686,"dependent"
44,1687,"dependent"
50,1688,"dependent"
52,1689,"dependent"
48,1690,"dependent"
52,1691,"dependent"
50,1692,"dependent"
50,1693,"dependent"
50,1694,"dependent"
50,1695,"dependent"
52,1696,"dependent"
50,1697,"dependent"
50,1698,"dependent"
52,1699,"dependent"
52,1700,"dependent"
52,1701,"dependent"
50,1702,"dependent"
52,1703,"dependent"
50,1704,"dependent"
52,1705,"dependent"
50,1706,"dependent"
52,1707,"dependent"
50,1708,"dependent"
52,1709,"dependent"
52,1710,"dependent"
50,1711,"dependent"
50,1712,"dependent"
50,1713,"dependent"
50,1714,"dependent"
50,1715,"dependent"
52,1716,"dependent"
52,1717,"dependent"
52,1718,"dependent"
52,1719,"dependent"
52,1720,"dependent"
52,1721,"dependent"
50,1722,"dependent"
52,1723,"dependent"
50,1724,"dependent"
50,1725,"dependent"
50,1726,"dependent"
50,1727,"dependent"
50,1728,"dependent"
50,1729,"dependent"
50,1730,"dependent"
50,1731,"dependent"
50,1732,"dependent"
52,1733,"dependent"
52,1734,"dependent"
50,1735,"dependent"
48,1736,"dependent"
50,1737,"dependent"
50,1738,"dependent"
50,1739,"dependent"
52,1740,"dependent"
52,1741,"dependent"
52,1742,"dependent"
48,1743,"dependent"
50,1744,"dependent"
50,1745,"dependent"
52,1746,"dependent"
52,1747,"dependent"
52,1748,"dependent"
50,1749,"dependent"
52,1750,"dependent"
50,1751,"dependent"
50,1752,"dependent"
50,1753,"dependent"
52,1754,"dependent"
52,1755,"dependent"
50,1756,"dependent"
48,1757,"dependent"
52,1758,"dependent"
50,1759,"dependent"
52,1760,"dependent"
50,1761,"dependent"
52,1762,"dependent"
50,1763,"dependent"
50,1764,"dependent"
52,1765,"dependent"
52,1766,"dependent"
50,1767,"dependent"
52,1768,"dependent"
52,1769,"dependent"
52,1770,"dependent"
48,1771,"dependent"
52,1772,"dependent"
46,1773,"dependent"
52,1774,"dependent"
52,1775,"dependent"
52,1776,"dependent"
50,1777,"dependent"
52,1778,"dependent"
52,1779,"dependent"
50,1780,"dependent"
50,1781,"dependent"
50,1782,"dependent"
50,1783,"dependent"
50,1784,"dependent"
52,1785,"dependent"
50,1786,"dependent"
52,1787,"dependent"
52,1788,"dependent"
52,1789,"dependent"
52,1790,"dependent"
50,1791,"dependent"
52,1792,"dependent"
52,1793,"dependent"
52,1794,"dependent"
52,1795,"dependent"
52,1796,"dependent"
48,1797,"dependent"
52,1798,"dependent"
50,1799,"dependent"
48,1800,"dependent"
52,1801,"dependent"
52,1802,"dependent"
50,1803,"dependent"
50,1804,"dependent"
48,1805,"dependent"
52,1806,"dependent"
52,1807,"dependent"
52,1808,"dependent"
52,1809,"dependent"
50,1810,"dependent"
50,1811,"dependent"
52,1812,"dependent"
50,1813,"dependent"
50,1814,"dependent"
50,1815,"dependent"
48,1816,"dependent"
50,1817,"dependent"
52,1818,"dependent"
52,1819,"dependent"
52,1820,"dependent"
46,1821,"dependent"
52,1822,"dependent"
50,1823,"dependent"
48,1824,"dependent"
48,1825,"dependent"
48,1826,"dependent"
50,1827,"dependent"
50,1828,"dependent"
48,1829,"dependent"
52,1830,"dependent"
52,1831,"dependent"
52,1832,"dependent"
46,1833,"dependent"
48,1834,"dependent"
52,1835,"dependent"
50,1836,"dependent"
50,1837,"dependent"
50,1838,"dependent"
50,1839,"dependent"
50,1840,"dependent"
52,1841,"dependent"
52,1842,"dependent"
50,1843,"dependent"
52,1844,"dependent"
48,1845,"dependent"
48,1846,"dependent"
52,1847,"dependent"
52,1848,"dependent"
48,1849,"dependent"
52,1850,"dependent"
50,1851,"dependent"
50,1852,"dependent"
52,1853,"dependent"
52,1854,"dependent"
52,1855,"dependent"
50,1856,"dependent"
50,1857,"dependent"
50,1858,"dependent"
52,1859,"dependent"
52,1860,"dependent"
52,1861,"dependent"
50,1862,"dependent"
52,1863,"dependent"
52,1864,"dependent"
52,1865,"dependent"
50,1866,"dependent"
52,1867,"dependent"
52,1868,"dependent"
52,1869,"dependent"
52,1870,"dependent"
50,1871,"dependent"
52,1872,"dependent"
52,1873,"dependent"
52,1874,"dependent"
52,1875,"dependent"
52,1876,"dependent"
50,1877,"dependent"
50,1878,"dependent"
52,1879,"dependent"
52,1880,"dependent"
48,1881,"dependent"
52,1882,"dependent"
52,1883,"dependent"
52,1884,"dependent"
50,1885,"dependent"
52,1886,"dependent"
48,1887,"dependent"
50,1888,"dependent"
52,1889,"dependent"
52,1890,"dependent"
52,1891,"dependent"
52,1892,"dependent"
48,1893,"dependent"
52,1894,"dependent"
50,1895,"dependent"
46,1896,"dependent"
50,1897,"dependent"
52,1898,"dependent"
52,1899,"dependent"
52,1900,"dependent"
52,1901,"dependent"
50,1902,"dependent"
52,1903,"dependent"
50,1904,"dependent"
52,1905,"dependent"
52,1906,"dependent"
52,1907,"dependent"
48,1908,"dependent"
48,1909,"dependent"
48,1910,"dependent"
48,1911,"dependent"
52,1912,"dependent"
50,1913,"dependent"
52,1914,"dependent"
50,1915,"dependent"
50,1916,"dependent"
50,1917,"dependent"
50,1918,"dependent"
52,1919,"dependent"
52,1920,"dependent"
52,1921,"dependent"
52,1922,"dependent"
52,1923,"dependent"
52,1924,"dependent"
52,1925,"dependent"
50,1926,"dependent"
52,1927,"dependent"
46,1928,"dependent"
52,1929,"dependent"
50,1930,"dependent"
52,1931,"dependent"
52,1932,"dependent"
48,1933,"dependent"
52,1934,"dependent"
50,1935,"dependent"
50,1936,"dependent"
46,1937,"dependent"
50,1938,"dependent"
50,1939,"dependent"
52,1940,"dependent"
52,1941,"dependent"
50,1942,"dependent"
52,1943,"dependent"
52,1944,"dependent"
50,1945,"dependent"
50,1946,"dependent"
50,1947,"dependent"
52,1948,"dependent"
52,1949,"dependent"
52,1950,"dependent"
52,1951,"dependent"
48,1952,"dependent"
50,1953,"dependent"
52,1954,"dependent"
52,1955,"dependent"
52,1956,"dependent"
48,1957,"dependent"
50,1958,"dependent"
52,1959,"dependent"
50,1960,"dependent"
52,1961,"dependent"
50,1962,"dependent"
52,1963,"dependent"
50,1964,"dependent"
50,1965,"dependent"
52,1966,"dependent"
52,1967,"dependent"
50,1968,"dependent"
44,1969,"dependent"
52,1970,"dependent"
50,1971,"dependent"
52,1972,"dependent"
52,1973,"dependent"
52,1974,"dependent"
50,1975,"dependent"
52,1976,"dependent"
52,1977,"dependent"
50,1978,"dependent"
52,1979,"dependent"
48,1980,"dependent"
50,1981,"dependent"
50,1982,"dependent"
50,1983,"dependent"
44,1984,"dependent"
52,1985,"dependent"
52,1986,"dependent"
52,1987,"dependent"
48,1988,"dependent"
52,1989,"dependent"
50,1990,"dependent"
52,1991,"dependent"
50,1992,"dependent"
50,1993,"dependent"
52,1994,"dependent"
52,1995,"dependent"
50,1996,"dependent"
52,1997,"dependent"
50,1998,"dependent"
52,1999,"dependent"
52,2000,"dependent"
48,2001,"dependent"
52,2002,"dependent"
50,2003,"dependent"
52,2004,"dependent"
52,2005,"dependent"
50,2006,"dependent"
52,2007,"dependent"
50,2008,"dependent"
52,2009,"dependent"
52,2010,"dependent"
52,2011,"dependent"
52,2012,"dependent"
48,2013,"dependent"
50,2014,"dependent"
52,2015,"dependent"
52,2016,"dependent"
52,2017,"dependent"
52,2018,"dependent"
52,2019,"dependent"
52,2020,"dependent"
48,2021,"dependent"
52,2022,"dependent"
52,2023,"dependent"
52,2024,"dependent"
50,2025,"dependent"
52,2026,"dependent"
50,2027,"dependent"
52,2028,"dependent"
48,2029,"dependent"
52,2030,"dependent"
50,2031,"dependent"
52,2032,"dependent"
52,2033,"dependent"
52,2034,"dependent"
50,2035,"dependent"
50,2036,"dependent"
52,2037,"dependent"
52,2038,"dependent"
52,2039,"dependent"
52,2040,"dependent"
52,2041,"dependent"
52,2042,"dependent"
52,2043,"dependent"
52,2044,"dependent"
50,2045,"dependent"
50,2046,"dependent"
52,2047,"dependent"
48,2048,"dependent"
52,2049,"dependent"
48,2050,"dependent"
50,2051,"dependent"
50,2052,"dependent"
52,2053,"dependent"
48,2054,"dependent"
52,2055,"dependent"
52,2056,"dependent"
52,2057,"dependent"
50,2058,"dependent"
52,2059,"dependent"
52,2060,"dependent"
50,2061,"dependent"
52,2062,"dependent"
50,2063,"dependent"
50,2064,"dependent"
50,2065,"dependent"
52,2066,"dependent"
52,2067,"dependent"
50,2068,"dependent"
50,2069,"dependent"
52,2070,"dependent"
52,2071,"dependent"
52,2072,"dependent"
52,2073,"dependent"
52,2074,"dependent"
52,2075,"dependent"
50,2076,"dependent"
52,2077,"dependent"
50,2078,"dependent"
52,2079,"dependent"
52,2080,"dependent"
46,2081,"dependent"
52,2082,"dependent"
52,2083,"dependent"
50,2084,"dependent"
48,2085,"dependent"
52,2086,"dependent"
52,2087,"dependent"
48,2088,"dependent"
52,2089,"dependent"
52,2090,"dependent"
52,2091,"dependent"
52,2092,"dependent"
52,2093,"dependent"
46,2094,"dependent"
52,2095,"dependent"
52,2096,"dependent"
52,2097,"dependent"
50,2098,"dependent"
52,2099,"dependent"
50,2100,"dependent"
52,2101,"dependent"
52,2102,"dependent"
50,2103,"dependent"
52,2104,"dependent"
52,2105,"dependent"
52,2106,"dependent"
52,2107,"dependent"
50,2108,"dependent"
52,2109,"dependent"
48,2110,"dependent"
52,2111,"dependent"
48,2112,"dependent"
52,2113,"dependent"
52,2114,"dependent"
48,2115,"dependent"
44,2116,"dependent"
48,2117,"dependent"
52,2118,"dependent"
52,2119,"dependent"
52,2120,"dependent"
46,2121,"dependent"
48,2122,"dependent"
52,2123,"dependent"
52,2124,"dependent"
52,2125,"dependent"
52,2126,"dependent"
50,2127,"dependent"
52,2128,"dependent"
50,2129,"dependent"
52,2130,"dependent"
48,2131,"dependent"
52,2132,"dependent"
52,2133,"dependent"
50,2134,"dependent"
50,2135,"dependent"
50,2136,"dependent"
50,2137,"dependent"
52,2138,"dependent"
52,2139,"dependent"
52,2140,"dependent"
52,2141,"dependent"
48,2142,"dependent"
50,2143,"dependent"
50,2144,"dependent"
52,2145,"dependent"
50,2146,"dependent"
52,2147,"dependent"
52,2148,"dependent"
48,2149,"dependent"
52,2150,"dependent"
52,2151,"dependent"
52,2152,"dependent"
52,2153,"dependent"
52,2154,"dependent"
50,2155,"dependent"
52,2156,"dependent"
50,2157,"dependent"
52,2158,"dependent"
50,2159,"dependent"
52,2160,"dependent"
50,2161,"dependent"
52,2162,"dependent"
50,2163,"dependent"
46,2164,"dependent"
52,2165,"dependent"
50,2166,"dependent"
52,2167,"dependent"
50,2168,"dependent"
52,2169,"dependent"
50,2170,"dependent"
52,2171,"dependent"
52,2172,"dependent"
52,2173,"dependent"
48,2174,"dependent"
48,2175,"dependent"
52,2176,"dependent"
52,2177,"dependent"
52,2178,"dependent"
46,2179,"dependent"
48,2180,"dependent"
50,2181,"dependent"
50,2182,"dependent"
48,2183,"dependent"
52,2184,"dependent"
52,2185,"dependent"
52,2186,"dependent"
50,2187,"dependent"
52,2188,"dependent"
48,2189,"dependent"
52,2190,"dependent"
52,2191,"dependent"
52,2192,"dependent"
52,2193,"dependent"
52,2194,"dependent"
50,2195,"dependent"
50,2196,"dependent"
52,2197,"dependent"
50,2198,"dependent"
50,2199,"dependent"
52,2200,"dependent"
52,2201,"dependent"
52,2202,"dependent"
52,2203,"dependent"
52,2204,"dependent"
52,2205,"dependent"
52,2206,"dependent"
52,2207,"dependent"
48,2208,"dependent"
48,2209,"dependent"
52,2210,"dependent"
52,2211,"dependent"
52,2212,"dependent"
50,2213,"dependent"
52,2214,"dependent"
52,2215,"dependent"
50,2216,"dependent"
52,2217,"dependent"
52,2218,"dependent"
50,2219,"dependent"
52,2220,"dependent"
52,2221,"dependent"
48,2222,"dependent"
50,2223,"dependent"
50,2224,"dependent"
50,2225,"dependent"
52,2226,"dependent"
50,2227,"dependent"
50,2228,"dependent"
52,2229,"dependent"
50,2230,"dependent"
52,2231,"dependent"
48,2232,"dependent"
48,2233,"dependent"
48,2234,"dependent"
52,2235,"dependent"
50,2236,"dependent"
52,2237,"dependent"
50,2238,"dependent"
50,2239,"dependent"
50,2240,"dependent"
52,2241,"dependent"
52,2242,"dependent"
52,2243,"dependent"
50,2244,"dependent"
52,2245,"dependent"
52,2246,"dependent"
50,2247,"dependent"
50,2248,"dependent"
52,2249,"dependent"
50,2250,"dependent"
50,2251,"dependent"
52,2252,"dependent"
50,2253,"dependent"
52,2254,"dependent"
52,2255,"dependent"
52,2256,"dependent"
50,2257,"dependent"
52,2258,"dependent"
52,2259,"dependent"
52,2260,"dependent"
52,2261,"dependent"
52,2262,"dependent"
52,2263,"dependent"
50,2264,"dependent"
48,2265,"dependent"
52,2266,"dependent"
52,2267,"dependent"
52,2268,"dependent"
52,2269,"dependent"
52,2270,"dependent"
50,2271,"dependent"
52,2272,"dependent"
50,2273,"dependent"
52,2274,"dependent"
52,2275,"dependent"
48,2276,"dependent"
52,2277,"dependent"
50,2278,"dependent"
50,2279,"dependent"
52,2280,"dependent"
48,2281,"dependent"
52,2282,"dependent"
52,2283,"dependent"
50,2284,"dependent"
50,2285,"dependent"
52,2286,"dependent"
52,2287,"dependent"
52,2288,"dependent"
50,2289,"dependent"
52,2290,"dependent"
52,2291,"dependent"
50,2292,"dependent"
52,2293,"dependent"
44,2294,"dependent"
50,2295,"dependent"
52,2296,"dependent"
52,2297,"dependent"
52,2298,"dependent"
50,2299,"dependent"
52,2300,"dependent"
50,2301,"dependent"
52,2302,"dependent"
48,2303,"dependent"
46,2304,"dependent"
52,2305,"dependent"
52,2306,"dependent"
50,2307,"dependent"
48,2308,"dependent"
50,2309,"dependent"
48,2310,"dependent"
52,2311,"dependent"
50,2312,"dependent"
52,2313,"dependent"
52,2314,"dependent"
52,2315,"dependent"
50,2316,"dependent"
52,2317,"dependent"
52,2318,"dependent"
52,2319,"dependent"
52,2320,"dependent"
52,2321,"dependent"
52,2322,"dependent"
52,2323,"dependent"
50,2324,"dependent"
52,2325,"dependent"
52,2326,"dependent"
52,2327,"dependent"
52,2328,"dependent"
50,2329,"dependent"
52,2330,"dependent"
52,2331,"dependent"
50,2332,"dependent"
50,2333,"dependent"
50,2334,"dependent"
50,2335,"dependent"
52,2336,"dependent"
52,2337,"dependent"
50,2338,"dependent"
52,2339,"dependent"
50,2340,"dependent"
52,2341,"dependent"
52,2342,"dependent"
52,2343,"dependent"
50,2344,"dependent"
50,2345,"dependent"
52,2346,"dependent"
52,2347,"dependent"
52,2348,"dependent"
52,2349,"dependent"
50,2350,"dependent"
52,2351,"dependent"
52,2352,"dependent"
52,2353,"dependent"
50,2354,"dependent"
50,2355,"dependent"
48,2356,"dependent"
52,2357,"dependent"
48,2358,"dependent"
50,2359,"dependent"
52,2360,"dependent"
52,2361,"dependent"
46,2362,"dependent"
52,2363,"dependent"
52,2364,"dependent"
50,2365,"dependent"
52,2366,"dependent"
52,2367,"dependent"
50,2368,"dependent"
50,2369,"dependent"
52,2370,"dependent"
52,2371,"dependent"
52,2372,"dependent"
50,2373,"dependent"
52,2374,"dependent"
52,2375,"dependent"
52,2376,"dependent"
50,2377,"dependent"
50,2378,"dependent"
50,2379,"dependent"
50,2380,"dependent"
52,2381,"dependent"
52,2382,"dependent"
52,2383,"dependent"
48,2384,"dependent"
52,2385,"dependent"
52,2386,"dependent"
50,2387,"dependent"
50,2388,"dependent"
52,2389,"dependent"
50,2390,"dependent"
50,2391,"dependent"
52,2392,"dependent"
52,2393,"dependent"
52,2394,"dependent"
52,2395,"dependent"
50,2396,"dependent"
52,2397,"dependent"
50,2398,"dependent"
52,2399,"dependent"
48,2400,"dependent"
50,2401,"dependent"
52,2402,"dependent"
50,2403,"dependent"
50,2404,"dependent"
52,2405,"dependent"
50,2406,"dependent"
52,2407,"dependent"
52,2408,"dependent"
52,2409,"dependent"
50,2410,"dependent"
52,2411,"dependent"
52,2412,"dependent"
52,2413,"dependent"
52,2414,"dependent"
52,2415,"dependent"
52,2416,"dependent"
52,2417,"dependent"
50,2418,"dependent"
52,2419,"dependent"
46,2420,"dependent"
52,2421,"dependent"
52,2422,"dependent"
50,2423,"dependent"
52,2424,"dependent"
52,2425,"dependent"
46,2426,"dependent"
52,2427,"dependent"
52,2428,"dependent"
48,2429,"dependent"
52,2430,"dependent"
52,2431,"dependent"
50,2432,"dependent"
52,2433,"dependent"
52,2434,"dependent"
52,2435,"dependent"
50,2436,"dependent"
50,2437,"dependent"
52,2438,"dependent"
48,2439,"dependent"
52,2440,"dependent"
52,2441,"dependent"
52,2442,"dependent"
52,2443,"dependent"
50,2444,"dependent"
52,2445,"dependent"
52,2446,"dependent"
50,2447,"dependent"
50,2448,"dependent"
48,2449,"dependent"
50,2450,"dependent"
52,2451,"dependent"
52,2452,"dependent"
52,2453,"dependent"
52,2454,"dependent"
50,2455,"dependent"
50,2456,"dependent"
52,2457,"dependent"
52,2458,"dependent"
50,2459,"dependent"
52,2460,"dependent"
52,2461,"dependent"
52,2462,"dependent"
50,2463,"dependent"
52,2464,"dependent"
50,2465,"dependent"
52,2466,"dependent"
52,2467,"dependent"
52,2468,"dependent"
52,2469,"dependent"
52,2470,"dependent"
52,2471,"dependent"
52,2472,"dependent"
52,2473,"dependent"
52,2474,"dependent"
48,2475,"dependent"
50,2476,"dependent"
50,2477,"dependent"
52,2478,"dependent"
52,2479,"dependent"
52,2480,"dependent"
52,2481,"dependent"
52,2482,"dependent"
52,2483,"dependent"
50,2484,"dependent"
52,2485,"dependent"
50,2486,"dependent"
50,2487,"dependent"
52,2488,"dependent"
50,2489,"dependent"
52,2490,"dependent"
52,2491,"dependent"
52,2492,"dependent"
52,2493,"dependent"
50,2494,"dependent"
46,2495,"dependent"
50,2496,"dependent"
52,2497,"dependent"
50,2498,"dependent"
50,2499,"dependent"
52,2500,"dependent"
50,2501,"dependent"
48,2502,"dependent"
52,2503,"dependent"
50,2504,"dependent"
52,2505,"dependent"
52,2506,"dependent"
50,2507,"dependent"
52,2508,"dependent"
46,2509,"dependent"
50,2510,"dependent"
50,2511,"dependent"
48,2512,"dependent"
50,2513,"dependent"
50,2514,"dependent"
50,2515,"dependent"
52,2516,"dependent"
50,2517,"dependent"
52,2518,"dependent"
50,2519,"dependent"
50,2520,"dependent"
48,2521,"dependent"
52,2522,"dependent"
50,2523,"dependent"
50,2524,"dependent"
52,2525,"dependent"
50,2526,"dependent"
50,2527,"dependent"
50,2528,"dependent"
52,2529,"dependent"
52,2530,"dependent"
52,2531,"dependent"
52,2532,"dependent"
50,2533,"dependent"
50,2534,"dependent"
48,2535,"dependent"
52,2536,"dependent"
52,2537,"dependent"
52,2538,"dependent"
50,2539,"dependent"
50,2540,"dependent"
52,2541,"dependent"
52,2542,"dependent"
52,2543,"dependent"
50,2544,"dependent"
48,2545,"dependent"
52,2546,"dependent"
48,2547,"dependent"
48,2548,"dependent"
52,2549,"dependent"
52,2550,"dependent"
52,2551,"dependent"
50,2552,"dependent"
48,2553,"dependent"
50,2554,"dependent"
52,2555,"dependent"
52,2556,"dependent"
44,2557,"dependent"
50,2558,"dependent"
48,2559,"dependent"
52,2560,"dependent"
48,2561,"dependent"
48,2562,"dependent"
52,2563,"dependent"
52,2564,"dependent"
50,2565,"dependent"
50,2566,"dependent"
50,2567,"dependent"
52,2568,"dependent"
50,2569,"dependent"
52,2570,"dependent"
50,2571,"dependent"
48,2572,"dependent"
52,2573,"dependent"
50,2574,"dependent"
52,2575,"dependent"
50,2576,"dependent"
50,2577,"dependent"
50,2578,"dependent"
52,2579,"dependent"
52,2580,"dependent"
52,2581,"dependent"
50,2582,"dependent"
52,2583,"dependent"
52,2584,"dependent"
52,2585,"dependent"
50,2586,"dependent"
52,2587,"dependent"
52,2588,"dependent"
50,2589,"dependent"
50,2590,"dependent"
52,2591,"dependent"
52,2592,"dependent"
52,2593,"dependent"
52,2594,"dependent"
52,2595,"dependent"
50,2596,"dependent"
52,2597,"dependent"
50,2598,"dependent"
50,2599,"dependent"
52,2600,"dependent"
48,2601,"dependent"
52,2602,"dependent"
52,2603,"dependent"
50,2604,"dependent"
50,2605,"dependent"
52,2606,"dependent"
52,2607,"dependent"
52,2608,"dependent"
52,2609,"dependent"
52,2610,"dependent"
52,2611,"dependent"
50,2612,"dependent"
52,2613,"dependent"
52,2614,"dependent"
52,2615,"dependent"
50,2616,"dependent"
52,2617,"dependent"
52,2618,"dependent"
52,2619,"dependent"
48,2620,"dependent"
52,2621,"dependent"
52,2622,"dependent"
50,2623,"dependent"
48,2624,"dependent"
52,2625,"dependent"
50,2626,"dependent"
52,2627,"dependent"
50,2628,"dependent"
52,2629,"dependent"
52,2630,"dependent"
52,2631,"dependent"
52,2632,"dependent"
52,2633,"dependent"
50,2634,"dependent"
50,2635,"dependent"
50,2636,"dependent"
50,2637,"dependent"
52,2638,"dependent"
52,2639,"dependent"
52,2640,"dependent"
50,2641,"dependent"
52,2642,"dependent"
52,2643,"dependent"
50,2644,"dependent"
50,2645,"dependent"
50,2646,"dependent"
52,2647,"dependent"
52,2648,"dependent"
50,2649,"dependent"
52,2650,"dependent"
50,2651,"dependent"
52,2652,"dependent"
50,2653,"dependent"
50,2654,"dependent"
50,2655,"dependent"
50,2656,"dependent"
50,2657,"dependent"
52,2658,"dependent"
52,2659,"dependent"
52,2660,"dependent"
52,2661,"dependent"
52,2662,"dependent"
50,2663,"dependent"
50,2664,"dependent"
52,2665,"dependent"
52,2666,"dependent"
48,2667,"dependent"
52,2668,"dependent"
48,2669,"dependent"
50,2670,"dependent"
50,2671,"dependent"
52,2672,"dependent"
52,2673,"dependent"
52,2674,"dependent"
50,2675,"dependent"
48,2676,"dependent"
48,2677,"dependent"
50,2678,"dependent"
48,2679,"dependent"
52,2680,"dependent"
50,2681,"dependent"
50,2682,"dependent"
50,2683,"dependent"
52,2684,"dependent"
52,2685,"dependent"
50,2686,"dependent"
52,2687,"dependent"
48,2688,"dependent"
48,2689,"dependent"
50,2690,"dependent"
52,2691,"dependent"
48,2692,"dependent"
48,2693,"dependent"
52,2694,"dependent"
50,2695,"dependent"
50,2696,"dependent"
50,2697,"dependent"
52,2698,"dependent"
52,2699,"dependent"
52,2700,"dependent"
52,2701,"dependent"
52,2702,"dependent"
50,2703,"dependent"
50,2704,"dependent"
48,2705,"dependent"
50,2706,"dependent"
52,2707,"dependent"
52,2708,"dependent"
50,2709,"dependent"
48,2710,"dependent"
52,2711,"dependent"
50,2712,"dependent"
52,2713,"dependent"
52,2714,"dependent"
52,2715,"dependent"
52,2716,"dependent"
50,2717,"dependent"
50,2718,"dependent"
50,2719,"dependent"
52,2720,"dependent"
48,2721,"dependent"
52,2722,"dependent"
52,2723,"dependent"
52,2724,"dependent"
50,2725,"dependent"
48,2726,"dependent"
52,2727,"dependent"
50,2728,"dependent"
52,2729,"dependent"
50,2730,"dependent"
52,2731,"dependent"
46,2732,"dependent"
50,2733,"dependent"
52,2734,"dependent"
50,2735,"dependent"
50,2736,"dependent"
50,2737,"dependent"
46,2738,"dependent"
50,2739,"dependent"
52,2740,"dependent"
52,2741,"dependent"
52,2742,"dependent"
50,2743,"dependent"
50,2744,"dependent"
50,2745,"dependent"
48,2746,"dependent"
52,2747,"dependent"
50,2748,"dependent"
50,2749,"dependent"
50,2750,"dependent"
50,2751,"dependent"
52,2752,"dependent"
52,2753,"dependent"
52,2754,"dependent"
48,2755,"dependent"
50,2756,"dependent"
52,2757,"dependent"
50,2758,"dependent"
48,2759,"dependent"
52,2760,"dependent"
52,2761,"dependent"
52,2762,"dependent"
52,2763,"dependent"
52,2764,"dependent"
52,2765,"dependent"
50,2766,"dependent"
52,2767,"dependent"
52,2768,"dependent"
50,2769,"dependent"
52,2770,"dependent"
50,2771,"dependent"
52,2772,"dependent"
50,2773,"dependent"
50,2774,"dependent"
52,2775,"dependent"
48,2776,"dependent"
50,2777,"dependent"
50,2778,"dependent"
50,2779,"dependent"
50,2780,"dependent"
52,2781,"dependent"
52,2782,"dependent"
50,2783,"dependent"
52,2784,"dependent"
52,2785,"dependent"
50,2786,"dependent"
48,2787,"dependent"
52,2788,"dependent"
50,2789,"dependent"
52,2790,"dependent"
50,2791,"dependent"
52,2792,"dependent"
50,2793,"dependent"
52,2794,"dependent"
50,2795,"dependent"
52,2796,"dependent"
50,2797,"dependent"
52,2798,"dependent"
50,2799,"dependent"
50,2800,"dependent"
50,2801,"dependent"
50,2802,"dependent"
52,2803,"dependent"
50,2804,"dependent"
52,2805,"dependent"
48,2806,"dependent"
52,2807,"dependent"
52,2808,"dependent"
52,2809,"dependent"
50,2810,"dependent"
52,2811,"dependent"
52,2812,"dependent"
52,2813,"dependent"
52,2814,"dependent"
52,2815,"dependent"
48,2816,"dependent"
48,2817,"dependent"
50,2818,"dependent"
52,2819,"dependent"
52,2820,"dependent"
52,2821,"dependent"
52,2822,"dependent"
52,2823,"dependent"
48,2824,"dependent"
52,2825,"dependent"
52,2826,"dependent"
50,2827,"dependent"
52,2828,"dependent"
52,2829,"dependent"
52,2830,"dependent"
50,2831,"dependent"
50,2832,"dependent"
52,2833,"dependent"
50,2834,"dependent"
50,2835,"dependent"
52,2836,"dependent"
52,2837,"dependent"
50,2838,"dependent"
52,2839,"dependent"
50,2840,"dependent"
52,2841,"dependent"
52,2842,"dependent"
52,2843,"dependent"
52,2844,"dependent"
52,2845,"dependent"
52,2846,"dependent"
52,2847,"dependent"
52,2848,"dependent"
50,2849,"dependent"
50,2850,"dependent"
52,2851,"dependent"
50,2852,"dependent"
48,2853,"dependent"
52,2854,"dependent"
52,2855,"dependent"
52,2856,"dependent"
50,2857,"dependent"
50,2858,"dependent"
48,2859,"dependent"
52,2860,"dependent"
50,2861,"dependent"
50,2862,"dependent"
52,2863,"dependent"
52,2864,"dependent"
52,2865,"dependent"
52,2866,"dependent"
48,2867,"dependent"
52,2868,"dependent"
50,2869,"dependent"
52,2870,"dependent"
46,2871,"dependent"
48,2872,"dependent"
52,2873,"dependent"
52,2874,"dependent"
52,2875,"dependent"
50,2876,"dependent"
52,2877,"dependent"
52,2878,"dependent"
52,2879,"dependent"
52,2880,"dependent"
52,2881,"dependent"
52,2882,"dependent"
50,2883,"dependent"
52,2884,"dependent"
52,2885,"dependent"
52,2886,"dependent"
52,2887,"dependent"
52,2888,"dependent"
50,2889,"dependent"
52,2890,"dependent"
50,2891,"dependent"
52,2892,"dependent"
50,2893,"dependent"
50,2894,"dependent"
50,2895,"dependent"
52,2896,"dependent"
52,2897,"dependent"
52,2898,"dependent"
50,2899,"dependent"
52,2900,"dependent"
52,2901,"dependent"
50,2902,"dependent"
52,2903,"dependent"
52,2904,"dependent"
52,2905,"dependent"
52,2906,"dependent"
48,2907,"dependent"
52,2908,"dependent"
52,2909,"dependent"
50,2910,"dependent"
52,2911,"dependent"
48,2912,"dependent"
50,2913,"dependent"
52,2914,"dependent"
52,2915,"dependent"
52,2916,"dependent"
48,2917,"dependent"
50,2918,"dependent"
52,2919,"dependent"
52,2920,"dependent"
50,2921,"dependent"
52,2922,"dependent"
50,2923,"dependent"
52,2924,"dependent"
52,2925,"dependent"
52,2926,"dependent"
52,2927,"dependent"
50,2928,"dependent"
52,2929,"dependent"
50,2930,"dependent"
48,2931,"dependent"
50,2932,"dependent"
52,2933,"dependent"
50,2934,"dependent"
46,2935,"dependent"
52,2936,"dependent"
50,2937,"dependent"
50,2938,"dependent"
52,2939,"dependent"
52,2940,"dependent"
48,2941,"dependent"
50,2942,"dependent"
50,2943,"dependent"
52,2944,"dependent"
52,2945,"dependent"
44,2946,"dependent"
50,2947,"dependent"
52,2948,"dependent"
50,2949,"dependent"
52,2950,"dependent"
52,2951,"dependent"
52,2952,"dependent"
48,2953,"dependent"
48,2954,"dependent"
50,2955,"dependent"
50,2956,"dependent"
52,2957,"dependent"
48,2958,"dependent"
50,2959,"dependent"
50,2960,"dependent"
52,2961,"dependent"
50,2962,"dependent"
50,2963,"dependent"
48,2964,"dependent"
48,2965,"dependent"
52,2966,"dependent"
50,2967,"dependent"
50,2968,"dependent"
50,2969,"dependent"
52,2970,"dependent"
48,2971,"dependent"
52,2972,"dependent"
50,2973,"dependent"
50,2974,"dependent"
52,2975,"dependent"
50,2976,"dependent"
52,2977,"dependent"
48,2978,"dependent"
50,2979,"dependent"
52,2980,"dependent"
50,2981,"dependent"
52,2982,"dependent"
52,2983,"dependent"
50,2984,"dependent"
50,2985,"dependent"
50,2986,"dependent"
52,2987,"dependent"
52,2988,"dependent"
48,2989,"dependent"
52,2990,"dependent"
52,2991,"dependent"
48,2992,"dependent"
52,2993,"dependent"
48,2994,"dependent"
52,2995,"dependent"
52,2996,"dependent"
52,2997,"dependent"
50,2998,"dependent"
52,2999,"dependent"
52,3000,"dependent"
52,3001,"dependent"
52,3002,"dependent"
52,3003,"dependent"
50,3004,"dependent"
52,3005,"dependent"
52,3006,"dependent"
52,3007,"dependent"
52,3008,"dependent"
48,3009,"dependent"
52,3010,"dependent"
52,3011,"dependent"
52,3012,"dependent"
52,3013,"dependent"
52,3014,"dependent"
50,3015,"dependent"
50,3016,"dependent"
52,3017,"dependent"
50,3018,"dependent"
52,3019,"dependent"
50,3020,"dependent"
52,3021,"dependent"
50,3022,"dependent"
50,3023,"dependent"
52,3024,"dependent"
52,3025,"dependent"
50,3026,"dependent"
50,3027,"dependent"
52,3028,"dependent"
52,3029,"dependent"
52,3030,"dependent"
52,3031,"dependent"
52,3032,"dependent"
52,3033,"dependent"
52,3034,"dependent"
52,3035,"dependent"
52,3036,"dependent"
52,3037,"dependent"
52,3038,"dependent"
52,3039,"dependent"
50,3040,"dependent"
52,3041,"dependent"
50,3042,"dependent"
52,3043,"dependent"
50,3044,"dependent"
52,3045,"dependent"
52,3046,"dependent"
52,3047,"dependent"
52,3048,"dependent"
52,3049,"dependent"
52,3050,"dependent"
52,3051,"dependent"
50,3052,"dependent"
52,3053,"dependent"
50,3054,"dependent"
52,3055,"dependent"
52,3056,"dependent"
50,3057,"dependent"
52,3058,"dependent"
50,3059,"dependent"
50,3060,"dependent"
52,3061,"dependent"
52,3062,"dependent"
50,3063,"dependent"
50,3064,"dependent"
48,3065,"dependent"
52,3066,"dependent"
52,3067,"dependent"
52,3068,"dependent"
50,3069,"dependent"
48,3070,"dependent"
52,3071,"dependent"
52,3072,"dependent"
52,3073,"dependent"
50,3074,"dependent"
52,3075,"dependent"
52,3076,"dependent"
52,3077,"dependent"
52,3078,"dependent"
52,3079,"dependent"
48,3080,"dependent"
52,3081,"dependent"
50,3082,"dependent"
52,3083,"dependent"
50,3084,"dependent"
50,3085,"dependent"
48,3086,"dependent"
52,3087,"dependent"
52,3088,"dependent"
52,3089,"dependent"
52,3090,"dependent"
52,3091,"dependent"
50,3092,"dependent"
52,3093,"dependent"
50,3094,"dependent"
52,3095,"dependent"
52,3096,"dependent"
50,3097,"dependent"
52,3098,"dependent"
50,3099,"dependent"
52,3100,"dependent"
46,3101,"dependent"
52,3102,"dependent"
52,3103,"dependent"
52,3104,"dependent"
46,3105,"dependent"
50,3106,"dependent"
52,3107,"dependent"
50,3108,"dependent"
52,3109,"dependent"
52,3110,"dependent"
52,3111,"dependent"
48,3112,"dependent"
52,3113,"dependent"
52,3114,"dependent"
50,3115,"dependent"
52,3116,"dependent"
50,3117,"dependent"
52,3118,"dependent"
52,3119,"dependent"
52,3120,"dependent"
52,3121,"dependent"
48,3122,"dependent"
52,3123,"dependent"
50,3124,"dependent"
52,3125,"dependent"
50,3126,"dependent"
52,3127,"dependent"
48,3128,"dependent"
52,3129,"dependent"
50,3130,"dependent"
50,3131,"dependent"
50,3132,"dependent"
52,3133,"dependent"
50,3134,"dependent"
52,3135,"dependent"
52,3136,"dependent"
50,3137,"dependent"
52,3138,"dependent"
50,3139,"dependent"
52,3140,"dependent"
50,3141,"dependent"
50,3142,"dependent"
50,3143,"dependent"
52,3144,"dependent"
48,3145,"dependent"
52,3146,"dependent"
52,3147,"dependent"
52,3148,"dependent"
50,3149,"dependent"
50,3150,"dependent"
52,3151,"dependent"
52,3152,"dependent"
52,3153,"dependent"
50,3154,"dependent"
50,3155,"dependent"
50,3156,"dependent"
52,3157,"dependent"
52,3158,"dependent"
48,3159,"dependent"
52,3160,"dependent"
48,3161,"dependent"
50,3162,"dependent"
50,3163,"dependent"
50,3164,"dependent"
52,3165,"dependent"
48,3166,"dependent"
50,3167,"dependent"
52,3168,"dependent"
50,3169,"dependent"
52,3170,"dependent"
52,3171,"dependent"
48,3172,"dependent"
52,3173,"dependent"
50,3174,"dependent"
52,3175,"dependent"
52,3176,"dependent"
52,3177,"dependent"
52,3178,"dependent"
52,3179,"dependent"
52,3180,"dependent"
52,3181,"dependent"
50,3182,"dependent"
48,3183,"dependent"
52,3184,"dependent"
50,3185,"dependent"
52,3186,"dependent"
50,3187,"dependent"
52,3188,"dependent"
50,3189,"dependent"
52,3190,"dependent"
52,3191,"dependent"
48,3192,"dependent"
52,3193,"dependent"
52,3194,"dependent"
52,3195,"dependent"
50,3196,"dependent"
50,3197,"dependent"
50,3198,"dependent"
52,3199,"dependent"
50,3200,"dependent"
48,3201,"dependent"
52,3202,"dependent"
50,3203,"dependent"
50,3204,"dependent"
52,3205,"dependent"
50,3206,"dependent"
46,3207,"dependent"
48,3208,"dependent"
50,3209,"dependent"
52,3210,"dependent"
50,3211,"dependent"
52,3212,"dependent"
52,3213,"dependent"
50,3214,"dependent"
50,3215,"dependent"
52,3216,"dependent"
52,3217,"dependent"
52,3218,"dependent"
52,3219,"dependent"
52,3220,"dependent"
52,3221,"dependent"
52,3222,"dependent"
50,3223,"dependent"
52,3224,"dependent"
52,3225,"dependent"
52,3226,"dependent"
50,3227,"dependent"
52,3228,"dependent"
52,3229,"dependent"
52,3230,"dependent"
52,3231,"dependent"
52,3232,"dependent"
50,3233,"dependent"
50,3234,"dependent"
52,3235,"dependent"
52,3236,"dependent"
52,3237,"dependent"
52,3238,"dependent"
46,3239,"dependent"
50,3240,"dependent"
52,3241,"dependent"
50,3242,"dependent"
52,3243,"dependent"
52,3244,"dependent"
50,3245,"dependent"
52,3246,"dependent"
50,3247,"dependent"
50,3248,"dependent"
52,3249,"dependent"
52,3250,"dependent"
52,3251,"dependent"
50,3252,"dependent"
52,3253,"dependent"
52,3254,"dependent"
52,3255,"dependent"
52,3256,"dependent"
48,3257,"dependent"
48,3258,"dependent"
52,3259,"dependent"
52,3260,"dependent"
52,3261,"dependent"
52,3262,"dependent"
50,3263,"dependent"
52,3264,"dependent"
48,3265,"dependent"
52,3266,"dependent"
50,3267,"dependent"
50,3268,"dependent"
52,3269,"dependent"
50,3270,"dependent"
52,3271,"dependent"
50,3272,"dependent"
52,3273,"dependent"
52,3274,"dependent"
50,3275,"dependent"
52,3276,"dependent"
52,3277,"dependent"
52,3278,"dependent"
52,3279,"dependent"
52,3280,"dependent"
52,3281,"dependent"
50,3282,"dependent"
50,3283,"dependent"
52,3284,"dependent"
52,3285,"dependent"
48,3286,"dependent"
46,3287,"dependent"
52,3288,"dependent"
52,3289,"dependent"
50,3290,"dependent"
46,3291,"dependent"
50,3292,"dependent"
50,3293,"dependent"
50,3294,"dependent"
52,3295,"dependent"
50,3296,"dependent"
48,3297,"dependent"
50,3298,"dependent"
50,3299,"dependent"
52,3300,"dependent"
52,3301,"dependent"
52,3302,"dependent"
52,3303,"dependent"
52,3304,"dependent"
50,3305,"dependent"
50,3306,"dependent"
52,3307,"dependent"
52,3308,"dependent"
52,3309,"dependent"
52,3310,"dependent"
50,3311,"dependent"
50,3312,"dependent"
52,3313,"dependent"
50,3314,"dependent"
48,3315,"dependent"
52,3316,"dependent"
50,3317,"dependent"
50,3318,"dependent"
52,3319,"dependent"
52,3320,"dependent"
52,3321,"dependent"
50,3322,"dependent"
50,3323,"dependent"
50,3324,"dependent"
50,3325,"dependent"
52,3326,"dependent"
48,3327,"dependent"
52,3328,"dependent"
52,3329,"dependent"
52,3330,"dependent"
50,3331,"dependent"
52,3332,"dependent"
52,3333,"dependent"
50,3334,"dependent"
48,3335,"dependent"
48,3336,"dependent"
52,3337,"dependent"
52,3338,"dependent"
46,3339,"dependent"
50,3340,"dependent"
50,3341,"dependent"
50,3342,"dependent"
50,3343,"dependent"
52,3344,"dependent"
50,3345,"dependent"
52,3346,"dependent"
52,3347,"dependent"
50,3348,"dependent"
52,3349,"dependent"
52,3350,"dependent"
52,3351,"dependent"
50,3352,"dependent"
52,3353,"dependent"
52,3354,"dependent"
52,3355,"dependent"
46,3356,"dependent"
48,3357,"dependent"
50,3358,"dependent"
52,3359,"dependent"
48,3360,"dependent"
52,3361,"dependent"
50,3362,"dependent"
52,3363,"dependent"
52,3364,"dependent"
52,3365,"dependent"
52,3366,"dependent"
50,3367,"dependent"
50,3368,"dependent"
50,3369,"dependent"
52,3370,"dependent"
52,3371,"dependent"
50,3372,"dependent"
52,3373,"dependent"
52,3374,"dependent"
52,3375,"dependent"
48,3376,"dependent"
48,3377,"dependent"
52,3378,"dependent"
48,3379,"dependent"
52,3380,"dependent"
52,3381,"dependent"
52,3382,"dependent"
50,3383,"dependent"
52,3384,"dependent"
52,3385,"dependent"
50,3386,"dependent"
50,3387,"dependent"
52,3388,"dependent"
52,3389,"dependent"
52,3390,"dependent"
50,3391,"dependent"
50,3392,"dependent"
50,3393,"dependent"
52,3394,"dependent"
52,3395,"dependent"
52,3396,"dependent"
52,3397,"dependent"
52,3398,"dependent"
50,3399,"dependent"
52,3400,"dependent"
50,3401,"dependent"
52,3402,"dependent"
50,3403,"dependent"
50,3404,"dependent"
50,3405,"dependent"
52,3406,"dependent"
52,3407,"dependent"
52,3408,"dependent"
52,3409,"dependent"
50,3410,"dependent"
52,3411,"dependent"
52,3412,"dependent"
50,3413,"dependent"
52,3414,"dependent"
46,3415,"dependent"
46,3416,"dependent"
52,3417,"dependent"
50,3418,"dependent"
52,3419,"dependent"
52,3420,"dependent"
46,3421,"dependent"
50,3422,"dependent"
52,3423,"dependent"
52,3424,"dependent"
52,3425,"dependent"
52,3426,"dependent"
52,3427,"dependent"
50,3428,"dependent"
52,3429,"dependent"
50,3430,"dependent"
52,3431,"dependent"
52,3432,"dependent"
52,3433,"dependent"
52,3434,"dependent"
48,3435,"dependent"
50,3436,"dependent"
52,3437,"dependent"
50,3438,"dependent"
52,3439,"dependent"
52,3440,"dependent"
52,3441,"dependent"
52,3442,"dependent"
50,3443,"dependent"
52,3444,"dependent"
48,3445,"dependent"
52,3446,"dependent"
52,3447,"dependent"
50,3448,"dependent"
52,3449,"dependent"
50,3450,"dependent"
48,3451,"dependent"
50,3452,"dependent"
50,3453,"dependent"
48,3454,"dependent"
50,3455,"dependent"
50,3456,"dependent"
50,3457,"dependent"
48,3458,"dependent"
48,3459,"dependent"
52,3460,"dependent"
52,3461,"dependent"
50,3462,"dependent"
46,3463,"dependent"
52,3464,"dependent"
52,3465,"dependent"
50,3466,"dependent"
52,3467,"dependent"
48,3468,"dependent"
48,3469,"dependent"
52,3470,"dependent"
50,3471,"dependent"
50,3472,"dependent"
50,3473,"dependent"
52,3474,"dependent"
52,3475,"dependent"
52,3476,"dependent"
52,3477,"dependent"
52,3478,"dependent"
50,3479,"dependent"
50,3480,"dependent"
50,3481,"dependent"
52,3482,"dependent"
52,3483,"dependent"
52,3484,"dependent"
50,3485,"dependent"
52,3486,"dependent"
50,3487,"dependent"
50,3488,"dependent"
46,3489,"dependent"
52,3490,"dependent"
52,3491,"dependent"
52,3492,"dependent"
50,3493,"dependent"
52,3494,"dependent"
48,3495,"dependent"
50,3496,"dependent"
52,3497,"dependent"
52,3498,"dependent"
52,3499,"dependent"
46,3500,"dependent"
52,3501,"dependent"
52,3502,"dependent"
48,3503,"dependent"
52,3504,"dependent"
48,3505,"dependent"
50,3506,"dependent"
52,3507,"dependent"
52,3508,"dependent"
52,3509,"dependent"
52,3510,"dependent"
52,3511,"dependent"
52,3512,"dependent"
48,3513,"dependent"
50,3514,"dependent"
52,3515,"dependent"
52,3516,"dependent"
52,3517,"dependent"
50,3518,"dependent"
48,3519,"dependent"
52,3520,"dependent"
50,3521,"dependent"
48,3522,"dependent"
52,3523,"dependent"
50,3524,"dependent"
52,3525,"dependent"
52,3526,"dependent"
52,3527,"dependent"
52,3528,"dependent"
52,3529,"dependent"
50,3530,"dependent"
46,3531,"dependent"
52,3532,"dependent"
52,3533,"dependent"
52,3534,"dependent"
52,3535,"dependent"
50,3536,"dependent"
50,3537,"dependent"
50,3538,"dependent"
52,3539,"dependent"
52,3540,"dependent"
52,3541,"dependent"
52,3542,"dependent"
50,3543,"dependent"
46,3544,"dependent"
52,3545,"dependent"
50,3546,"dependent"
50,3547,"dependent"
48,3548,"dependent"
52,3549,"dependent"
48,3550,"dependent"
52,3551,"dependent"
52,3552,"dependent"
52,3553,"dependent"
52,3554,"dependent"
52,3555,"dependent"
52,3556,"dependent"
50,3557,"dependent"
52,3558,"dependent"
52,3559,"dependent"
48,3560,"dependent"
52,3561,"dependent"
50,3562,"dependent"
52,3563,"dependent"
52,3564,"dependent"
52,3565,"dependent"
52,3566,"dependent"
52,3567,"dependent"
50,3568,"dependent"
50,3569,"dependent"
50,3570,"dependent"
52,3571,"dependent"
52,3572,"dependent"
52,3573,"dependent"
50,3574,"dependent"
52,3575,"dependent"
52,3576,"dependent"
52,3577,"dependent"
52,3578,"dependent"
52,3579,"dependent"
50,3580,"dependent"
52,3581,"dependent"
52,3582,"dependent"
48,3583,"dependent"
52,3584,"dependent"
52,3585,"dependent"
52,3586,"dependent"
46,3587,"dependent"
52,3588,"dependent"
52,3589,"dependent"
50,3590,"dependent"
52,3591,"dependent"
52,3592,"dependent"
50,3593,"dependent"
50,3594,"dependent"
50,3595,"dependent"
52,3596,"dependent"
50,3597,"dependent"
52,3598,"dependent"
52,3599,"dependent"
52,3600,"dependent"
50,3601,"dependent"
50,3602,"dependent"
52,3603,"dependent"
50,3604,"dependent"
50,3605,"dependent"
52,3606,"dependent"
52,3607,"dependent"
48,3608,"dependent"
52,3609,"dependent"
50,3610,"dependent"
52,3611,"dependent"
50,3612,"dependent"
50,3613,"dependent"
52,3614,"dependent"
52,3615,"dependent"
48,3616,"dependent"
52,3617,"dependent"
52,3618,"dependent"
52,3619,"dependent"
50,3620,"dependent"
52,3621,"dependent"
50,3622,"dependent"
52,3623,"dependent"
52,3624,"dependent"
50,3625,"dependent"
50,3626,"dependent"
52,3627,"dependent"
52,3628,"dependent"
52,3629,"dependent"
50,3630,"dependent"
50,3631,"dependent"
50,3632,"dependent"
52,3633,"dependent"
50,3634,"dependent"
52,3635,"dependent"
50,3636,"dependent"
52,3637,"dependent"
48,3638,"dependent"
52,3639,"dependent"
50,3640,"dependent"
52,3641,"dependent"
50,3642,"dependent"
52,3643,"dependent"
50,3644,"dependent"
52,3645,"dependent"
52,3646,"dependent"
50,3647,"dependent"
50,3648,"dependent"
52,3649,"dependent"
48,3650,"dependent"
52,3651,"dependent"
50,3652,"dependent"
48,3653,"dependent"
52,3654,"dependent"
50,3655,"dependent"
48,3656,"dependent"
50,3657,"dependent"
50,3658,"dependent"
52,3659,"dependent"
50,3660,"dependent"
52,3661,"dependent"
48,3662,"dependent"
48,3663,"dependent"
52,3664,"dependent"
48,3665,"dependent"
50,3666,"dependent"
52,3667,"dependent"
52,3668,"dependent"
52,3669,"dependent"
52,3670,"dependent"
48,3671,"dependent"
52,3672,"dependent"
52,3673,"dependent"
52,3674,"dependent"
52,3675,"dependent"
52,3676,"dependent"
52,3677,"dependent"
52,3678,"dependent"
52,3679,"dependent"
50,3680,"dependent"
52,3681,"dependent"
52,3682,"dependent"
50,3683,"dependent"
52,3684,"dependent"
52,3685,"dependent"
50,3686,"dependent"
52,3687,"dependent"
48,3688,"dependent"
52,3689,"dependent"
50,3690,"dependent"
50,3691,"dependent"
52,3692,"dependent"
52,3693,"dependent"
52,3694,"dependent"
52,3695,"dependent"
50,3696,"dependent"
52,3697,"dependent"
50,3698,"dependent"
50,3699,"dependent"
52,3700,"dependent"
52,3701,"dependent"
50,3702,"dependent"
50,3703,"dependent"
52,3704,"dependent"
52,3705,"dependent"
52,3706,"dependent"
52,3707,"dependent"
52,3708,"dependent"
50,3709,"dependent"
50,3710,"dependent"
52,3711,"dependent"
48,3712,"dependent"
52,3713,"dependent"
48,3714,"dependent"
52,3715,"dependent"
52,3716,"dependent"
50,3717,"dependent"
52,3718,"dependent"
52,3719,"dependent"
50,3720,"dependent"
50,3721,"dependent"
50,3722,"dependent"
50,3723,"dependent"
52,3724,"dependent"
50,3725,"dependent"
52,3726,"dependent"
52,3727,"dependent"
48,3728,"dependent"
52,3729,"dependent"
50,3730,"dependent"
52,3731,"dependent"
50,3732,"dependent"
52,3733,"dependent"
52,3734,"dependent"
50,3735,"dependent"
52,3736,"dependent"
52,3737,"dependent"
50,3738,"dependent"
50,3739,"dependent"
52,3740,"dependent"
52,3741,"dependent"
50,3742,"dependent"
52,3743,"dependent"
52,3744,"dependent"
52,3745,"dependent"
52,3746,"dependent"
48,3747,"dependent"
52,3748,"dependent"
48,3749,"dependent"
50,3750,"dependent"
52,3751,"dependent"
50,3752,"dependent"
50,3753,"dependent"
48,3754,"dependent"
48,3755,"dependent"
50,3756,"dependent"
52,3757,"dependent"
52,3758,"dependent"
50,3759,"dependent"
52,3760,"dependent"
50,3761,"dependent"
50,3762,"dependent"
50,3763,"dependent"
50,3764,"dependent"
52,3765,"dependent"
52,3766,"dependent"
52,3767,"dependent"
52,3768,"dependent"
48,3769,"dependent"
50,3770,"dependent"
52,3771,"dependent"
52,3772,"dependent"
46,3773,"dependent"
50,3774,"dependent"
50,3775,"dependent"
48,3776,"dependent"
52,3777,"dependent"
52,3778,"dependent"
52,3779,"dependent"
50,3780,"dependent"
52,3781,"dependent"
52,3782,"dependent"
52,3783,"dependent"
50,3784,"dependent"
52,3785,"dependent"
52,3786,"dependent"
52,3787,"dependent"
52,3788,"dependent"
52,3789,"dependent"
50,3790,"dependent"
52,3791,"dependent"
52,3792,"dependent"
50,3793,"dependent"
50,3794,"dependent"
52,3795,"dependent"
52,3796,"dependent"
52,3797,"dependent"
52,3798,"dependent"
52,3799,"dependent"
50,3800,"dependent"
50,3801,"dependent"
50,3802,"dependent"
52,3803,"dependent"
52,3804,"dependent"
50,3805,"dependent"
48,3806,"dependent"
52,3807,"dependent"
52,3808,"dependent"
52,3809,"dependent"
52,3810,"dependent"
50,3811,"dependent"
52,3812,"dependent"
52,3813,"dependent"
52,3814,"dependent"
52,3815,"dependent"
48,3816,"dependent"
52,3817,"dependent"
52,3818,"dependent"
50,3819,"dependent"
50,3820,"dependent"
52,3821,"dependent"
52,3822,"dependent"
52,3823,"dependent"
52,3824,"dependent"
48,3825,"dependent"
50,3826,"dependent"
48,3827,"dependent"
50,3828,"dependent"
48,3829,"dependent"
52,3830,"dependent"
52,3831,"dependent"
50,3832,"dependent"
50,3833,"dependent"
52,3834,"dependent"
52,3835,"dependent"
52,3836,"dependent"
52,3837,"dependent"
52,3838,"dependent"
50,3839,"dependent"
52,3840,"dependent"
50,3841,"dependent"
52,3842,"dependent"
50,3843,"dependent"
52,3844,"dependent"
50,3845,"dependent"
52,3846,"dependent"
48,3847,"dependent"
50,3848,"dependent"
48,3849,"dependent"
48,3850,"dependent"
52,3851,"dependent"
50,3852,"dependent"
52,3853,"dependent"
52,3854,"dependent"
52,3855,"dependent"
52,3856,"dependent"
50,3857,"dependent"
50,3858,"dependent"
52,3859,"dependent"
52,3860,"dependent"
52,3861,"dependent"
50,3862,"dependent"
50,3863,"dependent"
52,3864,"dependent"
52,3865,"dependent"
50,3866,"dependent"
52,3867,"dependent"
48,3868,"dependent"
52,3869,"dependent"
48,3870,"dependent"
52,3871,"dependent"
52,3872,"dependent"
50,3873,"dependent"
52,3874,"dependent"
50,3875,"dependent"
52,3876,"dependent"
52,3877,"dependent"
52,3878,"dependent"
52,3879,"dependent"
52,3880,"dependent"
52,3881,"dependent"
52,3882,"dependent"
48,3883,"dependent"
50,3884,"dependent"
48,3885,"dependent"
52,3886,"dependent"
52,3887,"dependent"
48,3888,"dependent"
52,3889,"dependent"
48,3890,"dependent"
50,3891,"dependent"
48,3892,"dependent"
46,3893,"dependent"
50,3894,"dependent"
50,3895,"dependent"
50,3896,"dependent"
50,3897,"dependent"
50,3898,"dependent"
52,3899,"dependent"
52,3900,"dependent"
50,3901,"dependent"
50,3902,"dependent"
52,3903,"dependent"
52,3904,"dependent"
52,3905,"dependent"
50,3906,"dependent"
50,3907,"dependent"
46,3908,"dependent"
50,3909,"dependent"
46,3910,"dependent"
52,3911,"dependent"
50,3912,"dependent"
52,3913,"dependent"
50,3914,"dependent"
52,3915,"dependent"
52,3916,"dependent"
50,3917,"dependent"
50,3918,"dependent"
50,3919,"dependent"
52,3920,"dependent"
52,3921,"dependent"
52,3922,"dependent"
52,3923,"dependent"
50,3924,"dependent"
52,3925,"dependent"
52,3926,"dependent"
50,3927,"dependent"
50,3928,"dependent"
52,3929,"dependent"
52,3930,"dependent"
52,3931,"dependent"
52,3932,"dependent"
52,3933,"dependent"
52,3934,"dependent"
52,3935,"dependent"
52,3936,"dependent"
52,3937,"dependent"
52,3938,"dependent"
52,3939,"dependent"
50,3940,"dependent"
52,3941,"dependent"
48,3942,"dependent"
52,3943,"dependent"
52,3944,"dependent"
52,3945,"dependent"
50,3946,"dependent"
50,3947,"dependent"
50,3948,"dependent"
50,3949,"dependent"
52,3950,"dependent"
52,3951,"dependent"
50,3952,"dependent"
52,3953,"dependent"
50,3954,"dependent"
52,3955,"dependent"
52,3956,"dependent"
52,3957,"dependent"
52,3958,"dependent"
52,3959,"dependent"
52,3960,"dependent"
52,3961,"dependent"
52,3962,"dependent"
52,3963,"dependent"
52,3964,"dependent"
52,3965,"dependent"
52,3966,"dependent"
50,3967,"dependent"
50,3968,"dependent"
52,3969,"dependent"
48,3970,"dependent"
50,3971,"dependent"
52,3972,"dependent"
50,3973,"dependent"
52,3974,"dependent"
50,3975,"dependent"
48,3976,"dependent"
52,3977,"dependent"
52,3978,"dependent"
52,3979,"dependent"
52,3980,"dependent"
52,3981,"dependent"
52,3982,"dependent"
50,3983,"dependent"
52,3984,"dependent"
52,3985,"dependent"
52,3986,"dependent"
52,3987,"dependent"
52,3988,"dependent"
52,3989,"dependent"
50,3990,"dependent"
52,3991,"dependent"
44,3992,"dependent"
52,3993,"dependent"
50,3994,"dependent"
52,3995,"dependent"
52,3996,"dependent"
48,3997,"dependent"
52,3998,"dependent"
50,3999,"dependent"
50,4000,"dependent"
50,4001,"dependent"
46,4002,"dependent"
52,4003,"dependent"
52,4004,"dependent"
52,4005,"dependent"
52,4006,"dependent"
50,4007,"dependent"
52,4008,"dependent"
52,4009,"dependent"
52,4010,"dependent"
48,4011,"dependent"
52,4012,"dependent"
48,4013,"dependent"
52,4014,"dependent"
52,4015,"dependent"
52,4016,"dependent"
50,4017,"dependent"
52,4018,"dependent"
52,4019,"dependent"
52,4020,"dependent"
50,4021,"dependent"
48,4022,"dependent"
50,4023,"dependent"
52,4024,"dependent"
52,4025,"dependent"
52,4026,"dependent"
50,4027,"dependent"
50,4028,"dependent"
52,4029,"dependent"
52,4030,"dependent"
52,4031,"dependent"
50,4032,"dependent"
52,4033,"dependent"
52,4034,"dependent"
50,4035,"dependent"
50,4036,"dependent"
52,4037,"dependent"
52,4038,"dependent"
52,4039,"dependent"
52,4040,"dependent"
52,4041,"dependent"
52,4042,"dependent"
52,4043,"dependent"
52,4044,"dependent"
50,4045,"dependent"
50,4046,"dependent"
48,4047,"dependent"
52,4048,"dependent"
50,4049,"dependent"
52,4050,"dependent"
50,4051,"dependent"
50,4052,"dependent"
52,4053,"dependent"
52,4054,"dependent"
48,4055,"dependent"
52,4056,"dependent"
52,4057,"dependent"
50,4058,"dependent"
52,4059,"dependent"
50,4060,"dependent"
52,4061,"dependent"
52,4062,"dependent"
52,4063,"dependent"
52,4064,"dependent"
52,4065,"dependent"
52,4066,"dependent"
50,4067,"dependent"
48,4068,"dependent"
52,4069,"dependent"
52,4070,"dependent"
52,4071,"dependent"
52,4072,"dependent"
50,4073,"dependent"
52,4074,"dependent"
52,4075,"dependent"
52,4076,"dependent"
52,4077,"dependent"
48,4078,"dependent"
48,4079,"dependent"
52,4080,"dependent"
52,4081,"dependent"
48,4082,"dependent"
52,4083,"dependent"
52,4084,"dependent"
50,4085,"dependent"
50,4086,"dependent"
48,4087,"dependent"
50,4088,"dependent"
48,4089,"dependent"
52,4090,"dependent"
48,4091,"dependent"
50,4092,"dependent"
52,4093,"dependent"
48,4094,"dependent"
52,4095,"dependent"
50,4096,"dependent"
50,4097,"dependent"
50,4098,"dependent"
48,4099,"dependent"
52,4100,"dependent"
50,4101,"dependent"
52,4102,"dependent"
52,4103,"dependent"
52,4104,"dependent"
52,4105,"dependent"
50,4106,"dependent"
52,4107,"dependent"
48,4108,"dependent"
52,4109,"dependent"
50,4110,"dependent"
50,4111,"dependent"
50,4112,"dependent"
52,4113,"dependent"
50,4114,"dependent"
48,4115,"dependent"
50,4116,"dependent"
52,4117,"dependent"
50,4118,"dependent"
48,4119,"dependent"
50,4120,"dependent"
48,4121,"dependent"
50,4122,"dependent"
48,4123,"dependent"
52,4124,"dependent"
50,4125,"dependent"
50,4126,"dependent"
50,4127,"dependent"
52,4128,"dependent"
50,4129,"dependent"
52,4130,"dependent"
50,4131,"dependent"
52,4132,"dependent"
50,4133,"dependent"
52,4134,"dependent"
52,4135,"dependent"
50,4136,"dependent"
50,4137,"dependent"
48,4138,"dependent"
44,4139,"dependent"
48,4140,"dependent"
52,4141,"dependent"
50,4142,"dependent"
52,4143,"dependent"
48,4144,"dependent"
52,4145,"dependent"
50,4146,"dependent"
52,4147,"dependent"
52,4148,"dependent"
52,4149,"dependent"
52,4150,"dependent"
50,4151,"dependent"
52,4152,"dependent"
48,4153,"dependent"
50,4154,"dependent"
52,4155,"dependent"
50,4156,"dependent"
52,4157,"dependent"
52,4158,"dependent"
50,4159,"dependent"
50,4160,"dependent"
52,4161,"dependent"
52,4162,"dependent"
52,4163,"dependent"
52,4164,"dependent"
48,4165,"dependent"
52,4166,"dependent"
52,4167,"dependent"
50,4168,"dependent"
46,4169,"dependent"
50,4170,"dependent"
52,4171,"dependent"
50,4172,"dependent"
50,4173,"dependent"
52,4174,"dependent"
52,4175,"dependent"
52,4176,"dependent"
52,4177,"dependent"
52,4178,"dependent"
50,4179,"dependent"
50,4180,"dependent"
48,4181,"dependent"
52,4182,"dependent"
50,4183,"dependent"
50,4184,"dependent"
50,4185,"dependent"
52,4186,"dependent"
52,4187,"dependent"
52,4188,"dependent"
50,4189,"dependent"
50,4190,"dependent"
50,4191,"dependent"
52,4192,"dependent"
50,4193,"dependent"
52,4194,"dependent"
52,4195,"dependent"
50,4196,"dependent"
52,4197,"dependent"
48,4198,"dependent"
50,4199,"dependent"
52,4200,"dependent"
52,4201,"dependent"
48,4202,"dependent"
52,4203,"dependent"
50,4204,"dependent"
52,4205,"dependent"
52,4206,"dependent"
52,4207,"dependent"
50,4208,"dependent"
50,4209,"dependent"
52,4210,"dependent"
52,4211,"dependent"
50,4212,"dependent"
52,4213,"dependent"
50,4214,"dependent"
52,4215,"dependent"
48,4216,"dependent"
50,4217,"dependent"
48,4218,"dependent"
52,4219,"dependent"
50,4220,"dependent"
52,4221,"dependent"
48,4222,"dependent"
52,4223,"dependent"
52,4224,"dependent"
52,4225,"dependent"
50,4226,"dependent"
52,4227,"dependent"
52,4228,"dependent"
52,4229,"dependent"
52,4230,"dependent"
50,4231,"dependent"
52,4232,"dependent"
48,4233,"dependent"
52,4234,"dependent"
52,4235,"dependent"
52,4236,"dependent"
48,4237,"dependent"
50,4238,"dependent"
52,4239,"dependent"
46,4240,"dependent"
52,4241,"dependent"
48,4242,"dependent"
52,4243,"dependent"
52,4244,"dependent"
52,4245,"dependent"
52,4246,"dependent"
50,4247,"dependent"
50,4248,"dependent"
52,4249,"dependent"
52,4250,"dependent"
52,4251,"dependent"
50,4252,"dependent"
52,4253,"dependent"
48,4254,"dependent"
50,4255,"dependent"
48,4256,"dependent"
48,4257,"dependent"
52,4258,"dependent"
52,4259,"dependent"
52,4260,"dependent"
52,4261,"dependent"
52,4262,"dependent"
50,4263,"dependent"
52,4264,"dependent"
52,4265,"dependent"
52,4266,"dependent"
52,4267,"dependent"
52,4268,"dependent"
52,4269,"dependent"
52,4270,"dependent"
52,4271,"dependent"
52,4272,"dependent"
52,4273,"dependent"
52,4274,"dependent"
52,4275,"dependent"
52,4276,"dependent"
50,4277,"dependent"
50,4278,"dependent"
50,4279,"dependent"
50,4280,"dependent"
52,4281,"dependent"
52,4282,"dependent"
50,4283,"dependent"
52,4284,"dependent"
52,4285,"dependent"
52,4286,"dependent"
52,4287,"dependent"
52,4288,"dependent"
52,4289,"dependent"
50,4290,"dependent"
52,4291,"dependent"
52,4292,"dependent"
48,4293,"dependent"
50,4294,"dependent"
52,4295,"dependent"
52,4296,"dependent"
52,4297,"dependent"
50,4298,"dependent"
50,4299,"dependent"
52,4300,"dependent"
52,4301,"dependent"
50,4302,"dependent"
52,4303,"dependent"
48,4304,"dependent"
46,4305,"dependent"
50,4306,"dependent"
52,4307,"dependent"
48,4308,"dependent"
50,4309,"dependent"
52,4310,"dependent"
50,4311,"dependent"
50,4312,"dependent"
50,4313,"dependent"
52,4314,"dependent"
50,4315,"dependent"
48,4316,"dependent"
52,4317,"dependent"
50,4318,"dependent"
52,4319,"dependent"
52,4320,"dependent"
48,4321,"dependent"
52,4322,"dependent"
48,4323,"dependent"
52,4324,"dependent"
50,4325,"dependent"
52,4326,"dependent"
50,4327,"dependent"
52,4328,"dependent"
46,4329,"dependent"
50,4330,"dependent"
46,4331,"dependent"
52,4332,"dependent"
50,4333,"dependent"
52,4334,"dependent"
52,4335,"dependent"
50,4336,"dependent"
50,4337,"dependent"
48,4338,"dependent"
52,4339,"dependent"
50,4340,"dependent"
50,4341,"dependent"
48,4342,"dependent"
52,4343,"dependent"
50,4344,"dependent"
50,4345,"dependent"
52,4346,"dependent"
52,4347,"dependent"
52,4348,"dependent"
52,4349,"dependent"
50,4350,"dependent"
52,4351,"dependent"
52,4352,"dependent"
52,4353,"dependent"
50,4354,"dependent"
52,4355,"dependent"
48,4356,"dependent"
52,4357,"dependent"
50,4358,"dependent"
50,4359,"dependent"
50,4360,"dependent"
52,4361,"dependent"
50,4362,"dependent"
52,4363,"dependent"
50,4364,"dependent"
52,4365,"dependent"
52,4366,"dependent"
50,4367,"dependent"
50,4368,"dependent"
52,4369,"dependent"
48,4370,"dependent"
52,4371,"dependent"
52,4372,"dependent"
52,4373,"dependent"
52,4374,"dependent"
52,4375,"dependent"
52,4376,"dependent"
50,4377,"dependent"
52,4378,"dependent"
52,4379,"dependent"
48,4380,"dependent"
48,4381,"dependent"
52,4382,"dependent"
50,4383,"dependent"
52,4384,"dependent"
52,4385,"dependent"
52,4386,"dependent"
50,4387,"dependent"
50,4388,"dependent"
50,4389,"dependent"
52,4390,"dependent"
52,4391,"dependent"
52,4392,"dependent"
52,4393,"dependent"
46,4394,"dependent"
52,4395,"dependent"
50,4396,"dependent"
50,4397,"dependent"
52,4398,"dependent"
52,4399,"dependent"
50,4400,"dependent"
48,4401,"dependent"
52,4402,"dependent"
52,4403,"dependent"
52,4404,"dependent"
52,4405,"dependent"
48,4406,"dependent"
52,4407,"dependent"
52,4408,"dependent"
52,4409,"dependent"
52,4410,"dependent"
52,4411,"dependent"
50,4412,"dependent"
50,4413,"dependent"
50,4414,"dependent"
50,4415,"dependent"
50,4416,"dependent"
52,4417,"dependent"
50,4418,"dependent"
52,4419,"dependent"
50,4420,"dependent"
52,4421,"dependent"
46,4422,"dependent"
52,4423,"dependent"
50,4424,"dependent"
50,4425,"dependent"
52,4426,"dependent"
52,4427,"dependent"
50,4428,"dependent"
52,4429,"dependent"
52,4430,"dependent"
48,4431,"dependent"
50,4432,"dependent"
52,4433,"dependent"
50,4434,"dependent"
52,4435,"dependent"
50,4436,"dependent"
52,4437,"dependent"
52,4438,"dependent"
50,4439,"dependent"
52,4440,"dependent"
52,4441,"dependent"
52,4442,"dependent"
50,4443,"dependent"
44,4444,"dependent"
52,4445,"dependent"
50,4446,"dependent"
48,4447,"dependent"
52,4448,"dependent"
48,4449,"dependent"
52,4450,"dependent"
50,4451,"dependent"
52,4452,"dependent"
52,4453,"dependent"
52,4454,"dependent"
52,4455,"dependent"
52,4456,"dependent"
52,4457,"dependent"
52,4458,"dependent"
52,4459,"dependent"
50,4460,"dependent"
52,4461,"dependent"
50,4462,"dependent"
48,4463,"dependent"
50,4464,"dependent"
52,4465,"dependent"
52,4466,"dependent"
50,4467,"dependent"
52,4468,"dependent"
52,4469,"dependent"
52,4470,"dependent"
50,4471,"dependent"
52,4472,"dependent"
50,4473,"dependent"
50,4474,"dependent"
52,4475,"dependent"
50,4476,"dependent"
52,4477,"dependent"
50,4478,"dependent"
50,4479,"dependent"
50,4480,"dependent"
52,4481,"dependent"
50,4482,"dependent"
50,4483,"dependent"
52,4484,"dependent"
50,4485,"dependent"
52,4486,"dependent"
50,4487,"dependent"
50,4488,"dependent"
52,4489,"dependent"
52,4490,"dependent"
50,4491,"dependent"
52,4492,"dependent"
52,4493,"dependent"
52,4494,"dependent"
50,4495,"dependent"
52,4496,"dependent"
52,4497,"dependent"
52,4498,"dependent"
52,4499,"dependent"
52,4500,"dependent"
52,4501,"dependent"
52,4502,"dependent"
48,4503,"dependent"
50,4504,"dependent"
52,4505,"dependent"
52,4506,"dependent"
52,4507,"dependent"
52,4508,"dependent"
50,4509,"dependent"
52,4510,"dependent"
52,4511,"dependent"
48,4512,"dependent"
52,4513,"dependent"
52,4514,"dependent"
50,4515,"dependent"
52,4516,"dependent"
52,4517,"dependent"
52,4518,"dependent"
50,4519,"dependent"
52,4520,"dependent"
50,4521,"dependent"
52,4522,"dependent"
52,4523,"dependent"
50,4524,"dependent"
50,4525,"dependent"
52,4526,"dependent"
52,4527,"dependent"
50,4528,"dependent"
52,4529,"dependent"
50,4530,"dependent"
50,4531,"dependent"
50,4532,"dependent"
50,4533,"dependent"
52,4534,"dependent"
50,4535,"dependent"
52,4536,"dependent"
52,4537,"dependent"
50,4538,"dependent"
50,4539,"dependent"
50,4540,"dependent"
50,4541,"dependent"
48,4542,"dependent"
52,4543,"dependent"
44,4544,"dependent"
48,4545,"dependent"
50,4546,"dependent"
50,4547,"dependent"
50,4548,"dependent"
50,4549,"dependent"
52,4550,"dependent"
52,4551,"dependent"
52,4552,"dependent"
52,4553,"dependent"
52,4554,"dependent"
52,4555,"dependent"
52,4556,"dependent"
52,4557,"dependent"
52,4558,"dependent"
46,4559,"dependent"
50,4560,"dependent"
52,4561,"dependent"
50,4562,"dependent"
48,4563,"dependent"
48,4564,"dependent"
50,4565,"dependent"
52,4566,"dependent"
52,4567,"dependent"
52,4568,"dependent"
52,4569,"dependent"
52,4570,"dependent"
50,4571,"dependent"
50,4572,"dependent"
48,4573,"dependent"
50,4574,"dependent"
50,4575,"dependent"
52,4576,"dependent"
52,4577,"dependent"
50,4578,"dependent"
48,4579,"dependent"
52,4580,"dependent"
52,4581,"dependent"
50,4582,"dependent"
52,4583,"dependent"
52,4584,"dependent"
52,4585,"dependent"
52,4586,"dependent"
50,4587,"dependent"
52,4588,"dependent"
50,4589,"dependent"
50,4590,"dependent"
52,4591,"dependent"
50,4592,"dependent"
52,4593,"dependent"
50,4594,"dependent"
50,4595,"dependent"
52,4596,"dependent"
50,4597,"dependent"
48,4598,"dependent"
52,4599,"dependent"
52,4600,"dependent"
52,4601,"dependent"
50,4602,"dependent"
52,4603,"dependent"
52,4604,"dependent"
52,4605,"dependent"
52,4606,"dependent"
50,4607,"dependent"
48,4608,"dependent"
52,4609,"dependent"
50,4610,"dependent"
52,4611,"dependent"
52,4612,"dependent"
50,4613,"dependent"
50,4614,"dependent"
52,4615,"dependent"
52,4616,"dependent"
46,4617,"dependent"
50,4618,"dependent"
52,4619,"dependent"
52,4620,"dependent"
52,4621,"dependent"
52,4622,"dependent"
52,4623,"dependent"
52,4624,"dependent"
50,4625,"dependent"
50,4626,"dependent"
52,4627,"dependent"
48,4628,"dependent"
48,4629,"dependent"
52,4630,"dependent"
52,4631,"dependent"
50,4632,"dependent"
52,4633,"dependent"
52,4634,"dependent"
52,4635,"dependent"
52,4636,"dependent"
50,4637,"dependent"
52,4638,"dependent"
52,4639,"dependent"
52,4640,"dependent"
50,4641,"dependent"
52,4642,"dependent"
46,4643,"dependent"
50,4644,"dependent"
50,4645,"dependent"
52,4646,"dependent"
50,4647,"dependent"
44,4648,"dependent"
50,4649,"dependent"
50,4650,"dependent"
48,4651,"dependent"
50,4652,"dependent"
52,4653,"dependent"
52,4654,"dependent"
50,4655,"dependent"
52,4656,"dependent"
50,4657,"dependent"
52,4658,"dependent"
52,4659,"dependent"
52,4660,"dependent"
52,4661,"dependent"
50,4662,"dependent"
48,4663,"dependent"
52,4664,"dependent"
52,4665,"dependent"
50,4666,"dependent"
52,4667,"dependent"
48,4668,"dependent"
52,4669,"dependent"
48,4670,"dependent"
52,4671,"dependent"
50,4672,"dependent"
52,4673,"dependent"
50,4674,"dependent"
52,4675,"dependent"
50,4676,"dependent"
52,4677,"dependent"
52,4678,"dependent"
52,4679,"dependent"
52,4680,"dependent"
48,4681,"dependent"
52,4682,"dependent"
50,4683,"dependent"
50,4684,"dependent"
48,4685,"dependent"
52,4686,"dependent"
52,4687,"dependent"
50,4688,"dependent"
52,4689,"dependent"
52,4690,"dependent"
52,4691,"dependent"
52,4692,"dependent"
52,4693,"dependent"
52,4694,"dependent"
52,4695,"dependent"
52,4696,"dependent"
50,4697,"dependent"
50,4698,"dependent"
52,4699,"dependent"
50,4700,"dependent"
52,4701,"dependent"
52,4702,"dependent"
52,4703,"dependent"
48,4704,"dependent"
44,4705,"dependent"
52,4706,"dependent"
52,4707,"dependent"
50,4708,"dependent"
50,4709,"dependent"
52,4710,"dependent"
50,4711,"dependent"
50,4712,"dependent"
50,4713,"dependent"
50,4714,"dependent"
52,4715,"dependent"
52,4716,"dependent"
50,4717,"dependent"
50,4718,"dependent"
50,4719,"dependent"
48,4720,"dependent"
50,4721,"dependent"
52,4722,"dependent"
52,4723,"dependent"
52,4724,"dependent"
52,4725,"dependent"
52,4726,"dependent"
50,4727,"dependent"
52,4728,"dependent"
48,4729,"dependent"
52,4730,"dependent"
50,4731,"dependent"
50,4732,"dependent"
52,4733,"dependent"
50,4734,"dependent"
50,4735,"dependent"
52,4736,"dependent"
52,4737,"dependent"
50,4738,"dependent"
48,4739,"dependent"
52,4740,"dependent"
52,4741,"dependent"
52,4742,"dependent"
50,4743,"dependent"
52,4744,"dependent"
50,4745,"dependent"
46,4746,"dependent"
52,4747,"dependent"
52,4748,"dependent"
50,4749,"dependent"
50,4750,"dependent"
50,4751,"dependent"
50,4752,"dependent"
52,4753,"dependent"
48,4754,"dependent"
52,4755,"dependent"
52,4756,"dependent"
52,4757,"dependent"
52,4758,"dependent"
50,4759,"dependent"
50,4760,"dependent"
50,4761,"dependent"
52,4762,"dependent"
52,4763,"dependent"
48,4764,"dependent"
46,4765,"dependent"
52,4766,"dependent"
50,4767,"dependent"
52,4768,"dependent"
50,4769,"dependent"
52,4770,"dependent"
52,4771,"dependent"
52,4772,"dependent"
52,4773,"dependent"
52,4774,"dependent"
50,4775,"dependent"
50,4776,"dependent"
52,4777,"dependent"
52,4778,"dependent"
52,4779,"dependent"
52,4780,"dependent"
46,4781,"dependent"
52,4782,"dependent"
50,4783,"dependent"
48,4784,"dependent"
50,4785,"dependent"
50,4786,"dependent"
50,4787,"dependent"
52,4788,"dependent"
52,4789,"dependent"
46,4790,"dependent"
52,4791,"dependent"
52,4792,"dependent"
50,4793,"dependent"
52,4794,"dependent"
50,4795,"dependent"
50,4796,"dependent"
52,4797,"dependent"
50,4798,"dependent"
52,4799,"dependent"
50,4800,"dependent"
50,4801,"dependent"
48,4802,"dependent"
50,4803,"dependent"
52,4804,"dependent"
50,4805,"dependent"
50,4806,"dependent"
50,4807,"dependent"
52,4808,"dependent"
50,4809,"dependent"
50,4810,"dependent"
52,4811,"dependent"
52,4812,"dependent"
50,4813,"dependent"
52,4814,"dependent"
52,4815,"dependent"
52,4816,"dependent"
52,4817,"dependent"
52,4818,"dependent"
52,4819,"dependent"
52,4820,"dependent"
48,4821,"dependent"
52,4822,"dependent"
52,4823,"dependent"
50,4824,"dependent"
52,4825,"dependent"
52,4826,"dependent"
52,4827,"dependent"
52,4828,"dependent"
50,4829,"dependent"
48,4830,"dependent"
52,4831,"dependent"
52,4832,"dependent"
52,4833,"dependent"
52,4834,"dependent"
52,4835,"dependent"
48,4836,"dependent"
52,4837,"dependent"
52,4838,"dependent"
52,4839,"dependent"
52,4840,"dependent"
50,4841,"dependent"
52,4842,"dependent"
52,4843,"dependent"
52,4844,"dependent"
50,4845,"dependent"
52,4846,"dependent"
52,4847,"dependent"
52,4848,"dependent"
50,4849,"dependent"
52,4850,"dependent"
52,4851,"dependent"
50,4852,"dependent"
48,4853,"dependent"
50,4854,"dependent"
52,4855,"dependent"
48,4856,"dependent"
52,4857,"dependent"
46,4858,"dependent"
50,4859,"dependent"
52,4860,"dependent"
52,4861,"dependent"
50,4862,"dependent"
52,4863,"dependent"
50,4864,"dependent"
52,4865,"dependent"
52,4866,"dependent"
50,4867,"dependent"
50,4868,"dependent"
52,4869,"dependent"
52,4870,"dependent"
52,4871,"dependent"
52,4872,"dependent"
52,4873,"dependent"
50,4874,"dependent"
52,4875,"dependent"
50,4876,"dependent"
52,4877,"dependent"
52,4878,"dependent"
52,4879,"dependent"
48,4880,"dependent"
50,4881,"dependent"
52,4882,"dependent"
52,4883,"dependent"
46,4884,"dependent"
50,4885,"dependent"
52,4886,"dependent"
52,4887,"dependent"
52,4888,"dependent"
50,4889,"dependent"
52,4890,"dependent"
50,4891,"dependent"
50,4892,"dependent"
50,4893,"dependent"
52,4894,"dependent"
52,4895,"dependent"
50,4896,"dependent"
50,4897,"dependent"
52,4898,"dependent"
52,4899,"dependent"
50,4900,"dependent"
52,4901,"dependent"
52,4902,"dependent"
52,4903,"dependent"
52,4904,"dependent"
52,4905,"dependent"
52,4906,"dependent"
52,4907,"dependent"
52,4908,"dependent"
52,4909,"dependent"
52,4910,"dependent"
50,4911,"dependent"
50,4912,"dependent"
50,4913,"dependent"
52,4914,"dependent"
52,4915,"dependent"
52,4916,"dependent"
50,4917,"dependent"
52,4918,"dependent"
50,4919,"dependent"
52,4920,"dependent"
52,4921,"dependent"
50,4922,"dependent"
50,4923,"dependent"
50,4924,"dependent"
50,4925,"dependent"
50,4926,"dependent"
46,4927,"dependent"
52,4928,"dependent"
50,4929,"dependent"
50,4930,"dependent"
52,4931,"dependent"
52,4932,"dependent"
48,4933,"dependent"
52,4934,"dependent"
52,4935,"dependent"
52,4936,"dependent"
52,4937,"dependent"
50,4938,"dependent"
50,4939,"dependent"
52,4940,"dependent"
52,4941,"dependent"
52,4942,"dependent"
52,4943,"dependent"
50,4944,"dependent"
50,4945,"dependent"
52,4946,"dependent"
50,4947,"dependent"
52,4948,"dependent"
52,4949,"dependent"
52,4950,"dependent"
52,4951,"dependent"
52,4952,"dependent"
50,4953,"dependent"
48,4954,"dependent"
52,4955,"dependent"
48,4956,"dependent"
52,4957,"dependent"
52,4958,"dependent"
52,4959,"dependent"
52,4960,"dependent"
52,4961,"dependent"
50,4962,"dependent"
50,4963,"dependent"
48,4964,"dependent"
52,4965,"dependent"
50,4966,"dependent"
52,4967,"dependent"
52,4968,"dependent"
52,4969,"dependent"
52,4970,"dependent"
52,4971,"dependent"
50,4972,"dependent"
50,4973,"dependent"
50,4974,"dependent"
50,4975,"dependent"
52,4976,"dependent"
52,4977,"dependent"
52,4978,"dependent"
46,4979,"dependent"
52,4980,"dependent"
50,4981,"dependent"
50,4982,"dependent"
52,4983,"dependent"
52,4984,"dependent"
52,4985,"dependent"
52,4986,"dependent"
52,4987,"dependent"
50,4988,"dependent"
50,4989,"dependent"
52,4990,"dependent"
50,4991,"dependent"
48,4992,"dependent"
52,4993,"dependent"
52,4994,"dependent"
52,4995,"dependent"
50,4996,"dependent"
52,4997,"dependent"
52,4998,"dependent"
52,4999,"dependent"
50,5000,"dependent"
52,5001,"dependent"
48,5002,"dependent"
50,5003,"dependent"
50,5004,"dependent"
52,5005,"dependent"
50,5006,"dependent"
50,5007,"dependent"
52,5008,"dependent"
50,5009,"dependent"
52,5010,"dependent"
46,5011,"dependent"
48,5012,"dependent"
52,5013,"dependent"
52,5014,"dependent"
52,5015,"dependent"
52,5016,"dependent"
52,5017,"dependent"
50,5018,"dependent"
52,5019,"dependent"
52,5020,"dependent"
52,5021,"dependent"
52,5022,"dependent"
50,5023,"dependent"
52,5024,"dependent"
44,5025,"dependent"
48,5026,"dependent"
52,5027,"dependent"
52,5028,"dependent"
48,5029,"dependent"
50,5030,"dependent"
48,5031,"dependent"
52,5032,"dependent"
52,5033,"dependent"
50,5034,"dependent"
50,5035,"dependent"
50,5036,"dependent"
46,5037,"dependent"
52,5038,"dependent"
52,5039,"dependent"
50,5040,"dependent"
52,5041,"dependent"
52,5042,"dependent"
50,5043,"dependent"
52,5044,"dependent"
52,5045,"dependent"
52,5046,"dependent"
48,5047,"dependent"
52,5048,"dependent"
52,5049,"dependent"
52,5050,"dependent"
52,5051,"dependent"
52,5052,"dependent"
52,5053,"dependent"
50,5054,"dependent"
52,5055,"dependent"
52,5056,"dependent"
50,5057,"dependent"
50,5058,"dependent"
50,5059,"dependent"
52,5060,"dependent"
50,5061,"dependent"
52,5062,"dependent"
50,5063,"dependent"
52,5064,"dependent"
50,5065,"dependent"
52,5066,"dependent"
52,5067,"dependent"
50,5068,"dependent"
52,5069,"dependent"
52,5070,"dependent"
52,5071,"dependent"
52,5072,"dependent"
52,5073,"dependent"
48,5074,"dependent"
52,5075,"dependent"
52,5076,"dependent"
52,5077,"dependent"
52,5078,"dependent"
50,5079,"dependent"
46,5080,"dependent"
50,5081,"dependent"
52,5082,"dependent"
52,5083,"dependent"
52,5084,"dependent"
52,5085,"dependent"
52,5086,"dependent"
52,5087,"dependent"
52,5088,"dependent"
52,5089,"dependent"
50,5090,"dependent"
52,5091,"dependent"
52,5092,"dependent"
50,5093,"dependent"
46,5094,"dependent"
52,5095,"dependent"
52,5096,"dependent"
50,5097,"dependent"
50,5098,"dependent"
52,5099,"dependent"
50,5100,"dependent"
50,5101,"dependent"
52,5102,"dependent"
48,5103,"dependent"
52,5104,"dependent"
52,5105,"dependent"
52,5106,"dependent"
50,5107,"dependent"
50,5108,"dependent"
50,5109,"dependent"
52,5110,"dependent"
50,5111,"dependent"
50,5112,"dependent"
52,5113,"dependent"
52,5114,"dependent"
52,5115,"dependent"
50,5116,"dependent"
52,5117,"dependent"
52,5118,"dependent"
52,5119,"dependent"
50,5120,"dependent"
52,5121,"dependent"
48,5122,"dependent"
52,5123,"dependent"
52,5124,"dependent"
50,5125,"dependent"
52,5126,"dependent"
52,5127,"dependent"
52,5128,"dependent"
52,5129,"dependent"
50,5130,"dependent"
52,5131,"dependent"
52,5132,"dependent"
50,5133,"dependent"
52,5134,"dependent"
52,5135,"dependent"
52,5136,"dependent"
52,5137,"dependent"
52,5138,"dependent"
52,5139,"dependent"
52,5140,"dependent"
50,5141,"dependent"
50,5142,"dependent"
52,5143,"dependent"
50,5144,"dependent"
52,5145,"dependent"
52,5146,"dependent"
52,5147,"dependent"
50,5148,"dependent"
52,5149,"dependent"
52,5150,"dependent"
52,5151,"dependent"
50,5152,"dependent"
48,5153,"dependent"
52,5154,"dependent"
52,5155,"dependent"
52,5156,"dependent"
52,5157,"dependent"
48,5158,"dependent"
50,5159,"dependent"
52,5160,"dependent"
52,5161,"dependent"
52,5162,"dependent"
52,5163,"dependent"
52,5164,"dependent"
52,5165,"dependent"
50,5166,"dependent"
52,5167,"dependent"
50,5168,"dependent"
52,5169,"dependent"
50,5170,"dependent"
48,5171,"dependent"
52,5172,"dependent"
50,5173,"dependent"
50,5174,"dependent"
52,5175,"dependent"
52,5176,"dependent"
52,5177,"dependent"
52,5178,"dependent"
50,5179,"dependent"
52,5180,"dependent"
52,5181,"dependent"
50,5182,"dependent"
52,5183,"dependent"
52,5184,"dependent"
50,5185,"dependent"
52,5186,"dependent"
52,5187,"dependent"
52,5188,"dependent"
52,5189,"dependent"
52,5190,"dependent"
52,5191,"dependent"
52,5192,"dependent"
50,5193,"dependent"
52,5194,"dependent"
50,5195,"dependent"
50,5196,"dependent"
50,5197,"dependent"
50,5198,"dependent"
52,5199,"dependent"
50,5200,"dependent"
52,5201,"dependent"
52,5202,"dependent"
52,5203,"dependent"
46,5204,"dependent"
50,5205,"dependent"
48,5206,"dependent"
52,5207,"dependent"
52,5208,"dependent"
50,5209,"dependent"
50,5210,"dependent"
52,5211,"dependent"
50,5212,"dependent"
52,5213,"dependent"
48,5214,"dependent"
52,5215,"dependent"
52,5216,"dependent"
48,5217,"dependent"
52,5218,"dependent"
50,5219,"dependent"
50,5220,"dependent"
50,5221,"dependent"
52,5222,"dependent"
52,5223,"dependent"
50,5224,"dependent"
52,5225,"dependent"
52,5226,"dependent"
50,5227,"dependent"
52,5228,"dependent"
50,5229,"dependent"
50,5230,"dependent"
52,5231,"dependent"
52,5232,"dependent"
52,5233,"dependent"
50,5234,"dependent"
52,5235,"dependent"
50,5236,"dependent"
52,5237,"dependent"
48,5238,"dependent"
50,5239,"dependent"
50,5240,"dependent"
48,5241,"dependent"
50,5242,"dependent"
52,5243,"dependent"
50,5244,"dependent"
50,5245,"dependent"
48,5246,"dependent"
50,5247,"dependent"
48,5248,"dependent"
50,5249,"dependent"
50,5250,"dependent"
48,5251,"dependent"
50,5252,"dependent"
50,5253,"dependent"
52,5254,"dependent"
50,5255,"dependent"
50,5256,"dependent"
52,5257,"dependent"
52,5258,"dependent"
52,5259,"dependent"
52,5260,"dependent"
52,5261,"dependent"
52,5262,"dependent"
48,5263,"dependent"
50,5264,"dependent"
52,5265,"dependent"
52,5266,"dependent"
52,5267,"dependent"
52,5268,"dependent"
52,5269,"dependent"
52,5270,"dependent"
50,5271,"dependent"
50,5272,"dependent"
50,5273,"dependent"
52,5274,"dependent"
52,5275,"dependent"
52,5276,"dependent"
46,5277,"dependent"
52,5278,"dependent"
52,5279,"dependent"
52,5280,"dependent"
52,5281,"dependent"
48,5282,"dependent"
52,5283,"dependent"
50,5284,"dependent"
48,5285,"dependent"
52,5286,"dependent"
52,5287,"dependent"
52,5288,"dependent"
52,5289,"dependent"
52,5290,"dependent"
52,5291,"dependent"
46,5292,"dependent"
50,5293,"dependent"
52,5294,"dependent"
52,5295,"dependent"
52,5296,"dependent"
52,5297,"dependent"
52,5298,"dependent"
52,5299,"dependent"
52,5300,"dependent"
52,5301,"dependent"
52,5302,"dependent"
52,5303,"dependent"
52,5304,"dependent"
52,5305,"dependent"
46,5306,"dependent"
52,5307,"dependent"
50,5308,"dependent"
52,5309,"dependent"
52,5310,"dependent"
52,5311,"dependent"
52,5312,"dependent"
50,5313,"dependent"
52,5314,"dependent"
50,5315,"dependent"
50,5316,"dependent"
52,5317,"dependent"
52,5318,"dependent"
52,5319,"dependent"
50,5320,"dependent"
52,5321,"dependent"
50,5322,"dependent"
50,5323,"dependent"
52,5324,"dependent"
48,5325,"dependent"
52,5326,"dependent"
52,5327,"dependent"
50,5328,"dependent"
50,5329,"dependent"
50,5330,"dependent"
50,5331,"dependent"
52,5332,"dependent"
50,5333,"dependent"
52,5334,"dependent"
52,5335,"dependent"
50,5336,"dependent"
52,5337,"dependent"
52,5338,"dependent"
52,5339,"dependent"
52,5340,"dependent"
52,5341,"dependent"
50,5342,"dependent"
52,5343,"dependent"
50,5344,"dependent"
52,5345,"dependent"
48,5346,"dependent"
50,5347,"dependent"
48,5348,"dependent"
52,5349,"dependent"
52,5350,"dependent"
52,5351,"dependent"
52,5352,"dependent"
52,5353,"dependent"
52,5354,"dependent"
52,5355,"dependent"
50,5356,"dependent"
52,5357,"dependent"
50,5358,"dependent"
52,5359,"dependent"
48,5360,"dependent"
50,5361,"dependent"
52,5362,"dependent"
52,5363,"dependent"
50,5364,"dependent"
52,5365,"dependent"
52,5366,"dependent"
52,5367,"dependent"
50,5368,"dependent"
52,5369,"dependent"
50,5370,"dependent"
50,5371,"dependent"
52,5372,"dependent"
52,5373,"dependent"
52,5374,"dependent"
52,5375,"dependent"
52,5376,"dependent"
52,5377,"dependent"
52,5378,"dependent"
52,5379,"dependent"
48,5380,"dependent"
52,5381,"dependent"
52,5382,"dependent"
50,5383,"dependent"
52,5384,"dependent"
52,5385,"dependent"
52,5386,"dependent"
52,5387,"dependent"
50,5388,"dependent"
52,5389,"dependent"
52,5390,"dependent"
50,5391,"dependent"
50,5392,"dependent"
52,5393,"dependent"
52,5394,"dependent"
52,5395,"dependent"
52,5396,"dependent"
52,5397,"dependent"
52,5398,"dependent"
48,5399,"dependent"
50,5400,"dependent"
50,5401,"dependent"
50,5402,"dependent"
52,5403,"dependent"
52,5404,"dependent"
50,5405,"dependent"
50,5406,"dependent"
50,5407,"dependent"
48,5408,"dependent"
50,5409,"dependent"
50,5410,"dependent"
52,5411,"dependent"
52,5412,"dependent"
46,5413,"dependent"
48,5414,"dependent"
52,5415,"dependent"
48,5416,"dependent"
52,5417,"dependent"
52,5418,"dependent"
50,5419,"dependent"
52,5420,"dependent"
52,5421,"dependent"
52,5422,"dependent"
52,5423,"dependent"
48,5424,"dependent"
50,5425,"dependent"
52,5426,"dependent"
52,5427,"dependent"
50,5428,"dependent"
52,5429,"dependent"
52,5430,"dependent"
52,5431,"dependent"
52,5432,"dependent"
52,5433,"dependent"
50,5434,"dependent"
52,5435,"dependent"
52,5436,"dependent"
52,5437,"dependent"
52,5438,"dependent"
52,5439,"dependent"
50,5440,"dependent"
52,5441,"dependent"
52,5442,"dependent"
52,5443,"dependent"
52,5444,"dependent"
52,5445,"dependent"
52,5446,"dependent"
50,5447,"dependent"
52,5448,"dependent"
50,5449,"dependent"
52,5450,"dependent"
52,5451,"dependent"
52,5452,"dependent"
52,5453,"dependent"
52,5454,"dependent"
52,5455,"dependent"
50,5456,"dependent"
50,5457,"dependent"
50,5458,"dependent"
52,5459,"dependent"
52,5460,"dependent"
50,5461,"dependent"
50,5462,"dependent"
52,5463,"dependent"
50,5464,"dependent"
46,5465,"dependent"
52,5466,"dependent"
50,5467,"dependent"
52,5468,"dependent"
52,5469,"dependent"
48,5470,"dependent"
52,5471,"dependent"
52,5472,"dependent"
50,5473,"dependent"
48,5474,"dependent"
48,5475,"dependent"
48,5476,"dependent"
52,5477,"dependent"
50,5478,"dependent"
48,5479,"dependent"
52,5480,"dependent"
50,5481,"dependent"
50,5482,"dependent"
50,5483,"dependent"
46,5484,"dependent"
50,5485,"dependent"
50,5486,"dependent"
50,5487,"dependent"
52,5488,"dependent"
52,5489,"dependent"
50,5490,"dependent"
52,5491,"dependent"
52,5492,"dependent"
52,5493,"dependent"
52,5494,"dependent"
52,5495,"dependent"
50,5496,"dependent"
52,5497,"dependent"
52,5498,"dependent"
52,5499,"dependent"
52,5500,"dependent"
50,5501,"dependent"
50,5502,"dependent"
52,5503,"dependent"
50,5504,"dependent"
52,5505,"dependent"
52,5506,"dependent"
48,5507,"dependent"
52,5508,"dependent"
52,5509,"dependent"
50,5510,"dependent"
52,5511,"dependent"
52,5512,"dependent"
52,5513,"dependent"
52,5514,"dependent"
52,5515,"dependent"
52,5516,"dependent"
52,5517,"dependent"
52,5518,"dependent"
52,5519,"dependent"
50,5520,"dependent"
52,5521,"dependent"
50,5522,"dependent"
50,5523,"dependent"
52,5524,"dependent"
50,5525,"dependent"
52,5526,"dependent"
52,5527,"dependent"
52,5528,"dependent"
50,5529,"dependent"
48,5530,"dependent"
52,5531,"dependent"
50,5532,"dependent"
52,5533,"dependent"
52,5534,"dependent"
50,5535,"dependent"
50,5536,"dependent"
52,5537,"dependent"
52,5538,"dependent"
52,5539,"dependent"
50,5540,"dependent"
52,5541,"dependent"
52,5542,"dependent"
50,5543,"dependent"
52,5544,"dependent"
52,5545,"dependent"
50,5546,"dependent"
52,5547,"dependent"
52,5548,"dependent"
50,5549,"dependent"
50,5550,"dependent"
52,5551,"dependent"
52,5552,"dependent"
50,5553,"dependent"
52,5554,"dependent"
52,5555,"dependent"
52,5556,"dependent"
48,5557,"dependent"
52,5558,"dependent"
50,5559,"dependent"
52,5560,"dependent"
52,5561,"dependent"
52,5562,"dependent"
50,5563,"dependent"
50,5564,"dependent"
52,5565,"dependent"
52,5566,"dependent"
50,5567,"dependent"
52,5568,"dependent"
52,5569,"dependent"
50,5570,"dependent"
52,5571,"dependent"
50,5572,"dependent"
52,5573,"dependent"
52,5574,"dependent"
50,5575,"dependent"
52,5576,"dependent"
52,5577,"dependent"
50,5578,"dependent"
50,5579,"dependent"
52,5580,"dependent"
52,5581,"dependent"
52,5582,"dependent"
52,5583,"dependent"
52,5584,"dependent"
48,5585,"dependent"
48,5586,"dependent"
52,5587,"dependent"
52,5588,"dependent"
50,5589,"dependent"
50,5590,"dependent"
52,5591,"dependent"
52,5592,"dependent"
52,5593,"dependent"
50,5594,"dependent"
52,5595,"dependent"
50,5596,"dependent"
52,5597,"dependent"
48,5598,"dependent"
50,5599,"dependent"
52,5600,"dependent"
52,5601,"dependent"
52,5602,"dependent"
52,5603,"dependent"
48,5604,"dependent"
50,5605,"dependent"
52,5606,"dependent"
48,5607,"dependent"
50,5608,"dependent"
50,5609,"dependent"
52,5610,"dependent"
52,5611,"dependent"
52,5612,"dependent"
50,5613,"dependent"
50,5614,"dependent"
50,5615,"dependent"
52,5616,"dependent"
52,5617,"dependent"
52,5618,"dependent"
50,5619,"dependent"
52,5620,"dependent"
52,5621,"dependent"
50,5622,"dependent"
50,5623,"dependent"
50,5624,"dependent"
52,5625,"dependent"
52,5626,"dependent"
52,5627,"dependent"
52,5628,"dependent"
52,5629,"dependent"
52,5630,"dependent"
50,5631,"dependent"
48,5632,"dependent"
52,5633,"dependent"
50,5634,"dependent"
52,5635,"dependent"
52,5636,"dependent"
50,5637,"dependent"
52,5638,"dependent"
52,5639,"dependent"
50,5640,"dependent"
52,5641,"dependent"
52,5642,"dependent"
52,5643,"dependent"
52,5644,"dependent"
52,5645,"dependent"
50,5646,"dependent"
52,5647,"dependent"
52,5648,"dependent"
50,5649,"dependent"
50,5650,"dependent"
50,5651,"dependent"
52,5652,"dependent"
48,5653,"dependent"
52,5654,"dependent"
50,5655,"dependent"
52,5656,"dependent"
52,5657,"dependent"
50,5658,"dependent"
50,5659,"dependent"
52,5660,"dependent"
52,5661,"dependent"
50,5662,"dependent"
48,5663,"dependent"
52,5664,"dependent"
52,5665,"dependent"
52,5666,"dependent"
52,5667,"dependent"
52,5668,"dependent"
52,5669,"dependent"
52,5670,"dependent"
48,5671,"dependent"
48,5672,"dependent"
52,5673,"dependent"
52,5674,"dependent"
52,5675,"dependent"
52,5676,"dependent"
52,5677,"dependent"
50,5678,"dependent"
50,5679,"dependent"
50,5680,"dependent"
52,5681,"dependent"
50,5682,"dependent"
52,5683,"dependent"
52,5684,"dependent"
50,5685,"dependent"
52,5686,"dependent"
52,5687,"dependent"
50,5688,"dependent"
52,5689,"dependent"
52,5690,"dependent"
50,5691,"dependent"
50,5692,"dependent"
52,5693,"dependent"
52,5694,"dependent"
50,5695,"dependent"
52,5696,"dependent"
52,5697,"dependent"
48,5698,"dependent"
52,5699,"dependent"
52,5700,"dependent"
48,5701,"dependent"
50,5702,"dependent"
50,5703,"dependent"
50,5704,"dependent"
52,5705,"dependent"
50,5706,"dependent"
52,5707,"dependent"
48,5708,"dependent"
52,5709,"dependent"
52,5710,"dependent"
52,5711,"dependent"
50,5712,"dependent"
52,5713,"dependent"
50,5714,"dependent"
52,5715,"dependent"
52,5716,"dependent"
52,5717,"dependent"
52,5718,"dependent"
52,5719,"dependent"
48,5720,"dependent"
46,5721,"dependent"
50,5722,"dependent"
50,5723,"dependent"
48,5724,"dependent"
50,5725,"dependent"
52,5726,"dependent"
50,5727,"dependent"
50,5728,"dependent"
52,5729,"dependent"
52,5730,"dependent"
52,5731,"dependent"
52,5732,"dependent"
52,5733,"dependent"
52,5734,"dependent"
50,5735,"dependent"
52,5736,"dependent"
52,5737,"dependent"
52,5738,"dependent"
50,5739,"dependent"
50,5740,"dependent"
52,5741,"dependent"
52,5742,"dependent"
50,5743,"dependent"
52,5744,"dependent"
52,5745,"dependent"
52,5746,"dependent"
48,5747,"dependent"
52,5748,"dependent"
48,5749,"dependent"
52,5750,"dependent"
52,5751,"dependent"
50,5752,"dependent"
52,5753,"dependent"
52,5754,"dependent"
52,5755,"dependent"
52,5756,"dependent"
52,5757,"dependent"
50,5758,"dependent"
50,5759,"dependent"
52,5760,"dependent"
52,5761,"dependent"
50,5762,"dependent"
52,5763,"dependent"
52,5764,"dependent"
52,5765,"dependent"
50,5766,"dependent"
50,5767,"dependent"
52,5768,"dependent"
50,5769,"dependent"
52,5770,"dependent"
50,5771,"dependent"
52,5772,"dependent"
50,5773,"dependent"
52,5774,"dependent"
50,5775,"dependent"
50,5776,"dependent"
50,5777,"dependent"
52,5778,"dependent"
52,5779,"dependent"
50,5780,"dependent"
46,5781,"dependent"
52,5782,"dependent"
50,5783,"dependent"
50,5784,"dependent"
52,5785,"dependent"
52,5786,"dependent"
48,5787,"dependent"
52,5788,"dependent"
52,5789,"dependent"
48,5790,"dependent"
52,5791,"dependent"
52,5792,"dependent"
52,5793,"dependent"
52,5794,"dependent"
50,5795,"dependent"
52,5796,"dependent"
50,5797,"dependent"
52,5798,"dependent"
52,5799,"dependent"
52,5800,"dependent"
52,5801,"dependent"
52,5802,"dependent"
50,5803,"dependent"
52,5804,"dependent"
52,5805,"dependent"
52,5806,"dependent"
50,5807,"dependent"
50,5808,"dependent"
48,5809,"dependent"
52,5810,"dependent"
52,5811,"dependent"
52,5812,"dependent"
52,5813,"dependent"
48,5814,"dependent"
50,5815,"dependent"
52,5816,"dependent"
50,5817,"dependent"
52,5818,"dependent"
52,5819,"dependent"
48,5820,"dependent"
50,5821,"dependent"
52,5822,"dependent"
50,5823,"dependent"
52,5824,"dependent"
50,5825,"dependent"
52,5826,"dependent"
52,5827,"dependent"
48,5828,"dependent"
52,5829,"dependent"
52,5830,"dependent"
46,5831,"dependent"
50,5832,"dependent"
50,5833,"dependent"
52,5834,"dependent"
50,5835,"dependent"
50,5836,"dependent"
50,5837,"dependent"
52,5838,"dependent"
48,5839,"dependent"
48,5840,"dependent"
52,5841,"dependent"
52,5842,"dependent"
52,5843,"dependent"
50,5844,"dependent"
52,5845,"dependent"
50,5846,"dependent"
52,5847,"dependent"
50,5848,"dependent"
52,5849,"dependent"
52,5850,"dependent"
52,5851,"dependent"
52,5852,"dependent"
50,5853,"dependent"
50,5854,"dependent"
50,5855,"dependent"
50,5856,"dependent"
52,5857,"dependent"
52,5858,"dependent"
52,5859,"dependent"
52,5860,"dependent"
52,5861,"dependent"
48,5862,"dependent"
50,5863,"dependent"
50,5864,"dependent"
52,5865,"dependent"
52,5866,"dependent"
52,5867,"dependent"
48,5868,"dependent"
50,5869,"dependent"
52,5870,"dependent"
52,5871,"dependent"
52,5872,"dependent"
52,5873,"dependent"
52,5874,"dependent"
52,5875,"dependent"
52,5876,"dependent"
52,5877,"dependent"
52,5878,"dependent"
52,5879,"dependent"
48,5880,"dependent"
50,5881,"dependent"
52,5882,"dependent"
52,5883,"dependent"
48,5884,"dependent"
52,5885,"dependent"
52,5886,"dependent"
52,5887,"dependent"
50,5888,"dependent"
50,5889,"dependent"
48,5890,"dependent"
48,5891,"dependent"
52,5892,"dependent"
52,5893,"dependent"
52,5894,"dependent"
52,5895,"dependent"
50,5896,"dependent"
50,5897,"dependent"
50,5898,"dependent"
52,5899,"dependent"
52,5900,"dependent"
50,5901,"dependent"
52,5902,"dependent"
52,5903,"dependent"
48,5904,"dependent"
50,5905,"dependent"
50,5906,"dependent"
46,5907,"dependent"
50,5908,"dependent"
48,5909,"dependent"
52,5910,"dependent"
52,5911,"dependent"
52,5912,"dependent"
52,5913,"dependent"
52,5914,"dependent"
50,5915,"dependent"
48,5916,"dependent"
46,5917,"dependent"
50,5918,"dependent"
52,5919,"dependent"
52,5920,"dependent"
50,5921,"dependent"
50,5922,"dependent"
50,5923,"dependent"
52,5924,"dependent"
52,5925,"dependent"
52,5926,"dependent"
52,5927,"dependent"
52,5928,"dependent"
52,5929,"dependent"
52,5930,"dependent"
52,5931,"dependent"
50,5932,"dependent"
52,5933,"dependent"
52,5934,"dependent"
50,5935,"dependent"
50,5936,"dependent"
50,5937,"dependent"
50,5938,"dependent"
52,5939,"dependent"
52,5940,"dependent"
52,5941,"dependent"
52,5942,"dependent"
52,5943,"dependent"
52,5944,"dependent"
50,5945,"dependent"
50,5946,"dependent"
52,5947,"dependent"
50,5948,"dependent"
50,5949,"dependent"
52,5950,"dependent"
52,5951,"dependent"
50,5952,"dependent"
52,5953,"dependent"
52,5954,"dependent"
50,5955,"dependent"
50,5956,"dependent"
52,5957,"dependent"
50,5958,"dependent"
50,5959,"dependent"
52,5960,"dependent"
50,5961,"dependent"
50,5962,"dependent"
50,5963,"dependent"
52,5964,"dependent"
50,5965,"dependent"
50,5966,"dependent"
50,5967,"dependent"
52,5968,"dependent"
50,5969,"dependent"
48,5970,"dependent"
52,5971,"dependent"
48,5972,"dependent"
50,5973,"dependent"
50,5974,"dependent"
52,5975,"dependent"
50,5976,"dependent"
52,5977,"dependent"
52,5978,"dependent"
52,5979,"dependent"
48,5980,"dependent"
52,5981,"dependent"
48,5982,"dependent"
52,5983,"dependent"
52,5984,"dependent"
50,5985,"dependent"
50,5986,"dependent"
50,5987,"dependent"
48,5988,"dependent"
50,5989,"dependent"
52,5990,"dependent"
52,5991,"dependent"
50,5992,"dependent"
52,5993,"dependent"
52,5994,"dependent"
50,5995,"dependent"
52,5996,"dependent"
52,5997,"dependent"
50,5998,"dependent"
52,5999,"dependent"
52,6000,"dependent"
52,6001,"dependent"
52,6002,"dependent"
50,6003,"dependent"
52,6004,"dependent"
52,6005,"dependent"
50,6006,"dependent"
52,6007,"dependent"
52,6008,"dependent"
52,6009,"dependent"
52,6010,"dependent"
50,6011,"dependent"
52,6012,"dependent"
52,6013,"dependent"
52,6014,"dependent"
52,6015,"dependent"
52,6016,"dependent"
52,6017,"dependent"
50,6018,"dependent"
52,6019,"dependent"
50,6020,"dependent"
50,6021,"dependent"
48,6022,"dependent"
50,6023,"dependent"
48,6024,"dependent"
50,6025,"dependent"
52,6026,"dependent"
50,6027,"dependent"
52,6028,"dependent"
50,6029,"dependent"
50,6030,"dependent"
48,6031,"dependent"
48,6032,"dependent"
52,6033,"dependent"
52,6034,"dependent"
52,6035,"dependent"
50,6036,"dependent"
50,6037,"dependent"
52,6038,"dependent"
50,6039,"dependent"
52,6040,"dependent"
52,6041,"dependent"
48,6042,"dependent"
52,6043,"dependent"
52,6044,"dependent"
52,6045,"dependent"
50,6046,"dependent"
52,6047,"dependent"
52,6048,"dependent"
52,6049,"dependent"
50,6050,"dependent"
52,6051,"dependent"
50,6052,"dependent"
50,6053,"dependent"
52,6054,"dependent"
52,6055,"dependent"
52,6056,"dependent"
50,6057,"dependent"
50,6058,"dependent"
50,6059,"dependent"
52,6060,"dependent"
52,6061,"dependent"
52,6062,"dependent"
52,6063,"dependent"
46,6064,"dependent"
50,6065,"dependent"
50,6066,"dependent"
48,6067,"dependent"
52,6068,"dependent"
52,6069,"dependent"
52,6070,"dependent"
52,6071,"dependent"
52,6072,"dependent"
50,6073,"dependent"
50,6074,"dependent"
52,6075,"dependent"
50,6076,"dependent"
50,6077,"dependent"
52,6078,"dependent"
50,6079,"dependent"
52,6080,"dependent"
48,6081,"dependent"
50,6082,"dependent"
52,6083,"dependent"
50,6084,"dependent"
52,6085,"dependent"
50,6086,"dependent"
50,6087,"dependent"
52,6088,"dependent"
52,6089,"dependent"
52,6090,"dependent"
52,6091,"dependent"
52,6092,"dependent"
48,6093,"dependent"
50,6094,"dependent"
50,6095,"dependent"
52,6096,"dependent"
50,6097,"dependent"
50,6098,"dependent"
50,6099,"dependent"
50,6100,"dependent"
50,6101,"dependent"
50,6102,"dependent"
52,6103,"dependent"
48,6104,"dependent"
52,6105,"dependent"
52,6106,"dependent"
50,6107,"dependent"
52,6108,"dependent"
52,6109,"dependent"
48,6110,"dependent"
52,6111,"dependent"
52,6112,"dependent"
52,6113,"dependent"
50,6114,"dependent"
52,6115,"dependent"
44,6116,"dependent"
52,6117,"dependent"
50,6118,"dependent"
52,6119,"dependent"
52,6120,"dependent"
52,6121,"dependent"
52,6122,"dependent"
52,6123,"dependent"
52,6124,"dependent"
52,6125,"dependent"
52,6126,"dependent"
50,6127,"dependent"
50,6128,"dependent"
52,6129,"dependent"
52,6130,"dependent"
52,6131,"dependent"
48,6132,"dependent"
52,6133,"dependent"
50,6134,"dependent"
52,6135,"dependent"
52,6136,"dependent"
52,6137,"dependent"
52,6138,"dependent"
52,6139,"dependent"
52,6140,"dependent"
52,6141,"dependent"
50,6142,"dependent"
52,6143,"dependent"
50,6144,"dependent"
48,6145,"dependent"
50,6146,"dependent"
52,6147,"dependent"
52,6148,"dependent"
48,6149,"dependent"
52,6150,"dependent"
50,6151,"dependent"
52,6152,"dependent"
52,6153,"dependent"
52,6154,"dependent"
52,6155,"dependent"
52,6156,"dependent"
52,6157,"dependent"
48,6158,"dependent"
52,6159,"dependent"
52,6160,"dependent"
48,6161,"dependent"
48,6162,"dependent"
52,6163,"dependent"
52,6164,"dependent"
50,6165,"dependent"
50,6166,"dependent"
52,6167,"dependent"
50,6168,"dependent"
52,6169,"dependent"
52,6170,"dependent"
50,6171,"dependent"
48,6172,"dependent"
50,6173,"dependent"
48,6174,"dependent"
52,6175,"dependent"
52,6176,"dependent"
52,6177,"dependent"
52,6178,"dependent"
52,6179,"dependent"
50,6180,"dependent"
50,6181,"dependent"
50,6182,"dependent"
52,6183,"dependent"
52,6184,"dependent"
50,6185,"dependent"
52,6186,"dependent"
50,6187,"dependent"
52,6188,"dependent"
48,6189,"dependent"
48,6190,"dependent"
50,6191,"dependent"
50,6192,"dependent"
52,6193,"dependent"
52,6194,"dependent"
50,6195,"dependent"
52,6196,"dependent"
50,6197,"dependent"
52,6198,"dependent"
52,6199,"dependent"
48,6200,"dependent"
52,6201,"dependent"
52,6202,"dependent"
48,6203,"dependent"
52,6204,"dependent"
52,6205,"dependent"
50,6206,"dependent"
52,6207,"dependent"
52,6208,"dependent"
50,6209,"dependent"
50,6210,"dependent"
52,6211,"dependent"
52,6212,"dependent"
50,6213,"dependent"
50,6214,"dependent"
48,6215,"dependent"
48,6216,"dependent"
52,6217,"dependent"
50,6218,"dependent"
50,6219,"dependent"
50,6220,"dependent"
52,6221,"dependent"
52,6222,"dependent"
52,6223,"dependent"
52,6224,"dependent"
52,6225,"dependent"
52,6226,"dependent"
50,6227,"dependent"
52,6228,"dependent"
52,6229,"dependent"
52,6230,"dependent"
52,6231,"dependent"
48,6232,"dependent"
52,6233,"dependent"
52,6234,"dependent"
52,6235,"dependent"
50,6236,"dependent"
50,6237,"dependent"
52,6238,"dependent"
50,6239,"dependent"
52,6240,"dependent"
50,6241,"dependent"
52,6242,"dependent"
52,6243,"dependent"
48,6244,"dependent"
50,6245,"dependent"
52,6246,"dependent"
52,6247,"dependent"
48,6248,"dependent"
50,6249,"dependent"
52,6250,"dependent"
48,6251,"dependent"
50,6252,"dependent"
52,6253,"dependent"
50,6254,"dependent"
50,6255,"dependent"
50,6256,"dependent"
50,6257,"dependent"
50,6258,"dependent"
50,6259,"dependent"
52,6260,"dependent"
52,6261,"dependent"
50,6262,"dependent"
52,6263,"dependent"
52,6264,"dependent"
50,6265,"dependent"
52,6266,"dependent"
52,6267,"dependent"
52,6268,"dependent"
50,6269,"dependent"
50,6270,"dependent"
50,6271,"dependent"
52,6272,"dependent"
50,6273,"dependent"
52,6274,"dependent"
52,6275,"dependent"
50,6276,"dependent"
52,6277,"dependent"
52,6278,"dependent"
48,6279,"dependent"
52,6280,"dependent"
52,6281,"dependent"
50,6282,"dependent"
50,6283,"dependent"
52,6284,"dependent"
50,6285,"dependent"
52,6286,"dependent"
52,6287,"dependent"
52,6288,"dependent"
50,6289,"dependent"
52,6290,"dependent"
48,6291,"dependent"
52,6292,"dependent"
50,6293,"dependent"
52,6294,"dependent"
50,6295,"dependent"
52,6296,"dependent"
48,6297,"dependent"
50,6298,"dependent"
50,6299,"dependent"
50,6300,"dependent"
50,6301,"dependent"
52,6302,"dependent"
52,6303,"dependent"
50,6304,"dependent"
48,6305,"dependent"
52,6306,"dependent"
50,6307,"dependent"
52,6308,"dependent"
52,6309,"dependent"
52,6310,"dependent"
52,6311,"dependent"
52,6312,"dependent"
50,6313,"dependent"
50,6314,"dependent"
52,6315,"dependent"
52,6316,"dependent"
50,6317,"dependent"
52,6318,"dependent"
50,6319,"dependent"
50,6320,"dependent"
52,6321,"dependent"
50,6322,"dependent"
52,6323,"dependent"
52,6324,"dependent"
52,6325,"dependent"
52,6326,"dependent"
50,6327,"dependent"
50,6328,"dependent"
48,6329,"dependent"
46,6330,"dependent"
48,6331,"dependent"
52,6332,"dependent"
52,6333,"dependent"
52,6334,"dependent"
52,6335,"dependent"
52,6336,"dependent"
50,6337,"dependent"
52,6338,"dependent"
52,6339,"dependent"
52,6340,"dependent"
50,6341,"dependent"
50,6342,"dependent"
48,6343,"dependent"
52,6344,"dependent"
50,6345,"dependent"
52,6346,"dependent"
48,6347,"dependent"
52,6348,"dependent"
50,6349,"dependent"
52,6350,"dependent"
52,6351,"dependent"
50,6352,"dependent"
52,6353,"dependent"
50,6354,"dependent"
52,6355,"dependent"
52,6356,"dependent"
52,6357,"dependent"
52,6358,"dependent"
52,6359,"dependent"
52,6360,"dependent"
50,6361,"dependent"
52,6362,"dependent"
52,6363,"dependent"
50,6364,"dependent"
52,6365,"dependent"
50,6366,"dependent"
52,6367,"dependent"
52,6368,"dependent"
48,6369,"dependent"
52,6370,"dependent"
52,6371,"dependent"
52,6372,"dependent"
52,6373,"dependent"
52,6374,"dependent"
50,6375,"dependent"
52,6376,"dependent"
52,6377,"dependent"
50,6378,"dependent"
52,6379,"dependent"
48,6380,"dependent"
52,6381,"dependent"
52,6382,"dependent"
52,6383,"dependent"
52,6384,"dependent"
50,6385,"dependent"
50,6386,"dependent"
52,6387,"dependent"
50,6388,"dependent"
52,6389,"dependent"
48,6390,"dependent"
52,6391,"dependent"
52,6392,"dependent"
50,6393,"dependent"
52,6394,"dependent"
48,6395,"dependent"
52,6396,"dependent"
50,6397,"dependent"
48,6398,"dependent"
50,6399,"dependent"
50,6400,"dependent"
52,6401,"dependent"
52,6402,"dependent"
52,6403,"dependent"
50,6404,"dependent"
50,6405,"dependent"
52,6406,"dependent"
52,6407,"dependent"
52,6408,"dependent"
46,6409,"dependent"
52,6410,"dependent"
52,6411,"dependent"
52,6412,"dependent"
52,6413,"dependent"
48,6414,"dependent"
52,6415,"dependent"
52,6416,"dependent"
48,6417,"dependent"
50,6418,"dependent"
50,6419,"dependent"
52,6420,"dependent"
50,6421,"dependent"
52,6422,"dependent"
50,6423,"dependent"
52,6424,"dependent"
52,6425,"dependent"
52,6426,"dependent"
50,6427,"dependent"
52,6428,"dependent"
52,6429,"dependent"
52,6430,"dependent"
52,6431,"dependent"
52,6432,"dependent"
52,6433,"dependent"
52,6434,"dependent"
52,6435,"dependent"
52,6436,"dependent"
52,6437,"dependent"
52,6438,"dependent"
52,6439,"dependent"
48,6440,"dependent"
52,6441,"dependent"
50,6442,"dependent"
52,6443,"dependent"
52,6444,"dependent"
50,6445,"dependent"
52,6446,"dependent"
50,6447,"dependent"
50,6448,"dependent"
52,6449,"dependent"
52,6450,"dependent"
52,6451,"dependent"
50,6452,"dependent"
52,6453,"dependent"
52,6454,"dependent"
50,6455,"dependent"
50,6456,"dependent"
50,6457,"dependent"
52,6458,"dependent"
50,6459,"dependent"
50,6460,"dependent"
52,6461,"dependent"
52,6462,"dependent"
52,6463,"dependent"
50,6464,"dependent"
52,6465,"dependent"
52,6466,"dependent"
52,6467,"dependent"
52,6468,"dependent"
52,6469,"dependent"
50,6470,"dependent"
48,6471,"dependent"
50,6472,"dependent"
46,6473,"dependent"
52,6474,"dependent"
52,6475,"dependent"
48,6476,"dependent"
52,6477,"dependent"
52,6478,"dependent"
52,6479,"dependent"
52,6480,"dependent"
52,6481,"dependent"
52,6482,"dependent"
50,6483,"dependent"
50,6484,"dependent"
52,6485,"dependent"
52,6486,"dependent"
52,6487,"dependent"
52,6488,"dependent"
50,6489,"dependent"
50,6490,"dependent"
50,6491,"dependent"
52,6492,"dependent"
48,6493,"dependent"
52,6494,"dependent"
52,6495,"dependent"
52,6496,"dependent"
52,6497,"dependent"
52,6498,"dependent"
50,6499,"dependent"
50,6500,"dependent"
52,6501,"dependent"
52,6502,"dependent"
52,6503,"dependent"
52,6504,"dependent"
50,6505,"dependent"
50,6506,"dependent"
52,6507,"dependent"
52,6508,"dependent"
50,6509,"dependent"
50,6510,"dependent"
50,6511,"dependent"
50,6512,"dependent"
50,6513,"dependent"
52,6514,"dependent"
52,6515,"dependent"
50,6516,"dependent"
52,6517,"dependent"
50,6518,"dependent"
52,6519,"dependent"
52,6520,"dependent"
50,6521,"dependent"
52,6522,"dependent"
52,6523,"dependent"
50,6524,"dependent"
52,6525,"dependent"
50,6526,"dependent"
52,6527,"dependent"
50,6528,"dependent"
52,6529,"dependent"
52,6530,"dependent"
52,6531,"dependent"
50,6532,"dependent"
48,6533,"dependent"
50,6534,"dependent"
52,6535,"dependent"
52,6536,"dependent"
52,6537,"dependent"
50,6538,"dependent"
52,6539,"dependent"
52,6540,"dependent"
50,6541,"dependent"
52,6542,"dependent"
50,6543,"dependent"
52,6544,"dependent"
52,6545,"dependent"
52,6546,"dependent"
50,6547,"dependent"
52,6548,"dependent"
50,6549,"dependent"
52,6550,"dependent"
50,6551,"dependent"
52,6552,"dependent"
52,6553,"dependent"
50,6554,"dependent"
52,6555,"dependent"
48,6556,"dependent"
52,6557,"dependent"
52,6558,"dependent"
50,6559,"dependent"
48,6560,"dependent"
48,6561,"dependent"
52,6562,"dependent"
52,6563,"dependent"
52,6564,"dependent"
50,6565,"dependent"
52,6566,"dependent"
50,6567,"dependent"
50,6568,"dependent"
50,6569,"dependent"
52,6570,"dependent"
50,6571,"dependent"
50,6572,"dependent"
52,6573,"dependent"
50,6574,"dependent"
48,6575,"dependent"
48,6576,"dependent"
50,6577,"dependent"
46,6578,"dependent"
52,6579,"dependent"
50,6580,"dependent"
50,6581,"dependent"
52,6582,"dependent"
52,6583,"dependent"
52,6584,"dependent"
52,6585,"dependent"
52,6586,"dependent"
52,6587,"dependent"
50,6588,"dependent"
52,6589,"dependent"
52,6590,"dependent"
50,6591,"dependent"
52,6592,"dependent"
52,6593,"dependent"
46,6594,"dependent"
52,6595,"dependent"
52,6596,"dependent"
52,6597,"dependent"
52,6598,"dependent"
48,6599,"dependent"
52,6600,"dependent"
50,6601,"dependent"
52,6602,"dependent"
50,6603,"dependent"
52,6604,"dependent"
50,6605,"dependent"
48,6606,"dependent"
52,6607,"dependent"
52,6608,"dependent"
48,6609,"dependent"
52,6610,"dependent"
50,6611,"dependent"
50,6612,"dependent"
52,6613,"dependent"
52,6614,"dependent"
52,6615,"dependent"
50,6616,"dependent"
50,6617,"dependent"
52,6618,"dependent"
50,6619,"dependent"
50,6620,"dependent"
52,6621,"dependent"
52,6622,"dependent"
52,6623,"dependent"
50,6624,"dependent"
48,6625,"dependent"
52,6626,"dependent"
52,6627,"dependent"
50,6628,"dependent"
52,6629,"dependent"
50,6630,"dependent"
52,6631,"dependent"
50,6632,"dependent"
52,6633,"dependent"
52,6634,"dependent"
50,6635,"dependent"
52,6636,"dependent"
50,6637,"dependent"
52,6638,"dependent"
52,6639,"dependent"
50,6640,"dependent"
52,6641,"dependent"
52,6642,"dependent"
50,6643,"dependent"
52,6644,"dependent"
52,6645,"dependent"
52,6646,"dependent"
52,6647,"dependent"
52,6648,"dependent"
52,6649,"dependent"
48,6650,"dependent"
52,6651,"dependent"
52,6652,"dependent"
52,6653,"dependent"
52,6654,"dependent"
52,6655,"dependent"
50,6656,"dependent"
52,6657,"dependent"
48,6658,"dependent"
52,6659,"dependent"
52,6660,"dependent"
50,6661,"dependent"
52,6662,"dependent"
52,6663,"dependent"
52,6664,"dependent"
52,6665,"dependent"
50,6666,"dependent"
52,6667,"dependent"
50,6668,"dependent"
52,6669,"dependent"
50,6670,"dependent"
52,6671,"dependent"
52,6672,"dependent"
50,6673,"dependent"
52,6674,"dependent"
50,6675,"dependent"
50,6676,"dependent"
50,6677,"dependent"
52,6678,"dependent"
52,6679,"dependent"
48,6680,"dependent"
52,6681,"dependent"
52,6682,"dependent"
48,6683,"dependent"
46,6684,"dependent"
46,6685,"dependent"
52,6686,"dependent"
52,6687,"dependent"
50,6688,"dependent"
52,6689,"dependent"
52,6690,"dependent"
52,6691,"dependent"
48,6692,"dependent"
52,6693,"dependent"
52,6694,"dependent"
48,6695,"dependent"
52,6696,"dependent"
50,6697,"dependent"
52,6698,"dependent"
52,6699,"dependent"
52,6700,"dependent"
52,6701,"dependent"
48,6702,"dependent"
48,6703,"dependent"
52,6704,"dependent"
52,6705,"dependent"
50,6706,"dependent"
48,6707,"dependent"
52,6708,"dependent"
48,6709,"dependent"
52,6710,"dependent"
50,6711,"dependent"
50,6712,"dependent"
52,6713,"dependent"
52,6714,"dependent"
50,6715,"dependent"
50,6716,"dependent"
52,6717,"dependent"
50,6718,"dependent"
52,6719,"dependent"
52,6720,"dependent"
52,6721,"dependent"
52,6722,"dependent"
50,6723,"dependent"
52,6724,"dependent"
50,6725,"dependent"
50,6726,"dependent"
52,6727,"dependent"
52,6728,"dependent"
50,6729,"dependent"
50,6730,"dependent"
50,6731,"dependent"
52,6732,"dependent"
50,6733,"dependent"
52,6734,"dependent"
52,6735,"dependent"
52,6736,"dependent"
48,6737,"dependent"
50,6738,"dependent"
52,6739,"dependent"
50,6740,"dependent"
52,6741,"dependent"
50,6742,"dependent"
48,6743,"dependent"
52,6744,"dependent"
52,6745,"dependent"
50,6746,"dependent"
50,6747,"dependent"
52,6748,"dependent"
50,6749,"dependent"
48,6750,"dependent"
52,6751,"dependent"
52,6752,"dependent"
52,6753,"dependent"
52,6754,"dependent"
50,6755,"dependent"
52,6756,"dependent"
52,6757,"dependent"
50,6758,"dependent"
52,6759,"dependent"
52,6760,"dependent"
48,6761,"dependent"
50,6762,"dependent"
50,6763,"dependent"
50,6764,"dependent"
50,6765,"dependent"
50,6766,"dependent"
52,6767,"dependent"
52,6768,"dependent"
50,6769,"dependent"
50,6770,"dependent"
52,6771,"dependent"
48,6772,"dependent"
50,6773,"dependent"
50,6774,"dependent"
52,6775,"dependent"
52,6776,"dependent"
52,6777,"dependent"
52,6778,"dependent"
52,6779,"dependent"
50,6780,"dependent"
48,6781,"dependent"
52,6782,"dependent"
50,6783,"dependent"
52,6784,"dependent"
50,6785,"dependent"
52,6786,"dependent"
52,6787,"dependent"
52,6788,"dependent"
52,6789,"dependent"
50,6790,"dependent"
50,6791,"dependent"
48,6792,"dependent"
52,6793,"dependent"
52,6794,"dependent"
52,6795,"dependent"
50,6796,"dependent"
52,6797,"dependent"
50,6798,"dependent"
50,6799,"dependent"
50,6800,"dependent"
50,6801,"dependent"
50,6802,"dependent"
50,6803,"dependent"
48,6804,"dependent"
52,6805,"dependent"
52,6806,"dependent"
50,6807,"dependent"
52,6808,"dependent"
50,6809,"dependent"
50,6810,"dependent"
48,6811,"dependent"
50,6812,"dependent"
52,6813,"dependent"
52,6814,"dependent"
52,6815,"dependent"
50,6816,"dependent"
52,6817,"dependent"
52,6818,"dependent"
52,6819,"dependent"
50,6820,"dependent"
50,6821,"dependent"
50,6822,"dependent"
50,6823,"dependent"
52,6824,"dependent"
52,6825,"dependent"
50,6826,"dependent"
48,6827,"dependent"
52,6828,"dependent"
50,6829,"dependent"
48,6830,"dependent"
50,6831,"dependent"
50,6832,"dependent"
50,6833,"dependent"
52,6834,"dependent"
50,6835,"dependent"
52,6836,"dependent"
48,6837,"dependent"
52,6838,"dependent"
52,6839,"dependent"
50,6840,"dependent"
50,6841,"dependent"
50,6842,"dependent"
52,6843,"dependent"
48,6844,"dependent"
52,6845,"dependent"
50,6846,"dependent"
52,6847,"dependent"
52,6848,"dependent"
50,6849,"dependent"
50,6850,"dependent"
50,6851,"dependent"
52,6852,"dependent"
50,6853,"dependent"
52,6854,"dependent"
52,6855,"dependent"
52,6856,"dependent"
46,6857,"dependent"
52,6858,"dependent"
50,6859,"dependent"
52,6860,"dependent"
50,6861,"dependent"
50,6862,"dependent"
50,6863,"dependent"
52,6864,"dependent"
52,6865,"dependent"
52,6866,"dependent"
50,6867,"dependent"
52,6868,"dependent"
52,6869,"dependent"
52,6870,"dependent"
52,6871,"dependent"
50,6872,"dependent"
50,6873,"dependent"
52,6874,"dependent"
52,6875,"dependent"
48,6876,"dependent"
52,6877,"dependent"
50,6878,"dependent"
52,6879,"dependent"
52,6880,"dependent"
52,6881,"dependent"
52,6882,"dependent"
52,6883,"dependent"
52,6884,"dependent"
52,6885,"dependent"
52,6886,"dependent"
52,6887,"dependent"
50,6888,"dependent"
52,6889,"dependent"
50,6890,"dependent"
48,6891,"dependent"
48,6892,"dependent"
50,6893,"dependent"
48,6894,"dependent"
48,6895,"dependent"
52,6896,"dependent"
52,6897,"dependent"
52,6898,"dependent"
52,6899,"dependent"
52,6900,"dependent"
52,6901,"dependent"
52,6902,"dependent"
52,6903,"dependent"
52,6904,"dependent"
52,6905,"dependent"
52,6906,"dependent"
52,6907,"dependent"
48,6908,"dependent"
52,6909,"dependent"
52,6910,"dependent"
52,6911,"dependent"
50,6912,"dependent"
52,6913,"dependent"
50,6914,"dependent"
50,6915,"dependent"
52,6916,"dependent"
52,6917,"dependent"
52,6918,"dependent"
50,6919,"dependent"
50,6920,"dependent"
52,6921,"dependent"
46,6922,"dependent"
52,6923,"dependent"
50,6924,"dependent"
52,6925,"dependent"
52,6926,"dependent"
52,6927,"dependent"
50,6928,"dependent"
52,6929,"dependent"
52,6930,"dependent"
50,6931,"dependent"
52,6932,"dependent"
52,6933,"dependent"
50,6934,"dependent"
50,6935,"dependent"
52,6936,"dependent"
52,6937,"dependent"
52,6938,"dependent"
52,6939,"dependent"
50,6940,"dependent"
52,6941,"dependent"
52,6942,"dependent"
52,6943,"dependent"
52,6944,"dependent"
50,6945,"dependent"
50,6946,"dependent"
52,6947,"dependent"
50,6948,"dependent"
48,6949,"dependent"
50,6950,"dependent"
50,6951,"dependent"
52,6952,"dependent"
50,6953,"dependent"
52,6954,"dependent"
52,6955,"dependent"
50,6956,"dependent"
50,6957,"dependent"
52,6958,"dependent"
48,6959,"dependent"
48,6960,"dependent"
50,6961,"dependent"
50,6962,"dependent"
50,6963,"dependent"
52,6964,"dependent"
52,6965,"dependent"
52,6966,"dependent"
50,6967,"dependent"
50,6968,"dependent"
52,6969,"dependent"
48,6970,"dependent"
50,6971,"dependent"
52,6972,"dependent"
50,6973,"dependent"
48,6974,"dependent"
52,6975,"dependent"
52,6976,"dependent"
50,6977,"dependent"
50,6978,"dependent"
52,6979,"dependent"
52,6980,"dependent"
50,6981,"dependent"
52,6982,"dependent"
48,6983,"dependent"
50,6984,"dependent"
50,6985,"dependent"
50,6986,"dependent"
52,6987,"dependent"
50,6988,"dependent"
48,6989,"dependent"
50,6990,"dependent"
52,6991,"dependent"
48,6992,"dependent"
52,6993,"dependent"
50,6994,"dependent"
52,6995,"dependent"
52,6996,"dependent"
50,6997,"dependent"
52,6998,"dependent"
52,6999,"dependent"
52,7000,"dependent"
52,7001,"dependent"
52,7002,"dependent"
50,7003,"dependent"
50,7004,"dependent"
52,7005,"dependent"
52,7006,"dependent"
52,7007,"dependent"
52,7008,"dependent"
52,7009,"dependent"
52,7010,"dependent"
52,7011,"dependent"
46,7012,"dependent"
50,7013,"dependent"
52,7014,"dependent"
50,7015,"dependent"
52,7016,"dependent"
50,7017,"dependent"
52,7018,"dependent"
50,7019,"dependent"
48,7020,"dependent"
50,7021,"dependent"
50,7022,"dependent"
52,7023,"dependent"
52,7024,"dependent"
52,7025,"dependent"
52,7026,"dependent"
52,7027,"dependent"
52,7028,"dependent"
52,7029,"dependent"
52,7030,"dependent"
52,7031,"dependent"
52,7032,"dependent"
52,7033,"dependent"
50,7034,"dependent"
48,7035,"dependent"
50,7036,"dependent"
52,7037,"dependent"
50,7038,"dependent"
50,7039,"dependent"
52,7040,"dependent"
52,7041,"dependent"
52,7042,"dependent"
52,7043,"dependent"
52,7044,"dependent"
52,7045,"dependent"
46,7046,"dependent"
52,7047,"dependent"
52,7048,"dependent"
50,7049,"dependent"
52,7050,"dependent"
48,7051,"dependent"
52,7052,"dependent"
50,7053,"dependent"
50,7054,"dependent"
52,7055,"dependent"
46,7056,"dependent"
50,7057,"dependent"
50,7058,"dependent"
52,7059,"dependent"
48,7060,"dependent"
50,7061,"dependent"
50,7062,"dependent"
50,7063,"dependent"
50,7064,"dependent"
46,7065,"dependent"
52,7066,"dependent"
52,7067,"dependent"
48,7068,"dependent"
52,7069,"dependent"
50,7070,"dependent"
50,7071,"dependent"
52,7072,"dependent"
52,7073,"dependent"
48,7074,"dependent"
48,7075,"dependent"
52,7076,"dependent"
50,7077,"dependent"
48,7078,"dependent"
52,7079,"dependent"
50,7080,"dependent"
50,7081,"dependent"
50,7082,"dependent"
50,7083,"dependent"
52,7084,"dependent"
52,7085,"dependent"
50,7086,"dependent"
52,7087,"dependent"
52,7088,"dependent"
52,7089,"dependent"
50,7090,"dependent"
52,7091,"dependent"
50,7092,"dependent"
52,7093,"dependent"
50,7094,"dependent"
52,7095,"dependent"
52,7096,"dependent"
52,7097,"dependent"
52,7098,"dependent"
50,7099,"dependent"
52,7100,"dependent"
52,7101,"dependent"
46,7102,"dependent"
50,7103,"dependent"
52,7104,"dependent"
52,7105,"dependent"
52,7106,"dependent"
52,7107,"dependent"
52,7108,"dependent"
52,7109,"dependent"
52,7110,"dependent"
50,7111,"dependent"
50,7112,"dependent"
50,7113,"dependent"
50,7114,"dependent"
52,7115,"dependent"
50,7116,"dependent"
50,7117,"dependent"
52,7118,"dependent"
48,7119,"dependent"
50,7120,"dependent"
50,7121,"dependent"
52,7122,"dependent"
52,7123,"dependent"
50,7124,"dependent"
52,7125,"dependent"
48,7126,"dependent"
52,7127,"dependent"
52,7128,"dependent"
52,7129,"dependent"
50,7130,"dependent"
52,7131,"dependent"
48,7132,"dependent"
52,7133,"dependent"
50,7134,"dependent"
50,7135,"dependent"
52,7136,"dependent"
52,7137,"dependent"
52,7138,"dependent"
50,7139,"dependent"
48,7140,"dependent"
52,7141,"dependent"
50,7142,"dependent"
52,7143,"dependent"
52,7144,"dependent"
52,7145,"dependent"
50,7146,"dependent"
50,7147,"dependent"
52,7148,"dependent"
52,7149,"dependent"
52,7150,"dependent"
52,7151,"dependent"
52,7152,"dependent"
50,7153,"dependent"
46,7154,"dependent"
48,7155,"dependent"
52,7156,"dependent"
50,7157,"dependent"
50,7158,"dependent"
50,7159,"dependent"
52,7160,"dependent"
50,7161,"dependent"
46,7162,"dependent"
50,7163,"dependent"
50,7164,"dependent"
52,7165,"dependent"
52,7166,"dependent"
50,7167,"dependent"
52,7168,"dependent"
52,7169,"dependent"
50,7170,"dependent"
50,7171,"dependent"
52,7172,"dependent"
52,7173,"dependent"
48,7174,"dependent"
52,7175,"dependent"
50,7176,"dependent"
52,7177,"dependent"
50,7178,"dependent"
52,7179,"dependent"
48,7180,"dependent"
52,7181,"dependent"
48,7182,"dependent"
52,7183,"dependent"
52,7184,"dependent"
52,7185,"dependent"
52,7186,"dependent"
50,7187,"dependent"
52,7188,"dependent"
52,7189,"dependent"
52,7190,"dependent"
48,7191,"dependent"
50,7192,"dependent"
50,7193,"dependent"
52,7194,"dependent"
50,7195,"dependent"
50,7196,"dependent"
52,7197,"dependent"
50,7198,"dependent"
50,7199,"dependent"
50,7200,"dependent"
52,7201,"dependent"
50,7202,"dependent"
52,7203,"dependent"
52,7204,"dependent"
50,7205,"dependent"
46,7206,"dependent"
44,7207,"dependent"
52,7208,"dependent"
50,7209,"dependent"
52,7210,"dependent"
52,7211,"dependent"
48,7212,"dependent"
52,7213,"dependent"
50,7214,"dependent"
50,7215,"dependent"
52,7216,"dependent"
52,7217,"dependent"
52,7218,"dependent"
52,7219,"dependent"
50,7220,"dependent"
48,7221,"dependent"
52,7222,"dependent"
52,7223,"dependent"
52,7224,"dependent"
52,7225,"dependent"
50,7226,"dependent"
50,7227,"dependent"
52,7228,"dependent"
50,7229,"dependent"
52,7230,"dependent"
50,7231,"dependent"
48,7232,"dependent"
52,7233,"dependent"
50,7234,"dependent"
52,7235,"dependent"
52,7236,"dependent"
52,7237,"dependent"
52,7238,"dependent"
52,7239,"dependent"
52,7240,"dependent"
50,7241,"dependent"
52,7242,"dependent"
50,7243,"dependent"
52,7244,"dependent"
48,7245,"dependent"
52,7246,"dependent"
52,7247,"dependent"
52,7248,"dependent"
52,7249,"dependent"
52,7250,"dependent"
52,7251,"dependent"
52,7252,"dependent"
50,7253,"dependent"
52,7254,"dependent"
52,7255,"dependent"
44,7256,"dependent"
50,7257,"dependent"
50,7258,"dependent"
52,7259,"dependent"
48,7260,"dependent"
52,7261,"dependent"
50,7262,"dependent"
52,7263,"dependent"
50,7264,"dependent"
52,7265,"dependent"
52,7266,"dependent"
52,7267,"dependent"
50,7268,"dependent"
52,7269,"dependent"
50,7270,"dependent"
52,7271,"dependent"
50,7272,"dependent"
52,7273,"dependent"
52,7274,"dependent"
52,7275,"dependent"
50,7276,"dependent"
48,7277,"dependent"
50,7278,"dependent"
52,7279,"dependent"
52,7280,"dependent"
52,7281,"dependent"
52,7282,"dependent"
52,7283,"dependent"
52,7284,"dependent"
52,7285,"dependent"
50,7286,"dependent"
52,7287,"dependent"
50,7288,"dependent"
48,7289,"dependent"
50,7290,"dependent"
52,7291,"dependent"
50,7292,"dependent"
52,7293,"dependent"
50,7294,"dependent"
50,7295,"dependent"
52,7296,"dependent"
50,7297,"dependent"
52,7298,"dependent"
52,7299,"dependent"
52,7300,"dependent"
52,7301,"dependent"
52,7302,"dependent"
52,7303,"dependent"
52,7304,"dependent"
52,7305,"dependent"
52,7306,"dependent"
50,7307,"dependent"
48,7308,"dependent"
50,7309,"dependent"
50,7310,"dependent"
52,7311,"dependent"
50,7312,"dependent"
50,7313,"dependent"
50,7314,"dependent"
50,7315,"dependent"
50,7316,"dependent"
50,7317,"dependent"
52,7318,"dependent"
50,7319,"dependent"
52,7320,"dependent"
52,7321,"dependent"
50,7322,"dependent"
50,7323,"dependent"
52,7324,"dependent"
52,7325,"dependent"
52,7326,"dependent"
48,7327,"dependent"
50,7328,"dependent"
48,7329,"dependent"
52,7330,"dependent"
50,7331,"dependent"
50,7332,"dependent"
52,7333,"dependent"
52,7334,"dependent"
46,7335,"dependent"
50,7336,"dependent"
52,7337,"dependent"
50,7338,"dependent"
52,7339,"dependent"
52,7340,"dependent"
50,7341,"dependent"
52,7342,"dependent"
52,7343,"dependent"
52,7344,"dependent"
52,7345,"dependent"
52,7346,"dependent"
50,7347,"dependent"
48,7348,"dependent"
52,7349,"dependent"
50,7350,"dependent"
50,7351,"dependent"
48,7352,"dependent"
44,7353,"dependent"
50,7354,"dependent"
50,7355,"dependent"
52,7356,"dependent"
48,7357,"dependent"
52,7358,"dependent"
52,7359,"dependent"
50,7360,"dependent"
50,7361,"dependent"
52,7362,"dependent"
52,7363,"dependent"
48,7364,"dependent"
46,7365,"dependent"
52,7366,"dependent"
52,7367,"dependent"
50,7368,"dependent"
50,7369,"dependent"
52,7370,"dependent"
52,7371,"dependent"
52,7372,"dependent"
52,7373,"dependent"
48,7374,"dependent"
52,7375,"dependent"
52,7376,"dependent"
52,7377,"dependent"
52,7378,"dependent"
52,7379,"dependent"
52,7380,"dependent"
52,7381,"dependent"
50,7382,"dependent"
52,7383,"dependent"
52,7384,"dependent"
52,7385,"dependent"
52,7386,"dependent"
52,7387,"dependent"
52,7388,"dependent"
50,7389,"dependent"
50,7390,"dependent"
52,7391,"dependent"
50,7392,"dependent"
50,7393,"dependent"
52,7394,"dependent"
50,7395,"dependent"
50,7396,"dependent"
52,7397,"dependent"
52,7398,"dependent"
52,7399,"dependent"
52,7400,"dependent"
52,7401,"dependent"
52,7402,"dependent"
50,7403,"dependent"
52,7404,"dependent"
50,7405,"dependent"
50,7406,"dependent"
52,7407,"dependent"
50,7408,"dependent"
52,7409,"dependent"
50,7410,"dependent"
52,7411,"dependent"
52,7412,"dependent"
50,7413,"dependent"
50,7414,"dependent"
52,7415,"dependent"
52,7416,"dependent"
48,7417,"dependent"
52,7418,"dependent"
52,7419,"dependent"
52,7420,"dependent"
52,7421,"dependent"
52,7422,"dependent"
52,7423,"dependent"
52,7424,"dependent"
52,7425,"dependent"
52,7426,"dependent"
52,7427,"dependent"
52,7428,"dependent"
52,7429,"dependent"
50,7430,"dependent"
52,7431,"dependent"
48,7432,"dependent"
52,7433,"dependent"
52,7434,"dependent"
50,7435,"dependent"
52,7436,"dependent"
50,7437,"dependent"
50,7438,"dependent"
52,7439,"dependent"
52,7440,"dependent"
52,7441,"dependent"
48,7442,"dependent"
52,7443,"dependent"
52,7444,"dependent"
48,7445,"dependent"
52,7446,"dependent"
50,7447,"dependent"
52,7448,"dependent"
52,7449,"dependent"
50,7450,"dependent"
52,7451,"dependent"
52,7452,"dependent"
52,7453,"dependent"
50,7454,"dependent"
52,7455,"dependent"
48,7456,"dependent"
52,7457,"dependent"
50,7458,"dependent"
50,7459,"dependent"
52,7460,"dependent"
52,7461,"dependent"
52,7462,"dependent"
50,7463,"dependent"
52,7464,"dependent"
48,7465,"dependent"
52,7466,"dependent"
52,7467,"dependent"
52,7468,"dependent"
52,7469,"dependent"
48,7470,"dependent"
52,7471,"dependent"
48,7472,"dependent"
50,7473,"dependent"
50,7474,"dependent"
52,7475,"dependent"
52,7476,"dependent"
50,7477,"dependent"
52,7478,"dependent"
48,7479,"dependent"
50,7480,"dependent"
52,7481,"dependent"
52,7482,"dependent"
50,7483,"dependent"
50,7484,"dependent"
50,7485,"dependent"
52,7486,"dependent"
52,7487,"dependent"
52,7488,"dependent"
52,7489,"dependent"
50,7490,"dependent"
50,7491,"dependent"
48,7492,"dependent"
52,7493,"dependent"
52,7494,"dependent"
52,7495,"dependent"
52,7496,"dependent"
52,7497,"dependent"
52,7498,"dependent"
52,7499,"dependent"
52,7500,"dependent"
52,7501,"dependent"
52,7502,"dependent"
52,7503,"dependent"
50,7504,"dependent"
52,7505,"dependent"
52,7506,"dependent"
52,7507,"dependent"
52,7508,"dependent"
50,7509,"dependent"
50,7510,"dependent"
48,7511,"dependent"
52,7512,"dependent"
52,7513,"dependent"
52,7514,"dependent"
52,7515,"dependent"
52,7516,"dependent"
52,7517,"dependent"
52,7518,"dependent"
52,7519,"dependent"
52,7520,"dependent"
50,7521,"dependent"
52,7522,"dependent"
52,7523,"dependent"
50,7524,"dependent"
52,7525,"dependent"
48,7526,"dependent"
52,7527,"dependent"
48,7528,"dependent"
52,7529,"dependent"
50,7530,"dependent"
50,7531,"dependent"
50,7532,"dependent"
50,7533,"dependent"
48,7534,"dependent"
52,7535,"dependent"
52,7536,"dependent"
50,7537,"dependent"
50,7538,"dependent"
50,7539,"dependent"
50,7540,"dependent"
52,7541,"dependent"
52,7542,"dependent"
50,7543,"dependent"
52,7544,"dependent"
52,7545,"dependent"
52,7546,"dependent"
50,7547,"dependent"
52,7548,"dependent"
52,7549,"dependent"
50,7550,"dependent"
52,7551,"dependent"
50,7552,"dependent"
52,7553,"dependent"
52,7554,"dependent"
52,7555,"dependent"
52,7556,"dependent"
50,7557,"dependent"
50,7558,"dependent"
52,7559,"dependent"
52,7560,"dependent"
50,7561,"dependent"
52,7562,"dependent"
52,7563,"dependent"
52,7564,"dependent"
52,7565,"dependent"
52,7566,"dependent"
52,7567,"dependent"
50,7568,"dependent"
52,7569,"dependent"
48,7570,"dependent"
52,7571,"dependent"
52,7572,"dependent"
50,7573,"dependent"
52,7574,"dependent"
52,7575,"dependent"
50,7576,"dependent"
52,7577,"dependent"
52,7578,"dependent"
52,7579,"dependent"
52,7580,"dependent"
50,7581,"dependent"
50,7582,"dependent"
52,7583,"dependent"
52,7584,"dependent"
52,7585,"dependent"
50,7586,"dependent"
52,7587,"dependent"
50,7588,"dependent"
52,7589,"dependent"
48,7590,"dependent"
50,7591,"dependent"
50,7592,"dependent"
48,7593,"dependent"
50,7594,"dependent"
52,7595,"dependent"
52,7596,"dependent"
52,7597,"dependent"
52,7598,"dependent"
50,7599,"dependent"
52,7600,"dependent"
52,7601,"dependent"
52,7602,"dependent"
50,7603,"dependent"
52,7604,"dependent"
50,7605,"dependent"
50,7606,"dependent"
52,7607,"dependent"
50,7608,"dependent"
52,7609,"dependent"
50,7610,"dependent"
52,7611,"dependent"
50,7612,"dependent"
52,7613,"dependent"
50,7614,"dependent"
50,7615,"dependent"
52,7616,"dependent"
52,7617,"dependent"
52,7618,"dependent"
50,7619,"dependent"
50,7620,"dependent"
50,7621,"dependent"
52,7622,"dependent"
52,7623,"dependent"
48,7624,"dependent"
52,7625,"dependent"
52,7626,"dependent"
50,7627,"dependent"
48,7628,"dependent"
50,7629,"dependent"
52,7630,"dependent"
52,7631,"dependent"
52,7632,"dependent"
52,7633,"dependent"
50,7634,"dependent"
52,7635,"dependent"
52,7636,"dependent"
52,7637,"dependent"
48,7638,"dependent"
52,7639,"dependent"
50,7640,"dependent"
52,7641,"dependent"
52,7642,"dependent"
52,7643,"dependent"
52,7644,"dependent"
52,7645,"dependent"
52,7646,"dependent"
52,7647,"dependent"
52,7648,"dependent"
50,7649,"dependent"
50,7650,"dependent"
48,7651,"dependent"
50,7652,"dependent"
50,7653,"dependent"
50,7654,"dependent"
50,7655,"dependent"
52,7656,"dependent"
52,7657,"dependent"
50,7658,"dependent"
52,7659,"dependent"
48,7660,"dependent"
52,7661,"dependent"
52,7662,"dependent"
52,7663,"dependent"
50,7664,"dependent"
52,7665,"dependent"
50,7666,"dependent"
52,7667,"dependent"
46,7668,"dependent"
52,7669,"dependent"
48,7670,"dependent"
52,7671,"dependent"
52,7672,"dependent"
52,7673,"dependent"
52,7674,"dependent"
52,7675,"dependent"
50,7676,"dependent"
50,7677,"dependent"
52,7678,"dependent"
50,7679,"dependent"
52,7680,"dependent"
52,7681,"dependent"
52,7682,"dependent"
52,7683,"dependent"
50,7684,"dependent"
52,7685,"dependent"
52,7686,"dependent"
48,7687,"dependent"
52,7688,"dependent"
48,7689,"dependent"
52,7690,"dependent"
50,7691,"dependent"
52,7692,"dependent"
50,7693,"dependent"
50,7694,"dependent"
52,7695,"dependent"
50,7696,"dependent"
52,7697,"dependent"
52,7698,"dependent"
52,7699,"dependent"
50,7700,"dependent"
52,7701,"dependent"
52,7702,"dependent"
50,7703,"dependent"
50,7704,"dependent"
52,7705,"dependent"
48,7706,"dependent"
52,7707,"dependent"
52,7708,"dependent"
52,7709,"dependent"
52,7710,"dependent"
52,7711,"dependent"
52,7712,"dependent"
48,7713,"dependent"
52,7714,"dependent"
50,7715,"dependent"
50,7716,"dependent"
50,7717,"dependent"
50,7718,"dependent"
50,7719,"dependent"
50,7720,"dependent"
52,7721,"dependent"
50,7722,"dependent"
50,7723,"dependent"
52,7724,"dependent"
48,7725,"dependent"
52,7726,"dependent"
52,7727,"dependent"
52,7728,"dependent"
50,7729,"dependent"
52,7730,"dependent"
44,7731,"dependent"
50,7732,"dependent"
52,7733,"dependent"
52,7734,"dependent"
52,7735,"dependent"
50,7736,"dependent"
52,7737,"dependent"
52,7738,"dependent"
52,7739,"dependent"
50,7740,"dependent"
52,7741,"dependent"
52,7742,"dependent"
52,7743,"dependent"
50,7744,"dependent"
52,7745,"dependent"
52,7746,"dependent"
50,7747,"dependent"
52,7748,"dependent"
46,7749,"dependent"
50,7750,"dependent"
50,7751,"dependent"
52,7752,"dependent"
52,7753,"dependent"
50,7754,"dependent"
52,7755,"dependent"
50,7756,"dependent"
52,7757,"dependent"
52,7758,"dependent"
46,7759,"dependent"
46,7760,"dependent"
46,7761,"dependent"
52,7762,"dependent"
50,7763,"dependent"
48,7764,"dependent"
52,7765,"dependent"
50,7766,"dependent"
52,7767,"dependent"
50,7768,"dependent"
50,7769,"dependent"
50,7770,"dependent"
50,7771,"dependent"
52,7772,"dependent"
52,7773,"dependent"
52,7774,"dependent"
52,7775,"dependent"
52,7776,"dependent"
52,7777,"dependent"
50,7778,"dependent"
50,7779,"dependent"
50,7780,"dependent"
52,7781,"dependent"
52,7782,"dependent"
52,7783,"dependent"
52,7784,"dependent"
52,7785,"dependent"
52,7786,"dependent"
50,7787,"dependent"
52,7788,"dependent"
52,7789,"dependent"
52,7790,"dependent"
50,7791,"dependent"
50,7792,"dependent"
52,7793,"dependent"
48,7794,"dependent"
52,7795,"dependent"
50,7796,"dependent"
52,7797,"dependent"
52,7798,"dependent"
50,7799,"dependent"
50,7800,"dependent"
52,7801,"dependent"
50,7802,"dependent"
52,7803,"dependent"
50,7804,"dependent"
52,7805,"dependent"
52,7806,"dependent"
52,7807,"dependent"
52,7808,"dependent"
52,7809,"dependent"
52,7810,"dependent"
52,7811,"dependent"
52,7812,"dependent"
52,7813,"dependent"
50,7814,"dependent"
52,7815,"dependent"
50,7816,"dependent"
52,7817,"dependent"
50,7818,"dependent"
48,7819,"dependent"
48,7820,"dependent"
52,7821,"dependent"
50,7822,"dependent"
46,7823,"dependent"
52,7824,"dependent"
50,7825,"dependent"
52,7826,"dependent"
52,7827,"dependent"
50,7828,"dependent"
52,7829,"dependent"
52,7830,"dependent"
50,7831,"dependent"
50,7832,"dependent"
52,7833,"dependent"
48,7834,"dependent"
52,7835,"dependent"
52,7836,"dependent"
52,7837,"dependent"
52,7838,"dependent"
48,7839,"dependent"
50,7840,"dependent"
52,7841,"dependent"
48,7842,"dependent"
52,7843,"dependent"
50,7844,"dependent"
48,7845,"dependent"
52,7846,"dependent"
50,7847,"dependent"
52,7848,"dependent"
46,7849,"dependent"
50,7850,"dependent"
50,7851,"dependent"
52,7852,"dependent"
48,7853,"dependent"
52,7854,"dependent"
50,7855,"dependent"
52,7856,"dependent"
52,7857,"dependent"
50,7858,"dependent"
48,7859,"dependent"
50,7860,"dependent"
52,7861,"dependent"
48,7862,"dependent"
52,7863,"dependent"
50,7864,"dependent"
50,7865,"dependent"
52,7866,"dependent"
50,7867,"dependent"
48,7868,"dependent"
52,7869,"dependent"
50,7870,"dependent"
52,7871,"dependent"
50,7872,"dependent"
52,7873,"dependent"
50,7874,"dependent"
50,7875,"dependent"
50,7876,"dependent"
52,7877,"dependent"
48,7878,"dependent"
50,7879,"dependent"
48,7880,"dependent"
50,7881,"dependent"
52,7882,"dependent"
50,7883,"dependent"
52,7884,"dependent"
52,7885,"dependent"
46,7886,"dependent"
50,7887,"dependent"
52,7888,"dependent"
52,7889,"dependent"
50,7890,"dependent"
52,7891,"dependent"
52,7892,"dependent"
52,7893,"dependent"
52,7894,"dependent"
52,7895,"dependent"
46,7896,"dependent"
52,7897,"dependent"
50,7898,"dependent"
52,7899,"dependent"
52,7900,"dependent"
52,7901,"dependent"
52,7902,"dependent"
52,7903,"dependent"
52,7904,"dependent"
52,7905,"dependent"
50,7906,"dependent"
52,7907,"dependent"
52,7908,"dependent"
52,7909,"dependent"
50,7910,"dependent"
52,7911,"dependent"
50,7912,"dependent"
50,7913,"dependent"
52,7914,"dependent"
50,7915,"dependent"
52,7916,"dependent"
50,7917,"dependent"
52,7918,"dependent"
52,7919,"dependent"
50,7920,"dependent"
52,7921,"dependent"
52,7922,"dependent"
52,7923,"dependent"
50,7924,"dependent"
52,7925,"dependent"
50,7926,"dependent"
50,7927,"dependent"
52,7928,"dependent"
52,7929,"dependent"
52,7930,"dependent"
52,7931,"dependent"
52,7932,"dependent"
52,7933,"dependent"
48,7934,"dependent"
50,7935,"dependent"
50,7936,"dependent"
52,7937,"dependent"
50,7938,"dependent"
46,7939,"dependent"
52,7940,"dependent"
50,7941,"dependent"
50,7942,"dependent"
52,7943,"dependent"
50,7944,"dependent"
46,7945,"dependent"
52,7946,"dependent"
48,7947,"dependent"
52,7948,"dependent"
50,7949,"dependent"
52,7950,"dependent"
50,7951,"dependent"
48,7952,"dependent"
50,7953,"dependent"
48,7954,"dependent"
52,7955,"dependent"
52,7956,"dependent"
50,7957,"dependent"
48,7958,"dependent"
50,7959,"dependent"
52,7960,"dependent"
50,7961,"dependent"
52,7962,"dependent"
52,7963,"dependent"
50,7964,"dependent"
50,7965,"dependent"
50,7966,"dependent"
50,7967,"dependent"
50,7968,"dependent"
52,7969,"dependent"
46,7970,"dependent"
50,7971,"dependent"
50,7972,"dependent"
52,7973,"dependent"
52,7974,"dependent"
52,7975,"dependent"
48,7976,"dependent"
50,7977,"dependent"
52,7978,"dependent"
50,7979,"dependent"
52,7980,"dependent"
52,7981,"dependent"
52,7982,"dependent"
50,7983,"dependent"
52,7984,"dependent"
52,7985,"dependent"
52,7986,"dependent"
52,7987,"dependent"
50,7988,"dependent"
52,7989,"dependent"
50,7990,"dependent"
52,7991,"dependent"
52,7992,"dependent"
50,7993,"dependent"
50,7994,"dependent"
50,7995,"dependent"
52,7996,"dependent"
50,7997,"dependent"
50,7998,"dependent"
52,7999,"dependent"
50,8000,"dependent"
52,8001,"dependent"
52,8002,"dependent"
48,8003,"dependent"
52,8004,"dependent"
50,8005,"dependent"
50,8006,"dependent"
46,8007,"dependent"
50,8008,"dependent"
52,8009,"dependent"
50,8010,"dependent"
50,8011,"dependent"
50,8012,"dependent"
50,8013,"dependent"
52,8014,"dependent"
48,8015,"dependent"
46,8016,"dependent"
52,8017,"dependent"
50,8018,"dependent"
52,8019,"dependent"
48,8020,"dependent"
50,8021,"dependent"
52,8022,"dependent"
50,8023,"dependent"
50,8024,"dependent"
48,8025,"dependent"
50,8026,"dependent"
52,8027,"dependent"
50,8028,"dependent"
50,8029,"dependent"
52,8030,"dependent"
48,8031,"dependent"
52,8032,"dependent"
52,8033,"dependent"
52,8034,"dependent"
52,8035,"dependent"
46,8036,"dependent"
52,8037,"dependent"
50,8038,"dependent"
52,8039,"dependent"
52,8040,"dependent"
50,8041,"dependent"
52,8042,"dependent"
52,8043,"dependent"
52,8044,"dependent"
50,8045,"dependent"
52,8046,"dependent"
50,8047,"dependent"
50,8048,"dependent"
52,8049,"dependent"
52,8050,"dependent"
50,8051,"dependent"
52,8052,"dependent"
50,8053,"dependent"
50,8054,"dependent"
52,8055,"dependent"
52,8056,"dependent"
52,8057,"dependent"
50,8058,"dependent"
52,8059,"dependent"
52,8060,"dependent"
50,8061,"dependent"
52,8062,"dependent"
50,8063,"dependent"
48,8064,"dependent"
50,8065,"dependent"
50,8066,"dependent"
50,8067,"dependent"
52,8068,"dependent"
52,8069,"dependent"
50,8070,"dependent"
50,8071,"dependent"
52,8072,"dependent"
52,8073,"dependent"
50,8074,"dependent"
52,8075,"dependent"
50,8076,"dependent"
52,8077,"dependent"
48,8078,"dependent"
48,8079,"dependent"
48,8080,"dependent"
50,8081,"dependent"
52,8082,"dependent"
52,8083,"dependent"
52,8084,"dependent"
52,8085,"dependent"
52,8086,"dependent"
52,8087,"dependent"
52,8088,"dependent"
52,8089,"dependent"
48,8090,"dependent"
50,8091,"dependent"
52,8092,"dependent"
52,8093,"dependent"
52,8094,"dependent"
52,8095,"dependent"
44,8096,"dependent"
52,8097,"dependent"
52,8098,"dependent"
52,8099,"dependent"
50,8100,"dependent"
52,8101,"dependent"
52,8102,"dependent"
52,8103,"dependent"
48,8104,"dependent"
52,8105,"dependent"
50,8106,"dependent"
50,8107,"dependent"
52,8108,"dependent"
52,8109,"dependent"
52,8110,"dependent"
52,8111,"dependent"
50,8112,"dependent"
50,8113,"dependent"
52,8114,"dependent"
52,8115,"dependent"
50,8116,"dependent"
50,8117,"dependent"
52,8118,"dependent"
52,8119,"dependent"
52,8120,"dependent"
52,8121,"dependent"
52,8122,"dependent"
50,8123,"dependent"
50,8124,"dependent"
52,8125,"dependent"
52,8126,"dependent"
50,8127,"dependent"
52,8128,"dependent"
52,8129,"dependent"
52,8130,"dependent"
50,8131,"dependent"
50,8132,"dependent"
52,8133,"dependent"
48,8134,"dependent"
52,8135,"dependent"
52,8136,"dependent"
46,8137,"dependent"
52,8138,"dependent"
50,8139,"dependent"
52,8140,"dependent"
52,8141,"dependent"
52,8142,"dependent"
48,8143,"dependent"
50,8144,"dependent"
52,8145,"dependent"
52,8146,"dependent"
52,8147,"dependent"
52,8148,"dependent"
50,8149,"dependent"
52,8150,"dependent"
52,8151,"dependent"
52,8152,"dependent"
50,8153,"dependent"
52,8154,"dependent"
52,8155,"dependent"
52,8156,"dependent"
50,8157,"dependent"
52,8158,"dependent"
52,8159,"dependent"
52,8160,"dependent"
52,8161,"dependent"
52,8162,"dependent"
52,8163,"dependent"
50,8164,"dependent"
50,8165,"dependent"
52,8166,"dependent"
50,8167,"dependent"
50,8168,"dependent"
48,8169,"dependent"
48,8170,"dependent"
50,8171,"dependent"
50,8172,"dependent"
52,8173,"dependent"
48,8174,"dependent"
50,8175,"dependent"
52,8176,"dependent"
48,8177,"dependent"
52,8178,"dependent"
50,8179,"dependent"
52,8180,"dependent"
52,8181,"dependent"
52,8182,"dependent"
52,8183,"dependent"
52,8184,"dependent"
52,8185,"dependent"
50,8186,"dependent"
52,8187,"dependent"
50,8188,"dependent"
50,8189,"dependent"
48,8190,"dependent"
50,8191,"dependent"
50,8192,"dependent"
52,8193,"dependent"
52,8194,"dependent"
52,8195,"dependent"
52,8196,"dependent"
48,8197,"dependent"
50,8198,"dependent"
48,8199,"dependent"
52,8200,"dependent"
52,8201,"dependent"
52,8202,"dependent"
52,8203,"dependent"
52,8204,"dependent"
52,8205,"dependent"
50,8206,"dependent"
50,8207,"dependent"
50,8208,"dependent"
52,8209,"dependent"
48,8210,"dependent"
50,8211,"dependent"
48,8212,"dependent"
52,8213,"dependent"
52,8214,"dependent"
48,8215,"dependent"
50,8216,"dependent"
52,8217,"dependent"
52,8218,"dependent"
48,8219,"dependent"
52,8220,"dependent"
52,8221,"dependent"
52,8222,"dependent"
52,8223,"dependent"
46,8224,"dependent"
52,8225,"dependent"
50,8226,"dependent"
52,8227,"dependent"
52,8228,"dependent"
48,8229,"dependent"
52,8230,"dependent"
52,8231,"dependent"
52,8232,"dependent"
50,8233,"dependent"
52,8234,"dependent"
48,8235,"dependent"
50,8236,"dependent"
52,8237,"dependent"
52,8238,"dependent"
52,8239,"dependent"
50,8240,"dependent"
50,8241,"dependent"
52,8242,"dependent"
52,8243,"dependent"
52,8244,"dependent"
50,8245,"dependent"
50,8246,"dependent"
50,8247,"dependent"
52,8248,"dependent"
52,8249,"dependent"
52,8250,"dependent"
52,8251,"dependent"
50,8252,"dependent"
50,8253,"dependent"
50,8254,"dependent"
52,8255,"dependent"
52,8256,"dependent"
52,8257,"dependent"
52,8258,"dependent"
50,8259,"dependent"
46,8260,"dependent"
52,8261,"dependent"
52,8262,"dependent"
52,8263,"dependent"
52,8264,"dependent"
50,8265,"dependent"
52,8266,"dependent"
50,8267,"dependent"
46,8268,"dependent"
52,8269,"dependent"
52,8270,"dependent"
52,8271,"dependent"
46,8272,"dependent"
52,8273,"dependent"
52,8274,"dependent"
52,8275,"dependent"
52,8276,"dependent"
52,8277,"dependent"
52,8278,"dependent"
52,8279,"dependent"
52,8280,"dependent"
50,8281,"dependent"
52,8282,"dependent"
50,8283,"dependent"
48,8284,"dependent"
52,8285,"dependent"
50,8286,"dependent"
52,8287,"dependent"
50,8288,"dependent"
52,8289,"dependent"
50,8290,"dependent"
52,8291,"dependent"
50,8292,"dependent"
52,8293,"dependent"
52,8294,"dependent"
50,8295,"dependent"
52,8296,"dependent"
50,8297,"dependent"
48,8298,"dependent"
52,8299,"dependent"
50,8300,"dependent"
52,8301,"dependent"
52,8302,"dependent"
52,8303,"dependent"
52,8304,"dependent"
52,8305,"dependent"
52,8306,"dependent"
50,8307,"dependent"
52,8308,"dependent"
48,8309,"dependent"
52,8310,"dependent"
50,8311,"dependent"
52,8312,"dependent"
50,8313,"dependent"
52,8314,"dependent"
48,8315,"dependent"
52,8316,"dependent"
50,8317,"dependent"
52,8318,"dependent"
52,8319,"dependent"
52,8320,"dependent"
50,8321,"dependent"
50,8322,"dependent"
52,8323,"dependent"
52,8324,"dependent"
52,8325,"dependent"
52,8326,"dependent"
50,8327,"dependent"
52,8328,"dependent"
52,8329,"dependent"
52,8330,"dependent"
50,8331,"dependent"
52,8332,"dependent"
52,8333,"dependent"
52,8334,"dependent"
52,8335,"dependent"
46,8336,"dependent"
52,8337,"dependent"
50,8338,"dependent"
52,8339,"dependent"
52,8340,"dependent"
52,8341,"dependent"
52,8342,"dependent"
52,8343,"dependent"
48,8344,"dependent"
50,8345,"dependent"
50,8346,"dependent"
52,8347,"dependent"
50,8348,"dependent"
48,8349,"dependent"
52,8350,"dependent"
52,8351,"dependent"
52,8352,"dependent"
50,8353,"dependent"
52,8354,"dependent"
52,8355,"dependent"
52,8356,"dependent"
52,8357,"dependent"
50,8358,"dependent"
48,8359,"dependent"
50,8360,"dependent"
50,8361,"dependent"
50,8362,"dependent"
52,8363,"dependent"
52,8364,"dependent"
52,8365,"dependent"
50,8366,"dependent"
52,8367,"dependent"
52,8368,"dependent"
50,8369,"dependent"
52,8370,"dependent"
50,8371,"dependent"
52,8372,"dependent"
52,8373,"dependent"
52,8374,"dependent"
52,8375,"dependent"
52,8376,"dependent"
48,8377,"dependent"
50,8378,"dependent"
50,8379,"dependent"
52,8380,"dependent"
50,8381,"dependent"
52,8382,"dependent"
52,8383,"dependent"
52,8384,"dependent"
52,8385,"dependent"
52,8386,"dependent"
52,8387,"dependent"
52,8388,"dependent"
50,8389,"dependent"
52,8390,"dependent"
50,8391,"dependent"
52,8392,"dependent"
52,8393,"dependent"
52,8394,"dependent"
48,8395,"dependent"
52,8396,"dependent"
50,8397,"dependent"
50,8398,"dependent"
50,8399,"dependent"
50,8400,"dependent"
52,8401,"dependent"
44,8402,"dependent"
50,8403,"dependent"
50,8404,"dependent"
52,8405,"dependent"
48,8406,"dependent"
52,8407,"dependent"
50,8408,"dependent"
52,8409,"dependent"
52,8410,"dependent"
50,8411,"dependent"
52,8412,"dependent"
52,8413,"dependent"
48,8414,"dependent"
52,8415,"dependent"
50,8416,"dependent"
52,8417,"dependent"
50,8418,"dependent"
50,8419,"dependent"
50,8420,"dependent"
52,8421,"dependent"
48,8422,"dependent"
48,8423,"dependent"
50,8424,"dependent"
52,8425,"dependent"
52,8426,"dependent"
50,8427,"dependent"
52,8428,"dependent"
50,8429,"dependent"
52,8430,"dependent"
52,8431,"dependent"
50,8432,"dependent"
50,8433,"dependent"
52,8434,"dependent"
52,8435,"dependent"
50,8436,"dependent"
50,8437,"dependent"
52,8438,"dependent"
48,8439,"dependent"
50,8440,"dependent"
50,8441,"dependent"
48,8442,"dependent"
52,8443,"dependent"
52,8444,"dependent"
48,8445,"dependent"
50,8446,"dependent"
46,8447,"dependent"
52,8448,"dependent"
52,8449,"dependent"
48,8450,"dependent"
52,8451,"dependent"
52,8452,"dependent"
52,8453,"dependent"
50,8454,"dependent"
52,8455,"dependent"
48,8456,"dependent"
50,8457,"dependent"
48,8458,"dependent"
50,8459,"dependent"
50,8460,"dependent"
52,8461,"dependent"
52,8462,"dependent"
52,8463,"dependent"
50,8464,"dependent"
50,8465,"dependent"
50,8466,"dependent"
52,8467,"dependent"
52,8468,"dependent"
52,8469,"dependent"
48,8470,"dependent"
52,8471,"dependent"
50,8472,"dependent"
50,8473,"dependent"
50,8474,"dependent"
50,8475,"dependent"
50,8476,"dependent"
50,8477,"dependent"
52,8478,"dependent"
52,8479,"dependent"
50,8480,"dependent"
48,8481,"dependent"
52,8482,"dependent"
52,8483,"dependent"
52,8484,"dependent"
52,8485,"dependent"
52,8486,"dependent"
50,8487,"dependent"
50,8488,"dependent"
52,8489,"dependent"
52,8490,"dependent"
52,8491,"dependent"
52,8492,"dependent"
52,8493,"dependent"
52,8494,"dependent"
50,8495,"dependent"
52,8496,"dependent"
46,8497,"dependent"
52,8498,"dependent"
52,8499,"dependent"
52,8500,"dependent"
50,8501,"dependent"
52,8502,"dependent"
52,8503,"dependent"
52,8504,"dependent"
48,8505,"dependent"
52,8506,"dependent"
52,8507,"dependent"
48,8508,"dependent"
52,8509,"dependent"
50,8510,"dependent"
50,8511,"dependent"
52,8512,"dependent"
50,8513,"dependent"
52,8514,"dependent"
52,8515,"dependent"
52,8516,"dependent"
52,8517,"dependent"
52,8518,"dependent"
50,8519,"dependent"
52,8520,"dependent"
52,8521,"dependent"
52,8522,"dependent"
52,8523,"dependent"
50,8524,"dependent"
52,8525,"dependent"
50,8526,"dependent"
52,8527,"dependent"
50,8528,"dependent"
50,8529,"dependent"
52,8530,"dependent"
50,8531,"dependent"
48,8532,"dependent"
52,8533,"dependent"
52,8534,"dependent"
50,8535,"dependent"
52,8536,"dependent"
52,8537,"dependent"
52,8538,"dependent"
48,8539,"dependent"
52,8540,"dependent"
48,8541,"dependent"
50,8542,"dependent"
50,8543,"dependent"
50,8544,"dependent"
50,8545,"dependent"
52,8546,"dependent"
52,8547,"dependent"
50,8548,"dependent"
48,8549,"dependent"
50,8550,"dependent"
52,8551,"dependent"
52,8552,"dependent"
52,8553,"dependent"
52,8554,"dependent"
52,8555,"dependent"
52,8556,"dependent"
52,8557,"dependent"
52,8558,"dependent"
52,8559,"dependent"
52,8560,"dependent"
50,8561,"dependent"
52,8562,"dependent"
50,8563,"dependent"
52,8564,"dependent"
50,8565,"dependent"
50,8566,"dependent"
52,8567,"dependent"
52,8568,"dependent"
52,8569,"dependent"
52,8570,"dependent"
52,8571,"dependent"
52,8572,"dependent"
52,8573,"dependent"
52,8574,"dependent"
50,8575,"dependent"
52,8576,"dependent"
52,8577,"dependent"
50,8578,"dependent"
52,8579,"dependent"
50,8580,"dependent"
52,8581,"dependent"
50,8582,"dependent"
50,8583,"dependent"
48,8584,"dependent"
52,8585,"dependent"
52,8586,"dependent"
50,8587,"dependent"
52,8588,"dependent"
50,8589,"dependent"
52,8590,"dependent"
52,8591,"dependent"
52,8592,"dependent"
52,8593,"dependent"
52,8594,"dependent"
50,8595,"dependent"
52,8596,"dependent"
50,8597,"dependent"
52,8598,"dependent"
52,8599,"dependent"
52,8600,"dependent"
52,8601,"dependent"
46,8602,"dependent"
48,8603,"dependent"
46,8604,"dependent"
48,8605,"dependent"
52,8606,"dependent"
52,8607,"dependent"
52,8608,"dependent"
52,8609,"dependent"
50,8610,"dependent"
52,8611,"dependent"
52,8612,"dependent"
52,8613,"dependent"
52,8614,"dependent"
52,8615,"dependent"
52,8616,"dependent"
52,8617,"dependent"
52,8618,"dependent"
50,8619,"dependent"
52,8620,"dependent"
52,8621,"dependent"
48,8622,"dependent"
52,8623,"dependent"
50,8624,"dependent"
50,8625,"dependent"
52,8626,"dependent"
50,8627,"dependent"
52,8628,"dependent"
52,8629,"dependent"
46,8630,"dependent"
50,8631,"dependent"
52,8632,"dependent"
52,8633,"dependent"
52,8634,"dependent"
48,8635,"dependent"
52,8636,"dependent"
52,8637,"dependent"
52,8638,"dependent"
52,8639,"dependent"
52,8640,"dependent"
50,8641,"dependent"
52,8642,"dependent"
52,8643,"dependent"
52,8644,"dependent"
52,8645,"dependent"
52,8646,"dependent"
52,8647,"dependent"
52,8648,"dependent"
52,8649,"dependent"
52,8650,"dependent"
50,8651,"dependent"
52,8652,"dependent"
50,8653,"dependent"
52,8654,"dependent"
50,8655,"dependent"
52,8656,"dependent"
50,8657,"dependent"
50,8658,"dependent"
52,8659,"dependent"
52,8660,"dependent"
52,8661,"dependent"
48,8662,"dependent"
50,8663,"dependent"
52,8664,"dependent"
52,8665,"dependent"
52,8666,"dependent"
52,8667,"dependent"
50,8668,"dependent"
52,8669,"dependent"
52,8670,"dependent"
52,8671,"dependent"
50,8672,"dependent"
50,8673,"dependent"
52,8674,"dependent"
50,8675,"dependent"
52,8676,"dependent"
48,8677,"dependent"
48,8678,"dependent"
52,8679,"dependent"
48,8680,"dependent"
50,8681,"dependent"
52,8682,"dependent"
52,8683,"dependent"
52,8684,"dependent"
48,8685,"dependent"
48,8686,"dependent"
50,8687,"dependent"
50,8688,"dependent"
52,8689,"dependent"
50,8690,"dependent"
52,8691,"dependent"
50,8692,"dependent"
52,8693,"dependent"
50,8694,"dependent"
48,8695,"dependent"
50,8696,"dependent"
52,8697,"dependent"
52,8698,"dependent"
50,8699,"dependent"
52,8700,"dependent"
50,8701,"dependent"
52,8702,"dependent"
52,8703,"dependent"
52,8704,"dependent"
52,8705,"dependent"
52,8706,"dependent"
48,8707,"dependent"
52,8708,"dependent"
52,8709,"dependent"
52,8710,"dependent"
52,8711,"dependent"
52,8712,"dependent"
52,8713,"dependent"
46,8714,"dependent"
52,8715,"dependent"
50,8716,"dependent"
48,8717,"dependent"
52,8718,"dependent"
52,8719,"dependent"
50,8720,"dependent"
50,8721,"dependent"
52,8722,"dependent"
50,8723,"dependent"
52,8724,"dependent"
50,8725,"dependent"
52,8726,"dependent"
44,8727,"dependent"
52,8728,"dependent"
48,8729,"dependent"
52,8730,"dependent"
52,8731,"dependent"
52,8732,"dependent"
52,8733,"dependent"
50,8734,"dependent"
50,8735,"dependent"
52,8736,"dependent"
50,8737,"dependent"
50,8738,"dependent"
52,8739,"dependent"
50,8740,"dependent"
52,8741,"dependent"
50,8742,"dependent"
50,8743,"dependent"
52,8744,"dependent"
52,8745,"dependent"
52,8746,"dependent"
50,8747,"dependent"
50,8748,"dependent"
50,8749,"dependent"
52,8750,"dependent"
50,8751,"dependent"
50,8752,"dependent"
48,8753,"dependent"
52,8754,"dependent"
50,8755,"dependent"
52,8756,"dependent"
50,8757,"dependent"
50,8758,"dependent"
52,8759,"dependent"
50,8760,"dependent"
50,8761,"dependent"
52,8762,"dependent"
52,8763,"dependent"
50,8764,"dependent"
52,8765,"dependent"
52,8766,"dependent"
50,8767,"dependent"
50,8768,"dependent"
52,8769,"dependent"
48,8770,"dependent"
52,8771,"dependent"
50,8772,"dependent"
48,8773,"dependent"
52,8774,"dependent"
50,8775,"dependent"
50,8776,"dependent"
52,8777,"dependent"
52,8778,"dependent"
50,8779,"dependent"
52,8780,"dependent"
50,8781,"dependent"
50,8782,"dependent"
48,8783,"dependent"
50,8784,"dependent"
52,8785,"dependent"
48,8786,"dependent"
52,8787,"dependent"
52,8788,"dependent"
50,8789,"dependent"
50,8790,"dependent"
50,8791,"dependent"
52,8792,"dependent"
52,8793,"dependent"
52,8794,"dependent"
52,8795,"dependent"
52,8796,"dependent"
48,8797,"dependent"
52,8798,"dependent"
52,8799,"dependent"
52,8800,"dependent"
52,8801,"dependent"
52,8802,"dependent"
52,8803,"dependent"
52,8804,"dependent"
46,8805,"dependent"
48,8806,"dependent"
50,8807,"dependent"
50,8808,"dependent"
50,8809,"dependent"
44,8810,"dependent"
50,8811,"dependent"
52,8812,"dependent"
50,8813,"dependent"
52,8814,"dependent"
52,8815,"dependent"
52,8816,"dependent"
50,8817,"dependent"
52,8818,"dependent"
52,8819,"dependent"
50,8820,"dependent"
50,8821,"dependent"
52,8822,"dependent"
50,8823,"dependent"
52,8824,"dependent"
52,8825,"dependent"
48,8826,"dependent"
50,8827,"dependent"
50,8828,"dependent"
52,8829,"dependent"
52,8830,"dependent"
52,8831,"dependent"
52,8832,"dependent"
52,8833,"dependent"
52,8834,"dependent"
50,8835,"dependent"
52,8836,"dependent"
52,8837,"dependent"
52,8838,"dependent"
50,8839,"dependent"
52,8840,"dependent"
52,8841,"dependent"
50,8842,"dependent"
48,8843,"dependent"
52,8844,"dependent"
52,8845,"dependent"
52,8846,"dependent"
46,8847,"dependent"
52,8848,"dependent"
52,8849,"dependent"
46,8850,"dependent"
48,8851,"dependent"
48,8852,"dependent"
50,8853,"dependent"
50,8854,"dependent"
50,8855,"dependent"
48,8856,"dependent"
52,8857,"dependent"
52,8858,"dependent"
52,8859,"dependent"
52,8860,"dependent"
50,8861,"dependent"
52,8862,"dependent"
48,8863,"dependent"
50,8864,"dependent"
52,8865,"dependent"
50,8866,"dependent"
50,8867,"dependent"
50,8868,"dependent"
50,8869,"dependent"
48,8870,"dependent"
48,8871,"dependent"
50,8872,"dependent"
50,8873,"dependent"
50,8874,"dependent"
52,8875,"dependent"
52,8876,"dependent"
52,8877,"dependent"
52,8878,"dependent"
52,8879,"dependent"
52,8880,"dependent"
52,8881,"dependent"
52,8882,"dependent"
52,8883,"dependent"
52,8884,"dependent"
50,8885,"dependent"
52,8886,"dependent"
52,8887,"dependent"
52,8888,"dependent"
52,8889,"dependent"
50,8890,"dependent"
50,8891,"dependent"
52,8892,"dependent"
52,8893,"dependent"
50,8894,"dependent"
52,8895,"dependent"
52,8896,"dependent"
48,8897,"dependent"
46,8898,"dependent"
52,8899,"dependent"
50,8900,"dependent"
52,8901,"dependent"
50,8902,"dependent"
52,8903,"dependent"
50,8904,"dependent"
52,8905,"dependent"
52,8906,"dependent"
50,8907,"dependent"
52,8908,"dependent"
52,8909,"dependent"
52,8910,"dependent"
48,8911,"dependent"
50,8912,"dependent"
50,8913,"dependent"
46,8914,"dependent"
48,8915,"dependent"
50,8916,"dependent"
52,8917,"dependent"
52,8918,"dependent"
50,8919,"dependent"
52,8920,"dependent"
48,8921,"dependent"
52,8922,"dependent"
48,8923,"dependent"
52,8924,"dependent"
52,8925,"dependent"
52,8926,"dependent"
52,8927,"dependent"
48,8928,"dependent"
52,8929,"dependent"
50,8930,"dependent"
52,8931,"dependent"
50,8932,"dependent"
52,8933,"dependent"
52,8934,"dependent"
52,8935,"dependent"
46,8936,"dependent"
52,8937,"dependent"
48,8938,"dependent"
52,8939,"dependent"
52,8940,"dependent"
52,8941,"dependent"
52,8942,"dependent"
52,8943,"dependent"
50,8944,"dependent"
48,8945,"dependent"
52,8946,"dependent"
48,8947,"dependent"
50,8948,"dependent"
50,8949,"dependent"
50,8950,"dependent"
52,8951,"dependent"
50,8952,"dependent"
50,8953,"dependent"
48,8954,"dependent"
50,8955,"dependent"
52,8956,"dependent"
52,8957,"dependent"
52,8958,"dependent"
52,8959,"dependent"
50,8960,"dependent"
48,8961,"dependent"
52,8962,"dependent"
52,8963,"dependent"
52,8964,"dependent"
50,8965,"dependent"
52,8966,"dependent"
52,8967,"dependent"
50,8968,"dependent"
50,8969,"dependent"
52,8970,"dependent"
52,8971,"dependent"
50,8972,"dependent"
52,8973,"dependent"
48,8974,"dependent"
52,8975,"dependent"
48,8976,"dependent"
52,8977,"dependent"
46,8978,"dependent"
52,8979,"dependent"
52,8980,"dependent"
52,8981,"dependent"
52,8982,"dependent"
52,8983,"dependent"
52,8984,"dependent"
50,8985,"dependent"
50,8986,"dependent"
52,8987,"dependent"
50,8988,"dependent"
50,8989,"dependent"
52,8990,"dependent"
50,8991,"dependent"
52,8992,"dependent"
50,8993,"dependent"
52,8994,"dependent"
50,8995,"dependent"
52,8996,"dependent"
52,8997,"dependent"
52,8998,"dependent"
52,8999,"dependent"
52,9000,"dependent"
52,9001,"dependent"
